# unix_time, cycles_done, cur_path, paths_total, pending_total, pending_favs, map_size, unique_crashes, unique_hangs, max_depth, execs_per_sec
1775217142, 0, 0, 1, 1, 1, 0.33%, 0, 0, 1, 888.89
1775217147, 0, 43, 87, 82, 14, 0.53%, 0, 0, 2, 1998.21
1775217152, 0, 68, 118, 109, 11, 0.53%, 0, 0, 3, 2197.52
1775217157, 0, 114, 160, 141, 4, 0.53%, 0, 0, 3, 2234.00
1775217162, 0, 154, 180, 157, 0, 0.53%, 0, 0, 3, 2162.05
1775217167, 0, 171, 195, 169, 0, 0.53%, 0, 0, 4, 2150.06
1775217172, 1, 196, 197, 159, 1, 0.53%, 0, 0, 4, 2170.14
1775217177, 2, 45, 199, 153, 0, 0.53%, 0, 0, 4, 2151.44
1775217183, 2, 87, 204, 149, 0, 0.53%, 0, 0, 4, 2089.69
1775217188, 2, 124, 210, 144, 0, 0.53%, 0, 0, 4, 2045.49
1775217193, 2, 162, 219, 141, 0, 0.53%, 0, 0, 4, 2038.48
1775217198, 2, 196, 220, 133, 0, 0.53%, 0, 0, 4, 2027.82
1775217203, 2, 218, 225, 135, 0, 0.53%, 0, 0, 4, 2016.34
1775217208, 3, 47, 228, 129, 0, 0.53%, 0, 0, 4, 1989.77
1775217213, 3, 129, 238, 129, 0, 0.53%, 0, 0, 4, 2013.88
1775217218, 3, 196, 241, 124, 0, 0.53%, 0, 0, 4, 1988.94
1775217223, 3, 217, 244, 121, 0, 0.53%, 0, 0, 4, 2008.26
1775217228, 3, 241, 248, 123, 0, 0.53%, 0, 0, 4, 1994.29
1775217234, 4, 22, 253, 121, 0, 0.53%, 0, 0, 4, 1968.80
1775217239, 4, 80, 253, 114, 0, 0.53%, 0, 0, 4, 2004.63
1775217244, 4, 127, 258, 113, 0, 0.53%, 0, 0, 4, 1983.16
1775217249, 4, 185, 259, 104, 0, 0.53%, 0, 0, 4, 1995.04
1775217254, 4, 220, 259, 98, 0, 0.53%, 0, 0, 4, 1997.92
1775217259, 4, 257, 261, 95, 0, 0.53%, 0, 0, 4, 1971.58
1775217264, 5, 57, 263, 91, 0, 0.53%, 0, 0, 4, 2007.58
1775217269, 5, 111, 266, 90, 0, 0.53%, 0, 0, 4, 1986.12
1775217275, 5, 183, 267, 85, 0, 0.53%, 0, 0, 4, 1993.17
1775217280, 5, 231, 268, 81, 0, 0.53%, 0, 0, 5, 1955.33
1775217285, 5, 253, 268, 76, 0, 0.53%, 0, 0, 5, 1943.65
1775217290, 5, 265, 269, 73, 0, 0.53%, 0, 0, 5, 1910.96
1775217295, 6, 49, 270, 70, 0, 0.53%, 0, 0, 5, 1940.68
1775217300, 6, 108, 271, 67, 0, 0.53%, 0, 0, 5, 1977.15
1775217305, 6, 227, 273, 65, 0, 0.53%, 0, 0, 5, 1981.81
1775217310, 6, 267, 273, 61, 0, 0.53%, 0, 0, 5, 2007.42
1775217315, 7, 86, 273, 58, 0, 0.53%, 0, 0, 5, 2064.42
1775217320, 7, 146, 273, 54, 0, 0.53%, 0, 0, 5, 2062.33
1775217325, 7, 234, 274, 50, 0, 0.53%, 0, 0, 5, 2093.24
1775217330, 7, 269, 274, 47, 0, 0.53%, 0, 0, 5, 2132.13
1775217335, 7, 271, 277, 48, 0, 0.53%, 0, 0, 5, 2094.30
1775217340, 8, 6, 280, 48, 0, 0.53%, 0, 0, 5, 2095.31
1775217345, 8, 86, 282, 45, 0, 0.53%, 0, 0, 5, 2190.18
1775217351, 8, 196, 286, 47, 0, 0.53%, 0, 0, 5, 2181.47
1775217356, 8, 273, 286, 42, 0, 0.53%, 0, 0, 5, 2189.83
1775217361, 8, 285, 289, 42, 0, 0.53%, 0, 0, 5, 2153.20
1775217366, 8, 286, 293, 45, 0, 0.53%, 0, 0, 5, 2120.21
1775217371, 8, 293, 294, 44, 0, 0.53%, 0, 0, 5, 2179.78
1775217376, 9, 100, 295, 42, 0, 0.53%, 0, 0, 5, 2167.00
1775217381, 9, 192, 297, 42, 0, 0.53%, 0, 0, 5, 2142.11
1775217386, 9, 239, 297, 39, 0, 0.53%, 0, 0, 5, 2123.69
1775217392, 9, 287, 297, 36, 0, 0.53%, 0, 0, 5, 2135.60
1775217397, 9, 292, 297, 34, 0, 0.53%, 0, 0, 5, 2155.26
1775217402, 10, 80, 298, 33, 0, 0.53%, 0, 0, 5, 2169.45
1775217407, 10, 166, 300, 34, 0, 0.53%, 0, 0, 5, 2161.80
1775217412, 10, 264, 300, 32, 0, 0.53%, 0, 0, 5, 2075.36
1775217417, 10, 296, 300, 30, 0, 0.53%, 0, 0, 5, 2128.98
1775217422, 11, 72, 304, 31, 0, 0.53%, 0, 0, 5, 2152.61
1775217427, 11, 166, 304, 31, 0, 0.53%, 0, 0, 5, 2137.65
1775217432, 11, 213, 304, 30, 0, 0.53%, 0, 0, 5, 2115.79
1775217438, 11, 289, 304, 28, 0, 0.53%, 0, 0, 5, 2117.76
1775217443, 11, 303, 305, 27, 0, 0.53%, 0, 0, 5, 2090.63
1775217448, 12, 86, 305, 24, 0, 0.53%, 0, 0, 5, 2116.07
1775217453, 12, 173, 305, 24, 0, 0.53%, 0, 0, 5, 2107.22
1775217458, 12, 265, 305, 22, 0, 0.53%, 0, 0, 5, 2048.62
1775217463, 12, 304, 306, 20, 0, 0.53%, 0, 0, 5, 1871.65
1775217468, 13, 88, 307, 19, 0, 0.53%, 0, 0, 5, 2049.18
1775217473, 13, 196, 308, 18, 0, 0.53%, 0, 0, 5, 2120.13
1775217479, 13, 291, 308, 17, 0, 0.53%, 0, 0, 5, 2144.42
1775217484, 13, 298, 309, 17, 0, 0.53%, 0, 0, 5, 2157.84
1775217489, 14, 86, 310, 17, 0, 0.53%, 0, 0, 5, 2122.90
1775217494, 14, 166, 310, 17, 0, 0.53%, 0, 0, 5, 2131.89
1775217499, 14, 256, 310, 17, 0, 0.53%, 0, 0, 5, 2118.14
1775217504, 14, 300, 310, 15, 0, 0.53%, 0, 0, 5, 2118.25
1775217509, 15, 36, 310, 14, 0, 0.53%, 0, 0, 5, 2143.22
1775217514, 15, 111, 310, 14, 0, 0.53%, 0, 0, 5, 2144.96
1775217519, 15, 228, 310, 13, 0, 0.53%, 0, 0, 5, 2122.30
1775217524, 15, 309, 310, 11, 0, 0.53%, 0, 0, 5, 2193.26
1775217529, 16, 86, 310, 10, 0, 0.53%, 0, 0, 5, 2154.91
1775217535, 16, 206, 310, 9, 0, 0.53%, 0, 0, 5, 2163.62
1775217540, 16, 289, 310, 8, 0, 0.53%, 0, 0, 5, 2130.58
1775217545, 16, 306, 310, 7, 0, 0.53%, 0, 0, 5, 2172.32
1775217550, 17, 22, 311, 6, 0, 0.53%, 0, 0, 5, 2175.53
1775217555, 17, 93, 311, 6, 0, 0.53%, 0, 0, 5, 2162.67
1775217560, 17, 275, 311, 6, 0, 0.53%, 0, 0, 5, 2131.19
1775217565, 18, 80, 317, 11, 0, 0.53%, 0, 0, 5, 2137.38
1775217571, 18, 147, 319, 13, 0, 0.53%, 0, 0, 5, 2136.25
1775217576, 18, 263, 319, 12, 0, 0.53%, 0, 0, 5, 2114.69
1775217581, 19, 63, 319, 12, 0, 0.53%, 0, 0, 5, 2066.43
1775217586, 19, 147, 319, 12, 0, 0.53%, 0, 0, 5, 2101.44
1775217591, 19, 312, 319, 12, 0, 0.53%, 0, 0, 5, 2003.78
1775217596, 20, 76, 319, 11, 0, 0.53%, 0, 0, 5, 2082.75
1775217602, 20, 166, 319, 11, 0, 0.53%, 0, 0, 5, 2117.60
1775217607, 20, 311, 319, 9, 0, 0.53%, 0, 0, 5, 2059.47
1775217612, 21, 63, 319, 6, 0, 0.53%, 0, 0, 5, 2096.95
1775217617, 21, 137, 319, 6, 0, 0.53%, 0, 0, 5, 2112.31
1775217622, 22, 31, 319, 6, 0, 0.53%, 0, 0, 5, 2133.34
1775217627, 22, 100, 319, 5, 0, 0.53%, 0, 0, 5, 2161.68
1775217632, 22, 215, 319, 5, 0, 0.53%, 0, 0, 5, 2150.31
1775217638, 22, 281, 319, 4, 0, 0.53%, 0, 0, 5, 2212.22
1775217643, 23, 62, 319, 3, 0, 0.53%, 0, 0, 5, 2177.16
1775217648, 23, 147, 319, 3, 0, 0.53%, 0, 0, 5, 2199.50
1775217653, 23, 316, 319, 3, 0, 0.53%, 0, 0, 5, 2190.03
1775217658, 24, 93, 319, 2, 0, 0.53%, 0, 0, 5, 2227.06
1775217663, 24, 290, 319, 2, 0, 0.53%, 0, 0, 5, 2224.21
1775217669, 25, 80, 319, 2, 0, 0.53%, 0, 0, 5, 2188.20
1775217674, 25, 151, 319, 2, 0, 0.53%, 0, 0, 5, 2243.94
1775217679, 25, 298, 319, 2, 0, 0.53%, 0, 0, 5, 2227.47
1775217684, 26, 80, 319, 2, 0, 0.53%, 0, 0, 5, 2199.99
1775217689, 26, 156, 319, 2, 0, 0.53%, 0, 0, 5, 2189.31
1775217694, 26, 280, 319, 2, 0, 0.53%, 0, 0, 5, 2198.69
1775217699, 27, 63, 319, 1, 0, 0.53%, 0, 0, 5, 2230.03
1775217704, 27, 104, 319, 1, 0, 0.53%, 0, 0, 5, 2193.44
1775217709, 27, 294, 319, 1, 0, 0.53%, 0, 0, 5, 2187.93
1775217714, 28, 60, 319, 1, 0, 0.53%, 0, 0, 5, 2247.96
1775217720, 28, 134, 319, 1, 0, 0.53%, 0, 0, 5, 2191.95
1775217725, 28, 270, 319, 1, 0, 0.53%, 0, 0, 5, 2234.63
1775217730, 28, 305, 319, 1, 0, 0.53%, 0, 0, 5, 2184.94
1775217735, 29, 89, 319, 1, 0, 0.53%, 0, 0, 5, 2220.76
1775217740, 29, 153, 319, 1, 0, 0.53%, 0, 0, 5, 2223.90
1775217745, 29, 256, 327, 9, 0, 0.54%, 0, 0, 5, 2230.24
1775217750, 29, 321, 343, 25, 2, 0.54%, 0, 0, 5, 454.38
1775217755, 29, 321, 345, 27, 2, 0.54%, 0, 0, 5, 914.70
1775217761, 29, 325, 348, 29, 5, 0.54%, 0, 0, 5, 1596.19
1775217766, 29, 343, 353, 33, 4, 0.54%, 0, 0, 5, 1228.52
1775217771, 29, 349, 354, 32, 4, 0.54%, 0, 0, 5, 1405.17
1775217776, 29, 353, 354, 30, 1, 0.54%, 0, 0, 5, 1276.13
1775217781, 30, 16, 358, 32, 0, 0.54%, 0, 0, 5, 1951.66
1775217786, 30, 137, 358, 32, 0, 0.54%, 0, 0, 5, 2169.12
1775217792, 30, 298, 359, 33, 0, 0.54%, 0, 0, 5, 2157.56
1775217797, 30, 324, 360, 32, 0, 0.54%, 0, 0, 5, 2100.91
1775217802, 30, 338, 361, 31, 0, 0.54%, 0, 0, 5, 544.38
1775217807, 30, 350, 365, 34, 0, 0.54%, 0, 0, 5, 1667.43
1775217812, 30, 353, 365, 33, 0, 0.54%, 0, 0, 5, 1390.54
1775217817, 31, 43, 366, 33, 0, 0.54%, 0, 0, 5, 1982.97
1775217822, 31, 147, 367, 34, 0, 0.54%, 0, 0, 5, 2106.78
1775217828, 31, 330, 367, 34, 0, 0.54%, 0, 0, 5, 1474.22
1775217833, 31, 337, 367, 32, 0, 0.54%, 0, 0, 5, 1362.28
1775217838, 31, 340, 367, 31, 0, 0.54%, 0, 0, 5, 860.46
1775217843, 31, 344, 367, 29, 0, 0.54%, 0, 0, 5, 291.26
1775217853, 31, 349, 367, 26, 0, 0.54%, 0, 0, 5, 1861.56
1775217858, 31, 371, 378, 37, 1, 0.54%, 0, 0, 5, 1803.24
1775217863, 31, 372, 379, 37, 0, 0.54%, 0, 0, 5, 1670.12
1775217868, 31, 379, 381, 37, 1, 0.54%, 0, 0, 5, 1422.96
1775217873, 31, 379, 384, 40, 1, 0.54%, 0, 0, 5, 1534.54
1775217878, 32, 79, 384, 38, 0, 0.54%, 0, 0, 5, 1813.99
1775217883, 32, 278, 385, 39, 0, 0.54%, 0, 0, 5, 2013.45
1775217888, 32, 331, 385, 38, 0, 0.54%, 0, 0, 5, 1509.07
1775217893, 32, 349, 385, 36, 0, 0.54%, 0, 0, 5, 925.64
1775217898, 32, 354, 385, 36, 0, 0.54%, 0, 0, 5, 1022.31
1775217904, 32, 367, 385, 34, 0, 0.54%, 0, 0, 5, 1638.23
1775217909, 32, 375, 385, 32, 0, 0.54%, 0, 0, 5, 1647.91
1775217914, 32, 379, 385, 30, 0, 0.54%, 0, 0, 5, 1587.02
1775217919, 32, 384, 385, 29, 0, 0.54%, 0, 0, 5, 1010.11
1775217924, 33, 100, 385, 28, 0, 0.54%, 0, 0, 5, 1837.89
1775217929, 33, 246, 385, 28, 0, 0.54%, 0, 0, 5, 2041.97
1775217934, 33, 326, 385, 28, 0, 0.54%, 0, 0, 5, 2152.36
1775217939, 33, 354, 385, 27, 0, 0.54%, 0, 0, 5, 1800.95
1775217944, 33, 361, 385, 26, 0, 0.54%, 0, 0, 5, 1970.73
1775217950, 33, 376, 385, 24, 0, 0.54%, 0, 0, 5, 1657.99
1775217955, 33, 383, 385, 23, 0, 0.54%, 0, 0, 5, 1042.11
1775217960, 34, 116, 385, 22, 0, 0.54%, 0, 0, 5, 1878.28
1775217965, 34, 269, 385, 22, 0, 0.54%, 0, 0, 5, 2099.46
1775217970, 34, 334, 385, 22, 0, 0.54%, 0, 0, 5, 1915.25
1775217975, 34, 336, 385, 20, 0, 0.54%, 0, 0, 5, 1276.82
1775217980, 34, 345, 385, 19, 0, 0.54%, 0, 0, 5, 1152.46
1775217986, 34, 357, 385, 18, 0, 0.54%, 0, 0, 5, 1844.72
1775217991, 34, 360, 385, 18, 0, 0.54%, 0, 0, 5, 1107.07
1775217996, 34, 377, 385, 15, 0, 0.54%, 0, 0, 5, 1356.21
1775218001, 35, 79, 385, 14, 0, 0.54%, 0, 0, 5, 1834.55
1775218006, 35, 205, 385, 14, 0, 0.54%, 0, 0, 5, 2087.69
1775218011, 35, 319, 385, 13, 0, 0.54%, 0, 0, 5, 2115.32
1775218016, 35, 352, 385, 12, 0, 0.54%, 0, 0, 5, 2131.79
1775218021, 35, 364, 385, 11, 0, 0.54%, 0, 0, 5, 1552.02
1775218026, 35, 381, 386, 11, 0, 0.54%, 0, 0, 5, 1414.58
1775218031, 36, 79, 386, 9, 0, 0.54%, 0, 0, 5, 1710.96
1775218036, 36, 196, 386, 9, 0, 0.54%, 0, 0, 5, 1943.04
1775218042, 36, 297, 386, 9, 0, 0.54%, 0, 0, 5, 1907.78
1775218047, 36, 322, 386, 9, 0, 0.54%, 0, 0, 5, 1858.00
1775218052, 36, 353, 386, 9, 0, 0.54%, 0, 0, 5, 1805.71
1775218057, 36, 354, 386, 9, 0, 0.54%, 0, 0, 5, 1555.87
1775218062, 36, 371, 387, 9, 0, 0.54%, 0, 0, 5, 1705.72
1775218067, 37, 52, 387, 9, 0, 0.54%, 0, 0, 5, 1836.44
1775218072, 37, 164, 387, 9, 0, 0.54%, 0, 0, 5, 1910.22
1775218077, 37, 307, 387, 9, 0, 0.54%, 0, 0, 5, 2004.67
1775218082, 37, 354, 387, 9, 0, 0.54%, 0, 0, 5, 1882.36
1775218087, 38, 11, 387, 9, 0, 0.54%, 0, 0, 5, 1861.22
1775218092, 38, 126, 387, 9, 0, 0.54%, 0, 0, 5, 1976.70
1775218097, 38, 262, 387, 9, 0, 0.54%, 0, 0, 5, 2027.04
1775218102, 38, 341, 387, 9, 0, 0.54%, 0, 0, 5, 1924.40
1775218108, 38, 354, 387, 8, 0, 0.54%, 0, 0, 5, 1500.50
1775218113, 38, 362, 387, 7, 0, 0.54%, 0, 0, 5, 1808.45
1775218118, 38, 382, 387, 6, 0, 0.54%, 0, 0, 5, 1853.06
1775218123, 39, 86, 387, 6, 0, 0.54%, 0, 0, 5, 1985.02
1775218128, 39, 198, 387, 6, 0, 0.54%, 0, 0, 5, 2083.14
1775218133, 39, 327, 387, 6, 0, 0.54%, 0, 0, 5, 389.42
1775218138, 39, 349, 387, 5, 0, 0.54%, 0, 0, 5, 1387.10
1775218143, 39, 371, 387, 5, 0, 0.54%, 0, 0, 5, 1764.89
1775218149, 40, 37, 387, 4, 0, 0.54%, 0, 0, 5, 1685.12
1775218154, 40, 152, 387, 4, 0, 0.54%, 0, 0, 5, 1933.64
1775218159, 40, 329, 387, 4, 0, 0.54%, 0, 0, 5, 1948.95
1775218164, 40, 354, 387, 3, 0, 0.54%, 0, 0, 5, 1342.03
1775218169, 40, 371, 387, 2, 0, 0.54%, 0, 0, 5, 1315.16
1775218174, 41, 111, 387, 2, 0, 0.54%, 0, 0, 5, 1881.09
1775218179, 41, 334, 387, 2, 0, 0.54%, 0, 0, 5, 2038.41
1775218185, 41, 381, 387, 2, 0, 0.54%, 0, 0, 5, 1909.30
1775218190, 42, 63, 387, 2, 0, 0.54%, 0, 0, 5, 1904.04
1775218195, 42, 192, 387, 2, 0, 0.54%, 0, 0, 5, 2061.56
1775218200, 42, 324, 387, 1, 0, 0.54%, 0, 0, 5, 2061.71
1775218205, 42, 358, 387, 1, 0, 0.54%, 0, 0, 5, 2019.13
1775218210, 43, 51, 387, 1, 0, 0.54%, 0, 0, 5, 1991.46
1775218215, 43, 196, 387, 1, 0, 0.54%, 0, 0, 5, 2072.36
1775218220, 43, 334, 387, 1, 0, 0.54%, 0, 0, 5, 1877.81
1775218225, 43, 355, 387, 1, 0, 0.54%, 0, 0, 5, 959.16
1775218231, 44, 79, 387, 0, 0, 0.54%, 0, 0, 5, 1711.10
1775218236, 44, 222, 387, 0, 0, 0.54%, 0, 0, 5, 1939.06
1775218241, 44, 325, 387, 0, 0, 0.54%, 0, 0, 5, 1971.16
1775218246, 44, 371, 387, 0, 0, 0.54%, 0, 0, 5, 1839.86
1775218251, 45, 80, 387, 0, 0, 0.54%, 0, 0, 5, 1965.15
1775218256, 45, 240, 387, 0, 0, 0.54%, 0, 0, 5, 2006.05
1775218261, 45, 336, 387, 0, 0, 0.54%, 0, 0, 5, 1930.20
1775218267, 46, 91, 387, 0, 0, 0.54%, 0, 0, 5, 1945.13
1775218272, 46, 241, 387, 0, 0, 0.54%, 0, 0, 5, 2015.46
1775218277, 46, 371, 387, 0, 0, 0.54%, 0, 0, 5, 1862.42
1775218282, 47, 91, 387, 0, 0, 0.54%, 0, 0, 5, 1985.70
1775218287, 47, 279, 387, 0, 0, 0.54%, 0, 0, 5, 2019.73
1775218292, 47, 346, 387, 0, 0, 0.54%, 0, 0, 5, 1852.96
1775218297, 47, 360, 387, 0, 0, 0.54%, 0, 0, 5, 1776.61
1775218302, 48, 67, 387, 0, 0, 0.54%, 0, 0, 5, 1932.39
1775218307, 48, 180, 387, 0, 0, 0.54%, 0, 0, 5, 2040.37
1775218312, 48, 304, 387, 0, 0, 0.54%, 0, 0, 5, 2037.57
1775218317, 48, 346, 387, 0, 0, 0.54%, 0, 0, 5, 1971.31
1775218322, 49, 63, 387, 0, 0, 0.54%, 0, 0, 5, 1919.67
1775218327, 49, 173, 387, 0, 0, 0.54%, 0, 0, 5, 2073.90
1775218332, 49, 300, 387, 0, 0, 0.54%, 0, 0, 5, 2097.39
1775218337, 49, 357, 387, 0, 0, 0.54%, 0, 0, 5, 1932.50
1775218343, 50, 31, 387, 0, 0, 0.54%, 0, 0, 5, 1934.36
1775218348, 50, 160, 387, 0, 0, 0.54%, 0, 0, 5, 2065.55
1775218353, 50, 317, 387, 0, 0, 0.54%, 0, 0, 5, 2001.03
1775218358, 50, 350, 387, 0, 0, 0.54%, 0, 0, 5, 1930.83
1775218363, 51, 79, 387, 0, 0, 0.54%, 0, 0, 5, 1917.62
1775218368, 51, 193, 387, 0, 0, 0.54%, 0, 0, 5, 2052.68
1775218373, 51, 328, 388, 1, 0, 0.54%, 0, 0, 5, 1998.11
1775218379, 51, 385, 388, 1, 0, 0.54%, 0, 0, 5, 1928.98
1775218384, 52, 111, 388, 1, 0, 0.54%, 0, 0, 5, 1992.14
1775218389, 52, 345, 388, 1, 0, 0.54%, 0, 0, 5, 1815.42
1775218394, 52, 387, 388, 1, 0, 0.54%, 0, 0, 5, 347.38
1775218399, 52, 387, 390, 3, 0, 0.54%, 0, 0, 6, 765.19
1775218404, 52, 387, 395, 8, 0, 0.54%, 0, 0, 6, 946.49
1775218409, 52, 390, 395, 7, 0, 0.54%, 0, 0, 6, 543.50
1775218414, 52, 391, 395, 6, 0, 0.54%, 0, 0, 6, 555.34
1775218425, 52, 393, 395, 5, 0, 0.54%, 0, 0, 6, 477.42
1775218430, 52, 394, 395, 4, 0, 0.54%, 0, 0, 6, 511.48
1775218435, 53, 63, 395, 3, 0, 0.54%, 0, 0, 6, 1103.54
1775218440, 53, 152, 395, 3, 0, 0.54%, 0, 0, 6, 1555.05
1775218445, 53, 258, 395, 3, 0, 0.54%, 0, 0, 6, 1673.08
1775218450, 53, 341, 396, 4, 0, 0.54%, 0, 0, 6, 1501.76
1775218455, 53, 357, 396, 4, 0, 0.54%, 0, 0, 6, 1640.30
1775218460, 53, 395, 396, 4, 0, 0.54%, 0, 0, 6, 210.47
1775218466, 54, 22, 397, 4, 0, 0.54%, 0, 0, 6, 1864.34
1775218471, 54, 121, 397, 4, 0, 0.54%, 0, 0, 6, 1741.14
1775218476, 54, 323, 397, 4, 0, 0.54%, 0, 0, 6, 1703.85
1775218481, 54, 375, 397, 4, 0, 0.54%, 0, 0, 6, 1552.64
1775218486, 54, 396, 397, 4, 0, 0.54%, 0, 0, 6, 198.69
1775218491, 55, 63, 397, 3, 0, 0.54%, 0, 0, 6, 1668.89
1775218496, 55, 114, 397, 3, 0, 0.54%, 0, 0, 6, 1733.62
1775218501, 55, 241, 397, 3, 0, 0.54%, 0, 0, 6, 1695.60
1775218506, 55, 342, 397, 3, 0, 0.54%, 0, 0, 6, 1527.37
1775218511, 55, 382, 397, 3, 0, 0.54%, 0, 0, 6, 1419.24
1775218516, 55, 392, 397, 3, 0, 0.54%, 0, 0, 6, 202.27
1775218522, 55, 392, 398, 4, 0, 0.54%, 0, 0, 7, 315.81
1775218527, 55, 397, 398, 3, 0, 0.54%, 0, 0, 7, 319.24
1775218532, 55, 397, 401, 6, 0, 0.54%, 0, 0, 8, 514.69
1775218537, 55, 397, 403, 8, 0, 0.54%, 0, 0, 8, 616.86
1775218547, 55, 399, 403, 7, 0, 0.54%, 0, 0, 8, 333.60
1775218553, 55, 400, 403, 6, 0, 0.54%, 0, 0, 8, 466.89
1775218558, 55, 400, 404, 7, 0, 0.54%, 0, 0, 9, 419.57
1775218563, 55, 403, 404, 6, 0, 0.54%, 0, 0, 9, 130.02
1775218578, 55, 403, 407, 9, 0, 0.54%, 0, 0, 10, 330.55
1775218583, 56, 58, 407, 8, 0, 0.54%, 0, 0, 10, 1063.91
1775218588, 56, 114, 407, 8, 0, 0.54%, 0, 0, 10, 1483.60
1775218593, 56, 254, 407, 8, 0, 0.54%, 0, 0, 10, 1632.66
1775218598, 56, 322, 407, 8, 0, 0.54%, 0, 0, 10, 1561.26
1775218604, 56, 349, 407, 8, 0, 0.54%, 0, 0, 10, 1564.65
1775218609, 56, 405, 407, 8, 0, 0.54%, 0, 0, 10, 118.31
1775218624, 56, 405, 408, 9, 0, 0.54%, 0, 0, 11, 180.36
1775218629, 57, 46, 409, 9, 0, 0.54%, 0, 0, 11, 1010.33
1775218634, 57, 138, 409, 9, 0, 0.54%, 0, 0, 11, 1489.28
1775218639, 57, 250, 409, 9, 0, 0.54%, 0, 0, 11, 1557.55
1775218645, 57, 297, 410, 10, 0, 0.54%, 0, 0, 11, 1474.73
1775218650, 57, 334, 411, 11, 0, 0.54%, 0, 0, 11, 1508.91
1775218655, 57, 388, 412, 12, 0, 0.54%, 0, 0, 11, 1120.45
1775218665, 57, 408, 412, 11, 0, 0.54%, 0, 0, 11, 94.49
1775218680, 57, 410, 412, 10, 0, 0.54%, 0, 0, 11, 186.10
1775218691, 57, 411, 412, 9, 0, 0.54%, 0, 0, 11, 90.80
1775218706, 58, 56, 414, 10, 0, 0.54%, 0, 0, 11, 964.15
1775218711, 58, 101, 414, 10, 0, 0.54%, 0, 0, 11, 1499.86
1775218716, 58, 271, 414, 10, 0, 0.54%, 0, 0, 11, 1564.16
1775218721, 58, 315, 414, 10, 0, 0.54%, 0, 0, 11, 1381.02
1775218726, 58, 357, 414, 10, 0, 0.54%, 0, 0, 11, 1391.11
1775218732, 59, 80, 414, 10, 0, 0.54%, 0, 0, 11, 1532.87
1775218737, 59, 147, 414, 10, 0, 0.54%, 0, 0, 11, 1553.64
1775218742, 59, 231, 414, 10, 0, 0.54%, 0, 0, 11, 1592.93
1775218747, 59, 349, 414, 10, 0, 0.54%, 0, 0, 11, 1612.59
1775218752, 59, 369, 414, 10, 0, 0.54%, 0, 0, 11, 1537.93
1775218757, 59, 401, 414, 10, 0, 0.54%, 0, 0, 11, 166.11
1775218772, 59, 409, 414, 9, 0, 0.54%, 0, 0, 11, 91.68
1775218787, 59, 412, 415, 9, 0, 0.54%, 0, 0, 11, 143.12
1775218803, 59, 414, 415, 8, 0, 0.54%, 0, 0, 11, 95.20
1775218818, 60, 63, 415, 7, 0, 0.54%, 0, 0, 11, 1207.10
1775218823, 60, 111, 415, 7, 0, 0.54%, 0, 0, 11, 1510.22
1775218828, 60, 211, 415, 7, 0, 0.54%, 0, 0, 11, 1641.91
1775218833, 60, 287, 415, 7, 0, 0.54%, 0, 0, 11, 1616.57
1775218838, 60, 353, 415, 7, 0, 0.54%, 0, 0, 11, 1591.78
1775218843, 60, 385, 415, 7, 0, 0.54%, 0, 0, 11, 1549.11
1775218849, 60, 398, 415, 7, 0, 0.54%, 0, 0, 11, 206.83
1775218859, 61, 63, 415, 6, 0, 0.54%, 0, 0, 11, 1250.35
1775218864, 61, 122, 415, 6, 0, 0.54%, 0, 0, 11, 1442.58
1775218869, 61, 236, 415, 6, 0, 0.54%, 0, 0, 11, 1458.61
1775218874, 61, 323, 415, 6, 0, 0.54%, 0, 0, 11, 1451.85
1775218879, 61, 345, 415, 6, 0, 0.54%, 0, 0, 11, 1463.49
1775218884, 61, 390, 415, 6, 0, 0.54%, 0, 0, 11, 1446.57
1775218889, 61, 399, 415, 6, 0, 0.54%, 0, 0, 11, 1103.05
1775218895, 61, 404, 415, 6, 0, 0.54%, 0, 0, 11, 136.27
1775218910, 62, 19, 415, 5, 0, 0.54%, 0, 0, 11, 1362.76
1775218915, 62, 80, 415, 5, 0, 0.54%, 0, 0, 11, 1578.67
1775218920, 62, 163, 415, 5, 0, 0.54%, 0, 0, 11, 1596.46
1775218925, 62, 293, 415, 5, 0, 0.54%, 0, 0, 11, 1597.48
1775218930, 62, 322, 415, 5, 0, 0.54%, 0, 0, 11, 1563.77
1775218935, 62, 349, 415, 5, 0, 0.54%, 0, 0, 11, 1409.17
1775218940, 62, 393, 415, 5, 0, 0.54%, 0, 0, 11, 1485.58
1775218946, 62, 402, 415, 5, 0, 0.54%, 0, 0, 11, 207.03
1775218956, 62, 407, 415, 4, 0, 0.54%, 0, 0, 11, 128.26
1775218971, 63, 64, 415, 3, 0, 0.54%, 0, 0, 11, 1708.77
1775218976, 63, 121, 415, 3, 0, 0.54%, 0, 0, 11, 1648.66
1775218981, 63, 196, 415, 3, 0, 0.54%, 0, 0, 11, 1551.50
1775218986, 63, 328, 415, 3, 0, 0.54%, 0, 0, 11, 1509.11
1775218991, 63, 354, 415, 3, 0, 0.54%, 0, 0, 11, 1400.49
1775218996, 63, 385, 415, 3, 0, 0.54%, 0, 0, 11, 1431.54
1775219001, 63, 413, 415, 3, 0, 0.54%, 0, 0, 11, 92.08
1775219017, 64, 79, 415, 2, 0, 0.54%, 0, 0, 11, 1397.23
1775219022, 64, 109, 415, 2, 0, 0.54%, 0, 0, 11, 1540.07
1775219027, 64, 206, 415, 2, 0, 0.54%, 0, 0, 11, 1516.81
1775219032, 64, 324, 415, 2, 0, 0.54%, 0, 0, 11, 1661.20
1775219037, 64, 355, 415, 2, 0, 0.54%, 0, 0, 11, 1426.36
1775219042, 64, 407, 415, 2, 0, 0.54%, 0, 0, 11, 1186.85
1775219047, 65, 86, 415, 2, 0, 0.54%, 0, 0, 11, 1521.00
1775219052, 65, 172, 415, 2, 0, 0.54%, 0, 0, 11, 1596.34
1775219057, 65, 305, 415, 2, 0, 0.54%, 0, 0, 11, 1693.55
1775219062, 66, 22, 415, 2, 0, 0.54%, 0, 0, 11, 1604.65
1775219068, 66, 91, 415, 2, 0, 0.54%, 0, 0, 11, 1608.99
1775219073, 66, 194, 415, 2, 0, 0.54%, 0, 0, 11, 1621.43
1775219078, 66, 299, 415, 2, 0, 0.54%, 0, 0, 11, 1583.63
1775219083, 66, 346, 415, 2, 0, 0.54%, 0, 0, 11, 1585.73
1775219088, 66, 367, 415, 2, 0, 0.54%, 0, 0, 11, 1498.62
1775219093, 66, 389, 415, 2, 0, 0.54%, 0, 0, 11, 839.87
1775219098, 66, 407, 415, 1, 0, 0.54%, 0, 0, 11, 829.58
1775219103, 67, 80, 415, 1, 0, 0.54%, 0, 0, 11, 1455.60
1775219108, 67, 129, 415, 1, 0, 0.54%, 0, 0, 11, 1513.48
1775219113, 67, 196, 415, 1, 0, 0.54%, 0, 0, 11, 1496.37
1775219118, 67, 354, 415, 1, 0, 0.54%, 0, 0, 11, 1516.95
1775219123, 67, 409, 415, 1, 0, 0.54%, 0, 0, 11, 1202.97
1775219128, 68, 86, 415, 1, 0, 0.54%, 0, 0, 11, 1505.99
1775219133, 68, 126, 415, 1, 0, 0.54%, 0, 0, 11, 1615.66
1775219139, 68, 205, 415, 1, 0, 0.54%, 0, 0, 11, 1640.46
1775219144, 68, 349, 415, 1, 0, 0.54%, 0, 0, 11, 1377.41
1775219149, 68, 379, 415, 1, 0, 0.54%, 0, 0, 11, 1310.73
1775219154, 68, 406, 415, 1, 0, 0.54%, 0, 0, 11, 124.34
1775219169, 69, 73, 415, 0, 0, 0.54%, 0, 0, 11, 1765.26
1775219175, 69, 104, 415, 0, 0, 0.54%, 0, 0, 11, 1570.46
1775219180, 69, 188, 415, 0, 0, 0.54%, 0, 0, 11, 1604.82
1775219185, 69, 289, 415, 0, 0, 0.54%, 0, 0, 11, 1461.64
1775219190, 69, 362, 415, 0, 0, 0.54%, 0, 0, 11, 1542.67
1775219195, 70, 4, 415, 0, 0, 0.54%, 0, 0, 11, 1356.34
1775219200, 70, 63, 415, 0, 0, 0.54%, 0, 0, 11, 1495.30
1775219205, 70, 121, 415, 0, 0, 0.54%, 0, 0, 11, 1646.38
1775219210, 70, 196, 415, 0, 0, 0.54%, 0, 0, 11, 1651.91
1775219215, 70, 330, 415, 0, 0, 0.54%, 0, 0, 11, 1467.56
1775219221, 70, 349, 415, 0, 0, 0.54%, 0, 0, 11, 1397.78
1775219226, 70, 372, 415, 0, 0, 0.54%, 0, 0, 11, 1518.03
1775219231, 71, 6, 415, 0, 0, 0.54%, 0, 0, 11, 1418.53
1775219236, 71, 91, 415, 0, 0, 0.54%, 0, 0, 11, 1598.43
1775219241, 71, 211, 415, 0, 0, 0.54%, 0, 0, 11, 1535.13
1775219246, 71, 348, 415, 0, 0, 0.54%, 0, 0, 11, 1560.53
1775219251, 71, 400, 415, 0, 0, 0.54%, 0, 0, 11, 1519.17
1775219256, 72, 63, 415, 0, 0, 0.54%, 0, 0, 11, 1442.08
1775219261, 72, 100, 415, 0, 0, 0.54%, 0, 0, 11, 1563.23
1775219266, 72, 213, 415, 0, 0, 0.54%, 0, 0, 11, 1537.70
1775219271, 72, 349, 415, 0, 0, 0.54%, 0, 0, 11, 1511.17
1775219276, 72, 357, 415, 0, 0, 0.54%, 0, 0, 11, 1528.40
1775219281, 72, 406, 415, 0, 0, 0.54%, 0, 0, 11, 1101.30
1775219287, 73, 86, 415, 0, 0, 0.54%, 0, 0, 11, 1475.89
1775219292, 73, 196, 415, 0, 0, 0.54%, 0, 0, 11, 1569.38
1775219297, 73, 299, 415, 0, 0, 0.54%, 0, 0, 11, 1624.71
1775219302, 73, 332, 415, 0, 0, 0.54%, 0, 0, 11, 1647.72
1775219307, 73, 385, 415, 0, 0, 0.54%, 0, 0, 11, 1595.12
1775219312, 74, 86, 415, 0, 0, 0.54%, 0, 0, 11, 1546.00
1775219317, 74, 157, 415, 0, 0, 0.54%, 0, 0, 11, 1547.00
1775219322, 74, 285, 415, 0, 0, 0.54%, 0, 0, 11, 1599.14
1775219327, 74, 343, 415, 0, 0, 0.54%, 0, 0, 11, 1488.55
1775219333, 74, 362, 415, 0, 0, 0.54%, 0, 0, 11, 1413.76
1775219338, 74, 385, 415, 0, 0, 0.54%, 0, 0, 11, 1305.08
1775219343, 74, 405, 415, 0, 0, 0.54%, 0, 0, 11, 1100.24
1775219348, 75, 36, 415, 0, 0, 0.54%, 0, 0, 11, 1447.10
1775219353, 75, 91, 415, 0, 0, 0.54%, 0, 0, 11, 1609.96
1775219358, 75, 173, 415, 0, 0, 0.54%, 0, 0, 11, 1636.11
1775219363, 75, 291, 415, 0, 0, 0.54%, 0, 0, 11, 1647.16
1775219368, 75, 353, 415, 0, 0, 0.54%, 0, 0, 11, 1692.96
1775219373, 75, 402, 415, 0, 0, 0.54%, 0, 0, 11, 1313.77
1775219378, 75, 410, 415, 0, 0, 0.54%, 0, 0, 11, 1007.69
1775219384, 76, 79, 415, 0, 0, 0.54%, 0, 0, 11, 1502.05
1775219389, 76, 127, 415, 0, 0, 0.54%, 0, 0, 11, 1590.70
1775219394, 76, 262, 415, 0, 0, 0.54%, 0, 0, 11, 1576.11
1775219399, 76, 325, 415, 0, 0, 0.54%, 0, 0, 11, 1544.19
1775219404, 77, 22, 415, 0, 0, 0.54%, 0, 0, 11, 1449.09
1775219409, 77, 111, 415, 0, 0, 0.54%, 0, 0, 11, 1583.00
1775219414, 77, 181, 415, 0, 0, 0.54%, 0, 0, 11, 1521.81
1775219419, 77, 346, 415, 0, 0, 0.54%, 0, 0, 11, 1551.26
1775219424, 77, 385, 415, 0, 0, 0.54%, 0, 0, 11, 1464.44
1775219429, 78, 69, 415, 0, 0, 0.54%, 0, 0, 11, 1570.38
1775219434, 78, 101, 415, 0, 0, 0.54%, 0, 0, 11, 1548.76
1775219439, 78, 288, 415, 0, 0, 0.54%, 0, 0, 11, 1552.46
1775219445, 78, 349, 415, 0, 0, 0.54%, 0, 0, 11, 1492.45
1775219450, 78, 410, 416, 1, 0, 0.54%, 0, 0, 11, 1033.06
1775219455, 79, 79, 416, 1, 0, 0.54%, 0, 0, 11, 1555.05
1775219460, 79, 100, 416, 1, 0, 0.54%, 0, 0, 11, 1524.66
1775219465, 79, 195, 416, 1, 0, 0.54%, 0, 0, 11, 1577.12
1775219470, 79, 318, 416, 1, 0, 0.54%, 0, 0, 11, 1602.57
1775219475, 80, 14, 416, 1, 0, 0.54%, 0, 0, 11, 1538.20
1775219480, 80, 91, 416, 1, 0, 0.54%, 0, 0, 11, 1666.25
1775219485, 80, 209, 416, 1, 0, 0.54%, 0, 0, 11, 1629.17
1775219490, 80, 328, 416, 1, 0, 0.54%, 0, 0, 11, 1508.14
1775219496, 80, 376, 416, 1, 0, 0.54%, 0, 0, 11, 1476.20
1775219501, 80, 405, 416, 1, 0, 0.54%, 0, 0, 11, 1269.37
1775219506, 81, 76, 416, 1, 0, 0.54%, 0, 0, 11, 1474.20
1775219511, 81, 111, 416, 1, 0, 0.54%, 0, 0, 11, 1537.57
1775219516, 81, 205, 416, 1, 0, 0.54%, 0, 0, 11, 1572.21
1775219521, 81, 313, 416, 1, 0, 0.54%, 0, 0, 11, 1523.65
1775219526, 81, 324, 416, 1, 0, 0.54%, 0, 0, 11, 1640.04
1775219531, 81, 361, 416, 1, 0, 0.54%, 0, 0, 11, 1608.26
1775219536, 81, 413, 416, 1, 0, 0.54%, 0, 0, 11, 1333.01
1775219541, 82, 80, 416, 1, 0, 0.54%, 0, 0, 11, 1599.66
1775219546, 82, 111, 416, 1, 0, 0.54%, 0, 0, 11, 1596.27
1775219551, 82, 259, 416, 1, 0, 0.54%, 0, 0, 11, 1490.76
1775219556, 82, 349, 416, 1, 0, 0.54%, 0, 0, 11, 1435.93
1775219561, 82, 380, 416, 1, 0, 0.54%, 0, 0, 11, 1433.59
1775219566, 82, 393, 416, 1, 0, 0.54%, 0, 0, 11, 1257.08
1775219571, 82, 415, 416, 1, 0, 0.54%, 0, 0, 11, 190.34
1775219582, 83, 63, 416, 0, 0, 0.54%, 0, 0, 11, 1496.48
1775219587, 83, 97, 416, 0, 0, 0.54%, 0, 0, 11, 1634.47
1775219592, 83, 143, 416, 0, 0, 0.54%, 0, 0, 11, 1625.13
1775219597, 83, 182, 416, 0, 0, 0.54%, 0, 0, 11, 1587.24
1775219602, 83, 302, 416, 0, 0, 0.54%, 0, 0, 11, 1543.76
1775219607, 83, 368, 416, 0, 0, 0.54%, 0, 0, 11, 1453.75
1775219612, 83, 399, 416, 0, 0, 0.54%, 0, 0, 11, 1175.08
1775219617, 84, 59, 416, 0, 0, 0.54%, 0, 0, 11, 1408.63
1775219622, 84, 111, 416, 0, 0, 0.54%, 0, 0, 11, 1558.70
1775219627, 84, 325, 416, 0, 0, 0.54%, 0, 0, 11, 1529.05
1775219632, 84, 357, 416, 0, 0, 0.54%, 0, 0, 11, 1528.80
1775219638, 84, 393, 416, 0, 0, 0.54%, 0, 0, 11, 1326.20
1775219643, 85, 56, 416, 0, 0, 0.54%, 0, 0, 11, 1481.26
1775219648, 85, 86, 416, 0, 0, 0.54%, 0, 0, 11, 1571.08
1775219653, 85, 147, 416, 0, 0, 0.54%, 0, 0, 11, 1618.47
1775219658, 85, 206, 416, 0, 0, 0.54%, 0, 0, 11, 1575.25
1775219663, 85, 289, 416, 0, 0, 0.54%, 0, 0, 11, 1495.80
1775219668, 85, 374, 416, 0, 0, 0.54%, 0, 0, 11, 1487.80
1775219673, 86, 63, 416, 0, 0, 0.54%, 0, 0, 11, 1582.23
1775219678, 86, 91, 416, 0, 0, 0.54%, 0, 0, 11, 1605.84
1775219683, 86, 192, 416, 0, 0, 0.54%, 0, 0, 11, 1595.88
1775219688, 86, 333, 416, 0, 0, 0.54%, 0, 0, 11, 1466.89
1775219694, 86, 351, 416, 0, 0, 0.54%, 0, 0, 11, 1377.37
1775219699, 86, 367, 416, 0, 0, 0.54%, 0, 0, 11, 1361.78
1775219704, 87, 20, 416, 0, 0, 0.54%, 0, 0, 11, 1308.21
1775219709, 87, 83, 416, 0, 0, 0.54%, 0, 0, 11, 1527.07
1775219714, 87, 147, 416, 0, 0, 0.54%, 0, 0, 11, 1571.17
1775219719, 87, 292, 416, 0, 0, 0.54%, 0, 0, 11, 1598.53
1775219724, 87, 374, 417, 1, 0, 0.54%, 0, 0, 11, 1544.93
1775219729, 88, 79, 417, 1, 0, 0.54%, 0, 0, 11, 1496.37
1775219734, 88, 123, 417, 1, 0, 0.54%, 0, 0, 11, 1587.91
1775219739, 88, 257, 417, 1, 0, 0.54%, 0, 0, 11, 1518.92
1775219745, 88, 324, 417, 1, 0, 0.54%, 0, 0, 11, 1582.63
1775219750, 88, 354, 417, 1, 0, 0.54%, 0, 0, 11, 1518.15
1775219755, 89, 22, 417, 1, 0, 0.54%, 0, 0, 11, 1265.49
1775219760, 89, 100, 417, 1, 0, 0.54%, 0, 0, 11, 1520.52
1775219765, 89, 196, 417, 1, 0, 0.54%, 0, 0, 11, 1614.80
1775219770, 89, 349, 417, 1, 0, 0.54%, 0, 0, 11, 1591.74
1775219775, 89, 385, 417, 1, 0, 0.54%, 0, 0, 11, 1469.06
1775219780, 90, 38, 417, 0, 0, 0.54%, 0, 0, 11, 1515.49
1775219785, 90, 79, 417, 0, 0, 0.54%, 0, 0, 11, 1592.03
1775219791, 90, 127, 417, 0, 0, 0.54%, 0, 0, 11, 1604.85
1775219796, 90, 217, 417, 0, 0, 0.54%, 0, 0, 11, 1587.39
1775219801, 90, 306, 417, 0, 0, 0.54%, 0, 0, 11, 1420.64
1775219806, 90, 325, 417, 0, 0, 0.54%, 0, 0, 11, 1563.64
1775219811, 90, 371, 417, 0, 0, 0.54%, 0, 0, 11, 1419.01
1775219816, 90, 405, 417, 0, 0, 0.54%, 0, 0, 11, 916.73
1775219821, 91, 73, 418, 1, 0, 0.54%, 0, 0, 11, 1469.39
1775219826, 91, 143, 418, 1, 0, 0.54%, 0, 0, 11, 1527.37
1775219831, 91, 275, 418, 1, 0, 0.54%, 0, 0, 11, 1491.41
1775219836, 91, 349, 418, 1, 0, 0.54%, 0, 0, 11, 1555.06
1775219841, 91, 399, 418, 1, 0, 0.54%, 0, 0, 11, 1392.41
1775219846, 91, 417, 418, 1, 0, 0.54%, 0, 0, 11, 226.11
1775219857, 92, 63, 418, 0, 0, 0.54%, 0, 0, 11, 1158.12
1775219862, 92, 111, 418, 0, 0, 0.54%, 0, 0, 11, 1483.68
1775219867, 92, 209, 418, 0, 0, 0.54%, 0, 0, 11, 1470.52
1775219872, 92, 325, 418, 0, 0, 0.54%, 0, 0, 11, 1600.81
1775219877, 92, 358, 418, 0, 0, 0.54%, 0, 0, 11, 1454.61
1775219882, 92, 368, 418, 0, 0, 0.54%, 0, 0, 11, 1368.70
1775219887, 93, 12, 418, 0, 0, 0.54%, 0, 0, 11, 1372.45
1775219892, 93, 91, 418, 0, 0, 0.54%, 0, 0, 11, 1617.13
1775219897, 93, 196, 418, 0, 0, 0.54%, 0, 0, 11, 1569.77
1775219903, 93, 349, 418, 0, 0, 0.54%, 0, 0, 11, 1608.41
1775219908, 93, 369, 418, 0, 0, 0.54%, 0, 0, 11, 267.28
1775219913, 93, 406, 418, 0, 0, 0.54%, 0, 0, 11, 855.77
1775219918, 94, 52, 418, 0, 0, 0.54%, 0, 0, 11, 1176.75
1775219923, 94, 100, 418, 0, 0, 0.54%, 0, 0, 11, 1521.73
1775219928, 94, 187, 418, 0, 0, 0.54%, 0, 0, 11, 1580.10
1775219933, 94, 297, 418, 0, 0, 0.54%, 0, 0, 11, 1579.50
1775219938, 94, 362, 418, 0, 0, 0.54%, 0, 0, 11, 1512.36
1775219943, 94, 385, 418, 0, 0, 0.54%, 0, 0, 11, 1501.53
1775219948, 94, 407, 418, 0, 0, 0.54%, 0, 0, 11, 1036.15
1775219954, 95, 73, 418, 0, 0, 0.54%, 0, 0, 11, 1358.24
1775219959, 95, 100, 418, 0, 0, 0.54%, 0, 0, 11, 1536.37
1775219964, 95, 217, 418, 0, 0, 0.54%, 0, 0, 11, 1422.34
1775219969, 95, 315, 418, 0, 0, 0.54%, 0, 0, 11, 1391.94
1775219974, 95, 357, 418, 0, 0, 0.54%, 0, 0, 11, 1203.89
1775219979, 96, 68, 418, 0, 0, 0.54%, 0, 0, 11, 1418.52
1775219984, 96, 100, 418, 0, 0, 0.54%, 0, 0, 11, 1433.51
1775219989, 96, 152, 418, 0, 0, 0.54%, 0, 0, 11, 1429.08
1775219994, 96, 330, 418, 0, 0, 0.54%, 0, 0, 11, 1310.76
1775219999, 96, 385, 418, 0, 0, 0.54%, 0, 0, 11, 1409.10
1775220004, 97, 40, 418, 0, 0, 0.54%, 0, 0, 11, 1431.56
1775220010, 97, 91, 418, 0, 0, 0.54%, 0, 0, 11, 1526.64
1775220015, 97, 172, 418, 0, 0, 0.54%, 0, 0, 11, 1563.66
1775220020, 97, 267, 418, 0, 0, 0.54%, 0, 0, 11, 1524.88
1775220025, 97, 324, 418, 0, 0, 0.54%, 0, 0, 11, 1600.81
1775220030, 97, 392, 418, 0, 0, 0.54%, 0, 0, 11, 1257.10
1775220035, 98, 39, 418, 0, 0, 0.54%, 0, 0, 11, 1263.76
1775220040, 98, 91, 418, 0, 0, 0.54%, 0, 0, 11, 1507.08
1775220045, 98, 173, 418, 0, 0, 0.54%, 0, 0, 11, 1569.59
1775220050, 98, 256, 418, 0, 0, 0.54%, 0, 0, 11, 1448.86
1775220055, 98, 331, 418, 0, 0, 0.54%, 0, 0, 11, 1452.56
1775220060, 98, 349, 418, 0, 0, 0.54%, 0, 0, 11, 1434.08
1775220065, 98, 371, 418, 0, 0, 0.54%, 0, 0, 11, 1403.86
1775220070, 99, 22, 418, 0, 0, 0.54%, 0, 0, 11, 1119.31
1775220076, 99, 80, 418, 0, 0, 0.54%, 0, 0, 11, 1486.05
1775220081, 99, 123, 418, 0, 0, 0.54%, 0, 0, 11, 1575.54
1775220086, 99, 202, 418, 0, 0, 0.54%, 0, 0, 11, 1625.49
1775220091, 99, 312, 418, 0, 0, 0.54%, 0, 0, 11, 1654.85
1775220096, 99, 378, 418, 0, 0, 0.54%, 0, 0, 11, 1557.52
1775220101, 100, 27, 418, 0, 0, 0.54%, 0, 0, 11, 1490.89
1775220106, 100, 91, 418, 0, 0, 0.54%, 0, 0, 11, 1476.17
1775220111, 100, 205, 418, 0, 0, 0.54%, 0, 0, 11, 1492.97
1775220116, 100, 316, 418, 0, 0, 0.54%, 0, 0, 11, 1524.43
1775220121, 100, 356, 418, 0, 0, 0.54%, 0, 0, 11, 1592.86
1775220127, 100, 387, 418, 0, 0, 0.54%, 0, 0, 11, 1330.45
1775220132, 101, 32, 418, 0, 0, 0.54%, 0, 0, 11, 1536.47
1775220137, 101, 100, 418, 0, 0, 0.54%, 0, 0, 11, 1635.97
1775220142, 101, 181, 418, 0, 0, 0.54%, 0, 0, 11, 1640.80
1775220147, 101, 325, 418, 0, 0, 0.54%, 0, 0, 11, 1514.98
1775220152, 101, 340, 418, 0, 0, 0.54%, 0, 0, 11, 1423.98
1775220157, 101, 374, 418, 0, 0, 0.54%, 0, 0, 11, 1484.67
1775220163, 102, 10, 418, 0, 0, 0.54%, 0, 0, 11, 1237.37
1775220168, 102, 75, 418, 0, 0, 0.54%, 0, 0, 11, 1509.81
1775220173, 102, 111, 418, 0, 0, 0.54%, 0, 0, 11, 1536.75
1775220178, 102, 173, 418, 0, 0, 0.54%, 0, 0, 11, 1554.22
1775220183, 102, 266, 418, 0, 0, 0.54%, 0, 0, 11, 1511.61
1775220188, 102, 335, 418, 0, 0, 0.54%, 0, 0, 11, 1405.42
1775220193, 102, 354, 418, 0, 0, 0.54%, 0, 0, 11, 1273.74
1775220198, 102, 361, 418, 0, 0, 0.54%, 0, 0, 11, 1347.77
1775220203, 102, 405, 418, 0, 0, 0.54%, 0, 0, 11, 1014.53
1775220209, 103, 71, 418, 0, 0, 0.54%, 0, 0, 11, 1480.94
1775220214, 103, 100, 418, 0, 0, 0.54%, 0, 0, 11, 1557.76
1775220219, 103, 271, 418, 0, 0, 0.54%, 0, 0, 11, 1548.16
1775220224, 103, 371, 418, 0, 0, 0.54%, 0, 0, 11, 1485.73
1775220229, 103, 399, 418, 0, 0, 0.54%, 0, 0, 11, 1121.18
1775220234, 104, 47, 418, 0, 0, 0.54%, 0, 0, 11, 1344.80
1775220239, 104, 84, 418, 0, 0, 0.54%, 0, 0, 11, 1464.80
1775220244, 104, 147, 418, 0, 0, 0.54%, 0, 0, 11, 1642.09
1775220249, 104, 227, 418, 0, 0, 0.54%, 0, 0, 11, 1532.31
1775220254, 104, 325, 418, 0, 0, 0.54%, 0, 0, 11, 1448.87
1775220260, 104, 345, 418, 0, 0, 0.54%, 0, 0, 11, 1473.54
1775220265, 104, 385, 418, 0, 0, 0.54%, 0, 0, 11, 1406.11
1775220270, 105, 46, 418, 0, 0, 0.54%, 0, 0, 11, 1253.80
1775220275, 105, 93, 418, 0, 0, 0.54%, 0, 0, 11, 1459.15
1775220280, 105, 187, 418, 0, 0, 0.54%, 0, 0, 11, 1551.21
1775220285, 105, 213, 418, 0, 0, 0.54%, 0, 0, 11, 1068.81
1775220290, 105, 354, 418, 0, 0, 0.54%, 0, 0, 11, 1346.58
1775220295, 105, 368, 418, 0, 0, 0.54%, 0, 0, 11, 1429.27
1775220300, 105, 392, 418, 0, 0, 0.54%, 0, 0, 11, 1091.77
1775220305, 106, 86, 418, 0, 0, 0.54%, 0, 0, 11, 1473.88
1775220310, 106, 146, 418, 0, 0, 0.54%, 0, 0, 11, 1532.03
1775220315, 106, 215, 418, 0, 0, 0.54%, 0, 0, 11, 1494.10
1775220320, 106, 311, 418, 0, 0, 0.54%, 0, 0, 11, 1542.19
1775220325, 106, 354, 418, 0, 0, 0.54%, 0, 0, 11, 1499.19
1775220331, 106, 372, 418, 0, 0, 0.54%, 0, 0, 11, 1381.37
1775220336, 106, 416, 418, 0, 0, 0.54%, 0, 0, 11, 1355.08
1775220341, 107, 65, 418, 0, 0, 0.54%, 0, 0, 11, 1581.00
1775220346, 107, 100, 418, 0, 0, 0.54%, 0, 0, 11, 1591.13
1775220351, 107, 194, 418, 0, 0, 0.54%, 0, 0, 11, 1575.97
1775220356, 107, 306, 418, 0, 0, 0.54%, 0, 0, 11, 1541.89
1775220361, 107, 329, 418, 0, 0, 0.54%, 0, 0, 11, 1412.03
1775220367, 107, 401, 418, 0, 0, 0.54%, 0, 0, 11, 1138.71
1775220372, 108, 79, 418, 0, 0, 0.54%, 0, 0, 11, 1547.22
1775220377, 108, 111, 418, 0, 0, 0.54%, 0, 0, 11, 1640.40
1775220382, 108, 196, 418, 0, 0, 0.54%, 0, 0, 11, 1578.39
1775220387, 108, 346, 418, 0, 0, 0.54%, 0, 0, 11, 1614.89
1775220392, 108, 380, 418, 0, 0, 0.54%, 0, 0, 11, 1513.52
1775220397, 109, 57, 418, 0, 0, 0.54%, 0, 0, 11, 1461.61
1775220402, 109, 111, 418, 0, 0, 0.54%, 0, 0, 11, 1651.29
1775220407, 109, 234, 418, 0, 0, 0.54%, 0, 0, 11, 1588.35
1775220412, 109, 335, 418, 0, 0, 0.54%, 0, 0, 11, 1531.77
1775220417, 109, 388, 418, 0, 0, 0.54%, 0, 0, 11, 1313.69
1775220422, 110, 72, 418, 0, 0, 0.54%, 0, 0, 11, 1576.66
1775220427, 110, 100, 418, 0, 0, 0.54%, 0, 0, 11, 1660.55
1775220433, 110, 196, 418, 0, 0, 0.54%, 0, 0, 11, 1604.94
1775220438, 110, 241, 418, 0, 0, 0.54%, 0, 0, 11, 1527.34
1775220443, 110, 385, 418, 0, 0, 0.54%, 0, 0, 11, 1496.29
1775220448, 110, 404, 418, 0, 0, 0.54%, 0, 0, 11, 991.13
1775220453, 111, 82, 418, 0, 0, 0.54%, 0, 0, 11, 1422.97
1775220458, 111, 114, 418, 0, 0, 0.54%, 0, 0, 11, 1525.63
1775220463, 111, 164, 418, 0, 0, 0.54%, 0, 0, 11, 1584.34
1775220468, 111, 196, 418, 0, 0, 0.54%, 0, 0, 11, 1487.52
1775220473, 111, 319, 418, 0, 0, 0.54%, 0, 0, 11, 1598.94
1775220478, 111, 370, 418, 0, 0, 0.54%, 0, 0, 11, 1608.10
1775220483, 111, 388, 418, 0, 0, 0.54%, 0, 0, 11, 1324.51
1775220488, 112, 80, 418, 0, 0, 0.54%, 0, 0, 11, 1538.06
1775220493, 112, 163, 418, 0, 0, 0.54%, 0, 0, 11, 1583.30
1775220498, 112, 270, 418, 0, 0, 0.54%, 0, 0, 11, 1601.04
1775220503, 112, 341, 418, 0, 0, 0.54%, 0, 0, 11, 1551.01
1775220508, 112, 358, 418, 0, 0, 0.54%, 0, 0, 11, 1502.84
1775220514, 113, 33, 418, 0, 0, 0.54%, 0, 0, 11, 1527.54
1775220519, 113, 94, 418, 0, 0, 0.54%, 0, 0, 11, 1577.59
1775220524, 113, 183, 418, 0, 0, 0.54%, 0, 0, 11, 1664.40
1775220529, 113, 321, 418, 0, 0, 0.54%, 0, 0, 11, 1616.12
1775220534, 113, 379, 418, 0, 0, 0.54%, 0, 0, 11, 1427.34
1775220539, 114, 59, 418, 0, 0, 0.54%, 0, 0, 11, 1496.15
1775220544, 114, 96, 418, 0, 0, 0.54%, 0, 0, 11, 1482.46
1775220549, 114, 191, 418, 0, 0, 0.54%, 0, 0, 11, 1591.46
1775220554, 114, 338, 418, 0, 0, 0.54%, 0, 0, 11, 1530.69
1775220559, 114, 368, 418, 0, 0, 0.54%, 0, 0, 11, 1407.98
1775220564, 114, 383, 418, 0, 0, 0.54%, 0, 0, 11, 1457.24
1775220569, 114, 394, 418, 0, 0, 0.54%, 0, 0, 11, 1209.20
1775220574, 115, 79, 418, 0, 0, 0.54%, 0, 0, 11, 1494.24
1775220579, 115, 111, 418, 0, 0, 0.54%, 0, 0, 11, 1570.53
1775220585, 115, 185, 418, 0, 0, 0.54%, 0, 0, 11, 1604.76
1775220590, 115, 265, 418, 0, 0, 0.54%, 0, 0, 11, 1597.89
1775220595, 115, 321, 418, 0, 0, 0.54%, 0, 0, 11, 1324.02
1775220600, 115, 354, 418, 0, 0, 0.54%, 0, 0, 11, 1369.44
1775220605, 115, 377, 418, 0, 0, 0.54%, 0, 0, 11, 1455.01
1775220610, 115, 404, 418, 0, 0, 0.54%, 0, 0, 11, 1006.25
1775220615, 116, 83, 418, 0, 0, 0.54%, 0, 0, 11, 1424.65
1775220620, 116, 124, 418, 0, 0, 0.54%, 0, 0, 11, 1565.43
1775220625, 116, 273, 418, 0, 0, 0.54%, 0, 0, 11, 1488.31
1775220630, 116, 385, 418, 0, 0, 0.54%, 0, 0, 11, 1533.32
1775220635, 117, 63, 418, 0, 0, 0.54%, 0, 0, 11, 1554.06
1775220640, 117, 100, 418, 0, 0, 0.54%, 0, 0, 11, 1574.23
1775220645, 117, 187, 418, 0, 0, 0.54%, 0, 0, 11, 1640.83
1775220650, 117, 325, 418, 0, 0, 0.54%, 0, 0, 11, 1613.29
1775220655, 117, 385, 418, 0, 0, 0.54%, 0, 0, 11, 1520.48
1775220660, 118, 79, 418, 0, 0, 0.54%, 0, 0, 11, 1613.26
1775220666, 118, 111, 418, 0, 0, 0.54%, 0, 0, 11, 1458.16
1775220671, 118, 155, 418, 0, 0, 0.54%, 0, 0, 11, 1508.80
1775220676, 118, 325, 418, 0, 0, 0.54%, 0, 0, 11, 1522.91
1775220681, 118, 385, 418, 0, 0, 0.54%, 0, 0, 11, 1385.65
1775220686, 118, 390, 418, 0, 0, 0.54%, 0, 0, 11, 1037.41
1775220691, 119, 53, 418, 0, 0, 0.54%, 0, 0, 11, 1274.56
1775220696, 119, 100, 418, 0, 0, 0.54%, 0, 0, 11, 1493.82
1775220701, 119, 147, 418, 0, 0, 0.54%, 0, 0, 11, 1489.71
1775220706, 119, 208, 418, 0, 0, 0.54%, 0, 0, 11, 1523.52
1775220712, 119, 348, 418, 0, 0, 0.54%, 0, 0, 11, 1451.83
1775220717, 119, 357, 418, 0, 0, 0.54%, 0, 0, 11, 1475.05
1775220722, 120, 79, 418, 0, 0, 0.54%, 0, 0, 11, 1566.48
1775220727, 120, 121, 418, 0, 0, 0.54%, 0, 0, 11, 1624.24
1775220732, 120, 258, 418, 0, 0, 0.54%, 0, 0, 11, 1562.41
1775220737, 120, 325, 418, 0, 0, 0.54%, 0, 0, 11, 1572.93
1775220742, 120, 375, 418, 0, 0, 0.54%, 0, 0, 11, 1531.12
1775220747, 120, 410, 418, 0, 0, 0.54%, 0, 0, 11, 1067.69
1775220752, 121, 86, 418, 0, 0, 0.54%, 0, 0, 11, 1410.89
1775220757, 121, 155, 418, 0, 0, 0.54%, 0, 0, 11, 1564.02
1775220762, 121, 314, 418, 0, 0, 0.54%, 0, 0, 11, 1495.83
1775220767, 121, 323, 418, 0, 0, 0.54%, 0, 0, 11, 1525.92
1775220772, 121, 357, 418, 0, 0, 0.54%, 0, 0, 11, 1406.95
1775220777, 121, 398, 418, 0, 0, 0.54%, 0, 0, 11, 1249.82
1775220782, 122, 23, 418, 0, 0, 0.54%, 0, 0, 11, 1151.06
1775220787, 122, 91, 418, 0, 0, 0.54%, 0, 0, 11, 1425.91
1775220793, 122, 147, 418, 0, 0, 0.54%, 0, 0, 11, 1428.10
1775220798, 122, 238, 418, 0, 0, 0.54%, 0, 0, 11, 1460.94
1775220803, 122, 325, 418, 0, 0, 0.54%, 0, 0, 11, 1344.66
1775220808, 122, 374, 418, 0, 0, 0.54%, 0, 0, 11, 1405.82
1775220813, 122, 412, 418, 0, 0, 0.54%, 0, 0, 11, 956.39
1775220818, 123, 91, 418, 0, 0, 0.54%, 0, 0, 11, 1352.03
1775220823, 123, 125, 418, 0, 0, 0.54%, 0, 0, 11, 1329.85
1775220828, 123, 218, 418, 0, 0, 0.54%, 0, 0, 11, 1388.92
1775220834, 123, 291, 418, 0, 0, 0.54%, 0, 0, 11, 1465.75
1775220839, 123, 345, 418, 0, 0, 0.54%, 0, 0, 11, 1348.42
1775220844, 123, 354, 418, 0, 0, 0.54%, 0, 0, 11, 1435.85
1775220849, 123, 374, 418, 0, 0, 0.54%, 0, 0, 11, 1458.92
1775220854, 124, 9, 418, 0, 0, 0.54%, 0, 0, 11, 1358.86
1775220859, 124, 91, 418, 0, 0, 0.54%, 0, 0, 11, 1497.81
1775220864, 124, 164, 418, 0, 0, 0.54%, 0, 0, 11, 1451.22
1775220869, 124, 196, 418, 0, 0, 0.54%, 0, 0, 11, 1513.65
1775220874, 124, 291, 418, 0, 0, 0.54%, 0, 0, 11, 1543.02
1775220879, 124, 349, 418, 0, 0, 0.54%, 0, 0, 11, 1412.46
1775220884, 125, 36, 418, 0, 0, 0.54%, 0, 0, 11, 1349.24
1775220889, 125, 100, 418, 0, 0, 0.54%, 0, 0, 11, 1544.24
1775220895, 125, 192, 418, 0, 0, 0.54%, 0, 0, 11, 1422.69
1775220900, 125, 267, 418, 0, 0, 0.54%, 0, 0, 11, 1398.53
1775220905, 125, 319, 418, 0, 0, 0.54%, 0, 0, 11, 1521.21
1775220910, 125, 357, 418, 0, 0, 0.54%, 0, 0, 11, 1369.41
1775220915, 125, 396, 418, 0, 0, 0.54%, 0, 0, 11, 1389.96
1775220920, 126, 30, 418, 0, 0, 0.54%, 0, 0, 11, 1338.56
1775220925, 126, 91, 418, 0, 0, 0.54%, 0, 0, 11, 1419.05
1775220930, 126, 147, 418, 0, 0, 0.54%, 0, 0, 11, 1401.94
1775220936, 126, 302, 418, 0, 0, 0.54%, 0, 0, 11, 1494.58
1775220941, 126, 353, 418, 0, 0, 0.54%, 0, 0, 11, 1561.74
1775220946, 127, 6, 418, 0, 0, 0.54%, 0, 0, 11, 1410.08
1775220951, 127, 100, 418, 0, 0, 0.54%, 0, 0, 11, 1487.70
1775220956, 127, 175, 418, 0, 0, 0.54%, 0, 0, 11, 1430.67
1775220961, 127, 297, 418, 0, 0, 0.54%, 0, 0, 11, 1330.93
1775220966, 127, 354, 418, 0, 0, 0.54%, 0, 0, 11, 1394.87
1775220971, 127, 385, 418, 0, 0, 0.54%, 0, 0, 11, 1352.07
1775220976, 128, 36, 418, 0, 0, 0.54%, 0, 0, 11, 1031.63
1775220982, 128, 91, 418, 0, 0, 0.54%, 0, 0, 11, 1442.03
1775220987, 128, 169, 418, 0, 0, 0.54%, 0, 0, 11, 1458.67
1775220992, 128, 224, 418, 0, 0, 0.54%, 0, 0, 11, 1281.52
1775220997, 128, 337, 418, 0, 0, 0.54%, 0, 0, 11, 1349.01
1775221002, 128, 385, 418, 0, 0, 0.54%, 0, 0, 11, 1254.87
1775221007, 128, 406, 418, 0, 0, 0.54%, 0, 0, 11, 865.77
1775221012, 129, 79, 418, 0, 0, 0.54%, 0, 0, 11, 1403.93
1775221017, 129, 111, 418, 0, 0, 0.54%, 0, 0, 11, 1470.63
1775221022, 129, 196, 418, 0, 0, 0.54%, 0, 0, 11, 1443.96
1775221027, 129, 354, 418, 0, 0, 0.54%, 0, 0, 11, 1526.06
1775221032, 129, 382, 418, 0, 0, 0.54%, 0, 0, 11, 1361.54
1775221037, 129, 397, 419, 1, 0, 0.54%, 0, 0, 11, 1027.79
1775221043, 130, 68, 419, 1, 0, 0.54%, 0, 0, 11, 1389.51
1775221048, 130, 111, 419, 1, 0, 0.54%, 0, 0, 11, 1519.39
1775221053, 130, 190, 419, 1, 0, 0.54%, 0, 0, 11, 1456.11
1775221058, 130, 325, 419, 1, 0, 0.54%, 0, 0, 11, 1506.89
1775221063, 130, 357, 419, 1, 0, 0.54%, 0, 0, 11, 1492.42
1775221068, 130, 400, 419, 1, 0, 0.54%, 0, 0, 11, 1197.24
1775221073, 131, 80, 419, 1, 0, 0.54%, 0, 0, 11, 1398.58
1775221078, 131, 100, 419, 1, 0, 0.54%, 0, 0, 11, 1476.95
1775221083, 131, 222, 419, 1, 0, 0.54%, 0, 0, 11, 1492.27
1775221089, 131, 320, 419, 1, 0, 0.54%, 0, 0, 11, 1543.57
1775221094, 131, 416, 419, 1, 0, 0.54%, 0, 0, 11, 1376.22
1775221099, 132, 70, 419, 1, 0, 0.54%, 0, 0, 11, 1537.77
1775221104, 132, 100, 419, 1, 0, 0.54%, 0, 0, 11, 1468.70
1775221109, 132, 161, 419, 1, 0, 0.54%, 0, 0, 11, 1393.29
1775221114, 132, 303, 419, 1, 0, 0.54%, 0, 0, 11, 1407.32
1775221119, 132, 342, 419, 1, 0, 0.54%, 0, 0, 11, 1265.66
1775221124, 132, 371, 419, 1, 0, 0.54%, 0, 0, 11, 1303.15
1775221130, 132, 402, 419, 1, 0, 0.54%, 0, 0, 11, 944.97
1775221135, 133, 63, 419, 1, 0, 0.54%, 0, 0, 11, 1324.36
1775221140, 133, 100, 419, 1, 0, 0.54%, 0, 0, 11, 1533.22
1775221145, 133, 172, 419, 1, 0, 0.54%, 0, 0, 11, 1495.26
1775221150, 133, 263, 420, 2, 0, 0.54%, 0, 0, 11, 1433.92
1775221155, 133, 350, 420, 2, 0, 0.54%, 0, 0, 11, 1380.35
1775221160, 133, 419, 420, 2, 0, 0.54%, 0, 0, 11, 1384.38
1775221181, 134, 80, 420, 1, 0, 0.54%, 0, 0, 11, 1264.50
1775221186, 134, 111, 420, 1, 0, 0.54%, 0, 0, 11, 1422.55
1775221191, 134, 186, 420, 1, 0, 0.54%, 0, 0, 11, 1441.40
1775221196, 134, 354, 420, 1, 0, 0.54%, 0, 0, 11, 1270.75
1775221201, 134, 387, 420, 1, 0, 0.54%, 0, 0, 11, 1235.09
1775221206, 134, 406, 420, 1, 0, 0.54%, 0, 0, 11, 1087.47
1775221211, 134, 407, 420, 1, 0, 0.54%, 0, 0, 11, 856.62
1775221216, 135, 60, 420, 1, 0, 0.54%, 0, 0, 11, 1241.89
1775221221, 135, 100, 420, 1, 0, 0.54%, 0, 0, 11, 1470.92
1775221226, 135, 196, 420, 1, 0, 0.54%, 0, 0, 11, 1443.21
1775221232, 135, 311, 420, 1, 0, 0.54%, 0, 0, 11, 1550.50
1775221237, 135, 371, 420, 1, 0, 0.54%, 0, 0, 11, 1463.47
1775221242, 136, 34, 420, 1, 0, 0.54%, 0, 0, 11, 1217.91
1775221247, 136, 80, 420, 1, 0, 0.54%, 0, 0, 11, 1455.94
1775221252, 136, 196, 420, 1, 0, 0.54%, 0, 0, 11, 1404.93
1775221257, 136, 348, 420, 1, 0, 0.54%, 0, 0, 11, 1499.81
1775221262, 136, 366, 420, 1, 0, 0.54%, 0, 0, 11, 1420.50
1775221267, 137, 7, 420, 1, 0, 0.54%, 0, 0, 11, 1380.10
1775221272, 137, 80, 420, 1, 0, 0.54%, 0, 0, 11, 1500.27
1775221277, 137, 115, 420, 1, 0, 0.54%, 0, 0, 11, 1412.33
1775221283, 137, 228, 420, 1, 0, 0.54%, 0, 0, 11, 1569.53
1775221288, 137, 354, 420, 1, 0, 0.54%, 0, 0, 11, 1404.19
1775221293, 137, 392, 420, 1, 0, 0.54%, 0, 0, 11, 1026.13
1775221298, 138, 63, 420, 1, 0, 0.54%, 0, 0, 11, 1465.45
1775221303, 138, 100, 420, 1, 0, 0.54%, 0, 0, 11, 1602.85
1775221308, 138, 174, 420, 1, 0, 0.54%, 0, 0, 11, 1585.38
1775221313, 138, 325, 420, 1, 0, 0.54%, 0, 0, 11, 1517.36
1775221318, 139, 63, 420, 1, 0, 0.54%, 0, 0, 11, 1456.86
1775221323, 139, 93, 420, 1, 0, 0.54%, 0, 0, 11, 1580.75
1775221329, 139, 151, 420, 1, 0, 0.54%, 0, 0, 11, 1547.03
1775221334, 139, 265, 420, 1, 0, 0.54%, 0, 0, 11, 1544.54
1775221339, 139, 368, 420, 1, 0, 0.54%, 0, 0, 11, 1421.08
1775221344, 140, 4, 420, 1, 0, 0.54%, 0, 0, 11, 1434.60
1775221349, 140, 86, 420, 1, 0, 0.54%, 0, 0, 11, 1488.27
1775221354, 140, 119, 420, 1, 0, 0.54%, 0, 0, 11, 1497.94
1775221359, 140, 196, 420, 1, 0, 0.54%, 0, 0, 11, 1416.89
1775221364, 140, 245, 420, 1, 0, 0.54%, 0, 0, 11, 1510.34
1775221369, 140, 349, 420, 1, 0, 0.54%, 0, 0, 11, 1508.08
1775221374, 141, 63, 420, 1, 0, 0.54%, 0, 0, 11, 1455.58
1775221380, 141, 100, 420, 1, 0, 0.54%, 0, 0, 11, 1524.11
1775221385, 141, 236, 420, 1, 0, 0.54%, 0, 0, 11, 1495.75
1775221390, 141, 336, 420, 1, 0, 0.54%, 0, 0, 11, 1402.31
1775221395, 141, 354, 421, 2, 0, 0.54%, 0, 0, 11, 1452.90
1775221400, 141, 368, 421, 2, 0, 0.54%, 0, 0, 11, 1420.40
1775221405, 141, 385, 421, 2, 0, 0.54%, 0, 0, 11, 1341.77
1775221410, 142, 50, 421, 2, 0, 0.54%, 0, 0, 11, 1453.70
1775221416, 142, 100, 421, 2, 0, 0.54%, 0, 0, 11, 1461.29
1775221421, 142, 188, 421, 2, 0, 0.54%, 0, 0, 11, 1438.03
1775221426, 142, 325, 421, 2, 0, 0.54%, 0, 0, 11, 1508.56
1775221431, 142, 354, 421, 2, 0, 0.54%, 0, 0, 11, 1320.50
1775221436, 142, 390, 421, 2, 0, 0.54%, 0, 0, 11, 1254.09
1775221441, 143, 79, 421, 2, 0, 0.54%, 0, 0, 11, 1407.53
1775221446, 143, 111, 421, 2, 0, 0.54%, 0, 0, 11, 1485.25
1775221451, 143, 196, 421, 2, 0, 0.54%, 0, 0, 11, 1385.97
1775221456, 143, 296, 421, 2, 0, 0.54%, 0, 0, 11, 1390.87
1775221461, 143, 378, 421, 2, 0, 0.54%, 0, 0, 11, 1404.00
1775221466, 144, 18, 421, 2, 0, 0.54%, 0, 0, 11, 1181.20
1775221471, 144, 86, 421, 2, 0, 0.54%, 0, 0, 11, 1425.37
1775221477, 144, 147, 421, 2, 0, 0.54%, 0, 0, 11, 1456.56
1775221482, 144, 273, 421, 2, 0, 0.54%, 0, 0, 11, 1490.11
1775221487, 144, 316, 421, 2, 0, 0.54%, 0, 0, 11, 1511.62
1775221492, 144, 367, 421, 2, 0, 0.54%, 0, 0, 11, 1327.62
1775221497, 144, 385, 421, 2, 0, 0.54%, 0, 0, 11, 1327.97
1775221502, 145, 86, 421, 2, 0, 0.54%, 0, 0, 11, 1463.34
1775221508, 145, 168, 421, 2, 0, 0.54%, 0, 0, 11, 1460.68
1775221513, 145, 219, 421, 2, 0, 0.54%, 0, 0, 11, 1480.75
1775221518, 145, 331, 421, 2, 0, 0.54%, 0, 0, 11, 1500.92
1775221523, 145, 385, 421, 2, 0, 0.54%, 0, 0, 11, 1370.58
1775221528, 146, 63, 421, 2, 0, 0.54%, 0, 0, 11, 1483.66
1775221533, 146, 100, 421, 2, 0, 0.54%, 0, 0, 11, 1471.26
1775221538, 146, 147, 421, 2, 0, 0.54%, 0, 0, 11, 1458.03
1775221543, 146, 217, 421, 2, 0, 0.54%, 0, 0, 11, 1398.30
1775221548, 146, 354, 421, 2, 0, 0.54%, 0, 0, 11, 1404.73
1775221553, 146, 392, 421, 2, 0, 0.54%, 0, 0, 11, 1238.41
1775221558, 147, 24, 421, 2, 0, 0.54%, 0, 0, 11, 1342.68
1775221563, 147, 80, 421, 2, 0, 0.54%, 0, 0, 11, 1449.57
1775221569, 147, 125, 421, 2, 0, 0.54%, 0, 0, 11, 1482.23
1775221574, 147, 276, 421, 2, 0, 0.54%, 0, 0, 11, 1440.10
1775221579, 147, 343, 421, 2, 0, 0.54%, 0, 0, 11, 1264.73
1775221584, 147, 385, 421, 2, 0, 0.54%, 0, 0, 11, 1428.84
1775221589, 147, 420, 421, 2, 0, 0.54%, 0, 0, 11, 88.68
1775221604, 148, 40, 421, 1, 0, 0.54%, 0, 0, 11, 1365.78
1775221609, 148, 80, 421, 1, 0, 0.54%, 0, 0, 11, 1501.89
1775221614, 148, 147, 421, 1, 0, 0.54%, 0, 0, 11, 1494.13
1775221619, 148, 317, 421, 1, 0, 0.54%, 0, 0, 11, 1567.94
1775221624, 148, 361, 421, 1, 0, 0.54%, 0, 0, 11, 1458.15
1775221630, 148, 402, 421, 1, 0, 0.54%, 0, 0, 11, 1186.13
1775221635, 149, 76, 421, 1, 0, 0.54%, 0, 0, 11, 1487.46
1775221640, 149, 100, 421, 1, 0, 0.54%, 0, 0, 11, 1462.54
1775221645, 149, 186, 421, 1, 0, 0.54%, 0, 0, 11, 1528.73
1775221650, 149, 249, 421, 1, 0, 0.54%, 0, 0, 11, 1543.03
1775221655, 149, 340, 421, 1, 0, 0.54%, 0, 0, 11, 1488.49
1775221660, 149, 381, 421, 1, 0, 0.54%, 0, 0, 11, 1359.76
1775221665, 149, 405, 421, 1, 0, 0.54%, 0, 0, 11, 1155.68
1775221670, 149, 418, 421, 1, 0, 0.54%, 0, 0, 11, 89.85
1775221691, 150, 80, 421, 0, 0, 0.54%, 0, 0, 11, 1525.15
1775221696, 150, 111, 421, 0, 0, 0.54%, 0, 0, 11, 1510.54
1775221701, 150, 196, 421, 0, 0, 0.54%, 0, 0, 11, 1446.74
1775221706, 150, 289, 421, 0, 0, 0.54%, 0, 0, 11, 1419.82
1775221711, 150, 353, 421, 0, 0, 0.54%, 0, 0, 11, 1511.11
1775221716, 150, 387, 421, 0, 0, 0.54%, 0, 0, 11, 1273.25
1775221721, 150, 402, 421, 0, 0, 0.54%, 0, 0, 11, 907.67
1775221726, 151, 63, 421, 0, 0, 0.54%, 0, 0, 11, 1166.18
1775221731, 151, 91, 421, 0, 0, 0.54%, 0, 0, 11, 1421.55
1775221736, 151, 147, 421, 0, 0, 0.54%, 0, 0, 11, 1424.86
1775221741, 151, 250, 421, 0, 0, 0.54%, 0, 0, 11, 1473.20
1775221746, 151, 320, 421, 0, 0, 0.54%, 0, 0, 11, 1506.85
1775221751, 151, 326, 421, 0, 0, 0.54%, 0, 0, 11, 1378.11
1775221757, 151, 385, 421, 0, 0, 0.54%, 0, 0, 11, 1428.82
1775221762, 152, 46, 421, 0, 0, 0.54%, 0, 0, 11, 1431.90
1775221767, 152, 91, 421, 0, 0, 0.54%, 0, 0, 11, 1488.71
1775221772, 152, 171, 421, 0, 0, 0.54%, 0, 0, 11, 1433.91
1775221777, 152, 197, 421, 0, 0, 0.54%, 0, 0, 11, 1532.88
1775221782, 152, 330, 421, 0, 0, 0.54%, 0, 0, 11, 1396.31
1775221787, 152, 374, 421, 0, 0, 0.54%, 0, 0, 11, 1418.63
1775221792, 153, 22, 421, 0, 0, 0.54%, 0, 0, 11, 1351.34
1775221797, 153, 86, 421, 0, 0, 0.54%, 0, 0, 11, 1499.59
1775221803, 153, 158, 421, 0, 0, 0.54%, 0, 0, 11, 1468.48
1775221808, 153, 266, 421, 0, 0, 0.54%, 0, 0, 11, 1474.82
1775221813, 153, 326, 421, 0, 0, 0.54%, 0, 0, 11, 1586.11
1775221818, 153, 366, 421, 0, 0, 0.54%, 0, 0, 11, 1557.73
1775221823, 154, 28, 421, 0, 0, 0.54%, 0, 0, 11, 1377.51
1775221828, 154, 79, 421, 0, 0, 0.54%, 0, 0, 11, 1416.83
1775221833, 154, 147, 421, 0, 0, 0.54%, 0, 0, 11, 1512.73
1775221838, 154, 306, 421, 0, 0, 0.54%, 0, 0, 11, 1477.36
1775221843, 154, 371, 421, 0, 0, 0.54%, 0, 0, 11, 1452.10
1775221848, 154, 392, 421, 0, 0, 0.54%, 0, 0, 11, 1175.39
1775221853, 155, 61, 421, 0, 0, 0.54%, 0, 0, 11, 1345.48
1775221858, 155, 86, 421, 0, 0, 0.54%, 0, 0, 11, 1417.91
1775221864, 155, 147, 421, 0, 0, 0.54%, 0, 0, 11, 1511.72
1775221869, 155, 340, 421, 0, 0, 0.54%, 0, 0, 11, 1491.56
1775221874, 155, 371, 421, 0, 0, 0.54%, 0, 0, 11, 1453.46
1775221879, 155, 400, 421, 0, 0, 0.54%, 0, 0, 11, 1023.34
1775221884, 155, 406, 421, 0, 0, 0.54%, 0, 0, 11, 793.33
1775221889, 156, 79, 421, 0, 0, 0.54%, 0, 0, 11, 1472.51
1775221894, 156, 100, 421, 0, 0, 0.54%, 0, 0, 11, 1512.92
1775221899, 156, 185, 421, 0, 0, 0.54%, 0, 0, 11, 1534.71
1775221905, 156, 349, 421, 0, 0, 0.54%, 0, 0, 11, 1517.69
1775221910, 156, 400, 421, 0, 0, 0.54%, 0, 0, 11, 1208.29
1775221915, 157, 47, 421, 0, 0, 0.54%, 0, 0, 11, 1292.39
1775221920, 157, 91, 421, 0, 0, 0.54%, 0, 0, 11, 1462.11
1775221925, 157, 147, 421, 0, 0, 0.54%, 0, 0, 11, 1484.67
1775221930, 157, 193, 421, 0, 0, 0.54%, 0, 0, 11, 1499.43
1775221935, 157, 295, 421, 0, 0, 0.54%, 0, 0, 11, 1523.12
1775221940, 157, 345, 421, 0, 0, 0.54%, 0, 0, 11, 1416.69
1775221945, 157, 385, 421, 0, 0, 0.54%, 0, 0, 11, 1477.72
1775221950, 158, 66, 421, 0, 0, 0.54%, 0, 0, 11, 1624.19
1775221955, 158, 111, 421, 0, 0, 0.54%, 0, 0, 11, 1601.04
1775221960, 158, 191, 421, 0, 0, 0.54%, 0, 0, 11, 1695.00
1775221965, 158, 214, 421, 0, 0, 0.54%, 0, 0, 11, 1581.36
1775221971, 158, 354, 421, 0, 0, 0.54%, 0, 0, 11, 1497.26
1775221976, 158, 388, 421, 0, 0, 0.54%, 0, 0, 11, 1339.51
1775221981, 159, 63, 421, 0, 0, 0.54%, 0, 0, 11, 1440.10
1775221986, 159, 100, 421, 0, 0, 0.54%, 0, 0, 11, 1575.40
1775221991, 159, 201, 421, 0, 0, 0.54%, 0, 0, 11, 1460.54
1775221996, 159, 312, 421, 0, 0, 0.54%, 0, 0, 11, 1461.61
1775222001, 159, 357, 421, 0, 0, 0.54%, 0, 0, 11, 1405.78
1775222006, 159, 415, 421, 0, 0, 0.54%, 0, 0, 11, 1122.77
1775222011, 160, 63, 421, 0, 0, 0.54%, 0, 0, 11, 1345.88
1775222016, 160, 92, 421, 0, 0, 0.54%, 0, 0, 11, 1448.47
1775222022, 160, 147, 421, 0, 0, 0.54%, 0, 0, 11, 1595.20
1775222027, 160, 321, 421, 0, 0, 0.54%, 0, 0, 11, 1411.45
1775222032, 160, 354, 421, 0, 0, 0.54%, 0, 0, 11, 1198.60
1775222037, 161, 22, 421, 0, 0, 0.54%, 0, 0, 11, 1367.51
1775222042, 161, 80, 421, 0, 0, 0.54%, 0, 0, 11, 1582.06
1775222047, 161, 147, 421, 0, 0, 0.54%, 0, 0, 11, 1464.01
1775222052, 161, 245, 421, 0, 0, 0.54%, 0, 0, 11, 1461.49
1775222057, 161, 349, 421, 0, 0, 0.54%, 0, 0, 11, 1304.79
1775222062, 161, 412, 421, 0, 0, 0.54%, 0, 0, 11, 1195.87
1775222067, 162, 69, 421, 0, 0, 0.54%, 0, 0, 11, 1512.98
1775222072, 162, 111, 421, 0, 0, 0.54%, 0, 0, 11, 1550.36
1775222077, 162, 217, 421, 0, 0, 0.54%, 0, 0, 11, 1427.85
1775222082, 162, 341, 421, 0, 0, 0.54%, 0, 0, 11, 1414.26
1775222087, 162, 385, 421, 0, 0, 0.54%, 0, 0, 11, 1343.18
1775222092, 163, 11, 421, 0, 0, 0.54%, 0, 0, 11, 1305.67
1775222097, 163, 84, 421, 0, 0, 0.54%, 0, 0, 11, 1547.74
1775222102, 163, 126, 421, 0, 0, 0.54%, 0, 0, 11, 1530.46
1775222108, 163, 236, 421, 0, 0, 0.54%, 0, 0, 11, 1397.78
1775222113, 163, 354, 421, 0, 0, 0.54%, 0, 0, 11, 1411.81
1775222118, 163, 402, 421, 0, 0, 0.54%, 0, 0, 11, 1164.38
1775222123, 164, 41, 421, 0, 0, 0.54%, 0, 0, 11, 1348.93
1775222128, 164, 86, 421, 0, 0, 0.54%, 0, 0, 11, 1410.98
1775222133, 164, 143, 421, 0, 0, 0.54%, 0, 0, 11, 1443.27
1775222138, 164, 307, 421, 0, 0, 0.54%, 0, 0, 11, 1563.85
1775222143, 164, 349, 421, 0, 0, 0.54%, 0, 0, 11, 1418.70
1775222148, 164, 385, 421, 0, 0, 0.54%, 0, 0, 11, 1198.84
1775222154, 164, 403, 421, 0, 0, 0.54%, 0, 0, 11, 807.55
1775222159, 165, 63, 421, 0, 0, 0.54%, 0, 0, 11, 1356.09
1775222164, 165, 111, 421, 0, 0, 0.54%, 0, 0, 11, 1504.99
1775222169, 165, 186, 421, 0, 0, 0.54%, 0, 0, 11, 1527.44
1775222174, 165, 312, 421, 0, 0, 0.54%, 0, 0, 11, 1458.97
1775222179, 165, 385, 421, 0, 0, 0.54%, 0, 0, 11, 1375.52
1775222184, 166, 79, 421, 0, 0, 0.54%, 0, 0, 11, 1323.75
1775222189, 166, 111, 421, 0, 0, 0.54%, 0, 0, 11, 1491.35
1775222194, 166, 239, 422, 1, 0, 0.54%, 0, 0, 11, 1478.01
1775222200, 166, 357, 422, 1, 0, 0.54%, 0, 0, 11, 1402.58
1775222205, 166, 377, 422, 1, 0, 0.54%, 0, 0, 11, 1338.71
1775222210, 167, 34, 422, 1, 0, 0.54%, 0, 0, 11, 1204.94
1775222215, 167, 86, 422, 1, 0, 0.54%, 0, 0, 11, 1489.52
1775222220, 167, 158, 422, 1, 0, 0.54%, 0, 0, 11, 1506.30
1775222225, 167, 258, 422, 1, 0, 0.54%, 0, 0, 11, 1425.27
1775222230, 167, 349, 422, 1, 0, 0.54%, 0, 0, 11, 1415.36
1775222236, 167, 385, 422, 1, 0, 0.54%, 0, 0, 11, 1294.14
1775222241, 168, 63, 422, 1, 0, 0.54%, 0, 0, 11, 1261.59
1775222246, 168, 111, 422, 1, 0, 0.54%, 0, 0, 11, 1370.13
1775222251, 168, 202, 422, 1, 0, 0.54%, 0, 0, 11, 1464.91
1775222256, 168, 315, 422, 1, 0, 0.54%, 0, 0, 11, 1574.60
1775222261, 168, 358, 422, 1, 0, 0.54%, 0, 0, 11, 1509.25
1775222266, 168, 385, 422, 1, 0, 0.54%, 0, 0, 11, 1298.23
1775222271, 169, 13, 422, 1, 0, 0.54%, 0, 0, 11, 1094.49
1775222277, 169, 86, 422, 1, 0, 0.54%, 0, 0, 11, 1373.33
1775222282, 169, 121, 422, 1, 0, 0.54%, 0, 0, 11, 1510.38
1775222287, 169, 158, 422, 1, 0, 0.54%, 0, 0, 11, 1366.13
1775222292, 169, 263, 422, 1, 0, 0.54%, 0, 0, 11, 1357.70
1775222297, 169, 325, 422, 1, 0, 0.54%, 0, 0, 11, 1392.04
1775222302, 169, 373, 422, 1, 0, 0.54%, 0, 0, 11, 1375.33
1775222307, 169, 398, 422, 1, 0, 0.54%, 0, 0, 11, 991.61
1775222312, 170, 80, 422, 1, 0, 0.54%, 0, 0, 11, 1560.36
1775222317, 170, 112, 422, 1, 0, 0.54%, 0, 0, 11, 1420.76
1775222323, 170, 267, 422, 1, 0, 0.54%, 0, 0, 11, 1516.14
1775222328, 170, 370, 422, 1, 0, 0.54%, 0, 0, 11, 1396.24
1775222333, 170, 391, 422, 1, 0, 0.54%, 0, 0, 11, 1198.29
1775222338, 170, 398, 422, 1, 0, 0.54%, 0, 0, 11, 1233.33
1775222343, 171, 8, 422, 1, 0, 0.54%, 0, 0, 11, 1151.47
1775222348, 171, 86, 422, 1, 0, 0.54%, 0, 0, 11, 1490.67
1775222353, 171, 147, 422, 1, 0, 0.54%, 0, 0, 11, 1433.96
1775222358, 171, 254, 422, 1, 0, 0.54%, 0, 0, 11, 1491.96
1775222363, 171, 353, 422, 1, 0, 0.54%, 0, 0, 11, 1592.33
1775222369, 171, 385, 422, 1, 0, 0.54%, 0, 0, 11, 1421.08
1775222374, 171, 406, 422, 1, 0, 0.54%, 0, 0, 11, 950.92
1775222379, 172, 66, 422, 1, 0, 0.54%, 0, 0, 11, 1189.79
1775222384, 172, 100, 422, 1, 0, 0.54%, 0, 0, 11, 1514.18
1775222389, 172, 192, 422, 1, 0, 0.54%, 0, 0, 11, 1497.15
1775222394, 172, 352, 422, 1, 0, 0.54%, 0, 0, 11, 1581.25
1775222399, 172, 358, 422, 1, 0, 0.54%, 0, 0, 11, 1491.03
1775222404, 172, 391, 422, 1, 0, 0.54%, 0, 0, 11, 1270.66
1775222409, 172, 403, 422, 1, 0, 0.54%, 0, 0, 11, 967.87
1775222414, 173, 63, 422, 1, 0, 0.54%, 0, 0, 11, 1332.41
1775222420, 173, 96, 422, 1, 0, 0.54%, 0, 0, 11, 1507.87
1775222425, 173, 147, 422, 1, 0, 0.54%, 0, 0, 11, 1553.56
1775222430, 173, 287, 422, 1, 0, 0.54%, 0, 0, 11, 1543.99
1775222435, 173, 385, 422, 1, 0, 0.54%, 0, 0, 11, 1477.23
1775222440, 174, 14, 422, 1, 0, 0.54%, 0, 0, 11, 1252.85
1775222445, 174, 91, 422, 1, 0, 0.54%, 0, 0, 11, 1462.90
1775222450, 174, 162, 422, 1, 0, 0.54%, 0, 0, 11, 1461.61
1775222455, 174, 235, 422, 1, 0, 0.54%, 0, 0, 11, 1503.91
1775222460, 174, 366, 422, 1, 0, 0.54%, 0, 0, 11, 1491.13
1775222466, 174, 416, 422, 1, 0, 0.54%, 0, 0, 11, 1578.03
1775222471, 175, 91, 422, 1, 0, 0.54%, 0, 0, 11, 1610.99
1775222476, 175, 147, 422, 1, 0, 0.54%, 0, 0, 11, 1463.97
1775222481, 175, 196, 422, 1, 0, 0.54%, 0, 0, 11, 1496.51
1775222486, 175, 296, 422, 1, 0, 0.54%, 0, 0, 11, 1539.65
1775222491, 175, 357, 422, 1, 0, 0.54%, 0, 0, 11, 1471.21
1775222496, 175, 362, 422, 1, 0, 0.54%, 0, 0, 11, 1298.22
1775222501, 175, 385, 422, 1, 0, 0.54%, 0, 0, 11, 1391.62
1775222506, 175, 421, 422, 1, 0, 0.54%, 0, 0, 11, 223.17
1775222511, 176, 22, 422, 0, 0, 0.54%, 0, 0, 11, 1046.57
1775222516, 176, 91, 422, 0, 0, 0.54%, 0, 0, 11, 1385.27
1775222521, 176, 146, 422, 0, 0, 0.54%, 0, 0, 11, 1436.98
1775222527, 176, 182, 422, 0, 0, 0.54%, 0, 0, 11, 1520.44
1775222532, 176, 236, 422, 0, 0, 0.54%, 0, 0, 11, 1642.22
1775222537, 176, 354, 422, 0, 0, 0.54%, 0, 0, 11, 1524.69
1775222542, 176, 385, 422, 0, 0, 0.54%, 0, 0, 11, 1400.72
1775222547, 177, 91, 422, 0, 0, 0.54%, 0, 0, 11, 1498.97
1775222552, 177, 165, 422, 0, 0, 0.54%, 0, 0, 11, 1538.30
1775222557, 177, 261, 422, 0, 0, 0.54%, 0, 0, 11, 1413.10
1775222562, 177, 349, 422, 0, 0, 0.54%, 0, 0, 11, 1431.15
1775222567, 177, 385, 422, 0, 0, 0.54%, 0, 0, 11, 1417.11
1775222572, 178, 79, 422, 0, 0, 0.54%, 0, 0, 11, 1446.25
1775222577, 178, 147, 422, 0, 0, 0.54%, 0, 0, 11, 1455.90
1775222582, 178, 274, 422, 0, 0, 0.54%, 0, 0, 11, 1515.38
1775222587, 178, 371, 422, 0, 0, 0.54%, 0, 0, 11, 1411.19
1775222593, 178, 393, 422, 0, 0, 0.54%, 0, 0, 11, 1178.86
1775222598, 179, 80, 422, 0, 0, 0.54%, 0, 0, 11, 1471.37
1775222603, 179, 119, 422, 0, 0, 0.54%, 0, 0, 11, 1572.43
1775222608, 179, 196, 422, 0, 0, 0.54%, 0, 0, 11, 1557.23
1775222613, 179, 325, 422, 0, 0, 0.54%, 0, 0, 11, 1414.93
1775222618, 179, 362, 422, 0, 0, 0.54%, 0, 0, 11, 1394.27
1775222623, 179, 387, 422, 0, 0, 0.54%, 0, 0, 11, 1197.56
1775222628, 179, 394, 422, 0, 0, 0.54%, 0, 0, 11, 1167.29
1775222634, 180, 63, 422, 0, 0, 0.54%, 0, 0, 11, 1411.10
1775222639, 180, 91, 422, 0, 0, 0.54%, 0, 0, 11, 1453.19
1775222644, 180, 147, 422, 0, 0, 0.54%, 0, 0, 11, 1474.80
1775222649, 180, 229, 422, 0, 0, 0.54%, 0, 0, 11, 1502.18
1775222654, 180, 345, 422, 0, 0, 0.54%, 0, 0, 11, 1527.23
1775222659, 180, 380, 422, 0, 0, 0.54%, 0, 0, 11, 1400.26
1775222664, 180, 416, 422, 0, 0, 0.54%, 0, 0, 11, 1216.16
1775222669, 181, 31, 422, 0, 0, 0.54%, 0, 0, 11, 1309.68
1775222674, 181, 80, 422, 0, 0, 0.54%, 0, 0, 11, 1453.87
1775222680, 181, 106, 422, 0, 0, 0.54%, 0, 0, 11, 1523.80
1775222685, 181, 195, 422, 0, 0, 0.54%, 0, 0, 11, 1474.31
1775222690, 181, 349, 422, 0, 0, 0.54%, 0, 0, 11, 1471.01
1775222695, 181, 412, 422, 0, 0, 0.54%, 0, 0, 11, 1231.28
1775222700, 182, 79, 422, 0, 0, 0.54%, 0, 0, 11, 1483.52
1775222705, 182, 102, 422, 0, 0, 0.54%, 0, 0, 11, 1450.02
1775222710, 182, 179, 422, 0, 0, 0.54%, 0, 0, 11, 1530.54
1775222715, 182, 216, 422, 0, 0, 0.54%, 0, 0, 11, 1456.45
1775222720, 182, 290, 422, 0, 0, 0.54%, 0, 0, 11, 1554.50
1775222725, 182, 368, 422, 0, 0, 0.54%, 0, 0, 11, 1430.73
1775222731, 182, 392, 422, 0, 0, 0.54%, 0, 0, 11, 1158.31
1775222736, 183, 91, 422, 0, 0, 0.54%, 0, 0, 11, 1514.98
1775222741, 183, 130, 422, 0, 0, 0.54%, 0, 0, 11, 1462.08
1775222746, 183, 182, 422, 0, 0, 0.54%, 0, 0, 11, 1481.20
1775222751, 183, 285, 422, 0, 0, 0.54%, 0, 0, 11, 1520.41
1775222756, 183, 385, 422, 0, 0, 0.54%, 0, 0, 11, 1459.07
1775222761, 183, 415, 422, 0, 0, 0.54%, 0, 0, 11, 972.96
1775222766, 184, 66, 422, 0, 0, 0.54%, 0, 0, 11, 1451.79
1775222771, 184, 100, 422, 0, 0, 0.54%, 0, 0, 11, 1475.09
1775222776, 184, 204, 422, 0, 0, 0.54%, 0, 0, 11, 1492.96
1775222781, 184, 291, 422, 0, 0, 0.54%, 0, 0, 11, 1508.35
1775222786, 184, 354, 422, 0, 0, 0.54%, 0, 0, 11, 1408.66
1775222792, 184, 398, 422, 0, 0, 0.54%, 0, 0, 11, 1020.15
1775222797, 184, 405, 422, 0, 0, 0.54%, 0, 0, 11, 920.22
1775222802, 185, 34, 422, 0, 0, 0.54%, 0, 0, 11, 1259.12
1775222807, 185, 91, 422, 0, 0, 0.54%, 0, 0, 11, 1516.53
1775222812, 185, 179, 422, 0, 0, 0.54%, 0, 0, 11, 1550.36
1775222817, 185, 349, 422, 0, 0, 0.54%, 0, 0, 11, 1442.45
1775222822, 186, 3, 423, 1, 0, 0.54%, 0, 0, 11, 1257.36
1775222827, 186, 79, 423, 1, 0, 0.54%, 0, 0, 11, 1525.25
1775222832, 186, 100, 423, 1, 0, 0.54%, 0, 0, 11, 1479.67
1775222837, 186, 197, 423, 1, 0, 0.54%, 0, 0, 11, 1492.17
1775222842, 186, 349, 423, 1, 0, 0.54%, 0, 0, 11, 1392.19
1775222847, 186, 387, 423, 1, 0, 0.54%, 0, 0, 11, 1335.35
1775222853, 186, 422, 423, 1, 0, 0.54%, 0, 0, 11, 1149.04
1775222858, 187, 44, 423, 0, 0, 0.54%, 0, 0, 11, 1408.01
1775222863, 187, 92, 423, 0, 0, 0.54%, 0, 0, 11, 1532.94
1775222868, 187, 177, 423, 0, 0, 0.54%, 0, 0, 11, 1441.34
1775222873, 187, 252, 423, 0, 0, 0.54%, 0, 0, 11, 1566.95
1775222878, 187, 385, 423, 0, 0, 0.54%, 0, 0, 11, 1402.38
1775222883, 188, 80, 423, 0, 0, 0.54%, 0, 0, 11, 1535.95
1775222888, 188, 109, 423, 0, 0, 0.54%, 0, 0, 11, 1559.15
1775222893, 188, 218, 423, 0, 0, 0.54%, 0, 0, 11, 1420.20
1775222899, 188, 349, 423, 0, 0, 0.54%, 0, 0, 11, 1379.16
1775222904, 188, 385, 423, 0, 0, 0.54%, 0, 0, 11, 1309.09
1775222909, 189, 40, 423, 0, 0, 0.54%, 0, 0, 11, 1327.47
1775222914, 189, 80, 423, 0, 0, 0.54%, 0, 0, 11, 1598.16
1775222919, 189, 111, 423, 0, 0, 0.54%, 0, 0, 11, 1504.12
1775222924, 189, 215, 423, 0, 0, 0.54%, 0, 0, 11, 1422.23
1775222929, 189, 349, 423, 0, 0, 0.54%, 0, 0, 11, 1399.76
1775222934, 189, 362, 423, 0, 0, 0.54%, 0, 0, 11, 1386.14
1775222939, 190, 72, 423, 0, 0, 0.54%, 0, 0, 11, 1549.34
1775222944, 190, 100, 423, 0, 0, 0.54%, 0, 0, 11, 1574.79
1775222950, 190, 162, 423, 0, 0, 0.54%, 0, 0, 11, 1431.76
1775222955, 190, 235, 423, 0, 0, 0.54%, 0, 0, 11, 1544.87
1775222960, 190, 354, 423, 0, 0, 0.54%, 0, 0, 11, 1344.98
1775222965, 190, 392, 423, 0, 0, 0.54%, 0, 0, 11, 1098.94
1775222970, 191, 72, 423, 0, 0, 0.54%, 0, 0, 11, 1430.93
1775222975, 191, 100, 423, 0, 0, 0.54%, 0, 0, 11, 1496.97
1775222980, 191, 147, 423, 0, 0, 0.54%, 0, 0, 11, 1465.70
1775222985, 191, 245, 423, 0, 0, 0.54%, 0, 0, 11, 1449.57
1775222991, 191, 297, 423, 0, 0, 0.54%, 0, 0, 11, 1489.64
1775222996, 191, 363, 423, 0, 0, 0.54%, 0, 0, 11, 1469.20
1775223001, 191, 378, 423, 0, 0, 0.54%, 0, 0, 11, 890.64
1775223006, 191, 402, 423, 0, 0, 0.54%, 0, 0, 11, 926.23
1775223011, 192, 79, 423, 0, 0, 0.54%, 0, 0, 11, 1246.10
1775223016, 192, 111, 423, 0, 0, 0.54%, 0, 0, 11, 1373.01
1775223021, 192, 156, 423, 0, 0, 0.54%, 0, 0, 11, 1469.33
1775223026, 192, 225, 423, 0, 0, 0.54%, 0, 0, 11, 1452.84
1775223031, 192, 349, 423, 0, 0, 0.54%, 0, 0, 11, 1461.31
1775223036, 192, 384, 423, 0, 0, 0.54%, 0, 0, 11, 1353.91
1775223041, 193, 63, 423, 0, 0, 0.54%, 0, 0, 11, 1441.88
1775223046, 193, 100, 423, 0, 0, 0.54%, 0, 0, 11, 1442.59
1775223051, 193, 196, 423, 0, 0, 0.54%, 0, 0, 11, 1462.47
1775223056, 193, 277, 423, 0, 0, 0.54%, 0, 0, 11, 1490.17
1775223062, 193, 357, 423, 0, 0, 0.54%, 0, 0, 11, 1332.64
1775223067, 193, 404, 423, 0, 0, 0.54%, 0, 0, 11, 956.04
1775223072, 194, 63, 423, 0, 0, 0.54%, 0, 0, 11, 1352.04
1775223077, 194, 111, 423, 0, 0, 0.54%, 0, 0, 11, 1424.41
1775223082, 194, 196, 423, 0, 0, 0.54%, 0, 0, 11, 1475.34
1775223087, 194, 253, 423, 0, 0, 0.54%, 0, 0, 11, 1436.25
1775223092, 194, 354, 423, 0, 0, 0.54%, 0, 0, 11, 1340.49
1775223097, 194, 408, 423, 0, 0, 0.54%, 0, 0, 11, 1229.85
1775223102, 195, 30, 423, 0, 0, 0.54%, 0, 0, 11, 1488.50
1775223107, 195, 100, 423, 0, 0, 0.54%, 0, 0, 11, 1483.65
1775223112, 195, 196, 423, 0, 0, 0.54%, 0, 0, 11, 1492.31
1775223117, 195, 246, 423, 0, 0, 0.54%, 0, 0, 11, 1443.66
1775223122, 195, 325, 423, 0, 0, 0.54%, 0, 0, 11, 1352.56
1775223127, 195, 363, 423, 0, 0, 0.54%, 0, 0, 11, 1186.42
1775223132, 195, 392, 423, 0, 0, 0.54%, 0, 0, 11, 1392.03
1775223138, 196, 62, 423, 0, 0, 0.54%, 0, 0, 11, 1382.92
1775223143, 196, 86, 423, 0, 0, 0.54%, 0, 0, 11, 1480.24
1775223148, 196, 138, 423, 0, 0, 0.54%, 0, 0, 11, 1476.80
1775223153, 196, 225, 423, 0, 0, 0.54%, 0, 0, 11, 1473.24
1775223158, 196, 325, 423, 0, 0, 0.54%, 0, 0, 11, 1408.95
1775223163, 196, 371, 423, 0, 0, 0.54%, 0, 0, 11, 1313.81
1775223168, 196, 404, 423, 0, 0, 0.54%, 0, 0, 11, 990.03
1775223173, 197, 100, 423, 0, 0, 0.54%, 0, 0, 11, 1448.26
1775223178, 197, 159, 423, 0, 0, 0.54%, 0, 0, 11, 1406.89
1775223184, 197, 297, 423, 0, 0, 0.54%, 0, 0, 11, 1448.74
1775223189, 197, 357, 423, 0, 0, 0.54%, 0, 0, 11, 1355.96
1775223194, 197, 398, 423, 0, 0, 0.54%, 0, 0, 11, 1092.89
1775223199, 197, 406, 423, 0, 0, 0.54%, 0, 0, 11, 885.00
1775223204, 198, 23, 424, 1, 0, 0.54%, 0, 0, 11, 1312.69
1775223209, 198, 91, 424, 1, 0, 0.54%, 0, 0, 11, 1412.44
1775223214, 198, 147, 424, 1, 0, 0.54%, 0, 0, 11, 1446.31
1775223219, 198, 222, 424, 1, 0, 0.54%, 0, 0, 11, 1419.93
1775223224, 198, 354, 424, 1, 0, 0.54%, 0, 0, 11, 1392.79
1775223229, 198, 385, 424, 1, 0, 0.54%, 0, 0, 11, 1427.10
1775223235, 198, 405, 424, 1, 0, 0.54%, 0, 0, 11, 983.17
1775223240, 199, 22, 424, 1, 0, 0.54%, 0, 0, 11, 1123.41
1775223245, 199, 80, 424, 1, 0, 0.54%, 0, 0, 11, 1440.11
1775223250, 199, 100, 424, 1, 0, 0.54%, 0, 0, 11, 1527.33
1775223255, 199, 196, 424, 1, 0, 0.54%, 0, 0, 11, 1488.02
1775223260, 199, 325, 424, 1, 0, 0.54%, 0, 0, 11, 1463.37
1775223265, 199, 403, 424, 1, 0, 0.54%, 0, 0, 11, 1204.90
1775223270, 199, 421, 424, 1, 0, 0.54%, 0, 0, 11, 1031.84
1775223275, 200, 69, 424, 1, 0, 0.54%, 0, 0, 11, 1351.16
1775223281, 200, 93, 424, 1, 0, 0.54%, 0, 0, 11, 1469.06
1775223286, 200, 196, 424, 1, 0, 0.54%, 0, 0, 11, 1495.96
1775223291, 200, 322, 424, 1, 0, 0.54%, 0, 0, 11, 1451.12
1775223296, 200, 385, 424, 1, 0, 0.54%, 0, 0, 11, 1299.31
1775223301, 201, 80, 424, 1, 0, 0.54%, 0, 0, 11, 1512.56
1775223306, 201, 105, 424, 1, 0, 0.54%, 0, 0, 11, 1429.26
1775223311, 201, 232, 424, 1, 0, 0.54%, 0, 0, 11, 1529.40
1775223316, 201, 349, 424, 1, 0, 0.54%, 0, 0, 11, 1381.09
1775223321, 201, 394, 424, 1, 0, 0.54%, 0, 0, 11, 1253.47
1775223326, 202, 22, 424, 1, 0, 0.54%, 0, 0, 11, 1226.08
1775223331, 202, 87, 424, 1, 0, 0.54%, 0, 0, 11, 1380.71
1775223336, 202, 111, 424, 1, 0, 0.54%, 0, 0, 11, 1334.49
1775223341, 202, 226, 424, 1, 0, 0.54%, 0, 0, 11, 1447.87
1775223346, 202, 319, 424, 1, 0, 0.54%, 0, 0, 11, 1607.41
1775223351, 202, 352, 424, 1, 0, 0.54%, 0, 0, 11, 1341.63
1775223357, 203, 19, 424, 1, 0, 0.54%, 0, 0, 11, 1297.41
1775223362, 203, 79, 424, 1, 0, 0.54%, 0, 0, 11, 1406.05
1775223367, 203, 120, 424, 1, 0, 0.54%, 0, 0, 11, 1398.79
1775223372, 203, 258, 424, 1, 0, 0.54%, 0, 0, 11, 1462.17
1775223377, 203, 349, 424, 1, 0, 0.54%, 0, 0, 11, 1418.53
1775223382, 203, 415, 424, 1, 0, 0.54%, 0, 0, 11, 1228.96
1775223387, 203, 422, 424, 1, 0, 0.54%, 0, 0, 11, 1419.10
1775223393, 204, 13, 424, 0, 0, 0.54%, 0, 0, 11, 1461.46
1775223398, 204, 79, 424, 0, 0, 0.54%, 0, 0, 11, 1508.50
1775223403, 204, 111, 424, 0, 0, 0.54%, 0, 0, 11, 1520.55
1775223408, 204, 192, 424, 0, 0, 0.54%, 0, 0, 11, 1540.68
1775223413, 204, 249, 424, 0, 0, 0.54%, 0, 0, 11, 1485.70
1775223418, 204, 354, 424, 0, 0, 0.54%, 0, 0, 11, 1317.24
1775223423, 204, 399, 424, 0, 0, 0.54%, 0, 0, 11, 1117.68
1775223428, 205, 86, 424, 0, 0, 0.54%, 0, 0, 11, 1532.25
1775223433, 205, 147, 424, 0, 0, 0.54%, 0, 0, 11, 1527.76
1775223438, 205, 230, 424, 0, 0, 0.54%, 0, 0, 11, 1425.08
1775223444, 205, 354, 424, 0, 0, 0.54%, 0, 0, 11, 1417.12
1775223449, 205, 385, 424, 0, 0, 0.54%, 0, 0, 11, 1351.12
1775223454, 206, 40, 424, 0, 0, 0.54%, 0, 0, 11, 1393.12
1775223459, 206, 91, 424, 0, 0, 0.54%, 0, 0, 11, 1511.08
1775223464, 206, 147, 424, 0, 0, 0.54%, 0, 0, 11, 1449.73
1775223469, 206, 243, 424, 0, 0, 0.54%, 0, 0, 11, 1557.45
1775223474, 206, 305, 424, 0, 0, 0.54%, 0, 0, 11, 1478.78
1775223479, 206, 371, 424, 0, 0, 0.54%, 0, 0, 11, 1359.15
1775223484, 206, 422, 424, 0, 0, 0.54%, 0, 0, 11, 1356.70
1775223489, 207, 86, 424, 0, 0, 0.54%, 0, 0, 11, 1529.54
1775223494, 207, 196, 424, 0, 0, 0.54%, 0, 0, 11, 1414.22
1775223499, 207, 354, 424, 0, 0, 0.54%, 0, 0, 11, 1401.52
1775223504, 207, 407, 424, 0, 0, 0.54%, 0, 0, 11, 1054.38
1775223509, 208, 63, 424, 0, 0, 0.54%, 0, 0, 11, 1246.71
1775223514, 208, 91, 424, 0, 0, 0.54%, 0, 0, 11, 1336.62
1775223520, 208, 147, 424, 0, 0, 0.54%, 0, 0, 11, 1442.82
1775223525, 208, 194, 424, 0, 0, 0.54%, 0, 0, 11, 1461.02
1775223530, 208, 325, 424, 0, 0, 0.54%, 0, 0, 11, 1416.23
1775223535, 208, 380, 424, 0, 0, 0.54%, 0, 0, 11, 1348.04
1775223540, 209, 22, 424, 0, 0, 0.54%, 0, 0, 11, 1319.77
1775223545, 209, 86, 424, 0, 0, 0.54%, 0, 0, 11, 1415.77
1775223550, 209, 129, 424, 0, 0, 0.54%, 0, 0, 11, 1494.65
1775223555, 209, 194, 424, 0, 0, 0.54%, 0, 0, 11, 1461.17
1775223560, 209, 345, 424, 0, 0, 0.54%, 0, 0, 11, 1395.08
1775223565, 209, 371, 424, 0, 0, 0.54%, 0, 0, 11, 1315.34
1775223570, 209, 391, 424, 0, 0, 0.54%, 0, 0, 11, 1100.20
1775223576, 209, 415, 424, 0, 0, 0.54%, 0, 0, 11, 977.06
1775223581, 210, 80, 424, 0, 0, 0.54%, 0, 0, 11, 1488.46
1775223586, 210, 126, 424, 0, 0, 0.54%, 0, 0, 11, 1538.23
1775223591, 210, 213, 424, 0, 0, 0.54%, 0, 0, 11, 1457.02
1775223596, 210, 279, 424, 0, 0, 0.54%, 0, 0, 11, 1434.18
1775223601, 210, 325, 424, 0, 0, 0.54%, 0, 0, 11, 1400.22
1775223606, 210, 397, 424, 0, 0, 0.54%, 0, 0, 11, 1349.44
1775223611, 211, 36, 424, 0, 0, 0.54%, 0, 0, 11, 1383.76
1775223616, 211, 86, 424, 0, 0, 0.54%, 0, 0, 11, 1473.96
1775223621, 211, 111, 424, 0, 0, 0.54%, 0, 0, 11, 1477.39
1775223626, 211, 190, 424, 0, 0, 0.54%, 0, 0, 11, 1556.93
1775223631, 211, 270, 424, 0, 0, 0.54%, 0, 0, 11, 1490.30
1775223636, 211, 351, 424, 0, 0, 0.54%, 0, 0, 11, 1526.90
1775223641, 211, 412, 424, 0, 0, 0.54%, 0, 0, 11, 1226.85
1775223646, 212, 91, 424, 0, 0, 0.54%, 0, 0, 11, 1469.02
1775223652, 212, 172, 424, 0, 0, 0.54%, 0, 0, 11, 1441.81
1775223657, 212, 287, 424, 0, 0, 0.54%, 0, 0, 11, 1498.02
1775223662, 212, 349, 424, 0, 0, 0.54%, 0, 0, 11, 1490.20
1775223667, 212, 403, 424, 0, 0, 0.54%, 0, 0, 11, 1312.23
1775223672, 213, 80, 424, 0, 0, 0.54%, 0, 0, 11, 1347.20
1775223677, 213, 132, 424, 0, 0, 0.54%, 0, 0, 11, 1511.79
1775223682, 213, 196, 424, 0, 0, 0.54%, 0, 0, 11, 1458.08
1775223687, 213, 264, 424, 0, 0, 0.54%, 0, 0, 11, 1456.20
1775223692, 213, 354, 424, 0, 0, 0.54%, 0, 0, 11, 1394.26
1775223697, 213, 400, 424, 0, 0, 0.54%, 0, 0, 11, 1204.69
1775223702, 214, 40, 424, 0, 0, 0.54%, 0, 0, 11, 1438.02
1775223708, 214, 94, 424, 0, 0, 0.54%, 0, 0, 11, 1503.23
1775223713, 214, 196, 424, 0, 0, 0.54%, 0, 0, 11, 1441.13
1775223718, 214, 277, 424, 0, 0, 0.54%, 0, 0, 11, 1434.89
1775223723, 214, 326, 424, 0, 0, 0.54%, 0, 0, 11, 1480.03
1775223728, 214, 371, 424, 0, 0, 0.54%, 0, 0, 11, 1420.20
1775223733, 215, 63, 424, 0, 0, 0.54%, 0, 0, 11, 1498.17
1775223738, 215, 100, 424, 0, 0, 0.54%, 0, 0, 11, 1539.73
1775223743, 215, 180, 424, 0, 0, 0.54%, 0, 0, 11, 1617.48
1775223748, 215, 199, 424, 0, 0, 0.54%, 0, 0, 11, 1552.21
1775223753, 215, 349, 424, 0, 0, 0.54%, 0, 0, 11, 1488.72
1775223758, 215, 398, 424, 0, 0, 0.54%, 0, 0, 11, 1066.04
1775223764, 216, 63, 424, 0, 0, 0.54%, 0, 0, 11, 1359.64
1775223769, 216, 93, 424, 0, 0, 0.54%, 0, 0, 11, 1543.48
1775223774, 216, 196, 424, 0, 0, 0.54%, 0, 0, 11, 1483.11
1775223779, 216, 280, 424, 0, 0, 0.54%, 0, 0, 11, 1445.82
1775223784, 216, 371, 424, 0, 0, 0.54%, 0, 0, 11, 1392.29
1775223789, 216, 410, 424, 0, 0, 0.54%, 0, 0, 11, 1065.44
1775223794, 217, 79, 424, 0, 0, 0.54%, 0, 0, 11, 1368.28
1775223799, 217, 111, 424, 0, 0, 0.54%, 0, 0, 11, 1460.68
1775223804, 217, 204, 424, 0, 0, 0.54%, 0, 0, 11, 1449.11
1775223809, 217, 349, 424, 0, 0, 0.54%, 0, 0, 11, 1668.18
1775223814, 218, 48, 424, 0, 0, 0.54%, 0, 0, 11, 1492.86
1775223819, 218, 80, 424, 0, 0, 0.54%, 0, 0, 11, 1484.23
1775223825, 218, 147, 424, 0, 0, 0.54%, 0, 0, 11, 1467.71
1775223830, 218, 253, 424, 0, 0, 0.54%, 0, 0, 11, 1436.43
1775223835, 218, 349, 424, 0, 0, 0.54%, 0, 0, 11, 1553.44
1775223840, 218, 389, 424, 0, 0, 0.54%, 0, 0, 11, 1311.73
1775223845, 219, 8, 424, 0, 0, 0.54%, 0, 0, 11, 1150.73
1775223850, 219, 80, 424, 0, 0, 0.54%, 0, 0, 11, 1435.16
1775223856, 219, 164, 424, 0, 0, 0.54%, 0, 0, 11, 1466.11
1775223861, 219, 319, 424, 0, 0, 0.54%, 0, 0, 11, 1499.27
1775223866, 219, 354, 424, 0, 0, 0.54%, 0, 0, 11, 1531.18
1775223871, 219, 387, 424, 0, 0, 0.54%, 0, 0, 11, 1248.13
1775223876, 219, 409, 424, 0, 0, 0.54%, 0, 0, 11, 1157.16
1775223881, 220, 63, 424, 0, 0, 0.54%, 0, 0, 11, 1260.51
1775223886, 220, 91, 424, 0, 0, 0.54%, 0, 0, 11, 1457.38
1775223891, 220, 173, 424, 0, 0, 0.54%, 0, 0, 11, 1473.81
1775223896, 220, 254, 424, 0, 0, 0.54%, 0, 0, 11, 1564.32
1775223901, 220, 342, 424, 0, 0, 0.54%, 0, 0, 11, 1446.40
1775223906, 220, 361, 424, 0, 0, 0.54%, 0, 0, 11, 1473.25
1775223911, 220, 397, 424, 0, 0, 0.54%, 0, 0, 11, 1232.08
1775223916, 220, 416, 424, 0, 0, 0.54%, 0, 0, 11, 1399.65
1775223922, 221, 63, 424, 0, 0, 0.54%, 0, 0, 11, 1449.97
1775223927, 221, 91, 424, 0, 0, 0.54%, 0, 0, 11, 1482.86
1775223932, 221, 154, 424, 0, 0, 0.54%, 0, 0, 11, 1466.27
1775223937, 221, 285, 424, 0, 0, 0.54%, 0, 0, 11, 1478.78
1775223942, 221, 354, 424, 0, 0, 0.54%, 0, 0, 11, 1379.52
1775223947, 222, 22, 424, 0, 0, 0.54%, 0, 0, 11, 1365.95
1775223952, 222, 77, 424, 0, 0, 0.54%, 0, 0, 11, 1463.61
1775223957, 222, 91, 424, 0, 0, 0.54%, 0, 0, 11, 1502.00
1775223962, 222, 169, 424, 0, 0, 0.54%, 0, 0, 11, 1497.19
1775223967, 222, 205, 424, 0, 0, 0.54%, 0, 0, 11, 1282.54
1775223973, 222, 251, 424, 0, 0, 0.54%, 0, 0, 11, 1383.54
1775223978, 222, 359, 424, 0, 0, 0.54%, 0, 0, 11, 1461.43
1775223983, 222, 418, 424, 0, 0, 0.54%, 0, 0, 11, 1141.86
1775223988, 223, 69, 424, 0, 0, 0.54%, 0, 0, 11, 1353.08
1775223993, 223, 111, 424, 0, 0, 0.54%, 0, 0, 11, 1406.95
1775223998, 223, 190, 424, 0, 0, 0.54%, 0, 0, 11, 1540.04
1775224003, 223, 301, 424, 0, 0, 0.54%, 0, 0, 11, 1523.47
1775224008, 223, 350, 424, 0, 0, 0.54%, 0, 0, 11, 1495.57
1775224014, 223, 387, 424, 0, 0, 0.54%, 0, 0, 11, 1233.04
1775224019, 223, 417, 424, 0, 0, 0.54%, 0, 0, 11, 1121.14
1775224024, 224, 79, 424, 0, 0, 0.54%, 0, 0, 11, 1403.06
1775224029, 224, 100, 424, 0, 0, 0.54%, 0, 0, 11, 1461.60
1775224034, 224, 162, 424, 0, 0, 0.54%, 0, 0, 11, 1447.08
1775224039, 224, 244, 424, 0, 0, 0.54%, 0, 0, 11, 1443.35
1775224044, 224, 352, 424, 0, 0, 0.54%, 0, 0, 11, 1480.21
1775224049, 224, 403, 424, 0, 0, 0.54%, 0, 0, 11, 1132.28
1775224054, 224, 407, 424, 0, 0, 0.54%, 0, 0, 11, 884.20
1775224059, 225, 64, 424, 0, 0, 0.54%, 0, 0, 11, 1381.30
1775224064, 225, 92, 424, 0, 0, 0.54%, 0, 0, 11, 279.48
1775224070, 225, 147, 424, 0, 0, 0.54%, 0, 0, 11, 1263.15
1775224075, 225, 205, 424, 0, 0, 0.54%, 0, 0, 11, 1404.50
1775224080, 225, 349, 424, 0, 0, 0.54%, 0, 0, 11, 1431.53
1775224085, 225, 389, 424, 0, 0, 0.54%, 0, 0, 11, 1407.46
1775224090, 225, 422, 424, 0, 0, 0.54%, 0, 0, 11, 1025.15
1775224095, 226, 22, 424, 0, 0, 0.54%, 0, 0, 11, 1264.55
1775224100, 226, 91, 424, 0, 0, 0.54%, 0, 0, 11, 1491.32
1775224105, 226, 147, 424, 0, 0, 0.54%, 0, 0, 11, 1410.13
1775224110, 226, 211, 424, 0, 0, 0.54%, 0, 0, 11, 1528.88
1775224115, 226, 307, 424, 0, 0, 0.54%, 0, 0, 11, 1446.11
1775224120, 226, 354, 424, 0, 0, 0.54%, 0, 0, 11, 1470.24
1775224125, 227, 63, 424, 0, 0, 0.54%, 0, 0, 11, 1389.09
1775224130, 227, 100, 424, 0, 0, 0.54%, 0, 0, 11, 1509.51
1775224135, 227, 230, 424, 0, 0, 0.54%, 0, 0, 11, 1537.55
1775224140, 227, 349, 424, 0, 0, 0.54%, 0, 0, 11, 1460.38
1775224146, 227, 379, 424, 0, 0, 0.54%, 0, 0, 11, 1371.24
1775224151, 228, 63, 424, 0, 0, 0.54%, 0, 0, 11, 1335.22
1775224156, 228, 99, 424, 0, 0, 0.54%, 0, 0, 11, 1481.47
1775224161, 228, 132, 424, 0, 0, 0.54%, 0, 0, 11, 1446.78
1775224166, 228, 295, 424, 0, 0, 0.54%, 0, 0, 11, 1517.26
1775224171, 228, 385, 424, 0, 0, 0.54%, 0, 0, 11, 1450.55
1775224176, 229, 59, 424, 0, 0, 0.54%, 0, 0, 11, 1471.38
1775224181, 229, 100, 424, 0, 0, 0.54%, 0, 0, 11, 1580.09
1775224186, 229, 147, 424, 0, 0, 0.54%, 0, 0, 11, 1530.90
1775224192, 229, 321, 424, 0, 0, 0.54%, 0, 0, 11, 1443.42
1775224197, 229, 362, 424, 0, 0, 0.54%, 0, 0, 11, 1352.90
1775224202, 230, 80, 424, 0, 0, 0.54%, 0, 0, 11, 1545.83
1775224207, 230, 107, 424, 0, 0, 0.54%, 0, 0, 11, 1439.39
1775224212, 230, 196, 424, 0, 0, 0.54%, 0, 0, 11, 1402.56
1775224217, 230, 354, 424, 0, 0, 0.54%, 0, 0, 11, 1417.39
1775224222, 230, 407, 424, 0, 0, 0.54%, 0, 0, 11, 1133.71
1775224227, 231, 65, 424, 0, 0, 0.54%, 0, 0, 11, 1168.24
1775224232, 231, 100, 424, 0, 0, 0.54%, 0, 0, 11, 1353.69
1775224237, 231, 179, 424, 0, 0, 0.54%, 0, 0, 11, 1458.75
1775224242, 231, 254, 424, 0, 0, 0.54%, 0, 0, 11, 1365.93
1775224248, 231, 385, 424, 0, 0, 0.54%, 0, 0, 11, 1423.78
1775224253, 231, 416, 424, 0, 0, 0.54%, 0, 0, 11, 1268.09
1775224258, 232, 86, 424, 0, 0, 0.54%, 0, 0, 11, 1460.68
1775224263, 232, 140, 424, 0, 0, 0.54%, 0, 0, 11, 1449.04
1775224268, 232, 259, 424, 0, 0, 0.54%, 0, 0, 11, 1463.00
1775224273, 232, 325, 424, 0, 0, 0.54%, 0, 0, 11, 1465.27
1775224278, 232, 385, 424, 0, 0, 0.54%, 0, 0, 11, 1375.56
1775224283, 233, 70, 424, 0, 0, 0.54%, 0, 0, 11, 1595.22
1775224288, 233, 111, 424, 0, 0, 0.54%, 0, 0, 11, 1523.23
1775224293, 233, 147, 424, 0, 0, 0.54%, 0, 0, 11, 1388.71
1775224298, 233, 196, 424, 0, 0, 0.54%, 0, 0, 11, 1570.25
1775224303, 233, 268, 424, 0, 0, 0.54%, 0, 0, 11, 1497.86
1775224309, 233, 358, 424, 0, 0, 0.54%, 0, 0, 11, 1467.36
1775224314, 234, 22, 424, 0, 0, 0.54%, 0, 0, 11, 1171.29
1775224319, 234, 91, 424, 0, 0, 0.54%, 0, 0, 11, 1508.23
1775224324, 234, 181, 424, 0, 0, 0.54%, 0, 0, 11, 1527.17
1775224329, 234, 216, 424, 0, 0, 0.54%, 0, 0, 11, 1489.01
1775224334, 234, 349, 424, 0, 0, 0.54%, 0, 0, 11, 1464.82
1775224339, 234, 416, 424, 0, 0, 0.54%, 0, 0, 11, 1281.23
1775224344, 235, 63, 424, 0, 0, 0.54%, 0, 0, 11, 1565.35
1775224349, 235, 91, 424, 0, 0, 0.54%, 0, 0, 11, 1558.23
1775224355, 235, 196, 424, 0, 0, 0.54%, 0, 0, 11, 1529.03
1775224360, 235, 313, 424, 0, 0, 0.54%, 0, 0, 11, 1542.05
1775224365, 235, 385, 424, 0, 0, 0.54%, 0, 0, 11, 1453.42
1775224370, 236, 80, 424, 0, 0, 0.54%, 0, 0, 11, 1476.73
1775224375, 236, 136, 424, 0, 0, 0.54%, 0, 0, 11, 1473.25
1775224380, 236, 196, 424, 0, 0, 0.54%, 0, 0, 11, 1435.62
1775224385, 236, 270, 424, 0, 0, 0.54%, 0, 0, 11, 1494.06
1775224390, 236, 356, 424, 0, 0, 0.54%, 0, 0, 11, 1346.62
1775224395, 236, 411, 424, 0, 0, 0.54%, 0, 0, 11, 1316.38
1775224400, 237, 75, 424, 0, 0, 0.54%, 0, 0, 11, 1455.15
1775224405, 237, 111, 424, 0, 0, 0.54%, 0, 0, 11, 1524.09
1775224411, 237, 191, 424, 0, 0, 0.54%, 0, 0, 11, 1330.81
1775224416, 237, 339, 424, 0, 0, 0.54%, 0, 0, 11, 1397.05
1775224421, 237, 367, 424, 0, 0, 0.54%, 0, 0, 11, 1493.71
1775224426, 237, 398, 424, 0, 0, 0.54%, 0, 0, 11, 1001.44
1775224431, 237, 422, 424, 0, 0, 0.54%, 0, 0, 11, 1124.08
1775224436, 238, 80, 424, 0, 0, 0.54%, 0, 0, 11, 1461.09
1775224441, 238, 111, 424, 0, 0, 0.54%, 0, 0, 11, 1530.03
1775224446, 238, 189, 424, 0, 0, 0.54%, 0, 0, 11, 1561.86
1775224451, 238, 268, 424, 0, 0, 0.54%, 0, 0, 11, 1526.28
1775224457, 238, 385, 424, 0, 0, 0.54%, 0, 0, 11, 1436.21
1775224462, 239, 14, 424, 0, 0, 0.54%, 0, 0, 11, 1227.75
1775224467, 239, 99, 424, 0, 0, 0.54%, 0, 0, 11, 1420.57
1775224472, 239, 196, 424, 0, 0, 0.54%, 0, 0, 11, 1394.24
1775224477, 239, 355, 424, 0, 0, 0.54%, 0, 0, 11, 1370.01
1775224482, 239, 398, 424, 0, 0, 0.54%, 0, 0, 11, 1303.21
1775224487, 240, 56, 424, 0, 0, 0.54%, 0, 0, 11, 1345.16
1775224492, 240, 85, 424, 0, 0, 0.54%, 0, 0, 11, 1445.03
1775224497, 240, 113, 424, 0, 0, 0.54%, 0, 0, 11, 1472.67
1775224503, 240, 186, 424, 0, 0, 0.54%, 0, 0, 11, 1532.81
1775224508, 240, 325, 424, 0, 0, 0.54%, 0, 0, 11, 1439.44
1775224513, 240, 385, 424, 0, 0, 0.54%, 0, 0, 11, 1409.53
1775224518, 240, 401, 424, 0, 0, 0.54%, 0, 0, 11, 1022.02
1775224523, 241, 79, 424, 0, 0, 0.54%, 0, 0, 11, 1405.08
1775224528, 241, 116, 424, 0, 0, 0.54%, 0, 0, 11, 1528.33
1775224534, 241, 238, 424, 0, 0, 0.54%, 0, 0, 11, 1515.91
1775224539, 241, 354, 424, 0, 0, 0.54%, 0, 0, 11, 1431.03
1775224544, 241, 405, 424, 0, 0, 0.54%, 0, 0, 11, 1012.14
1775224549, 242, 63, 424, 0, 0, 0.54%, 0, 0, 11, 1327.42
1775224554, 242, 111, 424, 0, 0, 0.54%, 0, 0, 11, 1548.73
1775224559, 242, 251, 424, 0, 0, 0.54%, 0, 0, 11, 1451.77
1775224564, 242, 306, 424, 0, 0, 0.54%, 0, 0, 11, 1463.87
1775224569, 242, 371, 424, 0, 0, 0.54%, 0, 0, 11, 1386.19
1775224574, 243, 40, 424, 0, 0, 0.54%, 0, 0, 11, 1521.68
1775224579, 243, 86, 424, 0, 0, 0.54%, 0, 0, 11, 1409.70
1775224584, 243, 154, 424, 0, 0, 0.54%, 0, 0, 11, 1485.17
1775224589, 243, 196, 424, 0, 0, 0.54%, 0, 0, 11, 1520.80
1775224594, 243, 306, 424, 0, 0, 0.54%, 0, 0, 11, 1504.85
1775224599, 243, 363, 424, 0, 0, 0.54%, 0, 0, 11, 1434.58
1775224604, 244, 59, 424, 0, 0, 0.54%, 0, 0, 11, 1413.78
1775224610, 244, 91, 424, 0, 0, 0.54%, 0, 0, 11, 1481.65
1775224615, 244, 126, 424, 0, 0, 0.54%, 0, 0, 11, 1485.54
1775224620, 244, 176, 424, 0, 0, 0.54%, 0, 0, 11, 1405.43
1775224625, 244, 271, 424, 0, 0, 0.54%, 0, 0, 11, 1459.69
1775224630, 244, 371, 424, 0, 0, 0.54%, 0, 0, 11, 1469.57
1775224635, 244, 416, 424, 0, 0, 0.54%, 0, 0, 11, 1265.72
1775224640, 245, 10, 424, 0, 0, 0.54%, 0, 0, 11, 1378.68
1775224645, 245, 86, 424, 0, 0, 0.54%, 0, 0, 11, 1531.80
1775224650, 245, 126, 424, 0, 0, 0.54%, 0, 0, 11, 1543.01
1775224655, 245, 216, 424, 0, 0, 0.54%, 0, 0, 11, 1568.28
1775224660, 245, 321, 424, 0, 0, 0.54%, 0, 0, 11, 1486.48
1775224665, 245, 385, 424, 0, 0, 0.54%, 0, 0, 11, 1382.86
1775224671, 246, 40, 424, 0, 0, 0.54%, 0, 0, 11, 1544.14
1775224676, 246, 86, 424, 0, 0, 0.54%, 0, 0, 11, 1575.38
1775224681, 246, 146, 424, 0, 0, 0.54%, 0, 0, 11, 1469.20
1775224686, 246, 209, 424, 0, 0, 0.54%, 0, 0, 11, 1517.98
1775224691, 246, 352, 424, 0, 0, 0.54%, 0, 0, 11, 1552.53
1775224696, 246, 394, 424, 0, 0, 0.54%, 0, 0, 11, 1331.85
1775224701, 247, 5, 424, 0, 0, 0.54%, 0, 0, 11, 1074.51
1775224706, 247, 89, 424, 0, 0, 0.54%, 0, 0, 11, 1355.83
1775224711, 247, 118, 424, 0, 0, 0.54%, 0, 0, 11, 1429.08
1775224716, 247, 267, 424, 0, 0, 0.54%, 0, 0, 11, 1373.90
1775224721, 247, 349, 424, 0, 0, 0.54%, 0, 0, 11, 1429.99
1775224726, 247, 389, 424, 0, 0, 0.54%, 0, 0, 11, 1264.89
1775224732, 247, 412, 424, 0, 0, 0.54%, 0, 0, 11, 1072.08
1775224737, 248, 79, 424, 0, 0, 0.54%, 0, 0, 11, 1366.00
1775224742, 248, 111, 424, 0, 0, 0.54%, 0, 0, 11, 1533.75
1775224747, 248, 202, 424, 0, 0, 0.54%, 0, 0, 11, 1538.58
1775224752, 248, 251, 424, 0, 0, 0.54%, 0, 0, 11, 1467.85
1775224757, 248, 357, 424, 0, 0, 0.54%, 0, 0, 11, 1350.67
1775224762, 249, 69, 424, 0, 0, 0.54%, 0, 0, 11, 1524.30
1775224767, 249, 111, 424, 0, 0, 0.54%, 0, 0, 11, 1504.75
1775224772, 249, 199, 424, 0, 0, 0.54%, 0, 0, 11, 1441.19
1775224777, 249, 329, 424, 0, 0, 0.54%, 0, 0, 11, 1409.08
1775224782, 249, 397, 424, 0, 0, 0.54%, 0, 0, 11, 1273.79
1775224787, 250, 32, 424, 0, 0, 0.54%, 0, 0, 11, 1227.47
1775224792, 250, 86, 424, 0, 0, 0.54%, 0, 0, 11, 1479.66
1775224797, 250, 196, 424, 0, 0, 0.54%, 0, 0, 11, 1544.71
1775224802, 250, 349, 424, 0, 0, 0.54%, 0, 0, 11, 1478.71
1775224808, 251, 2, 424, 0, 0, 0.54%, 0, 0, 11, 1330.87
1775224813, 251, 79, 424, 0, 0, 0.54%, 0, 0, 11, 1521.62
1775224818, 251, 147, 424, 0, 0, 0.54%, 0, 0, 11, 1481.95
1775224823, 251, 325, 424, 0, 0, 0.54%, 0, 0, 11, 1478.61
1775224828, 251, 385, 424, 0, 0, 0.54%, 0, 0, 11, 1373.73
1775224833, 252, 82, 424, 0, 0, 0.54%, 0, 0, 11, 1523.61
1775224838, 252, 126, 424, 0, 0, 0.54%, 0, 0, 11, 1562.34
1775224843, 252, 192, 424, 0, 0, 0.54%, 0, 0, 11, 1516.22
1775224849, 252, 312, 424, 0, 0, 0.54%, 0, 0, 11, 1518.41
1775224854, 252, 357, 424, 0, 0, 0.54%, 0, 0, 11, 1304.47
1775224859, 252, 403, 424, 0, 0, 0.54%, 0, 0, 11, 1092.04
1775224864, 253, 67, 424, 0, 0, 0.54%, 0, 0, 11, 1538.23
1775224869, 253, 91, 424, 0, 0, 0.54%, 0, 0, 11, 1495.68
1775224874, 253, 147, 424, 0, 0, 0.54%, 0, 0, 11, 1490.75
1775224879, 253, 210, 424, 0, 0, 0.54%, 0, 0, 11, 1480.35
1775224884, 253, 354, 424, 0, 0, 0.54%, 0, 0, 11, 1471.70
1775224890, 254, 63, 424, 0, 0, 0.54%, 0, 0, 11, 1468.96
1775224895, 254, 86, 424, 0, 0, 0.54%, 0, 0, 11, 1491.60
1775224900, 254, 147, 424, 0, 0, 0.54%, 0, 0, 11, 1503.85
1775224905, 254, 208, 424, 0, 0, 0.54%, 0, 0, 11, 1536.22
1775224910, 254, 325, 424, 0, 0, 0.54%, 0, 0, 11, 1465.48
1775224915, 254, 399, 424, 0, 0, 0.54%, 0, 0, 11, 1329.71
1775224920, 255, 30, 424, 0, 0, 0.54%, 0, 0, 11, 1330.50
1775224925, 255, 80, 424, 0, 0, 0.54%, 0, 0, 11, 1476.21
1775224930, 255, 147, 424, 0, 0, 0.54%, 0, 0, 11, 1509.27
1775224935, 255, 188, 424, 0, 0, 0.54%, 0, 0, 11, 1535.07
1775224940, 255, 307, 424, 0, 0, 0.54%, 0, 0, 11, 1518.41
1775224945, 255, 381, 424, 0, 0, 0.54%, 0, 0, 11, 1501.99
1775224950, 255, 405, 424, 0, 0, 0.54%, 0, 0, 11, 1055.91
1775224956, 256, 50, 424, 0, 0, 0.54%, 0, 0, 11, 1270.72
1775224961, 256, 91, 424, 0, 0, 0.54%, 0, 0, 11, 1475.76
1775224966, 256, 161, 424, 0, 0, 0.54%, 0, 0, 11, 1512.81
1775224971, 256, 292, 424, 0, 0, 0.54%, 0, 0, 11, 1483.00
1775224976, 256, 364, 424, 0, 0, 0.54%, 0, 0, 11, 1367.19
1775224981, 257, 43, 424, 0, 0, 0.54%, 0, 0, 11, 1394.78
1775224986, 257, 86, 424, 0, 0, 0.54%, 0, 0, 11, 1541.73
1775224991, 257, 117, 424, 0, 0, 0.54%, 0, 0, 11, 1403.55
1775224996, 257, 195, 424, 0, 0, 0.54%, 0, 0, 11, 1391.76
1775225001, 257, 263, 424, 0, 0, 0.54%, 0, 0, 11, 1376.45
1775225006, 257, 349, 424, 0, 0, 0.54%, 0, 0, 11, 1493.02
1775225012, 258, 37, 424, 0, 0, 0.54%, 0, 0, 11, 1376.22
1775225017, 258, 91, 424, 0, 0, 0.54%, 0, 0, 11, 1478.64
1775225022, 258, 148, 424, 0, 0, 0.54%, 0, 0, 11, 1549.08
1775225027, 258, 234, 424, 0, 0, 0.54%, 0, 0, 11, 1511.60
1775225032, 258, 385, 424, 0, 0, 0.54%, 0, 0, 11, 1461.19
1775225037, 258, 409, 424, 0, 0, 0.54%, 0, 0, 11, 1069.42
1775225042, 259, 63, 424, 0, 0, 0.54%, 0, 0, 11, 1331.78
1775225047, 259, 100, 424, 0, 0, 0.54%, 0, 0, 11, 1521.96
1775225052, 259, 156, 424, 0, 0, 0.54%, 0, 0, 11, 1486.61
1775225058, 259, 249, 424, 0, 0, 0.54%, 0, 0, 11, 1541.85
1775225063, 259, 354, 424, 0, 0, 0.54%, 0, 0, 11, 1420.05
1775225068, 259, 415, 424, 0, 0, 0.54%, 0, 0, 11, 1203.25
1775225073, 260, 80, 424, 0, 0, 0.54%, 0, 0, 11, 1492.52
1775225078, 260, 104, 424, 0, 0, 0.54%, 0, 0, 11, 1460.36
1775225083, 260, 196, 424, 0, 0, 0.54%, 0, 0, 11, 1463.35
1775225088, 260, 325, 424, 0, 0, 0.54%, 0, 0, 11, 1540.70
1775225093, 260, 371, 424, 0, 0, 0.54%, 0, 0, 11, 1452.70
1775225099, 261, 11, 424, 0, 0, 0.54%, 0, 0, 11, 1180.10
1775225104, 261, 76, 424, 0, 0, 0.54%, 0, 0, 11, 1493.28
1775225109, 261, 100, 424, 0, 0, 0.54%, 0, 0, 11, 1559.30
1775225114, 261, 196, 424, 0, 0, 0.54%, 0, 0, 11, 1505.04
1775225119, 261, 357, 424, 0, 0, 0.54%, 0, 0, 11, 1467.20
1775225124, 261, 399, 424, 0, 0, 0.54%, 0, 0, 11, 1136.14
1775225129, 262, 63, 424, 0, 0, 0.54%, 0, 0, 11, 1401.71
1775225134, 262, 100, 424, 0, 0, 0.54%, 0, 0, 11, 1542.57
1775225140, 262, 152, 424, 0, 0, 0.54%, 0, 0, 11, 1409.33
1775225145, 262, 224, 424, 0, 0, 0.54%, 0, 0, 11, 1467.67
1775225150, 262, 349, 424, 0, 0, 0.54%, 0, 0, 11, 1512.15
1775225155, 262, 410, 424, 0, 0, 0.54%, 0, 0, 11, 1332.36
1775225160, 263, 45, 424, 0, 0, 0.54%, 0, 0, 11, 1146.72
1775225165, 263, 79, 424, 0, 0, 0.54%, 0, 0, 11, 1514.53
1775225170, 263, 111, 424, 0, 0, 0.54%, 0, 0, 11, 1555.17
1775225175, 263, 196, 424, 0, 0, 0.54%, 0, 0, 11, 1462.81
1775225181, 263, 238, 424, 0, 0, 0.54%, 0, 0, 11, 1492.24
1775225186, 263, 325, 424, 0, 0, 0.54%, 0, 0, 11, 1498.87
1775225191, 263, 385, 424, 0, 0, 0.54%, 0, 0, 11, 1410.36
1775225196, 263, 398, 424, 0, 0, 0.54%, 0, 0, 11, 1032.57
1775225201, 264, 63, 424, 0, 0, 0.54%, 0, 0, 11, 1240.61
1775225206, 264, 91, 424, 0, 0, 0.54%, 0, 0, 11, 1553.13
1775225211, 264, 147, 424, 0, 0, 0.54%, 0, 0, 11, 1413.80
1775225216, 264, 302, 424, 0, 0, 0.54%, 0, 0, 11, 1503.92
1775225221, 264, 372, 424, 0, 0, 0.54%, 0, 0, 11, 1442.67
1775225226, 265, 57, 424, 0, 0, 0.54%, 0, 0, 11, 1372.00
1775225231, 265, 84, 424, 0, 0, 0.54%, 0, 0, 11, 1497.85
1775225236, 265, 104, 424, 0, 0, 0.54%, 0, 0, 11, 1453.95
1775225241, 265, 141, 424, 0, 0, 0.54%, 0, 0, 11, 1387.49
1775225246, 265, 183, 424, 0, 0, 0.54%, 0, 0, 11, 1451.07
1775225252, 265, 292, 424, 0, 0, 0.54%, 0, 0, 11, 1432.50
1775225257, 265, 357, 424, 0, 0, 0.54%, 0, 0, 11, 1399.42
1775225262, 265, 402, 424, 0, 0, 0.54%, 0, 0, 11, 1161.86
1775225267, 266, 35, 424, 0, 0, 0.54%, 0, 0, 11, 1352.36
1775225272, 266, 84, 424, 0, 0, 0.54%, 0, 0, 11, 1483.25
1775225277, 266, 147, 424, 0, 0, 0.54%, 0, 0, 11, 1465.13
1775225282, 266, 280, 424, 0, 0, 0.54%, 0, 0, 11, 1441.87
1775225287, 266, 385, 424, 0, 0, 0.54%, 0, 0, 11, 1331.11
1775225292, 266, 393, 424, 0, 0, 0.54%, 0, 0, 11, 1123.36
1775225298, 267, 79, 424, 0, 0, 0.54%, 0, 0, 11, 1426.48
1775225303, 267, 109, 424, 0, 0, 0.54%, 0, 0, 11, 1512.93
1775225308, 267, 147, 424, 0, 0, 0.54%, 0, 0, 11, 1528.96
1775225313, 267, 205, 424, 0, 0, 0.54%, 0, 0, 11, 1526.29
1775225318, 267, 293, 424, 0, 0, 0.54%, 0, 0, 11, 1490.37
1775225323, 267, 357, 424, 0, 0, 0.54%, 0, 0, 11, 1449.28
1775225328, 268, 47, 424, 0, 0, 0.54%, 0, 0, 11, 1421.05
1775225333, 268, 80, 424, 0, 0, 0.54%, 0, 0, 11, 1400.33
1775225339, 268, 147, 424, 0, 0, 0.54%, 0, 0, 11, 1504.75
1775225344, 268, 196, 424, 0, 0, 0.54%, 0, 0, 11, 1522.36
1775225349, 268, 385, 424, 0, 0, 0.54%, 0, 0, 11, 1511.01
1775225354, 268, 410, 424, 0, 0, 0.54%, 0, 0, 11, 1041.58
1775225359, 268, 422, 424, 0, 0, 0.54%, 0, 0, 11, 1358.70
1775225364, 269, 79, 424, 0, 0, 0.54%, 0, 0, 11, 1444.12
1775225369, 269, 107, 424, 0, 0, 0.54%, 0, 0, 11, 1438.11
1775225374, 269, 202, 424, 0, 0, 0.54%, 0, 0, 11, 1480.19
1775225379, 269, 349, 424, 0, 0, 0.54%, 0, 0, 11, 1470.17
1775225384, 269, 398, 424, 0, 0, 0.54%, 0, 0, 11, 1245.59
1775225389, 269, 418, 424, 0, 0, 0.54%, 0, 0, 11, 1001.46
1775225395, 270, 82, 424, 0, 0, 0.54%, 0, 0, 11, 1427.86
1775225400, 270, 206, 424, 0, 0, 0.54%, 0, 0, 11, 1482.36
1775225405, 270, 303, 424, 0, 0, 0.54%, 0, 0, 11, 1401.81
1775225410, 270, 375, 424, 0, 0, 0.54%, 0, 0, 11, 1426.97
1775225415, 271, 5, 424, 0, 0, 0.54%, 0, 0, 11, 1401.23
1775225420, 271, 80, 424, 0, 0, 0.54%, 0, 0, 11, 1441.85
1775225425, 271, 177, 424, 0, 0, 0.54%, 0, 0, 11, 1484.66
1775225430, 271, 218, 424, 0, 0, 0.54%, 0, 0, 11, 1491.56
1775225435, 271, 354, 424, 0, 0, 0.54%, 0, 0, 11, 1520.13
1775225440, 272, 2, 424, 0, 0, 0.54%, 0, 0, 11, 1573.45
1775225445, 272, 71, 424, 0, 0, 0.54%, 0, 0, 11, 1507.85
1775225450, 272, 111, 424, 0, 0, 0.54%, 0, 0, 11, 1505.59
1775225455, 272, 214, 424, 0, 0, 0.54%, 0, 0, 11, 1553.65
1775225461, 272, 316, 424, 0, 0, 0.54%, 0, 0, 11, 1348.00
1775225466, 272, 388, 424, 0, 0, 0.54%, 0, 0, 11, 1341.57
1775225471, 273, 36, 424, 0, 0, 0.54%, 0, 0, 11, 1184.38
1775225476, 273, 86, 424, 0, 0, 0.54%, 0, 0, 11, 1433.85
1775225481, 273, 147, 424, 0, 0, 0.54%, 0, 0, 11, 1536.83
1775225486, 273, 236, 424, 0, 0, 0.54%, 0, 0, 11, 1524.29
1775225491, 273, 349, 424, 0, 0, 0.54%, 0, 0, 11, 1431.39
1775225496, 274, 35, 424, 0, 0, 0.54%, 0, 0, 11, 1355.42
1775225501, 274, 80, 424, 0, 0, 0.54%, 0, 0, 11, 1483.60
1775225506, 274, 111, 424, 0, 0, 0.54%, 0, 0, 11, 1543.51
1775225512, 274, 249, 424, 0, 0, 0.54%, 0, 0, 11, 1499.57
1775225517, 274, 371, 424, 0, 0, 0.54%, 0, 0, 11, 1479.31
1775225522, 275, 63, 424, 0, 0, 0.54%, 0, 0, 11, 1466.96
1775225527, 275, 100, 424, 0, 0, 0.54%, 0, 0, 11, 1527.89
1775225532, 275, 259, 424, 0, 0, 0.54%, 0, 0, 11, 1608.23
1775225537, 275, 367, 424, 0, 0, 0.54%, 0, 0, 11, 1469.03
1775225542, 275, 407, 424, 0, 0, 0.54%, 0, 0, 11, 1113.74
1775225547, 276, 74, 424, 0, 0, 0.54%, 0, 0, 11, 1440.03
1775225552, 276, 100, 424, 0, 0, 0.54%, 0, 0, 11, 1460.56
1775225558, 276, 190, 424, 0, 0, 0.54%, 0, 0, 11, 1572.05
1775225563, 276, 334, 424, 0, 0, 0.54%, 0, 0, 11, 1419.66
1775225568, 276, 385, 424, 0, 0, 0.54%, 0, 0, 11, 1430.67
1775225573, 277, 34, 424, 0, 0, 0.54%, 0, 0, 11, 1282.37
1775225578, 277, 80, 424, 0, 0, 0.54%, 0, 0, 11, 1549.63
1775225583, 277, 112, 424, 0, 0, 0.54%, 0, 0, 11, 1494.72
1775225588, 277, 237, 424, 0, 0, 0.54%, 0, 0, 11, 1491.35
1775225593, 277, 322, 424, 0, 0, 0.54%, 0, 0, 11, 1443.65
1775225598, 277, 385, 424, 0, 0, 0.54%, 0, 0, 11, 1374.12
1775225603, 277, 419, 424, 0, 0, 0.54%, 0, 0, 11, 1051.29
1775225608, 278, 52, 424, 0, 0, 0.54%, 0, 0, 11, 1317.79
1775225614, 278, 97, 424, 0, 0, 0.54%, 0, 0, 11, 1486.79
1775225619, 278, 147, 424, 0, 0, 0.54%, 0, 0, 11, 1424.48
1775225624, 278, 309, 424, 0, 0, 0.54%, 0, 0, 11, 1512.01
1775225629, 278, 363, 424, 0, 0, 0.54%, 0, 0, 11, 1469.50
1775225634, 279, 63, 424, 0, 0, 0.54%, 0, 0, 11, 1562.93
1775225639, 279, 105, 424, 0, 0, 0.54%, 0, 0, 11, 1550.28
1775225644, 279, 214, 424, 0, 0, 0.54%, 0, 0, 11, 1483.21
1775225649, 279, 332, 424, 0, 0, 0.54%, 0, 0, 11, 1514.87
1775225654, 279, 385, 424, 0, 0, 0.54%, 0, 0, 11, 1340.42
1775225659, 279, 406, 424, 0, 0, 0.54%, 0, 0, 11, 908.63
1775225664, 280, 63, 424, 0, 0, 0.54%, 0, 0, 11, 1060.58
1775225669, 280, 100, 424, 0, 0, 0.54%, 0, 0, 11, 1344.47
1775225674, 280, 154, 424, 0, 0, 0.54%, 0, 0, 11, 1319.52
1775225679, 280, 204, 424, 0, 0, 0.54%, 0, 0, 11, 1467.61
1775225684, 280, 331, 424, 0, 0, 0.54%, 0, 0, 11, 1371.52
1775225689, 280, 377, 424, 0, 0, 0.54%, 0, 0, 11, 1407.15
1775225695, 280, 390, 424, 0, 0, 0.54%, 0, 0, 11, 1168.29
1775225700, 280, 412, 424, 0, 0, 0.54%, 0, 0, 11, 1074.60
1775225705, 281, 30, 424, 0, 0, 0.54%, 0, 0, 11, 1333.38
1775225710, 281, 86, 424, 0, 0, 0.54%, 0, 0, 11, 1487.38
1775225715, 281, 162, 424, 0, 0, 0.54%, 0, 0, 11, 1604.32
1775225720, 281, 256, 424, 0, 0, 0.54%, 0, 0, 11, 1527.34
1775225725, 281, 385, 424, 0, 0, 0.54%, 0, 0, 11, 1377.23
1775225730, 282, 86, 424, 0, 0, 0.54%, 0, 0, 11, 1477.48
1775225735, 282, 147, 424, 0, 0, 0.54%, 0, 0, 11, 1574.55
1775225740, 282, 287, 424, 0, 0, 0.54%, 0, 0, 11, 1578.04
1775225745, 282, 357, 424, 0, 0, 0.54%, 0, 0, 11, 1393.23
1775225751, 282, 418, 424, 0, 0, 0.54%, 0, 0, 11, 1039.30
1775225756, 283, 63, 424, 0, 0, 0.54%, 0, 0, 11, 1407.96
1775225761, 283, 91, 424, 0, 0, 0.54%, 0, 0, 11, 1460.90
1775225766, 283, 164, 424, 0, 0, 0.54%, 0, 0, 11, 1462.11
1775225771, 283, 293, 424, 0, 0, 0.54%, 0, 0, 11, 1458.17
1775225776, 283, 388, 424, 0, 0, 0.54%, 0, 0, 11, 1410.50
1775225781, 283, 422, 424, 0, 0, 0.54%, 0, 0, 11, 1301.73
1775225786, 284, 86, 424, 0, 0, 0.54%, 0, 0, 11, 1517.13
1775225791, 284, 130, 424, 0, 0, 0.54%, 0, 0, 11, 1530.29
1775225797, 284, 273, 424, 0, 0, 0.54%, 0, 0, 11, 1510.73
1775225802, 284, 349, 424, 0, 0, 0.54%, 0, 0, 11, 1513.66
1775225807, 284, 385, 424, 0, 0, 0.54%, 0, 0, 11, 1355.53
1775225812, 285, 80, 424, 0, 0, 0.54%, 0, 0, 11, 1544.76
1775225817, 285, 145, 424, 0, 0, 0.54%, 0, 0, 11, 1366.75
1775225822, 285, 236, 424, 0, 0, 0.54%, 0, 0, 11, 1571.49
1775225827, 285, 357, 424, 0, 0, 0.54%, 0, 0, 11, 1399.07
1775225832, 286, 40, 424, 0, 0, 0.54%, 0, 0, 11, 1386.27
1775225837, 286, 86, 424, 0, 0, 0.54%, 0, 0, 11, 1406.06
1775225842, 286, 162, 424, 0, 0, 0.54%, 0, 0, 11, 1379.12
1775225847, 286, 297, 424, 0, 0, 0.54%, 0, 0, 11, 1480.83
1775225852, 286, 349, 424, 0, 0, 0.54%, 0, 0, 11, 1380.60
1775225858, 287, 17, 424, 0, 0, 0.54%, 0, 0, 11, 1394.19
1775225863, 287, 86, 424, 0, 0, 0.54%, 0, 0, 11, 1591.70
1775225868, 287, 170, 424, 0, 0, 0.54%, 0, 0, 11, 1506.47
1775225873, 287, 289, 424, 0, 0, 0.54%, 0, 0, 11, 1409.57
1775225878, 287, 349, 424, 0, 0, 0.54%, 0, 0, 11, 1449.75
1775225883, 287, 385, 424, 0, 0, 0.54%, 0, 0, 11, 1315.97
1775225888, 288, 70, 424, 0, 0, 0.54%, 0, 0, 11, 1416.82
1775225893, 288, 100, 424, 0, 0, 0.54%, 0, 0, 11, 1514.67
1775225898, 288, 148, 424, 0, 0, 0.54%, 0, 0, 11, 1535.22
1775225903, 288, 215, 424, 0, 0, 0.54%, 0, 0, 11, 1547.32
1775225908, 288, 349, 424, 0, 0, 0.54%, 0, 0, 11, 1359.25
1775225914, 288, 393, 424, 0, 0, 0.54%, 0, 0, 11, 1267.71
1775225919, 289, 23, 424, 0, 0, 0.54%, 0, 0, 11, 1276.26
1775225924, 289, 100, 424, 0, 0, 0.54%, 0, 0, 11, 1515.39
1775225929, 289, 147, 424, 0, 0, 0.54%, 0, 0, 11, 1484.25
1775225934, 289, 294, 424, 0, 0, 0.54%, 0, 0, 11, 1506.43
1775225939, 289, 385, 424, 0, 0, 0.54%, 0, 0, 11, 1424.91
1775225944, 289, 421, 424, 0, 0, 0.54%, 0, 0, 11, 1062.72
1775225949, 290, 80, 424, 0, 0, 0.54%, 0, 0, 11, 1407.89
1775225954, 290, 151, 424, 0, 0, 0.54%, 0, 0, 11, 1518.62
1775225959, 290, 222, 424, 0, 0, 0.54%, 0, 0, 11, 1586.49
1775225964, 290, 354, 424, 0, 0, 0.54%, 0, 0, 11, 1444.93
1775225969, 290, 387, 424, 0, 0, 0.54%, 0, 0, 11, 1136.14
1775225974, 291, 13, 424, 0, 0, 0.54%, 0, 0, 11, 1351.73
1775225979, 291, 63, 424, 0, 0, 0.54%, 0, 0, 11, 1545.63
1775225985, 291, 99, 424, 0, 0, 0.54%, 0, 0, 11, 1484.28
1775225990, 291, 170, 424, 0, 0, 0.54%, 0, 0, 11, 1536.90
1775225995, 291, 227, 424, 0, 0, 0.54%, 0, 0, 11, 289.22
1775226000, 291, 360, 424, 0, 0, 0.54%, 0, 0, 11, 1424.51
1775226005, 291, 392, 424, 0, 0, 0.54%, 0, 0, 11, 1150.55
1775226010, 292, 52, 424, 0, 0, 0.54%, 0, 0, 11, 1397.12
1775226015, 292, 91, 424, 0, 0, 0.54%, 0, 0, 11, 1476.86
1775226020, 292, 185, 424, 0, 0, 0.54%, 0, 0, 11, 1499.38
1775226025, 292, 327, 424, 0, 0, 0.54%, 0, 0, 11, 1446.87
1775226030, 292, 389, 424, 0, 0, 0.54%, 0, 0, 11, 1284.84
1775226036, 292, 401, 424, 0, 0, 0.54%, 0, 0, 11, 1121.88
1775226041, 293, 19, 424, 0, 0, 0.54%, 0, 0, 11, 1061.99
1775226046, 293, 91, 424, 0, 0, 0.54%, 0, 0, 11, 1551.34
1775226051, 293, 180, 424, 0, 0, 0.54%, 0, 0, 11, 1605.22
1775226056, 293, 193, 424, 0, 0, 0.54%, 0, 0, 11, 1612.77
1775226061, 293, 325, 424, 0, 0, 0.54%, 0, 0, 11, 1398.78
1775226066, 293, 385, 424, 0, 0, 0.54%, 0, 0, 11, 1356.72
1775226071, 294, 33, 424, 0, 0, 0.54%, 0, 0, 11, 1473.65
1775226076, 294, 86, 424, 0, 0, 0.54%, 0, 0, 11, 1436.53
1775226081, 294, 147, 424, 0, 0, 0.54%, 0, 0, 11, 1511.34
1775226086, 294, 219, 424, 0, 0, 0.54%, 0, 0, 11, 1523.26
1775226091, 294, 385, 424, 0, 0, 0.54%, 0, 0, 11, 1320.84
1775226096, 294, 411, 424, 0, 0, 0.54%, 0, 0, 11, 1066.67
1775226102, 295, 73, 424, 0, 0, 0.54%, 0, 0, 11, 1356.25
1775226107, 295, 111, 424, 0, 0, 0.54%, 0, 0, 11, 1509.33
1775226112, 295, 189, 424, 0, 0, 0.54%, 0, 0, 11, 1415.89
1775226117, 295, 329, 424, 0, 0, 0.54%, 0, 0, 11, 1401.73
1775226122, 295, 392, 424, 0, 0, 0.54%, 0, 0, 11, 1192.03
1775226127, 296, 23, 424, 0, 0, 0.54%, 0, 0, 11, 1203.40
1775226132, 296, 80, 424, 0, 0, 0.54%, 0, 0, 11, 1450.61
1775226137, 296, 147, 424, 0, 0, 0.54%, 0, 0, 11, 1520.42
1775226142, 296, 228, 424, 0, 0, 0.54%, 0, 0, 11, 1444.90
1775226148, 296, 371, 424, 0, 0, 0.54%, 0, 0, 11, 1414.26
1775226153, 297, 22, 424, 0, 0, 0.54%, 0, 0, 11, 1401.66
1775226158, 297, 86, 424, 0, 0, 0.54%, 0, 0, 11, 1547.66
1775226163, 297, 171, 424, 0, 0, 0.54%, 0, 0, 11, 1579.86
1775226168, 297, 215, 424, 0, 0, 0.54%, 0, 0, 11, 1436.21
1775226173, 297, 319, 424, 0, 0, 0.54%, 0, 0, 11, 1552.34
1775226178, 297, 409, 424, 0, 0, 0.54%, 0, 0, 11, 1421.06
1775226183, 298, 53, 424, 0, 0, 0.54%, 0, 0, 11, 1467.80
1775226188, 298, 80, 424, 0, 0, 0.54%, 0, 0, 11, 1508.05
1775226193, 298, 168, 424, 0, 0, 0.54%, 0, 0, 11, 1351.24
1775226198, 298, 349, 424, 0, 0, 0.54%, 0, 0, 11, 1477.46
1775226203, 298, 391, 424, 0, 0, 0.54%, 0, 0, 11, 1290.72
1775226209, 298, 416, 424, 0, 0, 0.54%, 0, 0, 11, 1178.28
1775226214, 299, 80, 424, 0, 0, 0.54%, 0, 0, 11, 1517.49
1775226219, 299, 133, 424, 0, 0, 0.54%, 0, 0, 11, 1490.42
1775226224, 299, 185, 424, 0, 0, 0.54%, 0, 0, 11, 1434.02
1775226229, 299, 223, 424, 0, 0, 0.54%, 0, 0, 11, 1448.53
1775226234, 299, 325, 424, 0, 0, 0.54%, 0, 0, 11, 1455.41
1775226239, 300, 20, 424, 0, 0, 0.54%, 0, 0, 11, 1460.32
1775226244, 300, 86, 424, 0, 0, 0.54%, 0, 0, 11, 1498.90
1775226249, 300, 155, 424, 0, 0, 0.54%, 0, 0, 11, 1516.31
1775226254, 300, 196, 424, 0, 0, 0.54%, 0, 0, 11, 1485.84
1775226260, 300, 344, 424, 0, 0, 0.54%, 0, 0, 11, 1479.38
1775226265, 300, 394, 424, 0, 0, 0.54%, 0, 0, 11, 1248.78
1775226270, 301, 59, 424, 0, 0, 0.54%, 0, 0, 11, 1381.04
1775226275, 301, 91, 424, 0, 0, 0.54%, 0, 0, 11, 1488.04
1775226280, 301, 147, 424, 0, 0, 0.54%, 0, 0, 11, 1538.32
1775226285, 301, 276, 424, 0, 0, 0.54%, 0, 0, 11, 1450.41
1775226290, 301, 371, 424, 0, 0, 0.54%, 0, 0, 11, 1399.19
1775226295, 302, 46, 424, 0, 0, 0.54%, 0, 0, 11, 1509.91
1775226300, 302, 86, 424, 0, 0, 0.54%, 0, 0, 11, 1472.96
1775226305, 302, 147, 424, 0, 0, 0.54%, 0, 0, 11, 1489.14
1775226310, 302, 329, 424, 0, 0, 0.54%, 0, 0, 11, 1464.55
1775226316, 303, 36, 424, 0, 0, 0.54%, 0, 0, 11, 1388.64
1775226321, 303, 100, 424, 0, 0, 0.54%, 0, 0, 11, 1593.87
1775226326, 303, 161, 424, 0, 0, 0.54%, 0, 0, 11, 1486.99
1775226331, 303, 254, 424, 0, 0, 0.54%, 0, 0, 11, 1413.16
1775226336, 303, 371, 424, 0, 0, 0.54%, 0, 0, 11, 1315.73
1775226341, 304, 63, 424, 0, 0, 0.54%, 0, 0, 11, 1495.87
1775226346, 304, 100, 424, 0, 0, 0.54%, 0, 0, 11, 1594.25
1775226351, 304, 193, 424, 0, 0, 0.54%, 0, 0, 11, 1491.04
1775226356, 304, 290, 424, 0, 0, 0.54%, 0, 0, 11, 1512.20
1775226362, 304, 378, 424, 0, 0, 0.54%, 0, 0, 11, 1405.31
1775226367, 305, 59, 424, 0, 0, 0.54%, 0, 0, 11, 1249.45
1775226372, 305, 91, 424, 0, 0, 0.54%, 0, 0, 11, 1550.01
1775226377, 305, 165, 424, 0, 0, 0.54%, 0, 0, 11, 1566.60
1775226382, 305, 242, 424, 0, 0, 0.54%, 0, 0, 11, 1575.39
1775226387, 305, 354, 424, 0, 0, 0.54%, 0, 0, 11, 1361.47
1775226392, 305, 393, 424, 0, 0, 0.54%, 0, 0, 11, 1259.82
1775226397, 306, 36, 424, 0, 0, 0.54%, 0, 0, 11, 1137.92
1775226402, 306, 86, 424, 0, 0, 0.54%, 0, 0, 11, 1461.41
1775226407, 306, 147, 424, 0, 0, 0.54%, 0, 0, 11, 1479.07
1775226412, 306, 203, 424, 0, 0, 0.54%, 0, 0, 11, 1529.97
1775226418, 306, 293, 424, 0, 0, 0.54%, 0, 0, 11, 1490.13
1775226423, 306, 385, 424, 0, 0, 0.54%, 0, 0, 11, 1339.73
1775226428, 307, 15, 424, 0, 0, 0.54%, 0, 0, 11, 1187.15
1775226433, 307, 79, 424, 0, 0, 0.54%, 0, 0, 11, 1375.97
1775226438, 307, 110, 424, 0, 0, 0.54%, 0, 0, 11, 1567.10
1775226443, 307, 277, 424, 0, 0, 0.54%, 0, 0, 11, 1469.53
1775226448, 307, 354, 424, 0, 0, 0.54%, 0, 0, 11, 1431.00
1775226453, 307, 416, 424, 0, 0, 0.54%, 0, 0, 11, 1460.63
1775226458, 308, 29, 424, 0, 0, 0.54%, 0, 0, 11, 1424.12
1775226463, 308, 86, 424, 0, 0, 0.54%, 0, 0, 11, 1446.86
1775226469, 308, 111, 424, 0, 0, 0.54%, 0, 0, 11, 1389.56
1775226474, 308, 257, 424, 0, 0, 0.54%, 0, 0, 11, 1455.66
1775226479, 308, 385, 424, 0, 0, 0.54%, 0, 0, 11, 1422.18
1775226484, 309, 63, 424, 0, 0, 0.54%, 0, 0, 11, 1284.38
1775226489, 309, 86, 424, 0, 0, 0.54%, 0, 0, 11, 1465.96
1775226494, 309, 147, 424, 0, 0, 0.54%, 0, 0, 11, 1588.42
1775226499, 309, 203, 424, 0, 0, 0.54%, 0, 0, 11, 1525.01
1775226504, 309, 288, 424, 0, 0, 0.54%, 0, 0, 11, 1475.71
1775226509, 309, 385, 424, 0, 0, 0.54%, 0, 0, 11, 1468.25
1775226515, 310, 22, 424, 0, 0, 0.54%, 0, 0, 11, 1384.06
1775226520, 310, 100, 424, 0, 0, 0.54%, 0, 0, 11, 1504.26
1775226525, 310, 196, 424, 0, 0, 0.54%, 0, 0, 11, 1500.01
1775226530, 310, 325, 424, 0, 0, 0.54%, 0, 0, 11, 1493.16
1775226535, 310, 385, 424, 0, 0, 0.54%, 0, 0, 11, 1399.48
1775226540, 311, 24, 424, 0, 0, 0.54%, 0, 0, 11, 1394.03
1775226545, 311, 84, 424, 0, 0, 0.54%, 0, 0, 11, 1578.19
1775226550, 311, 147, 424, 0, 0, 0.54%, 0, 0, 11, 1571.27
1775226555, 311, 196, 424, 0, 0, 0.54%, 0, 0, 11, 1485.66
1775226561, 311, 315, 424, 0, 0, 0.54%, 0, 0, 11, 1461.38
1775226566, 311, 385, 424, 0, 0, 0.54%, 0, 0, 11, 1433.52
1775226571, 312, 61, 424, 0, 0, 0.54%, 0, 0, 11, 1500.65
1775226576, 312, 100, 424, 0, 0, 0.54%, 0, 0, 11, 1625.71
1775226581, 312, 251, 424, 0, 0, 0.54%, 0, 0, 11, 1529.07
1775226586, 312, 357, 424, 0, 0, 0.54%, 0, 0, 11, 1472.80
1775226591, 312, 418, 424, 0, 0, 0.54%, 0, 0, 11, 1256.62
1775226596, 313, 80, 425, 1, 0, 0.54%, 0, 0, 11, 1358.75
1775226601, 313, 114, 425, 1, 0, 0.54%, 0, 0, 11, 1456.04
1775226606, 313, 180, 425, 1, 0, 0.54%, 0, 0, 11, 1445.41
1775226611, 313, 282, 425, 1, 0, 0.54%, 0, 0, 11, 1439.42
1775226616, 313, 385, 425, 1, 0, 0.54%, 0, 0, 11, 1388.96
1775226622, 313, 401, 425, 1, 0, 0.54%, 0, 0, 11, 1036.61
1775226627, 314, 63, 425, 1, 0, 0.54%, 0, 0, 11, 1350.94
1775226632, 314, 100, 425, 1, 0, 0.54%, 0, 0, 11, 1415.15
1775226637, 314, 142, 425, 1, 0, 0.54%, 0, 0, 11, 1423.85
1775226642, 314, 199, 425, 1, 0, 0.54%, 0, 0, 11, 1433.10
1775226647, 314, 327, 425, 1, 0, 0.54%, 0, 0, 11, 1419.16
1775226652, 314, 385, 425, 1, 0, 0.54%, 0, 0, 11, 1296.06
1775226657, 314, 414, 425, 1, 0, 0.54%, 0, 0, 11, 938.29
1775226662, 315, 79, 425, 0, 0, 0.54%, 0, 0, 11, 1459.04
1775226667, 315, 145, 425, 0, 0, 0.54%, 0, 0, 11, 1540.33
1775226673, 315, 215, 425, 0, 0, 0.54%, 0, 0, 11, 1531.94
1775226678, 315, 301, 425, 0, 0, 0.54%, 0, 0, 11, 1474.87
1775226683, 315, 385, 425, 0, 0, 0.54%, 0, 0, 11, 1395.24
1775226688, 316, 63, 425, 0, 0, 0.54%, 0, 0, 11, 1296.06
1775226693, 316, 100, 425, 0, 0, 0.54%, 0, 0, 11, 1440.28
1775226698, 316, 180, 425, 0, 0, 0.54%, 0, 0, 11, 1519.43
1775226703, 316, 244, 425, 0, 0, 0.54%, 0, 0, 11, 1520.03
1775226708, 316, 325, 425, 0, 0, 0.54%, 0, 0, 11, 1497.52
1775226714, 316, 385, 425, 0, 0, 0.54%, 0, 0, 11, 1391.43
1775226719, 317, 13, 425, 0, 0, 0.54%, 0, 0, 11, 1286.64
1775226724, 317, 63, 425, 0, 0, 0.54%, 0, 0, 11, 1442.94
1775226729, 317, 91, 425, 0, 0, 0.54%, 0, 0, 11, 1446.03
1775226734, 317, 174, 425, 0, 0, 0.54%, 0, 0, 11, 1436.92
1775226739, 317, 357, 425, 0, 0, 0.54%, 0, 0, 11, 1424.90
1775226744, 318, 63, 425, 0, 0, 0.54%, 0, 0, 11, 1414.25
1775226749, 318, 91, 425, 0, 0, 0.54%, 0, 0, 11, 1531.08
1775226754, 318, 164, 425, 0, 0, 0.54%, 0, 0, 11, 1476.59
1775226760, 318, 219, 425, 0, 0, 0.54%, 0, 0, 11, 1500.05
1775226765, 318, 305, 425, 0, 0, 0.54%, 0, 0, 11, 1431.59
1775226770, 318, 385, 425, 0, 0, 0.54%, 0, 0, 11, 1469.80
1775226775, 319, 79, 425, 0, 0, 0.54%, 0, 0, 11, 1496.55
1775226780, 319, 111, 425, 0, 0, 0.54%, 0, 0, 11, 1557.14
1775226785, 319, 147, 425, 0, 0, 0.54%, 0, 0, 11, 1447.14
1775226790, 319, 196, 425, 0, 0, 0.54%, 0, 0, 11, 1512.60
1775226795, 319, 325, 425, 0, 0, 0.54%, 0, 0, 11, 1487.69
1775226800, 319, 385, 425, 0, 0, 0.54%, 0, 0, 11, 1391.83
1775226805, 320, 27, 425, 0, 0, 0.54%, 0, 0, 11, 1452.03
1775226810, 320, 80, 425, 0, 0, 0.54%, 0, 0, 11, 1501.01
1775226815, 320, 121, 425, 0, 0, 0.54%, 0, 0, 11, 1570.20
1775226820, 320, 247, 425, 0, 0, 0.54%, 0, 0, 11, 1487.56
1775226825, 320, 325, 425, 0, 0, 0.54%, 0, 0, 11, 1522.00
1775226830, 320, 385, 425, 0, 0, 0.54%, 0, 0, 11, 1436.58
1775226836, 321, 50, 425, 0, 0, 0.54%, 0, 0, 11, 1442.33
1775226841, 321, 86, 425, 0, 0, 0.54%, 0, 0, 11, 1521.13
1775226846, 321, 139, 425, 0, 0, 0.54%, 0, 0, 11, 1513.66
1775226851, 321, 191, 425, 0, 0, 0.54%, 0, 0, 11, 1529.52
1775226856, 321, 294, 425, 0, 0, 0.54%, 0, 0, 11, 1521.52
1775226861, 321, 354, 425, 0, 0, 0.54%, 0, 0, 11, 1408.60
1775226866, 321, 389, 425, 0, 0, 0.54%, 0, 0, 11, 1277.01
1775226871, 322, 59, 425, 0, 0, 0.54%, 0, 0, 11, 1358.83
1775226876, 322, 100, 425, 0, 0, 0.54%, 0, 0, 11, 1487.90
1775226881, 322, 149, 425, 0, 0, 0.54%, 0, 0, 11, 1417.17
1775226887, 322, 280, 425, 0, 0, 0.54%, 0, 0, 11, 1487.24
1775226892, 322, 345, 425, 0, 0, 0.54%, 0, 0, 11, 1481.72
1775226897, 322, 415, 425, 0, 0, 0.54%, 0, 0, 11, 1256.59
1775226902, 323, 91, 425, 0, 0, 0.54%, 0, 0, 11, 1501.46
1775226907, 323, 196, 425, 0, 0, 0.54%, 0, 0, 11, 1569.90
1775226912, 323, 271, 425, 0, 0, 0.54%, 0, 0, 11, 1512.76
1775226917, 323, 354, 425, 0, 0, 0.54%, 0, 0, 11, 1454.16
1775226922, 323, 419, 425, 0, 0, 0.54%, 0, 0, 11, 1202.67
1775226927, 324, 80, 425, 0, 0, 0.54%, 0, 0, 11, 1434.24
1775226932, 324, 147, 425, 0, 0, 0.54%, 0, 0, 11, 1586.31
1775226937, 324, 219, 425, 0, 0, 0.54%, 0, 0, 11, 1615.42
1775226942, 324, 349, 425, 0, 0, 0.54%, 0, 0, 11, 1548.05
1775226947, 324, 398, 425, 0, 0, 0.54%, 0, 0, 11, 1214.36
1775226953, 325, 69, 425, 0, 0, 0.54%, 0, 0, 11, 1464.95
1775226958, 325, 100, 425, 0, 0, 0.54%, 0, 0, 11, 1542.04
1775226963, 325, 174, 425, 0, 0, 0.54%, 0, 0, 11, 1420.90
1775226968, 325, 323, 425, 0, 0, 0.54%, 0, 0, 11, 1432.89
1775226973, 325, 371, 425, 0, 0, 0.54%, 0, 0, 11, 1323.20
1775226978, 326, 63, 425, 0, 0, 0.54%, 0, 0, 11, 1395.15
1775226983, 326, 100, 425, 0, 0, 0.54%, 0, 0, 11, 1492.71
1775226988, 326, 215, 425, 0, 0, 0.54%, 0, 0, 11, 1390.03
1775226993, 326, 371, 425, 0, 0, 0.54%, 0, 0, 11, 1330.57
1775226999, 327, 63, 425, 0, 0, 0.54%, 0, 0, 11, 1457.55
1775227004, 327, 100, 425, 0, 0, 0.54%, 0, 0, 11, 1506.52
1775227009, 327, 167, 425, 0, 0, 0.54%, 0, 0, 11, 1507.30
1775227014, 327, 220, 425, 0, 0, 0.54%, 0, 0, 11, 1392.45
1775227019, 327, 332, 425, 0, 0, 0.54%, 0, 0, 11, 1463.37
1775227024, 327, 385, 425, 0, 0, 0.54%, 0, 0, 11, 1457.81
1775227029, 328, 10, 425, 0, 0, 0.54%, 0, 0, 11, 1505.85
1775227034, 328, 79, 425, 0, 0, 0.54%, 0, 0, 11, 1542.89
1775227039, 328, 122, 425, 0, 0, 0.54%, 0, 0, 11, 1477.79
1775227045, 328, 172, 425, 0, 0, 0.54%, 0, 0, 11, 1421.30
1775227050, 328, 235, 425, 0, 0, 0.54%, 0, 0, 11, 1436.94
1775227055, 328, 354, 425, 0, 0, 0.54%, 0, 0, 11, 1386.97
1775227060, 329, 20, 425, 0, 0, 0.54%, 0, 0, 11, 1427.38
1775227065, 329, 80, 425, 0, 0, 0.54%, 0, 0, 11, 1558.03
1775227070, 329, 129, 425, 0, 0, 0.54%, 0, 0, 11, 1501.47
1775227075, 329, 196, 425, 0, 0, 0.54%, 0, 0, 11, 1471.99
1775227080, 329, 349, 425, 0, 0, 0.54%, 0, 0, 11, 1515.30
1775227085, 330, 20, 425, 0, 0, 0.54%, 0, 0, 11, 1338.00
1775227090, 330, 63, 425, 0, 0, 0.54%, 0, 0, 11, 1459.34
1775227095, 330, 107, 425, 0, 0, 0.54%, 0, 0, 11, 1531.11
1775227101, 330, 196, 425, 0, 0, 0.54%, 0, 0, 11, 1533.66
1775227106, 330, 281, 425, 0, 0, 0.54%, 0, 0, 11, 1519.13
1775227111, 330, 357, 425, 0, 0, 0.54%, 0, 0, 11, 1364.07
1775227116, 331, 57, 425, 0, 0, 0.54%, 0, 0, 11, 1402.66
1775227121, 331, 86, 425, 0, 0, 0.54%, 0, 0, 11, 1602.91
1775227126, 331, 111, 425, 0, 0, 0.54%, 0, 0, 11, 1455.42
1775227131, 331, 196, 425, 0, 0, 0.54%, 0, 0, 11, 1435.98
1775227136, 331, 307, 425, 0, 0, 0.54%, 0, 0, 11, 1450.36
1775227141, 331, 358, 425, 0, 0, 0.54%, 0, 0, 11, 1388.45
1775227146, 332, 54, 425, 0, 0, 0.54%, 0, 0, 11, 1369.96
1775227151, 332, 86, 425, 0, 0, 0.54%, 0, 0, 11, 1533.27
1775227156, 332, 147, 425, 0, 0, 0.54%, 0, 0, 11, 1483.34
1775227161, 332, 275, 425, 0, 0, 0.54%, 0, 0, 11, 1488.86
1775227167, 332, 357, 425, 0, 0, 0.54%, 0, 0, 11, 1378.84
1775227172, 333, 66, 425, 0, 0, 0.54%, 0, 0, 11, 1556.12
1775227177, 333, 111, 425, 0, 0, 0.54%, 0, 0, 11, 1447.66
1775227182, 333, 264, 425, 0, 0, 0.54%, 0, 0, 11, 1496.33
1775227187, 333, 338, 425, 0, 0, 0.54%, 0, 0, 11, 1442.51
1775227192, 333, 385, 425, 0, 0, 0.54%, 0, 0, 11, 1260.50
1775227197, 334, 79, 425, 0, 0, 0.54%, 0, 0, 11, 1431.71
1775227202, 334, 111, 425, 0, 0, 0.54%, 0, 0, 11, 1446.48
1775227208, 334, 187, 425, 0, 0, 0.54%, 0, 0, 11, 1451.08
1775227213, 334, 257, 425, 0, 0, 0.54%, 0, 0, 11, 1413.01
1775227218, 334, 371, 425, 0, 0, 0.54%, 0, 0, 11, 1371.91
1775227223, 335, 80, 425, 0, 0, 0.54%, 0, 0, 11, 1375.02
1775227228, 335, 142, 425, 0, 0, 0.54%, 0, 0, 11, 1560.08
1775227233, 335, 227, 425, 0, 0, 0.54%, 0, 0, 11, 1467.88
1775227238, 335, 325, 425, 0, 0, 0.54%, 0, 0, 11, 1437.16
1775227243, 336, 16, 425, 0, 0, 0.54%, 0, 0, 11, 1413.10
1775227248, 336, 79, 425, 0, 0, 0.54%, 0, 0, 11, 1505.73
1775227253, 336, 111, 425, 0, 0, 0.54%, 0, 0, 11, 1473.38
1775227259, 336, 184, 425, 0, 0, 0.54%, 0, 0, 11, 1535.80
1775227264, 336, 324, 425, 0, 0, 0.54%, 0, 0, 11, 1442.35
1775227269, 336, 385, 425, 0, 0, 0.54%, 0, 0, 11, 1416.90
1775227274, 337, 22, 425, 0, 0, 0.54%, 0, 0, 11, 1382.69
1775227279, 337, 86, 425, 0, 0, 0.54%, 0, 0, 11, 1455.80
1775227284, 337, 147, 425, 0, 0, 0.54%, 0, 0, 11, 1512.25
1775227289, 337, 193, 425, 0, 0, 0.54%, 0, 0, 11, 1529.42
1775227294, 337, 273, 425, 0, 0, 0.54%, 0, 0, 11, 1390.34
1775227299, 337, 349, 425, 0, 0, 0.54%, 0, 0, 11, 1433.15
1775227304, 337, 386, 425, 0, 0, 0.54%, 0, 0, 11, 1319.80
1775227309, 338, 77, 425, 0, 0, 0.54%, 0, 0, 11, 1525.07
1775227315, 338, 111, 425, 0, 0, 0.54%, 0, 0, 11, 1571.41
1775227320, 338, 136, 425, 0, 0, 0.54%, 0, 0, 11, 1490.11
1775227325, 338, 252, 425, 0, 0, 0.54%, 0, 0, 11, 1473.42
1775227330, 338, 354, 425, 0, 0, 0.54%, 0, 0, 11, 1413.09
1775227335, 338, 390, 425, 0, 0, 0.54%, 0, 0, 11, 1303.43
1775227340, 339, 63, 425, 0, 0, 0.54%, 0, 0, 11, 1349.94
1775227345, 339, 111, 425, 0, 0, 0.54%, 0, 0, 11, 1452.41
1775227350, 339, 196, 425, 0, 0, 0.54%, 0, 0, 11, 1466.78
1775227355, 339, 345, 425, 0, 0, 0.54%, 0, 0, 11, 1485.95
1775227360, 339, 385, 425, 0, 0, 0.54%, 0, 0, 11, 1401.32
1775227365, 340, 46, 425, 0, 0, 0.54%, 0, 0, 11, 1443.54
1775227370, 340, 91, 425, 0, 0, 0.54%, 0, 0, 11, 1463.41
1775227375, 340, 161, 425, 0, 0, 0.54%, 0, 0, 11, 1458.62
1775227381, 340, 242, 425, 0, 0, 0.54%, 0, 0, 11, 1457.12
1775227386, 340, 357, 425, 0, 0, 0.54%, 0, 0, 11, 1424.60
1775227391, 341, 14, 425, 0, 0, 0.54%, 0, 0, 11, 1380.44
1775227396, 341, 70, 425, 0, 0, 0.54%, 0, 0, 11, 1562.60
1775227401, 341, 91, 425, 0, 0, 0.54%, 0, 0, 11, 1512.74
1775227406, 341, 166, 425, 0, 0, 0.54%, 0, 0, 11, 1479.98
1775227411, 341, 218, 425, 0, 0, 0.54%, 0, 0, 11, 1434.87
1775227416, 341, 349, 425, 0, 0, 0.54%, 0, 0, 11, 1524.11
1775227421, 341, 404, 425, 0, 0, 0.54%, 0, 0, 11, 1293.51
1775227426, 342, 63, 425, 0, 0, 0.54%, 0, 0, 11, 1520.44
1775227431, 342, 111, 425, 0, 0, 0.54%, 0, 0, 11, 1561.37
1775227436, 342, 190, 425, 0, 0, 0.54%, 0, 0, 11, 1556.59
1775227441, 342, 291, 425, 0, 0, 0.54%, 0, 0, 11, 1465.10
1775227446, 342, 371, 425, 0, 0, 0.54%, 0, 0, 11, 1306.37
1775227452, 343, 1, 425, 0, 0, 0.54%, 0, 0, 11, 1074.64
1775227457, 343, 79, 425, 0, 0, 0.54%, 0, 0, 11, 1462.02
1775227462, 343, 109, 425, 0, 0, 0.54%, 0, 0, 11, 1549.29
1775227467, 343, 220, 425, 0, 0, 0.54%, 0, 0, 11, 1511.11
1775227472, 343, 325, 425, 0, 0, 0.54%, 0, 0, 11, 1438.15
1775227477, 343, 390, 425, 0, 0, 0.54%, 0, 0, 11, 1291.28
1775227482, 344, 63, 425, 0, 0, 0.54%, 0, 0, 11, 1470.90
1775227487, 344, 111, 425, 0, 0, 0.54%, 0, 0, 11, 1544.87
1775227492, 344, 223, 425, 0, 0, 0.54%, 0, 0, 11, 1523.22
1775227498, 344, 342, 425, 0, 0, 0.54%, 0, 0, 11, 1006.17
1775227503, 344, 385, 425, 0, 0, 0.54%, 0, 0, 11, 1323.31
1775227508, 345, 80, 425, 0, 0, 0.54%, 0, 0, 11, 1422.43
1775227513, 345, 147, 425, 0, 0, 0.54%, 0, 0, 11, 1457.71
1775227518, 345, 228, 425, 0, 0, 0.54%, 0, 0, 11, 1627.27
1775227523, 345, 357, 425, 0, 0, 0.54%, 0, 0, 11, 1437.28
1775227528, 345, 398, 425, 0, 0, 0.54%, 0, 0, 11, 1289.00
1775227533, 346, 79, 425, 0, 0, 0.54%, 0, 0, 11, 1459.79
1775227539, 346, 100, 425, 0, 0, 0.54%, 0, 0, 11, 1468.93
1775227544, 346, 182, 425, 0, 0, 0.54%, 0, 0, 11, 1518.20
1775227549, 346, 241, 425, 0, 0, 0.54%, 0, 0, 11, 1352.46
1775227554, 346, 354, 425, 0, 0, 0.54%, 0, 0, 11, 1335.27
1775227559, 346, 387, 425, 0, 0, 0.54%, 0, 0, 11, 1256.99
1775227564, 347, 80, 425, 0, 0, 0.54%, 0, 0, 11, 1399.12
1775227569, 347, 111, 425, 0, 0, 0.54%, 0, 0, 11, 1483.74
1775227574, 347, 147, 425, 0, 0, 0.54%, 0, 0, 11, 1550.64
1775227579, 347, 349, 425, 0, 0, 0.54%, 0, 0, 11, 1564.07
1775227584, 347, 385, 425, 0, 0, 0.54%, 0, 0, 11, 1379.74
1775227589, 348, 80, 425, 0, 0, 0.54%, 0, 0, 11, 1476.62
1775227594, 348, 147, 425, 0, 0, 0.54%, 0, 0, 11, 1518.06
1775227600, 348, 325, 425, 0, 0, 0.54%, 0, 0, 11, 1602.24
1775227605, 348, 385, 425, 0, 0, 0.54%, 0, 0, 11, 1428.42
1775227610, 349, 80, 425, 0, 0, 0.54%, 0, 0, 11, 1564.82
1775227615, 349, 124, 425, 0, 0, 0.54%, 0, 0, 11, 1394.49
1775227620, 349, 220, 425, 0, 0, 0.54%, 0, 0, 11, 1434.26
1775227625, 349, 354, 425, 0, 0, 0.54%, 0, 0, 11, 1415.30
1775227630, 350, 9, 425, 0, 0, 0.54%, 0, 0, 11, 1363.67
1775227635, 350, 80, 425, 0, 0, 0.54%, 0, 0, 11, 1643.18
1775227640, 350, 136, 425, 0, 0, 0.54%, 0, 0, 11, 1479.76
1775227645, 350, 216, 425, 0, 0, 0.54%, 0, 0, 11, 1449.19
1775227650, 350, 290, 425, 0, 0, 0.54%, 0, 0, 11, 1437.25
1775227655, 350, 371, 425, 0, 0, 0.54%, 0, 0, 11, 1389.11
1775227661, 350, 424, 425, 0, 0, 0.54%, 0, 0, 11, 1416.49
1775227666, 351, 22, 425, 0, 0, 0.54%, 0, 0, 11, 1511.73
1775227671, 351, 80, 425, 0, 0, 0.54%, 0, 0, 11, 1445.83
1775227676, 351, 141, 425, 0, 0, 0.54%, 0, 0, 11, 1492.76
1775227681, 351, 240, 425, 0, 0, 0.54%, 0, 0, 11, 1511.18
1775227686, 351, 348, 425, 0, 0, 0.54%, 0, 0, 11, 1392.58
1775227691, 351, 387, 425, 0, 0, 0.54%, 0, 0, 11, 1285.23
1775227696, 352, 80, 425, 0, 0, 0.54%, 0, 0, 11, 1468.74
1775227701, 352, 111, 425, 0, 0, 0.54%, 0, 0, 11, 1368.96
1775227706, 352, 208, 425, 0, 0, 0.54%, 0, 0, 11, 1460.90
1775227711, 352, 348, 425, 0, 0, 0.54%, 0, 0, 11, 1481.47
1775227716, 352, 385, 425, 0, 0, 0.54%, 0, 0, 11, 1331.01
1775227722, 353, 61, 425, 0, 0, 0.54%, 0, 0, 11, 1414.31
1775227727, 353, 91, 425, 0, 0, 0.54%, 0, 0, 11, 1417.76
1775227732, 353, 164, 425, 0, 0, 0.54%, 0, 0, 11, 1496.79
1775227737, 353, 214, 425, 0, 0, 0.54%, 0, 0, 11, 1459.38
1775227742, 353, 259, 425, 0, 0, 0.54%, 0, 0, 11, 1525.54
1775227747, 353, 353, 425, 0, 0, 0.54%, 0, 0, 11, 1483.53
1775227752, 354, 1, 425, 0, 0, 0.54%, 0, 0, 11, 1296.73
1775227757, 354, 64, 425, 0, 0, 0.54%, 0, 0, 11, 1480.81
1775227762, 354, 100, 425, 0, 0, 0.54%, 0, 0, 11, 1534.70
1775227767, 354, 179, 425, 0, 0, 0.54%, 0, 0, 11, 1549.83
1775227773, 354, 349, 425, 0, 0, 0.54%, 0, 0, 11, 1529.59
1775227778, 355, 4, 425, 0, 0, 0.54%, 0, 0, 11, 1271.27
1775227783, 355, 86, 425, 0, 0, 0.54%, 0, 0, 11, 1536.76
1775227788, 355, 160, 425, 0, 0, 0.54%, 0, 0, 11, 1457.08
1775227793, 355, 256, 425, 0, 0, 0.54%, 0, 0, 11, 1560.45
1775227798, 355, 385, 425, 0, 0, 0.54%, 0, 0, 11, 1443.97
1775227803, 356, 42, 425, 0, 0, 0.54%, 0, 0, 11, 1504.32
1775227808, 356, 80, 425, 0, 0, 0.54%, 0, 0, 11, 1513.39
1775227813, 356, 111, 425, 0, 0, 0.54%, 0, 0, 11, 1435.92
1775227818, 356, 204, 425, 0, 0, 0.54%, 0, 0, 11, 1516.13
1775227823, 356, 289, 425, 0, 0, 0.54%, 0, 0, 11, 1549.77
1775227828, 356, 354, 425, 0, 0, 0.54%, 0, 0, 11, 1418.14
1775227833, 356, 423, 425, 0, 0, 0.54%, 0, 0, 11, 1371.36
1775227839, 357, 63, 425, 0, 0, 0.54%, 0, 0, 11, 1621.91
1775227844, 357, 105, 425, 0, 0, 0.54%, 0, 0, 11, 1621.21
1775227849, 357, 215, 425, 0, 0, 0.54%, 0, 0, 11, 1485.18
1775227854, 357, 353, 425, 0, 0, 0.54%, 0, 0, 11, 1474.15
1775227859, 358, 22, 425, 0, 0, 0.54%, 0, 0, 11, 1286.48
1775227864, 358, 91, 425, 0, 0, 0.54%, 0, 0, 11, 1491.35
1775227869, 358, 197, 425, 0, 0, 0.54%, 0, 0, 11, 1521.13
1775227874, 358, 357, 425, 0, 0, 0.54%, 0, 0, 11, 1437.14
1775227879, 358, 424, 425, 0, 0, 0.54%, 0, 0, 11, 1329.47
1775227884, 359, 86, 425, 0, 0, 0.54%, 0, 0, 11, 1540.56
1775227890, 359, 112, 425, 0, 0, 0.54%, 0, 0, 11, 1510.76
1775227895, 359, 190, 425, 0, 0, 0.54%, 0, 0, 11, 1522.23
1775227900, 359, 274, 425, 0, 0, 0.54%, 0, 0, 11, 1439.59
1775227905, 359, 381, 425, 0, 0, 0.54%, 0, 0, 11, 1380.64
1775227910, 360, 32, 425, 0, 0, 0.54%, 0, 0, 11, 1402.42
1775227915, 360, 86, 425, 0, 0, 0.54%, 0, 0, 11, 1646.77
1775227920, 360, 125, 425, 0, 0, 0.54%, 0, 0, 11, 1502.57
1775227925, 360, 196, 425, 0, 0, 0.54%, 0, 0, 11, 1543.46
1775227930, 360, 354, 425, 0, 0, 0.54%, 0, 0, 11, 1445.35
1775227935, 361, 27, 425, 0, 0, 0.54%, 0, 0, 11, 1300.93
1775227940, 361, 91, 425, 0, 0, 0.54%, 0, 0, 11, 1345.30
1775227945, 361, 224, 425, 0, 0, 0.54%, 0, 0, 11, 1461.79
1775227951, 361, 354, 425, 0, 0, 0.54%, 0, 0, 11, 1410.12
1775227956, 361, 420, 425, 0, 0, 0.54%, 0, 0, 11, 1035.04
1775227961, 362, 63, 425, 0, 0, 0.54%, 0, 0, 11, 1393.95
1775227966, 362, 91, 425, 0, 0, 0.54%, 0, 0, 11, 1421.28
1775227971, 362, 147, 425, 0, 0, 0.54%, 0, 0, 11, 1462.83
1775227976, 362, 195, 425, 0, 0, 0.54%, 0, 0, 11, 1392.73
1775227981, 362, 297, 425, 0, 0, 0.54%, 0, 0, 11, 1382.18
1775227986, 362, 379, 425, 0, 0, 0.54%, 0, 0, 11, 1345.09
1775227991, 363, 80, 425, 0, 0, 0.54%, 0, 0, 11, 1462.01
1775227996, 363, 145, 425, 0, 0, 0.54%, 0, 0, 11, 1548.53
1775228001, 363, 225, 425, 0, 0, 0.54%, 0, 0, 11, 1387.93
1775228006, 363, 343, 425, 0, 0, 0.54%, 0, 0, 11, 1379.25
1775228012, 363, 392, 425, 0, 0, 0.54%, 0, 0, 11, 1314.30
1775228017, 364, 53, 425, 0, 0, 0.54%, 0, 0, 11, 1425.56
1775228022, 364, 100, 425, 0, 0, 0.54%, 0, 0, 11, 1593.25
1775228027, 364, 205, 425, 0, 0, 0.54%, 0, 0, 11, 1476.63
1775228032, 364, 349, 425, 0, 0, 0.54%, 0, 0, 11, 1492.54
1775228037, 364, 393, 425, 0, 0, 0.54%, 0, 0, 11, 1334.75
1775228042, 364, 423, 426, 1, 0, 0.54%, 0, 0, 11, 1579.06
1775228047, 364, 425, 426, 1, 0, 0.54%, 0, 0, 11, 96.74
1775228063, 365, 63, 426, 0, 0, 0.54%, 0, 0, 11, 1283.00
1775228068, 365, 100, 426, 0, 0, 0.54%, 0, 0, 11, 1492.39
1775228073, 365, 261, 426, 0, 0, 0.54%, 0, 0, 11, 1509.26
1775228078, 365, 349, 426, 0, 0, 0.54%, 0, 0, 11, 1419.61
1775228083, 365, 385, 426, 0, 0, 0.54%, 0, 0, 11, 1318.69
1775228088, 366, 57, 426, 0, 0, 0.54%, 0, 0, 11, 1406.52
1775228093, 366, 91, 426, 0, 0, 0.54%, 0, 0, 11, 1480.64
1775228098, 366, 182, 426, 0, 0, 0.54%, 0, 0, 11, 1503.31
1775228104, 366, 231, 426, 0, 0, 0.54%, 0, 0, 11, 1476.62
1775228109, 366, 297, 426, 0, 0, 0.54%, 0, 0, 11, 1430.57
1775228114, 366, 336, 426, 0, 0, 0.54%, 0, 0, 11, 1343.46
1775228119, 366, 389, 426, 0, 0, 0.54%, 0, 0, 11, 1278.06
1775228124, 366, 416, 426, 0, 0, 0.54%, 0, 0, 11, 1346.29
1775228129, 367, 63, 426, 0, 0, 0.54%, 0, 0, 11, 1417.80
1775228134, 367, 111, 426, 0, 0, 0.54%, 0, 0, 11, 1520.62
1775228139, 367, 185, 426, 0, 0, 0.54%, 0, 0, 11, 1474.32
1775228144, 367, 276, 426, 0, 0, 0.54%, 0, 0, 11, 1377.46
1775228149, 367, 349, 426, 0, 0, 0.54%, 0, 0, 11, 1462.30
1775228154, 368, 36, 426, 0, 0, 0.54%, 0, 0, 11, 1421.06
1775228159, 368, 80, 426, 0, 0, 0.54%, 0, 0, 11, 1488.58
1775228165, 368, 148, 426, 0, 0, 0.54%, 0, 0, 11, 1574.29
1775228170, 368, 238, 426, 0, 0, 0.54%, 0, 0, 11, 1490.01
1775228175, 368, 291, 426, 0, 0, 0.54%, 0, 0, 11, 1384.20
1775228180, 368, 354, 426, 0, 0, 0.54%, 0, 0, 11, 1428.55
1775228185, 368, 400, 426, 0, 0, 0.54%, 0, 0, 11, 1214.03
1775228190, 369, 36, 426, 0, 0, 0.54%, 0, 0, 11, 1301.59
1775228195, 369, 91, 426, 0, 0, 0.54%, 0, 0, 11, 1481.66
1775228200, 369, 151, 426, 0, 0, 0.54%, 0, 0, 11, 1530.62
1775228205, 369, 196, 426, 0, 0, 0.54%, 0, 0, 11, 1500.12
1775228210, 369, 272, 426, 0, 0, 0.54%, 0, 0, 11, 1432.77
1775228216, 369, 385, 426, 0, 0, 0.54%, 0, 0, 11, 1375.48
1775228221, 370, 80, 426, 0, 0, 0.54%, 0, 0, 11, 1451.88
1775228226, 370, 147, 426, 0, 0, 0.54%, 0, 0, 11, 1397.23
1775228231, 370, 237, 426, 0, 0, 0.54%, 0, 0, 11, 1448.22
1775228236, 370, 349, 426, 0, 0, 0.54%, 0, 0, 11, 1420.18
1775228241, 370, 421, 426, 0, 0, 0.54%, 0, 0, 11, 1317.84
1775228246, 371, 70, 426, 0, 0, 0.54%, 0, 0, 11, 1478.38
1775228251, 371, 103, 426, 0, 0, 0.54%, 0, 0, 11, 1442.05
1775228256, 371, 180, 426, 0, 0, 0.54%, 0, 0, 11, 1438.60
1775228261, 371, 249, 426, 0, 0, 0.54%, 0, 0, 11, 1533.26
1775228267, 371, 354, 426, 0, 0, 0.54%, 0, 0, 11, 1390.93
1775228272, 372, 22, 426, 0, 0, 0.54%, 0, 0, 11, 1195.45
1775228277, 372, 70, 426, 0, 0, 0.54%, 0, 0, 11, 1430.81
1775228282, 372, 100, 426, 0, 0, 0.54%, 0, 0, 11, 1535.12
1775228287, 372, 196, 426, 0, 0, 0.54%, 0, 0, 11, 1481.83
1775228292, 372, 272, 426, 0, 0, 0.54%, 0, 0, 11, 1620.77
1775228297, 372, 354, 426, 0, 0, 0.54%, 0, 0, 11, 1374.30
1775228302, 372, 401, 426, 0, 0, 0.54%, 0, 0, 11, 1293.68
1775228307, 373, 40, 426, 0, 0, 0.54%, 0, 0, 11, 1466.78
1775228312, 373, 91, 426, 0, 0, 0.54%, 0, 0, 11, 1516.56
1775228318, 373, 196, 426, 0, 0, 0.54%, 0, 0, 11, 1489.17
1775228323, 373, 349, 426, 0, 0, 0.54%, 0, 0, 11, 1471.91
1775228328, 373, 405, 426, 0, 0, 0.54%, 0, 0, 11, 1217.05
1775228333, 374, 79, 426, 0, 0, 0.54%, 0, 0, 11, 1375.69
1775228338, 374, 107, 426, 0, 0, 0.54%, 0, 0, 11, 1468.31
1775228343, 374, 191, 426, 0, 0, 0.54%, 0, 0, 11, 1470.97
1775228348, 374, 262, 426, 0, 0, 0.54%, 0, 0, 11, 1416.29
1775228353, 374, 349, 426, 0, 0, 0.54%, 0, 0, 11, 1403.69
1775228359, 374, 412, 426, 0, 0, 0.54%, 0, 0, 11, 1276.98
1775228364, 375, 23, 426, 0, 0, 0.54%, 0, 0, 11, 1096.88
1775228369, 375, 79, 426, 0, 0, 0.54%, 0, 0, 11, 1457.82
1775228374, 375, 119, 426, 0, 0, 0.54%, 0, 0, 11, 1514.49
1775228379, 375, 184, 426, 0, 0, 0.54%, 0, 0, 11, 1520.31
1775228384, 375, 240, 426, 0, 0, 0.54%, 0, 0, 11, 1405.41
1775228389, 375, 325, 426, 0, 0, 0.54%, 0, 0, 11, 1398.11
1775228394, 375, 385, 426, 0, 0, 0.54%, 0, 0, 11, 1346.55
1775228399, 376, 69, 426, 0, 0, 0.54%, 0, 0, 11, 1521.71
1775228404, 376, 93, 426, 0, 0, 0.54%, 0, 0, 11, 1465.40
1775228409, 376, 152, 426, 0, 0, 0.54%, 0, 0, 11, 1508.45
1775228415, 376, 249, 426, 0, 0, 0.54%, 0, 0, 11, 1030.11
1775228420, 376, 354, 426, 0, 0, 0.54%, 0, 0, 11, 1323.81
1775228425, 377, 16, 426, 0, 0, 0.54%, 0, 0, 11, 1421.68
1775228430, 377, 80, 426, 0, 0, 0.54%, 0, 0, 11, 1349.99
1775228435, 377, 100, 426, 0, 0, 0.54%, 0, 0, 11, 1398.91
1775228440, 377, 196, 426, 0, 0, 0.54%, 0, 0, 11, 1428.08
1775228445, 377, 232, 426, 0, 0, 0.54%, 0, 0, 11, 1479.32
1775228450, 377, 329, 426, 0, 0, 0.54%, 0, 0, 11, 1439.36
1775228455, 377, 385, 426, 0, 0, 0.54%, 0, 0, 11, 1364.40
1775228460, 378, 54, 426, 0, 0, 0.54%, 0, 0, 11, 1438.82
1775228465, 378, 91, 426, 0, 0, 0.54%, 0, 0, 11, 1548.72
1775228470, 378, 195, 426, 0, 0, 0.54%, 0, 0, 11, 1469.18
1775228476, 378, 295, 426, 0, 0, 0.54%, 0, 0, 11, 1409.02
1775228481, 378, 393, 426, 0, 0, 0.54%, 0, 0, 11, 1386.52
1775228486, 379, 79, 426, 0, 0, 0.54%, 0, 0, 11, 1453.80
1775228491, 379, 159, 426, 0, 0, 0.54%, 0, 0, 11, 1539.74
1775228496, 379, 274, 426, 0, 0, 0.54%, 0, 0, 11, 1456.17
1775228501, 379, 354, 426, 0, 0, 0.54%, 0, 0, 11, 1401.27
1775228506, 379, 419, 426, 0, 0, 0.54%, 0, 0, 11, 1143.45
1775228511, 380, 79, 426, 0, 0, 0.54%, 0, 0, 11, 1423.81
1775228516, 380, 119, 426, 0, 0, 0.54%, 0, 0, 11, 1475.00
1775228522, 380, 178, 426, 0, 0, 0.54%, 0, 0, 11, 1510.85
1775228527, 380, 225, 426, 0, 0, 0.54%, 0, 0, 11, 1457.26
1775228532, 380, 325, 426, 0, 0, 0.54%, 0, 0, 11, 1425.85
1775228537, 380, 389, 426, 0, 0, 0.54%, 0, 0, 11, 1352.79
1775228542, 381, 79, 426, 0, 0, 0.54%, 0, 0, 11, 1434.57
1775228547, 381, 101, 426, 0, 0, 0.54%, 0, 0, 11, 1387.15
1775228552, 381, 147, 426, 0, 0, 0.54%, 0, 0, 11, 1408.47
1775228557, 381, 200, 426, 0, 0, 0.54%, 0, 0, 11, 1513.88
1775228562, 381, 325, 426, 0, 0, 0.54%, 0, 0, 11, 1447.57
1775228567, 381, 371, 426, 0, 0, 0.54%, 0, 0, 11, 1354.55
1775228572, 382, 80, 426, 0, 0, 0.54%, 0, 0, 11, 1478.00
1775228578, 382, 129, 426, 0, 0, 0.54%, 0, 0, 11, 1480.11
1775228583, 382, 214, 426, 0, 0, 0.54%, 0, 0, 11, 1517.73
1775228588, 382, 334, 426, 0, 0, 0.54%, 0, 0, 11, 1441.69
1775228593, 382, 385, 426, 0, 0, 0.54%, 0, 0, 11, 1410.19
1775228598, 383, 11, 426, 0, 0, 0.54%, 0, 0, 11, 1529.14
1775228603, 383, 80, 426, 0, 0, 0.54%, 0, 0, 11, 1616.00
1775228608, 383, 111, 426, 0, 0, 0.54%, 0, 0, 11, 1590.40
1775228613, 383, 205, 426, 0, 0, 0.54%, 0, 0, 11, 1613.94
1775228618, 383, 289, 426, 0, 0, 0.54%, 0, 0, 11, 1542.75
1775228623, 383, 361, 426, 0, 0, 0.54%, 0, 0, 11, 1408.62
1775228628, 383, 417, 426, 0, 0, 0.54%, 0, 0, 11, 1139.32
1775228633, 384, 86, 426, 0, 0, 0.54%, 0, 0, 11, 1486.20
1775228639, 384, 120, 426, 0, 0, 0.54%, 0, 0, 11, 1488.09
1775228644, 384, 235, 426, 0, 0, 0.54%, 0, 0, 11, 1479.91
1775228649, 384, 354, 426, 0, 0, 0.54%, 0, 0, 11, 1365.52
1775228654, 384, 423, 426, 0, 0, 0.54%, 0, 0, 11, 1377.22
1775228659, 385, 63, 426, 0, 0, 0.54%, 0, 0, 11, 1494.84
1775228664, 385, 89, 426, 0, 0, 0.54%, 0, 0, 11, 1481.12
1775228669, 385, 122, 426, 0, 0, 0.54%, 0, 0, 11, 1495.85
1775228674, 385, 195, 426, 0, 0, 0.54%, 0, 0, 11, 1448.00
1775228679, 385, 342, 426, 0, 0, 0.54%, 0, 0, 11, 1416.57
1775228684, 385, 392, 426, 0, 0, 0.54%, 0, 0, 11, 1271.80
1775228689, 386, 79, 426, 0, 0, 0.54%, 0, 0, 11, 1443.04
1775228694, 386, 105, 426, 0, 0, 0.54%, 0, 0, 11, 1555.29
1775228699, 386, 147, 426, 0, 0, 0.54%, 0, 0, 11, 1509.50
1775228704, 386, 296, 426, 0, 0, 0.54%, 0, 0, 11, 1559.73
1775228709, 386, 354, 426, 0, 0, 0.54%, 0, 0, 11, 1465.84
1775228715, 386, 386, 426, 0, 0, 0.54%, 0, 0, 11, 1362.36
1775228720, 387, 52, 426, 0, 0, 0.54%, 0, 0, 11, 1423.73
1775228725, 387, 91, 426, 0, 0, 0.54%, 0, 0, 11, 1549.00
1775228730, 387, 128, 426, 0, 0, 0.54%, 0, 0, 11, 1539.11
1775228735, 387, 242, 426, 0, 0, 0.54%, 0, 0, 11, 1546.65
1775228740, 387, 333, 426, 0, 0, 0.54%, 0, 0, 11, 1458.82
1775228745, 387, 381, 426, 0, 0, 0.54%, 0, 0, 11, 1347.85
1775228750, 388, 62, 426, 0, 0, 0.54%, 0, 0, 11, 1309.65
1775228755, 388, 86, 426, 0, 0, 0.54%, 0, 0, 11, 1480.66
1775228760, 388, 114, 426, 0, 0, 0.54%, 0, 0, 11, 1448.76
1775228765, 388, 162, 426, 0, 0, 0.54%, 0, 0, 11, 1471.10
1775228770, 388, 235, 426, 0, 0, 0.54%, 0, 0, 11, 1433.49
1775228776, 388, 322, 426, 0, 0, 0.54%, 0, 0, 11, 1445.06
1775228781, 388, 408, 426, 0, 0, 0.54%, 0, 0, 11, 1360.31
1775228786, 389, 79, 426, 0, 0, 0.54%, 0, 0, 11, 1561.26
1775228791, 389, 100, 426, 0, 0, 0.54%, 0, 0, 11, 1471.20
1775228796, 389, 158, 426, 0, 0, 0.54%, 0, 0, 11, 1453.47
1775228801, 389, 219, 426, 0, 0, 0.54%, 0, 0, 11, 1420.13
1775228806, 389, 342, 426, 0, 0, 0.54%, 0, 0, 11, 1502.55
1775228811, 389, 399, 426, 0, 0, 0.54%, 0, 0, 11, 1362.81
1775228816, 390, 80, 426, 0, 0, 0.54%, 0, 0, 11, 1465.76
1775228821, 390, 123, 426, 0, 0, 0.54%, 0, 0, 11, 1446.16
1775228826, 390, 302, 426, 0, 0, 0.54%, 0, 0, 11, 1418.59
1775228832, 390, 362, 426, 0, 0, 0.54%, 0, 0, 11, 1443.59
1775228837, 391, 30, 426, 0, 0, 0.54%, 0, 0, 11, 1388.11
1775228842, 391, 80, 426, 0, 0, 0.54%, 0, 0, 11, 1562.33
1775228847, 391, 111, 426, 0, 0, 0.54%, 0, 0, 11, 1572.03
1775228852, 391, 205, 426, 0, 0, 0.54%, 0, 0, 11, 333.46
1775228857, 391, 349, 426, 0, 0, 0.54%, 0, 0, 11, 1181.65
1775228862, 391, 406, 426, 0, 0, 0.54%, 0, 0, 11, 1090.12
1775228867, 392, 86, 426, 0, 0, 0.54%, 0, 0, 11, 1375.81
1775228873, 392, 147, 426, 0, 0, 0.54%, 0, 0, 11, 1445.77
1775228878, 392, 312, 426, 0, 0, 0.54%, 0, 0, 11, 1445.17
1775228883, 392, 371, 426, 0, 0, 0.54%, 0, 0, 11, 1408.05
1775228888, 393, 10, 426, 0, 0, 0.54%, 0, 0, 11, 1286.50
1775228893, 393, 79, 426, 0, 0, 0.54%, 0, 0, 11, 1311.00
1775228898, 393, 100, 426, 0, 0, 0.54%, 0, 0, 11, 1359.66
1775228903, 393, 156, 426, 0, 0, 0.54%, 0, 0, 11, 1428.23
1775228908, 393, 201, 426, 0, 0, 0.54%, 0, 0, 11, 1446.05
1775228913, 393, 325, 426, 0, 0, 0.54%, 0, 0, 11, 1432.69
1775228918, 393, 385, 426, 0, 0, 0.54%, 0, 0, 11, 1330.76
1775228924, 394, 36, 426, 0, 0, 0.54%, 0, 0, 11, 1353.42
1775228929, 394, 100, 426, 0, 0, 0.54%, 0, 0, 11, 1462.36
1775228934, 394, 176, 426, 0, 0, 0.54%, 0, 0, 11, 1397.71
1775228939, 394, 354, 426, 0, 0, 0.54%, 0, 0, 11, 1350.08
1775228944, 395, 56, 426, 0, 0, 0.54%, 0, 0, 11, 1411.01
1775228949, 395, 91, 426, 0, 0, 0.54%, 0, 0, 11, 1388.71
1775228954, 395, 167, 426, 0, 0, 0.54%, 0, 0, 11, 1506.52
1775228959, 395, 210, 426, 0, 0, 0.54%, 0, 0, 11, 1405.34
1775228964, 395, 312, 426, 0, 0, 0.54%, 0, 0, 11, 1416.67
1775228970, 395, 385, 426, 0, 0, 0.54%, 0, 0, 11, 1400.21
1775228975, 396, 79, 427, 1, 0, 0.54%, 0, 0, 11, 1457.28
1775228980, 396, 111, 427, 1, 0, 0.54%, 0, 0, 11, 1446.40
1775228985, 396, 186, 427, 1, 0, 0.54%, 0, 0, 11, 1543.52
1775228990, 396, 270, 427, 1, 0, 0.54%, 0, 0, 11, 1437.87
1775228995, 396, 354, 427, 1, 0, 0.54%, 0, 0, 11, 1412.29
1775229000, 396, 386, 427, 1, 0, 0.54%, 0, 0, 11, 1373.93
1775229005, 396, 426, 427, 1, 0, 0.54%, 0, 0, 11, 127.34
1775229020, 397, 14, 427, 0, 0, 0.54%, 0, 0, 11, 1043.19
1775229025, 397, 91, 427, 0, 0, 0.54%, 0, 0, 11, 1338.79
1775229030, 397, 156, 427, 0, 0, 0.54%, 0, 0, 11, 1459.82
1775229035, 397, 191, 427, 0, 0, 0.54%, 0, 0, 11, 1444.57
1775229041, 397, 256, 427, 0, 0, 0.54%, 0, 0, 11, 1464.37
1775229046, 397, 349, 427, 0, 0, 0.54%, 0, 0, 11, 1439.90
1775229051, 397, 423, 427, 0, 0, 0.54%, 0, 0, 11, 1447.34
1775229056, 398, 28, 427, 0, 0, 0.54%, 0, 0, 11, 1515.16
1775229061, 398, 80, 427, 0, 0, 0.54%, 0, 0, 11, 1428.81
1775229066, 398, 183, 427, 0, 0, 0.54%, 0, 0, 11, 1568.36
1775229071, 398, 256, 427, 0, 0, 0.54%, 0, 0, 11, 1514.85
1775229076, 398, 305, 427, 0, 0, 0.54%, 0, 0, 11, 1445.27
1775229081, 398, 385, 427, 0, 0, 0.54%, 0, 0, 11, 1356.15
1775229086, 399, 49, 427, 0, 0, 0.54%, 0, 0, 11, 1377.90
1775229091, 399, 86, 427, 0, 0, 0.54%, 0, 0, 11, 1330.39
1775229096, 399, 147, 427, 0, 0, 0.54%, 0, 0, 11, 1432.52
1775229101, 399, 241, 427, 0, 0, 0.54%, 0, 0, 11, 1631.85
1775229107, 399, 354, 427, 0, 0, 0.54%, 0, 0, 11, 1473.16
1775229112, 400, 51, 427, 0, 0, 0.54%, 0, 0, 11, 1477.91
1775229117, 400, 86, 427, 0, 0, 0.54%, 0, 0, 11, 1509.20
1775229122, 400, 147, 427, 0, 0, 0.54%, 0, 0, 11, 1567.86
1775229127, 400, 325, 427, 0, 0, 0.54%, 0, 0, 11, 1566.73
1775229132, 400, 385, 427, 0, 0, 0.54%, 0, 0, 11, 1401.08
1775229137, 401, 33, 427, 0, 0, 0.54%, 0, 0, 11, 1444.09
1775229142, 401, 83, 427, 0, 0, 0.54%, 0, 0, 11, 1514.86
1775229147, 401, 122, 427, 0, 0, 0.54%, 0, 0, 11, 1506.59
1775229152, 401, 207, 427, 0, 0, 0.54%, 0, 0, 11, 487.69
1775229157, 401, 264, 427, 0, 0, 0.54%, 0, 0, 11, 1186.50
1775229163, 401, 385, 427, 0, 0, 0.54%, 0, 0, 11, 1355.91
1775229168, 402, 20, 427, 0, 0, 0.54%, 0, 0, 11, 1385.31
1775229173, 402, 79, 427, 0, 0, 0.54%, 0, 0, 11, 1541.67
1775229178, 402, 111, 427, 0, 0, 0.54%, 0, 0, 11, 1547.25
1775229183, 402, 181, 427, 0, 0, 0.54%, 0, 0, 11, 1507.86
1775229188, 402, 325, 427, 0, 0, 0.54%, 0, 0, 11, 1508.10
1775229193, 402, 404, 427, 0, 0, 0.54%, 0, 0, 11, 1345.52
1775229198, 403, 80, 427, 0, 0, 0.54%, 0, 0, 11, 1510.28
1775229203, 403, 122, 427, 0, 0, 0.54%, 0, 0, 11, 1476.67
1775229209, 403, 347, 427, 0, 0, 0.54%, 0, 0, 11, 1493.14
1775229214, 404, 22, 427, 0, 0, 0.54%, 0, 0, 11, 1436.28
1775229219, 404, 100, 427, 0, 0, 0.54%, 0, 0, 11, 1544.94
1775229224, 404, 180, 427, 0, 0, 0.54%, 0, 0, 11, 1540.32
1775229229, 404, 317, 427, 0, 0, 0.54%, 0, 0, 11, 1418.55
1775229234, 404, 380, 427, 0, 0, 0.54%, 0, 0, 11, 1413.66
1775229240, 405, 54, 427, 0, 0, 0.54%, 0, 0, 11, 1352.52
1775229245, 405, 91, 427, 0, 0, 0.54%, 0, 0, 11, 1478.08
1775229250, 405, 151, 427, 0, 0, 0.54%, 0, 0, 11, 1506.46
1775229255, 405, 209, 427, 0, 0, 0.54%, 0, 0, 11, 1419.22
1775229260, 405, 277, 427, 0, 0, 0.54%, 0, 0, 11, 1455.49
1775229265, 405, 354, 427, 0, 0, 0.54%, 0, 0, 11, 1394.08
1775229270, 405, 423, 427, 0, 0, 0.54%, 0, 0, 11, 1530.64
1775229275, 406, 43, 427, 0, 0, 0.54%, 0, 0, 11, 1445.25
1775229280, 406, 100, 427, 0, 0, 0.54%, 0, 0, 11, 1485.57
1775229285, 406, 155, 427, 0, 0, 0.54%, 0, 0, 11, 1507.37
1775229291, 406, 324, 427, 0, 0, 0.54%, 0, 0, 11, 1526.66
1775229296, 406, 385, 427, 0, 0, 0.54%, 0, 0, 11, 1334.26
1775229301, 407, 79, 427, 0, 0, 0.54%, 0, 0, 11, 1425.22
1775229306, 407, 132, 427, 0, 0, 0.54%, 0, 0, 11, 1520.82
1775229311, 407, 183, 427, 0, 0, 0.54%, 0, 0, 11, 1405.21
1775229316, 407, 344, 427, 0, 0, 0.54%, 0, 0, 11, 1324.62
1775229321, 407, 418, 427, 0, 0, 0.54%, 0, 0, 11, 1316.78
1775229326, 408, 48, 427, 0, 0, 0.54%, 0, 0, 11, 1264.56
1775229331, 408, 88, 427, 0, 0, 0.54%, 0, 0, 11, 1497.88
1775229337, 408, 137, 427, 0, 0, 0.54%, 0, 0, 11, 1494.24
1775229342, 408, 165, 427, 0, 0, 0.54%, 0, 0, 11, 1397.55
1775229347, 408, 196, 427, 0, 0, 0.54%, 0, 0, 11, 1450.34
1775229352, 408, 292, 427, 0, 0, 0.54%, 0, 0, 11, 1402.32
1775229357, 408, 354, 427, 0, 0, 0.54%, 0, 0, 11, 1471.40
1775229362, 408, 416, 427, 0, 0, 0.54%, 0, 0, 11, 1253.64
1775229367, 409, 51, 427, 0, 0, 0.54%, 0, 0, 11, 1370.45
1775229372, 409, 91, 427, 0, 0, 0.54%, 0, 0, 11, 1655.96
1775229377, 409, 222, 427, 0, 0, 0.54%, 0, 0, 11, 1619.08
1775229382, 409, 313, 427, 0, 0, 0.54%, 0, 0, 11, 1508.03
1775229388, 409, 357, 427, 0, 0, 0.54%, 0, 0, 11, 1400.53
1775229393, 410, 33, 427, 0, 0, 0.54%, 0, 0, 11, 1300.62
1775229398, 410, 91, 427, 0, 0, 0.54%, 0, 0, 11, 1492.83
1775229403, 410, 138, 427, 0, 0, 0.54%, 0, 0, 11, 1473.88
1775229408, 410, 188, 427, 0, 0, 0.54%, 0, 0, 11, 1562.10
1775229413, 410, 349, 427, 0, 0, 0.54%, 0, 0, 11, 1495.31
1775229418, 410, 390, 427, 0, 0, 0.54%, 0, 0, 11, 1312.78
1775229423, 411, 80, 427, 0, 0, 0.54%, 0, 0, 11, 1497.54
1775229428, 411, 132, 427, 0, 0, 0.54%, 0, 0, 11, 1504.57
1775229433, 411, 177, 427, 0, 0, 0.54%, 0, 0, 11, 1533.19
1775229438, 411, 297, 427, 0, 0, 0.54%, 0, 0, 11, 1500.73
1775229443, 411, 364, 427, 0, 0, 0.54%, 0, 0, 11, 1399.98
1775229448, 411, 418, 427, 0, 0, 0.54%, 0, 0, 11, 964.01
1775229453, 412, 63, 427, 0, 0, 0.54%, 0, 0, 11, 1355.07
1775229458, 412, 104, 427, 0, 0, 0.54%, 0, 0, 11, 1498.48
1775229464, 412, 178, 427, 0, 0, 0.54%, 0, 0, 11, 1520.97
1775229469, 412, 196, 427, 0, 0, 0.54%, 0, 0, 11, 777.00
1775229474, 412, 275, 427, 0, 0, 0.54%, 0, 0, 11, 1211.16
1775229479, 412, 357, 427, 0, 0, 0.54%, 0, 0, 11, 1314.37
1775229484, 412, 422, 427, 0, 0, 0.54%, 0, 0, 11, 889.54
1775229489, 413, 79, 427, 0, 0, 0.54%, 0, 0, 11, 1395.49
1775229494, 413, 111, 427, 0, 0, 0.54%, 0, 0, 11, 1330.43
1775229499, 413, 205, 427, 0, 0, 0.54%, 0, 0, 11, 1410.27
1775229504, 413, 296, 427, 0, 0, 0.54%, 0, 0, 11, 1485.77
1775229509, 413, 354, 427, 0, 0, 0.54%, 0, 0, 11, 1420.14
1775229514, 414, 1, 427, 0, 0, 0.54%, 0, 0, 11, 1263.55
1775229519, 414, 80, 427, 0, 0, 0.54%, 0, 0, 11, 1449.63
1775229524, 414, 126, 427, 0, 0, 0.54%, 0, 0, 11, 1554.33
1775229529, 414, 189, 427, 0, 0, 0.54%, 0, 0, 11, 1538.83
1775229535, 414, 354, 427, 0, 0, 0.54%, 0, 0, 11, 1506.75
1775229540, 415, 49, 427, 0, 0, 0.54%, 0, 0, 11, 1353.20
1775229545, 415, 80, 427, 0, 0, 0.54%, 0, 0, 11, 1572.90
1775229550, 415, 147, 427, 0, 0, 0.54%, 0, 0, 11, 1568.72
1775229555, 415, 274, 427, 0, 0, 0.54%, 0, 0, 11, 1445.86
1775229560, 415, 357, 427, 0, 0, 0.54%, 0, 0, 11, 1416.14
1775229565, 415, 423, 427, 0, 0, 0.54%, 0, 0, 11, 1428.08
1775229570, 416, 63, 427, 0, 0, 0.54%, 0, 0, 11, 1499.30
1775229575, 416, 86, 427, 0, 0, 0.54%, 0, 0, 11, 1452.59
1775229580, 416, 111, 427, 0, 0, 0.54%, 0, 0, 11, 1515.32
1775229586, 416, 243, 427, 0, 0, 0.54%, 0, 0, 11, 1431.28
1775229591, 416, 325, 427, 0, 0, 0.54%, 0, 0, 11, 1504.71
1775229596, 416, 371, 427, 0, 0, 0.54%, 0, 0, 11, 1407.16
1775229601, 417, 36, 427, 0, 0, 0.54%, 0, 0, 11, 1372.96
1775229606, 417, 91, 427, 0, 0, 0.54%, 0, 0, 11, 1504.22
1775229611, 417, 150, 427, 0, 0, 0.54%, 0, 0, 11, 1503.75
1775229616, 417, 306, 427, 0, 0, 0.54%, 0, 0, 11, 1460.49
1775229621, 417, 349, 427, 0, 0, 0.54%, 0, 0, 11, 1480.45
1775229626, 417, 418, 427, 0, 0, 0.54%, 0, 0, 11, 997.78
1775229631, 418, 49, 427, 0, 0, 0.54%, 0, 0, 11, 1279.26
1775229636, 418, 91, 427, 0, 0, 0.54%, 0, 0, 11, 1500.11
1775229641, 418, 160, 427, 0, 0, 0.54%, 0, 0, 11, 1464.65
1775229646, 418, 244, 427, 0, 0, 0.54%, 0, 0, 11, 1406.98
1775229652, 418, 385, 427, 0, 0, 0.54%, 0, 0, 11, 1443.11
1775229657, 419, 36, 427, 0, 0, 0.54%, 0, 0, 11, 1515.24
1775229662, 419, 86, 427, 0, 0, 0.54%, 0, 0, 11, 1470.42
1775229667, 419, 147, 427, 0, 0, 0.54%, 0, 0, 11, 1503.02
1775229672, 419, 274, 427, 0, 0, 0.54%, 0, 0, 11, 1419.87
1775229677, 419, 339, 427, 0, 0, 0.54%, 0, 0, 11, 1325.34
1775229682, 419, 385, 427, 0, 0, 0.54%, 0, 0, 11, 1343.88
1775229687, 420, 67, 427, 0, 0, 0.54%, 0, 0, 11, 1463.36
1775229692, 420, 100, 427, 0, 0, 0.54%, 0, 0, 11, 1423.53
1775229698, 420, 157, 427, 0, 0, 0.54%, 0, 0, 11, 1456.02
1775229703, 420, 272, 427, 0, 0, 0.54%, 0, 0, 11, 1543.56
1775229708, 420, 354, 427, 0, 0, 0.54%, 0, 0, 11, 1329.64
1775229713, 421, 32, 427, 0, 0, 0.54%, 0, 0, 11, 1398.16
1775229718, 421, 80, 427, 0, 0, 0.54%, 0, 0, 11, 1492.73
1775229723, 421, 109, 427, 0, 0, 0.54%, 0, 0, 11, 1456.80
1775229728, 421, 177, 427, 0, 0, 0.54%, 0, 0, 11, 1343.47
1775229733, 421, 271, 427, 0, 0, 0.54%, 0, 0, 11, 1485.48
1775229739, 421, 346, 427, 0, 0, 0.54%, 0, 0, 11, 1460.55
1775229744, 421, 406, 427, 0, 0, 0.54%, 0, 0, 11, 1360.88
1775229749, 422, 59, 427, 0, 0, 0.54%, 0, 0, 11, 1530.36
1775229754, 422, 99, 427, 0, 0, 0.54%, 0, 0, 11, 1617.26
1775229759, 422, 147, 427, 0, 0, 0.54%, 0, 0, 11, 1506.72
1775229764, 422, 270, 427, 0, 0, 0.54%, 0, 0, 11, 1591.49
1775229769, 422, 354, 427, 0, 0, 0.54%, 0, 0, 11, 1440.34
1775229774, 423, 63, 427, 0, 0, 0.54%, 0, 0, 11, 1471.60
1775229779, 423, 86, 427, 0, 0, 0.54%, 0, 0, 11, 1555.28
1775229784, 423, 147, 427, 0, 0, 0.54%, 0, 0, 11, 1662.74
1775229789, 423, 234, 427, 0, 0, 0.54%, 0, 0, 11, 1531.54
1775229794, 423, 354, 427, 0, 0, 0.54%, 0, 0, 11, 1378.94
1775229799, 424, 4, 427, 0, 0, 0.54%, 0, 0, 11, 1306.57
1775229804, 424, 86, 427, 0, 0, 0.54%, 0, 0, 11, 1462.17
1775229809, 424, 152, 427, 0, 0, 0.54%, 0, 0, 11, 1533.02
1775229815, 424, 196, 427, 0, 0, 0.54%, 0, 0, 11, 1562.06
1775229820, 424, 349, 427, 0, 0, 0.54%, 0, 0, 11, 1453.30
1775229825, 425, 62, 427, 0, 0, 0.54%, 0, 0, 11, 1514.28
1775229830, 425, 91, 427, 0, 0, 0.54%, 0, 0, 11, 1622.38
1775229835, 425, 192, 427, 0, 0, 0.54%, 0, 0, 11, 1595.65
1775229840, 425, 272, 427, 0, 0, 0.54%, 0, 0, 11, 1547.12
1775229845, 425, 349, 427, 0, 0, 0.54%, 0, 0, 11, 1532.36
1775229850, 426, 2, 427, 0, 0, 0.54%, 0, 0, 11, 1409.64
1775229855, 426, 86, 427, 0, 0, 0.54%, 0, 0, 11, 1498.82
1775229860, 426, 144, 427, 0, 0, 0.54%, 0, 0, 11, 1456.88
1775229866, 426, 230, 427, 0, 0, 0.54%, 0, 0, 11, 1484.84
1775229871, 426, 342, 427, 0, 0, 0.54%, 0, 0, 11, 1456.84
1775229876, 426, 388, 427, 0, 0, 0.54%, 0, 0, 11, 1413.00
1775229881, 427, 66, 427, 0, 0, 0.54%, 0, 0, 11, 1603.65
1775229886, 427, 111, 427, 0, 0, 0.54%, 0, 0, 11, 1467.25
1775229891, 427, 250, 427, 0, 0, 0.54%, 0, 0, 11, 1492.21
1775229896, 427, 352, 427, 0, 0, 0.54%, 0, 0, 11, 1508.10
1775229901, 427, 421, 427, 0, 0, 0.54%, 0, 0, 11, 1237.17
1775229906, 428, 77, 427, 0, 0, 0.54%, 0, 0, 11, 1523.86
1775229911, 428, 111, 427, 0, 0, 0.54%, 0, 0, 11, 1546.48
1775229916, 428, 196, 427, 0, 0, 0.54%, 0, 0, 11, 1562.35
1775229921, 428, 295, 427, 0, 0, 0.54%, 0, 0, 11, 1529.61
1775229926, 428, 371, 427, 0, 0, 0.54%, 0, 0, 11, 1360.42
1775229931, 428, 422, 427, 0, 0, 0.54%, 0, 0, 11, 1369.82
1775229936, 429, 80, 427, 0, 0, 0.54%, 0, 0, 11, 1522.77
1775229942, 429, 105, 427, 0, 0, 0.54%, 0, 0, 11, 1553.55
1775229947, 429, 164, 427, 0, 0, 0.54%, 0, 0, 11, 1492.27
1775229952, 429, 244, 427, 0, 0, 0.54%, 0, 0, 11, 1431.38
1775229957, 429, 371, 427, 0, 0, 0.54%, 0, 0, 11, 1425.19
1775229962, 430, 41, 427, 0, 0, 0.54%, 0, 0, 11, 1370.97
1775229967, 430, 86, 427, 0, 0, 0.54%, 0, 0, 11, 1541.43
1775229972, 430, 165, 427, 0, 0, 0.54%, 0, 0, 11, 1568.11
1775229977, 430, 227, 427, 0, 0, 0.54%, 0, 0, 11, 1576.31
1775229982, 430, 354, 427, 0, 0, 0.54%, 0, 0, 11, 1441.06
1775229987, 431, 63, 427, 0, 0, 0.54%, 0, 0, 11, 1430.79
1775229992, 431, 100, 427, 0, 0, 0.54%, 0, 0, 11, 1478.40
1775229997, 431, 148, 427, 0, 0, 0.54%, 0, 0, 11, 1510.94
1775230002, 431, 281, 427, 0, 0, 0.54%, 0, 0, 11, 1530.19
1775230008, 431, 385, 427, 0, 0, 0.54%, 0, 0, 11, 1383.70
1775230013, 432, 5, 427, 0, 0, 0.54%, 0, 0, 11, 1453.21
1775230018, 432, 80, 427, 0, 0, 0.54%, 0, 0, 11, 1564.89
1775230023, 432, 120, 427, 0, 0, 0.54%, 0, 0, 11, 1553.87
1775230028, 432, 210, 427, 0, 0, 0.54%, 0, 0, 11, 1417.92
1775230033, 432, 336, 427, 0, 0, 0.54%, 0, 0, 11, 1466.96
1775230038, 432, 385, 427, 0, 0, 0.54%, 0, 0, 11, 1434.97
1775230043, 433, 63, 427, 0, 0, 0.54%, 0, 0, 11, 1540.87
1775230048, 433, 108, 427, 0, 0, 0.54%, 0, 0, 11, 1602.03
1775230053, 433, 196, 427, 0, 0, 0.54%, 0, 0, 11, 1498.01
1775230059, 433, 316, 427, 0, 0, 0.54%, 0, 0, 11, 1537.93
1775230064, 433, 398, 427, 0, 0, 0.54%, 0, 0, 11, 1474.04
1775230069, 433, 416, 427, 0, 0, 0.54%, 0, 0, 11, 1496.17
1775230074, 434, 100, 427, 0, 0, 0.54%, 0, 0, 11, 1606.51
1775230079, 434, 237, 427, 0, 0, 0.54%, 0, 0, 11, 1463.69
1775230084, 434, 349, 427, 0, 0, 0.54%, 0, 0, 11, 1480.78
1775230089, 435, 15, 427, 0, 0, 0.54%, 0, 0, 11, 1397.02
1775230094, 435, 80, 427, 0, 0, 0.54%, 0, 0, 11, 1545.41
1775230099, 435, 111, 427, 0, 0, 0.54%, 0, 0, 11, 1545.34
1775230105, 435, 186, 427, 0, 0, 0.54%, 0, 0, 11, 1394.22
1775230110, 435, 248, 427, 0, 0, 0.54%, 0, 0, 11, 1343.68
1775230115, 435, 354, 427, 0, 0, 0.54%, 0, 0, 11, 1464.93
1775230120, 436, 18, 427, 0, 0, 0.54%, 0, 0, 11, 1307.59
1775230125, 436, 80, 427, 0, 0, 0.54%, 0, 0, 11, 1490.10
1775230130, 436, 147, 427, 0, 0, 0.54%, 0, 0, 11, 1497.33
1775230135, 436, 232, 427, 0, 0, 0.54%, 0, 0, 11, 1431.26
1775230140, 436, 353, 427, 0, 0, 0.54%, 0, 0, 11, 1412.41
1775230145, 437, 1, 427, 0, 0, 0.54%, 0, 0, 11, 1281.99
1775230150, 437, 91, 427, 0, 0, 0.54%, 0, 0, 11, 1505.71
1775230155, 437, 147, 427, 0, 0, 0.54%, 0, 0, 11, 1563.97
1775230161, 437, 227, 427, 0, 0, 0.54%, 0, 0, 11, 1515.25
1775230166, 437, 323, 427, 0, 0, 0.54%, 0, 0, 11, 1451.10
1775230171, 437, 385, 427, 0, 0, 0.54%, 0, 0, 11, 1374.57
1775230176, 438, 79, 427, 0, 0, 0.54%, 0, 0, 11, 1482.27
1775230181, 438, 101, 427, 0, 0, 0.54%, 0, 0, 11, 1475.19
1775230186, 438, 184, 427, 0, 0, 0.54%, 0, 0, 11, 1510.62
1775230191, 438, 257, 427, 0, 0, 0.54%, 0, 0, 11, 1429.85
1775230196, 438, 354, 427, 0, 0, 0.54%, 0, 0, 11, 1347.42
1775230201, 439, 15, 427, 0, 0, 0.54%, 0, 0, 11, 1282.48
1775230206, 439, 80, 427, 0, 0, 0.54%, 0, 0, 11, 1543.90
1775230211, 439, 147, 427, 0, 0, 0.54%, 0, 0, 11, 1594.62
1775230216, 439, 216, 427, 0, 0, 0.54%, 0, 0, 11, 1467.35
1775230222, 439, 269, 427, 0, 0, 0.54%, 0, 0, 11, 1341.16
1775230227, 439, 385, 427, 0, 0, 0.54%, 0, 0, 11, 1321.16
1775230232, 440, 75, 427, 0, 0, 0.54%, 0, 0, 11, 1417.45
1775230237, 440, 100, 427, 0, 0, 0.54%, 0, 0, 11, 1436.38
1775230242, 440, 192, 427, 0, 0, 0.54%, 0, 0, 11, 1391.90
1775230247, 440, 285, 427, 0, 0, 0.54%, 0, 0, 11, 1548.23
1775230252, 440, 371, 427, 0, 0, 0.54%, 0, 0, 11, 1426.18
1775230257, 440, 418, 427, 0, 0, 0.54%, 0, 0, 11, 486.88
1775230262, 441, 19, 427, 0, 0, 0.54%, 0, 0, 11, 1097.51
1775230267, 441, 76, 427, 0, 0, 0.54%, 0, 0, 11, 1478.63
1775230273, 441, 100, 427, 0, 0, 0.54%, 0, 0, 11, 1450.31
1775230278, 441, 173, 427, 0, 0, 0.54%, 0, 0, 11, 1487.16
1775230283, 441, 325, 427, 0, 0, 0.54%, 0, 0, 11, 1451.76
1775230288, 441, 387, 427, 0, 0, 0.54%, 0, 0, 11, 1342.81
1775230293, 442, 21, 427, 0, 0, 0.54%, 0, 0, 11, 1284.47
1775230298, 442, 86, 427, 0, 0, 0.54%, 0, 0, 11, 1431.79
1775230303, 442, 118, 427, 0, 0, 0.54%, 0, 0, 11, 1303.96
1775230308, 442, 211, 427, 0, 0, 0.54%, 0, 0, 11, 1366.49
1775230313, 442, 325, 427, 0, 0, 0.54%, 0, 0, 11, 1469.90
1775230318, 442, 366, 427, 0, 0, 0.54%, 0, 0, 11, 1330.13
1775230323, 443, 52, 427, 0, 0, 0.54%, 0, 0, 11, 1231.81
1775230328, 443, 86, 427, 0, 0, 0.54%, 0, 0, 11, 1561.08
1775230334, 443, 147, 427, 0, 0, 0.54%, 0, 0, 11, 1465.77
1775230339, 443, 259, 427, 0, 0, 0.54%, 0, 0, 11, 1385.24
1775230344, 443, 360, 427, 0, 0, 0.54%, 0, 0, 11, 1364.32
1775230349, 444, 19, 427, 0, 0, 0.54%, 0, 0, 11, 1568.52
1775230354, 444, 86, 427, 0, 0, 0.54%, 0, 0, 11, 1522.66
1775230359, 444, 147, 427, 0, 0, 0.54%, 0, 0, 11, 1477.37
1775230364, 444, 325, 427, 0, 0, 0.54%, 0, 0, 11, 1436.94
1775230369, 444, 391, 427, 0, 0, 0.54%, 0, 0, 11, 1306.24
1775230375, 445, 79, 427, 0, 0, 0.54%, 0, 0, 11, 1487.25
1775230380, 445, 124, 427, 0, 0, 0.54%, 0, 0, 11, 1552.48
1775230385, 445, 228, 427, 0, 0, 0.54%, 0, 0, 11, 1517.10
1775230390, 445, 314, 427, 0, 0, 0.54%, 0, 0, 11, 1313.42
1775230395, 445, 385, 427, 0, 0, 0.54%, 0, 0, 11, 1359.54
1775230400, 446, 80, 427, 0, 0, 0.54%, 0, 0, 11, 1542.40
1775230405, 446, 159, 427, 0, 0, 0.54%, 0, 0, 11, 1553.70
1775230410, 446, 290, 427, 0, 0, 0.54%, 0, 0, 11, 1417.33
1775230415, 446, 354, 427, 0, 0, 0.54%, 0, 0, 11, 1314.79
1775230421, 446, 424, 427, 0, 0, 0.54%, 0, 0, 11, 1126.87
1775230426, 447, 63, 427, 0, 0, 0.54%, 0, 0, 11, 1445.42
1775230431, 447, 100, 427, 0, 0, 0.54%, 0, 0, 11, 1486.41
1775230436, 447, 223, 427, 0, 0, 0.54%, 0, 0, 11, 1518.17
1775230441, 447, 310, 427, 0, 0, 0.54%, 0, 0, 11, 1572.34
1775230446, 447, 379, 427, 0, 0, 0.54%, 0, 0, 11, 1355.06
1775230452, 448, 63, 427, 0, 0, 0.54%, 0, 0, 11, 1411.50
1775230457, 448, 82, 427, 0, 0, 0.54%, 0, 0, 11, 1470.70
1775230462, 448, 142, 427, 0, 0, 0.54%, 0, 0, 11, 1404.33
1775230467, 448, 196, 427, 0, 0, 0.54%, 0, 0, 11, 1428.40
1775230472, 448, 325, 427, 0, 0, 0.54%, 0, 0, 11, 1370.42
1775230477, 448, 385, 427, 0, 0, 0.54%, 0, 0, 11, 1359.73
1775230482, 449, 29, 427, 0, 0, 0.54%, 0, 0, 11, 1365.07
1775230487, 449, 80, 427, 0, 0, 0.54%, 0, 0, 11, 1479.23
1775230492, 449, 111, 427, 0, 0, 0.54%, 0, 0, 11, 1528.17
1775230497, 449, 279, 427, 0, 0, 0.54%, 0, 0, 11, 1464.56
1775230503, 449, 378, 427, 0, 0, 0.54%, 0, 0, 11, 1388.21
1775230508, 450, 80, 427, 0, 0, 0.54%, 0, 0, 11, 1459.31
1775230513, 450, 100, 427, 0, 0, 0.54%, 0, 0, 11, 1455.52
1775230518, 450, 136, 427, 0, 0, 0.54%, 0, 0, 11, 1363.41
1775230523, 450, 216, 427, 0, 0, 0.54%, 0, 0, 11, 1476.36
1775230528, 450, 366, 427, 0, 0, 0.54%, 0, 0, 11, 1388.57
1775230533, 451, 79, 427, 0, 0, 0.54%, 0, 0, 11, 1443.22
1775230538, 451, 94, 427, 0, 0, 0.54%, 0, 0, 11, 1410.18
1775230543, 451, 227, 427, 0, 0, 0.54%, 0, 0, 11, 1508.55
1775230548, 451, 328, 427, 0, 0, 0.54%, 0, 0, 11, 1544.15
1775230553, 451, 385, 427, 0, 0, 0.54%, 0, 0, 11, 1373.66
1775230558, 452, 42, 427, 0, 0, 0.54%, 0, 0, 11, 1585.41
1775230564, 452, 80, 427, 0, 0, 0.54%, 0, 0, 11, 1486.65
1775230569, 452, 111, 427, 0, 0, 0.54%, 0, 0, 11, 1551.97
1775230574, 452, 168, 427, 0, 0, 0.54%, 0, 0, 11, 1479.74
1775230579, 452, 319, 427, 0, 0, 0.54%, 0, 0, 11, 1568.00
1775230584, 452, 373, 427, 0, 0, 0.54%, 0, 0, 11, 1443.29
1775230589, 453, 36, 427, 0, 0, 0.54%, 0, 0, 11, 1365.25
1775230594, 453, 100, 427, 0, 0, 0.54%, 0, 0, 11, 1588.78
1775230599, 453, 183, 427, 0, 0, 0.54%, 0, 0, 11, 1535.82
1775230604, 453, 286, 428, 1, 0, 0.54%, 0, 0, 11, 1278.15
1775230609, 453, 357, 428, 1, 0, 0.54%, 0, 0, 11, 1288.14
1775230614, 454, 14, 428, 1, 0, 0.54%, 0, 0, 11, 1305.42
1775230619, 454, 77, 428, 1, 0, 0.54%, 0, 0, 11, 1509.44
1775230624, 454, 110, 428, 1, 0, 0.54%, 0, 0, 11, 1451.13
1775230630, 454, 187, 428, 1, 0, 0.54%, 0, 0, 11, 1430.38
1775230635, 454, 349, 428, 1, 0, 0.54%, 0, 0, 11, 1510.77
1775230640, 454, 410, 428, 1, 0, 0.54%, 0, 0, 11, 1373.59
1775230645, 454, 427, 428, 1, 0, 0.54%, 0, 0, 11, 80.82
1775230660, 455, 70, 428, 0, 0, 0.54%, 0, 0, 11, 1448.02
1775230665, 455, 100, 428, 0, 0, 0.54%, 0, 0, 11, 1532.81
1775230670, 455, 197, 428, 0, 0, 0.54%, 0, 0, 11, 1422.13
1775230675, 455, 325, 428, 0, 0, 0.54%, 0, 0, 11, 1506.11
1775230680, 455, 385, 428, 0, 0, 0.54%, 0, 0, 11, 1383.37
1775230686, 456, 63, 428, 0, 0, 0.54%, 0, 0, 11, 1721.36
1775230691, 456, 91, 428, 0, 0, 0.54%, 0, 0, 11, 1541.00
1775230696, 456, 180, 428, 0, 0, 0.54%, 0, 0, 11, 1535.42
1775230701, 456, 233, 428, 0, 0, 0.54%, 0, 0, 11, 1195.08
1775230706, 456, 349, 428, 0, 0, 0.54%, 0, 0, 11, 1503.44
1775230711, 457, 21, 428, 0, 0, 0.54%, 0, 0, 11, 1245.86
1775230716, 457, 80, 428, 0, 0, 0.54%, 0, 0, 11, 1400.24
1775230721, 457, 147, 428, 0, 0, 0.54%, 0, 0, 11, 1474.51
1775230726, 457, 220, 428, 0, 0, 0.54%, 0, 0, 11, 1445.59
1775230731, 457, 349, 428, 0, 0, 0.54%, 0, 0, 11, 1464.49
1775230737, 458, 10, 428, 0, 0, 0.54%, 0, 0, 11, 1246.29
1775230742, 458, 49, 428, 0, 0, 0.54%, 0, 0, 11, 1621.45
1775230747, 458, 89, 428, 0, 0, 0.54%, 0, 0, 11, 1566.14
1775230752, 458, 147, 428, 0, 0, 0.54%, 0, 0, 11, 1575.63
1775230757, 458, 304, 428, 0, 0, 0.54%, 0, 0, 11, 1445.61
1775230762, 458, 354, 428, 0, 0, 0.54%, 0, 0, 11, 1336.68
1775230767, 458, 418, 428, 0, 0, 0.54%, 0, 0, 11, 1215.86
1775230772, 459, 22, 428, 0, 0, 0.54%, 0, 0, 11, 1146.82
1775230777, 459, 79, 428, 0, 0, 0.54%, 0, 0, 11, 1448.57
1775230782, 459, 147, 428, 0, 0, 0.54%, 0, 0, 11, 1484.14
1775230787, 459, 300, 428, 0, 0, 0.54%, 0, 0, 11, 1464.85
1775230792, 459, 371, 428, 0, 0, 0.54%, 0, 0, 11, 1409.72
1775230798, 460, 49, 428, 0, 0, 0.54%, 0, 0, 11, 1391.43
1775230803, 460, 80, 428, 0, 0, 0.54%, 0, 0, 11, 1489.62
1775230808, 460, 138, 428, 0, 0, 0.54%, 0, 0, 11, 1511.52
1775230813, 460, 217, 428, 0, 0, 0.54%, 0, 0, 11, 1409.44
1775230818, 460, 349, 428, 0, 0, 0.54%, 0, 0, 11, 1497.57
1775230823, 460, 385, 428, 0, 0, 0.54%, 0, 0, 11, 1337.07
1775230828, 461, 80, 428, 0, 0, 0.54%, 0, 0, 11, 1567.72
1775230833, 461, 147, 428, 0, 0, 0.54%, 0, 0, 11, 1472.29
1775230838, 461, 309, 428, 0, 0, 0.54%, 0, 0, 11, 1432.18
1775230843, 461, 373, 428, 0, 0, 0.54%, 0, 0, 11, 1369.19
1775230848, 462, 25, 428, 0, 0, 0.54%, 0, 0, 11, 1491.10
1775230853, 462, 75, 428, 0, 0, 0.54%, 0, 0, 11, 1468.20
1775230859, 462, 111, 428, 0, 0, 0.54%, 0, 0, 11, 1453.43
1775230864, 462, 251, 428, 0, 0, 0.54%, 0, 0, 11, 1485.13
1775230869, 462, 289, 428, 0, 0, 0.54%, 0, 0, 11, 1488.90
1775230874, 462, 354, 428, 0, 0, 0.54%, 0, 0, 11, 1456.73
1775230879, 463, 18, 428, 0, 0, 0.54%, 0, 0, 11, 1538.36
1775230884, 463, 80, 428, 0, 0, 0.54%, 0, 0, 11, 1543.85
1775230889, 463, 111, 428, 0, 0, 0.54%, 0, 0, 11, 1491.75
1775230894, 463, 152, 428, 0, 0, 0.54%, 0, 0, 11, 1420.77
1775230899, 463, 200, 428, 0, 0, 0.54%, 0, 0, 11, 1461.48
1775230905, 463, 335, 428, 0, 0, 0.54%, 0, 0, 11, 1499.62
1775230910, 463, 385, 428, 0, 0, 0.54%, 0, 0, 11, 1395.38
1775230915, 464, 57, 428, 0, 0, 0.54%, 0, 0, 11, 1439.80
1775230920, 464, 94, 428, 0, 0, 0.54%, 0, 0, 11, 1505.96
1775230925, 464, 147, 428, 0, 0, 0.54%, 0, 0, 11, 1514.20
1775230930, 464, 257, 428, 0, 0, 0.54%, 0, 0, 11, 1380.89
1775230935, 464, 315, 428, 0, 0, 0.54%, 0, 0, 11, 1320.93
1775230940, 464, 385, 428, 0, 0, 0.54%, 0, 0, 11, 1256.69
1775230945, 465, 57, 428, 0, 0, 0.54%, 0, 0, 11, 1536.98
1775230950, 465, 86, 428, 0, 0, 0.54%, 0, 0, 11, 1477.00
1775230956, 465, 156, 428, 0, 0, 0.54%, 0, 0, 11, 1540.82
1775230961, 465, 196, 428, 0, 0, 0.54%, 0, 0, 11, 1557.16
1775230966, 465, 304, 428, 0, 0, 0.54%, 0, 0, 11, 1541.60
1775230971, 465, 359, 428, 0, 0, 0.54%, 0, 0, 11, 1345.67
1775230976, 466, 36, 428, 0, 0, 0.54%, 0, 0, 11, 1295.04
1775230981, 466, 85, 428, 0, 0, 0.54%, 0, 0, 11, 1440.90
1775230986, 466, 118, 428, 0, 0, 0.54%, 0, 0, 11, 1457.18
1775230991, 466, 196, 428, 0, 0, 0.54%, 0, 0, 11, 1502.27
1775230996, 466, 317, 428, 0, 0, 0.54%, 0, 0, 11, 1504.26
1775231001, 466, 385, 428, 0, 0, 0.54%, 0, 0, 11, 1392.46
1775231007, 467, 53, 428, 0, 0, 0.54%, 0, 0, 11, 1264.67
1775231012, 467, 89, 428, 0, 0, 0.54%, 0, 0, 11, 1431.74
1775231017, 467, 147, 428, 0, 0, 0.54%, 0, 0, 11, 1452.84
1775231022, 467, 245, 428, 0, 0, 0.54%, 0, 0, 11, 1485.76
1775231027, 467, 349, 428, 0, 0, 0.54%, 0, 0, 11, 1392.44
1775231032, 467, 422, 428, 0, 0, 0.54%, 0, 0, 11, 1341.75
1775231037, 468, 79, 428, 0, 0, 0.54%, 0, 0, 11, 1438.58
1775231042, 468, 111, 428, 0, 0, 0.54%, 0, 0, 11, 1425.52
1775231047, 468, 206, 428, 0, 0, 0.54%, 0, 0, 11, 1441.69
1775231052, 468, 290, 428, 0, 0, 0.54%, 0, 0, 11, 1464.57
1775231057, 468, 385, 428, 0, 0, 0.54%, 0, 0, 11, 1382.34
1775231062, 469, 15, 428, 0, 0, 0.54%, 0, 0, 11, 1254.36
1775231067, 469, 91, 428, 0, 0, 0.54%, 0, 0, 11, 1554.43
1775231072, 469, 156, 428, 0, 0, 0.54%, 0, 0, 11, 1476.69
1775231078, 469, 272, 428, 0, 0, 0.54%, 0, 0, 11, 1492.99
1775231083, 469, 349, 428, 0, 0, 0.54%, 0, 0, 11, 1437.29
1775231088, 469, 385, 428, 0, 0, 0.54%, 0, 0, 11, 1400.45
1775231093, 470, 63, 428, 0, 0, 0.54%, 0, 0, 11, 1463.51
1775231098, 470, 100, 428, 0, 0, 0.54%, 0, 0, 11, 1515.99
1775231103, 470, 162, 428, 0, 0, 0.54%, 0, 0, 11, 1399.85
1775231108, 470, 245, 428, 0, 0, 0.54%, 0, 0, 11, 1383.01
1775231113, 470, 288, 428, 0, 0, 0.54%, 0, 0, 11, 1520.32
1775231118, 470, 332, 428, 0, 0, 0.54%, 0, 0, 11, 1456.08
1775231124, 470, 385, 428, 0, 0, 0.54%, 0, 0, 11, 1289.69
1775231129, 471, 79, 428, 0, 0, 0.54%, 0, 0, 11, 1436.45
1775231134, 471, 132, 428, 0, 0, 0.54%, 0, 0, 11, 1513.48
1775231139, 471, 234, 428, 0, 0, 0.54%, 0, 0, 11, 1461.97
1775231144, 471, 349, 428, 0, 0, 0.54%, 0, 0, 11, 1392.00
1775231149, 471, 402, 428, 0, 0, 0.54%, 0, 0, 11, 1213.93
1775231154, 472, 79, 428, 0, 0, 0.54%, 0, 0, 11, 1458.11
1775231159, 472, 100, 428, 0, 0, 0.54%, 0, 0, 11, 1441.20
1775231164, 472, 190, 428, 0, 0, 0.54%, 0, 0, 11, 1419.47
1775231169, 472, 283, 428, 0, 0, 0.54%, 0, 0, 11, 1425.63
1775231174, 472, 354, 428, 0, 0, 0.54%, 0, 0, 11, 1430.46
1775231180, 472, 420, 428, 0, 0, 0.54%, 0, 0, 11, 1095.12
1775231185, 473, 66, 428, 0, 0, 0.54%, 0, 0, 11, 1504.07
1775231190, 473, 100, 428, 0, 0, 0.54%, 0, 0, 11, 1501.08
1775231195, 473, 196, 428, 0, 0, 0.54%, 0, 0, 11, 1509.66
1775231200, 473, 259, 428, 0, 0, 0.54%, 0, 0, 11, 1420.33
1775231205, 473, 385, 428, 0, 0, 0.54%, 0, 0, 11, 1345.43
1775231210, 474, 80, 428, 0, 0, 0.54%, 0, 0, 11, 1531.15
1775231215, 474, 91, 428, 0, 0, 0.54%, 0, 0, 11, 1467.82
1775231220, 474, 143, 428, 0, 0, 0.54%, 0, 0, 11, 1438.14
1775231225, 474, 230, 428, 0, 0, 0.54%, 0, 0, 11, 1444.43
1775231230, 474, 325, 428, 0, 0, 0.54%, 0, 0, 11, 1538.95
1775231235, 474, 403, 428, 0, 0, 0.54%, 0, 0, 11, 1384.08
1775231240, 475, 72, 428, 0, 0, 0.54%, 0, 0, 11, 1492.62
1775231245, 475, 91, 428, 0, 0, 0.54%, 0, 0, 11, 1501.74
1775231250, 475, 147, 428, 0, 0, 0.54%, 0, 0, 11, 1529.45
1775231255, 475, 202, 428, 0, 0, 0.54%, 0, 0, 11, 1570.13
1775231260, 475, 309, 428, 0, 0, 0.54%, 0, 0, 11, 1507.81
1775231265, 475, 388, 428, 0, 0, 0.54%, 0, 0, 11, 1379.18
1775231271, 476, 64, 428, 0, 0, 0.54%, 0, 0, 11, 1438.30
1775231276, 476, 86, 428, 0, 0, 0.54%, 0, 0, 11, 1388.30
1775231281, 476, 116, 428, 0, 0, 0.54%, 0, 0, 11, 1416.47
1775231286, 476, 181, 428, 0, 0, 0.54%, 0, 0, 11, 1413.80
1775231291, 476, 276, 428, 0, 0, 0.54%, 0, 0, 11, 1425.53
1775231296, 476, 349, 428, 0, 0, 0.54%, 0, 0, 11, 1456.69
1775231301, 476, 385, 428, 0, 0, 0.54%, 0, 0, 11, 1433.66
1775231306, 477, 81, 428, 0, 0, 0.54%, 0, 0, 11, 1512.35
1775231311, 477, 135, 428, 0, 0, 0.54%, 0, 0, 11, 1497.61
1775231316, 477, 196, 428, 0, 0, 0.54%, 0, 0, 11, 1417.71
1775231322, 477, 354, 428, 0, 0, 0.54%, 0, 0, 11, 1451.09
1775231327, 477, 422, 428, 0, 0, 0.54%, 0, 0, 11, 1579.82
1775231332, 478, 75, 428, 0, 0, 0.54%, 0, 0, 11, 1456.98
1775231337, 478, 111, 428, 0, 0, 0.54%, 0, 0, 11, 1522.07
1775231342, 478, 196, 428, 0, 0, 0.54%, 0, 0, 11, 1587.44
1775231347, 478, 349, 428, 0, 0, 0.54%, 0, 0, 11, 1519.30
1775231352, 479, 23, 428, 0, 0, 0.54%, 0, 0, 11, 1353.07
1775231357, 479, 79, 428, 0, 0, 0.54%, 0, 0, 11, 1510.67
1775231362, 479, 100, 428, 0, 0, 0.54%, 0, 0, 11, 1457.94
1775231367, 479, 147, 428, 0, 0, 0.54%, 0, 0, 11, 1629.83
1775231372, 479, 263, 428, 0, 0, 0.54%, 0, 0, 11, 1585.21
1775231378, 479, 291, 428, 0, 0, 0.54%, 0, 0, 11, 1554.28
1775231383, 479, 354, 428, 0, 0, 0.54%, 0, 0, 11, 1382.80
1775231388, 479, 416, 428, 0, 0, 0.54%, 0, 0, 11, 1416.61
1775231393, 480, 79, 428, 0, 0, 0.54%, 0, 0, 11, 1510.93
1775231398, 480, 111, 428, 0, 0, 0.54%, 0, 0, 11, 1413.41
1775231403, 480, 170, 428, 0, 0, 0.54%, 0, 0, 11, 1435.90
1775231408, 480, 246, 428, 0, 0, 0.54%, 0, 0, 11, 1350.18
1775231413, 480, 358, 428, 0, 0, 0.54%, 0, 0, 11, 1490.96
1775231418, 480, 422, 428, 0, 0, 0.54%, 0, 0, 11, 1165.68
1775231423, 481, 80, 428, 0, 0, 0.54%, 0, 0, 11, 1466.74
1775231428, 481, 111, 428, 0, 0, 0.54%, 0, 0, 11, 1541.21
1775231433, 481, 147, 428, 0, 0, 0.54%, 0, 0, 11, 1373.19
1775231438, 481, 204, 428, 0, 0, 0.54%, 0, 0, 11, 1439.90
1775231444, 481, 274, 428, 0, 0, 0.54%, 0, 0, 11, 1478.90
1775231449, 481, 349, 428, 0, 0, 0.54%, 0, 0, 11, 1481.88
1775231454, 482, 63, 428, 0, 0, 0.54%, 0, 0, 11, 1387.07
1775231459, 482, 100, 428, 0, 0, 0.54%, 0, 0, 11, 1410.50
1775231464, 482, 130, 428, 0, 0, 0.54%, 0, 0, 11, 1460.74
1775231469, 482, 196, 428, 0, 0, 0.54%, 0, 0, 11, 1304.14
1775231474, 482, 283, 428, 0, 0, 0.54%, 0, 0, 11, 1401.29
1775231479, 482, 364, 428, 0, 0, 0.54%, 0, 0, 11, 989.61
1775231485, 483, 9, 428, 0, 0, 0.54%, 0, 0, 11, 1072.91
1775231490, 483, 63, 428, 0, 0, 0.54%, 0, 0, 11, 1498.62
1775231495, 483, 100, 428, 0, 0, 0.54%, 0, 0, 11, 1473.78
1775231500, 483, 147, 428, 0, 0, 0.54%, 0, 0, 11, 1519.68
1775231505, 483, 304, 428, 0, 0, 0.54%, 0, 0, 11, 1426.97
1775231510, 483, 354, 428, 0, 0, 0.54%, 0, 0, 11, 1426.17
1775231515, 483, 416, 428, 0, 0, 0.54%, 0, 0, 11, 1318.63
1775231520, 484, 54, 428, 0, 0, 0.54%, 0, 0, 11, 1275.09
1775231526, 484, 86, 428, 0, 0, 0.54%, 0, 0, 11, 1468.09
1775231531, 484, 139, 428, 0, 0, 0.54%, 0, 0, 11, 1397.46
1775231536, 484, 257, 428, 0, 0, 0.54%, 0, 0, 11, 1482.67
1775231541, 484, 354, 428, 0, 0, 0.54%, 0, 0, 11, 1430.93
1775231546, 484, 396, 428, 0, 0, 0.54%, 0, 0, 11, 1193.98
1775231551, 485, 80, 428, 0, 0, 0.54%, 0, 0, 11, 1408.71
1775231556, 485, 105, 428, 0, 0, 0.54%, 0, 0, 11, 1491.19
1775231561, 485, 181, 428, 0, 0, 0.54%, 0, 0, 11, 1574.54
1775231566, 485, 264, 428, 0, 0, 0.54%, 0, 0, 11, 1420.28
1775231571, 485, 371, 428, 0, 0, 0.54%, 0, 0, 11, 1368.75
1775231576, 486, 79, 428, 0, 0, 0.54%, 0, 0, 11, 1492.43
1775231581, 486, 131, 428, 0, 0, 0.54%, 0, 0, 11, 1576.84
1775231587, 486, 194, 428, 0, 0, 0.54%, 0, 0, 11, 1450.04
1775231592, 486, 258, 428, 0, 0, 0.54%, 0, 0, 11, 1491.01
1775231597, 486, 354, 428, 0, 0, 0.54%, 0, 0, 11, 1316.11
1775231602, 487, 2, 428, 0, 0, 0.54%, 0, 0, 11, 1217.17
1775231607, 487, 80, 428, 0, 0, 0.54%, 0, 0, 11, 1451.71
1775231612, 487, 116, 428, 0, 0, 0.54%, 0, 0, 11, 1533.06
1775231617, 487, 247, 428, 0, 0, 0.54%, 0, 0, 11, 1521.01
1775231622, 487, 354, 428, 0, 0, 0.54%, 0, 0, 11, 1407.00
1775231627, 488, 49, 428, 0, 0, 0.54%, 0, 0, 11, 1429.03
1775231632, 488, 91, 428, 0, 0, 0.54%, 0, 0, 11, 1524.48
1775231637, 488, 119, 428, 0, 0, 0.54%, 0, 0, 11, 1571.30
1775231642, 488, 196, 428, 0, 0, 0.54%, 0, 0, 11, 1759.71
1775231648, 488, 290, 428, 0, 0, 0.54%, 0, 0, 11, 1514.81
1775231653, 488, 357, 428, 0, 0, 0.54%, 0, 0, 11, 1484.84
1775231658, 488, 422, 428, 0, 0, 0.54%, 0, 0, 11, 1419.05
1775231663, 489, 37, 428, 0, 0, 0.54%, 0, 0, 11, 1469.72
1775231668, 489, 88, 428, 0, 0, 0.54%, 0, 0, 11, 1596.47
1775231673, 489, 152, 428, 0, 0, 0.54%, 0, 0, 11, 1527.54
1775231678, 489, 325, 428, 0, 0, 0.54%, 0, 0, 11, 1528.23
1775231683, 489, 367, 428, 0, 0, 0.54%, 0, 0, 11, 1391.29
1775231688, 490, 46, 428, 0, 0, 0.54%, 0, 0, 11, 1480.57
1775231693, 490, 100, 428, 0, 0, 0.54%, 0, 0, 11, 1561.47
1775231698, 490, 185, 428, 0, 0, 0.54%, 0, 0, 11, 1590.58
1775231704, 490, 293, 428, 0, 0, 0.54%, 0, 0, 11, 1182.00
1775231709, 490, 371, 428, 0, 0, 0.54%, 0, 0, 11, 1350.37
1775231714, 490, 423, 428, 0, 0, 0.54%, 0, 0, 11, 1318.75
1775231719, 491, 80, 428, 0, 0, 0.54%, 0, 0, 11, 1503.81
1775231724, 491, 147, 428, 0, 0, 0.54%, 0, 0, 11, 1530.25
1775231729, 491, 224, 428, 0, 0, 0.54%, 0, 0, 11, 1442.24
1775231734, 491, 282, 428, 0, 0, 0.54%, 0, 0, 11, 1461.30
1775231739, 491, 371, 428, 0, 0, 0.54%, 0, 0, 11, 1456.23
1775231744, 492, 63, 428, 0, 0, 0.54%, 0, 0, 11, 1495.73
1775231749, 492, 91, 428, 0, 0, 0.54%, 0, 0, 11, 1525.98
1775231754, 492, 155, 428, 0, 0, 0.54%, 0, 0, 11, 1476.95
1775231760, 492, 280, 428, 0, 0, 0.54%, 0, 0, 11, 1482.63
1775231765, 492, 349, 428, 0, 0, 0.54%, 0, 0, 11, 1389.78
1775231770, 493, 55, 428, 0, 0, 0.54%, 0, 0, 11, 1419.03
1775231775, 493, 79, 428, 0, 0, 0.54%, 0, 0, 11, 1494.02
1775231780, 493, 100, 428, 0, 0, 0.54%, 0, 0, 11, 1525.02
1775231785, 493, 189, 428, 0, 0, 0.54%, 0, 0, 11, 1491.67
1775231790, 493, 302, 428, 0, 0, 0.54%, 0, 0, 11, 1511.52
1775231795, 493, 371, 428, 0, 0, 0.54%, 0, 0, 11, 1454.75
1775231800, 494, 8, 428, 0, 0, 0.54%, 0, 0, 11, 1294.98
1775231805, 494, 91, 428, 0, 0, 0.54%, 0, 0, 11, 1499.89
1775231810, 494, 151, 428, 0, 0, 0.54%, 0, 0, 11, 1504.51
1775231816, 494, 183, 428, 0, 0, 0.54%, 0, 0, 11, 1417.11
1775231821, 494, 273, 428, 0, 0, 0.54%, 0, 0, 11, 1409.13
1775231826, 494, 325, 428, 0, 0, 0.54%, 0, 0, 11, 1443.00
1775231831, 494, 389, 428, 0, 0, 0.54%, 0, 0, 11, 1330.75
1775231836, 495, 79, 428, 0, 0, 0.54%, 0, 0, 11, 1504.48
1775231841, 495, 107, 428, 0, 0, 0.54%, 0, 0, 11, 1546.92
1775231846, 495, 163, 428, 0, 0, 0.54%, 0, 0, 11, 1494.13
1775231851, 495, 234, 428, 0, 0, 0.54%, 0, 0, 11, 1512.44
1775231856, 495, 287, 428, 0, 0, 0.54%, 0, 0, 11, 1403.37
1775231861, 495, 296, 428, 0, 0, 0.54%, 0, 0, 11, 1389.54
1775231866, 495, 373, 428, 0, 0, 0.54%, 0, 0, 11, 1393.80
1775231871, 495, 406, 428, 0, 0, 0.54%, 0, 0, 11, 1008.37
1775231876, 496, 63, 428, 0, 0, 0.54%, 0, 0, 11, 1391.31
1775231882, 496, 86, 428, 0, 0, 0.54%, 0, 0, 11, 1314.34
1775231887, 496, 118, 428, 0, 0, 0.54%, 0, 0, 11, 1521.87
1775231892, 496, 195, 428, 0, 0, 0.54%, 0, 0, 11, 1416.32
1775231897, 496, 295, 428, 0, 0, 0.54%, 0, 0, 11, 1399.96
1775231902, 496, 385, 428, 0, 0, 0.54%, 0, 0, 11, 1322.60
1775231907, 496, 418, 428, 0, 0, 0.54%, 0, 0, 11, 957.02
1775231912, 497, 66, 428, 0, 0, 0.54%, 0, 0, 11, 1321.50
1775231917, 497, 104, 428, 0, 0, 0.54%, 0, 0, 11, 1495.15
1775231922, 497, 271, 428, 0, 0, 0.54%, 0, 0, 11, 1431.84
1775231927, 497, 385, 428, 0, 0, 0.54%, 0, 0, 11, 1356.26
1775231932, 498, 28, 428, 0, 0, 0.54%, 0, 0, 11, 1496.34
1775231937, 498, 91, 428, 0, 0, 0.54%, 0, 0, 11, 1452.85
1775231943, 498, 169, 428, 0, 0, 0.54%, 0, 0, 11, 1526.16
1775231948, 498, 325, 428, 0, 0, 0.54%, 0, 0, 11, 1420.29
1775231953, 498, 425, 428, 0, 0, 0.54%, 0, 0, 11, 225.53
1775231958, 499, 66, 428, 0, 0, 0.54%, 0, 0, 11, 1569.28
1775231963, 499, 86, 428, 0, 0, 0.54%, 0, 0, 11, 1574.14
1775231968, 499, 147, 428, 0, 0, 0.54%, 0, 0, 11, 1442.87
1775231973, 499, 278, 428, 0, 0, 0.54%, 0, 0, 11, 1447.78
1775231978, 499, 351, 428, 0, 0, 0.54%, 0, 0, 11, 1419.93
1775231983, 500, 8, 428, 0, 0, 0.54%, 0, 0, 11, 1306.77
1775231988, 500, 79, 428, 0, 0, 0.54%, 0, 0, 11, 1481.82
1775231994, 500, 111, 428, 0, 0, 0.54%, 0, 0, 11, 1510.72
1775231999, 500, 185, 428, 0, 0, 0.54%, 0, 0, 11, 1585.00
1775232004, 500, 311, 428, 0, 0, 0.54%, 0, 0, 11, 1498.28
1775232009, 500, 385, 428, 0, 0, 0.54%, 0, 0, 11, 1371.60
1775232014, 501, 63, 428, 0, 0, 0.54%, 0, 0, 11, 1464.31
1775232019, 501, 111, 428, 0, 0, 0.54%, 0, 0, 11, 1446.13
1775232024, 501, 147, 428, 0, 0, 0.54%, 0, 0, 11, 1314.36
1775232029, 501, 215, 428, 0, 0, 0.54%, 0, 0, 11, 1395.44
1775232034, 501, 320, 428, 0, 0, 0.54%, 0, 0, 11, 1335.41
1775232039, 501, 385, 428, 0, 0, 0.54%, 0, 0, 11, 1370.37
1775232044, 502, 65, 428, 0, 0, 0.54%, 0, 0, 11, 1426.35
1775232049, 502, 110, 428, 0, 0, 0.54%, 0, 0, 11, 1555.62
1775232054, 502, 145, 428, 0, 0, 0.54%, 0, 0, 11, 1542.64
1775232059, 502, 203, 428, 0, 0, 0.54%, 0, 0, 11, 1429.08
1775232064, 502, 354, 428, 0, 0, 0.54%, 0, 0, 11, 1422.60
1775232070, 502, 418, 428, 0, 0, 0.54%, 0, 0, 11, 1040.46
1775232075, 503, 80, 428, 0, 0, 0.54%, 0, 0, 11, 1326.04
1775232080, 503, 111, 428, 0, 0, 0.54%, 0, 0, 11, 1394.75
1775232085, 503, 183, 428, 0, 0, 0.54%, 0, 0, 11, 1410.25
1775232090, 503, 276, 428, 0, 0, 0.54%, 0, 0, 11, 1455.71
1775232095, 503, 370, 428, 0, 0, 0.54%, 0, 0, 11, 1432.32
1775232100, 504, 5, 428, 0, 0, 0.54%, 0, 0, 11, 1492.07
1775232105, 504, 63, 428, 0, 0, 0.54%, 0, 0, 11, 1578.68
1775232110, 504, 93, 428, 0, 0, 0.54%, 0, 0, 11, 1533.91
1775232115, 504, 147, 428, 0, 0, 0.54%, 0, 0, 11, 1470.43
1775232120, 504, 325, 428, 0, 0, 0.54%, 0, 0, 11, 1492.08
1775232126, 504, 375, 428, 0, 0, 0.54%, 0, 0, 11, 1434.56
1775232131, 505, 61, 428, 0, 0, 0.54%, 0, 0, 11, 1290.34
1775232136, 505, 84, 428, 0, 0, 0.54%, 0, 0, 11, 1483.14
1775232141, 505, 119, 428, 0, 0, 0.54%, 0, 0, 11, 1536.93
1775232146, 505, 181, 428, 0, 0, 0.54%, 0, 0, 11, 1006.49
1775232151, 505, 287, 428, 0, 0, 0.54%, 0, 0, 11, 1381.76
1775232156, 505, 354, 428, 0, 0, 0.54%, 0, 0, 11, 1296.09
1775232161, 506, 61, 428, 0, 0, 0.54%, 0, 0, 11, 1444.36
1775232166, 506, 95, 428, 0, 0, 0.54%, 0, 0, 11, 1616.12
1775232171, 506, 150, 428, 0, 0, 0.54%, 0, 0, 11, 1591.58
1775232176, 506, 202, 428, 0, 0, 0.54%, 0, 0, 11, 1469.82
1775232182, 506, 274, 428, 0, 0, 0.54%, 0, 0, 11, 1559.64
1775232187, 506, 354, 429, 1, 0, 0.54%, 0, 0, 11, 1483.72
1775232192, 507, 29, 429, 1, 0, 0.54%, 0, 0, 11, 1498.26
1775232197, 507, 80, 429, 1, 0, 0.54%, 0, 0, 11, 1541.79
1775232202, 507, 147, 429, 1, 0, 0.54%, 0, 0, 11, 1458.50
1775232207, 507, 267, 429, 1, 0, 0.54%, 0, 0, 11, 1501.68
1775232212, 507, 325, 429, 1, 0, 0.54%, 0, 0, 11, 1479.87
1775232217, 507, 371, 429, 1, 0, 0.54%, 0, 0, 11, 1396.06
1775232222, 508, 63, 429, 1, 0, 0.54%, 0, 0, 11, 1372.65
1775232227, 508, 100, 429, 1, 0, 0.54%, 0, 0, 11, 1430.62
1775232233, 508, 160, 429, 1, 0, 0.54%, 0, 0, 11, 1447.47
1775232238, 508, 242, 429, 1, 0, 0.54%, 0, 0, 11, 1535.48
1775232243, 508, 289, 429, 1, 0, 0.54%, 0, 0, 11, 1423.97
1775232248, 508, 385, 429, 1, 0, 0.54%, 0, 0, 11, 1416.37
1775232253, 509, 15, 429, 1, 0, 0.54%, 0, 0, 11, 1177.10
1775232258, 509, 79, 429, 1, 0, 0.54%, 0, 0, 11, 1579.28
1775232263, 509, 142, 429, 1, 0, 0.54%, 0, 0, 11, 1539.35
1775232268, 509, 217, 429, 1, 0, 0.54%, 0, 0, 11, 1494.23
1775232273, 509, 325, 429, 1, 0, 0.54%, 0, 0, 11, 1441.12
1775232278, 509, 371, 429, 1, 0, 0.54%, 0, 0, 11, 1472.05
1775232283, 510, 54, 429, 1, 0, 0.54%, 0, 0, 11, 1476.54
1775232288, 510, 83, 429, 1, 0, 0.54%, 0, 0, 11, 1592.89
1775232293, 510, 147, 429, 1, 0, 0.54%, 0, 0, 11, 1511.81
1775232298, 510, 201, 429, 1, 0, 0.54%, 0, 0, 11, 1476.63
1775232303, 510, 354, 429, 1, 0, 0.54%, 0, 0, 11, 1475.31
1775232308, 510, 389, 429, 1, 0, 0.54%, 0, 0, 11, 1208.19
1775232313, 511, 60, 429, 0, 0, 0.54%, 0, 0, 11, 1493.55
1775232319, 511, 100, 429, 0, 0, 0.54%, 0, 0, 11, 1574.93
1775232324, 511, 175, 429, 0, 0, 0.54%, 0, 0, 11, 1425.42
1775232329, 511, 285, 429, 0, 0, 0.54%, 0, 0, 11, 1401.14
1775232334, 511, 371, 429, 0, 0, 0.54%, 0, 0, 11, 1414.71
1775232339, 512, 60, 429, 0, 0, 0.54%, 0, 0, 11, 1390.44
1775232344, 512, 89, 429, 0, 0, 0.54%, 0, 0, 11, 1436.39
1775232349, 512, 147, 429, 0, 0, 0.54%, 0, 0, 11, 1424.78
1775232354, 512, 196, 429, 0, 0, 0.54%, 0, 0, 11, 1396.57
1775232360, 512, 324, 429, 0, 0, 0.54%, 0, 0, 11, 1446.15
1775232365, 512, 385, 429, 0, 0, 0.54%, 0, 0, 11, 1351.03
1775232370, 513, 33, 429, 0, 0, 0.54%, 0, 0, 11, 1150.74
1775232375, 513, 91, 429, 0, 0, 0.54%, 0, 0, 11, 1355.42
1775232380, 513, 137, 429, 0, 0, 0.54%, 0, 0, 11, 1384.92
1775232385, 513, 306, 429, 0, 0, 0.54%, 0, 0, 11, 1469.62
1775232390, 513, 361, 429, 0, 0, 0.54%, 0, 0, 11, 1377.27
1775232395, 514, 79, 429, 0, 0, 0.54%, 0, 0, 11, 1464.74
1775232400, 514, 111, 429, 0, 0, 0.54%, 0, 0, 11, 1524.28
1775232405, 514, 204, 429, 0, 0, 0.54%, 0, 0, 11, 1558.62
1775232411, 514, 354, 429, 0, 0, 0.54%, 0, 0, 11, 1418.64
1775232416, 515, 36, 429, 0, 0, 0.54%, 0, 0, 11, 1305.51
1775232421, 515, 86, 429, 0, 0, 0.54%, 0, 0, 11, 1480.90
1775232426, 515, 135, 429, 0, 0, 0.54%, 0, 0, 11, 1485.64
1775232431, 515, 225, 429, 0, 0, 0.54%, 0, 0, 11, 1439.24
1775232436, 515, 354, 429, 0, 0, 0.54%, 0, 0, 11, 1463.25
1775232441, 516, 79, 429, 0, 0, 0.54%, 0, 0, 11, 1561.59
1775232446, 516, 111, 429, 0, 0, 0.54%, 0, 0, 11, 1554.64
1775232451, 516, 196, 429, 0, 0, 0.54%, 0, 0, 11, 1553.69
1775232457, 516, 354, 429, 0, 0, 0.54%, 0, 0, 11, 1392.58
1775232462, 517, 33, 429, 0, 0, 0.54%, 0, 0, 11, 1382.28
1775232467, 517, 83, 429, 0, 0, 0.54%, 0, 0, 11, 1434.92
1775232472, 517, 138, 429, 0, 0, 0.54%, 0, 0, 11, 1405.35
1775232477, 517, 190, 429, 0, 0, 0.54%, 0, 0, 11, 1529.99
1775232482, 517, 295, 429, 0, 0, 0.54%, 0, 0, 11, 1363.99
1775232487, 517, 371, 429, 0, 0, 0.54%, 0, 0, 11, 1414.55
1775232492, 518, 5, 429, 0, 0, 0.54%, 0, 0, 11, 1230.95
1775232498, 518, 73, 429, 0, 0, 0.54%, 0, 0, 11, 1474.22
1775232503, 518, 102, 429, 0, 0, 0.54%, 0, 0, 11, 1535.24
1775232508, 518, 196, 429, 0, 0, 0.54%, 0, 0, 11, 1440.33
1775232513, 518, 357, 429, 0, 0, 0.54%, 0, 0, 11, 1422.50
1775232518, 519, 19, 429, 0, 0, 0.54%, 0, 0, 11, 1349.39
1775232523, 519, 86, 429, 0, 0, 0.54%, 0, 0, 11, 1508.63
1775232528, 519, 138, 429, 0, 0, 0.54%, 0, 0, 11, 1414.66
1775232533, 519, 186, 429, 0, 0, 0.54%, 0, 0, 11, 1324.29
1775232538, 519, 299, 429, 0, 0, 0.54%, 0, 0, 11, 1342.87
1775232543, 519, 360, 429, 0, 0, 0.54%, 0, 0, 11, 1315.31
1775232548, 520, 14, 429, 0, 0, 0.54%, 0, 0, 11, 1227.98
1775232554, 520, 86, 429, 0, 0, 0.54%, 0, 0, 11, 1476.99
1775232559, 520, 144, 429, 0, 0, 0.54%, 0, 0, 11, 1578.24
1775232564, 520, 196, 429, 0, 0, 0.54%, 0, 0, 11, 1464.23
1775232569, 520, 242, 429, 0, 0, 0.54%, 0, 0, 11, 1223.89
1775232574, 520, 371, 429, 0, 0, 0.54%, 0, 0, 11, 1435.45
1775232579, 520, 405, 429, 0, 0, 0.54%, 0, 0, 11, 1086.18
1775232584, 521, 33, 429, 0, 0, 0.54%, 0, 0, 11, 787.37
1775232589, 521, 80, 429, 0, 0, 0.54%, 0, 0, 11, 1318.79
1775232594, 521, 143, 429, 0, 0, 0.54%, 0, 0, 11, 1457.23
1775232599, 521, 183, 429, 0, 0, 0.54%, 0, 0, 11, 1403.72
1775232605, 521, 301, 429, 0, 0, 0.54%, 0, 0, 11, 1383.97
1775232610, 521, 360, 429, 0, 0, 0.54%, 0, 0, 11, 1355.77
1775232615, 522, 60, 429, 0, 0, 0.54%, 0, 0, 11, 1441.89
1775232620, 522, 86, 429, 0, 0, 0.54%, 0, 0, 11, 1601.37
1775232625, 522, 135, 429, 0, 0, 0.54%, 0, 0, 11, 1473.69
1775232630, 522, 193, 429, 0, 0, 0.54%, 0, 0, 11, 1503.41
1775232635, 522, 298, 429, 0, 0, 0.54%, 0, 0, 11, 1479.56
1775232640, 522, 357, 429, 0, 0, 0.54%, 0, 0, 11, 1457.36
1775232645, 523, 63, 429, 0, 0, 0.54%, 0, 0, 11, 1409.61
1775232650, 523, 100, 429, 0, 0, 0.54%, 0, 0, 11, 1458.81
1775232656, 523, 152, 429, 0, 0, 0.54%, 0, 0, 11, 1384.54
1775232661, 523, 290, 429, 0, 0, 0.54%, 0, 0, 11, 1426.34
1775232666, 523, 349, 429, 0, 0, 0.54%, 0, 0, 11, 1370.50
1775232671, 523, 399, 429, 0, 0, 0.54%, 0, 0, 11, 1261.91
1775232676, 524, 63, 429, 0, 0, 0.54%, 0, 0, 11, 1532.14
1775232681, 524, 111, 429, 0, 0, 0.54%, 0, 0, 11, 1567.42
1775232686, 524, 184, 429, 0, 0, 0.54%, 0, 0, 11, 1405.59
1775232691, 524, 221, 429, 0, 0, 0.54%, 0, 0, 11, 1411.23
1775232696, 524, 359, 429, 0, 0, 0.54%, 0, 0, 11, 1442.04
1775232701, 525, 29, 429, 0, 0, 0.54%, 0, 0, 11, 1368.07
1775232706, 525, 86, 429, 0, 0, 0.54%, 0, 0, 11, 1432.13
1775232712, 525, 129, 429, 0, 0, 0.54%, 0, 0, 11, 1326.41
1775232717, 525, 196, 429, 0, 0, 0.54%, 0, 0, 11, 1499.02
1775232722, 525, 305, 429, 0, 0, 0.54%, 0, 0, 11, 1350.52
1775232727, 525, 349, 429, 0, 0, 0.54%, 0, 0, 11, 1464.72
1775232732, 525, 410, 429, 0, 0, 0.54%, 0, 0, 11, 1245.41
1775232737, 526, 86, 429, 0, 0, 0.54%, 0, 0, 11, 1523.74
1775232742, 526, 111, 429, 0, 0, 0.54%, 0, 0, 11, 1496.49
1775232748, 526, 197, 429, 0, 0, 0.54%, 0, 0, 11, 1395.95
1775232753, 526, 349, 429, 0, 0, 0.54%, 0, 0, 11, 1495.73
1775232758, 526, 420, 429, 0, 0, 0.54%, 0, 0, 11, 1241.29
1775232763, 527, 63, 429, 0, 0, 0.54%, 0, 0, 11, 1408.42
1775232768, 527, 100, 429, 0, 0, 0.54%, 0, 0, 11, 1517.60
1775232773, 527, 232, 429, 0, 0, 0.54%, 0, 0, 11, 1556.74
1775232778, 527, 328, 429, 0, 0, 0.54%, 0, 0, 11, 1459.73
1775232783, 527, 385, 429, 0, 0, 0.54%, 0, 0, 11, 1411.74
1775232788, 528, 63, 429, 0, 0, 0.54%, 0, 0, 11, 1468.53
1775232793, 528, 100, 429, 0, 0, 0.54%, 0, 0, 11, 1494.15
1775232798, 528, 147, 429, 0, 0, 0.54%, 0, 0, 11, 1468.04
1775232803, 528, 268, 429, 0, 0, 0.54%, 0, 0, 11, 1444.39
1775232808, 528, 385, 429, 0, 0, 0.54%, 0, 0, 11, 1356.32
1775232814, 529, 15, 429, 0, 0, 0.54%, 0, 0, 11, 1304.59
1775232819, 529, 93, 429, 0, 0, 0.54%, 0, 0, 11, 1458.28
1775232824, 529, 147, 429, 0, 0, 0.54%, 0, 0, 11, 1492.88
1775232829, 529, 238, 429, 0, 0, 0.54%, 0, 0, 11, 1449.43
1775232834, 529, 332, 429, 0, 0, 0.54%, 0, 0, 11, 1353.46
1775232839, 529, 377, 429, 0, 0, 0.54%, 0, 0, 11, 1372.27
1775232844, 530, 13, 429, 0, 0, 0.54%, 0, 0, 11, 1214.21
1775232850, 530, 79, 429, 0, 0, 0.54%, 0, 0, 11, 1397.59
1775232855, 530, 140, 429, 0, 0, 0.54%, 0, 0, 11, 1479.32
1775232860, 530, 289, 429, 0, 0, 0.54%, 0, 0, 11, 1513.04
1775232865, 530, 327, 429, 0, 0, 0.54%, 0, 0, 11, 1470.30
1775232870, 530, 385, 429, 0, 0, 0.54%, 0, 0, 11, 1627.71
1775232875, 531, 79, 429, 0, 0, 0.54%, 0, 0, 11, 1617.70
1775232880, 531, 93, 429, 0, 0, 0.54%, 0, 0, 11, 1449.25
1775232885, 531, 170, 429, 0, 0, 0.54%, 0, 0, 11, 1486.46
1775232890, 531, 264, 429, 0, 0, 0.54%, 0, 0, 11, 1595.55
1775232895, 531, 371, 429, 0, 0, 0.54%, 0, 0, 11, 1361.16
1775232900, 532, 36, 429, 0, 0, 0.54%, 0, 0, 11, 1407.57
1775232905, 532, 80, 429, 0, 0, 0.54%, 0, 0, 11, 1545.63
1775232911, 532, 106, 429, 0, 0, 0.54%, 0, 0, 11, 1459.81
1775232916, 532, 168, 429, 0, 0, 0.54%, 0, 0, 11, 1382.42
1775232921, 532, 196, 429, 0, 0, 0.54%, 0, 0, 11, 1576.68
1775232926, 532, 349, 429, 0, 0, 0.54%, 0, 0, 11, 1398.72
1775232931, 532, 398, 429, 0, 0, 0.54%, 0, 0, 11, 1227.74
1775232936, 533, 41, 429, 0, 0, 0.54%, 0, 0, 11, 1414.44
1775232941, 533, 86, 429, 0, 0, 0.54%, 0, 0, 11, 1805.00
1775232946, 533, 147, 429, 0, 0, 0.54%, 0, 0, 11, 1553.95
1775232951, 533, 207, 429, 0, 0, 0.54%, 0, 0, 11, 1473.23
1775232956, 533, 297, 429, 0, 0, 0.54%, 0, 0, 11, 1513.54
1775232962, 533, 371, 429, 0, 0, 0.54%, 0, 0, 11, 1452.35
1775232967, 534, 22, 429, 0, 0, 0.54%, 0, 0, 11, 1332.50
1775232972, 534, 80, 429, 0, 0, 0.54%, 0, 0, 11, 1496.77
1775232977, 534, 109, 429, 0, 0, 0.54%, 0, 0, 11, 1496.36
1775232982, 534, 223, 429, 0, 0, 0.54%, 0, 0, 11, 809.44
1775232987, 534, 349, 429, 0, 0, 0.54%, 0, 0, 11, 1315.99
1775232992, 534, 398, 429, 0, 0, 0.54%, 0, 0, 11, 1346.15
1775232998, 535, 57, 429, 0, 0, 0.54%, 0, 0, 11, 1491.13
1775233003, 535, 86, 429, 0, 0, 0.54%, 0, 0, 11, 1567.26
1775233008, 535, 111, 429, 0, 0, 0.54%, 0, 0, 11, 1503.96
1775233013, 535, 169, 429, 0, 0, 0.54%, 0, 0, 11, 1470.47
1775233018, 535, 301, 429, 0, 0, 0.54%, 0, 0, 11, 1464.40
1775233023, 535, 382, 429, 0, 0, 0.54%, 0, 0, 11, 1392.05
1775233028, 536, 50, 429, 0, 0, 0.54%, 0, 0, 11, 1499.09
1775233033, 536, 100, 429, 0, 0, 0.54%, 0, 0, 11, 1620.78
1775233038, 536, 168, 429, 0, 0, 0.54%, 0, 0, 11, 1435.20
1775233043, 536, 283, 429, 0, 0, 0.54%, 0, 0, 11, 1441.60
1775233048, 536, 371, 429, 0, 0, 0.54%, 0, 0, 11, 1387.45
1775233053, 537, 13, 429, 0, 0, 0.54%, 0, 0, 11, 1360.60
1775233059, 537, 63, 429, 0, 0, 0.54%, 0, 0, 11, 1593.34
1775233064, 537, 94, 429, 0, 0, 0.54%, 0, 0, 11, 1547.77
1775233069, 537, 186, 429, 0, 0, 0.54%, 0, 0, 11, 1525.99
1775233074, 537, 232, 429, 0, 0, 0.54%, 0, 0, 11, 1365.95
1775233079, 537, 290, 429, 0, 0, 0.54%, 0, 0, 11, 1385.34
1775233084, 537, 357, 429, 0, 0, 0.54%, 0, 0, 11, 1360.94
1775233090, 538, 27, 429, 0, 0, 0.54%, 0, 0, 11, 1232.33
1775233095, 538, 80, 429, 0, 0, 0.54%, 0, 0, 11, 1380.69
1775233100, 538, 111, 429, 0, 0, 0.54%, 0, 0, 11, 1454.90
1775233105, 538, 196, 429, 0, 0, 0.54%, 0, 0, 11, 1459.22
1775233110, 538, 348, 429, 0, 0, 0.54%, 0, 0, 11, 1426.50
1775233115, 538, 422, 429, 0, 0, 0.54%, 0, 0, 11, 1429.14
1775233120, 539, 36, 429, 0, 0, 0.54%, 0, 0, 11, 1501.04
1775233125, 539, 91, 429, 0, 0, 0.54%, 0, 0, 11, 1494.53
1775233130, 539, 148, 429, 0, 0, 0.54%, 0, 0, 11, 1381.46
1775233136, 539, 341, 429, 0, 0, 0.54%, 0, 0, 11, 1620.54
1775233141, 540, 4, 429, 0, 0, 0.54%, 0, 0, 11, 1458.37
1775233146, 540, 79, 429, 0, 0, 0.54%, 0, 0, 11, 1491.44
1775233151, 540, 107, 429, 0, 0, 0.54%, 0, 0, 11, 1427.18
1775233156, 540, 196, 429, 0, 0, 0.54%, 0, 0, 11, 1538.93
1775233161, 540, 354, 429, 0, 0, 0.54%, 0, 0, 11, 1459.21
1775233166, 540, 385, 429, 0, 0, 0.54%, 0, 0, 11, 1528.92
1775233171, 541, 44, 429, 0, 0, 0.54%, 0, 0, 11, 1242.64
1775233176, 541, 82, 429, 0, 0, 0.54%, 0, 0, 11, 1562.35
1775233181, 541, 121, 429, 0, 0, 0.54%, 0, 0, 11, 1500.35
1775233187, 541, 277, 429, 0, 0, 0.54%, 0, 0, 11, 1554.64
1775233192, 541, 325, 429, 0, 0, 0.54%, 0, 0, 11, 1521.00
1775233197, 541, 385, 429, 0, 0, 0.54%, 0, 0, 11, 1379.24
1775233202, 542, 27, 429, 0, 0, 0.54%, 0, 0, 11, 1349.61
1775233207, 542, 91, 429, 0, 0, 0.54%, 0, 0, 11, 1334.14
1775233212, 542, 238, 429, 0, 0, 0.54%, 0, 0, 11, 1495.79
1775233217, 542, 325, 429, 0, 0, 0.54%, 0, 0, 11, 1223.55
1775233222, 542, 387, 429, 0, 0, 0.54%, 0, 0, 11, 1290.35
1775233227, 543, 79, 429, 0, 0, 0.54%, 0, 0, 11, 1455.76
1775233233, 543, 101, 429, 0, 0, 0.54%, 0, 0, 11, 1478.33
1775233238, 543, 147, 429, 0, 0, 0.54%, 0, 0, 11, 1447.45
1775233243, 543, 196, 429, 0, 0, 0.54%, 0, 0, 11, 1497.09
1775233248, 543, 287, 429, 0, 0, 0.54%, 0, 0, 11, 1404.92
1775233253, 543, 385, 429, 0, 0, 0.54%, 0, 0, 11, 1400.74
1775233258, 543, 422, 429, 0, 0, 0.54%, 0, 0, 11, 1278.41
1775233263, 544, 63, 429, 0, 0, 0.54%, 0, 0, 11, 1459.03
1775233268, 544, 91, 429, 0, 0, 0.54%, 0, 0, 11, 1457.45
1775233273, 544, 152, 429, 0, 0, 0.54%, 0, 0, 11, 1383.83
1775233279, 544, 201, 429, 0, 0, 0.54%, 0, 0, 11, 1401.22
1775233284, 544, 221, 429, 0, 0, 0.54%, 0, 0, 11, 1293.14
1775233289, 544, 291, 429, 0, 0, 0.54%, 0, 0, 11, 1429.85
1775233294, 544, 342, 429, 0, 0, 0.54%, 0, 0, 11, 1361.79
1775233299, 544, 425, 429, 0, 0, 0.54%, 0, 0, 11, 1127.89
1775233304, 545, 80, 429, 0, 0, 0.54%, 0, 0, 11, 1420.05
1775233309, 545, 132, 429, 0, 0, 0.54%, 0, 0, 11, 1484.69
1775233314, 545, 196, 429, 0, 0, 0.54%, 0, 0, 11, 1483.24
1775233319, 545, 256, 429, 0, 0, 0.54%, 0, 0, 11, 1442.50
1775233324, 545, 325, 429, 0, 0, 0.54%, 0, 0, 11, 1463.05
1775233329, 545, 410, 429, 0, 0, 0.54%, 0, 0, 11, 1252.89
1775233335, 546, 63, 429, 0, 0, 0.54%, 0, 0, 11, 1411.98
1775233340, 546, 100, 429, 0, 0, 0.54%, 0, 0, 11, 1539.08
1775233345, 546, 147, 429, 0, 0, 0.54%, 0, 0, 11, 1563.12
1775233350, 546, 247, 429, 0, 0, 0.54%, 0, 0, 11, 1513.47
1775233355, 546, 349, 429, 0, 0, 0.54%, 0, 0, 11, 1225.36
1775233360, 547, 2, 429, 0, 0, 0.54%, 0, 0, 11, 1373.00
1775233365, 547, 63, 429, 0, 0, 0.54%, 0, 0, 11, 1497.32
1775233370, 547, 91, 429, 0, 0, 0.54%, 0, 0, 11, 1471.57
1775233375, 547, 209, 429, 0, 0, 0.54%, 0, 0, 11, 1360.69
1775233380, 547, 349, 429, 0, 0, 0.54%, 0, 0, 11, 1404.49
1775233385, 547, 413, 429, 0, 0, 0.54%, 0, 0, 11, 1237.60
1775233390, 548, 66, 429, 0, 0, 0.54%, 0, 0, 11, 1432.34
1775233396, 548, 100, 429, 0, 0, 0.54%, 0, 0, 11, 1529.54
1775233401, 548, 147, 429, 0, 0, 0.54%, 0, 0, 11, 1331.99
1775233406, 548, 184, 429, 0, 0, 0.54%, 0, 0, 11, 1461.70
1775233411, 548, 208, 429, 0, 0, 0.54%, 0, 0, 11, 1348.10
1775233416, 548, 325, 429, 0, 0, 0.54%, 0, 0, 11, 1501.47
1775233421, 548, 385, 429, 0, 0, 0.54%, 0, 0, 11, 1381.23
1775233426, 549, 80, 429, 0, 0, 0.54%, 0, 0, 11, 1436.29
1775233431, 549, 147, 429, 0, 0, 0.54%, 0, 0, 11, 1469.15
1775233436, 549, 193, 429, 0, 0, 0.54%, 0, 0, 11, 1468.03
1775233442, 549, 325, 429, 0, 0, 0.54%, 0, 0, 11, 1418.02
1775233447, 549, 371, 429, 0, 0, 0.54%, 0, 0, 11, 1408.23
1775233452, 550, 29, 429, 0, 0, 0.54%, 0, 0, 11, 1471.01
1775233457, 550, 80, 429, 0, 0, 0.54%, 0, 0, 11, 1451.96
1775233462, 550, 144, 429, 0, 0, 0.54%, 0, 0, 11, 1492.86
1775233467, 550, 232, 429, 0, 0, 0.54%, 0, 0, 11, 1481.96
1775233472, 550, 371, 429, 0, 0, 0.54%, 0, 0, 11, 1386.26
1775233477, 550, 422, 429, 0, 0, 0.54%, 0, 0, 11, 1358.42
1775233483, 551, 42, 429, 0, 0, 0.54%, 0, 0, 11, 1526.25
1775233488, 551, 89, 429, 0, 0, 0.54%, 0, 0, 11, 1424.77
1775233493, 551, 170, 429, 0, 0, 0.54%, 0, 0, 11, 1493.94
1775233498, 551, 324, 429, 0, 0, 0.54%, 0, 0, 11, 1493.07
1775233503, 551, 371, 429, 0, 0, 0.54%, 0, 0, 11, 1426.11
1775233508, 552, 63, 429, 0, 0, 0.54%, 0, 0, 11, 1528.61
1775233513, 552, 100, 429, 0, 0, 0.54%, 0, 0, 11, 1465.42
1775233518, 552, 202, 429, 0, 0, 0.54%, 0, 0, 11, 1399.39
1775233523, 552, 294, 429, 0, 0, 0.54%, 0, 0, 11, 1490.47
1775233528, 552, 354, 429, 0, 0, 0.54%, 0, 0, 11, 1453.67
1775233533, 553, 22, 429, 0, 0, 0.54%, 0, 0, 11, 1322.18
1775233539, 553, 86, 429, 0, 0, 0.54%, 0, 0, 11, 1348.19
1775233544, 553, 138, 429, 0, 0, 0.54%, 0, 0, 11, 1515.00
1775233549, 553, 163, 429, 0, 0, 0.54%, 0, 0, 11, 1460.53
1775233554, 553, 279, 429, 0, 0, 0.54%, 0, 0, 11, 1492.55
1775233559, 553, 354, 429, 0, 0, 0.54%, 0, 0, 11, 1363.12
1775233564, 553, 406, 429, 0, 0, 0.54%, 0, 0, 11, 1286.32
1775233569, 554, 56, 429, 0, 0, 0.54%, 0, 0, 11, 1445.60
1775233574, 554, 100, 429, 0, 0, 0.54%, 0, 0, 11, 1496.86
1775233579, 554, 144, 429, 0, 0, 0.54%, 0, 0, 11, 1451.90
1775233584, 554, 242, 429, 0, 0, 0.54%, 0, 0, 11, 1469.98
1775233589, 554, 313, 429, 0, 0, 0.54%, 0, 0, 11, 1593.21
1775233595, 554, 366, 429, 0, 0, 0.54%, 0, 0, 11, 1447.36
1775233600, 555, 63, 429, 0, 0, 0.54%, 0, 0, 11, 1417.86
1775233605, 555, 100, 429, 0, 0, 0.54%, 0, 0, 11, 1421.35
1775233610, 555, 184, 429, 0, 0, 0.54%, 0, 0, 11, 1341.61
1775233615, 555, 248, 429, 0, 0, 0.54%, 0, 0, 11, 1446.70
1775233620, 555, 325, 429, 0, 0, 0.54%, 0, 0, 11, 1376.21
1775233625, 555, 398, 429, 0, 0, 0.54%, 0, 0, 11, 1277.38
1775233630, 556, 59, 429, 0, 0, 0.54%, 0, 0, 11, 1526.59
1775233635, 556, 100, 429, 0, 0, 0.54%, 0, 0, 11, 1485.53
1775233640, 556, 165, 429, 0, 0, 0.54%, 0, 0, 11, 1409.24
1775233646, 556, 326, 429, 0, 0, 0.54%, 0, 0, 11, 1413.31
1775233651, 556, 385, 429, 0, 0, 0.54%, 0, 0, 11, 1407.49
1775233656, 557, 63, 429, 0, 0, 0.54%, 0, 0, 11, 1480.40
1775233661, 557, 100, 429, 0, 0, 0.54%, 0, 0, 11, 1496.55
1775233666, 557, 147, 429, 0, 0, 0.54%, 0, 0, 11, 1512.70
1775233671, 557, 269, 429, 0, 0, 0.54%, 0, 0, 11, 1509.12
1775233676, 557, 357, 429, 0, 0, 0.54%, 0, 0, 11, 1446.37
1775233681, 557, 426, 429, 0, 0, 0.54%, 0, 0, 11, 1037.40
1775233686, 558, 79, 429, 0, 0, 0.54%, 0, 0, 11, 1474.50
1775233691, 558, 111, 429, 0, 0, 0.54%, 0, 0, 11, 1566.49
1775233696, 558, 149, 429, 0, 0, 0.54%, 0, 0, 11, 1469.12
1775233702, 558, 220, 429, 0, 0, 0.54%, 0, 0, 11, 1422.19
1775233707, 558, 285, 429, 0, 0, 0.54%, 0, 0, 11, 1468.31
1775233712, 558, 325, 429, 0, 0, 0.54%, 0, 0, 11, 1401.32
1775233717, 558, 385, 429, 0, 0, 0.54%, 0, 0, 11, 1346.11
1775233722, 559, 79, 429, 0, 0, 0.54%, 0, 0, 11, 1442.28
1775233727, 559, 111, 429, 0, 0, 0.54%, 0, 0, 11, 1464.07
1775233732, 559, 209, 429, 0, 0, 0.54%, 0, 0, 11, 1457.07
1775233737, 559, 357, 429, 0, 0, 0.54%, 0, 0, 11, 1482.80
1775233742, 560, 33, 429, 0, 0, 0.54%, 0, 0, 11, 1332.57
1775233747, 560, 91, 429, 0, 0, 0.54%, 0, 0, 11, 1542.16
1775233753, 560, 232, 429, 0, 0, 0.54%, 0, 0, 11, 1526.36
1775233758, 560, 354, 429, 0, 0, 0.54%, 0, 0, 11, 1434.30
1775233763, 561, 10, 429, 0, 0, 0.54%, 0, 0, 11, 250.00
1775233768, 561, 80, 429, 0, 0, 0.54%, 0, 0, 11, 1579.25
1775233773, 561, 138, 429, 0, 0, 0.54%, 0, 0, 11, 1541.57
1775233778, 561, 239, 429, 0, 0, 0.54%, 0, 0, 11, 1434.34
1775233783, 561, 371, 429, 0, 0, 0.54%, 0, 0, 11, 1506.98
1775233788, 561, 418, 429, 0, 0, 0.54%, 0, 0, 11, 842.61
1775233793, 562, 37, 429, 0, 0, 0.54%, 0, 0, 11, 1284.95
1775233798, 562, 79, 429, 0, 0, 0.54%, 0, 0, 11, 1422.29
1775233804, 562, 111, 429, 0, 0, 0.54%, 0, 0, 11, 1460.52
1775233809, 562, 199, 429, 0, 0, 0.54%, 0, 0, 11, 1371.94
1775233814, 562, 299, 429, 0, 0, 0.54%, 0, 0, 11, 1460.30
1775233819, 562, 371, 429, 0, 0, 0.54%, 0, 0, 11, 1423.05
1775233824, 562, 418, 429, 0, 0, 0.54%, 0, 0, 11, 1045.08
1775233829, 563, 59, 429, 0, 0, 0.54%, 0, 0, 11, 1291.32
1775233834, 563, 100, 429, 0, 0, 0.54%, 0, 0, 11, 1476.70
1775233839, 563, 183, 429, 0, 0, 0.54%, 0, 0, 11, 1475.86
1775233845, 563, 236, 429, 0, 0, 0.54%, 0, 0, 11, 1472.60
1775233850, 563, 357, 429, 0, 0, 0.54%, 0, 0, 11, 1435.49
1775233855, 564, 24, 429, 0, 0, 0.54%, 0, 0, 11, 1398.27
1775233860, 564, 73, 429, 0, 0, 0.54%, 0, 0, 11, 1460.99
1775233865, 564, 100, 429, 0, 0, 0.54%, 0, 0, 11, 1508.50
1775233870, 564, 150, 429, 0, 0, 0.54%, 0, 0, 11, 1480.67
1775233875, 564, 271, 429, 0, 0, 0.54%, 0, 0, 11, 1489.13
1775233880, 564, 335, 429, 0, 0, 0.54%, 0, 0, 11, 1016.85
1775233885, 564, 385, 429, 0, 0, 0.54%, 0, 0, 11, 1276.67
1775233890, 565, 10, 429, 0, 0, 0.54%, 0, 0, 11, 1242.67
1775233895, 565, 77, 429, 0, 0, 0.54%, 0, 0, 11, 1380.37
1775233900, 565, 100, 429, 0, 0, 0.54%, 0, 0, 11, 1515.83
1775233906, 565, 186, 429, 0, 0, 0.54%, 0, 0, 11, 1520.17
1775233911, 565, 226, 429, 0, 0, 0.54%, 0, 0, 11, 1476.25
1775233916, 565, 297, 429, 0, 0, 0.54%, 0, 0, 11, 1434.62
1775233921, 565, 352, 429, 0, 0, 0.54%, 0, 0, 11, 1501.11
1775233926, 565, 421, 429, 0, 0, 0.54%, 0, 0, 11, 1203.80
1775233931, 566, 91, 429, 0, 0, 0.54%, 0, 0, 11, 1466.69
1775233936, 566, 135, 429, 0, 0, 0.54%, 0, 0, 11, 1506.07
1775233941, 566, 223, 429, 0, 0, 0.54%, 0, 0, 11, 1471.76
1775233946, 566, 325, 429, 0, 0, 0.54%, 0, 0, 11, 1486.49
1775233952, 566, 368, 429, 0, 0, 0.54%, 0, 0, 11, 1376.46
1775233957, 567, 30, 429, 0, 0, 0.54%, 0, 0, 11, 1284.53
1775233962, 567, 91, 429, 0, 0, 0.54%, 0, 0, 11, 1436.30
1775233967, 567, 140, 429, 0, 0, 0.54%, 0, 0, 11, 1475.03
1775233972, 567, 244, 429, 0, 0, 0.54%, 0, 0, 11, 1531.54
1775233977, 567, 349, 429, 0, 0, 0.54%, 0, 0, 11, 1542.93
1775233982, 567, 385, 429, 0, 0, 0.54%, 0, 0, 11, 1431.59
1775233987, 568, 36, 429, 0, 0, 0.54%, 0, 0, 11, 1506.22
1775233992, 568, 97, 429, 0, 0, 0.54%, 0, 0, 11, 1423.09
1775233998, 568, 150, 429, 0, 0, 0.54%, 0, 0, 11, 1465.43
1775234003, 568, 328, 429, 0, 0, 0.54%, 0, 0, 11, 1362.58
1775234008, 569, 59, 429, 0, 0, 0.54%, 0, 0, 11, 1416.18
1775234013, 569, 86, 429, 0, 0, 0.54%, 0, 0, 11, 1476.52
1775234018, 569, 123, 429, 0, 0, 0.54%, 0, 0, 11, 1421.00
1775234023, 569, 215, 429, 0, 0, 0.54%, 0, 0, 11, 1386.80
1775234028, 569, 357, 429, 0, 0, 0.54%, 0, 0, 11, 1386.58
1775234033, 570, 29, 429, 0, 0, 0.54%, 0, 0, 11, 1321.81
1775234038, 570, 80, 429, 0, 0, 0.54%, 0, 0, 11, 1565.83
1775234043, 570, 111, 429, 0, 0, 0.54%, 0, 0, 11, 1543.53
1775234048, 570, 200, 429, 0, 0, 0.54%, 0, 0, 11, 1424.12
1775234053, 570, 272, 429, 0, 0, 0.54%, 0, 0, 11, 1594.02
1775234058, 570, 350, 429, 0, 0, 0.54%, 0, 0, 11, 1463.61
1775234063, 570, 426, 429, 0, 0, 0.54%, 0, 0, 11, 1158.00
1775234068, 571, 68, 429, 0, 0, 0.54%, 0, 0, 11, 1488.66
1775234073, 571, 100, 429, 0, 0, 0.54%, 0, 0, 11, 1518.41
1775234079, 571, 175, 429, 0, 0, 0.54%, 0, 0, 11, 1469.29
1775234084, 571, 219, 429, 0, 0, 0.54%, 0, 0, 11, 1474.37
1775234089, 571, 325, 429, 0, 0, 0.54%, 0, 0, 11, 1394.96
1775234094, 571, 385, 429, 0, 0, 0.54%, 0, 0, 11, 1350.40
1775234099, 572, 63, 429, 0, 0, 0.54%, 0, 0, 11, 1368.75
1775234104, 572, 87, 429, 0, 0, 0.54%, 0, 0, 11, 1445.79
1775234109, 572, 137, 429, 0, 0, 0.54%, 0, 0, 11, 1489.62
1775234114, 572, 179, 429, 0, 0, 0.54%, 0, 0, 11, 1489.82
1775234119, 572, 274, 429, 0, 0, 0.54%, 0, 0, 11, 1541.51
1775234124, 572, 325, 429, 0, 0, 0.54%, 0, 0, 11, 1491.36
1775234130, 572, 387, 429, 0, 0, 0.54%, 0, 0, 11, 1293.30
1775234135, 573, 28, 429, 0, 0, 0.54%, 0, 0, 11, 1235.89
1775234140, 573, 91, 429, 0, 0, 0.54%, 0, 0, 11, 1445.88
1775234145, 573, 206, 429, 0, 0, 0.54%, 0, 0, 11, 1420.27
1775234150, 573, 349, 429, 0, 0, 0.54%, 0, 0, 11, 1322.79
1775234155, 573, 385, 429, 0, 0, 0.54%, 0, 0, 11, 1340.97
1775234160, 574, 62, 429, 0, 0, 0.54%, 0, 0, 11, 1469.03
1775234165, 574, 91, 429, 0, 0, 0.54%, 0, 0, 11, 1393.30
1775234170, 574, 133, 429, 0, 0, 0.54%, 0, 0, 11, 1443.92
1775234175, 574, 194, 429, 0, 0, 0.54%, 0, 0, 11, 1455.52
1775234180, 574, 253, 429, 0, 0, 0.54%, 0, 0, 11, 1509.25
1775234185, 574, 349, 429, 0, 0, 0.54%, 0, 0, 11, 1411.48
1775234190, 574, 409, 429, 0, 0, 0.54%, 0, 0, 11, 1179.12
1775234196, 575, 40, 429, 0, 0, 0.54%, 0, 0, 11, 1424.41
1775234201, 575, 91, 429, 0, 0, 0.54%, 0, 0, 11, 1426.69
1775234206, 575, 141, 429, 0, 0, 0.54%, 0, 0, 11, 1375.82
1775234211, 575, 256, 429, 0, 0, 0.54%, 0, 0, 11, 1428.66
1775234216, 575, 311, 429, 0, 0, 0.54%, 0, 0, 11, 1498.35
1775234221, 575, 377, 429, 0, 0, 0.54%, 0, 0, 11, 1419.04
1775234226, 576, 61, 429, 0, 0, 0.54%, 0, 0, 11, 1513.53
1775234231, 576, 100, 429, 0, 0, 0.54%, 0, 0, 11, 1556.48
1775234236, 576, 160, 429, 0, 0, 0.54%, 0, 0, 11, 1606.81
1775234241, 576, 239, 429, 0, 0, 0.54%, 0, 0, 11, 1646.16
1775234246, 576, 356, 429, 0, 0, 0.54%, 0, 0, 11, 1439.90
1775234251, 577, 14, 429, 0, 0, 0.54%, 0, 0, 11, 1361.21
1775234256, 577, 79, 429, 0, 0, 0.54%, 0, 0, 11, 1503.80
1775234261, 577, 111, 429, 0, 0, 0.54%, 0, 0, 11, 1636.27
1775234266, 577, 166, 429, 0, 0, 0.54%, 0, 0, 11, 1467.01
1775234272, 577, 203, 429, 0, 0, 0.54%, 0, 0, 11, 1515.78
1775234277, 577, 305, 429, 0, 0, 0.54%, 0, 0, 11, 1504.12
1775234282, 577, 354, 429, 0, 0, 0.54%, 0, 0, 11, 1307.72
1775234287, 578, 35, 429, 0, 0, 0.54%, 0, 0, 11, 1371.10
1775234292, 578, 80, 429, 0, 0, 0.54%, 0, 0, 11, 1494.94
1775234297, 578, 106, 429, 0, 0, 0.54%, 0, 0, 11, 1566.88
1775234302, 578, 199, 429, 0, 0, 0.54%, 0, 0, 11, 850.10
1775234307, 578, 354, 429, 0, 0, 0.54%, 0, 0, 11, 1248.68
1775234312, 578, 399, 429, 0, 0, 0.54%, 0, 0, 11, 1216.54
1775234318, 579, 49, 429, 0, 0, 0.54%, 0, 0, 11, 1441.73
1775234323, 579, 86, 429, 0, 0, 0.54%, 0, 0, 11, 1370.57
1775234328, 579, 168, 429, 0, 0, 0.54%, 0, 0, 11, 1431.58
1775234333, 579, 242, 429, 0, 0, 0.54%, 0, 0, 11, 1585.42
1775234338, 579, 301, 429, 0, 0, 0.54%, 0, 0, 11, 1392.86
1775234343, 579, 363, 429, 0, 0, 0.54%, 0, 0, 11, 1423.24
1775234348, 580, 7, 429, 0, 0, 0.54%, 0, 0, 11, 1199.83
1775234353, 580, 86, 429, 0, 0, 0.54%, 0, 0, 11, 1385.91
1775234358, 580, 147, 429, 0, 0, 0.54%, 0, 0, 11, 1574.90
1775234364, 580, 181, 429, 0, 0, 0.54%, 0, 0, 11, 300.86
1775234369, 580, 271, 429, 0, 0, 0.54%, 0, 0, 11, 1565.94
1775234374, 580, 357, 429, 0, 0, 0.54%, 0, 0, 11, 1401.21
1775234379, 581, 3, 429, 0, 0, 0.54%, 0, 0, 11, 1263.41
1775234384, 581, 80, 429, 0, 0, 0.54%, 0, 0, 11, 1467.60
1775234389, 581, 111, 429, 0, 0, 0.54%, 0, 0, 11, 1420.22
1775234394, 581, 181, 429, 0, 0, 0.54%, 0, 0, 11, 1536.26
1775234399, 581, 320, 429, 0, 0, 0.54%, 0, 0, 11, 1542.95
1775234404, 581, 385, 429, 0, 0, 0.54%, 0, 0, 11, 1410.93
1775234409, 581, 422, 429, 0, 0, 0.54%, 0, 0, 11, 1333.17
1775234414, 582, 86, 429, 0, 0, 0.54%, 0, 0, 11, 1392.07
1775234420, 582, 120, 429, 0, 0, 0.54%, 0, 0, 11, 1468.74
1775234425, 582, 180, 429, 0, 0, 0.54%, 0, 0, 11, 1516.63
1775234430, 582, 196, 429, 0, 0, 0.54%, 0, 0, 11, 1532.33
1775234435, 582, 325, 429, 0, 0, 0.54%, 0, 0, 11, 1515.96
1775234440, 582, 385, 429, 0, 0, 0.54%, 0, 0, 11, 1442.07
1775234445, 583, 63, 429, 0, 0, 0.54%, 0, 0, 11, 1486.35
1775234450, 583, 100, 429, 0, 0, 0.54%, 0, 0, 11, 1577.23
1775234455, 583, 147, 429, 0, 0, 0.54%, 0, 0, 11, 1321.09
1775234460, 583, 284, 429, 0, 0, 0.54%, 0, 0, 11, 1477.44
1775234465, 583, 357, 429, 0, 0, 0.54%, 0, 0, 11, 1425.90
1775234470, 584, 63, 429, 0, 0, 0.54%, 0, 0, 11, 1456.97
1775234475, 584, 100, 429, 0, 0, 0.54%, 0, 0, 11, 1431.95
1775234481, 584, 162, 429, 0, 0, 0.54%, 0, 0, 11, 1502.97
1775234486, 584, 237, 429, 0, 0, 0.54%, 0, 0, 11, 1492.27
1775234491, 584, 309, 429, 0, 0, 0.54%, 0, 0, 11, 1391.59
1775234496, 584, 393, 429, 0, 0, 0.54%, 0, 0, 11, 1308.17
1775234501, 585, 63, 429, 0, 0, 0.54%, 0, 0, 11, 1395.80
1775234506, 585, 100, 429, 0, 0, 0.54%, 0, 0, 11, 1455.17
1775234511, 585, 169, 429, 0, 0, 0.54%, 0, 0, 11, 1458.85
1775234516, 585, 196, 429, 0, 0, 0.54%, 0, 0, 11, 1477.00
1775234521, 585, 273, 429, 0, 0, 0.54%, 0, 0, 11, 1462.17
1775234526, 585, 354, 429, 0, 0, 0.54%, 0, 0, 11, 1341.89
1775234531, 585, 405, 429, 0, 0, 0.54%, 0, 0, 11, 1235.45
1775234536, 586, 79, 429, 0, 0, 0.54%, 0, 0, 11, 250.00
1775234541, 586, 106, 429, 0, 0, 0.54%, 0, 0, 11, 1429.62
1775234547, 586, 138, 429, 0, 0, 0.54%, 0, 0, 11, 1417.94
1775234552, 586, 207, 429, 0, 0, 0.54%, 0, 0, 11, 1538.95
1775234557, 586, 325, 429, 0, 0, 0.54%, 0, 0, 11, 1433.16
1775234562, 586, 385, 429, 0, 0, 0.54%, 0, 0, 11, 1405.39
1775234567, 587, 69, 429, 0, 0, 0.54%, 0, 0, 11, 1420.19
1775234572, 587, 91, 429, 0, 0, 0.54%, 0, 0, 11, 1593.03
1775234577, 587, 196, 429, 0, 0, 0.54%, 0, 0, 11, 1521.23
1775234582, 587, 325, 429, 0, 0, 0.54%, 0, 0, 11, 1456.97
1775234587, 587, 392, 429, 0, 0, 0.54%, 0, 0, 11, 1270.27
1775234592, 588, 86, 429, 0, 0, 0.54%, 0, 0, 11, 1485.58
1775234597, 588, 147, 429, 0, 0, 0.54%, 0, 0, 11, 1497.99
1775234602, 588, 198, 429, 0, 0, 0.54%, 0, 0, 11, 1581.61
1775234608, 588, 308, 429, 0, 0, 0.54%, 0, 0, 11, 1386.85
1775234613, 588, 385, 429, 0, 0, 0.54%, 0, 0, 11, 1410.25
1775234618, 589, 80, 429, 0, 0, 0.54%, 0, 0, 11, 1485.14
1775234623, 589, 136, 429, 0, 0, 0.54%, 0, 0, 11, 1612.92
1775234628, 589, 177, 429, 0, 0, 0.54%, 0, 0, 11, 1488.75
1775234633, 589, 347, 429, 0, 0, 0.54%, 0, 0, 11, 1585.57
1775234638, 589, 385, 429, 0, 0, 0.54%, 0, 0, 11, 1319.21
1775234643, 590, 46, 429, 0, 0, 0.54%, 0, 0, 11, 1428.96
1775234648, 590, 91, 429, 0, 0, 0.54%, 0, 0, 11, 1586.64
1775234653, 590, 166, 429, 0, 0, 0.54%, 0, 0, 11, 271.19
1775234658, 590, 196, 429, 0, 0, 0.54%, 0, 0, 11, 1606.29
1775234664, 590, 265, 429, 0, 0, 0.54%, 0, 0, 11, 1391.23
1775234669, 590, 325, 429, 0, 0, 0.54%, 0, 0, 11, 1422.82
1775234674, 590, 403, 429, 0, 0, 0.54%, 0, 0, 11, 1294.95
1775234679, 591, 63, 429, 0, 0, 0.54%, 0, 0, 11, 1448.22
1775234684, 591, 100, 429, 0, 0, 0.54%, 0, 0, 11, 1498.53
1775234689, 591, 153, 429, 0, 0, 0.54%, 0, 0, 11, 1503.82
1775234694, 591, 260, 429, 0, 0, 0.54%, 0, 0, 11, 645.54
1775234699, 591, 354, 429, 0, 0, 0.54%, 0, 0, 11, 1278.69
1775234704, 591, 423, 429, 0, 0, 0.54%, 0, 0, 11, 1271.04
1775234709, 592, 71, 429, 0, 0, 0.54%, 0, 0, 11, 1534.23
1775234714, 592, 85, 429, 0, 0, 0.54%, 0, 0, 11, 1600.49
1775234719, 592, 147, 429, 0, 0, 0.54%, 0, 0, 11, 1431.66
1775234724, 592, 300, 429, 0, 0, 0.54%, 0, 0, 11, 1464.64
1775234730, 592, 361, 429, 0, 0, 0.54%, 0, 0, 11, 1385.44
1775234735, 593, 5, 429, 0, 0, 0.54%, 0, 0, 11, 1213.14
1775234740, 593, 75, 429, 0, 0, 0.54%, 0, 0, 11, 1473.20
1775234745, 593, 91, 429, 0, 0, 0.54%, 0, 0, 11, 1434.72
1775234750, 593, 183, 429, 0, 0, 0.54%, 0, 0, 11, 1464.53
1775234755, 593, 240, 429, 0, 0, 0.54%, 0, 0, 11, 1460.50
1775234760, 593, 349, 429, 0, 0, 0.54%, 0, 0, 11, 1507.96
1775234765, 593, 422, 429, 0, 0, 0.54%, 0, 0, 11, 1309.69
1775234770, 594, 49, 429, 0, 0, 0.54%, 0, 0, 11, 1473.29
1775234775, 594, 80, 429, 0, 0, 0.54%, 0, 0, 11, 1476.27
1775234780, 594, 104, 429, 0, 0, 0.54%, 0, 0, 11, 1387.62
1775234785, 594, 217, 429, 0, 0, 0.54%, 0, 0, 11, 1438.81
1775234790, 594, 325, 429, 0, 0, 0.54%, 0, 0, 11, 1498.85
1775234796, 594, 388, 429, 0, 0, 0.54%, 0, 0, 11, 1342.07
1775234801, 595, 36, 429, 0, 0, 0.54%, 0, 0, 11, 561.44
1775234806, 595, 86, 429, 0, 0, 0.54%, 0, 0, 11, 1193.66
1775234811, 595, 143, 429, 0, 0, 0.54%, 0, 0, 11, 1416.09
1775234816, 595, 199, 429, 0, 0, 0.54%, 0, 0, 11, 1436.12
1775234821, 595, 325, 429, 0, 0, 0.54%, 0, 0, 11, 1362.23
1775234826, 595, 385, 429, 0, 0, 0.54%, 0, 0, 11, 1361.55
1775234831, 596, 78, 429, 0, 0, 0.54%, 0, 0, 11, 1466.07
1775234836, 596, 99, 429, 0, 0, 0.54%, 0, 0, 11, 1532.54
1775234842, 596, 311, 429, 0, 0, 0.54%, 0, 0, 11, 1485.73
1775234847, 596, 371, 429, 0, 0, 0.54%, 0, 0, 11, 1266.53
1775234852, 597, 36, 429, 0, 0, 0.54%, 0, 0, 11, 1322.41
1775234857, 597, 91, 429, 0, 0, 0.54%, 0, 0, 11, 1418.90
1775234862, 597, 147, 429, 0, 0, 0.54%, 0, 0, 11, 1405.06
1775234867, 597, 291, 429, 0, 0, 0.54%, 0, 0, 11, 1407.28
1775234872, 597, 357, 429, 0, 0, 0.54%, 0, 0, 11, 1333.74
1775234878, 598, 60, 429, 0, 0, 0.54%, 0, 0, 11, 1322.50
1775234883, 598, 91, 429, 0, 0, 0.54%, 0, 0, 11, 1483.50
1775234888, 598, 162, 429, 0, 0, 0.54%, 0, 0, 11, 1478.01
1775234893, 598, 224, 429, 0, 0, 0.54%, 0, 0, 11, 1517.98
1775234898, 598, 354, 429, 0, 0, 0.54%, 0, 0, 11, 1455.67
1775234903, 598, 420, 429, 0, 0, 0.54%, 0, 0, 11, 1132.36
1775234908, 599, 31, 429, 0, 0, 0.54%, 0, 0, 11, 1402.68
1775234913, 599, 86, 429, 0, 0, 0.54%, 0, 0, 11, 1422.83
1775234918, 599, 147, 429, 0, 0, 0.54%, 0, 0, 11, 1456.64
1775234923, 599, 207, 429, 0, 0, 0.54%, 0, 0, 11, 1555.13
1775234928, 599, 327, 429, 0, 0, 0.54%, 0, 0, 11, 1418.83
1775234933, 599, 385, 429, 0, 0, 0.54%, 0, 0, 11, 1293.39
1775234939, 600, 80, 429, 0, 0, 0.54%, 0, 0, 11, 1470.44
1775234944, 600, 111, 429, 0, 0, 0.54%, 0, 0, 11, 1492.09
1775234949, 600, 188, 429, 0, 0, 0.54%, 0, 0, 11, 1500.16
1775234954, 600, 242, 429, 0, 0, 0.54%, 0, 0, 11, 1413.74
1775234959, 600, 307, 429, 0, 0, 0.54%, 0, 0, 11, 1484.66
1775234964, 600, 354, 429, 0, 0, 0.54%, 0, 0, 11, 1386.84
1775234969, 600, 428, 429, 0, 0, 0.54%, 0, 0, 11, 1384.89
1775234974, 601, 80, 429, 0, 0, 0.54%, 0, 0, 11, 1589.84
1775234979, 601, 147, 429, 0, 0, 0.54%, 0, 0, 11, 1490.41
1775234985, 601, 239, 429, 0, 0, 0.54%, 0, 0, 11, 1395.14
1775234990, 601, 340, 429, 0, 0, 0.54%, 0, 0, 11, 1420.39
1775234995, 601, 403, 429, 0, 0, 0.54%, 0, 0, 11, 1258.15
1775235000, 602, 63, 429, 0, 0, 0.54%, 0, 0, 11, 1443.57
1775235005, 602, 100, 429, 0, 0, 0.54%, 0, 0, 11, 1524.83
1775235010, 602, 155, 429, 0, 0, 0.54%, 0, 0, 11, 1467.75
1775235015, 602, 214, 429, 0, 0, 0.54%, 0, 0, 11, 1378.57
1775235021, 602, 300, 429, 0, 0, 0.54%, 0, 0, 11, 1401.47
1775235026, 602, 367, 429, 0, 0, 0.54%, 0, 0, 11, 1405.27
1775235031, 603, 13, 429, 0, 0, 0.54%, 0, 0, 11, 1292.66
1775235036, 603, 79, 429, 0, 0, 0.54%, 0, 0, 11, 1491.58
1775235041, 603, 111, 429, 0, 0, 0.54%, 0, 0, 11, 1453.22
1775235046, 603, 148, 429, 0, 0, 0.54%, 0, 0, 11, 1349.70
1775235051, 603, 243, 429, 0, 0, 0.54%, 0, 0, 11, 1490.54
1775235056, 603, 354, 429, 0, 0, 0.54%, 0, 0, 11, 1421.17
1775235061, 604, 11, 429, 0, 0, 0.54%, 0, 0, 11, 1594.07
1775235067, 604, 80, 429, 0, 0, 0.54%, 0, 0, 11, 1519.29
1775235072, 604, 138, 429, 0, 0, 0.54%, 0, 0, 11, 1394.62
1775235077, 604, 196, 429, 0, 0, 0.54%, 0, 0, 11, 1437.37
1775235082, 604, 357, 429, 0, 0, 0.54%, 0, 0, 11, 1437.64
1775235087, 604, 418, 429, 0, 0, 0.54%, 0, 0, 11, 914.07
1775235092, 605, 46, 429, 0, 0, 0.54%, 0, 0, 11, 1438.90
1775235097, 605, 80, 429, 0, 0, 0.54%, 0, 0, 11, 1493.80
1775235102, 605, 111, 429, 0, 0, 0.54%, 0, 0, 11, 1426.60
1775235107, 605, 213, 429, 0, 0, 0.54%, 0, 0, 11, 1538.91
1775235112, 605, 326, 429, 0, 0, 0.54%, 0, 0, 11, 1429.55
1775235118, 605, 377, 429, 0, 0, 0.54%, 0, 0, 11, 1412.16
1775235123, 606, 63, 429, 0, 0, 0.54%, 0, 0, 11, 1311.30
1775235128, 606, 91, 429, 0, 0, 0.54%, 0, 0, 11, 1519.69
1775235133, 606, 147, 429, 0, 0, 0.54%, 0, 0, 11, 1540.89
1775235138, 606, 239, 429, 0, 0, 0.54%, 0, 0, 11, 1461.36
1775235143, 606, 325, 429, 0, 0, 0.54%, 0, 0, 11, 1447.09
1775235148, 606, 411, 429, 0, 0, 0.54%, 0, 0, 11, 1206.39
1775235153, 607, 21, 429, 0, 0, 0.54%, 0, 0, 11, 986.62
1775235158, 607, 80, 429, 0, 0, 0.54%, 0, 0, 11, 1440.96
1775235163, 607, 97, 429, 0, 0, 0.54%, 0, 0, 11, 1418.86
1775235168, 607, 147, 429, 0, 0, 0.54%, 0, 0, 11, 1472.43
1775235173, 607, 293, 429, 0, 0, 0.54%, 0, 0, 11, 1441.28
1775235178, 607, 354, 429, 0, 0, 0.54%, 0, 0, 11, 1391.55
1775235184, 607, 420, 429, 0, 0, 0.54%, 0, 0, 11, 1136.62
1775235189, 608, 80, 429, 0, 0, 0.54%, 0, 0, 11, 1783.08
1775235194, 608, 111, 429, 0, 0, 0.54%, 0, 0, 11, 1562.53
1775235199, 608, 196, 429, 0, 0, 0.54%, 0, 0, 11, 1561.15
1775235204, 608, 349, 429, 0, 0, 0.54%, 0, 0, 11, 1502.91
1775235209, 609, 13, 429, 0, 0, 0.54%, 0, 0, 11, 1175.14
1775235214, 609, 80, 429, 0, 0, 0.54%, 0, 0, 11, 1521.87
1775235219, 609, 91, 429, 0, 0, 0.54%, 0, 0, 11, 1545.48
1775235224, 609, 191, 429, 0, 0, 0.54%, 0, 0, 11, 1455.93
1775235229, 609, 291, 429, 0, 0, 0.54%, 0, 0, 11, 1493.62
1775235235, 609, 349, 429, 0, 0, 0.54%, 0, 0, 11, 1507.87
1775235240, 609, 406, 429, 0, 0, 0.54%, 0, 0, 11, 1190.98
1775235245, 610, 79, 429, 0, 0, 0.54%, 0, 0, 11, 1409.78
1775235250, 610, 138, 429, 0, 0, 0.54%, 0, 0, 11, 1552.89
1775235255, 610, 177, 429, 0, 0, 0.54%, 0, 0, 11, 1530.74
1775235260, 610, 334, 429, 0, 0, 0.54%, 0, 0, 11, 1461.70
1775235265, 610, 385, 429, 0, 0, 0.54%, 0, 0, 11, 1403.57
1775235270, 611, 47, 429, 0, 0, 0.54%, 0, 0, 11, 1561.64
1775235275, 611, 86, 429, 0, 0, 0.54%, 0, 0, 11, 1505.74
1775235280, 611, 119, 429, 0, 0, 0.54%, 0, 0, 11, 1395.00
1775235285, 611, 216, 429, 0, 0, 0.54%, 0, 0, 11, 1500.20
1775235291, 611, 299, 429, 0, 0, 0.54%, 0, 0, 11, 1359.02
1775235296, 611, 371, 429, 0, 0, 0.54%, 0, 0, 11, 1283.78
1775235301, 612, 9, 429, 0, 0, 0.54%, 0, 0, 11, 1062.25
1775235306, 612, 63, 429, 0, 0, 0.54%, 0, 0, 11, 1449.25
1775235311, 612, 91, 429, 0, 0, 0.54%, 0, 0, 11, 1675.45
1775235316, 612, 139, 429, 0, 0, 0.54%, 0, 0, 11, 1617.88
1775235321, 612, 198, 429, 0, 0, 0.54%, 0, 0, 11, 1650.49
1775235326, 612, 325, 429, 0, 0, 0.54%, 0, 0, 11, 1502.25
1775235331, 612, 385, 429, 0, 0, 0.54%, 0, 0, 11, 1405.13
1775235336, 613, 22, 429, 0, 0, 0.54%, 0, 0, 11, 1113.40
1775235342, 613, 79, 429, 0, 0, 0.54%, 0, 0, 11, 1479.18
1775235347, 613, 100, 429, 0, 0, 0.54%, 0, 0, 11, 1418.52
1775235352, 613, 196, 429, 0, 0, 0.54%, 0, 0, 11, 1555.96
1775235357, 613, 354, 429, 0, 0, 0.54%, 0, 0, 11, 1433.25
1775235362, 613, 424, 429, 0, 0, 0.54%, 0, 0, 11, 1411.47
1775235367, 614, 63, 429, 0, 0, 0.54%, 0, 0, 11, 1539.45
1775235372, 614, 100, 429, 0, 0, 0.54%, 0, 0, 11, 1602.44
1775235378, 614, 159, 429, 0, 0, 0.54%, 0, 0, 11, 664.45
1775235383, 614, 207, 429, 0, 0, 0.54%, 0, 0, 11, 1367.40
1775235388, 614, 354, 429, 0, 0, 0.54%, 0, 0, 11, 1387.43
1775235393, 615, 22, 429, 0, 0, 0.54%, 0, 0, 11, 1237.25
1775235398, 615, 86, 429, 0, 0, 0.54%, 0, 0, 11, 1495.38
1775235403, 615, 137, 429, 0, 0, 0.54%, 0, 0, 11, 1485.80
1775235408, 615, 196, 429, 0, 0, 0.54%, 0, 0, 11, 1552.58
1775235413, 615, 325, 429, 0, 0, 0.54%, 0, 0, 11, 1411.16
1775235419, 615, 390, 429, 0, 0, 0.54%, 0, 0, 11, 1358.40
1775235424, 616, 22, 429, 0, 0, 0.54%, 0, 0, 11, 1366.55
1775235429, 616, 79, 429, 0, 0, 0.54%, 0, 0, 11, 1477.55
1775235434, 616, 111, 429, 0, 0, 0.54%, 0, 0, 11, 1583.33
1775235439, 616, 313, 429, 0, 0, 0.54%, 0, 0, 11, 1536.83
1775235444, 616, 371, 429, 0, 0, 0.54%, 0, 0, 11, 1524.84
1775235449, 617, 79, 429, 0, 0, 0.54%, 0, 0, 11, 1548.66
1775235454, 617, 111, 429, 0, 0, 0.54%, 0, 0, 11, 1445.57
1775235459, 617, 147, 429, 0, 0, 0.54%, 0, 0, 11, 1492.24
1775235464, 617, 299, 429, 0, 0, 0.54%, 0, 0, 11, 1412.05
1775235469, 617, 371, 429, 0, 0, 0.54%, 0, 0, 11, 1301.72
1775235474, 617, 424, 429, 0, 0, 0.54%, 0, 0, 11, 1282.75
1775235480, 618, 73, 429, 0, 0, 0.54%, 0, 0, 11, 1446.05
1775235485, 618, 100, 429, 0, 0, 0.54%, 0, 0, 11, 1371.83
1775235490, 618, 213, 429, 0, 0, 0.54%, 0, 0, 11, 1487.53
1775235495, 618, 354, 429, 0, 0, 0.54%, 0, 0, 11, 1500.41
1775235500, 619, 27, 429, 0, 0, 0.54%, 0, 0, 11, 1501.53
1775235505, 619, 80, 429, 0, 0, 0.54%, 0, 0, 11, 1522.32
1775235510, 619, 136, 429, 0, 0, 0.54%, 0, 0, 11, 1548.87
1775235515, 619, 191, 429, 0, 0, 0.54%, 0, 0, 11, 1438.77
1775235520, 619, 284, 429, 0, 0, 0.54%, 0, 0, 11, 1634.76
1775235526, 619, 371, 429, 0, 0, 0.54%, 0, 0, 11, 1374.21
1775235531, 620, 2, 429, 0, 0, 0.54%, 0, 0, 11, 1524.10
1775235536, 620, 80, 429, 0, 0, 0.54%, 0, 0, 11, 1609.28
1775235541, 620, 145, 429, 0, 0, 0.54%, 0, 0, 11, 1522.97
1775235546, 620, 262, 429, 0, 0, 0.54%, 0, 0, 11, 1489.16
1775235551, 620, 295, 429, 0, 0, 0.54%, 0, 0, 11, 1430.10
1775235556, 620, 377, 429, 0, 0, 0.54%, 0, 0, 11, 1419.63
1775235561, 621, 63, 429, 0, 0, 0.54%, 0, 0, 11, 1410.94
1775235566, 621, 91, 429, 0, 0, 0.54%, 0, 0, 11, 1347.86
1775235572, 621, 147, 429, 0, 0, 0.54%, 0, 0, 11, 1366.77
1775235577, 621, 305, 429, 0, 0, 0.54%, 0, 0, 11, 1538.68
1775235582, 621, 371, 429, 0, 0, 0.54%, 0, 0, 11, 1377.69
1775235587, 622, 66, 429, 0, 0, 0.54%, 0, 0, 11, 1357.26
1775235592, 622, 86, 429, 0, 0, 0.54%, 0, 0, 11, 1298.11
1775235597, 622, 136, 429, 0, 0, 0.54%, 0, 0, 11, 1427.70
1775235602, 622, 200, 429, 0, 0, 0.54%, 0, 0, 11, 1347.05
1775235607, 622, 349, 429, 0, 0, 0.54%, 0, 0, 11, 1374.07
1775235612, 622, 400, 429, 0, 0, 0.54%, 0, 0, 11, 1317.87
1775235617, 623, 63, 429, 0, 0, 0.54%, 0, 0, 11, 1300.43
1775235623, 623, 86, 429, 0, 0, 0.54%, 0, 0, 11, 1361.91
1775235628, 623, 154, 429, 0, 0, 0.54%, 0, 0, 11, 1462.85
1775235633, 623, 335, 429, 0, 0, 0.54%, 0, 0, 11, 1509.15
1775235638, 623, 373, 429, 0, 0, 0.54%, 0, 0, 11, 1443.26
1775235643, 624, 50, 429, 0, 0, 0.54%, 0, 0, 11, 1498.50
1775235648, 624, 80, 429, 0, 0, 0.54%, 0, 0, 11, 1419.59
1775235653, 624, 147, 429, 0, 0, 0.54%, 0, 0, 11, 1531.83
1775235658, 624, 223, 429, 0, 0, 0.54%, 0, 0, 11, 1390.02
1775235663, 624, 339, 429, 0, 0, 0.54%, 0, 0, 11, 1378.40
1775235669, 625, 16, 429, 0, 0, 0.54%, 0, 0, 11, 1348.56
1775235674, 625, 71, 429, 0, 0, 0.54%, 0, 0, 11, 1531.65
1775235679, 625, 100, 429, 0, 0, 0.54%, 0, 0, 11, 1575.49
1775235684, 625, 195, 429, 0, 0, 0.54%, 0, 0, 11, 1440.87
1775235689, 625, 276, 429, 0, 0, 0.54%, 0, 0, 11, 1425.43
1775235694, 625, 349, 429, 0, 0, 0.54%, 0, 0, 11, 859.66
1775235699, 625, 407, 429, 0, 0, 0.54%, 0, 0, 11, 1072.38
1775235704, 626, 79, 429, 0, 0, 0.54%, 0, 0, 11, 1482.55
1775235709, 626, 111, 429, 0, 0, 0.54%, 0, 0, 11, 1516.11
1775235714, 626, 196, 429, 0, 0, 0.54%, 0, 0, 11, 1503.91
1775235719, 626, 321, 429, 0, 0, 0.54%, 0, 0, 11, 1458.32
1775235724, 626, 385, 429, 0, 0, 0.54%, 0, 0, 11, 1436.60
1775235730, 626, 421, 429, 0, 0, 0.54%, 0, 0, 11, 1058.97
1775235735, 627, 63, 429, 0, 0, 0.54%, 0, 0, 11, 1431.56
1775235740, 627, 86, 429, 0, 0, 0.54%, 0, 0, 11, 1452.21
1775235745, 627, 149, 429, 0, 0, 0.54%, 0, 0, 11, 1453.13
1775235750, 627, 248, 429, 0, 0, 0.54%, 0, 0, 11, 1491.80
1775235755, 627, 354, 429, 0, 0, 0.54%, 0, 0, 11, 1345.61
1775235760, 628, 41, 429, 0, 0, 0.54%, 0, 0, 11, 1325.38
1775235765, 628, 80, 429, 0, 0, 0.54%, 0, 0, 11, 1515.59
1775235770, 628, 113, 429, 0, 0, 0.54%, 0, 0, 11, 1502.91
1775235776, 628, 166, 429, 0, 0, 0.54%, 0, 0, 11, 1426.53
1775235781, 628, 352, 429, 0, 0, 0.54%, 0, 0, 11, 1522.65
1775235786, 629, 38, 429, 0, 0, 0.54%, 0, 0, 11, 1427.89
1775235791, 629, 91, 429, 0, 0, 0.54%, 0, 0, 11, 1533.43
1775235796, 629, 154, 429, 0, 0, 0.54%, 0, 0, 11, 1507.79
1775235801, 629, 263, 429, 0, 0, 0.54%, 0, 0, 11, 1435.08
1775235806, 629, 349, 429, 0, 0, 0.54%, 0, 0, 11, 1450.30
1775235811, 630, 10, 429, 0, 0, 0.54%, 0, 0, 11, 1275.63
1775235816, 630, 75, 429, 0, 0, 0.54%, 0, 0, 11, 1490.94
1775235821, 630, 91, 429, 0, 0, 0.54%, 0, 0, 11, 1371.43
1775235826, 630, 128, 429, 0, 0, 0.54%, 0, 0, 11, 1469.92
1775235831, 630, 287, 429, 0, 0, 0.54%, 0, 0, 11, 1447.69
1775235837, 630, 349, 429, 0, 0, 0.54%, 0, 0, 11, 1367.74
1775235842, 630, 385, 429, 0, 0, 0.54%, 0, 0, 11, 1395.68
1775235847, 631, 70, 429, 0, 0, 0.54%, 0, 0, 11, 1499.49
1775235852, 631, 86, 429, 0, 0, 0.54%, 0, 0, 11, 1435.16
1775235857, 631, 174, 429, 0, 0, 0.54%, 0, 0, 11, 1394.67
1775235862, 631, 325, 429, 0, 0, 0.54%, 0, 0, 11, 1500.42
1775235867, 631, 411, 429, 0, 0, 0.54%, 0, 0, 11, 1231.77
1775235872, 632, 63, 429, 0, 0, 0.54%, 0, 0, 11, 1531.35
1775235877, 632, 86, 429, 0, 0, 0.54%, 0, 0, 11, 1516.59
1775235883, 632, 147, 429, 0, 0, 0.54%, 0, 0, 11, 1504.87
1775235888, 632, 244, 429, 0, 0, 0.54%, 0, 0, 11, 1425.17
1775235893, 632, 367, 429, 0, 0, 0.54%, 0, 0, 11, 1332.39
1775235898, 633, 9, 429, 0, 0, 0.54%, 0, 0, 11, 1396.14
1775235903, 633, 91, 429, 0, 0, 0.54%, 0, 0, 11, 1523.46
1775235908, 633, 147, 429, 0, 0, 0.54%, 0, 0, 11, 1578.19
1775235913, 633, 199, 429, 0, 0, 0.54%, 0, 0, 11, 1401.77
1775235918, 633, 283, 429, 0, 0, 0.54%, 0, 0, 11, 1572.69
1775235923, 633, 349, 429, 0, 0, 0.54%, 0, 0, 11, 1422.35
1775235928, 634, 63, 429, 0, 0, 0.54%, 0, 0, 11, 1434.33
1775235933, 634, 86, 429, 0, 0, 0.54%, 0, 0, 11, 1428.73
1775235938, 634, 121, 429, 0, 0, 0.54%, 0, 0, 11, 1422.82
1775235943, 634, 185, 429, 0, 0, 0.54%, 0, 0, 11, 1434.85
1775235949, 634, 208, 429, 0, 0, 0.54%, 0, 0, 11, 1425.67
1775235954, 634, 339, 429, 0, 0, 0.54%, 0, 0, 11, 1422.77
1775235959, 634, 427, 429, 0, 0, 0.54%, 0, 0, 11, 1315.84
1775235964, 635, 91, 429, 0, 0, 0.54%, 0, 0, 11, 1461.99
1775235969, 635, 196, 429, 0, 0, 0.54%, 0, 0, 11, 1428.14
1775235974, 635, 353, 429, 0, 0, 0.54%, 0, 0, 11, 1529.39
1775235979, 636, 0, 429, 0, 0, 0.54%, 0, 0, 11, 1376.86
1775235984, 636, 86, 429, 0, 0, 0.54%, 0, 0, 11, 1373.56
1775235989, 636, 153, 429, 0, 0, 0.54%, 0, 0, 11, 1349.44
1775235995, 636, 266, 429, 0, 0, 0.54%, 0, 0, 11, 1495.12
1775236000, 636, 349, 429, 0, 0, 0.54%, 0, 0, 11, 1433.76
1775236005, 637, 4, 429, 0, 0, 0.54%, 0, 0, 11, 1326.57
1775236010, 637, 64, 429, 0, 0, 0.54%, 0, 0, 11, 1430.84
1775236015, 637, 111, 429, 0, 0, 0.54%, 0, 0, 11, 1557.85
1775236020, 637, 191, 429, 0, 0, 0.54%, 0, 0, 11, 1516.32
1775236025, 637, 260, 429, 0, 0, 0.54%, 0, 0, 11, 1329.94
1775236030, 637, 325, 429, 0, 0, 0.54%, 0, 0, 11, 1387.79
1775236035, 637, 385, 429, 0, 0, 0.54%, 0, 0, 11, 1342.09
1775236041, 638, 38, 429, 0, 0, 0.54%, 0, 0, 11, 1236.49
1775236046, 638, 81, 429, 0, 0, 0.54%, 0, 0, 11, 1436.25
1775236051, 638, 126, 429, 0, 0, 0.54%, 0, 0, 11, 1437.23
1775236056, 638, 185, 429, 0, 0, 0.54%, 0, 0, 11, 1425.33
1775236061, 638, 325, 429, 0, 0, 0.54%, 0, 0, 11, 1396.82
1775236066, 638, 385, 429, 0, 0, 0.54%, 0, 0, 11, 1414.75
1775236071, 639, 20, 429, 0, 0, 0.54%, 0, 0, 11, 1326.57
1775236076, 639, 91, 429, 0, 0, 0.54%, 0, 0, 11, 1533.89
1775236081, 639, 129, 429, 0, 0, 0.54%, 0, 0, 11, 1468.52
1775236086, 639, 184, 429, 0, 0, 0.54%, 0, 0, 11, 1563.85
1775236091, 639, 290, 429, 0, 0, 0.54%, 0, 0, 11, 1529.62
1775236096, 639, 349, 429, 0, 0, 0.54%, 0, 0, 11, 1289.97
1775236101, 639, 398, 429, 0, 0, 0.54%, 0, 0, 11, 1190.87
1775236107, 640, 34, 429, 0, 0, 0.54%, 0, 0, 11, 1408.03
1775236112, 640, 86, 429, 0, 0, 0.54%, 0, 0, 11, 1421.59
1775236117, 640, 144, 429, 0, 0, 0.54%, 0, 0, 11, 1551.56
1775236122, 640, 181, 429, 0, 0, 0.54%, 0, 0, 11, 1371.71
1775236127, 640, 310, 429, 0, 0, 0.54%, 0, 0, 11, 1412.64
1775236132, 640, 357, 429, 0, 0, 0.54%, 0, 0, 11, 1419.54
1775236137, 641, 63, 429, 0, 0, 0.54%, 0, 0, 11, 1435.27
1775236142, 641, 91, 429, 0, 0, 0.54%, 0, 0, 11, 1482.00
1775236147, 641, 134, 429, 0, 0, 0.54%, 0, 0, 11, 1350.40
1775236152, 641, 268, 429, 0, 0, 0.54%, 0, 0, 11, 1525.39
1775236157, 641, 349, 429, 0, 0, 0.54%, 0, 0, 11, 1495.53
1775236162, 641, 386, 429, 0, 0, 0.54%, 0, 0, 11, 1372.45
1775236167, 642, 28, 429, 0, 0, 0.54%, 0, 0, 11, 1467.66
1775236172, 642, 86, 429, 0, 0, 0.54%, 0, 0, 11, 1498.54
1775236177, 642, 147, 429, 0, 0, 0.54%, 0, 0, 11, 1419.47
1775236183, 642, 275, 429, 0, 0, 0.54%, 0, 0, 11, 1493.72
1775236188, 642, 330, 429, 0, 0, 0.54%, 0, 0, 11, 1392.14
1775236193, 642, 383, 429, 0, 0, 0.54%, 0, 0, 11, 1295.20
1775236198, 643, 42, 429, 0, 0, 0.54%, 0, 0, 11, 1273.30
1775236203, 643, 100, 429, 0, 0, 0.54%, 0, 0, 11, 1470.26
1775236208, 643, 147, 429, 0, 0, 0.54%, 0, 0, 11, 1463.56
1775236213, 643, 207, 429, 0, 0, 0.54%, 0, 0, 11, 1244.22
1775236218, 643, 309, 429, 0, 0, 0.54%, 0, 0, 11, 1495.96
1775236223, 643, 357, 429, 0, 0, 0.54%, 0, 0, 11, 1410.90
1775236228, 644, 45, 429, 0, 0, 0.54%, 0, 0, 11, 1348.17
1775236233, 644, 91, 429, 0, 0, 0.54%, 0, 0, 11, 1450.46
1775236238, 644, 196, 429, 0, 0, 0.54%, 0, 0, 11, 1432.30
1775236243, 644, 331, 429, 0, 0, 0.54%, 0, 0, 11, 1498.05
1775236249, 644, 385, 429, 0, 0, 0.54%, 0, 0, 11, 1358.36
1775236254, 645, 28, 429, 0, 0, 0.54%, 0, 0, 11, 1407.74
1775236259, 645, 79, 429, 0, 0, 0.54%, 0, 0, 11, 1492.71
1775236264, 645, 113, 429, 0, 0, 0.54%, 0, 0, 11, 1501.98
1775236269, 645, 180, 429, 0, 0, 0.54%, 0, 0, 11, 1559.48
1775236274, 645, 215, 429, 0, 0, 0.54%, 0, 0, 11, 1208.57
1775236279, 645, 354, 429, 0, 0, 0.54%, 0, 0, 11, 1332.51
1775236284, 646, 37, 429, 0, 0, 0.54%, 0, 0, 11, 1462.95
1775236289, 646, 91, 429, 0, 0, 0.54%, 0, 0, 11, 1440.71
1775236294, 646, 147, 429, 0, 0, 0.54%, 0, 0, 11, 1443.29
1775236300, 646, 185, 429, 0, 0, 0.54%, 0, 0, 11, 1472.98
1775236305, 646, 289, 429, 0, 0, 0.54%, 0, 0, 11, 244.73
1775236310, 646, 349, 429, 0, 0, 0.54%, 0, 0, 11, 1522.12
1775236315, 646, 403, 429, 0, 0, 0.54%, 0, 0, 11, 1211.60
1775236320, 647, 66, 429, 0, 0, 0.54%, 0, 0, 11, 1445.99
1775236325, 647, 91, 429, 0, 0, 0.54%, 0, 0, 11, 1461.10
1775236330, 647, 186, 429, 0, 0, 0.54%, 0, 0, 11, 1460.90
1775236335, 647, 275, 429, 0, 0, 0.54%, 0, 0, 11, 188.50
1775236340, 647, 357, 429, 0, 0, 0.54%, 0, 0, 11, 1471.19
1775236346, 648, 22, 429, 0, 0, 0.54%, 0, 0, 11, 1274.65
1775236351, 648, 83, 429, 0, 0, 0.54%, 0, 0, 11, 1350.25
1775236356, 648, 127, 429, 0, 0, 0.54%, 0, 0, 11, 1423.17
1775236361, 648, 274, 429, 0, 0, 0.54%, 0, 0, 11, 1420.66
1775236366, 648, 292, 429, 0, 0, 0.54%, 0, 0, 11, 1498.04
1775236371, 648, 349, 429, 0, 0, 0.54%, 0, 0, 11, 1361.63
1775236376, 648, 392, 429, 0, 0, 0.54%, 0, 0, 11, 1151.24
1775236381, 649, 32, 429, 0, 0, 0.54%, 0, 0, 11, 1098.73
1775236386, 649, 91, 429, 0, 0, 0.54%, 0, 0, 11, 1425.83
1775236391, 649, 135, 429, 0, 0, 0.54%, 0, 0, 11, 1333.63
1775236396, 649, 244, 429, 0, 0, 0.54%, 0, 0, 11, 1455.83
1775236401, 649, 349, 429, 0, 0, 0.54%, 0, 0, 11, 1328.27
1775236407, 649, 385, 429, 0, 0, 0.54%, 0, 0, 11, 1260.81
1775236412, 650, 80, 429, 0, 0, 0.54%, 0, 0, 11, 1340.45
1775236417, 650, 119, 429, 0, 0, 0.54%, 0, 0, 11, 1516.10
1775236422, 650, 223, 429, 0, 0, 0.54%, 0, 0, 11, 1467.43
1775236427, 650, 354, 429, 0, 0, 0.54%, 0, 0, 11, 1423.31
1775236432, 651, 52, 429, 0, 0, 0.54%, 0, 0, 11, 1394.20
1775236437, 651, 100, 429, 0, 0, 0.54%, 0, 0, 11, 1477.75
1775236442, 651, 152, 429, 0, 0, 0.54%, 0, 0, 11, 1395.76
1775236447, 651, 192, 429, 0, 0, 0.54%, 0, 0, 11, 1467.57
1775236452, 651, 306, 429, 0, 0, 0.54%, 0, 0, 11, 1433.46
1775236458, 651, 385, 429, 0, 0, 0.54%, 0, 0, 11, 1368.67
1775236463, 652, 63, 429, 0, 0, 0.54%, 0, 0, 11, 1634.84
1775236468, 652, 86, 429, 0, 0, 0.54%, 0, 0, 11, 1672.43
1775236473, 652, 147, 429, 0, 0, 0.54%, 0, 0, 11, 1472.45
1775236478, 652, 238, 429, 0, 0, 0.54%, 0, 0, 11, 1472.89
1775236483, 652, 325, 429, 0, 0, 0.54%, 0, 0, 11, 1474.59
1775236488, 652, 389, 429, 0, 0, 0.54%, 0, 0, 11, 1385.72
1775236493, 653, 38, 429, 0, 0, 0.54%, 0, 0, 11, 1423.76
1775236498, 653, 80, 429, 0, 0, 0.54%, 0, 0, 11, 1539.22
1775236504, 653, 146, 429, 0, 0, 0.54%, 0, 0, 11, 1484.85
1775236509, 653, 276, 429, 0, 0, 0.54%, 0, 0, 11, 1437.20
1775236514, 653, 345, 429, 0, 0, 0.54%, 0, 0, 11, 1408.77
1775236519, 653, 406, 429, 0, 0, 0.54%, 0, 0, 11, 1288.67
1775236524, 654, 54, 429, 0, 0, 0.54%, 0, 0, 11, 1339.18
1775236529, 654, 100, 429, 0, 0, 0.54%, 0, 0, 11, 1477.91
1775236534, 654, 186, 429, 0, 0, 0.54%, 0, 0, 11, 1583.07
1775236539, 654, 291, 429, 0, 0, 0.54%, 0, 0, 11, 1403.52
1775236544, 654, 371, 429, 0, 0, 0.54%, 0, 0, 11, 1297.46
1775236550, 655, 61, 429, 0, 0, 0.54%, 0, 0, 11, 1565.22
1775236555, 655, 100, 429, 0, 0, 0.54%, 0, 0, 11, 1580.49
1775236560, 655, 172, 429, 0, 0, 0.54%, 0, 0, 11, 1423.15
1775236565, 655, 347, 429, 0, 0, 0.54%, 0, 0, 11, 1486.23
1775236570, 655, 385, 429, 0, 0, 0.54%, 0, 0, 11, 1439.61
1775236575, 656, 13, 429, 0, 0, 0.54%, 0, 0, 11, 1545.65
1775236580, 656, 80, 429, 0, 0, 0.54%, 0, 0, 11, 1538.00
1775236585, 656, 100, 429, 0, 0, 0.54%, 0, 0, 11, 1484.05
1775236590, 656, 154, 429, 0, 0, 0.54%, 0, 0, 11, 1388.62
1775236595, 656, 279, 429, 0, 0, 0.54%, 0, 0, 11, 1475.34
1775236600, 656, 371, 429, 0, 0, 0.54%, 0, 0, 11, 1323.85
1775236606, 657, 63, 429, 0, 0, 0.54%, 0, 0, 11, 1423.19
1775236611, 657, 100, 429, 0, 0, 0.54%, 0, 0, 11, 1449.20
1775236616, 657, 148, 429, 0, 0, 0.54%, 0, 0, 11, 1497.72
1775236621, 657, 196, 429, 0, 0, 0.54%, 0, 0, 11, 1441.97
1775236626, 657, 249, 429, 0, 0, 0.54%, 0, 0, 11, 1383.96
1775236631, 657, 318, 429, 0, 0, 0.54%, 0, 0, 11, 1447.59
1775236636, 657, 375, 429, 0, 0, 0.54%, 0, 0, 11, 1331.06
1775236641, 658, 63, 429, 0, 0, 0.54%, 0, 0, 11, 1463.20
1775236646, 658, 100, 429, 0, 0, 0.54%, 0, 0, 11, 1529.87
1775236651, 658, 174, 429, 0, 0, 0.54%, 0, 0, 11, 1524.36
1775236657, 658, 357, 429, 0, 0, 0.54%, 0, 0, 11, 1404.23
1775236662, 658, 394, 429, 0, 0, 0.54%, 0, 0, 11, 1206.87
1775236667, 659, 80, 429, 0, 0, 0.54%, 0, 0, 11, 1522.67
1775236672, 659, 122, 429, 0, 0, 0.54%, 0, 0, 11, 1494.63
1775236677, 659, 253, 429, 0, 0, 0.54%, 0, 0, 11, 1388.87
1775236682, 659, 349, 429, 0, 0, 0.54%, 0, 0, 11, 1364.69
1775236687, 660, 59, 429, 0, 0, 0.54%, 0, 0, 11, 1356.27
1775236692, 660, 91, 429, 0, 0, 0.54%, 0, 0, 11, 1630.95
1775236697, 660, 147, 429, 0, 0, 0.54%, 0, 0, 11, 1450.69
1775236702, 660, 196, 429, 0, 0, 0.54%, 0, 0, 11, 1462.72
1775236707, 660, 305, 429, 0, 0, 0.54%, 0, 0, 11, 1415.06
1775236713, 660, 371, 429, 0, 0, 0.54%, 0, 0, 11, 1376.78
1775236718, 661, 61, 429, 0, 0, 0.54%, 0, 0, 11, 1372.63
1775236723, 661, 79, 429, 0, 0, 0.54%, 0, 0, 11, 1495.02
1775236728, 661, 144, 429, 0, 0, 0.54%, 0, 0, 11, 1550.37
1775236733, 661, 231, 429, 0, 0, 0.54%, 0, 0, 11, 1378.76
1775236738, 661, 357, 429, 0, 0, 0.54%, 0, 0, 11, 1424.76
1775236743, 661, 394, 429, 0, 0, 0.54%, 0, 0, 11, 1219.80
1775236748, 662, 73, 429, 0, 0, 0.54%, 0, 0, 11, 1444.45
1775236753, 662, 100, 429, 0, 0, 0.54%, 0, 0, 11, 1443.68
1775236759, 662, 185, 429, 0, 0, 0.54%, 0, 0, 11, 1362.84
1775236764, 662, 349, 429, 0, 0, 0.54%, 0, 0, 11, 1453.66
1775236769, 662, 418, 429, 0, 0, 0.54%, 0, 0, 11, 1257.84
1775236774, 662, 423, 429, 0, 0, 0.54%, 0, 0, 11, 1208.53
1775236779, 663, 80, 429, 0, 0, 0.54%, 0, 0, 11, 1469.54
1775236784, 663, 112, 429, 0, 0, 0.54%, 0, 0, 11, 1510.94
1775236789, 663, 182, 429, 0, 0, 0.54%, 0, 0, 11, 1477.44
1775236794, 663, 322, 429, 0, 0, 0.54%, 0, 0, 11, 1257.14
1775236799, 663, 379, 429, 0, 0, 0.54%, 0, 0, 11, 1298.38
1775236804, 664, 79, 429, 0, 0, 0.54%, 0, 0, 11, 1397.71
1775236810, 664, 131, 429, 0, 0, 0.54%, 0, 0, 11, 1365.74
1775236815, 664, 193, 429, 0, 0, 0.54%, 0, 0, 11, 1424.35
1775236820, 664, 307, 429, 0, 0, 0.54%, 0, 0, 11, 1469.25
1775236825, 664, 354, 429, 0, 0, 0.54%, 0, 0, 11, 1375.29
1775236830, 665, 44, 429, 0, 0, 0.54%, 0, 0, 11, 1448.09
1775236835, 665, 86, 429, 0, 0, 0.54%, 0, 0, 11, 1518.30
1775236840, 665, 143, 429, 0, 0, 0.54%, 0, 0, 11, 1527.70
1775236845, 665, 261, 429, 0, 0, 0.54%, 0, 0, 11, 1363.08
1775236850, 665, 354, 429, 0, 0, 0.54%, 0, 0, 11, 1411.17
1775236855, 665, 405, 429, 0, 0, 0.54%, 0, 0, 11, 1291.15
1775236860, 666, 86, 429, 0, 0, 0.54%, 0, 0, 11, 1468.24
1775236865, 666, 147, 429, 0, 0, 0.54%, 0, 0, 11, 1546.06
1775236870, 666, 196, 429, 0, 0, 0.54%, 0, 0, 11, 1930.00
1775236875, 666, 278, 429, 0, 0, 0.54%, 0, 0, 11, 1518.43
1775236881, 666, 357, 429, 0, 0, 0.54%, 0, 0, 11, 1402.51
1775236886, 666, 402, 429, 0, 0, 0.54%, 0, 0, 11, 1183.91
1775236891, 667, 42, 429, 0, 0, 0.54%, 0, 0, 11, 1345.81
1775236896, 667, 86, 429, 0, 0, 0.54%, 0, 0, 11, 1466.74
1775236901, 667, 139, 429, 0, 0, 0.54%, 0, 0, 11, 1511.99
1775236906, 667, 169, 429, 0, 0, 0.54%, 0, 0, 11, 1370.48
1775236911, 667, 213, 429, 0, 0, 0.54%, 0, 0, 11, 1508.95
1775236916, 667, 282, 429, 0, 0, 0.54%, 0, 0, 11, 1503.01
1775236921, 667, 354, 429, 0, 0, 0.54%, 0, 0, 11, 1455.62
1775236926, 668, 14, 429, 0, 0, 0.54%, 0, 0, 11, 1398.77
1775236931, 668, 91, 429, 0, 0, 0.54%, 0, 0, 11, 1564.37
1775236936, 668, 147, 429, 0, 0, 0.54%, 0, 0, 11, 1574.75
1775236941, 668, 196, 429, 0, 0, 0.54%, 0, 0, 11, 1368.16
1775236947, 668, 241, 429, 0, 0, 0.54%, 0, 0, 11, 1493.79
1775236952, 668, 354, 429, 0, 0, 0.54%, 0, 0, 11, 1467.76
1775236957, 669, 63, 429, 0, 0, 0.54%, 0, 0, 11, 1501.10
1775236962, 669, 100, 429, 0, 0, 0.54%, 0, 0, 11, 1519.10
1775236967, 669, 145, 429, 0, 0, 0.54%, 0, 0, 11, 1451.97
1775236972, 669, 217, 429, 0, 0, 0.54%, 0, 0, 11, 1417.16
1775236977, 669, 249, 429, 0, 0, 0.54%, 0, 0, 11, 1443.36
1775236982, 669, 354, 429, 0, 0, 0.54%, 0, 0, 11, 236.56
1775236987, 669, 422, 429, 0, 0, 0.54%, 0, 0, 11, 1373.87
1775236992, 670, 10, 429, 0, 0, 0.54%, 0, 0, 11, 1419.71
1775236997, 670, 79, 429, 0, 0, 0.54%, 0, 0, 11, 1547.41
1775237003, 670, 111, 429, 0, 0, 0.54%, 0, 0, 11, 1474.54
1775237008, 670, 147, 429, 0, 0, 0.54%, 0, 0, 11, 1511.01
1775237013, 670, 186, 429, 0, 0, 0.54%, 0, 0, 11, 1520.70
1775237018, 670, 316, 429, 0, 0, 0.54%, 0, 0, 11, 1377.56
1775237023, 670, 371, 429, 0, 0, 0.54%, 0, 0, 11, 1417.05
1775237028, 670, 418, 429, 0, 0, 0.54%, 0, 0, 11, 847.45
1775237033, 671, 57, 429, 0, 0, 0.54%, 0, 0, 11, 1330.02
1775237038, 671, 89, 429, 0, 0, 0.54%, 0, 0, 11, 1496.80
1775237043, 671, 114, 429, 0, 0, 0.54%, 0, 0, 11, 1522.18
1775237048, 671, 194, 429, 0, 0, 0.54%, 0, 0, 11, 1616.76
1775237053, 671, 321, 429, 0, 0, 0.54%, 0, 0, 11, 1490.12
1775237059, 671, 374, 429, 0, 0, 0.54%, 0, 0, 11, 1328.95
1775237064, 671, 424, 429, 0, 0, 0.54%, 0, 0, 11, 1374.01
1775237069, 672, 90, 429, 0, 0, 0.54%, 0, 0, 11, 1587.21
1775237074, 672, 119, 429, 0, 0, 0.54%, 0, 0, 11, 597.24
1775237079, 672, 161, 429, 0, 0, 0.54%, 0, 0, 11, 1321.36
1775237084, 672, 242, 429, 0, 0, 0.54%, 0, 0, 11, 1305.74
1775237089, 672, 357, 429, 0, 0, 0.54%, 0, 0, 11, 1493.06
1775237094, 673, 22, 429, 0, 0, 0.54%, 0, 0, 11, 1473.10
1775237099, 673, 91, 429, 0, 0, 0.54%, 0, 0, 11, 1488.40
1775237104, 673, 119, 429, 0, 0, 0.54%, 0, 0, 11, 1569.92
1775237110, 673, 189, 429, 0, 0, 0.54%, 0, 0, 11, 1496.23
1775237115, 673, 238, 429, 0, 0, 0.54%, 0, 0, 11, 1047.09
1775237120, 673, 342, 429, 0, 0, 0.54%, 0, 0, 11, 1295.88
1775237125, 673, 385, 429, 0, 0, 0.54%, 0, 0, 11, 1243.41
1775237130, 674, 41, 429, 0, 0, 0.54%, 0, 0, 11, 1361.51
1775237135, 674, 80, 429, 0, 0, 0.54%, 0, 0, 11, 1490.61
1775237140, 674, 117, 429, 0, 0, 0.54%, 0, 0, 11, 1481.47
1775237145, 674, 253, 429, 0, 0, 0.54%, 0, 0, 11, 1463.49
1775237150, 674, 297, 429, 0, 0, 0.54%, 0, 0, 11, 1435.39
1775237156, 674, 371, 429, 0, 0, 0.54%, 0, 0, 11, 1344.37
1775237161, 675, 63, 429, 0, 0, 0.54%, 0, 0, 11, 1233.37
1775237166, 675, 91, 429, 0, 0, 0.54%, 0, 0, 11, 1327.13
1775237171, 675, 156, 429, 0, 0, 0.54%, 0, 0, 11, 1361.60
1775237176, 675, 214, 429, 0, 0, 0.54%, 0, 0, 11, 1447.76
1775237181, 675, 282, 429, 0, 0, 0.54%, 0, 0, 11, 1236.55
1775237186, 675, 349, 429, 0, 0, 0.54%, 0, 0, 11, 1473.39
1775237191, 676, 19, 429, 0, 0, 0.54%, 0, 0, 11, 537.85
1775237196, 676, 79, 429, 0, 0, 0.54%, 0, 0, 11, 1340.92
1775237201, 676, 123, 429, 0, 0, 0.54%, 0, 0, 11, 1511.37
1775237206, 676, 195, 429, 0, 0, 0.54%, 0, 0, 11, 1515.59
1775237212, 676, 316, 429, 0, 0, 0.54%, 0, 0, 11, 1426.43
1775237217, 676, 385, 429, 0, 0, 0.54%, 0, 0, 11, 1372.15
1775237222, 677, 79, 429, 0, 0, 0.54%, 0, 0, 11, 1480.91
1775237227, 677, 143, 429, 0, 0, 0.54%, 0, 0, 11, 1482.55
1775237232, 677, 209, 429, 0, 0, 0.54%, 0, 0, 11, 1386.53
1775237237, 677, 349, 429, 0, 0, 0.54%, 0, 0, 11, 1427.55
1775237242, 677, 410, 429, 0, 0, 0.54%, 0, 0, 11, 1202.46
1775237247, 678, 25, 429, 0, 0, 0.54%, 0, 0, 11, 1443.36
1775237252, 678, 79, 429, 0, 0, 0.54%, 0, 0, 11, 1565.30
1775237257, 678, 149, 429, 0, 0, 0.54%, 0, 0, 11, 1516.95
1775237263, 678, 233, 429, 0, 0, 0.54%, 0, 0, 11, 1550.04
1775237268, 678, 290, 429, 0, 0, 0.54%, 0, 0, 11, 1590.42
1775237273, 678, 385, 429, 0, 0, 0.54%, 0, 0, 11, 1484.40
1775237278, 679, 80, 429, 0, 0, 0.54%, 0, 0, 11, 1531.29
1775237283, 679, 111, 429, 0, 0, 0.54%, 0, 0, 11, 1495.18
1775237288, 679, 162, 429, 0, 0, 0.54%, 0, 0, 11, 1570.47
1775237293, 679, 262, 429, 0, 0, 0.54%, 0, 0, 11, 1482.35
1775237298, 679, 314, 429, 0, 0, 0.54%, 0, 0, 11, 1437.63
1775237303, 679, 385, 429, 0, 0, 0.54%, 0, 0, 11, 1401.22
1775237309, 680, 20, 429, 0, 0, 0.54%, 0, 0, 11, 1304.06
1775237314, 680, 91, 429, 0, 0, 0.54%, 0, 0, 11, 1443.07
1775237319, 680, 147, 429, 0, 0, 0.54%, 0, 0, 11, 1381.00
1775237324, 680, 202, 429, 0, 0, 0.54%, 0, 0, 11, 1423.86
1775237329, 680, 296, 429, 0, 0, 0.54%, 0, 0, 11, 1387.09
1775237334, 680, 374, 429, 0, 0, 0.54%, 0, 0, 11, 1404.60
1775237339, 681, 21, 429, 0, 0, 0.54%, 0, 0, 11, 1368.61
1775237344, 681, 80, 429, 0, 0, 0.54%, 0, 0, 11, 1582.64
1775237349, 681, 117, 429, 0, 0, 0.54%, 0, 0, 11, 1486.33
1775237354, 681, 208, 429, 0, 0, 0.54%, 0, 0, 11, 1412.80
1775237359, 681, 300, 429, 0, 0, 0.54%, 0, 0, 11, 1470.80
1775237365, 681, 371, 429, 0, 0, 0.54%, 0, 0, 11, 1436.45
1775237370, 682, 16, 429, 0, 0, 0.54%, 0, 0, 11, 1228.38
1775237375, 682, 53, 429, 0, 0, 0.54%, 0, 0, 11, 1517.16
1775237380, 682, 86, 429, 0, 0, 0.54%, 0, 0, 11, 1526.34
1775237385, 682, 150, 429, 0, 0, 0.54%, 0, 0, 11, 1544.45
1775237390, 682, 196, 429, 0, 0, 0.54%, 0, 0, 11, 1441.02
1775237395, 682, 349, 429, 0, 0, 0.54%, 0, 0, 11, 1167.32
1775237400, 682, 422, 429, 0, 0, 0.54%, 0, 0, 11, 1381.85
1775237405, 683, 79, 429, 0, 0, 0.54%, 0, 0, 11, 1476.04
1775237410, 683, 100, 429, 0, 0, 0.54%, 0, 0, 11, 1506.64
1775237415, 683, 196, 429, 0, 0, 0.54%, 0, 0, 11, 1644.15
1775237420, 683, 349, 429, 0, 0, 0.54%, 0, 0, 11, 1512.32
1775237425, 683, 415, 429, 0, 0, 0.54%, 0, 0, 11, 1307.36
1775237430, 684, 55, 429, 0, 0, 0.54%, 0, 0, 11, 1371.28
1775237435, 684, 80, 429, 0, 0, 0.54%, 0, 0, 11, 1534.35
1775237441, 684, 114, 429, 0, 0, 0.54%, 0, 0, 11, 1395.66
1775237446, 684, 172, 429, 0, 0, 0.54%, 0, 0, 11, 1394.00
1775237451, 684, 232, 429, 0, 0, 0.54%, 0, 0, 11, 1679.75
1775237456, 684, 336, 429, 0, 0, 0.54%, 0, 0, 11, 1524.29
1775237461, 684, 385, 429, 0, 0, 0.54%, 0, 0, 11, 1447.04
1775237466, 685, 79, 429, 0, 0, 0.54%, 0, 0, 11, 1509.41
1775237471, 685, 100, 429, 0, 0, 0.54%, 0, 0, 11, 1491.23
1775237476, 685, 192, 429, 0, 0, 0.54%, 0, 0, 11, 1496.67
1775237482, 685, 325, 429, 0, 0, 0.54%, 0, 0, 11, 1429.83
1775237487, 685, 385, 429, 0, 0, 0.54%, 0, 0, 11, 1367.30
1775237492, 686, 2, 429, 0, 0, 0.54%, 0, 0, 11, 1417.64
1775237497, 686, 56, 429, 0, 0, 0.54%, 0, 0, 11, 1377.75
1775237502, 686, 86, 429, 0, 0, 0.54%, 0, 0, 11, 1512.11
1775237507, 686, 147, 429, 0, 0, 0.54%, 0, 0, 11, 1414.49
1775237512, 686, 290, 429, 0, 0, 0.54%, 0, 0, 11, 349.50
1775237517, 686, 354, 429, 0, 0, 0.54%, 0, 0, 11, 1162.61
1775237522, 687, 30, 429, 0, 0, 0.54%, 0, 0, 11, 1304.23
1775237527, 687, 86, 429, 0, 0, 0.54%, 0, 0, 11, 1402.86
1775237532, 687, 189, 429, 0, 0, 0.54%, 0, 0, 11, 1503.27
1775237537, 687, 295, 429, 0, 0, 0.54%, 0, 0, 11, 1425.56
1775237542, 687, 354, 429, 0, 0, 0.54%, 0, 0, 11, 1337.01
1775237547, 688, 9, 429, 0, 0, 0.54%, 0, 0, 11, 1318.53
1775237552, 688, 63, 429, 0, 0, 0.54%, 0, 0, 11, 1490.90
1775237558, 688, 103, 429, 0, 0, 0.54%, 0, 0, 11, 1508.80
1775237563, 688, 145, 429, 0, 0, 0.54%, 0, 0, 11, 1549.04
1775237568, 688, 190, 429, 0, 0, 0.54%, 0, 0, 11, 1591.16
1775237573, 688, 249, 429, 0, 0, 0.54%, 0, 0, 11, 1454.68
1775237578, 688, 354, 429, 0, 0, 0.54%, 0, 0, 11, 1476.86
1775237583, 689, 11, 429, 0, 0, 0.54%, 0, 0, 11, 1378.18
1775237588, 689, 86, 429, 0, 0, 0.54%, 0, 0, 11, 1565.75
1775237593, 689, 111, 429, 0, 0, 0.54%, 0, 0, 11, 1482.42
1775237598, 689, 193, 429, 0, 0, 0.54%, 0, 0, 11, 1535.07
1775237603, 689, 251, 429, 0, 0, 0.54%, 0, 0, 11, 1469.20
1775237608, 689, 344, 429, 0, 0, 0.54%, 0, 0, 11, 1395.81
1775237613, 689, 385, 429, 0, 0, 0.54%, 0, 0, 11, 1325.61
1775237619, 690, 55, 429, 0, 0, 0.54%, 0, 0, 11, 1254.09
1775237624, 690, 81, 429, 0, 0, 0.54%, 0, 0, 11, 1543.29
1775237629, 690, 116, 429, 0, 0, 0.54%, 0, 0, 11, 1467.12
1775237634, 690, 196, 429, 0, 0, 0.54%, 0, 0, 11, 1485.73
1775237639, 690, 354, 429, 0, 0, 0.54%, 0, 0, 11, 1368.99
1775237644, 691, 7, 429, 0, 0, 0.54%, 0, 0, 11, 1328.93
1775237649, 691, 80, 429, 0, 0, 0.54%, 0, 0, 11, 1462.26
1775237654, 691, 111, 429, 0, 0, 0.54%, 0, 0, 11, 1544.24
1775237659, 691, 187, 429, 0, 0, 0.54%, 0, 0, 11, 1591.64
1775237664, 691, 305, 429, 0, 0, 0.54%, 0, 0, 11, 1553.16
1775237669, 691, 371, 429, 0, 0, 0.54%, 0, 0, 11, 1372.12
1775237674, 691, 424, 429, 0, 0, 0.54%, 0, 0, 11, 1407.95
1775237679, 692, 79, 429, 0, 0, 0.54%, 0, 0, 11, 1541.14
1775237684, 692, 100, 429, 0, 0, 0.54%, 0, 0, 11, 1538.18
1775237689, 692, 189, 429, 0, 0, 0.54%, 0, 0, 11, 1471.21
1775237695, 692, 214, 429, 0, 0, 0.54%, 0, 0, 11, 1572.53
1775237700, 692, 324, 429, 0, 0, 0.54%, 0, 0, 11, 1553.06
1775237705, 692, 371, 429, 0, 0, 0.54%, 0, 0, 11, 1510.28
1775237710, 692, 422, 429, 0, 0, 0.54%, 0, 0, 11, 268.66
1775237715, 693, 80, 429, 0, 0, 0.54%, 0, 0, 11, 1606.27
1775237720, 693, 100, 429, 0, 0, 0.54%, 0, 0, 11, 1607.84
1775237725, 693, 176, 429, 0, 0, 0.54%, 0, 0, 11, 1505.85
1775237730, 693, 294, 429, 0, 0, 0.54%, 0, 0, 11, 1548.88
1775237735, 693, 357, 429, 0, 0, 0.54%, 0, 0, 11, 1176.14
1775237740, 694, 21, 429, 0, 0, 0.54%, 0, 0, 11, 1274.99
1775237745, 694, 80, 429, 0, 0, 0.54%, 0, 0, 11, 1455.27
1775237751, 694, 112, 429, 0, 0, 0.54%, 0, 0, 11, 1479.28
1775237756, 694, 148, 429, 0, 0, 0.54%, 0, 0, 11, 1413.62
1775237761, 694, 228, 429, 0, 0, 0.54%, 0, 0, 11, 1500.35
1775237766, 694, 354, 429, 0, 0, 0.54%, 0, 0, 11, 1347.67
1775237771, 694, 411, 429, 0, 0, 0.54%, 0, 0, 11, 1287.66
1775237776, 694, 424, 429, 0, 0, 0.54%, 0, 0, 11, 1079.40
1775237781, 695, 79, 429, 0, 0, 0.54%, 0, 0, 11, 1513.02
1775237786, 695, 102, 429, 0, 0, 0.54%, 0, 0, 11, 1531.31
1775237791, 695, 180, 429, 0, 0, 0.54%, 0, 0, 11, 1451.85
1775237796, 695, 325, 429, 0, 0, 0.54%, 0, 0, 11, 664.96
1775237801, 695, 385, 429, 0, 0, 0.54%, 0, 0, 11, 1174.42
1775237807, 696, 80, 429, 0, 0, 0.54%, 0, 0, 11, 1453.52
1775237812, 696, 111, 429, 0, 0, 0.54%, 0, 0, 11, 1521.22
1775237817, 696, 226, 429, 0, 0, 0.54%, 0, 0, 11, 1459.38
1775237822, 696, 325, 429, 0, 0, 0.54%, 0, 0, 11, 1510.58
1775237827, 696, 385, 429, 0, 0, 0.54%, 0, 0, 11, 1339.80
1775237832, 697, 36, 429, 0, 0, 0.54%, 0, 0, 11, 1339.48
1775237837, 697, 85, 429, 0, 0, 0.54%, 0, 0, 11, 1501.45
1775237842, 697, 127, 429, 0, 0, 0.54%, 0, 0, 11, 1446.04
1775237847, 697, 197, 429, 0, 0, 0.54%, 0, 0, 11, 1541.08
1775237852, 697, 320, 429, 0, 0, 0.54%, 0, 0, 11, 1532.34
1775237857, 697, 385, 429, 0, 0, 0.54%, 0, 0, 11, 1446.99
1775237863, 698, 79, 429, 0, 0, 0.54%, 0, 0, 11, 1502.88
1775237868, 698, 111, 429, 0, 0, 0.54%, 0, 0, 11, 1427.26
1775237873, 698, 201, 429, 0, 0, 0.54%, 0, 0, 11, 1386.65
1775237878, 698, 319, 429, 0, 0, 0.54%, 0, 0, 11, 1439.59
1775237883, 698, 378, 429, 0, 0, 0.54%, 0, 0, 11, 1379.85
1775237888, 698, 423, 429, 0, 0, 0.54%, 0, 0, 11, 1285.11
1775237893, 699, 60, 429, 0, 0, 0.54%, 0, 0, 11, 1437.26
1775237898, 699, 88, 429, 0, 0, 0.54%, 0, 0, 11, 1516.67
1775237903, 699, 160, 429, 0, 0, 0.54%, 0, 0, 11, 1473.11
1775237908, 699, 219, 429, 0, 0, 0.54%, 0, 0, 11, 1429.29
1775237913, 699, 346, 429, 0, 0, 0.54%, 0, 0, 11, 1510.85
1775237919, 699, 403, 429, 0, 0, 0.54%, 0, 0, 11, 1337.58
1775237924, 700, 70, 429, 0, 0, 0.54%, 0, 0, 11, 1622.17
1775237929, 700, 100, 429, 0, 0, 0.54%, 0, 0, 11, 251.97
1775237934, 700, 198, 429, 0, 0, 0.54%, 0, 0, 11, 1588.28
1775237939, 700, 304, 429, 0, 0, 0.54%, 0, 0, 11, 1538.53
1775237944, 700, 411, 429, 0, 0, 0.54%, 0, 0, 11, 1448.38
1775237949, 701, 63, 429, 0, 0, 0.54%, 0, 0, 11, 1490.42
1775237954, 701, 100, 429, 0, 0, 0.54%, 0, 0, 11, 1629.59
1775237959, 701, 196, 429, 0, 0, 0.54%, 0, 0, 11, 1499.77
1775237964, 701, 310, 429, 0, 0, 0.54%, 0, 0, 11, 355.56
1775237970, 701, 385, 429, 0, 0, 0.54%, 0, 0, 11, 1181.10
1775237975, 702, 80, 429, 0, 0, 0.54%, 0, 0, 11, 1470.99
1775237980, 702, 112, 429, 0, 0, 0.54%, 0, 0, 11, 1543.94
1775237985, 702, 173, 429, 0, 0, 0.54%, 0, 0, 11, 1541.35
1775237990, 702, 219, 429, 0, 0, 0.54%, 0, 0, 11, 1411.54
1775237995, 702, 302, 429, 0, 0, 0.54%, 0, 0, 11, 1400.66
1775238000, 702, 375, 429, 0, 0, 0.54%, 0, 0, 11, 1273.62
1775238005, 703, 55, 429, 0, 0, 0.54%, 0, 0, 11, 1343.72
1775238010, 703, 91, 429, 0, 0, 0.54%, 0, 0, 11, 1392.89
1775238015, 703, 147, 429, 0, 0, 0.54%, 0, 0, 11, 1372.49
1775238021, 703, 213, 429, 0, 0, 0.54%, 0, 0, 11, 1471.73
1775238026, 703, 311, 429, 0, 0, 0.54%, 0, 0, 11, 1438.99
1775238031, 703, 371, 429, 0, 0, 0.54%, 0, 0, 11, 1407.39
1775238036, 703, 422, 429, 0, 0, 0.54%, 0, 0, 11, 1376.17
1775238041, 704, 80, 429, 0, 0, 0.54%, 0, 0, 11, 1563.58
1775238046, 704, 147, 429, 0, 0, 0.54%, 0, 0, 11, 1468.56
1775238051, 704, 334, 429, 0, 0, 0.54%, 0, 0, 11, 1360.00
1775238056, 704, 385, 429, 0, 0, 0.54%, 0, 0, 11, 1354.00
1775238061, 705, 63, 429, 0, 0, 0.54%, 0, 0, 11, 1368.25
1775238066, 705, 101, 429, 0, 0, 0.54%, 0, 0, 11, 1435.14
1775238071, 705, 169, 429, 0, 0, 0.54%, 0, 0, 11, 1488.42
1775238076, 705, 283, 429, 0, 0, 0.54%, 0, 0, 11, 1528.84
1775238082, 705, 382, 429, 0, 0, 0.54%, 0, 0, 11, 1359.39
1775238087, 706, 79, 429, 0, 0, 0.54%, 0, 0, 11, 1459.91
1775238092, 706, 114, 429, 0, 0, 0.54%, 0, 0, 11, 1519.05
1775238097, 706, 305, 429, 0, 0, 0.54%, 0, 0, 11, 1439.22
1775238102, 706, 385, 429, 0, 0, 0.54%, 0, 0, 11, 1398.07
1775238107, 707, 80, 429, 0, 0, 0.54%, 0, 0, 11, 1456.16
1775238112, 707, 112, 429, 0, 0, 0.54%, 0, 0, 11, 1507.23
1775238117, 707, 187, 429, 0, 0, 0.54%, 0, 0, 11, 1396.12
1775238122, 707, 227, 429, 0, 0, 0.54%, 0, 0, 11, 1435.84
1775238127, 707, 349, 429, 0, 0, 0.54%, 0, 0, 11, 1494.07
1775238133, 707, 423, 429, 0, 0, 0.54%, 0, 0, 11, 1378.06
1775238138, 708, 41, 429, 0, 0, 0.54%, 0, 0, 11, 1559.42
1775238143, 708, 86, 429, 0, 0, 0.54%, 0, 0, 11, 1469.36
1775238148, 708, 133, 429, 0, 0, 0.54%, 0, 0, 11, 1460.34
1775238153, 708, 259, 429, 0, 0, 0.54%, 0, 0, 11, 1457.47
1775238158, 708, 325, 429, 0, 0, 0.54%, 0, 0, 11, 1425.63
1775238163, 708, 428, 429, 0, 0, 0.54%, 0, 0, 11, 1337.50
1775238168, 709, 26, 429, 0, 0, 0.54%, 0, 0, 11, 1439.13
1775238173, 709, 80, 429, 0, 0, 0.54%, 0, 0, 11, 1476.22
1775238178, 709, 119, 429, 0, 0, 0.54%, 0, 0, 11, 1491.06
1775238184, 709, 288, 429, 0, 0, 0.54%, 0, 0, 11, 1480.63
1775238189, 709, 375, 429, 0, 0, 0.54%, 0, 0, 11, 1382.22
1775238194, 709, 421, 429, 0, 0, 0.54%, 0, 0, 11, 1045.25
1775238199, 710, 78, 429, 0, 0, 0.54%, 0, 0, 11, 1497.13
1775238204, 710, 93, 429, 0, 0, 0.54%, 0, 0, 11, 1401.54
1775238209, 710, 131, 429, 0, 0, 0.54%, 0, 0, 11, 1445.36
1775238214, 710, 186, 429, 0, 0, 0.54%, 0, 0, 11, 1481.45
1775238219, 710, 238, 429, 0, 0, 0.54%, 0, 0, 11, 1461.39
1775238224, 710, 357, 429, 0, 0, 0.54%, 0, 0, 11, 1330.61
1775238229, 711, 40, 429, 0, 0, 0.54%, 0, 0, 11, 1393.84
1775238235, 711, 86, 429, 0, 0, 0.54%, 0, 0, 11, 1446.52
1775238240, 711, 123, 429, 0, 0, 0.54%, 0, 0, 11, 1565.59
1775238245, 711, 168, 429, 0, 0, 0.54%, 0, 0, 11, 1458.58
1775238250, 711, 214, 429, 0, 0, 0.54%, 0, 0, 11, 1430.97
1775238255, 711, 354, 429, 0, 0, 0.54%, 0, 0, 11, 1425.18
1775238260, 712, 33, 429, 0, 0, 0.54%, 0, 0, 11, 1364.57
1775238265, 712, 80, 429, 0, 0, 0.54%, 0, 0, 11, 1537.99
1775238270, 712, 133, 429, 0, 0, 0.54%, 0, 0, 11, 1550.31
1775238276, 712, 196, 429, 0, 0, 0.54%, 0, 0, 11, 620.14
1775238281, 712, 266, 429, 0, 0, 0.54%, 0, 0, 11, 1439.58
1775238286, 712, 325, 429, 0, 0, 0.54%, 0, 0, 11, 1435.73
1775238291, 712, 401, 429, 0, 0, 0.54%, 0, 0, 11, 1225.80
1775238296, 713, 80, 429, 0, 0, 0.54%, 0, 0, 11, 1462.80
1775238301, 713, 158, 429, 0, 0, 0.54%, 0, 0, 11, 1429.33
1775238306, 713, 196, 429, 0, 0, 0.54%, 0, 0, 11, 1415.35
1775238311, 713, 325, 429, 0, 0, 0.54%, 0, 0, 11, 1463.18
1775238316, 713, 361, 429, 0, 0, 0.54%, 0, 0, 11, 1266.49
1775238321, 713, 410, 429, 0, 0, 0.54%, 0, 0, 11, 1100.69
1775238326, 713, 428, 429, 0, 0, 0.54%, 0, 0, 11, 936.91
1775238331, 714, 63, 429, 0, 0, 0.54%, 0, 0, 11, 1452.08
1775238336, 714, 86, 429, 0, 0, 0.54%, 0, 0, 11, 1472.68
1775238341, 714, 122, 429, 0, 0, 0.54%, 0, 0, 11, 1541.33
1775238347, 714, 254, 429, 0, 0, 0.54%, 0, 0, 11, 1470.83
1775238352, 714, 346, 429, 0, 0, 0.54%, 0, 0, 11, 1370.81
1775238357, 714, 385, 429, 0, 0, 0.54%, 0, 0, 11, 1400.47
1775238362, 715, 47, 429, 0, 0, 0.54%, 0, 0, 11, 1310.02
1775238367, 715, 80, 429, 0, 0, 0.54%, 0, 0, 11, 1466.47
1775238372, 715, 150, 429, 0, 0, 0.54%, 0, 0, 11, 1524.89
1775238377, 715, 222, 429, 0, 0, 0.54%, 0, 0, 11, 1503.41
1775238382, 715, 283, 429, 0, 0, 0.54%, 0, 0, 11, 1451.02
1775238387, 715, 358, 429, 0, 0, 0.54%, 0, 0, 11, 1437.11
1775238392, 716, 24, 429, 0, 0, 0.54%, 0, 0, 11, 1350.66
1775238397, 716, 80, 429, 0, 0, 0.54%, 0, 0, 11, 1465.38
1775238402, 716, 131, 429, 0, 0, 0.54%, 0, 0, 11, 1500.03
1775238408, 716, 258, 429, 0, 0, 0.54%, 0, 0, 11, 1418.84
1775238413, 716, 354, 429, 0, 0, 0.54%, 0, 0, 11, 1262.26
1775238418, 716, 407, 429, 0, 0, 0.54%, 0, 0, 11, 1076.21
1775238423, 717, 63, 429, 0, 0, 0.54%, 0, 0, 11, 1235.17
1775238428, 717, 100, 429, 0, 0, 0.54%, 0, 0, 11, 1507.74
1775238433, 717, 145, 429, 0, 0, 0.54%, 0, 0, 11, 1476.21
1775238438, 717, 216, 429, 0, 0, 0.54%, 0, 0, 11, 1527.79
1775238443, 717, 347, 429, 0, 0, 0.54%, 0, 0, 11, 1500.25
1775238448, 718, 22, 429, 0, 0, 0.54%, 0, 0, 11, 1289.28
1775238453, 718, 80, 429, 0, 0, 0.54%, 0, 0, 11, 1482.44
1775238458, 718, 111, 429, 0, 0, 0.54%, 0, 0, 11, 1511.44
1775238464, 718, 213, 429, 0, 0, 0.54%, 0, 0, 11, 1435.87
1775238469, 718, 319, 429, 0, 0, 0.54%, 0, 0, 11, 1446.06
1775238474, 718, 385, 429, 0, 0, 0.54%, 0, 0, 11, 1340.89
1775238479, 719, 63, 429, 0, 0, 0.54%, 0, 0, 11, 1028.81
1775238484, 719, 91, 429, 0, 0, 0.54%, 0, 0, 11, 1406.36
1775238489, 719, 129, 429, 0, 0, 0.54%, 0, 0, 11, 1336.17
1775238494, 719, 244, 429, 0, 0, 0.54%, 0, 0, 11, 1448.78
1775238499, 719, 327, 429, 0, 0, 0.54%, 0, 0, 11, 1389.94
1775238504, 720, 7, 429, 0, 0, 0.54%, 0, 0, 11, 1434.10
1775238509, 720, 80, 429, 0, 0, 0.54%, 0, 0, 11, 1513.91
1775238514, 720, 131, 429, 0, 0, 0.54%, 0, 0, 11, 1469.55
1775238519, 720, 164, 429, 0, 0, 0.54%, 0, 0, 11, 1402.94
1775238525, 720, 192, 429, 0, 0, 0.54%, 0, 0, 11, 1331.82
1775238530, 720, 221, 429, 0, 0, 0.54%, 0, 0, 11, 1365.23
1775238535, 720, 296, 429, 0, 0, 0.54%, 0, 0, 11, 1406.90
1775238540, 720, 371, 429, 0, 0, 0.54%, 0, 0, 11, 1396.35
1775238545, 720, 418, 429, 0, 0, 0.54%, 0, 0, 11, 854.96
1775238550, 721, 71, 429, 0, 0, 0.54%, 0, 0, 11, 1275.35
1775238555, 721, 106, 429, 0, 0, 0.54%, 0, 0, 11, 1470.83
1775238560, 721, 169, 429, 0, 0, 0.54%, 0, 0, 11, 1515.80
1775238565, 721, 276, 429, 0, 0, 0.54%, 0, 0, 11, 1419.12
1775238570, 721, 349, 429, 0, 0, 0.54%, 0, 0, 11, 1345.53
1775238575, 721, 385, 429, 0, 0, 0.54%, 0, 0, 11, 1325.15
1775238580, 722, 79, 429, 0, 0, 0.54%, 0, 0, 11, 1389.98
1775238585, 722, 99, 429, 0, 0, 0.54%, 0, 0, 11, 1373.73
1775238590, 722, 150, 429, 0, 0, 0.54%, 0, 0, 11, 1360.66
1775238595, 722, 267, 429, 0, 0, 0.54%, 0, 0, 11, 1423.07
1775238601, 722, 312, 429, 0, 0, 0.54%, 0, 0, 11, 1379.88
1775238606, 722, 385, 429, 0, 0, 0.54%, 0, 0, 11, 1349.81
1775238611, 723, 27, 429, 0, 0, 0.54%, 0, 0, 11, 1589.88
1775238616, 723, 80, 429, 0, 0, 0.54%, 0, 0, 11, 1509.03
1775238621, 723, 111, 429, 0, 0, 0.54%, 0, 0, 11, 1508.24
1775238626, 723, 238, 429, 0, 0, 0.54%, 0, 0, 11, 1516.31
1775238631, 723, 354, 429, 0, 0, 0.54%, 0, 0, 11, 1362.83
1775238636, 723, 423, 429, 0, 0, 0.54%, 0, 0, 11, 1552.24
1775238641, 724, 79, 429, 0, 0, 0.54%, 0, 0, 11, 1550.67
1775238647, 724, 118, 429, 0, 0, 0.54%, 0, 0, 11, 1221.78
1775238652, 724, 191, 429, 0, 0, 0.54%, 0, 0, 11, 1468.93
1775238657, 724, 323, 429, 0, 0, 0.54%, 0, 0, 11, 1527.08
1775238662, 724, 357, 429, 0, 0, 0.54%, 0, 0, 11, 1400.65
1775238667, 725, 27, 429, 0, 0, 0.54%, 0, 0, 11, 1417.79
1775238672, 725, 81, 429, 0, 0, 0.54%, 0, 0, 11, 1561.40
1775238677, 725, 111, 429, 0, 0, 0.54%, 0, 0, 11, 1488.49
1775238683, 725, 196, 429, 0, 0, 0.54%, 0, 0, 11, 1471.24
1775238688, 725, 354, 429, 0, 0, 0.54%, 0, 0, 11, 1377.20
1775238693, 725, 405, 429, 0, 0, 0.54%, 0, 0, 11, 1207.35
1775238698, 726, 80, 429, 0, 0, 0.54%, 0, 0, 11, 1461.98
1775238703, 726, 115, 429, 0, 0, 0.54%, 0, 0, 11, 1542.63
1775238708, 726, 196, 429, 0, 0, 0.54%, 0, 0, 11, 1472.88
1775238713, 726, 341, 429, 0, 0, 0.54%, 0, 0, 11, 1410.16
1775238718, 726, 397, 429, 0, 0, 0.54%, 0, 0, 11, 1334.93
1775238723, 727, 45, 429, 0, 0, 0.54%, 0, 0, 11, 1600.73
1775238729, 727, 86, 429, 0, 0, 0.54%, 0, 0, 11, 1453.31
1775238734, 727, 147, 429, 0, 0, 0.54%, 0, 0, 11, 1482.84
1775238739, 727, 200, 429, 0, 0, 0.54%, 0, 0, 11, 1518.95
1775238744, 727, 308, 429, 0, 0, 0.54%, 0, 0, 11, 1418.56
1775238749, 727, 357, 429, 0, 0, 0.54%, 0, 0, 11, 1428.62
1775238754, 727, 424, 429, 0, 0, 0.54%, 0, 0, 11, 1289.08
1775238759, 728, 79, 429, 0, 0, 0.54%, 0, 0, 11, 1545.32
1775238764, 728, 114, 429, 0, 0, 0.54%, 0, 0, 11, 1619.63
1775238769, 728, 183, 429, 0, 0, 0.54%, 0, 0, 11, 1443.65
1775238774, 728, 206, 429, 0, 0, 0.54%, 0, 0, 11, 1501.67
1775238779, 728, 325, 429, 0, 0, 0.54%, 0, 0, 11, 1441.60
1775238784, 728, 415, 429, 0, 0, 0.54%, 0, 0, 11, 1237.15
1775238790, 729, 63, 429, 0, 0, 0.54%, 0, 0, 11, 1489.04
1775238795, 729, 86, 429, 0, 0, 0.54%, 0, 0, 11, 1401.71
1775238800, 729, 147, 429, 0, 0, 0.54%, 0, 0, 11, 1473.93
1775238805, 729, 219, 429, 0, 0, 0.54%, 0, 0, 11, 1412.84
1775238810, 729, 325, 429, 0, 0, 0.54%, 0, 0, 11, 1367.40
1775238815, 729, 385, 429, 0, 0, 0.54%, 0, 0, 11, 1372.73
1775238820, 730, 47, 429, 0, 0, 0.54%, 0, 0, 11, 1382.16
1775238825, 730, 86, 429, 0, 0, 0.54%, 0, 0, 11, 1488.41
1775238830, 730, 177, 429, 0, 0, 0.54%, 0, 0, 11, 1511.39
1775238835, 730, 253, 429, 0, 0, 0.54%, 0, 0, 11, 1522.68
1775238840, 730, 325, 429, 0, 0, 0.54%, 0, 0, 11, 1430.78
1775238845, 730, 387, 429, 0, 0, 0.54%, 0, 0, 11, 1380.11
1775238850, 731, 71, 429, 0, 0, 0.54%, 0, 0, 11, 1526.88
1775238855, 731, 98, 429, 0, 0, 0.54%, 0, 0, 11, 1528.03
1775238861, 731, 147, 429, 0, 0, 0.54%, 0, 0, 11, 1563.41
1775238866, 731, 251, 429, 0, 0, 0.54%, 0, 0, 11, 1361.94
1775238871, 731, 349, 429, 0, 0, 0.54%, 0, 0, 11, 1398.18
1775238876, 732, 22, 429, 0, 0, 0.54%, 0, 0, 11, 1400.30
1775238881, 732, 77, 429, 0, 0, 0.54%, 0, 0, 11, 1463.56
1775238886, 732, 111, 429, 0, 0, 0.54%, 0, 0, 11, 1459.57
1775238891, 732, 185, 429, 0, 0, 0.54%, 0, 0, 11, 1531.79
1775238896, 732, 245, 429, 0, 0, 0.54%, 0, 0, 11, 1572.55
1775238901, 732, 349, 429, 0, 0, 0.54%, 0, 0, 11, 1538.72
1775238906, 733, 21, 429, 0, 0, 0.54%, 0, 0, 11, 1312.10
1775238911, 733, 88, 429, 0, 0, 0.54%, 0, 0, 11, 1570.26
1775238917, 733, 122, 429, 0, 0, 0.54%, 0, 0, 11, 1473.32
1775238922, 733, 196, 429, 0, 0, 0.54%, 0, 0, 11, 1504.70
1775238927, 733, 264, 429, 0, 0, 0.54%, 0, 0, 11, 1455.88
1775238932, 733, 326, 429, 0, 0, 0.54%, 0, 0, 11, 1477.83
1775238937, 733, 408, 429, 0, 0, 0.54%, 0, 0, 11, 1415.11
1775238942, 734, 80, 429, 0, 0, 0.54%, 0, 0, 11, 1427.19
1775238947, 734, 111, 429, 0, 0, 0.54%, 0, 0, 11, 1542.54
1775238952, 734, 196, 429, 0, 0, 0.54%, 0, 0, 11, 1523.10
1775238957, 734, 258, 429, 0, 0, 0.54%, 0, 0, 11, 1558.31
1775238962, 734, 354, 429, 0, 0, 0.54%, 0, 0, 11, 1524.09
1775238967, 735, 22, 429, 0, 0, 0.54%, 0, 0, 11, 1373.53
1775238972, 735, 91, 429, 0, 0, 0.54%, 0, 0, 11, 1498.85
1775238977, 735, 188, 429, 0, 0, 0.54%, 0, 0, 11, 1379.84
1775238983, 735, 245, 429, 0, 0, 0.54%, 0, 0, 11, 1399.77
1775238988, 735, 351, 429, 0, 0, 0.54%, 0, 0, 11, 1431.89
1775238993, 735, 389, 429, 0, 0, 0.54%, 0, 0, 11, 1321.13
1775238998, 736, 40, 429, 0, 0, 0.54%, 0, 0, 11, 1390.53
1775239003, 736, 80, 429, 0, 0, 0.54%, 0, 0, 11, 416.03
1775239008, 736, 104, 429, 0, 0, 0.54%, 0, 0, 11, 1112.30
1775239013, 736, 135, 429, 0, 0, 0.54%, 0, 0, 11, 1399.56
1775239018, 736, 196, 429, 0, 0, 0.54%, 0, 0, 11, 1557.90
1775239023, 736, 284, 429, 0, 0, 0.54%, 0, 0, 11, 1501.39
1775239028, 736, 347, 429, 0, 0, 0.54%, 0, 0, 11, 1420.00
1775239033, 736, 402, 429, 0, 0, 0.54%, 0, 0, 11, 1226.17
1775239038, 737, 22, 429, 0, 0, 0.54%, 0, 0, 11, 1271.51
1775239043, 737, 80, 429, 0, 0, 0.54%, 0, 0, 11, 1435.95
1775239048, 737, 145, 429, 0, 0, 0.54%, 0, 0, 11, 1394.10
1775239054, 737, 263, 429, 0, 0, 0.54%, 0, 0, 11, 1437.40
1775239059, 737, 349, 429, 0, 0, 0.54%, 0, 0, 11, 1464.51
1775239064, 737, 417, 429, 0, 0, 0.54%, 0, 0, 11, 1227.77
1775239069, 738, 20, 429, 0, 0, 0.54%, 0, 0, 11, 1422.77
1775239074, 738, 80, 429, 0, 0, 0.54%, 0, 0, 11, 1506.88
1775239079, 738, 111, 429, 0, 0, 0.54%, 0, 0, 11, 1413.26
1775239084, 738, 189, 429, 0, 0, 0.54%, 0, 0, 11, 1474.43
1775239089, 738, 287, 429, 0, 0, 0.54%, 0, 0, 11, 1425.04
1775239094, 738, 423, 429, 0, 0, 0.54%, 0, 0, 11, 1353.17
1775239099, 739, 31, 429, 0, 0, 0.54%, 0, 0, 11, 738.22
1775239105, 739, 80, 429, 0, 0, 0.54%, 0, 0, 11, 1340.41
1775239110, 739, 100, 429, 0, 0, 0.54%, 0, 0, 11, 1382.77
1775239115, 739, 153, 429, 0, 0, 0.54%, 0, 0, 11, 1376.52
1775239120, 739, 256, 429, 0, 0, 0.54%, 0, 0, 11, 1372.56
1775239125, 739, 349, 429, 0, 0, 0.54%, 0, 0, 11, 1366.85
1775239130, 740, 36, 429, 0, 0, 0.54%, 0, 0, 11, 1378.61
1775239135, 740, 97, 429, 0, 0, 0.54%, 0, 0, 11, 1474.27
1775239140, 740, 199, 429, 0, 0, 0.54%, 0, 0, 11, 1480.70
1775239146, 740, 371, 429, 0, 0, 0.54%, 0, 0, 11, 1386.25
1775239151, 740, 424, 429, 0, 0, 0.54%, 0, 0, 11, 1373.66
1775239156, 741, 69, 429, 0, 0, 0.54%, 0, 0, 11, 1524.31
1775239161, 741, 99, 429, 0, 0, 0.54%, 0, 0, 11, 1518.85
1775239166, 741, 196, 429, 0, 0, 0.54%, 0, 0, 11, 1474.57
1775239171, 741, 273, 429, 0, 0, 0.54%, 0, 0, 11, 1372.20
1775239176, 741, 349, 429, 0, 0, 0.54%, 0, 0, 11, 1474.99
1775239181, 741, 428, 429, 0, 0, 0.54%, 0, 0, 11, 1254.99
1775239186, 742, 79, 429, 0, 0, 0.54%, 0, 0, 11, 1430.19
1775239191, 742, 111, 429, 0, 0, 0.54%, 0, 0, 11, 1540.72
1775239196, 742, 186, 429, 0, 0, 0.54%, 0, 0, 11, 1474.09
1775239201, 742, 349, 429, 0, 0, 0.54%, 0, 0, 11, 1495.26
1775239206, 743, 4, 429, 0, 0, 0.54%, 0, 0, 11, 1399.14
1775239211, 743, 79, 429, 0, 0, 0.54%, 0, 0, 11, 1588.33
1775239216, 743, 111, 429, 0, 0, 0.54%, 0, 0, 11, 1448.27
1775239222, 743, 147, 429, 0, 0, 0.54%, 0, 0, 11, 1407.08
1775239227, 743, 231, 429, 0, 0, 0.54%, 0, 0, 11, 1499.56
1775239232, 743, 325, 429, 0, 0, 0.54%, 0, 0, 11, 1478.63
1775239237, 743, 361, 429, 0, 0, 0.54%, 0, 0, 11, 1382.94
1775239242, 744, 27, 429, 0, 0, 0.54%, 0, 0, 11, 1361.90
1775239247, 744, 72, 429, 0, 0, 0.54%, 0, 0, 11, 1490.06
1775239252, 744, 100, 429, 0, 0, 0.54%, 0, 0, 11, 327.23
1775239257, 744, 165, 429, 0, 0, 0.54%, 0, 0, 11, 1213.87
1775239262, 744, 254, 429, 0, 0, 0.54%, 0, 0, 11, 1379.75
1775239267, 744, 325, 429, 0, 0, 0.54%, 0, 0, 11, 1471.47
1775239272, 744, 385, 429, 0, 0, 0.54%, 0, 0, 11, 1438.24
1775239277, 745, 63, 429, 0, 0, 0.54%, 0, 0, 11, 1312.62
1775239282, 745, 86, 429, 0, 0, 0.54%, 0, 0, 11, 1402.97
1775239287, 745, 147, 429, 0, 0, 0.54%, 0, 0, 11, 1441.85
1775239292, 745, 325, 429, 0, 0, 0.54%, 0, 0, 11, 1495.75
1775239298, 745, 385, 429, 0, 0, 0.54%, 0, 0, 11, 1430.37
1775239303, 746, 23, 429, 0, 0, 0.54%, 0, 0, 11, 1422.42
1775239308, 746, 79, 429, 0, 0, 0.54%, 0, 0, 11, 1467.03
1775239313, 746, 111, 429, 0, 0, 0.54%, 0, 0, 11, 1454.12
1775239318, 746, 180, 429, 0, 0, 0.54%, 0, 0, 11, 1424.81
1775239323, 746, 227, 429, 0, 0, 0.54%, 0, 0, 11, 1498.81
1775239328, 746, 349, 429, 0, 0, 0.54%, 0, 0, 11, 1556.25
1775239333, 746, 402, 429, 0, 0, 0.54%, 0, 0, 11, 1212.15
1775239338, 747, 79, 429, 0, 0, 0.54%, 0, 0, 11, 1503.45
1775239343, 747, 135, 429, 0, 0, 0.54%, 0, 0, 11, 1475.63
1775239348, 747, 267, 429, 0, 0, 0.54%, 0, 0, 11, 1508.79
1775239353, 747, 345, 429, 0, 0, 0.54%, 0, 0, 11, 1398.79
1775239358, 747, 385, 429, 0, 0, 0.54%, 0, 0, 11, 1393.72
1775239364, 748, 63, 429, 0, 0, 0.54%, 0, 0, 11, 1467.70
1775239369, 748, 91, 429, 0, 0, 0.54%, 0, 0, 11, 1559.77
1775239374, 748, 147, 429, 0, 0, 0.54%, 0, 0, 11, 1509.76
1775239379, 748, 305, 429, 0, 0, 0.54%, 0, 0, 11, 1459.20
1775239384, 748, 371, 429, 0, 0, 0.54%, 0, 0, 11, 1293.23
1775239389, 749, 60, 429, 0, 0, 0.54%, 0, 0, 11, 1485.74
1775239394, 749, 91, 429, 0, 0, 0.54%, 0, 0, 11, 1567.80
1775239399, 749, 147, 429, 0, 0, 0.54%, 0, 0, 11, 1564.98
1775239404, 749, 218, 429, 0, 0, 0.54%, 0, 0, 11, 1534.18
1775239409, 749, 354, 429, 0, 0, 0.54%, 0, 0, 11, 1575.34
1775239414, 750, 22, 429, 0, 0, 0.54%, 0, 0, 11, 1458.33
1775239419, 750, 86, 429, 0, 0, 0.54%, 0, 0, 11, 1549.33
1775239425, 750, 128, 429, 0, 0, 0.54%, 0, 0, 11, 1498.20
1775239430, 750, 191, 429, 0, 0, 0.54%, 0, 0, 11, 1591.93
1775239435, 750, 248, 429, 0, 0, 0.54%, 0, 0, 11, 1496.62
1775239440, 750, 325, 429, 0, 0, 0.54%, 0, 0, 11, 1539.41
1775239445, 750, 385, 429, 0, 0, 0.54%, 0, 0, 11, 1355.75
1775239450, 751, 48, 429, 0, 0, 0.54%, 0, 0, 11, 1408.79
1775239455, 751, 97, 429, 0, 0, 0.54%, 0, 0, 11, 1373.80
1775239460, 751, 173, 429, 0, 0, 0.54%, 0, 0, 11, 1448.54
1775239465, 751, 224, 429, 0, 0, 0.54%, 0, 0, 11, 1528.30
1775239471, 751, 308, 429, 0, 0, 0.54%, 0, 0, 11, 1455.86
1775239476, 751, 361, 429, 0, 0, 0.54%, 0, 0, 11, 1319.90
1775239481, 752, 44, 429, 0, 0, 0.54%, 0, 0, 11, 1392.06
1775239486, 752, 95, 429, 0, 0, 0.54%, 0, 0, 11, 1460.36
1775239491, 752, 169, 429, 0, 0, 0.54%, 0, 0, 11, 1462.57
1775239496, 752, 214, 429, 0, 0, 0.54%, 0, 0, 11, 1500.94
1775239502, 752, 306, 429, 0, 0, 0.54%, 0, 0, 11, 1512.76
1775239507, 752, 357, 429, 0, 0, 0.54%, 0, 0, 11, 1388.75
1775239512, 753, 13, 429, 0, 0, 0.54%, 0, 0, 11, 1273.44
1775239517, 753, 68, 429, 0, 0, 0.54%, 0, 0, 11, 1417.76
1775239522, 753, 100, 429, 0, 0, 0.54%, 0, 0, 11, 1415.12
1775239527, 753, 187, 429, 0, 0, 0.54%, 0, 0, 11, 1506.97
1775239532, 753, 236, 429, 0, 0, 0.54%, 0, 0, 11, 1475.48
1775239537, 753, 354, 429, 0, 0, 0.54%, 0, 0, 11, 1498.16
1775239542, 754, 36, 429, 0, 0, 0.54%, 0, 0, 11, 1297.82
1775239547, 754, 80, 429, 0, 0, 0.54%, 0, 0, 11, 1512.93
1775239552, 754, 150, 429, 0, 0, 0.54%, 0, 0, 11, 1489.70
1775239558, 754, 196, 429, 0, 0, 0.54%, 0, 0, 11, 1477.39
1775239563, 754, 326, 429, 0, 0, 0.54%, 0, 0, 11, 1526.20
1775239568, 754, 385, 429, 0, 0, 0.54%, 0, 0, 11, 1411.86
1775239573, 755, 79, 429, 0, 0, 0.54%, 0, 0, 11, 1420.00
1775239578, 755, 123, 429, 0, 0, 0.54%, 0, 0, 11, 1403.64
1775239583, 755, 285, 429, 0, 0, 0.54%, 0, 0, 11, 1325.99
1775239588, 755, 385, 429, 0, 0, 0.54%, 0, 0, 11, 1346.91
1775239593, 756, 19, 429, 0, 0, 0.54%, 0, 0, 11, 1271.55
1775239599, 756, 80, 429, 0, 0, 0.54%, 0, 0, 11, 1494.47
1775239604, 756, 126, 429, 0, 0, 0.54%, 0, 0, 11, 1512.94
1775239609, 756, 192, 429, 0, 0, 0.54%, 0, 0, 11, 1521.91
1775239614, 756, 351, 429, 0, 0, 0.54%, 0, 0, 11, 1460.92
1775239619, 757, 27, 429, 0, 0, 0.54%, 0, 0, 11, 1412.84
1775239624, 757, 72, 429, 0, 0, 0.54%, 0, 0, 11, 1548.72
1775239629, 757, 100, 429, 0, 0, 0.54%, 0, 0, 11, 1496.46
1775239634, 757, 147, 429, 0, 0, 0.54%, 0, 0, 11, 1515.88
1775239639, 757, 227, 429, 0, 0, 0.54%, 0, 0, 11, 1576.99
1775239644, 757, 272, 429, 0, 0, 0.54%, 0, 0, 11, 1448.25
1775239649, 757, 311, 429, 0, 0, 0.54%, 0, 0, 11, 1413.02
1775239655, 757, 371, 429, 0, 0, 0.54%, 0, 0, 11, 1414.64
1775239660, 758, 63, 429, 0, 0, 0.54%, 0, 0, 11, 1702.24
1775239665, 758, 99, 429, 0, 0, 0.54%, 0, 0, 11, 1659.25
1775239670, 758, 196, 429, 0, 0, 0.54%, 0, 0, 11, 1584.46
1775239675, 758, 319, 429, 0, 0, 0.54%, 0, 0, 11, 1530.18
1775239680, 758, 385, 429, 0, 0, 0.54%, 0, 0, 11, 1408.74
1775239685, 759, 79, 429, 0, 0, 0.54%, 0, 0, 11, 1373.87
1775239690, 759, 100, 429, 0, 0, 0.54%, 0, 0, 11, 1428.84
1775239695, 759, 172, 429, 0, 0, 0.54%, 0, 0, 11, 1418.74
1775239700, 759, 240, 429, 0, 0, 0.54%, 0, 0, 11, 1078.00
1775239705, 759, 323, 429, 0, 0, 0.54%, 0, 0, 11, 1449.69
1775239710, 759, 385, 429, 0, 0, 0.54%, 0, 0, 11, 1431.59
1775239716, 760, 21, 429, 0, 0, 0.54%, 0, 0, 11, 1405.02
1775239721, 760, 86, 429, 0, 0, 0.54%, 0, 0, 11, 1449.34
1775239726, 760, 197, 429, 0, 0, 0.54%, 0, 0, 11, 1438.11
1775239731, 760, 357, 429, 0, 0, 0.54%, 0, 0, 11, 1401.42
1775239736, 761, 29, 429, 0, 0, 0.54%, 0, 0, 11, 1484.57
1775239741, 761, 67, 429, 0, 0, 0.54%, 0, 0, 11, 1532.43
1775239746, 761, 111, 429, 0, 0, 0.54%, 0, 0, 11, 1577.75
1775239752, 761, 249, 429, 0, 0, 0.54%, 0, 0, 11, 1506.88
1775239757, 761, 340, 429, 0, 0, 0.54%, 0, 0, 11, 1433.88
1775239762, 761, 385, 429, 0, 0, 0.54%, 0, 0, 11, 1337.48
1775239767, 762, 19, 429, 0, 0, 0.54%, 0, 0, 11, 1688.12
1775239772, 762, 80, 429, 0, 0, 0.54%, 0, 0, 11, 1593.91
1775239777, 762, 147, 429, 0, 0, 0.54%, 0, 0, 11, 1437.32
1775239782, 762, 288, 429, 0, 0, 0.54%, 0, 0, 11, 1504.21
1775239787, 762, 357, 429, 0, 0, 0.54%, 0, 0, 11, 1484.15
1775239792, 763, 4, 429, 0, 0, 0.54%, 0, 0, 11, 1307.66
1775239797, 763, 61, 429, 0, 0, 0.54%, 0, 0, 11, 1520.41
1775239802, 763, 100, 429, 0, 0, 0.54%, 0, 0, 11, 1582.03
1775239808, 763, 147, 429, 0, 0, 0.54%, 0, 0, 11, 1251.02
1775239813, 763, 245, 429, 0, 0, 0.54%, 0, 0, 11, 1473.77
1775239818, 763, 325, 429, 0, 0, 0.54%, 0, 0, 11, 1319.97
1775239823, 763, 385, 429, 0, 0, 0.54%, 0, 0, 11, 1327.30
1775239828, 764, 25, 429, 0, 0, 0.54%, 0, 0, 11, 1340.55
1775239833, 764, 67, 429, 0, 0, 0.54%, 0, 0, 11, 1524.62
1775239838, 764, 85, 429, 0, 0, 0.54%, 0, 0, 11, 1457.11
1775239843, 764, 123, 429, 0, 0, 0.54%, 0, 0, 11, 1469.61
1775239848, 764, 227, 429, 0, 0, 0.54%, 0, 0, 11, 1485.75
1775239853, 764, 304, 429, 0, 0, 0.54%, 0, 0, 11, 1261.09
1775239858, 764, 371, 429, 0, 0, 0.54%, 0, 0, 11, 1274.86
1775239863, 765, 27, 429, 0, 0, 0.54%, 0, 0, 11, 1273.00
1775239868, 765, 63, 429, 0, 0, 0.54%, 0, 0, 11, 1428.10
1775239874, 765, 91, 429, 0, 0, 0.54%, 0, 0, 11, 1409.31
1775239879, 765, 147, 429, 0, 0, 0.54%, 0, 0, 11, 1413.34
1775239884, 765, 279, 429, 0, 0, 0.54%, 0, 0, 11, 1453.29
1775239889, 765, 354, 429, 0, 0, 0.54%, 0, 0, 11, 1324.31
1775239894, 766, 79, 429, 0, 0, 0.54%, 0, 0, 11, 1637.58
1775239899, 766, 100, 429, 0, 0, 0.54%, 0, 0, 11, 1487.44
1775239904, 766, 160, 429, 0, 0, 0.54%, 0, 0, 11, 1537.03
1775239909, 766, 220, 429, 0, 0, 0.54%, 0, 0, 11, 1424.40
1775239914, 766, 346, 429, 0, 0, 0.54%, 0, 0, 11, 1418.85
1775239919, 766, 385, 429, 0, 0, 0.54%, 0, 0, 11, 1393.70
1775239924, 766, 423, 429, 0, 0, 0.54%, 0, 0, 11, 1304.96
1775239930, 767, 59, 429, 0, 0, 0.54%, 0, 0, 11, 1487.11
1775239935, 767, 91, 429, 0, 0, 0.54%, 0, 0, 11, 1546.97
1775239940, 767, 146, 429, 0, 0, 0.54%, 0, 0, 11, 1468.56
1775239945, 767, 277, 429, 0, 0, 0.54%, 0, 0, 11, 1465.25
1775239950, 767, 385, 429, 0, 0, 0.54%, 0, 0, 11, 1377.25
1775239955, 768, 41, 429, 0, 0, 0.54%, 0, 0, 11, 1443.02
1775239960, 768, 79, 429, 0, 0, 0.54%, 0, 0, 11, 1464.07
1775239966, 768, 115, 429, 0, 0, 0.54%, 0, 0, 11, 1447.28
1775239971, 768, 159, 429, 0, 0, 0.54%, 0, 0, 11, 1653.84
1775239976, 768, 305, 429, 0, 0, 0.54%, 0, 0, 11, 1414.43
1775239981, 768, 357, 429, 0, 0, 0.54%, 0, 0, 11, 1449.50
1775239986, 769, 47, 429, 0, 0, 0.54%, 0, 0, 11, 1207.95
1775239991, 769, 100, 429, 0, 0, 0.54%, 0, 0, 11, 1423.56
1775239996, 769, 147, 429, 0, 0, 0.54%, 0, 0, 11, 1396.49
1775240001, 769, 184, 429, 0, 0, 0.54%, 0, 0, 11, 1617.80
1775240006, 769, 290, 429, 0, 0, 0.54%, 0, 0, 11, 1403.77
1775240012, 769, 349, 429, 0, 0, 0.54%, 0, 0, 11, 1398.03
1775240017, 770, 36, 429, 0, 0, 0.54%, 0, 0, 11, 1271.65
1775240022, 770, 80, 429, 0, 0, 0.54%, 0, 0, 11, 1487.85
1775240027, 770, 117, 429, 0, 0, 0.54%, 0, 0, 11, 1508.75
1775240032, 770, 147, 429, 0, 0, 0.54%, 0, 0, 11, 1482.99
1775240037, 770, 229, 429, 0, 0, 0.54%, 0, 0, 11, 1467.05
1775240042, 770, 325, 429, 0, 0, 0.54%, 0, 0, 11, 1468.37
1775240047, 770, 371, 429, 0, 0, 0.54%, 0, 0, 11, 1374.90
1775240052, 771, 63, 429, 0, 0, 0.54%, 0, 0, 11, 1480.85
1775240057, 771, 91, 429, 0, 0, 0.54%, 0, 0, 11, 1499.26
1775240062, 771, 147, 429, 0, 0, 0.54%, 0, 0, 11, 1830.00
1775240068, 771, 183, 429, 0, 0, 0.54%, 0, 0, 11, 1442.93
1775240073, 771, 236, 429, 0, 0, 0.54%, 0, 0, 11, 1425.05
1775240078, 771, 316, 429, 0, 0, 0.54%, 0, 0, 11, 1413.47
1775240083, 772, 2, 429, 0, 0, 0.54%, 0, 0, 11, 1401.19
1775240088, 772, 57, 429, 0, 0, 0.54%, 0, 0, 11, 1443.16
1775240093, 772, 87, 429, 0, 0, 0.54%, 0, 0, 11, 1369.34
1775240098, 772, 101, 429, 0, 0, 0.54%, 0, 0, 11, 1513.19
1775240103, 772, 163, 429, 0, 0, 0.54%, 0, 0, 11, 1430.54
1775240108, 772, 289, 429, 0, 0, 0.54%, 0, 0, 11, 1503.76
1775240113, 772, 354, 429, 0, 0, 0.54%, 0, 0, 11, 1397.06
1775240118, 773, 63, 429, 0, 0, 0.54%, 0, 0, 11, 1539.45
1775240123, 773, 97, 429, 0, 0, 0.54%, 0, 0, 11, 1514.42
1775240128, 773, 138, 429, 0, 0, 0.54%, 0, 0, 11, 1548.12
1775240133, 773, 268, 429, 0, 0, 0.54%, 0, 0, 11, 1326.38
1775240139, 773, 357, 429, 0, 0, 0.54%, 0, 0, 11, 1389.83
1775240144, 774, 63, 429, 0, 0, 0.54%, 0, 0, 11, 1485.65
1775240149, 774, 91, 429, 0, 0, 0.54%, 0, 0, 11, 1470.52
1775240154, 774, 196, 429, 0, 0, 0.54%, 0, 0, 11, 1314.82
1775240159, 774, 349, 429, 0, 0, 0.54%, 0, 0, 11, 1345.27
1775240164, 774, 387, 429, 0, 0, 0.54%, 0, 0, 11, 1204.58
1775240169, 775, 63, 429, 0, 0, 0.54%, 0, 0, 11, 1365.37
1775240174, 775, 100, 429, 0, 0, 0.54%, 0, 0, 11, 1464.24
1775240179, 775, 144, 429, 0, 0, 0.54%, 0, 0, 11, 1495.61
1775240184, 775, 205, 429, 0, 0, 0.54%, 0, 0, 11, 1484.63
1775240189, 775, 354, 429, 0, 0, 0.54%, 0, 0, 11, 1422.76
1775240194, 776, 6, 429, 0, 0, 0.54%, 0, 0, 11, 1266.53
1775240199, 776, 82, 429, 0, 0, 0.54%, 0, 0, 11, 1456.43
1775240204, 776, 130, 429, 0, 0, 0.54%, 0, 0, 11, 1443.05
1775240209, 776, 294, 429, 0, 0, 0.54%, 0, 0, 11, 1436.05
1775240215, 776, 362, 429, 0, 0, 0.54%, 0, 0, 11, 1430.37
1775240220, 777, 22, 429, 0, 0, 0.54%, 0, 0, 11, 1245.41
1775240225, 777, 80, 429, 0, 0, 0.54%, 0, 0, 11, 1418.57
1775240230, 777, 186, 429, 0, 0, 0.54%, 0, 0, 11, 1544.79
1775240235, 777, 199, 429, 0, 0, 0.54%, 0, 0, 11, 1492.18
1775240240, 777, 242, 429, 0, 0, 0.54%, 0, 0, 11, 1399.79
1775240245, 777, 335, 429, 0, 0, 0.54%, 0, 0, 11, 1267.19
1775240250, 777, 390, 429, 0, 0, 0.54%, 0, 0, 11, 1264.95
1775240255, 778, 63, 429, 0, 0, 0.54%, 0, 0, 11, 1343.78
1775240260, 778, 100, 429, 0, 0, 0.54%, 0, 0, 11, 1535.99
1775240265, 778, 232, 429, 0, 0, 0.54%, 0, 0, 11, 1498.93
1775240270, 778, 354, 429, 0, 0, 0.54%, 0, 0, 11, 1464.55
1775240276, 778, 403, 429, 0, 0, 0.54%, 0, 0, 11, 1212.60
1775240281, 779, 80, 429, 0, 0, 0.54%, 0, 0, 11, 1397.44
1775240286, 779, 147, 429, 0, 0, 0.54%, 0, 0, 11, 1418.11
1775240291, 779, 248, 429, 0, 0, 0.54%, 0, 0, 11, 1761.08
1775240296, 779, 311, 429, 0, 0, 0.54%, 0, 0, 11, 1502.23
1775240301, 779, 362, 429, 0, 0, 0.54%, 0, 0, 11, 1412.20
1775240306, 780, 23, 429, 0, 0, 0.54%, 0, 0, 11, 1514.73
1775240311, 780, 63, 429, 0, 0, 0.54%, 0, 0, 11, 1537.55
1775240316, 780, 111, 429, 0, 0, 0.54%, 0, 0, 11, 1522.70
1775240322, 780, 277, 429, 0, 0, 0.54%, 0, 0, 11, 1421.77
1775240327, 780, 354, 429, 0, 0, 0.54%, 0, 0, 11, 1436.90
1775240332, 781, 31, 429, 0, 0, 0.54%, 0, 0, 11, 1424.43
1775240337, 781, 79, 429, 0, 0, 0.54%, 0, 0, 11, 1519.30
1775240342, 781, 105, 429, 0, 0, 0.54%, 0, 0, 11, 1440.12
1775240347, 781, 147, 429, 0, 0, 0.54%, 0, 0, 11, 1754.63
1775240352, 781, 196, 429, 0, 0, 0.54%, 0, 0, 11, 1486.30
1775240357, 781, 306, 429, 0, 0, 0.54%, 0, 0, 11, 1437.27
1775240362, 781, 385, 429, 0, 0, 0.54%, 0, 0, 11, 1378.78
1775240367, 782, 67, 429, 0, 0, 0.54%, 0, 0, 11, 1494.23
1775240372, 782, 100, 429, 0, 0, 0.54%, 0, 0, 11, 1556.38
1775240378, 782, 180, 429, 0, 0, 0.54%, 0, 0, 11, 1508.68
1775240383, 782, 242, 429, 0, 0, 0.54%, 0, 0, 11, 1455.10
1775240388, 782, 349, 429, 0, 0, 0.54%, 0, 0, 11, 1430.55
1775240393, 782, 403, 429, 0, 0, 0.54%, 0, 0, 11, 1128.41
1775240398, 783, 60, 429, 0, 0, 0.54%, 0, 0, 11, 1315.97
1775240403, 783, 80, 429, 0, 0, 0.54%, 0, 0, 11, 1413.71
1775240408, 783, 145, 429, 0, 0, 0.54%, 0, 0, 11, 1448.81
1775240413, 783, 196, 429, 0, 0, 0.54%, 0, 0, 11, 1360.49
1775240419, 783, 309, 429, 0, 0, 0.54%, 0, 0, 11, 1505.24
1775240424, 783, 382, 429, 0, 0, 0.54%, 0, 0, 11, 1415.17
1775240429, 784, 55, 429, 0, 0, 0.54%, 0, 0, 11, 1382.15
1775240434, 784, 86, 429, 0, 0, 0.54%, 0, 0, 11, 1480.51
1775240439, 784, 121, 429, 0, 0, 0.54%, 0, 0, 11, 1440.28
1775240444, 784, 193, 429, 0, 0, 0.54%, 0, 0, 11, 1483.33
1775240449, 784, 216, 429, 0, 0, 0.54%, 0, 0, 11, 1365.89
1775240454, 784, 267, 429, 0, 0, 0.54%, 0, 0, 11, 1332.25
1775240460, 784, 354, 429, 0, 0, 0.54%, 0, 0, 11, 1430.12
1775240465, 784, 424, 429, 0, 0, 0.54%, 0, 0, 11, 1411.19
1775240470, 785, 79, 429, 0, 0, 0.54%, 0, 0, 11, 1434.81
1775240475, 785, 111, 429, 0, 0, 0.54%, 0, 0, 11, 1481.43
1775240480, 785, 184, 429, 0, 0, 0.54%, 0, 0, 11, 1454.54
1775240485, 785, 249, 429, 0, 0, 0.54%, 0, 0, 11, 1351.17
1775240490, 785, 325, 429, 0, 0, 0.54%, 0, 0, 11, 1380.10
1775240495, 785, 399, 429, 0, 0, 0.54%, 0, 0, 11, 1266.37
1775240500, 786, 46, 429, 0, 0, 0.54%, 0, 0, 11, 1510.02
1775240505, 786, 91, 429, 0, 0, 0.54%, 0, 0, 11, 1422.95
1775240510, 786, 196, 429, 0, 0, 0.54%, 0, 0, 11, 1505.64
1775240515, 786, 336, 429, 0, 0, 0.54%, 0, 0, 11, 1477.43
1775240520, 786, 402, 429, 0, 0, 0.54%, 0, 0, 11, 1272.02
1775240526, 787, 41, 429, 0, 0, 0.54%, 0, 0, 11, 1484.06
1775240531, 787, 79, 429, 0, 0, 0.54%, 0, 0, 11, 1467.54
1775240536, 787, 111, 429, 0, 0, 0.54%, 0, 0, 11, 1415.77
1775240541, 787, 147, 429, 0, 0, 0.54%, 0, 0, 11, 1470.50
1775240546, 787, 204, 429, 0, 0, 0.54%, 0, 0, 11, 1524.84
1775240551, 787, 326, 429, 0, 0, 0.54%, 0, 0, 11, 1587.44
1775240556, 787, 367, 429, 0, 0, 0.54%, 0, 0, 11, 1324.07
1775240561, 788, 30, 429, 0, 0, 0.54%, 0, 0, 11, 1362.08
1775240566, 788, 86, 429, 0, 0, 0.54%, 0, 0, 11, 1565.71
1775240572, 788, 192, 429, 0, 0, 0.54%, 0, 0, 11, 1454.47
1775240577, 788, 349, 429, 0, 0, 0.54%, 0, 0, 11, 1529.41
1775240582, 789, 7, 429, 0, 0, 0.54%, 0, 0, 11, 1282.75
1775240587, 789, 80, 429, 0, 0, 0.54%, 0, 0, 11, 1469.34
1775240592, 789, 123, 429, 0, 0, 0.54%, 0, 0, 11, 1456.68
1775240597, 789, 183, 429, 0, 0, 0.54%, 0, 0, 11, 1546.54
1775240602, 789, 287, 429, 0, 0, 0.54%, 0, 0, 11, 1533.99
1775240607, 789, 371, 429, 0, 0, 0.54%, 0, 0, 11, 1456.63
1775240613, 790, 19, 429, 0, 0, 0.54%, 0, 0, 11, 1205.03
1775240618, 790, 79, 429, 0, 0, 0.54%, 0, 0, 11, 1473.30
1775240623, 790, 111, 429, 0, 0, 0.54%, 0, 0, 11, 1411.17
1775240628, 790, 196, 429, 0, 0, 0.54%, 0, 0, 11, 1473.12
1775240633, 790, 303, 429, 0, 0, 0.54%, 0, 0, 11, 1521.08
1775240638, 790, 385, 429, 0, 0, 0.54%, 0, 0, 11, 1520.06
1775240643, 791, 73, 429, 0, 0, 0.54%, 0, 0, 11, 1500.23
1775240648, 791, 100, 429, 0, 0, 0.54%, 0, 0, 11, 1421.79
1775240653, 791, 196, 429, 0, 0, 0.54%, 0, 0, 11, 1418.03
1775240658, 791, 243, 429, 0, 0, 0.54%, 0, 0, 11, 1425.39
1775240664, 791, 289, 429, 0, 0, 0.54%, 0, 0, 11, 1053.39
1775240669, 791, 357, 429, 0, 0, 0.54%, 0, 0, 11, 1320.35
1775240674, 792, 63, 429, 0, 0, 0.54%, 0, 0, 11, 1402.29
1775240679, 792, 86, 429, 0, 0, 0.54%, 0, 0, 11, 1473.09
1775240684, 792, 128, 429, 0, 0, 0.54%, 0, 0, 11, 1454.70
1775240689, 792, 267, 429, 0, 0, 0.54%, 0, 0, 11, 1433.89
1775240694, 792, 349, 429, 0, 0, 0.54%, 0, 0, 11, 1427.09
1775240699, 793, 36, 429, 0, 0, 0.54%, 0, 0, 11, 1474.18
1775240704, 793, 84, 429, 0, 0, 0.54%, 0, 0, 11, 1362.38
1775240710, 793, 134, 429, 0, 0, 0.54%, 0, 0, 11, 1560.01
1775240715, 793, 179, 429, 0, 0, 0.54%, 0, 0, 11, 1578.80
1775240720, 793, 295, 429, 0, 0, 0.54%, 0, 0, 11, 1421.29
1775240725, 793, 358, 429, 0, 0, 0.54%, 0, 0, 11, 1405.32
1775240730, 794, 31, 429, 0, 0, 0.54%, 0, 0, 11, 1434.08
1775240735, 794, 80, 429, 0, 0, 0.54%, 0, 0, 11, 1500.78
1775240740, 794, 100, 429, 0, 0, 0.54%, 0, 0, 11, 1508.46
1775240745, 794, 196, 429, 0, 0, 0.54%, 0, 0, 11, 1549.55
1775240751, 794, 349, 429, 0, 0, 0.54%, 0, 0, 11, 1451.60
1775240756, 795, 28, 429, 0, 0, 0.54%, 0, 0, 11, 1757.46
1775240761, 795, 79, 429, 0, 0, 0.54%, 0, 0, 11, 1563.39
1775240766, 795, 130, 429, 0, 0, 0.54%, 0, 0, 11, 1477.34
1775240771, 795, 181, 429, 0, 0, 0.54%, 0, 0, 11, 1509.75
1775240776, 795, 341, 429, 0, 0, 0.54%, 0, 0, 11, 1445.59
1775240781, 795, 394, 429, 0, 0, 0.54%, 0, 0, 11, 1251.33
1775240786, 795, 422, 429, 0, 0, 0.54%, 0, 0, 11, 1349.50
1775240791, 796, 63, 429, 0, 0, 0.54%, 0, 0, 11, 1534.77
1775240796, 796, 100, 429, 0, 0, 0.54%, 0, 0, 11, 1473.26
1775240801, 796, 184, 429, 0, 0, 0.54%, 0, 0, 11, 1339.41
1775240806, 796, 202, 429, 0, 0, 0.54%, 0, 0, 11, 1142.14
1775240811, 796, 277, 429, 0, 0, 0.54%, 0, 0, 11, 1414.47
1775240816, 796, 349, 429, 0, 0, 0.54%, 0, 0, 11, 1500.78
1775240822, 796, 403, 429, 0, 0, 0.54%, 0, 0, 11, 1292.48
1775240827, 797, 47, 429, 0, 0, 0.54%, 0, 0, 11, 1453.47
1775240832, 797, 79, 429, 0, 0, 0.54%, 0, 0, 11, 1593.07
1775240837, 797, 100, 429, 0, 0, 0.54%, 0, 0, 11, 1560.35
1775240842, 797, 150, 429, 0, 0, 0.54%, 0, 0, 11, 1454.05
1775240847, 797, 274, 429, 0, 0, 0.54%, 0, 0, 11, 1572.56
1775240852, 797, 335, 429, 0, 0, 0.54%, 0, 0, 11, 1385.90
1775240857, 797, 403, 429, 0, 0, 0.54%, 0, 0, 11, 1264.81
1775240862, 798, 79, 429, 0, 0, 0.54%, 0, 0, 11, 1371.93
1775240867, 798, 121, 429, 0, 0, 0.54%, 0, 0, 11, 1546.05
1775240872, 798, 163, 429, 0, 0, 0.54%, 0, 0, 11, 1529.82
1775240878, 798, 229, 429, 0, 0, 0.54%, 0, 0, 11, 1534.89
1775240883, 798, 344, 429, 0, 0, 0.54%, 0, 0, 11, 1342.59
1775240888, 799, 6, 429, 0, 0, 0.54%, 0, 0, 11, 1305.63
1775240893, 799, 80, 429, 0, 0, 0.54%, 0, 0, 11, 1581.25
1775240898, 799, 118, 429, 0, 0, 0.54%, 0, 0, 11, 1621.12
1775240903, 799, 340, 429, 0, 0, 0.54%, 0, 0, 11, 1515.63
1775240908, 799, 376, 429, 0, 0, 0.54%, 0, 0, 11, 1449.49
1775240913, 800, 63, 429, 0, 0, 0.54%, 0, 0, 11, 1589.12
1775240918, 800, 100, 429, 0, 0, 0.54%, 0, 0, 11, 1463.41
1775240923, 800, 190, 429, 0, 0, 0.54%, 0, 0, 11, 1456.70
1775240929, 800, 302, 429, 0, 0, 0.54%, 0, 0, 11, 1445.23
1775240934, 800, 369, 429, 0, 0, 0.54%, 0, 0, 11, 1300.31
1775240939, 801, 22, 429, 0, 0, 0.54%, 0, 0, 11, 1366.71
1775240944, 801, 86, 429, 0, 0, 0.54%, 0, 0, 11, 1471.50
1775240949, 801, 115, 429, 0, 0, 0.54%, 0, 0, 11, 1534.59
1775240954, 801, 225, 429, 0, 0, 0.54%, 0, 0, 11, 1543.07
1775240959, 801, 357, 429, 0, 0, 0.54%, 0, 0, 11, 1437.38
1775240964, 801, 410, 429, 0, 0, 0.54%, 0, 0, 11, 1185.08
1775240970, 802, 48, 429, 0, 0, 0.54%, 0, 0, 11, 1327.10
1775240975, 802, 100, 429, 0, 0, 0.54%, 0, 0, 11, 1497.55
1775240980, 802, 147, 429, 0, 0, 0.54%, 0, 0, 11, 1512.27
1775240985, 802, 262, 429, 0, 0, 0.54%, 0, 0, 11, 1437.79
1775240990, 802, 349, 429, 0, 0, 0.54%, 0, 0, 11, 1449.00
1775240995, 802, 385, 429, 0, 0, 0.54%, 0, 0, 11, 1341.68
1775241000, 803, 76, 429, 0, 0, 0.54%, 0, 0, 11, 1419.36
1775241005, 803, 104, 429, 0, 0, 0.54%, 0, 0, 11, 1510.07
1775241010, 803, 147, 429, 0, 0, 0.54%, 0, 0, 11, 1481.55
1775241015, 803, 294, 429, 0, 0, 0.54%, 0, 0, 11, 1454.14
1775241020, 803, 357, 429, 0, 0, 0.54%, 0, 0, 11, 1410.46
1775241025, 803, 418, 429, 0, 0, 0.54%, 0, 0, 11, 1122.00
1775241031, 804, 46, 429, 0, 0, 0.54%, 0, 0, 11, 1365.95
1775241036, 804, 81, 429, 0, 0, 0.54%, 0, 0, 11, 1524.32
1775241041, 804, 126, 429, 0, 0, 0.54%, 0, 0, 11, 1529.74
1775241046, 804, 191, 429, 0, 0, 0.54%, 0, 0, 11, 1569.15
1775241051, 804, 262, 429, 0, 0, 0.54%, 0, 0, 11, 1446.60
1775241056, 804, 385, 429, 0, 0, 0.54%, 0, 0, 11, 1411.16
1775241061, 805, 79, 429, 0, 0, 0.54%, 0, 0, 11, 1429.89
1775241066, 805, 100, 429, 0, 0, 0.54%, 0, 0, 11, 1410.42
1775241071, 805, 248, 429, 0, 0, 0.54%, 0, 0, 11, 1503.92
1775241076, 805, 318, 429, 0, 0, 0.54%, 0, 0, 11, 1530.08
1775241081, 805, 385, 429, 0, 0, 0.54%, 0, 0, 11, 1484.58
1775241086, 806, 60, 429, 0, 0, 0.54%, 0, 0, 11, 1412.42
1775241091, 806, 100, 429, 0, 0, 0.54%, 0, 0, 11, 1489.00
1775241097, 806, 170, 429, 0, 0, 0.54%, 0, 0, 11, 1502.51
1775241102, 806, 282, 429, 0, 0, 0.54%, 0, 0, 11, 1487.90
1775241107, 806, 354, 429, 0, 0, 0.54%, 0, 0, 11, 1338.81
1775241112, 807, 13, 429, 0, 0, 0.54%, 0, 0, 11, 1289.36
1775241117, 807, 86, 429, 0, 0, 0.54%, 0, 0, 11, 1448.98
1775241122, 807, 146, 429, 0, 0, 0.54%, 0, 0, 11, 1578.39
1775241127, 807, 202, 429, 0, 0, 0.54%, 0, 0, 11, 1434.25
1775241132, 807, 306, 429, 0, 0, 0.54%, 0, 0, 11, 1426.46
1775241137, 807, 355, 429, 0, 0, 0.54%, 0, 0, 11, 1270.89
1775241142, 808, 46, 429, 0, 0, 0.54%, 0, 0, 11, 1503.51
1775241148, 808, 80, 429, 0, 0, 0.54%, 0, 0, 11, 1536.92
1775241153, 808, 107, 429, 0, 0, 0.54%, 0, 0, 11, 1520.52
1775241158, 808, 173, 429, 0, 0, 0.54%, 0, 0, 11, 1412.09
1775241163, 808, 274, 429, 0, 0, 0.54%, 0, 0, 11, 1376.48
1775241168, 808, 357, 429, 0, 0, 0.54%, 0, 0, 11, 1415.08
1775241173, 809, 35, 429, 0, 0, 0.54%, 0, 0, 11, 1482.30
1775241178, 809, 86, 429, 0, 0, 0.54%, 0, 0, 11, 1467.23
1775241183, 809, 179, 429, 0, 0, 0.54%, 0, 0, 11, 1505.67
1775241188, 809, 232, 429, 0, 0, 0.54%, 0, 0, 11, 1485.96
1775241193, 809, 352, 429, 0, 0, 0.54%, 0, 0, 11, 1410.58
1775241199, 809, 419, 429, 0, 0, 0.54%, 0, 0, 11, 1263.60
1775241204, 810, 83, 429, 0, 0, 0.54%, 0, 0, 11, 1558.27
1775241209, 810, 147, 429, 0, 0, 0.54%, 0, 0, 11, 1444.06
1775241214, 810, 251, 429, 0, 0, 0.54%, 0, 0, 11, 1415.37
1775241219, 810, 343, 429, 0, 0, 0.54%, 0, 0, 11, 1448.72
1775241224, 810, 390, 429, 0, 0, 0.54%, 0, 0, 11, 1341.51
1775241229, 811, 63, 429, 0, 0, 0.54%, 0, 0, 11, 1454.48
1775241234, 811, 90, 429, 0, 0, 0.54%, 0, 0, 11, 1421.43
1775241239, 811, 158, 429, 0, 0, 0.54%, 0, 0, 11, 1341.29
1775241245, 811, 225, 429, 0, 0, 0.54%, 0, 0, 11, 1497.49
1775241250, 811, 310, 429, 0, 0, 0.54%, 0, 0, 11, 1349.35
1775241255, 811, 385, 429, 0, 0, 0.54%, 0, 0, 11, 1393.19
1775241260, 812, 42, 429, 0, 0, 0.54%, 0, 0, 11, 1470.64
1775241265, 812, 79, 429, 0, 0, 0.54%, 0, 0, 11, 1520.15
1775241270, 812, 111, 429, 0, 0, 0.54%, 0, 0, 11, 1551.63
1775241275, 812, 257, 429, 0, 0, 0.54%, 0, 0, 11, 1350.90
1775241280, 812, 349, 429, 0, 0, 0.54%, 0, 0, 11, 1437.45
1775241285, 813, 21, 429, 0, 0, 0.54%, 0, 0, 11, 1492.07
1775241291, 813, 81, 429, 0, 0, 0.54%, 0, 0, 11, 1587.29
1775241296, 813, 121, 429, 0, 0, 0.54%, 0, 0, 11, 1643.74
1775241301, 813, 192, 429, 0, 0, 0.54%, 0, 0, 11, 1476.34
1775241306, 813, 250, 429, 0, 0, 0.54%, 0, 0, 11, 1482.24
1775241311, 813, 351, 429, 0, 0, 0.54%, 0, 0, 11, 1430.51
1775241316, 814, 4, 429, 0, 0, 0.54%, 0, 0, 11, 1302.49
1775241321, 814, 46, 429, 0, 0, 0.54%, 0, 0, 11, 1500.95
1775241326, 814, 86, 429, 0, 0, 0.54%, 0, 0, 11, 1498.27
1775241331, 814, 183, 429, 0, 0, 0.54%, 0, 0, 11, 1447.98
1775241336, 814, 215, 429, 0, 0, 0.54%, 0, 0, 11, 1522.34
1775241341, 814, 301, 429, 0, 0, 0.54%, 0, 0, 11, 1477.35
1775241347, 814, 371, 429, 0, 0, 0.54%, 0, 0, 11, 1319.77
1775241352, 814, 399, 429, 0, 0, 0.54%, 0, 0, 11, 1224.70
1775241357, 815, 63, 429, 0, 0, 0.54%, 0, 0, 11, 1384.70
1775241362, 815, 100, 429, 0, 0, 0.54%, 0, 0, 11, 1497.35
1775241367, 815, 147, 429, 0, 0, 0.54%, 0, 0, 11, 1542.35
1775241372, 815, 301, 429, 0, 0, 0.54%, 0, 0, 11, 1479.64
1775241377, 815, 357, 429, 0, 0, 0.54%, 0, 0, 11, 1396.52
1775241382, 816, 32, 429, 0, 0, 0.54%, 0, 0, 11, 1369.99
1775241387, 816, 80, 429, 0, 0, 0.54%, 0, 0, 11, 1413.51
1775241392, 816, 175, 429, 0, 0, 0.54%, 0, 0, 11, 1481.39
1775241398, 816, 263, 429, 0, 0, 0.54%, 0, 0, 11, 1440.24
1775241403, 816, 371, 429, 0, 0, 0.54%, 0, 0, 11, 1367.34
1775241408, 817, 22, 429, 0, 0, 0.54%, 0, 0, 11, 1260.68
1775241413, 817, 85, 429, 0, 0, 0.54%, 0, 0, 11, 1414.43
1775241418, 817, 147, 429, 0, 0, 0.54%, 0, 0, 11, 1472.39
1775241423, 817, 233, 429, 0, 0, 0.54%, 0, 0, 11, 1461.68
1775241428, 817, 349, 429, 0, 0, 0.54%, 0, 0, 11, 1418.51
1775241433, 817, 393, 429, 0, 0, 0.54%, 0, 0, 11, 1277.75
1775241438, 818, 86, 429, 0, 0, 0.54%, 0, 0, 11, 1471.64
1775241443, 818, 147, 429, 0, 0, 0.54%, 0, 0, 11, 1496.62
1775241449, 818, 266, 429, 0, 0, 0.54%, 0, 0, 11, 1371.83
1775241454, 818, 371, 429, 0, 0, 0.54%, 0, 0, 11, 1472.01
1775241459, 819, 63, 429, 0, 0, 0.54%, 0, 0, 11, 1478.13
1775241464, 819, 91, 429, 0, 0, 0.54%, 0, 0, 11, 1481.15
1775241469, 819, 130, 429, 0, 0, 0.54%, 0, 0, 11, 1430.02
1775241474, 819, 227, 429, 0, 0, 0.54%, 0, 0, 11, 1446.82
1775241479, 819, 325, 429, 0, 0, 0.54%, 0, 0, 11, 1412.80
1775241484, 819, 418, 429, 0, 0, 0.54%, 0, 0, 11, 1199.75
1775241489, 820, 63, 429, 0, 0, 0.54%, 0, 0, 11, 1320.33
1775241494, 820, 92, 429, 0, 0, 0.54%, 0, 0, 11, 1523.01
1775241499, 820, 131, 429, 0, 0, 0.54%, 0, 0, 11, 1503.22
1775241505, 820, 265, 429, 0, 0, 0.54%, 0, 0, 11, 1501.86
1775241510, 820, 305, 429, 0, 0, 0.54%, 0, 0, 11, 1493.92
1775241515, 820, 371, 429, 0, 0, 0.54%, 0, 0, 11, 1461.37
1775241520, 821, 63, 429, 0, 0, 0.54%, 0, 0, 11, 1355.46
1775241525, 821, 100, 429, 0, 0, 0.54%, 0, 0, 11, 1518.77
1775241530, 821, 147, 429, 0, 0, 0.54%, 0, 0, 11, 1469.76
1775241535, 821, 323, 429, 0, 0, 0.54%, 0, 0, 11, 1563.19
1775241540, 821, 371, 429, 0, 0, 0.54%, 0, 0, 11, 1376.72
1775241546, 822, 63, 429, 0, 0, 0.54%, 0, 0, 11, 1403.73
1775241551, 822, 111, 429, 0, 0, 0.54%, 0, 0, 11, 1420.22
1775241556, 822, 196, 429, 0, 0, 0.54%, 0, 0, 11, 1491.81
1775241561, 822, 291, 429, 0, 0, 0.54%, 0, 0, 11, 1333.97
1775241566, 822, 351, 429, 0, 0, 0.54%, 0, 0, 11, 1274.71
1775241571, 822, 421, 429, 0, 0, 0.54%, 0, 0, 11, 1116.76
1775241576, 823, 80, 429, 0, 0, 0.54%, 0, 0, 11, 1360.53
1775241581, 823, 111, 429, 0, 0, 0.54%, 0, 0, 11, 1421.96
1775241587, 823, 228, 429, 0, 0, 0.54%, 0, 0, 11, 1437.45
1775241592, 823, 325, 429, 0, 0, 0.54%, 0, 0, 11, 1428.68
1775241597, 823, 390, 429, 0, 0, 0.54%, 0, 0, 11, 1280.49
1775241602, 824, 63, 429, 0, 0, 0.54%, 0, 0, 11, 1404.90
1775241607, 824, 93, 429, 0, 0, 0.54%, 0, 0, 11, 1507.26
1775241612, 824, 136, 429, 0, 0, 0.54%, 0, 0, 11, 1481.69
1775241617, 824, 199, 429, 0, 0, 0.54%, 0, 0, 11, 1494.14
1775241622, 824, 325, 429, 0, 0, 0.54%, 0, 0, 11, 1478.12
1775241627, 824, 385, 429, 0, 0, 0.54%, 0, 0, 11, 1408.99
1775241632, 824, 422, 429, 0, 0, 0.54%, 0, 0, 11, 1342.16
1775241637, 825, 79, 429, 0, 0, 0.54%, 0, 0, 11, 1533.98
1775241643, 825, 111, 429, 0, 0, 0.54%, 0, 0, 11, 1489.53
1775241648, 825, 217, 429, 0, 0, 0.54%, 0, 0, 11, 1530.36
1775241653, 825, 339, 429, 0, 0, 0.54%, 0, 0, 11, 1488.68
1775241658, 825, 391, 429, 0, 0, 0.54%, 0, 0, 11, 1308.17
1775241663, 826, 21, 429, 0, 0, 0.54%, 0, 0, 11, 1299.74
1775241668, 826, 80, 429, 0, 0, 0.54%, 0, 0, 11, 1416.03
1775241673, 826, 143, 429, 0, 0, 0.54%, 0, 0, 11, 1451.02
1775241679, 826, 232, 429, 0, 0, 0.54%, 0, 0, 11, 1448.14
1775241684, 826, 297, 429, 0, 0, 0.54%, 0, 0, 11, 1315.03
1775241689, 826, 335, 429, 0, 0, 0.54%, 0, 0, 11, 1247.44
1775241694, 826, 378, 429, 0, 0, 0.54%, 0, 0, 11, 1293.52
1775241699, 827, 49, 429, 0, 0, 0.54%, 0, 0, 11, 1291.78
1775241704, 827, 86, 429, 0, 0, 0.54%, 0, 0, 11, 1314.98
1775241709, 827, 117, 429, 0, 0, 0.54%, 0, 0, 11, 1479.79
1775241714, 827, 344, 429, 0, 0, 0.54%, 0, 0, 11, 1461.79
1775241719, 827, 382, 429, 0, 0, 0.54%, 0, 0, 11, 1434.38
1775241724, 828, 63, 429, 0, 0, 0.54%, 0, 0, 11, 1529.04
1775241729, 828, 88, 429, 0, 0, 0.54%, 0, 0, 11, 1480.84
1775241734, 828, 147, 429, 0, 0, 0.54%, 0, 0, 11, 1416.87
1775241740, 828, 233, 429, 0, 0, 0.54%, 0, 0, 11, 1435.25
1775241745, 828, 354, 429, 0, 0, 0.54%, 0, 0, 11, 1322.14
1775241750, 828, 421, 429, 0, 0, 0.54%, 0, 0, 11, 1097.57
1775241755, 829, 63, 429, 0, 0, 0.54%, 0, 0, 11, 1696.19
1775241760, 829, 80, 429, 0, 0, 0.54%, 0, 0, 11, 1536.26
1775241765, 829, 106, 429, 0, 0, 0.54%, 0, 0, 11, 1384.27
1775241770, 829, 175, 429, 0, 0, 0.54%, 0, 0, 11, 1374.96
1775241775, 829, 286, 429, 0, 0, 0.54%, 0, 0, 11, 1518.98
1775241780, 829, 349, 429, 0, 0, 0.54%, 0, 0, 11, 1491.77
1775241785, 830, 46, 429, 0, 0, 0.54%, 0, 0, 11, 1463.32
1775241790, 830, 91, 429, 0, 0, 0.54%, 0, 0, 11, 1467.00
1775241795, 830, 174, 429, 0, 0, 0.54%, 0, 0, 11, 1436.79
1775241801, 830, 292, 429, 0, 0, 0.54%, 0, 0, 11, 1468.99
1775241806, 830, 325, 429, 0, 0, 0.54%, 0, 0, 11, 1545.33
1775241811, 830, 392, 429, 0, 0, 0.54%, 0, 0, 11, 1334.91
1775241816, 831, 19, 429, 0, 0, 0.54%, 0, 0, 11, 1504.32
1775241821, 831, 64, 429, 0, 0, 0.54%, 0, 0, 11, 1471.71
1775241826, 831, 86, 429, 0, 0, 0.54%, 0, 0, 11, 1555.67
1775241831, 831, 111, 429, 0, 0, 0.54%, 0, 0, 11, 1471.08
1775241836, 831, 164, 429, 0, 0, 0.54%, 0, 0, 11, 1414.05
1775241841, 831, 274, 429, 0, 0, 0.54%, 0, 0, 11, 1430.39
1775241846, 831, 354, 429, 0, 0, 0.54%, 0, 0, 11, 1340.26
1775241851, 832, 22, 429, 0, 0, 0.54%, 0, 0, 11, 1262.84
1775241856, 832, 91, 429, 0, 0, 0.54%, 0, 0, 11, 1425.70
1775241862, 832, 211, 429, 0, 0, 0.54%, 0, 0, 11, 1524.48
1775241867, 832, 349, 429, 0, 0, 0.54%, 0, 0, 11, 1457.16
1775241872, 832, 401, 429, 0, 0, 0.54%, 0, 0, 11, 1298.90
1775241877, 833, 59, 429, 0, 0, 0.54%, 0, 0, 11, 1381.34
1775241882, 833, 86, 429, 0, 0, 0.54%, 0, 0, 11, 1541.75
1775241887, 833, 111, 429, 0, 0, 0.54%, 0, 0, 11, 1488.55
1775241892, 833, 196, 429, 0, 0, 0.54%, 0, 0, 11, 1400.85
1775241897, 833, 303, 429, 0, 0, 0.54%, 0, 0, 11, 1388.41
1775241902, 833, 385, 429, 0, 0, 0.54%, 0, 0, 11, 1286.06
1775241908, 834, 9, 429, 0, 0, 0.54%, 0, 0, 11, 1330.13
1775241913, 834, 80, 429, 0, 0, 0.54%, 0, 0, 11, 1442.90
1775241918, 834, 136, 429, 0, 0, 0.54%, 0, 0, 11, 1410.06
1775241923, 834, 229, 429, 0, 0, 0.54%, 0, 0, 11, 1452.66
1775241928, 834, 310, 429, 0, 0, 0.54%, 0, 0, 11, 1516.46
1775241933, 834, 368, 429, 0, 0, 0.54%, 0, 0, 11, 1363.57
1775241938, 834, 424, 429, 0, 0, 0.54%, 0, 0, 11, 1357.39
1775241943, 835, 80, 429, 0, 0, 0.54%, 0, 0, 11, 1525.16
1775241948, 835, 123, 429, 0, 0, 0.54%, 0, 0, 11, 1546.32
1775241953, 835, 183, 429, 0, 0, 0.54%, 0, 0, 11, 1499.38
1775241958, 835, 264, 429, 0, 0, 0.54%, 0, 0, 11, 1487.42
1775241963, 835, 352, 429, 0, 0, 0.54%, 0, 0, 11, 1450.49
1775241969, 835, 421, 429, 0, 0, 0.54%, 0, 0, 11, 1194.36
1775241974, 836, 71, 429, 0, 0, 0.54%, 0, 0, 11, 1425.98
1775241979, 836, 100, 429, 0, 0, 0.54%, 0, 0, 11, 1464.28
1775241984, 836, 153, 429, 0, 0, 0.54%, 0, 0, 11, 1473.56
1775241989, 836, 225, 429, 0, 0, 0.54%, 0, 0, 11, 1365.38
1775241994, 836, 313, 429, 0, 0, 0.54%, 0, 0, 11, 1471.97
1775241999, 837, 22, 429, 0, 0, 0.54%, 0, 0, 11, 1403.04
1775242004, 837, 96, 429, 0, 0, 0.54%, 0, 0, 11, 1410.54
1775242009, 837, 147, 429, 0, 0, 0.54%, 0, 0, 11, 1461.53
1775242014, 837, 289, 429, 0, 0, 0.54%, 0, 0, 11, 1475.15
1775242019, 837, 349, 429, 0, 0, 0.54%, 0, 0, 11, 1546.15
1775242024, 838, 2, 429, 0, 0, 0.54%, 0, 0, 11, 1294.41
1775242029, 838, 49, 429, 0, 0, 0.54%, 0, 0, 11, 1458.53
1775242035, 838, 99, 429, 0, 0, 0.54%, 0, 0, 11, 1453.76
1775242040, 838, 180, 429, 0, 0, 0.54%, 0, 0, 11, 1391.11
1775242045, 838, 191, 429, 0, 0, 0.54%, 0, 0, 11, 941.50
1775242050, 838, 313, 429, 0, 0, 0.54%, 0, 0, 11, 1377.00
1775242055, 838, 354, 429, 0, 0, 0.54%, 0, 0, 11, 1399.71
1775242060, 839, 58, 429, 0, 0, 0.54%, 0, 0, 11, 1288.73
1775242065, 839, 83, 429, 0, 0, 0.54%, 0, 0, 11, 1333.40
1775242070, 839, 125, 429, 0, 0, 0.54%, 0, 0, 11, 1384.12
1775242075, 839, 182, 429, 0, 0, 0.54%, 0, 0, 11, 1378.45
1775242080, 839, 325, 429, 0, 0, 0.54%, 0, 0, 11, 1398.15
1775242085, 839, 371, 429, 0, 0, 0.54%, 0, 0, 11, 1405.79
1775242091, 840, 63, 429, 0, 0, 0.54%, 0, 0, 11, 1381.61
1775242096, 840, 100, 429, 0, 0, 0.54%, 0, 0, 11, 1436.64
1775242101, 840, 147, 429, 0, 0, 0.54%, 0, 0, 11, 1471.25
1775242106, 840, 240, 429, 0, 0, 0.54%, 0, 0, 11, 1332.63
1775242111, 840, 325, 429, 0, 0, 0.54%, 0, 0, 11, 1419.65
1775242116, 840, 385, 429, 0, 0, 0.54%, 0, 0, 11, 1391.67
1775242121, 841, 79, 429, 0, 0, 0.54%, 0, 0, 11, 1483.00
1775242126, 841, 147, 429, 0, 0, 0.54%, 0, 0, 11, 1489.66
1775242131, 841, 180, 429, 0, 0, 0.54%, 0, 0, 11, 1383.70
1775242137, 841, 257, 429, 0, 0, 0.54%, 0, 0, 11, 1422.06
1775242142, 841, 349, 429, 0, 0, 0.54%, 0, 0, 11, 1420.51
1775242147, 841, 395, 429, 0, 0, 0.54%, 0, 0, 11, 1367.60
1775242152, 842, 80, 429, 0, 0, 0.54%, 0, 0, 11, 1500.88
1775242157, 842, 129, 429, 0, 0, 0.54%, 0, 0, 11, 1588.78
1775242162, 842, 213, 429, 0, 0, 0.54%, 0, 0, 11, 1419.03
1775242167, 842, 272, 429, 0, 0, 0.54%, 0, 0, 11, 1403.94
1775242172, 842, 363, 429, 0, 0, 0.54%, 0, 0, 11, 1428.78
1775242177, 842, 410, 429, 0, 0, 0.54%, 0, 0, 11, 1114.62
1775242182, 843, 76, 429, 0, 0, 0.54%, 0, 0, 11, 1497.39
1775242187, 843, 100, 429, 0, 0, 0.54%, 0, 0, 11, 1595.53
1775242193, 843, 167, 429, 0, 0, 0.54%, 0, 0, 11, 1519.88
1775242198, 843, 267, 429, 0, 0, 0.54%, 0, 0, 11, 1504.18
1775242203, 843, 354, 429, 0, 0, 0.54%, 0, 0, 11, 1432.13
1775242208, 844, 34, 429, 0, 0, 0.54%, 0, 0, 11, 1401.61
1775242213, 844, 86, 429, 0, 0, 0.54%, 0, 0, 11, 1486.11
1775242218, 844, 144, 429, 0, 0, 0.54%, 0, 0, 11, 1568.19
1775242223, 844, 187, 429, 0, 0, 0.54%, 0, 0, 11, 1578.31
1775242228, 844, 209, 429, 0, 0, 0.54%, 0, 0, 11, 1439.78
1775242234, 844, 341, 429, 0, 0, 0.54%, 0, 0, 11, 1454.86
1775242239, 844, 402, 429, 0, 0, 0.54%, 0, 0, 11, 1306.98
1775242244, 845, 46, 429, 0, 0, 0.54%, 0, 0, 11, 1282.05
1775242249, 845, 80, 429, 0, 0, 0.54%, 0, 0, 11, 1346.95
1775242254, 845, 105, 429, 0, 0, 0.54%, 0, 0, 11, 1420.47
1775242259, 845, 147, 429, 0, 0, 0.54%, 0, 0, 11, 1543.10
1775242264, 845, 218, 429, 0, 0, 0.54%, 0, 0, 11, 1596.64
1775242269, 845, 349, 429, 0, 0, 0.54%, 0, 0, 11, 1508.29
1775242274, 846, 22, 429, 0, 0, 0.54%, 0, 0, 11, 1376.31
1775242279, 846, 79, 429, 0, 0, 0.54%, 0, 0, 11, 1565.67
1775242284, 846, 122, 429, 0, 0, 0.54%, 0, 0, 11, 1514.59
1775242289, 846, 217, 429, 0, 0, 0.54%, 0, 0, 11, 1528.54
1775242294, 846, 301, 429, 0, 0, 0.54%, 0, 0, 11, 1590.55
1775242300, 846, 371, 429, 0, 0, 0.54%, 0, 0, 11, 1405.90
1775242305, 847, 36, 429, 0, 0, 0.54%, 0, 0, 11, 1369.01
1775242310, 847, 98, 429, 0, 0, 0.54%, 0, 0, 11, 1623.46
1775242315, 847, 196, 429, 0, 0, 0.54%, 0, 0, 11, 1547.50
1775242320, 847, 325, 429, 0, 0, 0.54%, 0, 0, 11, 1543.19
1775242325, 847, 406, 429, 0, 0, 0.54%, 0, 0, 11, 1190.59
1775242330, 848, 79, 429, 0, 0, 0.54%, 0, 0, 11, 1452.74
1775242335, 848, 100, 429, 0, 0, 0.54%, 0, 0, 11, 1587.27
1775242340, 848, 184, 429, 0, 0, 0.54%, 0, 0, 11, 1380.29
1775242345, 848, 231, 429, 0, 0, 0.54%, 0, 0, 11, 1454.55
1775242350, 848, 316, 429, 0, 0, 0.54%, 0, 0, 11, 1478.70
1775242356, 848, 385, 429, 0, 0, 0.54%, 0, 0, 11, 1341.61
1775242361, 849, 12, 429, 0, 0, 0.54%, 0, 0, 11, 1381.22
1775242366, 849, 65, 429, 0, 0, 0.54%, 0, 0, 11, 1446.08
1775242371, 849, 100, 429, 0, 0, 0.54%, 0, 0, 11, 1470.25
1775242376, 849, 147, 429, 0, 0, 0.54%, 0, 0, 11, 1396.18
1775242381, 849, 247, 429, 0, 0, 0.54%, 0, 0, 11, 1362.30
1775242386, 849, 328, 429, 0, 0, 0.54%, 0, 0, 11, 1384.92
1775242391, 849, 393, 429, 0, 0, 0.54%, 0, 0, 11, 1288.29
1775242396, 850, 63, 429, 0, 0, 0.54%, 0, 0, 11, 1423.31
1775242401, 850, 86, 429, 0, 0, 0.54%, 0, 0, 11, 1440.55
1775242406, 850, 147, 429, 0, 0, 0.54%, 0, 0, 11, 1508.29
1775242411, 850, 268, 429, 0, 0, 0.54%, 0, 0, 11, 1449.66
1775242416, 850, 354, 429, 0, 0, 0.54%, 0, 0, 11, 1430.99
1775242421, 850, 422, 429, 0, 0, 0.54%, 0, 0, 11, 1359.53
1775242427, 851, 59, 429, 0, 0, 0.54%, 0, 0, 11, 1245.13
1775242432, 851, 95, 429, 0, 0, 0.54%, 0, 0, 11, 1816.09
1775242437, 851, 147, 429, 0, 0, 0.54%, 0, 0, 11, 1560.66
1775242442, 851, 223, 429, 0, 0, 0.54%, 0, 0, 11, 1431.00
1775242447, 851, 348, 429, 0, 0, 0.54%, 0, 0, 11, 1396.86
1775242452, 852, 63, 429, 0, 0, 0.54%, 0, 0, 11, 1469.94
1775242457, 852, 100, 429, 0, 0, 0.54%, 0, 0, 11, 1478.10
1775242462, 852, 150, 429, 0, 0, 0.54%, 0, 0, 11, 1474.50
1775242467, 852, 228, 429, 0, 0, 0.54%, 0, 0, 11, 1486.35
1775242473, 852, 325, 429, 0, 0, 0.54%, 0, 0, 11, 1418.65
1775242478, 852, 382, 429, 0, 0, 0.54%, 0, 0, 11, 1361.68
1775242483, 853, 37, 429, 0, 0, 0.54%, 0, 0, 11, 1370.11
1775242488, 853, 91, 429, 0, 0, 0.54%, 0, 0, 11, 1334.27
1775242493, 853, 136, 429, 0, 0, 0.54%, 0, 0, 11, 1313.04
1775242498, 853, 193, 429, 0, 0, 0.54%, 0, 0, 11, 1455.18
1775242503, 853, 325, 429, 0, 0, 0.54%, 0, 0, 11, 1240.07
1775242508, 853, 385, 429, 0, 0, 0.54%, 0, 0, 11, 1254.78
1775242513, 854, 79, 429, 0, 0, 0.54%, 0, 0, 11, 1317.03
1775242518, 854, 100, 429, 0, 0, 0.54%, 0, 0, 11, 1449.43
1775242523, 854, 184, 429, 0, 0, 0.54%, 0, 0, 11, 1469.51
1775242528, 854, 229, 429, 0, 0, 0.54%, 0, 0, 11, 1414.32
1775242534, 854, 325, 429, 0, 0, 0.54%, 0, 0, 11, 1434.27
1775242539, 854, 385, 429, 0, 0, 0.54%, 0, 0, 11, 1330.18
1775242544, 855, 61, 429, 0, 0, 0.54%, 0, 0, 11, 1320.84
1775242549, 855, 91, 429, 0, 0, 0.54%, 0, 0, 11, 1459.03
1775242554, 855, 147, 429, 0, 0, 0.54%, 0, 0, 11, 1482.43
1775242559, 855, 277, 429, 0, 0, 0.54%, 0, 0, 11, 1433.81
1775242564, 855, 375, 429, 0, 0, 0.54%, 0, 0, 11, 1348.37
1775242569, 856, 27, 429, 0, 0, 0.54%, 0, 0, 11, 1289.80
1775242574, 856, 64, 429, 0, 0, 0.54%, 0, 0, 11, 1446.17
1775242579, 856, 101, 429, 0, 0, 0.54%, 0, 0, 11, 1429.34
1775242584, 856, 196, 429, 0, 0, 0.54%, 0, 0, 11, 1321.28
1775242589, 856, 295, 429, 0, 0, 0.54%, 0, 0, 11, 1423.12
1775242594, 856, 371, 429, 0, 0, 0.54%, 0, 0, 11, 1368.38
1775242600, 857, 24, 429, 0, 0, 0.54%, 0, 0, 11, 1437.41
1775242605, 857, 80, 429, 0, 0, 0.54%, 0, 0, 11, 1563.89
1775242610, 857, 117, 429, 0, 0, 0.54%, 0, 0, 11, 1523.22
1775242615, 857, 169, 429, 0, 0, 0.54%, 0, 0, 11, 1683.17
1775242620, 857, 246, 429, 0, 0, 0.54%, 0, 0, 11, 1595.77
1775242625, 857, 349, 429, 0, 0, 0.54%, 0, 0, 11, 1419.28
1775242630, 858, 23, 429, 0, 0, 0.54%, 0, 0, 11, 1382.06
1775242635, 858, 56, 429, 0, 0, 0.54%, 0, 0, 11, 1507.88
1775242640, 858, 86, 429, 0, 0, 0.54%, 0, 0, 11, 1516.09
1775242646, 858, 128, 429, 0, 0, 0.54%, 0, 0, 11, 1504.79
1775242651, 858, 189, 429, 0, 0, 0.54%, 0, 0, 11, 1491.54
1775242656, 858, 261, 429, 0, 0, 0.54%, 0, 0, 11, 1451.25
1775242661, 858, 367, 429, 0, 0, 0.54%, 0, 0, 11, 1393.29
1775242666, 859, 14, 429, 0, 0, 0.54%, 0, 0, 11, 1419.42
1775242671, 859, 80, 429, 0, 0, 0.54%, 0, 0, 11, 1442.91
1775242676, 859, 147, 429, 0, 0, 0.54%, 0, 0, 11, 1581.16
1775242681, 859, 180, 429, 0, 0, 0.54%, 0, 0, 11, 1570.10
1775242686, 859, 282, 429, 0, 0, 0.54%, 0, 0, 11, 1600.92
1775242692, 859, 349, 429, 0, 0, 0.54%, 0, 0, 11, 1425.61
1775242697, 860, 7, 429, 0, 0, 0.54%, 0, 0, 11, 1347.27
1775242702, 860, 63, 429, 0, 0, 0.54%, 0, 0, 11, 1549.95
1775242707, 860, 100, 429, 0, 0, 0.54%, 0, 0, 11, 1561.97
1775242712, 860, 196, 429, 0, 0, 0.54%, 0, 0, 11, 1494.59
1775242717, 860, 325, 429, 0, 0, 0.54%, 0, 0, 11, 1481.91
1775242722, 860, 394, 429, 0, 0, 0.54%, 0, 0, 11, 1446.67
1775242727, 861, 79, 429, 0, 0, 0.54%, 0, 0, 11, 1557.90
1775242732, 861, 100, 429, 0, 0, 0.54%, 0, 0, 11, 1361.45
1775242737, 861, 187, 429, 0, 0, 0.54%, 0, 0, 11, 706.06
1775242742, 861, 304, 429, 0, 0, 0.54%, 0, 0, 11, 1374.73
1775242747, 861, 357, 429, 0, 0, 0.54%, 0, 0, 11, 1461.47
1775242752, 862, 19, 429, 0, 0, 0.54%, 0, 0, 11, 1299.81
1775242757, 862, 79, 429, 0, 0, 0.54%, 0, 0, 11, 1480.07
1775242763, 862, 106, 429, 0, 0, 0.54%, 0, 0, 11, 1464.43
1775242768, 862, 146, 429, 0, 0, 0.54%, 0, 0, 11, 1381.92
1775242773, 862, 230, 429, 0, 0, 0.54%, 0, 0, 11, 1469.94
1775242778, 862, 292, 429, 0, 0, 0.54%, 0, 0, 11, 1370.76
1775242783, 862, 357, 429, 0, 0, 0.54%, 0, 0, 11, 1402.64
1775242788, 862, 428, 429, 0, 0, 0.54%, 0, 0, 11, 1360.28
1775242793, 863, 79, 429, 0, 0, 0.54%, 0, 0, 11, 1490.91
1775242798, 863, 100, 429, 0, 0, 0.54%, 0, 0, 11, 1482.23
1775242804, 863, 183, 429, 0, 0, 0.54%, 0, 0, 11, 1372.47
1775242809, 863, 214, 429, 0, 0, 0.54%, 0, 0, 11, 1375.36
1775242814, 863, 349, 429, 0, 0, 0.54%, 0, 0, 11, 1364.64
1775242819, 863, 422, 429, 0, 0, 0.54%, 0, 0, 11, 1380.18
1775242824, 864, 51, 429, 0, 0, 0.54%, 0, 0, 11, 1350.58
1775242829, 864, 80, 429, 0, 0, 0.54%, 0, 0, 11, 1561.21
1775242834, 864, 118, 429, 0, 0, 0.54%, 0, 0, 11, 1535.65
1775242839, 864, 187, 429, 0, 0, 0.54%, 0, 0, 11, 1574.90
1775242844, 864, 297, 429, 0, 0, 0.54%, 0, 0, 11, 1601.01
1775242849, 864, 357, 429, 0, 0, 0.54%, 0, 0, 11, 1489.67
1775242854, 865, 46, 429, 0, 0, 0.54%, 0, 0, 11, 1389.93
1775242860, 865, 80, 429, 0, 0, 0.54%, 0, 0, 11, 1615.94
1775242865, 865, 119, 429, 0, 0, 0.54%, 0, 0, 11, 1506.62
1775242870, 865, 228, 429, 0, 0, 0.54%, 0, 0, 11, 1515.46
1775242875, 865, 354, 429, 0, 0, 0.54%, 0, 0, 11, 1473.06
1775242880, 865, 423, 429, 0, 0, 0.54%, 0, 0, 11, 1501.87
1775242885, 866, 35, 429, 0, 0, 0.54%, 0, 0, 11, 1530.34
1775242890, 866, 91, 429, 0, 0, 0.54%, 0, 0, 11, 1594.24
1775242895, 866, 183, 429, 0, 0, 0.54%, 0, 0, 11, 1549.59
1775242901, 866, 331, 429, 0, 0, 0.54%, 0, 0, 11, 1522.00
1775242906, 867, 22, 429, 0, 0, 0.54%, 0, 0, 11, 1419.99
1775242911, 867, 80, 429, 0, 0, 0.54%, 0, 0, 11, 1515.68
1775242916, 867, 127, 429, 0, 0, 0.54%, 0, 0, 11, 1587.03
1775242921, 867, 207, 429, 0, 0, 0.54%, 0, 0, 11, 1565.63
1775242926, 867, 273, 429, 0, 0, 0.54%, 0, 0, 11, 1445.38
1775242931, 867, 349, 429, 0, 0, 0.54%, 0, 0, 11, 1488.19
1775242936, 867, 390, 429, 0, 0, 0.54%, 0, 0, 11, 1368.71
1775242941, 868, 80, 429, 0, 0, 0.54%, 0, 0, 11, 1470.88
1775242947, 868, 104, 429, 0, 0, 0.54%, 0, 0, 11, 1430.49
1775242952, 868, 153, 429, 0, 0, 0.54%, 0, 0, 11, 1478.20
1775242957, 868, 259, 429, 0, 0, 0.54%, 0, 0, 11, 1497.92
1775242962, 868, 371, 429, 0, 0, 0.54%, 0, 0, 11, 1514.97
1775242967, 869, 52, 429, 0, 0, 0.54%, 0, 0, 11, 1367.00
1775242972, 869, 91, 429, 0, 0, 0.54%, 0, 0, 11, 1535.30
1775242977, 869, 147, 429, 0, 0, 0.54%, 0, 0, 11, 1381.15
1775242982, 869, 241, 429, 0, 0, 0.54%, 0, 0, 11, 1479.53
1775242987, 869, 324, 429, 0, 0, 0.54%, 0, 0, 11, 1552.13
1775242992, 869, 370, 429, 0, 0, 0.54%, 0, 0, 11, 1450.43
1775242997, 870, 57, 429, 0, 0, 0.54%, 0, 0, 11, 1394.84
1775243002, 870, 89, 429, 0, 0, 0.54%, 0, 0, 11, 1521.44
1775243008, 870, 196, 429, 0, 0, 0.54%, 0, 0, 11, 1521.45
1775243013, 870, 239, 429, 0, 0, 0.54%, 0, 0, 11, 1396.72
1775243018, 870, 333, 429, 0, 0, 0.54%, 0, 0, 11, 1486.32
1775243023, 870, 379, 429, 0, 0, 0.54%, 0, 0, 11, 1408.21
1775243028, 871, 58, 429, 0, 0, 0.54%, 0, 0, 11, 1334.31
1775243033, 871, 80, 429, 0, 0, 0.54%, 0, 0, 11, 1439.79
1775243038, 871, 129, 429, 0, 0, 0.54%, 0, 0, 11, 1432.99
1775243043, 871, 196, 429, 0, 0, 0.54%, 0, 0, 11, 1429.53
1775243048, 871, 301, 429, 0, 0, 0.54%, 0, 0, 11, 1366.13
1775243054, 871, 385, 429, 0, 0, 0.54%, 0, 0, 11, 1407.87
1775243059, 872, 29, 429, 0, 0, 0.54%, 0, 0, 11, 1350.68
1775243064, 872, 76, 429, 0, 0, 0.54%, 0, 0, 11, 1363.70
1775243069, 872, 92, 429, 0, 0, 0.54%, 0, 0, 11, 1457.56
1775243074, 872, 188, 429, 0, 0, 0.54%, 0, 0, 11, 1579.43
1775243079, 872, 264, 429, 0, 0, 0.54%, 0, 0, 11, 1467.06
1775243084, 872, 354, 429, 0, 0, 0.54%, 0, 0, 11, 1314.56
1775243089, 873, 17, 429, 0, 0, 0.54%, 0, 0, 11, 1306.04
1775243094, 873, 79, 429, 0, 0, 0.54%, 0, 0, 11, 1327.94
1775243099, 873, 111, 429, 0, 0, 0.54%, 0, 0, 11, 1527.60
1775243104, 873, 165, 429, 0, 0, 0.54%, 0, 0, 11, 1510.31
1775243110, 873, 289, 429, 0, 0, 0.54%, 0, 0, 11, 1525.38
1775243115, 873, 349, 429, 0, 0, 0.54%, 0, 0, 11, 1488.05
1775243120, 873, 402, 429, 0, 0, 0.54%, 0, 0, 11, 1288.13
1775243125, 874, 79, 429, 0, 0, 0.54%, 0, 0, 11, 1486.11
1775243130, 874, 100, 429, 0, 0, 0.54%, 0, 0, 11, 1550.74
1775243135, 874, 206, 429, 0, 0, 0.54%, 0, 0, 11, 1395.73
1775243140, 874, 335, 429, 0, 0, 0.54%, 0, 0, 11, 1449.48
1775243145, 874, 385, 429, 0, 0, 0.54%, 0, 0, 11, 1392.30
1775243150, 875, 66, 429, 0, 0, 0.54%, 0, 0, 11, 1531.01
1775243155, 875, 111, 429, 0, 0, 0.54%, 0, 0, 11, 1453.45
1775243160, 875, 169, 429, 0, 0, 0.54%, 0, 0, 11, 1526.33
1775243166, 875, 349, 429, 0, 0, 0.54%, 0, 0, 11, 1536.26
1775243171, 875, 421, 429, 0, 0, 0.54%, 0, 0, 11, 1188.97
1775243176, 876, 79, 429, 0, 0, 0.54%, 0, 0, 11, 1457.12
1775243181, 876, 111, 429, 0, 0, 0.54%, 0, 0, 11, 1486.87
1775243186, 876, 196, 429, 0, 0, 0.54%, 0, 0, 11, 1436.37
1775243191, 876, 354, 429, 0, 0, 0.54%, 0, 0, 11, 1497.03
1775243196, 876, 410, 429, 0, 0, 0.54%, 0, 0, 11, 1259.48
1775243201, 877, 80, 429, 0, 0, 0.54%, 0, 0, 11, 1477.19
1775243206, 877, 135, 429, 0, 0, 0.54%, 0, 0, 11, 1554.01
1775243211, 877, 196, 429, 0, 0, 0.54%, 0, 0, 11, 1497.88
1775243216, 877, 291, 429, 0, 0, 0.54%, 0, 0, 11, 1401.58
1775243222, 877, 349, 429, 0, 0, 0.54%, 0, 0, 11, 1515.23
1775243227, 877, 402, 429, 0, 0, 0.54%, 0, 0, 11, 1319.59
1775243232, 878, 80, 429, 0, 0, 0.54%, 0, 0, 11, 1579.07
1775243237, 878, 188, 429, 0, 0, 0.54%, 0, 0, 11, 1451.37
1775243242, 878, 250, 429, 0, 0, 0.54%, 0, 0, 11, 1416.10
1775243247, 878, 336, 429, 0, 0, 0.54%, 0, 0, 11, 1406.85
1775243252, 878, 385, 429, 0, 0, 0.54%, 0, 0, 11, 1290.60
1775243257, 879, 71, 429, 0, 0, 0.54%, 0, 0, 11, 207.96
1775243262, 879, 100, 429, 0, 0, 0.54%, 0, 0, 11, 1880.00
1775243267, 879, 188, 429, 0, 0, 0.54%, 0, 0, 11, 1555.75
1775243272, 879, 271, 429, 0, 0, 0.54%, 0, 0, 11, 1538.91
1775243277, 879, 357, 429, 0, 0, 0.54%, 0, 0, 11, 1416.16
1775243283, 880, 63, 429, 0, 0, 0.54%, 0, 0, 11, 1489.68
1775243288, 880, 100, 429, 0, 0, 0.54%, 0, 0, 11, 1523.10
1775243293, 880, 148, 429, 0, 0, 0.54%, 0, 0, 11, 1488.10
1775243298, 880, 196, 429, 0, 0, 0.54%, 0, 0, 11, 1492.78
1775243303, 880, 305, 429, 0, 0, 0.54%, 0, 0, 11, 1513.36
1775243308, 880, 363, 429, 0, 0, 0.54%, 0, 0, 11, 1420.59
1775243313, 880, 423, 429, 0, 0, 0.54%, 0, 0, 11, 1207.95
1775243318, 881, 63, 429, 0, 0, 0.54%, 0, 0, 11, 1470.10
1775243323, 881, 98, 429, 0, 0, 0.54%, 0, 0, 11, 1474.37
1775243328, 881, 196, 429, 0, 0, 0.54%, 0, 0, 11, 1453.66
1775243333, 881, 280, 429, 0, 0, 0.54%, 0, 0, 11, 1418.26
1775243338, 881, 351, 429, 0, 0, 0.54%, 0, 0, 11, 1399.00
1775243343, 882, 3, 429, 0, 0, 0.54%, 0, 0, 11, 1252.44
1775243348, 882, 79, 429, 0, 0, 0.54%, 0, 0, 11, 1510.41
1775243353, 882, 111, 429, 0, 0, 0.54%, 0, 0, 11, 1579.59
1775243358, 882, 198, 429, 0, 0, 0.54%, 0, 0, 11, 1463.14
1775243364, 882, 267, 429, 0, 0, 0.54%, 0, 0, 11, 1429.88
1775243369, 882, 354, 429, 0, 0, 0.54%, 0, 0, 11, 1355.92
1775243374, 882, 423, 429, 0, 0, 0.54%, 0, 0, 11, 1397.75
1775243379, 883, 63, 429, 0, 0, 0.54%, 0, 0, 11, 1488.87
1775243384, 883, 91, 429, 0, 0, 0.54%, 0, 0, 11, 1444.07
1775243389, 883, 187, 429, 0, 0, 0.54%, 0, 0, 11, 1318.61
1775243394, 883, 264, 429, 0, 0, 0.54%, 0, 0, 11, 1322.11
1775243399, 883, 330, 429, 0, 0, 0.54%, 0, 0, 11, 1475.59
1775243404, 883, 385, 429, 0, 0, 0.54%, 0, 0, 11, 1330.95
1775243409, 884, 62, 429, 0, 0, 0.54%, 0, 0, 11, 1414.41
1775243415, 884, 100, 429, 0, 0, 0.54%, 0, 0, 11, 1546.40
1775243420, 884, 225, 429, 0, 0, 0.54%, 0, 0, 11, 1414.31
1775243425, 884, 345, 429, 0, 0, 0.54%, 0, 0, 11, 1452.42
1775243430, 884, 389, 429, 0, 0, 0.54%, 0, 0, 11, 1369.52
1775243435, 885, 46, 429, 0, 0, 0.54%, 0, 0, 11, 1418.67
1775243440, 885, 86, 429, 0, 0, 0.54%, 0, 0, 11, 1399.88
1775243445, 885, 133, 429, 0, 0, 0.54%, 0, 0, 11, 1401.69
1775243450, 885, 158, 429, 0, 0, 0.54%, 0, 0, 11, 850.79
1775243455, 885, 349, 429, 0, 0, 0.54%, 0, 0, 11, 1314.41
1775243460, 885, 385, 429, 0, 0, 0.54%, 0, 0, 11, 1385.77
1775243465, 886, 80, 429, 0, 0, 0.54%, 0, 0, 11, 1558.20
1775243470, 886, 119, 429, 0, 0, 0.54%, 0, 0, 11, 1642.02
1775243475, 886, 191, 429, 0, 0, 0.54%, 0, 0, 11, 1524.89
1775243480, 886, 217, 429, 0, 0, 0.54%, 0, 0, 11, 1487.80
1775243485, 886, 355, 429, 0, 0, 0.54%, 0, 0, 11, 1456.61
1775243491, 887, 39, 429, 0, 0, 0.54%, 0, 0, 11, 1354.76
1775243496, 887, 86, 429, 0, 0, 0.54%, 0, 0, 11, 1522.09
1775243501, 887, 140, 429, 0, 0, 0.54%, 0, 0, 11, 1447.44
1775243506, 887, 214, 429, 0, 0, 0.54%, 0, 0, 11, 1472.60
1775243511, 887, 330, 429, 0, 0, 0.54%, 0, 0, 11, 1436.51
1775243516, 887, 385, 429, 0, 0, 0.54%, 0, 0, 11, 1330.71
1775243521, 888, 22, 429, 0, 0, 0.54%, 0, 0, 11, 1736.15
1775243526, 888, 86, 429, 0, 0, 0.54%, 0, 0, 11, 1483.77
1775243531, 888, 147, 429, 0, 0, 0.54%, 0, 0, 11, 1505.28
1775243536, 888, 246, 429, 0, 0, 0.54%, 0, 0, 11, 1517.20
1775243541, 888, 362, 429, 0, 0, 0.54%, 0, 0, 11, 1354.62
1775243547, 889, 18, 429, 0, 0, 0.54%, 0, 0, 11, 1377.43
1775243552, 889, 79, 429, 0, 0, 0.54%, 0, 0, 11, 1568.02
1775243557, 889, 111, 429, 0, 0, 0.54%, 0, 0, 11, 1514.35
1775243562, 889, 196, 429, 0, 0, 0.54%, 0, 0, 11, 1421.36
1775243567, 889, 325, 429, 0, 0, 0.54%, 0, 0, 11, 1481.74
1775243572, 889, 395, 429, 0, 0, 0.54%, 0, 0, 11, 1252.92
1775243577, 890, 79, 429, 0, 0, 0.54%, 0, 0, 11, 1467.04
1775243582, 890, 104, 429, 0, 0, 0.54%, 0, 0, 11, 1506.18
1775243587, 890, 165, 429, 0, 0, 0.54%, 0, 0, 11, 1423.48
1775243592, 890, 338, 429, 0, 0, 0.54%, 0, 0, 11, 1392.90
1775243597, 890, 385, 429, 0, 0, 0.54%, 0, 0, 11, 1365.40
1775243602, 891, 79, 429, 0, 0, 0.54%, 0, 0, 11, 1470.29
1775243607, 891, 111, 429, 0, 0, 0.54%, 0, 0, 11, 1540.55
1775243613, 891, 155, 429, 0, 0, 0.54%, 0, 0, 11, 1496.92
1775243618, 891, 235, 429, 0, 0, 0.54%, 0, 0, 11, 1521.42
1775243623, 891, 325, 429, 0, 0, 0.54%, 0, 0, 11, 1532.57
1775243628, 891, 376, 429, 0, 0, 0.54%, 0, 0, 11, 1351.34
1775243633, 892, 47, 429, 0, 0, 0.54%, 0, 0, 11, 1386.67
1775243638, 892, 89, 429, 0, 0, 0.54%, 0, 0, 11, 1392.79
1775243643, 892, 123, 429, 0, 0, 0.54%, 0, 0, 11, 1472.12
1775243648, 892, 193, 429, 0, 0, 0.54%, 0, 0, 11, 1451.15
1775243653, 892, 325, 429, 0, 0, 0.54%, 0, 0, 11, 1438.38
1775243658, 892, 385, 429, 0, 0, 0.54%, 0, 0, 11, 1376.14
1775243663, 893, 58, 429, 0, 0, 0.54%, 0, 0, 11, 1396.62
1775243668, 893, 86, 429, 0, 0, 0.54%, 0, 0, 11, 1461.04
1775243674, 893, 139, 429, 0, 0, 0.54%, 0, 0, 11, 1539.41
1775243679, 893, 325, 429, 0, 0, 0.54%, 0, 0, 11, 1549.04
1775243684, 893, 394, 429, 0, 0, 0.54%, 0, 0, 11, 1399.52
1775243689, 894, 31, 429, 0, 0, 0.54%, 0, 0, 11, 1465.08
1775243694, 894, 80, 429, 0, 0, 0.54%, 0, 0, 11, 1523.87
1775243699, 894, 111, 429, 0, 0, 0.54%, 0, 0, 11, 1409.02
1775243704, 894, 182, 429, 0, 0, 0.54%, 0, 0, 11, 1379.95
1775243709, 894, 275, 429, 0, 0, 0.54%, 0, 0, 11, 1413.44
1775243714, 894, 349, 429, 0, 0, 0.54%, 0, 0, 11, 1498.89
1775243719, 894, 427, 429, 0, 0, 0.54%, 0, 0, 11, 1182.32
1775243724, 895, 78, 429, 0, 0, 0.54%, 0, 0, 11, 1468.35
1775243729, 895, 100, 429, 0, 0, 0.54%, 0, 0, 11, 1493.28
1775243734, 895, 147, 429, 0, 0, 0.54%, 0, 0, 11, 293.33
1775243740, 895, 195, 429, 0, 0, 0.54%, 0, 0, 11, 1359.00
1775243745, 895, 349, 429, 0, 0, 0.54%, 0, 0, 11, 1448.72
1775243750, 896, 4, 429, 0, 0, 0.54%, 0, 0, 11, 1430.07
1775243755, 896, 63, 429, 0, 0, 0.54%, 0, 0, 11, 1398.12
1775243760, 896, 111, 429, 0, 0, 0.54%, 0, 0, 11, 1435.20
1775243765, 896, 147, 429, 0, 0, 0.54%, 0, 0, 11, 1340.29
1775243770, 896, 207, 429, 0, 0, 0.54%, 0, 0, 11, 1452.96
1775243775, 896, 309, 429, 0, 0, 0.54%, 0, 0, 11, 1452.12
1775243780, 896, 360, 429, 0, 0, 0.54%, 0, 0, 11, 1388.18
1775243785, 897, 63, 429, 0, 0, 0.54%, 0, 0, 11, 1391.30
1775243791, 897, 81, 429, 0, 0, 0.54%, 0, 0, 11, 1384.19
1775243796, 897, 120, 429, 0, 0, 0.54%, 0, 0, 11, 1393.51
1775243801, 897, 160, 429, 0, 0, 0.54%, 0, 0, 11, 1450.22
1775243806, 897, 240, 429, 0, 0, 0.54%, 0, 0, 11, 1485.69
1775243811, 897, 357, 429, 0, 0, 0.54%, 0, 0, 11, 1413.54
1775243816, 898, 36, 429, 0, 0, 0.54%, 0, 0, 11, 1353.27
1775243821, 898, 79, 429, 0, 0, 0.54%, 0, 0, 11, 1502.09
1775243826, 898, 111, 429, 0, 0, 0.54%, 0, 0, 11, 1462.34
1775243831, 898, 228, 429, 0, 0, 0.54%, 0, 0, 11, 1428.50
1775243836, 898, 325, 429, 0, 0, 0.54%, 0, 0, 11, 1436.34
1775243841, 898, 385, 429, 0, 0, 0.54%, 0, 0, 11, 1354.80
1775243847, 899, 63, 429, 0, 0, 0.54%, 0, 0, 11, 1399.34
1775243852, 899, 108, 429, 0, 0, 0.54%, 0, 0, 11, 1345.54
1775243857, 899, 211, 429, 0, 0, 0.54%, 0, 0, 11, 1473.56
1775243862, 899, 354, 429, 0, 0, 0.54%, 0, 0, 11, 1369.35
1775243867, 900, 63, 429, 0, 0, 0.54%, 0, 0, 11, 1467.87
1775243872, 900, 100, 429, 0, 0, 0.54%, 0, 0, 11, 486.23
1775243877, 900, 164, 429, 0, 0, 0.54%, 0, 0, 11, 1216.59
1775243882, 900, 276, 429, 0, 0, 0.54%, 0, 0, 11, 1426.99
1775243887, 900, 349, 429, 0, 0, 0.54%, 0, 0, 11, 1475.57
1775243892, 900, 423, 429, 0, 0, 0.54%, 0, 0, 11, 1399.79
1775243897, 901, 63, 429, 0, 0, 0.54%, 0, 0, 11, 1499.23
1775243902, 901, 87, 429, 0, 0, 0.54%, 0, 0, 11, 1372.52
1775243907, 901, 196, 429, 0, 0, 0.54%, 0, 0, 11, 1515.80
1775243913, 901, 289, 429, 0, 0, 0.54%, 0, 0, 11, 1435.94
1775243918, 901, 354, 429, 0, 0, 0.54%, 0, 0, 11, 1383.48
1775243923, 902, 63, 429, 0, 0, 0.54%, 0, 0, 11, 1445.25
1775243928, 902, 100, 429, 0, 0, 0.54%, 0, 0, 11, 1402.48
1775243933, 902, 190, 429, 0, 0, 0.54%, 0, 0, 11, 1511.00
1775243938, 902, 257, 429, 0, 0, 0.54%, 0, 0, 11, 1416.21
1775243943, 902, 340, 429, 0, 0, 0.54%, 0, 0, 11, 1380.72
1775243948, 902, 385, 429, 0, 0, 0.54%, 0, 0, 11, 1300.78
1775243953, 903, 80, 429, 0, 0, 0.54%, 0, 0, 11, 1511.70
1775243958, 903, 196, 429, 0, 0, 0.54%, 0, 0, 11, 1504.23
1775243963, 903, 325, 429, 0, 0, 0.54%, 0, 0, 11, 1441.20
1775243968, 903, 385, 429, 0, 0, 0.54%, 0, 0, 11, 1332.67
1775243973, 904, 39, 429, 0, 0, 0.54%, 0, 0, 11, 1361.34
1775243979, 904, 79, 429, 0, 0, 0.54%, 0, 0, 11, 1447.59
1775243984, 904, 114, 429, 0, 0, 0.54%, 0, 0, 11, 1420.01
1775243989, 904, 164, 429, 0, 0, 0.54%, 0, 0, 11, 1392.76
1775243994, 904, 257, 429, 0, 0, 0.54%, 0, 0, 11, 1368.41
1775243999, 904, 349, 429, 0, 0, 0.54%, 0, 0, 11, 1379.79
1775244004, 905, 19, 429, 0, 0, 0.54%, 0, 0, 11, 1216.52
1775244009, 905, 75, 429, 0, 0, 0.54%, 0, 0, 11, 1388.10
1775244014, 905, 86, 429, 0, 0, 0.54%, 0, 0, 11, 1401.04
1775244019, 905, 145, 429, 0, 0, 0.54%, 0, 0, 11, 1496.38
1775244024, 905, 196, 429, 0, 0, 0.54%, 0, 0, 11, 1292.50
1775244030, 905, 325, 429, 0, 0, 0.54%, 0, 0, 11, 1425.99
1775244035, 906, 21, 429, 0, 0, 0.54%, 0, 0, 11, 1484.70
1775244040, 906, 79, 429, 0, 0, 0.54%, 0, 0, 11, 1562.04
1775244045, 906, 113, 429, 0, 0, 0.54%, 0, 0, 11, 1385.78
1775244050, 906, 180, 429, 0, 0, 0.54%, 0, 0, 11, 1525.07
1775244055, 906, 242, 429, 0, 0, 0.54%, 0, 0, 11, 1336.62
1775244060, 906, 304, 429, 0, 0, 0.54%, 0, 0, 11, 1270.90
1775244065, 906, 357, 429, 0, 0, 0.54%, 0, 0, 11, 1268.60
1775244070, 907, 4, 429, 0, 0, 0.54%, 0, 0, 11, 1251.30
1775244075, 907, 63, 429, 0, 0, 0.54%, 0, 0, 11, 1442.74
1775244080, 907, 100, 429, 0, 0, 0.54%, 0, 0, 11, 1480.41
1775244086, 907, 196, 429, 0, 0, 0.54%, 0, 0, 11, 1358.02
1775244091, 907, 325, 429, 0, 0, 0.54%, 0, 0, 11, 1431.97
1775244096, 907, 410, 429, 0, 0, 0.54%, 0, 0, 11, 1287.56
1775244101, 908, 33, 429, 0, 0, 0.54%, 0, 0, 11, 1461.76
1775244106, 908, 86, 429, 0, 0, 0.54%, 0, 0, 11, 1581.19
1775244111, 908, 158, 429, 0, 0, 0.54%, 0, 0, 11, 1525.15
1775244116, 908, 199, 429, 0, 0, 0.54%, 0, 0, 11, 1735.94
1775244121, 908, 311, 429, 0, 0, 0.54%, 0, 0, 11, 1039.53
1775244126, 908, 371, 429, 0, 0, 0.54%, 0, 0, 11, 1329.81
1775244131, 909, 63, 429, 0, 0, 0.54%, 0, 0, 11, 1450.18
1775244137, 909, 100, 429, 0, 0, 0.54%, 0, 0, 11, 1492.60
1775244142, 909, 147, 429, 0, 0, 0.54%, 0, 0, 11, 1375.03
1775244147, 909, 204, 429, 0, 0, 0.54%, 0, 0, 11, 1421.43
1775244152, 909, 274, 429, 0, 0, 0.54%, 0, 0, 11, 1427.06
1775244157, 909, 357, 429, 0, 0, 0.54%, 0, 0, 11, 1359.80
1775244162, 909, 419, 429, 0, 0, 0.54%, 0, 0, 11, 1259.14
1775244167, 910, 74, 429, 0, 0, 0.54%, 0, 0, 11, 1483.61
1775244172, 910, 91, 429, 0, 0, 0.54%, 0, 0, 11, 1583.93
1775244177, 910, 147, 429, 0, 0, 0.54%, 0, 0, 11, 1566.09
1775244182, 910, 196, 429, 0, 0, 0.54%, 0, 0, 11, 1581.94
1775244187, 910, 325, 429, 0, 0, 0.54%, 0, 0, 11, 1495.29
1775244192, 910, 367, 429, 0, 0, 0.54%, 0, 0, 11, 1364.02
1775244197, 911, 10, 429, 0, 0, 0.54%, 0, 0, 11, 1452.30
1775244202, 911, 79, 429, 0, 0, 0.54%, 0, 0, 11, 1441.03
1775244207, 911, 100, 429, 0, 0, 0.54%, 0, 0, 11, 1523.22
1775244213, 911, 147, 429, 0, 0, 0.54%, 0, 0, 11, 1484.27
1775244218, 911, 257, 429, 0, 0, 0.54%, 0, 0, 11, 1444.67
1775244223, 911, 357, 429, 0, 0, 0.54%, 0, 0, 11, 1454.40
1775244228, 912, 63, 429, 0, 0, 0.54%, 0, 0, 11, 1425.37
1775244233, 912, 100, 429, 0, 0, 0.54%, 0, 0, 11, 1477.17
1775244238, 912, 206, 429, 0, 0, 0.54%, 0, 0, 11, 1432.91
1775244243, 912, 349, 429, 0, 0, 0.54%, 0, 0, 11, 1381.61
1775244248, 912, 385, 429, 0, 0, 0.54%, 0, 0, 11, 1353.16
1775244253, 913, 91, 429, 0, 0, 0.54%, 0, 0, 11, 1505.85
1775244258, 913, 114, 429, 0, 0, 0.54%, 0, 0, 11, 1453.76
1775244263, 913, 224, 429, 0, 0, 0.54%, 0, 0, 11, 1462.56
1775244269, 913, 357, 429, 0, 0, 0.54%, 0, 0, 11, 1363.07
1775244274, 914, 17, 429, 0, 0, 0.54%, 0, 0, 11, 1389.92
1775244279, 914, 69, 429, 0, 0, 0.54%, 0, 0, 11, 1536.20
1775244284, 914, 99, 429, 0, 0, 0.54%, 0, 0, 11, 1540.70
1775244289, 914, 147, 429, 0, 0, 0.54%, 0, 0, 11, 1348.78
1775244294, 914, 266, 429, 0, 0, 0.54%, 0, 0, 11, 1499.54
1775244299, 914, 349, 429, 0, 0, 0.54%, 0, 0, 11, 1336.75
1775244304, 914, 395, 429, 0, 0, 0.54%, 0, 0, 11, 1281.74
1775244309, 915, 25, 429, 0, 0, 0.54%, 0, 0, 11, 1288.96
1775244314, 915, 86, 429, 0, 0, 0.54%, 0, 0, 11, 1481.50
1775244319, 915, 117, 429, 0, 0, 0.54%, 0, 0, 11, 1559.08
1775244324, 915, 165, 429, 0, 0, 0.54%, 0, 0, 11, 1527.12
1775244330, 915, 210, 429, 0, 0, 0.54%, 0, 0, 11, 1336.89
1775244335, 915, 325, 429, 0, 0, 0.54%, 0, 0, 11, 1428.66
1775244340, 915, 385, 429, 0, 0, 0.54%, 0, 0, 11, 1388.43
1775244345, 916, 61, 429, 0, 0, 0.54%, 0, 0, 11, 1404.91
1775244350, 916, 86, 429, 0, 0, 0.54%, 0, 0, 11, 1490.45
1775244355, 916, 147, 429, 0, 0, 0.54%, 0, 0, 11, 1362.47
1775244360, 916, 293, 429, 0, 0, 0.54%, 0, 0, 11, 1480.64
1775244365, 916, 354, 429, 0, 0, 0.54%, 0, 0, 11, 1385.08
1775244370, 916, 419, 429, 0, 0, 0.54%, 0, 0, 11, 1235.53
1775244375, 917, 36, 429, 0, 0, 0.54%, 0, 0, 11, 1444.58
1775244381, 917, 86, 429, 0, 0, 0.54%, 0, 0, 11, 1510.55
1775244386, 917, 111, 429, 0, 0, 0.54%, 0, 0, 11, 1428.72
1775244391, 917, 197, 429, 0, 0, 0.54%, 0, 0, 11, 1419.00
1775244396, 917, 290, 429, 0, 0, 0.54%, 0, 0, 11, 1416.97
1775244401, 917, 354, 429, 0, 0, 0.54%, 0, 0, 11, 1390.26
1775244406, 918, 2, 429, 0, 0, 0.54%, 0, 0, 11, 1288.16
1775244411, 918, 86, 429, 0, 0, 0.54%, 0, 0, 11, 1406.46
1775244416, 918, 120, 429, 0, 0, 0.54%, 0, 0, 11, 1520.98
1775244421, 918, 153, 429, 0, 0, 0.54%, 0, 0, 11, 1511.33
1775244426, 918, 216, 429, 0, 0, 0.54%, 0, 0, 11, 1573.27
1775244431, 918, 268, 429, 0, 0, 0.54%, 0, 0, 11, 1458.14
1775244436, 918, 300, 429, 0, 0, 0.54%, 0, 0, 11, 1369.90
1775244441, 918, 370, 429, 0, 0, 0.54%, 0, 0, 11, 1356.38
1775244447, 919, 28, 429, 0, 0, 0.54%, 0, 0, 11, 1267.27
1775244452, 919, 80, 429, 0, 0, 0.54%, 0, 0, 11, 1526.49
1775244457, 919, 100, 429, 0, 0, 0.54%, 0, 0, 11, 359.43
1775244462, 919, 196, 429, 0, 0, 0.54%, 0, 0, 11, 1241.44
1775244467, 919, 344, 429, 0, 0, 0.54%, 0, 0, 11, 1369.60
1775244472, 919, 398, 429, 0, 0, 0.54%, 0, 0, 11, 1285.79
1775244477, 920, 79, 429, 0, 0, 0.54%, 0, 0, 11, 1411.04
1775244482, 920, 90, 429, 0, 0, 0.54%, 0, 0, 11, 1387.17
1775244487, 920, 134, 429, 0, 0, 0.54%, 0, 0, 11, 1502.04
1775244493, 920, 196, 429, 0, 0, 0.54%, 0, 0, 11, 1528.18
1775244498, 920, 245, 429, 0, 0, 0.54%, 0, 0, 11, 1474.33
1775244503, 920, 305, 429, 0, 0, 0.54%, 0, 0, 11, 1362.03
1775244508, 920, 357, 429, 0, 0, 0.54%, 0, 0, 11, 1324.79
1775244513, 921, 10, 429, 0, 0, 0.54%, 0, 0, 11, 1193.52
1775244518, 921, 63, 429, 0, 0, 0.54%, 0, 0, 11, 1536.60
1775244523, 921, 109, 429, 0, 0, 0.54%, 0, 0, 11, 1549.42
1775244528, 921, 237, 429, 0, 0, 0.54%, 0, 0, 11, 1444.73
1775244533, 921, 352, 429, 0, 0, 0.54%, 0, 0, 11, 1479.55
1775244538, 921, 425, 429, 0, 0, 0.54%, 0, 0, 11, 1266.41
1775244543, 922, 79, 429, 0, 0, 0.54%, 0, 0, 11, 1494.99
1775244548, 922, 102, 429, 0, 0, 0.54%, 0, 0, 11, 1504.03
1775244553, 922, 177, 429, 0, 0, 0.54%, 0, 0, 11, 1425.02
1775244558, 922, 346, 429, 0, 0, 0.54%, 0, 0, 11, 1466.92
1775244564, 923, 5, 429, 0, 0, 0.54%, 0, 0, 11, 1362.90
1775244569, 923, 80, 429, 0, 0, 0.54%, 0, 0, 11, 1474.18
1775244574, 923, 137, 429, 0, 0, 0.54%, 0, 0, 11, 1599.76
1775244579, 923, 196, 429, 0, 0, 0.54%, 0, 0, 11, 1465.50
1775244584, 923, 296, 429, 0, 0, 0.54%, 0, 0, 11, 1506.84
1775244589, 923, 385, 429, 0, 0, 0.54%, 0, 0, 11, 1346.39
1775244594, 924, 19, 429, 0, 0, 0.54%, 0, 0, 11, 1339.87
1775244599, 924, 91, 429, 0, 0, 0.54%, 0, 0, 11, 1539.45
1775244604, 924, 199, 429, 0, 0, 0.54%, 0, 0, 11, 1447.57
1775244609, 924, 325, 429, 0, 0, 0.54%, 0, 0, 11, 1442.11
1775244615, 924, 385, 429, 0, 0, 0.54%, 0, 0, 11, 1268.56
1775244620, 925, 19, 429, 0, 0, 0.54%, 0, 0, 11, 1798.66
1775244625, 925, 80, 429, 0, 0, 0.54%, 0, 0, 11, 1585.61
1775244630, 925, 111, 429, 0, 0, 0.54%, 0, 0, 11, 1540.73
1775244635, 925, 185, 429, 0, 0, 0.54%, 0, 0, 11, 1535.70
1775244640, 925, 247, 429, 0, 0, 0.54%, 0, 0, 11, 1508.77
1775244645, 925, 333, 429, 0, 0, 0.54%, 0, 0, 11, 1413.14
1775244650, 925, 410, 429, 0, 0, 0.54%, 0, 0, 11, 1244.55
1775244655, 926, 28, 429, 0, 0, 0.54%, 0, 0, 11, 1415.28
1775244661, 926, 86, 429, 0, 0, 0.54%, 0, 0, 11, 1418.84
1775244666, 926, 120, 429, 0, 0, 0.54%, 0, 0, 11, 1468.64
1775244671, 926, 231, 429, 0, 0, 0.54%, 0, 0, 11, 1482.95
1775244676, 926, 354, 429, 0, 0, 0.54%, 0, 0, 11, 1487.51
1775244681, 926, 385, 429, 0, 0, 0.54%, 0, 0, 11, 1299.63
1775244686, 927, 65, 429, 0, 0, 0.54%, 0, 0, 11, 1399.30
1775244691, 927, 101, 429, 0, 0, 0.54%, 0, 0, 11, 1479.02
1775244696, 927, 148, 429, 0, 0, 0.54%, 0, 0, 11, 1525.81
1775244701, 927, 228, 429, 0, 0, 0.54%, 0, 0, 11, 1501.84
1775244706, 927, 349, 429, 0, 0, 0.54%, 0, 0, 11, 1559.44
1775244711, 928, 15, 429, 0, 0, 0.54%, 0, 0, 11, 1376.01
1775244717, 928, 66, 429, 0, 0, 0.54%, 0, 0, 11, 1454.55
1775244722, 928, 100, 429, 0, 0, 0.54%, 0, 0, 11, 1515.56
1775244727, 928, 178, 429, 0, 0, 0.54%, 0, 0, 11, 1438.86
1775244732, 928, 230, 429, 0, 0, 0.54%, 0, 0, 11, 1549.77
1775244737, 928, 323, 429, 0, 0, 0.54%, 0, 0, 11, 1434.72
1775244742, 929, 22, 429, 0, 0, 0.54%, 0, 0, 11, 1429.39
1775244747, 929, 79, 429, 0, 0, 0.54%, 0, 0, 11, 1557.11
1775244752, 929, 121, 429, 0, 0, 0.54%, 0, 0, 11, 1562.46
1775244757, 929, 233, 429, 0, 0, 0.54%, 0, 0, 11, 1504.28
1775244762, 929, 325, 429, 0, 0, 0.54%, 0, 0, 11, 1393.43
1775244768, 929, 357, 429, 0, 0, 0.54%, 0, 0, 11, 1347.15
1775244773, 930, 16, 429, 0, 0, 0.54%, 0, 0, 11, 1312.83
1775244778, 930, 80, 429, 0, 0, 0.54%, 0, 0, 11, 1493.68
1775244783, 930, 111, 429, 0, 0, 0.54%, 0, 0, 11, 1496.70
1775244788, 930, 196, 429, 0, 0, 0.54%, 0, 0, 11, 400.80
1775244793, 930, 301, 429, 0, 0, 0.54%, 0, 0, 11, 1278.96
1775244798, 930, 385, 429, 0, 0, 0.54%, 0, 0, 11, 1318.12
1775244803, 931, 79, 429, 0, 0, 0.54%, 0, 0, 11, 1403.90
1775244808, 931, 103, 429, 0, 0, 0.54%, 0, 0, 11, 1473.52
1775244813, 931, 196, 429, 0, 0, 0.54%, 0, 0, 11, 1478.45
1775244818, 931, 305, 429, 0, 0, 0.54%, 0, 0, 11, 1388.83
1775244823, 931, 357, 429, 0, 0, 0.54%, 0, 0, 11, 1359.69
1775244828, 932, 79, 429, 0, 0, 0.54%, 0, 0, 11, 1414.33
1775244834, 932, 111, 429, 0, 0, 0.54%, 0, 0, 11, 1301.70
1775244839, 932, 162, 429, 0, 0, 0.54%, 0, 0, 11, 1434.67
1775244844, 932, 270, 429, 0, 0, 0.54%, 0, 0, 11, 1449.12
1775244849, 932, 349, 429, 0, 0, 0.54%, 0, 0, 11, 1400.64
1775244854, 932, 418, 429, 0, 0, 0.54%, 0, 0, 11, 1215.16
1775244859, 933, 79, 429, 0, 0, 0.54%, 0, 0, 11, 1444.04
1775244864, 933, 111, 429, 0, 0, 0.54%, 0, 0, 11, 1386.71
1775244869, 933, 160, 429, 0, 0, 0.54%, 0, 0, 11, 1417.35
1775244874, 933, 246, 429, 0, 0, 0.54%, 0, 0, 11, 1397.11
1775244879, 933, 334, 429, 0, 0, 0.54%, 0, 0, 11, 1454.94
1775244885, 933, 380, 429, 0, 0, 0.54%, 0, 0, 11, 1234.54
1775244890, 934, 42, 429, 0, 0, 0.54%, 0, 0, 11, 1381.69
1775244895, 934, 91, 429, 0, 0, 0.54%, 0, 0, 11, 1452.32
1775244900, 934, 147, 429, 0, 0, 0.54%, 0, 0, 11, 1519.29
1775244905, 934, 242, 429, 0, 0, 0.54%, 0, 0, 11, 1536.23
1775244910, 934, 308, 429, 0, 0, 0.54%, 0, 0, 11, 1464.35
1775244915, 934, 371, 429, 0, 0, 0.54%, 0, 0, 11, 1357.58
1775244920, 935, 22, 429, 0, 0, 0.54%, 0, 0, 11, 1106.11
1775244925, 935, 100, 429, 0, 0, 0.54%, 0, 0, 11, 1485.96
1775244930, 935, 164, 429, 0, 0, 0.54%, 0, 0, 11, 1509.91
1775244936, 935, 192, 429, 0, 0, 0.54%, 0, 0, 11, 1165.00
1775244941, 935, 252, 429, 0, 0, 0.54%, 0, 0, 11, 1409.90
1775244946, 935, 304, 429, 0, 0, 0.54%, 0, 0, 11, 1354.22
1775244951, 935, 371, 429, 0, 0, 0.54%, 0, 0, 11, 1262.50
1775244956, 936, 46, 429, 0, 0, 0.54%, 0, 0, 11, 1319.75
1775244961, 936, 80, 429, 0, 0, 0.54%, 0, 0, 11, 1518.53
1775244966, 936, 121, 429, 0, 0, 0.54%, 0, 0, 11, 1516.90
1775244971, 936, 193, 429, 0, 0, 0.54%, 0, 0, 11, 1421.06
1775244976, 936, 290, 429, 0, 0, 0.54%, 0, 0, 11, 1477.97
1775244981, 936, 349, 429, 0, 0, 0.54%, 0, 0, 11, 1469.26
1775244986, 936, 389, 429, 0, 0, 0.54%, 0, 0, 11, 1332.86
1775244991, 937, 73, 429, 0, 0, 0.54%, 0, 0, 11, 1474.57
1775244996, 937, 100, 429, 0, 0, 0.54%, 0, 0, 11, 1418.40
1775245001, 937, 147, 429, 0, 0, 0.54%, 0, 0, 11, 1585.49
1775245007, 937, 216, 429, 0, 0, 0.54%, 0, 0, 11, 1497.48
1775245012, 937, 333, 429, 0, 0, 0.54%, 0, 0, 11, 1405.78
1775245017, 937, 371, 429, 0, 0, 0.54%, 0, 0, 11, 1363.84
1775245022, 938, 79, 429, 0, 0, 0.54%, 0, 0, 11, 1453.78
1775245027, 938, 94, 429, 0, 0, 0.54%, 0, 0, 11, 1531.76
1775245032, 938, 196, 429, 0, 0, 0.54%, 0, 0, 11, 1540.83
1775245037, 938, 310, 429, 0, 0, 0.54%, 0, 0, 11, 1499.86
1775245042, 938, 366, 429, 0, 0, 0.54%, 0, 0, 11, 1341.87
1775245047, 939, 45, 429, 0, 0, 0.54%, 0, 0, 11, 1454.73
1775245053, 939, 91, 429, 0, 0, 0.54%, 0, 0, 11, 1426.26
1775245058, 939, 203, 429, 0, 0, 0.54%, 0, 0, 11, 1542.18
1775245063, 939, 354, 429, 0, 0, 0.54%, 0, 0, 11, 1481.39
1775245068, 940, 36, 429, 0, 0, 0.54%, 0, 0, 11, 1455.94
1775245073, 940, 82, 429, 0, 0, 0.54%, 0, 0, 11, 1502.27
1775245078, 940, 129, 429, 0, 0, 0.54%, 0, 0, 11, 1473.39
1775245083, 940, 190, 429, 0, 0, 0.54%, 0, 0, 11, 1426.11
1775245088, 940, 309, 429, 0, 0, 0.54%, 0, 0, 11, 1489.48
1775245093, 940, 357, 429, 0, 0, 0.54%, 0, 0, 11, 1379.30
1775245098, 940, 402, 429, 0, 0, 0.54%, 0, 0, 11, 1236.44
1775245103, 941, 86, 429, 0, 0, 0.54%, 0, 0, 11, 1445.79
1775245108, 941, 147, 429, 0, 0, 0.54%, 0, 0, 11, 1459.63
1775245113, 941, 196, 429, 0, 0, 0.54%, 0, 0, 11, 668.17
1775245118, 941, 291, 429, 0, 0, 0.54%, 0, 0, 11, 1150.19
1775245123, 941, 325, 429, 0, 0, 0.54%, 0, 0, 11, 1399.78
1775245129, 941, 385, 429, 0, 0, 0.54%, 0, 0, 11, 1362.60
1775245134, 942, 79, 429, 0, 0, 0.54%, 0, 0, 11, 1560.17
1775245139, 942, 106, 429, 0, 0, 0.54%, 0, 0, 11, 1352.76
1775245144, 942, 196, 429, 0, 0, 0.54%, 0, 0, 11, 1403.27
1775245149, 942, 349, 429, 0, 0, 0.54%, 0, 0, 11, 1470.42
1775245154, 943, 36, 429, 0, 0, 0.54%, 0, 0, 11, 1453.75
1775245159, 943, 100, 429, 0, 0, 0.54%, 0, 0, 11, 1472.91
1775245164, 943, 156, 429, 0, 0, 0.54%, 0, 0, 11, 1360.81
1775245169, 943, 297, 429, 0, 0, 0.54%, 0, 0, 11, 1572.75
1775245175, 943, 371, 429, 0, 0, 0.54%, 0, 0, 11, 1517.60
1775245180, 944, 12, 429, 0, 0, 0.54%, 0, 0, 11, 1373.09
1775245185, 944, 79, 429, 0, 0, 0.54%, 0, 0, 11, 1609.25
1775245190, 944, 100, 429, 0, 0, 0.54%, 0, 0, 11, 1570.80
1775245195, 944, 151, 429, 0, 0, 0.54%, 0, 0, 11, 1584.93
1775245200, 944, 263, 429, 0, 0, 0.54%, 0, 0, 11, 1571.79
1775245205, 944, 370, 429, 0, 0, 0.54%, 0, 0, 11, 1382.69
1775245210, 945, 63, 429, 0, 0, 0.54%, 0, 0, 11, 1484.39
1775245215, 945, 91, 429, 0, 0, 0.54%, 0, 0, 11, 1480.64
1775245220, 945, 147, 429, 0, 0, 0.54%, 0, 0, 11, 1409.21
1775245225, 945, 248, 429, 0, 0, 0.54%, 0, 0, 11, 1494.46
1775245230, 945, 349, 429, 0, 0, 0.54%, 0, 0, 11, 1443.20
1775245236, 946, 22, 429, 0, 0, 0.54%, 0, 0, 11, 1365.04
1775245241, 946, 80, 429, 0, 0, 0.54%, 0, 0, 11, 1615.46
1775245246, 946, 112, 429, 0, 0, 0.54%, 0, 0, 11, 1534.41
1775245251, 946, 181, 429, 0, 0, 0.54%, 0, 0, 11, 1607.13
1775245256, 946, 262, 429, 0, 0, 0.54%, 0, 0, 11, 1582.48
1775245261, 946, 338, 429, 0, 0, 0.54%, 0, 0, 11, 1370.43
1775245266, 946, 385, 429, 0, 0, 0.54%, 0, 0, 11, 1372.97
1775245271, 946, 422, 429, 0, 0, 0.54%, 0, 0, 11, 1176.37
1775245276, 947, 65, 429, 0, 0, 0.54%, 0, 0, 11, 1460.05
1775245281, 947, 105, 429, 0, 0, 0.54%, 0, 0, 11, 1485.02
1775245287, 947, 177, 429, 0, 0, 0.54%, 0, 0, 11, 1340.29
1775245292, 947, 325, 429, 0, 0, 0.54%, 0, 0, 11, 1338.96
1775245297, 947, 389, 429, 0, 0, 0.54%, 0, 0, 11, 1309.09
1775245302, 948, 36, 429, 0, 0, 0.54%, 0, 0, 11, 1193.19
1775245307, 948, 86, 429, 0, 0, 0.54%, 0, 0, 11, 1304.12
1775245312, 948, 147, 429, 0, 0, 0.54%, 0, 0, 11, 1485.77
1775245317, 948, 235, 429, 0, 0, 0.54%, 0, 0, 11, 1441.22
1775245322, 948, 349, 429, 0, 0, 0.54%, 0, 0, 11, 1461.70
1775245327, 949, 20, 429, 0, 0, 0.54%, 0, 0, 11, 1392.34
1775245333, 949, 86, 429, 0, 0, 0.54%, 0, 0, 11, 1517.71
1775245338, 949, 147, 429, 0, 0, 0.54%, 0, 0, 11, 1548.81
1775245343, 949, 185, 429, 0, 0, 0.54%, 0, 0, 11, 1559.31
1775245348, 949, 344, 429, 0, 0, 0.54%, 0, 0, 11, 1516.48
1775245353, 949, 387, 429, 0, 0, 0.54%, 0, 0, 11, 1381.10
1775245358, 949, 424, 429, 0, 0, 0.54%, 0, 0, 11, 1212.75
1775245363, 950, 86, 429, 0, 0, 0.54%, 0, 0, 11, 1516.93
1775245368, 950, 130, 429, 0, 0, 0.54%, 0, 0, 11, 1493.93
1775245373, 950, 183, 429, 0, 0, 0.54%, 0, 0, 11, 1548.23
1775245378, 950, 283, 429, 0, 0, 0.54%, 0, 0, 11, 1563.88
1775245384, 950, 385, 429, 0, 0, 0.54%, 0, 0, 11, 1441.22
1775245389, 951, 79, 429, 0, 0, 0.54%, 0, 0, 11, 1433.97
1775245394, 951, 111, 429, 0, 0, 0.54%, 0, 0, 11, 1451.10
1775245399, 951, 184, 429, 0, 0, 0.54%, 0, 0, 11, 1459.94
1775245404, 951, 293, 429, 0, 0, 0.54%, 0, 0, 11, 1408.61
1775245409, 951, 374, 429, 0, 0, 0.54%, 0, 0, 11, 1401.32
1775245414, 952, 79, 429, 0, 0, 0.54%, 0, 0, 11, 1452.05
1775245419, 952, 104, 429, 0, 0, 0.54%, 0, 0, 11, 1410.27
1775245424, 952, 183, 429, 0, 0, 0.54%, 0, 0, 11, 1570.98
1775245429, 952, 243, 429, 0, 0, 0.54%, 0, 0, 11, 1442.23
1775245435, 952, 354, 429, 0, 0, 0.54%, 0, 0, 11, 1337.36
1775245440, 952, 405, 429, 0, 0, 0.54%, 0, 0, 11, 1222.90
1775245445, 953, 63, 429, 0, 0, 0.54%, 0, 0, 11, 1518.57
1775245450, 953, 111, 429, 0, 0, 0.54%, 0, 0, 11, 1479.77
1775245455, 953, 194, 429, 0, 0, 0.54%, 0, 0, 11, 1406.06
1775245460, 953, 276, 429, 0, 0, 0.54%, 0, 0, 11, 1422.15
1775245465, 953, 346, 429, 0, 0, 0.54%, 0, 0, 11, 1440.87
1775245470, 953, 385, 429, 0, 0, 0.54%, 0, 0, 11, 1356.72
1775245475, 954, 49, 429, 0, 0, 0.54%, 0, 0, 11, 1363.65
1775245480, 954, 86, 429, 0, 0, 0.54%, 0, 0, 11, 1260.33
1775245485, 954, 118, 429, 0, 0, 0.54%, 0, 0, 11, 1398.06
1775245491, 954, 236, 429, 0, 0, 0.54%, 0, 0, 11, 1376.48
1775245496, 954, 297, 429, 0, 0, 0.54%, 0, 0, 11, 1370.16
1775245501, 954, 383, 429, 0, 0, 0.54%, 0, 0, 11, 1375.54
1775245506, 955, 6, 429, 0, 0, 0.54%, 0, 0, 11, 1181.96
1775245511, 955, 50, 429, 0, 0, 0.54%, 0, 0, 11, 1413.44
1775245516, 955, 100, 429, 0, 0, 0.54%, 0, 0, 11, 1485.29
1775245521, 955, 159, 429, 0, 0, 0.54%, 0, 0, 11, 1475.66
1775245526, 955, 206, 429, 0, 0, 0.54%, 0, 0, 11, 1359.47
1775245531, 955, 289, 429, 0, 0, 0.54%, 0, 0, 11, 1496.12
1775245536, 955, 374, 429, 0, 0, 0.54%, 0, 0, 11, 1461.87
1775245541, 956, 22, 429, 0, 0, 0.54%, 0, 0, 11, 1339.54
1775245546, 956, 80, 429, 0, 0, 0.54%, 0, 0, 11, 1559.27
1775245551, 956, 111, 429, 0, 0, 0.54%, 0, 0, 11, 1448.14
1775245557, 956, 173, 429, 0, 0, 0.54%, 0, 0, 11, 1395.63
1775245562, 956, 303, 429, 0, 0, 0.54%, 0, 0, 11, 1425.77
1775245567, 956, 371, 429, 0, 0, 0.54%, 0, 0, 11, 1395.76
1775245572, 956, 428, 429, 0, 0, 0.54%, 0, 0, 11, 1708.03
1775245577, 957, 80, 429, 0, 0, 0.54%, 0, 0, 11, 1505.04
1775245582, 957, 103, 429, 0, 0, 0.54%, 0, 0, 11, 1430.85
1775245587, 957, 191, 429, 0, 0, 0.54%, 0, 0, 11, 1531.13
1775245592, 957, 325, 429, 0, 0, 0.54%, 0, 0, 11, 1560.54
1775245597, 957, 385, 429, 0, 0, 0.54%, 0, 0, 11, 1339.51
1775245603, 957, 427, 429, 0, 0, 0.54%, 0, 0, 11, 1673.87
1775245608, 958, 79, 429, 0, 0, 0.54%, 0, 0, 11, 1567.70
1775245613, 958, 111, 429, 0, 0, 0.54%, 0, 0, 11, 1464.02
1775245618, 958, 196, 429, 0, 0, 0.54%, 0, 0, 11, 1550.59
1775245623, 958, 349, 429, 0, 0, 0.54%, 0, 0, 11, 1351.96
1775245628, 958, 390, 429, 0, 0, 0.54%, 0, 0, 11, 1334.27
1775245633, 959, 28, 429, 0, 0, 0.54%, 0, 0, 11, 1319.72
1775245638, 959, 91, 429, 0, 0, 0.54%, 0, 0, 11, 1532.31
1775245643, 959, 184, 429, 0, 0, 0.54%, 0, 0, 11, 1499.40
1775245649, 959, 260, 429, 0, 0, 0.54%, 0, 0, 11, 980.38
1775245654, 959, 305, 429, 0, 0, 0.54%, 0, 0, 11, 1325.46
1775245659, 959, 358, 429, 0, 0, 0.54%, 0, 0, 11, 1394.35
1775245664, 960, 9, 429, 0, 0, 0.54%, 0, 0, 11, 1323.84
1775245669, 960, 80, 429, 0, 0, 0.54%, 0, 0, 11, 1574.46
1775245674, 960, 121, 429, 0, 0, 0.54%, 0, 0, 11, 1562.26
1775245679, 960, 181, 429, 0, 0, 0.54%, 0, 0, 11, 1576.77
1775245685, 960, 280, 429, 0, 0, 0.54%, 0, 0, 11, 1425.47
1775245690, 960, 371, 429, 0, 0, 0.54%, 0, 0, 11, 1421.53
1775245695, 961, 61, 429, 0, 0, 0.54%, 0, 0, 11, 1409.74
1775245700, 961, 86, 429, 0, 0, 0.54%, 0, 0, 11, 1690.79
1775245705, 961, 147, 429, 0, 0, 0.54%, 0, 0, 11, 1568.96
1775245710, 961, 214, 429, 0, 0, 0.54%, 0, 0, 11, 1478.96
1775245715, 961, 354, 429, 0, 0, 0.54%, 0, 0, 11, 1465.47
1775245720, 962, 8, 429, 0, 0, 0.54%, 0, 0, 11, 1600.99
1775245725, 962, 64, 429, 0, 0, 0.54%, 0, 0, 11, 1552.68
1775245731, 962, 84, 429, 0, 0, 0.54%, 0, 0, 11, 1526.15
1775245736, 962, 128, 429, 0, 0, 0.54%, 0, 0, 11, 1518.20
1775245741, 962, 188, 429, 0, 0, 0.54%, 0, 0, 11, 1467.15
1775245746, 962, 313, 429, 0, 0, 0.54%, 0, 0, 11, 1501.61
1775245751, 962, 385, 429, 0, 0, 0.54%, 0, 0, 11, 1419.63
1775245756, 963, 72, 429, 0, 0, 0.54%, 0, 0, 11, 1457.36
1775245761, 963, 100, 429, 0, 0, 0.54%, 0, 0, 11, 1523.90
1775245766, 963, 155, 429, 0, 0, 0.54%, 0, 0, 11, 1423.66
1775245771, 963, 201, 429, 0, 0, 0.54%, 0, 0, 11, 1332.83
1775245777, 963, 357, 429, 0, 0, 0.54%, 0, 0, 11, 1374.86
1775245782, 964, 23, 429, 0, 0, 0.54%, 0, 0, 11, 1313.17
1775245787, 964, 80, 429, 0, 0, 0.54%, 0, 0, 11, 1409.07
1775245792, 964, 111, 429, 0, 0, 0.54%, 0, 0, 11, 1468.51
1775245797, 964, 169, 429, 0, 0, 0.54%, 0, 0, 11, 1483.14
1775245802, 964, 206, 429, 0, 0, 0.54%, 0, 0, 11, 1416.51
1775245807, 964, 357, 429, 0, 0, 0.54%, 0, 0, 11, 1412.91
1775245812, 965, 42, 429, 0, 0, 0.54%, 0, 0, 11, 1319.37
1775245817, 965, 91, 429, 0, 0, 0.54%, 0, 0, 11, 1496.49
1775245822, 965, 172, 429, 0, 0, 0.54%, 0, 0, 11, 1477.22
1775245827, 965, 255, 429, 0, 0, 0.54%, 0, 0, 11, 1396.90
1775245832, 965, 357, 429, 0, 0, 0.54%, 0, 0, 11, 1340.90
1775245837, 966, 19, 429, 0, 0, 0.54%, 0, 0, 11, 1227.36
1775245842, 966, 86, 429, 0, 0, 0.54%, 0, 0, 11, 1441.14
1775245847, 966, 147, 429, 0, 0, 0.54%, 0, 0, 11, 1529.44
1775245853, 966, 298, 429, 0, 0, 0.54%, 0, 0, 11, 1529.84
1775245858, 966, 362, 429, 0, 0, 0.54%, 0, 0, 11, 1387.00
1775245863, 967, 19, 429, 0, 0, 0.54%, 0, 0, 11, 255.39
1775245868, 967, 78, 429, 0, 0, 0.54%, 0, 0, 11, 1503.33
1775245873, 967, 100, 429, 0, 0, 0.54%, 0, 0, 11, 1435.85
1775245878, 967, 305, 429, 0, 0, 0.54%, 0, 0, 11, 1467.62
1775245883, 967, 357, 429, 0, 0, 0.54%, 0, 0, 11, 1310.66
1775245888, 968, 46, 429, 0, 0, 0.54%, 0, 0, 11, 1420.48
1775245893, 968, 80, 429, 0, 0, 0.54%, 0, 0, 11, 1524.87
1775245898, 968, 113, 429, 0, 0, 0.54%, 0, 0, 11, 1394.43
1775245903, 968, 205, 429, 0, 0, 0.54%, 0, 0, 11, 1519.73
1775245909, 968, 280, 429, 0, 0, 0.54%, 0, 0, 11, 1550.32
1775245914, 968, 371, 429, 0, 0, 0.54%, 0, 0, 11, 1411.55
1775245919, 969, 12, 429, 0, 0, 0.54%, 0, 0, 11, 1407.26
1775245924, 969, 46, 429, 0, 0, 0.54%, 0, 0, 11, 1345.96
1775245929, 969, 80, 429, 0, 0, 0.54%, 0, 0, 11, 1511.16
1775245934, 969, 130, 429, 0, 0, 0.54%, 0, 0, 11, 1431.37
1775245939, 969, 233, 429, 0, 0, 0.54%, 0, 0, 11, 1047.49
1775245944, 969, 357, 429, 0, 0, 0.54%, 0, 0, 11, 1283.78
1775245949, 970, 2, 429, 0, 0, 0.54%, 0, 0, 11, 1207.48
1775245954, 970, 86, 429, 0, 0, 0.54%, 0, 0, 11, 1523.34
1775245960, 970, 123, 429, 0, 0, 0.54%, 0, 0, 11, 1469.02
1775245965, 970, 223, 429, 0, 0, 0.54%, 0, 0, 11, 1522.50
1775245970, 970, 371, 429, 0, 0, 0.54%, 0, 0, 11, 1475.34
1775245975, 971, 34, 429, 0, 0, 0.54%, 0, 0, 11, 1472.11
1775245980, 971, 86, 429, 0, 0, 0.54%, 0, 0, 11, 1534.23
1775245985, 971, 147, 429, 0, 0, 0.54%, 0, 0, 11, 1456.04
1775245990, 971, 279, 429, 0, 0, 0.54%, 0, 0, 11, 1443.94
1775245995, 971, 371, 429, 0, 0, 0.54%, 0, 0, 11, 1452.36
1775246000, 972, 16, 429, 0, 0, 0.54%, 0, 0, 11, 1680.99
1775246005, 972, 86, 429, 0, 0, 0.54%, 0, 0, 11, 1421.57
1775246010, 972, 166, 429, 0, 0, 0.54%, 0, 0, 11, 1514.94
1775246015, 972, 236, 429, 0, 0, 0.54%, 0, 0, 11, 1359.05
1775246021, 972, 366, 429, 0, 0, 0.54%, 0, 0, 11, 1430.08
1775246026, 973, 63, 429, 0, 0, 0.54%, 0, 0, 11, 1456.33
1775246031, 973, 100, 429, 0, 0, 0.54%, 0, 0, 11, 1578.85
1775246036, 973, 147, 429, 0, 0, 0.54%, 0, 0, 11, 1420.96
1775246041, 973, 186, 429, 0, 0, 0.54%, 0, 0, 11, 1345.84
1775246046, 973, 325, 429, 0, 0, 0.54%, 0, 0, 11, 1546.30
1775246051, 973, 398, 429, 0, 0, 0.54%, 0, 0, 11, 1334.29
1775246056, 974, 63, 429, 0, 0, 0.54%, 0, 0, 11, 1375.48
1775246061, 974, 100, 429, 0, 0, 0.54%, 0, 0, 11, 1564.61
1775246066, 974, 184, 429, 0, 0, 0.54%, 0, 0, 11, 1448.94
1775246072, 974, 325, 429, 0, 0, 0.54%, 0, 0, 11, 1465.22
1775246077, 974, 385, 429, 0, 0, 0.54%, 0, 0, 11, 1215.93
1775246082, 975, 63, 429, 0, 0, 0.54%, 0, 0, 11, 1321.50
1775246087, 975, 100, 429, 0, 0, 0.54%, 0, 0, 11, 1447.97
1775246092, 975, 139, 429, 0, 0, 0.54%, 0, 0, 11, 1478.76
1775246097, 975, 189, 429, 0, 0, 0.54%, 0, 0, 11, 1555.74
1775246102, 975, 349, 429, 0, 0, 0.54%, 0, 0, 11, 1478.87
1775246107, 975, 385, 429, 0, 0, 0.54%, 0, 0, 11, 1203.71
1775246112, 976, 34, 429, 0, 0, 0.54%, 0, 0, 11, 1858.95
1775246118, 976, 79, 429, 0, 0, 0.54%, 0, 0, 11, 1481.86
1775246123, 976, 111, 429, 0, 0, 0.54%, 0, 0, 11, 1508.20
1775246128, 976, 192, 429, 0, 0, 0.54%, 0, 0, 11, 1399.00
1775246133, 976, 231, 429, 0, 0, 0.54%, 0, 0, 11, 1377.34
1775246138, 976, 335, 429, 0, 0, 0.54%, 0, 0, 11, 1487.59
1775246143, 976, 385, 429, 0, 0, 0.54%, 0, 0, 11, 1391.82
1775246148, 977, 36, 429, 0, 0, 0.54%, 0, 0, 11, 1499.93
1775246153, 977, 80, 429, 0, 0, 0.54%, 0, 0, 11, 1445.60
1775246158, 977, 136, 429, 0, 0, 0.54%, 0, 0, 11, 1450.01
1775246163, 977, 243, 429, 0, 0, 0.54%, 0, 0, 11, 1553.02
1775246168, 977, 357, 429, 0, 0, 0.54%, 0, 0, 11, 1443.16
1775246173, 977, 400, 429, 0, 0, 0.54%, 0, 0, 11, 1273.11
1775246179, 978, 63, 429, 0, 0, 0.54%, 0, 0, 11, 1392.46
1775246184, 978, 100, 429, 0, 0, 0.54%, 0, 0, 11, 1434.23
1775246189, 978, 147, 429, 0, 0, 0.54%, 0, 0, 11, 1467.07
1775246194, 978, 204, 429, 0, 0, 0.54%, 0, 0, 11, 1332.88
1775246199, 978, 312, 429, 0, 0, 0.54%, 0, 0, 11, 1338.73
1775246204, 978, 382, 429, 0, 0, 0.54%, 0, 0, 11, 1396.10
1775246209, 978, 424, 429, 0, 0, 0.54%, 0, 0, 11, 1148.01
1775246214, 979, 63, 429, 0, 0, 0.54%, 0, 0, 11, 1433.22
1775246219, 979, 91, 429, 0, 0, 0.54%, 0, 0, 11, 1490.43
1775246225, 979, 189, 429, 0, 0, 0.54%, 0, 0, 11, 1514.71
1775246230, 979, 244, 429, 0, 0, 0.54%, 0, 0, 11, 1477.86
1775246235, 979, 354, 429, 0, 0, 0.54%, 0, 0, 11, 1409.71
1775246240, 980, 20, 429, 0, 0, 0.54%, 0, 0, 11, 1483.48
1775246245, 980, 79, 429, 0, 0, 0.54%, 0, 0, 11, 1613.17
1775246250, 980, 108, 429, 0, 0, 0.54%, 0, 0, 11, 1509.74
1775246255, 980, 180, 429, 0, 0, 0.54%, 0, 0, 11, 1498.79
1775246260, 980, 236, 429, 0, 0, 0.54%, 0, 0, 11, 1540.12
1775246265, 980, 343, 429, 0, 0, 0.54%, 0, 0, 11, 1439.64
1775246271, 980, 422, 429, 0, 0, 0.54%, 0, 0, 11, 1448.07
1775246276, 981, 59, 429, 0, 0, 0.54%, 0, 0, 11, 1560.97
1775246281, 981, 91, 429, 0, 0, 0.54%, 0, 0, 11, 1539.84
1775246286, 981, 134, 429, 0, 0, 0.54%, 0, 0, 11, 1430.89
1775246291, 981, 184, 429, 0, 0, 0.54%, 0, 0, 11, 1447.57
1775246296, 981, 229, 429, 0, 0, 0.54%, 0, 0, 11, 1414.50
1775246301, 981, 282, 429, 0, 0, 0.54%, 0, 0, 11, 1328.75
1775246306, 981, 371, 429, 0, 0, 0.54%, 0, 0, 11, 1350.62
1775246311, 982, 79, 429, 0, 0, 0.54%, 0, 0, 11, 1416.84
1775246316, 982, 111, 429, 0, 0, 0.54%, 0, 0, 11, 1475.85
1775246322, 982, 231, 429, 0, 0, 0.54%, 0, 0, 11, 1473.86
1775246327, 982, 357, 429, 0, 0, 0.54%, 0, 0, 11, 1478.13
1775246332, 983, 23, 429, 0, 0, 0.54%, 0, 0, 11, 1300.83
1775246337, 983, 91, 429, 0, 0, 0.54%, 0, 0, 11, 1470.46
1775246342, 983, 225, 429, 0, 0, 0.54%, 0, 0, 11, 1551.07
1775246347, 983, 368, 429, 0, 0, 0.54%, 0, 0, 11, 1427.81
1775246352, 984, 29, 429, 0, 0, 0.54%, 0, 0, 11, 1394.10
1775246357, 984, 80, 429, 0, 0, 0.54%, 0, 0, 11, 1478.59
1775246362, 984, 140, 429, 0, 0, 0.54%, 0, 0, 11, 1506.54
1775246367, 984, 196, 429, 0, 0, 0.54%, 0, 0, 11, 1318.34
1775246372, 984, 307, 429, 0, 0, 0.54%, 0, 0, 11, 1285.45
1775246377, 984, 385, 429, 0, 0, 0.54%, 0, 0, 11, 1272.94
1775246383, 985, 62, 429, 0, 0, 0.54%, 0, 0, 11, 1247.20
1775246388, 985, 100, 429, 0, 0, 0.54%, 0, 0, 11, 1513.28
1775246393, 985, 164, 429, 0, 0, 0.54%, 0, 0, 11, 1555.72
1775246398, 985, 301, 429, 0, 0, 0.54%, 0, 0, 11, 1424.86
1775246403, 985, 371, 429, 0, 0, 0.54%, 0, 0, 11, 1397.04
1775246408, 986, 27, 429, 0, 0, 0.54%, 0, 0, 11, 1297.16
1775246413, 986, 79, 429, 0, 0, 0.54%, 0, 0, 11, 1388.31
1775246418, 986, 100, 429, 0, 0, 0.54%, 0, 0, 11, 1330.55
1775246423, 986, 150, 429, 0, 0, 0.54%, 0, 0, 11, 1361.44
1775246428, 986, 241, 429, 0, 0, 0.54%, 0, 0, 11, 1344.97
1775246434, 986, 349, 429, 0, 0, 0.54%, 0, 0, 11, 1447.49
1775246439, 986, 392, 429, 0, 0, 0.54%, 0, 0, 11, 1203.77
1775246444, 987, 79, 429, 0, 0, 0.54%, 0, 0, 11, 1540.25
1775246449, 987, 102, 429, 0, 0, 0.54%, 0, 0, 11, 1508.75
1775246454, 987, 150, 429, 0, 0, 0.54%, 0, 0, 11, 1517.13
1775246459, 987, 325, 429, 0, 0, 0.54%, 0, 0, 11, 1420.87
1775246464, 987, 385, 429, 0, 0, 0.54%, 0, 0, 11, 1351.10
1775246469, 988, 63, 429, 0, 0, 0.54%, 0, 0, 11, 1384.54
1775246474, 988, 91, 429, 0, 0, 0.54%, 0, 0, 11, 1485.78
1775246479, 988, 164, 429, 0, 0, 0.54%, 0, 0, 11, 1480.67
1775246484, 988, 222, 429, 0, 0, 0.54%, 0, 0, 11, 1347.50
1775246490, 988, 308, 429, 0, 0, 0.54%, 0, 0, 11, 1478.98
1775246495, 988, 363, 429, 0, 0, 0.54%, 0, 0, 11, 1417.85
1775246500, 988, 422, 429, 0, 0, 0.54%, 0, 0, 11, 1462.67
1775246505, 989, 30, 429, 0, 0, 0.54%, 0, 0, 11, 1537.84
1775246510, 989, 79, 429, 0, 0, 0.54%, 0, 0, 11, 1486.55
1775246515, 989, 111, 429, 0, 0, 0.54%, 0, 0, 11, 1443.77
1775246520, 989, 253, 429, 0, 0, 0.54%, 0, 0, 11, 1400.92
1775246525, 989, 371, 429, 0, 0, 0.54%, 0, 0, 11, 1454.66
1775246531, 990, 60, 429, 0, 0, 0.54%, 0, 0, 11, 1391.74
1775246536, 990, 100, 429, 0, 0, 0.54%, 0, 0, 11, 1552.36
1775246541, 990, 191, 429, 0, 0, 0.54%, 0, 0, 11, 1515.55
1775246546, 990, 308, 429, 0, 0, 0.54%, 0, 0, 11, 1561.18
1775246551, 990, 379, 429, 0, 0, 0.54%, 0, 0, 11, 1386.65
1775246556, 991, 12, 429, 0, 0, 0.54%, 0, 0, 11, 1363.49
1775246561, 991, 79, 429, 0, 0, 0.54%, 0, 0, 11, 1472.77
1775246566, 991, 111, 429, 0, 0, 0.54%, 0, 0, 11, 1495.57
1775246571, 991, 208, 429, 0, 0, 0.54%, 0, 0, 11, 1479.26
1775246577, 991, 325, 429, 0, 0, 0.54%, 0, 0, 11, 1368.56
1775246582, 991, 385, 429, 0, 0, 0.54%, 0, 0, 11, 1294.49
1775246587, 992, 62, 429, 0, 0, 0.54%, 0, 0, 11, 1318.14
1775246592, 992, 82, 429, 0, 0, 0.54%, 0, 0, 11, 1461.12
1775246597, 992, 136, 429, 0, 0, 0.54%, 0, 0, 11, 1489.70
1775246602, 992, 196, 429, 0, 0, 0.54%, 0, 0, 11, 1473.31
1775246607, 992, 357, 429, 0, 0, 0.54%, 0, 0, 11, 1468.17
1775246612, 993, 63, 429, 0, 0, 0.54%, 0, 0, 11, 1412.68
1775246617, 993, 86, 429, 0, 0, 0.54%, 0, 0, 11, 1473.62
1775246622, 993, 147, 429, 0, 0, 0.54%, 0, 0, 11, 1505.13
1775246628, 993, 225, 429, 0, 0, 0.54%, 0, 0, 11, 1507.79
1775246633, 993, 319, 429, 0, 0, 0.54%, 0, 0, 11, 1474.89
1775246638, 993, 371, 429, 0, 0, 0.54%, 0, 0, 11, 1440.05
1775246643, 994, 79, 429, 0, 0, 0.54%, 0, 0, 11, 1501.80
1775246648, 994, 100, 429, 0, 0, 0.54%, 0, 0, 11, 1453.03
1775246653, 994, 196, 429, 0, 0, 0.54%, 0, 0, 11, 1465.44
1775246658, 994, 316, 429, 0, 0, 0.54%, 0, 0, 11, 1521.91
1775246663, 994, 363, 429, 0, 0, 0.54%, 0, 0, 11, 1358.30
1775246668, 994, 424, 429, 0, 0, 0.54%, 0, 0, 11, 1185.60
1775246673, 995, 79, 429, 0, 0, 0.54%, 0, 0, 11, 1528.18
1775246678, 995, 111, 429, 0, 0, 0.54%, 0, 0, 11, 1502.77
1775246683, 995, 194, 429, 0, 0, 0.54%, 0, 0, 11, 1545.83
1775246688, 995, 243, 429, 0, 0, 0.54%, 0, 0, 11, 1546.14
1775246693, 995, 349, 429, 0, 0, 0.54%, 0, 0, 11, 1518.79
1775246699, 995, 408, 429, 0, 0, 0.54%, 0, 0, 11, 1224.78
1775246704, 996, 79, 429, 0, 0, 0.54%, 0, 0, 11, 1519.99
1775246709, 996, 100, 429, 0, 0, 0.54%, 0, 0, 11, 1542.21
1775246714, 996, 182, 429, 0, 0, 0.54%, 0, 0, 11, 1544.69
1775246719, 996, 278, 429, 0, 0, 0.54%, 0, 0, 11, 1547.01
1775246724, 996, 325, 429, 0, 0, 0.54%, 0, 0, 11, 1044.54
1775246729, 996, 371, 429, 0, 0, 0.54%, 0, 0, 11, 1279.14
1775246734, 997, 7, 429, 0, 0, 0.54%, 0, 0, 11, 1217.01
1775246739, 997, 79, 429, 0, 0, 0.54%, 0, 0, 11, 1393.38
1775246744, 997, 111, 429, 0, 0, 0.54%, 0, 0, 11, 1504.63
1775246750, 997, 169, 429, 0, 0, 0.54%, 0, 0, 11, 1485.31
1775246755, 997, 243, 429, 0, 0, 0.54%, 0, 0, 11, 1462.31
1775246760, 997, 357, 429, 0, 0, 0.54%, 0, 0, 11, 1439.05
1775246765, 998, 36, 429, 0, 0, 0.54%, 0, 0, 11, 1727.15
1775246770, 998, 79, 429, 0, 0, 0.54%, 0, 0, 11, 1531.43
1775246775, 998, 111, 429, 0, 0, 0.54%, 0, 0, 11, 1496.44
1775246780, 998, 150, 429, 0, 0, 0.54%, 0, 0, 11, 1521.15
1775246785, 998, 252, 429, 0, 0, 0.54%, 0, 0, 11, 1540.58
1775246790, 998, 357, 429, 0, 0, 0.54%, 0, 0, 11, 1408.79
1775246795, 998, 401, 429, 0, 0, 0.54%, 0, 0, 11, 1137.52
1775246800, 999, 80, 429, 0, 0, 0.54%, 0, 0, 11, 1455.35
1775246805, 999, 142, 429, 0, 0, 0.54%, 0, 0, 11, 1465.90
1775246810, 999, 196, 429, 0, 0, 0.54%, 0, 0, 11, 1480.30
1775246815, 999, 325, 429, 0, 0, 0.54%, 0, 0, 11, 1354.01
1775246820, 1000, 6, 429, 0, 0, 0.54%, 0, 0, 11, 1284.57
1775246825, 1000, 86, 429, 0, 0, 0.54%, 0, 0, 11, 1442.62
1775246830, 1000, 132, 429, 0, 0, 0.54%, 0, 0, 11, 1438.90
1775246835, 1000, 221, 429, 0, 0, 0.54%, 0, 0, 11, 1361.28
1775246841, 1000, 349, 429, 0, 0, 0.54%, 0, 0, 11, 1476.66
1775246846, 1000, 422, 429, 0, 0, 0.54%, 0, 0, 11, 1407.70
1775246851, 1001, 80, 429, 0, 0, 0.54%, 0, 0, 11, 1578.47
1775246856, 1001, 147, 429, 0, 0, 0.54%, 0, 0, 11, 1537.97
1775246861, 1001, 190, 429, 0, 0, 0.54%, 0, 0, 11, 743.75
1775246866, 1001, 294, 429, 0, 0, 0.54%, 0, 0, 11, 1341.74
1775246871, 1001, 370, 429, 0, 0, 0.54%, 0, 0, 11, 1406.27
1775246876, 1002, 63, 429, 0, 0, 0.54%, 0, 0, 11, 1388.76
1775246881, 1002, 91, 429, 0, 0, 0.54%, 0, 0, 11, 1556.04
1775246886, 1002, 129, 429, 0, 0, 0.54%, 0, 0, 11, 1522.45
1775246891, 1002, 181, 429, 0, 0, 0.54%, 0, 0, 11, 1402.75
1775246896, 1002, 225, 429, 0, 0, 0.54%, 0, 0, 11, 1408.68
1775246902, 1002, 313, 429, 0, 0, 0.54%, 0, 0, 11, 1523.98
1775246907, 1002, 385, 429, 0, 0, 0.54%, 0, 0, 11, 1384.26
1775246912, 1003, 79, 429, 0, 0, 0.54%, 0, 0, 11, 1403.92
1775246917, 1003, 106, 429, 0, 0, 0.54%, 0, 0, 11, 1566.70
1775246922, 1003, 174, 429, 0, 0, 0.54%, 0, 0, 11, 1429.11
1775246927, 1003, 247, 429, 0, 0, 0.54%, 0, 0, 11, 1380.22
1775246932, 1003, 306, 429, 0, 0, 0.54%, 0, 0, 11, 1462.24
1775246937, 1003, 371, 429, 0, 0, 0.54%, 0, 0, 11, 1342.65
1775246942, 1004, 49, 429, 0, 0, 0.54%, 0, 0, 11, 1462.11
1775246947, 1004, 86, 429, 0, 0, 0.54%, 0, 0, 11, 1482.57
1775246952, 1004, 138, 429, 0, 0, 0.54%, 0, 0, 11, 1560.61
1775246958, 1004, 205, 429, 0, 0, 0.54%, 0, 0, 11, 1478.12
1775246963, 1004, 290, 429, 0, 0, 0.54%, 0, 0, 11, 1366.54
1775246968, 1004, 349, 429, 0, 0, 0.54%, 0, 0, 11, 1314.58
1775246973, 1004, 385, 429, 0, 0, 0.54%, 0, 0, 11, 1325.51
1775246978, 1005, 36, 429, 0, 0, 0.54%, 0, 0, 11, 1262.96
1775246983, 1005, 91, 429, 0, 0, 0.54%, 0, 0, 11, 1423.23
1775246988, 1005, 135, 429, 0, 0, 0.54%, 0, 0, 11, 1442.41
1775246993, 1005, 231, 429, 0, 0, 0.54%, 0, 0, 11, 1519.53
1775246998, 1005, 325, 429, 0, 0, 0.54%, 0, 0, 11, 1471.80
1775247003, 1005, 394, 429, 0, 0, 0.54%, 0, 0, 11, 1366.33
1775247008, 1006, 63, 429, 0, 0, 0.54%, 0, 0, 11, 1323.08
1775247013, 1006, 91, 429, 0, 0, 0.54%, 0, 0, 11, 1465.62
1775247019, 1006, 147, 429, 0, 0, 0.54%, 0, 0, 11, 1476.68
1775247024, 1006, 175, 429, 0, 0, 0.54%, 0, 0, 11, 1398.53
1775247029, 1006, 325, 429, 0, 0, 0.54%, 0, 0, 11, 1387.55
1775247034, 1006, 400, 429, 0, 0, 0.54%, 0, 0, 11, 1294.10
1775247039, 1007, 63, 429, 0, 0, 0.54%, 0, 0, 11, 1504.36
1775247044, 1007, 100, 429, 0, 0, 0.54%, 0, 0, 11, 1438.29
1775247049, 1007, 156, 429, 0, 0, 0.54%, 0, 0, 11, 1497.14
1775247054, 1007, 325, 429, 0, 0, 0.54%, 0, 0, 11, 1539.07
1775247060, 1007, 371, 429, 0, 0, 0.54%, 0, 0, 11, 1436.62
1775247065, 1008, 39, 429, 0, 0, 0.54%, 0, 0, 11, 1349.51
1775247070, 1008, 91, 429, 0, 0, 0.54%, 0, 0, 11, 1524.41
1775247075, 1008, 141, 429, 0, 0, 0.54%, 0, 0, 11, 1146.05
1775247080, 1008, 183, 429, 0, 0, 0.54%, 0, 0, 11, 1465.28
1775247085, 1008, 280, 429, 0, 0, 0.54%, 0, 0, 11, 1439.55
1775247090, 1008, 357, 429, 0, 0, 0.54%, 0, 0, 11, 1410.21
1775247095, 1009, 49, 429, 0, 0, 0.54%, 0, 0, 11, 1363.16
1775247100, 1009, 84, 429, 0, 0, 0.54%, 0, 0, 11, 1523.64
1775247105, 1009, 124, 429, 0, 0, 0.54%, 0, 0, 11, 1482.21
1775247110, 1009, 349, 429, 0, 0, 0.54%, 0, 0, 11, 1552.07
1775247115, 1009, 409, 429, 0, 0, 0.54%, 0, 0, 11, 1213.85
1775247120, 1010, 51, 429, 0, 0, 0.54%, 0, 0, 11, 1467.65
1775247126, 1010, 86, 429, 0, 0, 0.54%, 0, 0, 11, 1392.98
1775247131, 1010, 146, 429, 0, 0, 0.54%, 0, 0, 11, 1433.78
1775247136, 1010, 213, 429, 0, 0, 0.54%, 0, 0, 11, 1523.60
1775247141, 1010, 333, 429, 0, 0, 0.54%, 0, 0, 11, 1435.35
1775247146, 1010, 385, 429, 0, 0, 0.54%, 0, 0, 11, 1293.82
1775247151, 1011, 57, 429, 0, 0, 0.54%, 0, 0, 11, 1221.72
1775247156, 1011, 86, 429, 0, 0, 0.54%, 0, 0, 11, 1469.52
1775247161, 1011, 140, 429, 0, 0, 0.54%, 0, 0, 11, 1535.28
1775247166, 1011, 189, 429, 0, 0, 0.54%, 0, 0, 11, 1431.05
1775247171, 1011, 351, 429, 0, 0, 0.54%, 0, 0, 11, 1560.81
1775247177, 1011, 421, 429, 0, 0, 0.54%, 0, 0, 11, 1308.56
1775247182, 1012, 56, 429, 0, 0, 0.54%, 0, 0, 11, 1310.48
1775247187, 1012, 95, 429, 0, 0, 0.54%, 0, 0, 11, 1546.94
1775247192, 1012, 142, 429, 0, 0, 0.54%, 0, 0, 11, 1313.15
1775247197, 1012, 248, 429, 0, 0, 0.54%, 0, 0, 11, 1441.15
1775247202, 1012, 371, 429, 0, 0, 0.54%, 0, 0, 11, 1387.89
1775247207, 1013, 54, 429, 0, 0, 0.54%, 0, 0, 11, 1350.18
1775247212, 1013, 80, 429, 0, 0, 0.54%, 0, 0, 11, 1473.66
1775247217, 1013, 165, 429, 0, 0, 0.54%, 0, 0, 11, 1498.96
1775247222, 1013, 275, 429, 0, 0, 0.54%, 0, 0, 11, 1382.85
1775247227, 1013, 354, 429, 0, 0, 0.54%, 0, 0, 11, 1299.85
1775247233, 1014, 63, 429, 0, 0, 0.54%, 0, 0, 11, 1482.80
1775247238, 1014, 91, 429, 0, 0, 0.54%, 0, 0, 11, 1471.09
1775247243, 1014, 147, 429, 0, 0, 0.54%, 0, 0, 11, 1453.32
1775247248, 1014, 248, 429, 0, 0, 0.54%, 0, 0, 11, 1472.35
1775247253, 1014, 319, 429, 0, 0, 0.54%, 0, 0, 11, 1503.88
1775247258, 1014, 371, 429, 0, 0, 0.54%, 0, 0, 11, 1439.85
1775247263, 1015, 63, 429, 0, 0, 0.54%, 0, 0, 11, 1454.70
1775247268, 1015, 100, 429, 0, 0, 0.54%, 0, 0, 11, 1529.58
1775247274, 1015, 174, 429, 0, 0, 0.54%, 0, 0, 11, 1545.31
1775247279, 1015, 293, 429, 0, 0, 0.54%, 0, 0, 11, 1501.90
1775247284, 1015, 349, 429, 0, 0, 0.54%, 0, 0, 11, 1482.23
1775247289, 1015, 418, 429, 0, 0, 0.54%, 0, 0, 11, 1211.21
1775247294, 1016, 40, 429, 0, 0, 0.54%, 0, 0, 11, 1427.16
1775247299, 1016, 80, 429, 0, 0, 0.54%, 0, 0, 11, 1475.18
1775247304, 1016, 111, 429, 0, 0, 0.54%, 0, 0, 11, 1430.01
1775247309, 1016, 192, 429, 0, 0, 0.54%, 0, 0, 11, 1501.05
1775247314, 1016, 260, 429, 0, 0, 0.54%, 0, 0, 11, 1534.05
1775247319, 1016, 357, 429, 0, 0, 0.54%, 0, 0, 11, 1428.57
1775247324, 1017, 60, 429, 0, 0, 0.54%, 0, 0, 11, 1398.85
1775247329, 1017, 80, 429, 0, 0, 0.54%, 0, 0, 11, 1389.88
1775247334, 1017, 103, 429, 0, 0, 0.54%, 0, 0, 11, 1432.92
1775247339, 1017, 147, 429, 0, 0, 0.54%, 0, 0, 11, 1440.16
1775247345, 1017, 191, 429, 0, 0, 0.54%, 0, 0, 11, 1274.58
1775247350, 1017, 278, 429, 0, 0, 0.54%, 0, 0, 11, 1353.69
1775247355, 1017, 354, 429, 0, 0, 0.54%, 0, 0, 11, 1301.30
1775247360, 1017, 408, 429, 0, 0, 0.54%, 0, 0, 11, 1065.29
1775247365, 1018, 63, 429, 0, 0, 0.54%, 0, 0, 11, 1462.86
1775247370, 1018, 100, 429, 0, 0, 0.54%, 0, 0, 11, 1524.84
1775247376, 1018, 196, 429, 0, 0, 0.54%, 0, 0, 11, 1306.98
1775247381, 1018, 320, 429, 0, 0, 0.54%, 0, 0, 11, 1367.84
1775247386, 1018, 357, 429, 0, 0, 0.54%, 0, 0, 11, 1365.61
1775247391, 1019, 79, 429, 0, 0, 0.54%, 0, 0, 11, 1512.62
1775247396, 1019, 111, 429, 0, 0, 0.54%, 0, 0, 11, 1564.96
1775247401, 1019, 326, 429, 0, 0, 0.54%, 0, 0, 11, 1073.63
1775247406, 1019, 385, 429, 0, 0, 0.54%, 0, 0, 11, 1267.49
1775247411, 1020, 79, 429, 0, 0, 0.54%, 0, 0, 11, 1479.24
1775247416, 1020, 114, 429, 0, 0, 0.54%, 0, 0, 11, 1375.48
1775247421, 1020, 198, 429, 0, 0, 0.54%, 0, 0, 11, 1433.70
1775247426, 1020, 351, 429, 0, 0, 0.54%, 0, 0, 11, 1370.56
1775247432, 1021, 36, 429, 0, 0, 0.54%, 0, 0, 11, 1351.23
1775247437, 1021, 87, 429, 0, 0, 0.54%, 0, 0, 11, 1397.82
1775247442, 1021, 111, 429, 0, 0, 0.54%, 0, 0, 11, 1499.02
1775247447, 1021, 164, 429, 0, 0, 0.54%, 0, 0, 11, 1407.24
1775247452, 1021, 214, 429, 0, 0, 0.54%, 0, 0, 11, 1399.13
1775247457, 1021, 349, 429, 0, 0, 0.54%, 0, 0, 11, 1319.84
1775247462, 1021, 428, 429, 0, 0, 0.54%, 0, 0, 11, 1291.30
1775247467, 1022, 38, 429, 0, 0, 0.54%, 0, 0, 11, 1422.39
1775247472, 1022, 79, 429, 0, 0, 0.54%, 0, 0, 11, 1487.85
1775247477, 1022, 100, 429, 0, 0, 0.54%, 0, 0, 11, 1526.31
1775247482, 1022, 186, 429, 0, 0, 0.54%, 0, 0, 11, 1464.53
1775247487, 1022, 219, 429, 0, 0, 0.54%, 0, 0, 11, 1387.15
1775247492, 1022, 325, 429, 0, 0, 0.54%, 0, 0, 11, 1414.96
1775247498, 1022, 385, 429, 0, 0, 0.54%, 0, 0, 11, 1349.26
1775247503, 1023, 75, 429, 0, 0, 0.54%, 0, 0, 11, 1577.88
1775247508, 1023, 100, 429, 0, 0, 0.54%, 0, 0, 11, 1548.51
1775247513, 1023, 232, 429, 0, 0, 0.54%, 0, 0, 11, 1429.67
1775247518, 1023, 291, 429, 0, 0, 0.54%, 0, 0, 11, 1513.26
1775247523, 1023, 349, 429, 0, 0, 0.54%, 0, 0, 11, 1402.98
1775247528, 1024, 24, 429, 0, 0, 0.54%, 0, 0, 11, 1460.94
1775247533, 1024, 86, 429, 0, 0, 0.54%, 0, 0, 11, 1525.98
1775247538, 1024, 118, 429, 0, 0, 0.54%, 0, 0, 11, 1441.68
1775247543, 1024, 208, 429, 0, 0, 0.54%, 0, 0, 11, 1545.41
1775247548, 1024, 325, 429, 0, 0, 0.54%, 0, 0, 11, 1524.70
1775247553, 1024, 385, 429, 0, 0, 0.54%, 0, 0, 11, 1357.32
1775247559, 1025, 55, 429, 0, 0, 0.54%, 0, 0, 11, 235.92
1775247564, 1025, 85, 429, 0, 0, 0.54%, 0, 0, 11, 1481.71
1775247569, 1025, 147, 429, 0, 0, 0.54%, 0, 0, 11, 1455.79
1775247574, 1025, 249, 429, 0, 0, 0.54%, 0, 0, 11, 1508.59
1775247579, 1025, 349, 429, 0, 0, 0.54%, 0, 0, 11, 1509.54
1775247584, 1025, 385, 429, 0, 0, 0.54%, 0, 0, 11, 1398.18
1775247589, 1026, 45, 429, 0, 0, 0.54%, 0, 0, 11, 1478.19
1775247594, 1026, 91, 429, 0, 0, 0.54%, 0, 0, 11, 1518.01
1775247599, 1026, 147, 429, 0, 0, 0.54%, 0, 0, 11, 1454.12
1775247604, 1026, 199, 429, 0, 0, 0.54%, 0, 0, 11, 1460.53
1775247609, 1026, 325, 429, 0, 0, 0.54%, 0, 0, 11, 1498.39
1775247615, 1026, 411, 429, 0, 0, 0.54%, 0, 0, 11, 1230.32
1775247620, 1027, 80, 429, 0, 0, 0.54%, 0, 0, 11, 1422.76
1775247625, 1027, 111, 429, 0, 0, 0.54%, 0, 0, 11, 1390.16
1775247630, 1027, 206, 429, 0, 0, 0.54%, 0, 0, 11, 1421.08
1775247635, 1027, 306, 429, 0, 0, 0.54%, 0, 0, 11, 1672.96
1775247640, 1027, 354, 429, 0, 0, 0.54%, 0, 0, 11, 1451.54
1775247645, 1027, 416, 429, 0, 0, 0.54%, 0, 0, 11, 1203.45
1775247650, 1028, 81, 429, 0, 0, 0.54%, 0, 0, 11, 1523.56
1775247655, 1028, 147, 429, 0, 0, 0.54%, 0, 0, 11, 1460.32
1775247660, 1028, 275, 429, 0, 0, 0.54%, 0, 0, 11, 1518.42
1775247665, 1028, 354, 429, 0, 0, 0.54%, 0, 0, 11, 1461.07
1775247671, 1028, 420, 429, 0, 0, 0.54%, 0, 0, 11, 1043.82
1775247676, 1029, 79, 429, 0, 0, 0.54%, 0, 0, 11, 1492.22
1775247681, 1029, 139, 429, 0, 0, 0.54%, 0, 0, 11, 1517.20
1775247686, 1029, 196, 429, 0, 0, 0.54%, 0, 0, 11, 1452.10
1775247691, 1029, 325, 429, 0, 0, 0.54%, 0, 0, 11, 1415.31
1775247696, 1029, 385, 429, 0, 0, 0.54%, 0, 0, 11, 1350.59
1775247701, 1030, 61, 429, 0, 0, 0.54%, 0, 0, 11, 1361.14
1775247706, 1030, 91, 429, 0, 0, 0.54%, 0, 0, 11, 1431.19
1775247712, 1030, 131, 429, 0, 0, 0.54%, 0, 0, 11, 1566.05
1775247717, 1030, 196, 429, 0, 0, 0.54%, 0, 0, 11, 1534.19
1775247722, 1030, 291, 429, 0, 0, 0.54%, 0, 0, 11, 1541.40
1775247727, 1030, 349, 429, 0, 0, 0.54%, 0, 0, 11, 1435.53
1775247732, 1031, 61, 429, 0, 0, 0.54%, 0, 0, 11, 1405.90
1775247737, 1031, 86, 429, 0, 0, 0.54%, 0, 0, 11, 1429.49
1775247742, 1031, 147, 429, 0, 0, 0.54%, 0, 0, 11, 1446.49
1775247747, 1031, 183, 429, 0, 0, 0.54%, 0, 0, 11, 1475.13
1775247752, 1031, 306, 429, 0, 0, 0.54%, 0, 0, 11, 1458.22
1775247757, 1031, 358, 429, 0, 0, 0.54%, 0, 0, 11, 1361.33
1775247762, 1032, 13, 429, 0, 0, 0.54%, 0, 0, 11, 1396.05
1775247767, 1032, 63, 429, 0, 0, 0.54%, 0, 0, 11, 1471.40
1775247773, 1032, 86, 429, 0, 0, 0.54%, 0, 0, 11, 1457.31
1775247778, 1032, 147, 429, 0, 0, 0.54%, 0, 0, 11, 1554.28
1775247783, 1032, 190, 429, 0, 0, 0.54%, 0, 0, 11, 1602.73
1775247788, 1032, 266, 429, 0, 0, 0.54%, 0, 0, 11, 1424.01
1775247793, 1032, 371, 429, 0, 0, 0.54%, 0, 0, 11, 1403.70
1775247798, 1033, 26, 429, 0, 0, 0.54%, 0, 0, 11, 1234.93
1775247803, 1033, 91, 429, 0, 0, 0.54%, 0, 0, 11, 1452.71
1775247808, 1033, 147, 429, 0, 0, 0.54%, 0, 0, 11, 1542.89
1775247813, 1033, 234, 429, 0, 0, 0.54%, 0, 0, 11, 1543.53
1775247819, 1033, 354, 429, 0, 0, 0.54%, 0, 0, 11, 1397.30
1775247824, 1033, 413, 429, 0, 0, 0.54%, 0, 0, 11, 1121.54
1775247829, 1034, 80, 429, 0, 0, 0.54%, 0, 0, 11, 1469.68
1775247834, 1034, 162, 429, 0, 0, 0.54%, 0, 0, 11, 1531.22
1775247839, 1034, 183, 429, 0, 0, 0.54%, 0, 0, 11, 1394.55
1775247844, 1034, 227, 429, 0, 0, 0.54%, 0, 0, 11, 1400.80
1775247849, 1034, 278, 429, 0, 0, 0.54%, 0, 0, 11, 1486.96
1775247854, 1034, 367, 429, 0, 0, 0.54%, 0, 0, 11, 1410.55
1775247859, 1035, 52, 429, 0, 0, 0.54%, 0, 0, 11, 1647.30
1775247865, 1035, 91, 429, 0, 0, 0.54%, 0, 0, 11, 1594.06
1775247870, 1035, 182, 429, 0, 0, 0.54%, 0, 0, 11, 1483.02
1775247875, 1035, 250, 429, 0, 0, 0.54%, 0, 0, 11, 1505.32
1775247880, 1035, 349, 429, 0, 0, 0.54%, 0, 0, 11, 1427.07
1775247885, 1035, 416, 429, 0, 0, 0.54%, 0, 0, 11, 1271.27
1775247890, 1036, 63, 429, 0, 0, 0.54%, 0, 0, 11, 1539.93
1775247895, 1036, 91, 429, 0, 0, 0.54%, 0, 0, 11, 1429.00
1775247900, 1036, 147, 429, 0, 0, 0.54%, 0, 0, 11, 1475.93
1775247905, 1036, 196, 429, 0, 0, 0.54%, 0, 0, 11, 562.20
1775247910, 1036, 349, 429, 0, 0, 0.54%, 0, 0, 11, 1199.65
1775247915, 1037, 5, 429, 0, 0, 0.54%, 0, 0, 11, 1327.68
1775247920, 1037, 87, 429, 0, 0, 0.54%, 0, 0, 11, 1517.57
1775247925, 1037, 147, 429, 0, 0, 0.54%, 0, 0, 11, 1502.37
1775247931, 1037, 223, 429, 0, 0, 0.54%, 0, 0, 11, 1457.07
1775247936, 1037, 299, 429, 0, 0, 0.54%, 0, 0, 11, 1515.13
1775247941, 1037, 397, 429, 0, 0, 0.54%, 0, 0, 11, 1383.38
1775247946, 1038, 86, 429, 0, 0, 0.54%, 0, 0, 11, 1495.23
1775247951, 1038, 147, 429, 0, 0, 0.54%, 0, 0, 11, 1570.92
1775247956, 1038, 210, 429, 0, 0, 0.54%, 0, 0, 11, 1599.92
1775247961, 1038, 329, 429, 0, 0, 0.54%, 0, 0, 11, 1516.27
1775247966, 1038, 407, 429, 0, 0, 0.54%, 0, 0, 11, 1396.76
1775247971, 1039, 79, 429, 0, 0, 0.54%, 0, 0, 11, 1578.05
1775247977, 1039, 147, 429, 0, 0, 0.54%, 0, 0, 11, 1582.78
1775247982, 1039, 217, 429, 0, 0, 0.54%, 0, 0, 11, 1204.25
1775247987, 1039, 280, 429, 0, 0, 0.54%, 0, 0, 11, 1349.16
1775247992, 1039, 357, 429, 0, 0, 0.54%, 0, 0, 11, 1315.63
1775247997, 1040, 39, 429, 0, 0, 0.54%, 0, 0, 11, 1217.73
1775248002, 1040, 86, 429, 0, 0, 0.54%, 0, 0, 11, 1533.96
1775248007, 1040, 117, 429, 0, 0, 0.54%, 0, 0, 11, 1420.27
1775248012, 1040, 177, 429, 0, 0, 0.54%, 0, 0, 11, 1438.32
1775248017, 1040, 254, 429, 0, 0, 0.54%, 0, 0, 11, 1486.99
1775248022, 1040, 325, 429, 0, 0, 0.54%, 0, 0, 11, 1442.06
1775248027, 1040, 401, 429, 0, 0, 0.54%, 0, 0, 11, 1334.27
1775248033, 1041, 61, 429, 0, 0, 0.54%, 0, 0, 11, 1458.12
1775248038, 1041, 91, 429, 0, 0, 0.54%, 0, 0, 11, 1420.07
1775248043, 1041, 120, 429, 0, 0, 0.54%, 0, 0, 11, 1419.15
1775248048, 1041, 190, 429, 0, 0, 0.54%, 0, 0, 11, 1436.85
1775248053, 1041, 297, 429, 0, 0, 0.54%, 0, 0, 11, 1452.21
1775248058, 1041, 354, 429, 0, 0, 0.54%, 0, 0, 11, 1357.50
1775248063, 1042, 37, 429, 0, 0, 0.54%, 0, 0, 11, 1311.04
1775248069, 1042, 90, 429, 0, 0, 0.54%, 0, 0, 11, 1357.24
1775248074, 1042, 147, 429, 0, 0, 0.54%, 0, 0, 11, 1325.91
1775248079, 1042, 191, 429, 0, 0, 0.54%, 0, 0, 11, 1413.04
1775248084, 1042, 250, 429, 0, 0, 0.54%, 0, 0, 11, 1398.60
1775248089, 1042, 349, 429, 0, 0, 0.54%, 0, 0, 11, 1429.58
1775248094, 1042, 387, 429, 0, 0, 0.54%, 0, 0, 11, 1266.65
1775248099, 1043, 86, 429, 0, 0, 0.54%, 0, 0, 11, 1444.98
1775248104, 1043, 135, 429, 0, 0, 0.54%, 0, 0, 11, 1510.01
1775248109, 1043, 191, 429, 0, 0, 0.54%, 0, 0, 11, 1545.78
1775248114, 1043, 308, 429, 0, 0, 0.54%, 0, 0, 11, 1495.67
1775248119, 1043, 385, 429, 0, 0, 0.54%, 0, 0, 11, 1498.27
1775248125, 1044, 80, 429, 0, 0, 0.54%, 0, 0, 11, 1497.73
1775248130, 1044, 114, 429, 0, 0, 0.54%, 0, 0, 11, 1453.94
1775248135, 1044, 147, 429, 0, 0, 0.54%, 0, 0, 11, 1386.82
1775248140, 1044, 225, 429, 0, 0, 0.54%, 0, 0, 11, 1449.52
1775248145, 1044, 357, 429, 0, 0, 0.54%, 0, 0, 11, 1368.01
1775248150, 1045, 33, 429, 0, 0, 0.54%, 0, 0, 11, 1367.62
1775248155, 1045, 86, 429, 0, 0, 0.54%, 0, 0, 11, 1476.82
1775248160, 1045, 196, 429, 0, 0, 0.54%, 0, 0, 11, 1403.40
1775248165, 1045, 264, 429, 0, 0, 0.54%, 0, 0, 11, 1414.77
1775248171, 1045, 385, 429, 0, 0, 0.54%, 0, 0, 11, 1394.53
1775248176, 1046, 79, 429, 0, 0, 0.54%, 0, 0, 11, 1485.27
1775248181, 1046, 111, 429, 0, 0, 0.54%, 0, 0, 11, 1379.91
1775248186, 1046, 205, 429, 0, 0, 0.54%, 0, 0, 11, 1496.27
1775248191, 1046, 321, 429, 0, 0, 0.54%, 0, 0, 11, 1464.21
1775248196, 1047, 17, 429, 0, 0, 0.54%, 0, 0, 11, 1386.65
1775248201, 1047, 63, 429, 0, 0, 0.54%, 0, 0, 11, 1369.45
1775248206, 1047, 111, 429, 0, 0, 0.54%, 0, 0, 11, 1458.22
1775248212, 1047, 196, 429, 0, 0, 0.54%, 0, 0, 11, 1537.81
1775248217, 1047, 297, 429, 0, 0, 0.54%, 0, 0, 11, 1437.59
1775248222, 1047, 371, 429, 0, 0, 0.54%, 0, 0, 11, 1449.22
1775248227, 1048, 24, 429, 0, 0, 0.54%, 0, 0, 11, 1458.73
1775248232, 1048, 79, 429, 0, 0, 0.54%, 0, 0, 11, 1553.55
1775248237, 1048, 100, 429, 0, 0, 0.54%, 0, 0, 11, 1573.74
1775248242, 1048, 223, 429, 0, 0, 0.54%, 0, 0, 11, 1468.11
1775248247, 1048, 336, 429, 0, 0, 0.54%, 0, 0, 11, 1498.04
1775248252, 1048, 385, 429, 0, 0, 0.54%, 0, 0, 11, 1390.97
1775248257, 1049, 63, 429, 0, 0, 0.54%, 0, 0, 11, 1442.83
1775248262, 1049, 111, 429, 0, 0, 0.54%, 0, 0, 11, 1456.93
1775248268, 1049, 191, 429, 0, 0, 0.54%, 0, 0, 11, 1387.59
1775248273, 1049, 291, 429, 0, 0, 0.54%, 0, 0, 11, 1510.96
1775248278, 1049, 382, 429, 0, 0, 0.54%, 0, 0, 11, 1436.84
1775248283, 1050, 42, 429, 0, 0, 0.54%, 0, 0, 11, 1498.50
1775248288, 1050, 80, 429, 0, 0, 0.54%, 0, 0, 11, 1557.87
1775248293, 1050, 117, 429, 0, 0, 0.54%, 0, 0, 11, 1576.47
1775248298, 1050, 214, 429, 0, 0, 0.54%, 0, 0, 11, 1467.69
1775248303, 1050, 354, 429, 0, 0, 0.54%, 0, 0, 11, 1466.76
1775248308, 1050, 400, 429, 0, 0, 0.54%, 0, 0, 11, 1176.63
1775248313, 1051, 80, 429, 0, 0, 0.54%, 0, 0, 11, 1305.35
1775248319, 1051, 111, 429, 0, 0, 0.54%, 0, 0, 11, 1491.39
1775248324, 1051, 147, 429, 0, 0, 0.54%, 0, 0, 11, 1442.29
1775248329, 1051, 203, 429, 0, 0, 0.54%, 0, 0, 11, 1485.37
1775248334, 1051, 277, 429, 0, 0, 0.54%, 0, 0, 11, 1393.20
1775248339, 1051, 374, 429, 0, 0, 0.54%, 0, 0, 11, 1376.21
1775248344, 1052, 45, 429, 0, 0, 0.54%, 0, 0, 11, 1830.85
1775248349, 1052, 100, 429, 0, 0, 0.54%, 0, 0, 11, 1657.58
1775248354, 1052, 159, 429, 0, 0, 0.54%, 0, 0, 11, 1544.29
1775248360, 1052, 293, 429, 0, 0, 0.54%, 0, 0, 11, 1618.20
1775248365, 1052, 354, 429, 0, 0, 0.54%, 0, 0, 11, 1385.85
1775248370, 1053, 35, 429, 0, 0, 0.54%, 0, 0, 11, 1303.57
1775248375, 1053, 92, 429, 0, 0, 0.54%, 0, 0, 11, 1679.96
1775248380, 1053, 196, 429, 0, 0, 0.54%, 0, 0, 11, 1591.17
1775248385, 1053, 290, 429, 0, 0, 0.54%, 0, 0, 11, 1483.67
1775248390, 1053, 385, 429, 0, 0, 0.54%, 0, 0, 11, 1416.29
1775248395, 1054, 63, 429, 0, 0, 0.54%, 0, 0, 11, 1427.70
1775248400, 1054, 100, 429, 0, 0, 0.54%, 0, 0, 11, 1545.94
1775248405, 1054, 222, 429, 0, 0, 0.54%, 0, 0, 11, 1560.35
1775248410, 1054, 290, 429, 0, 0, 0.54%, 0, 0, 11, 1502.38
1775248416, 1054, 349, 429, 0, 0, 0.54%, 0, 0, 11, 1446.28
1775248421, 1055, 41, 429, 0, 0, 0.54%, 0, 0, 11, 1356.61
1775248426, 1055, 80, 429, 0, 0, 0.54%, 0, 0, 11, 1462.96
1775248431, 1055, 137, 429, 0, 0, 0.54%, 0, 0, 11, 1513.37
1775248436, 1055, 185, 429, 0, 0, 0.54%, 0, 0, 11, 1412.31
1775248441, 1055, 279, 429, 0, 0, 0.54%, 0, 0, 11, 1417.00
1775248446, 1055, 349, 429, 0, 0, 0.54%, 0, 0, 11, 1401.80
1775248452, 1056, 35, 429, 0, 0, 0.54%, 0, 0, 11, 1496.96
1775248457, 1056, 86, 429, 0, 0, 0.54%, 0, 0, 11, 1375.86
1775248462, 1056, 184, 429, 0, 0, 0.54%, 0, 0, 11, 1584.62
1775248467, 1056, 301, 429, 0, 0, 0.54%, 0, 0, 11, 1429.46
1775248472, 1056, 357, 429, 0, 0, 0.54%, 0, 0, 11, 1402.05
1775248477, 1056, 406, 429, 0, 0, 0.54%, 0, 0, 11, 1093.96
1775248482, 1057, 79, 429, 0, 0, 0.54%, 0, 0, 11, 1456.47
1775248487, 1057, 111, 429, 0, 0, 0.54%, 0, 0, 11, 1415.96
1775248492, 1057, 206, 429, 0, 0, 0.54%, 0, 0, 11, 1551.13
1775248497, 1057, 354, 429, 0, 0, 0.54%, 0, 0, 11, 1510.07
1775248502, 1057, 404, 429, 0, 0, 0.54%, 0, 0, 11, 1191.91
1775248507, 1058, 79, 429, 0, 0, 0.54%, 0, 0, 11, 1403.69
1775248512, 1058, 106, 429, 0, 0, 0.54%, 0, 0, 11, 1402.44
1775248518, 1058, 206, 429, 0, 0, 0.54%, 0, 0, 11, 1520.60
1775248523, 1058, 290, 429, 0, 0, 0.54%, 0, 0, 11, 1528.78
1775248528, 1058, 354, 429, 0, 0, 0.54%, 0, 0, 11, 1499.93
1775248533, 1059, 10, 429, 0, 0, 0.54%, 0, 0, 11, 1262.96
1775248538, 1059, 80, 429, 0, 0, 0.54%, 0, 0, 11, 1553.21
1775248543, 1059, 147, 429, 0, 0, 0.54%, 0, 0, 11, 1579.69
1775248548, 1059, 181, 429, 0, 0, 0.54%, 0, 0, 11, 1464.93
1775248553, 1059, 280, 429, 0, 0, 0.54%, 0, 0, 11, 1498.64
1775248558, 1059, 361, 429, 0, 0, 0.54%, 0, 0, 11, 1471.03
1775248563, 1060, 63, 429, 0, 0, 0.54%, 0, 0, 11, 1354.90
1775248568, 1060, 100, 429, 0, 0, 0.54%, 0, 0, 11, 1580.99
1775248574, 1060, 196, 429, 0, 0, 0.54%, 0, 0, 11, 1548.53
1775248579, 1060, 295, 429, 0, 0, 0.54%, 0, 0, 11, 1339.35
1775248584, 1060, 370, 429, 0, 0, 0.54%, 0, 0, 11, 1308.69
1775248589, 1061, 30, 429, 0, 0, 0.54%, 0, 0, 11, 1365.93
1775248594, 1061, 63, 429, 0, 0, 0.54%, 0, 0, 11, 1457.62
1775248599, 1061, 111, 429, 0, 0, 0.54%, 0, 0, 11, 1551.38
1775248604, 1061, 178, 429, 0, 0, 0.54%, 0, 0, 11, 1381.05
1775248609, 1061, 222, 429, 0, 0, 0.54%, 0, 0, 11, 1456.24
1775248614, 1061, 299, 429, 0, 0, 0.54%, 0, 0, 11, 1432.11
1775248620, 1061, 358, 429, 0, 0, 0.54%, 0, 0, 11, 1384.15
1775248625, 1062, 63, 429, 0, 0, 0.54%, 0, 0, 11, 1444.62
1775248630, 1062, 100, 429, 0, 0, 0.54%, 0, 0, 11, 1583.54
1775248635, 1062, 147, 429, 0, 0, 0.54%, 0, 0, 11, 1469.79
1775248640, 1062, 288, 429, 0, 0, 0.54%, 0, 0, 11, 1704.57
1775248645, 1062, 325, 429, 0, 0, 0.54%, 0, 0, 11, 1542.86
1775248650, 1062, 371, 429, 0, 0, 0.54%, 0, 0, 11, 1368.16
1775248655, 1063, 63, 429, 0, 0, 0.54%, 0, 0, 11, 1435.36
1775248660, 1063, 97, 429, 0, 0, 0.54%, 0, 0, 11, 1509.45
1775248665, 1063, 196, 429, 0, 0, 0.54%, 0, 0, 11, 1355.59
1775248671, 1063, 354, 429, 0, 0, 0.54%, 0, 0, 11, 1413.94
1775248676, 1064, 16, 429, 0, 0, 0.54%, 0, 0, 11, 1228.63
1775248681, 1064, 80, 429, 0, 0, 0.54%, 0, 0, 11, 1466.71
1775248686, 1064, 117, 429, 0, 0, 0.54%, 0, 0, 11, 1458.45
1775248691, 1064, 206, 429, 0, 0, 0.54%, 0, 0, 11, 1445.58
1775248696, 1064, 318, 429, 0, 0, 0.54%, 0, 0, 11, 1531.15
1775248701, 1064, 385, 429, 0, 0, 0.54%, 0, 0, 11, 1392.30
1775248706, 1065, 79, 429, 0, 0, 0.54%, 0, 0, 11, 1417.09
1775248711, 1065, 100, 429, 0, 0, 0.54%, 0, 0, 11, 1518.04
1775248716, 1065, 210, 429, 0, 0, 0.54%, 0, 0, 11, 1485.48
1775248722, 1065, 305, 429, 0, 0, 0.54%, 0, 0, 11, 1400.37
1775248727, 1065, 357, 429, 0, 0, 0.54%, 0, 0, 11, 1381.63
1775248732, 1066, 19, 429, 0, 0, 0.54%, 0, 0, 11, 1178.99
1775248737, 1066, 80, 429, 0, 0, 0.54%, 0, 0, 11, 1467.08
1775248742, 1066, 130, 429, 0, 0, 0.54%, 0, 0, 11, 1563.37
1775248747, 1066, 149, 429, 0, 0, 0.54%, 0, 0, 11, 1540.30
1775248752, 1066, 192, 429, 0, 0, 0.54%, 0, 0, 11, 1455.05
1775248757, 1066, 330, 429, 0, 0, 0.54%, 0, 0, 11, 1448.21
1775248762, 1066, 371, 429, 0, 0, 0.54%, 0, 0, 11, 1350.18
1775248767, 1066, 423, 429, 0, 0, 0.54%, 0, 0, 11, 1354.97
1775248772, 1067, 79, 429, 0, 0, 0.54%, 0, 0, 11, 159.09
1775248778, 1067, 100, 429, 0, 0, 0.54%, 0, 0, 11, 1577.65
1775248783, 1067, 147, 429, 0, 0, 0.54%, 0, 0, 11, 1580.05
1775248788, 1067, 220, 429, 0, 0, 0.54%, 0, 0, 11, 1603.54
1775248793, 1067, 330, 429, 0, 0, 0.54%, 0, 0, 11, 1486.71
1775248798, 1067, 380, 429, 0, 0, 0.54%, 0, 0, 11, 1407.93
1775248803, 1068, 69, 429, 0, 0, 0.54%, 0, 0, 11, 1498.34
1775248808, 1068, 89, 429, 0, 0, 0.54%, 0, 0, 11, 1502.33
1775248813, 1068, 110, 429, 0, 0, 0.54%, 0, 0, 11, 1488.70
1775248818, 1068, 174, 429, 0, 0, 0.54%, 0, 0, 11, 1489.65
1775248823, 1068, 199, 429, 0, 0, 0.54%, 0, 0, 11, 1469.78
1775248828, 1068, 325, 429, 0, 0, 0.54%, 0, 0, 11, 1446.94
1775248833, 1068, 385, 429, 0, 0, 0.54%, 0, 0, 11, 1318.02
1775248839, 1069, 59, 429, 0, 0, 0.54%, 0, 0, 11, 1398.49
1775248844, 1069, 91, 429, 0, 0, 0.54%, 0, 0, 11, 1474.19
1775248849, 1069, 156, 429, 0, 0, 0.54%, 0, 0, 11, 1520.51
1775248854, 1069, 196, 429, 0, 0, 0.54%, 0, 0, 11, 1408.24
1775248859, 1069, 325, 429, 0, 0, 0.54%, 0, 0, 11, 1478.52
1775248864, 1069, 385, 429, 0, 0, 0.54%, 0, 0, 11, 1352.36
1775248869, 1070, 12, 429, 0, 0, 0.54%, 0, 0, 11, 1343.76
1775248874, 1070, 79, 429, 0, 0, 0.54%, 0, 0, 11, 1521.45
1775248879, 1070, 118, 429, 0, 0, 0.54%, 0, 0, 11, 1508.48
1775248884, 1070, 215, 429, 0, 0, 0.54%, 0, 0, 11, 1561.86
1775248890, 1070, 290, 429, 0, 0, 0.54%, 0, 0, 11, 1535.65
1775248895, 1070, 354, 429, 0, 0, 0.54%, 0, 0, 11, 1083.28
1775248900, 1070, 397, 429, 0, 0, 0.54%, 0, 0, 11, 1216.63
1775248905, 1071, 63, 429, 0, 0, 0.54%, 0, 0, 11, 1432.11
1775248910, 1071, 91, 429, 0, 0, 0.54%, 0, 0, 11, 1526.37
1775248915, 1071, 150, 429, 0, 0, 0.54%, 0, 0, 11, 1544.94
1775248920, 1071, 196, 429, 0, 0, 0.54%, 0, 0, 11, 1597.64
1775248925, 1071, 349, 429, 0, 0, 0.54%, 0, 0, 11, 1452.49
1775248930, 1072, 35, 429, 0, 0, 0.54%, 0, 0, 11, 1685.70
1775248935, 1072, 82, 429, 0, 0, 0.54%, 0, 0, 11, 1671.10
1775248940, 1072, 100, 429, 0, 0, 0.54%, 0, 0, 11, 1769.94
1775248946, 1072, 178, 429, 0, 0, 0.54%, 0, 0, 11, 1512.22
1775248951, 1072, 354, 429, 0, 0, 0.54%, 0, 0, 11, 1444.60
1775248956, 1072, 392, 429, 0, 0, 0.54%, 0, 0, 11, 1274.93
1775248961, 1073, 46, 429, 0, 0, 0.54%, 0, 0, 11, 1530.14
1775248966, 1073, 86, 429, 0, 0, 0.54%, 0, 0, 11, 1582.95
1775248971, 1073, 145, 429, 0, 0, 0.54%, 0, 0, 11, 1587.34
1775248976, 1073, 229, 429, 0, 0, 0.54%, 0, 0, 11, 1635.41
1775248981, 1073, 354, 429, 0, 0, 0.54%, 0, 0, 11, 695.25
1775248986, 1073, 390, 429, 0, 0, 0.54%, 0, 0, 11, 1125.16
1775248991, 1074, 63, 429, 0, 0, 0.54%, 0, 0, 11, 1442.18
1775248996, 1074, 96, 429, 0, 0, 0.54%, 0, 0, 11, 1539.97
1775249001, 1074, 156, 429, 0, 0, 0.54%, 0, 0, 11, 1421.33
1775249007, 1074, 245, 429, 0, 0, 0.54%, 0, 0, 11, 1400.57
1775249012, 1074, 291, 429, 0, 0, 0.54%, 0, 0, 11, 1373.65
1775249017, 1074, 354, 429, 0, 0, 0.54%, 0, 0, 11, 1444.14
1775249022, 1074, 425, 429, 0, 0, 0.54%, 0, 0, 11, 1153.64
1775249027, 1075, 84, 429, 0, 0, 0.54%, 0, 0, 11, 1397.49
1775249032, 1075, 119, 429, 0, 0, 0.54%, 0, 0, 11, 1522.59
1775249037, 1075, 226, 429, 0, 0, 0.54%, 0, 0, 11, 1528.42
1775249042, 1075, 292, 429, 0, 0, 0.54%, 0, 0, 11, 1478.29
1775249047, 1075, 353, 429, 0, 0, 0.54%, 0, 0, 11, 1491.09
1775249052, 1075, 399, 429, 0, 0, 0.54%, 0, 0, 11, 1283.04
1775249057, 1076, 63, 429, 0, 0, 0.54%, 0, 0, 11, 1508.07
1775249062, 1076, 86, 429, 0, 0, 0.54%, 0, 0, 11, 1448.49
1775249067, 1076, 147, 429, 0, 0, 0.54%, 0, 0, 11, 1510.63
1775249073, 1076, 284, 429, 0, 0, 0.54%, 0, 0, 11, 1549.18
1775249078, 1076, 390, 429, 0, 0, 0.54%, 0, 0, 11, 1403.79
1775249083, 1077, 79, 429, 0, 0, 0.54%, 0, 0, 11, 1478.73
1775249088, 1077, 147, 429, 0, 0, 0.54%, 0, 0, 11, 1473.45
1775249093, 1077, 242, 429, 0, 0, 0.54%, 0, 0, 11, 1485.56
1775249098, 1077, 371, 429, 0, 0, 0.54%, 0, 0, 11, 1464.76
1775249103, 1078, 29, 429, 0, 0, 0.54%, 0, 0, 11, 1369.60
1775249108, 1078, 79, 429, 0, 0, 0.54%, 0, 0, 11, 1539.82
1775249114, 1078, 103, 429, 0, 0, 0.54%, 0, 0, 11, 1448.06
1775249119, 1078, 185, 429, 0, 0, 0.54%, 0, 0, 11, 1476.43
1775249124, 1078, 242, 429, 0, 0, 0.54%, 0, 0, 11, 1472.44
1775249129, 1078, 349, 429, 0, 0, 0.54%, 0, 0, 11, 1426.44
1775249134, 1078, 405, 429, 0, 0, 0.54%, 0, 0, 11, 1276.20
1775249139, 1079, 79, 429, 0, 0, 0.54%, 0, 0, 11, 1482.11
1775249144, 1079, 100, 429, 0, 0, 0.54%, 0, 0, 11, 1476.35
1775249150, 1079, 162, 429, 0, 0, 0.54%, 0, 0, 11, 1363.21
1775249155, 1079, 271, 429, 0, 0, 0.54%, 0, 0, 11, 1346.66
1775249160, 1079, 371, 429, 0, 0, 0.54%, 0, 0, 11, 1397.10
1775249165, 1080, 49, 429, 0, 0, 0.54%, 0, 0, 11, 1357.97
1775249170, 1080, 86, 429, 0, 0, 0.54%, 0, 0, 11, 1409.15
1775249175, 1080, 121, 429, 0, 0, 0.54%, 0, 0, 11, 1407.40
1775249180, 1080, 193, 429, 0, 0, 0.54%, 0, 0, 11, 1397.42
1775249185, 1080, 306, 429, 0, 0, 0.54%, 0, 0, 11, 1461.49
1775249190, 1080, 371, 429, 0, 0, 0.54%, 0, 0, 11, 1319.89
1775249195, 1080, 428, 429, 0, 0, 0.54%, 0, 0, 11, 1324.39
1775249200, 1081, 36, 429, 0, 0, 0.54%, 0, 0, 11, 1506.27
1775249206, 1081, 91, 429, 0, 0, 0.54%, 0, 0, 11, 1491.54
1775249211, 1081, 147, 429, 0, 0, 0.54%, 0, 0, 11, 1526.73
1775249216, 1081, 230, 429, 0, 0, 0.54%, 0, 0, 11, 1507.35
1775249221, 1081, 325, 429, 0, 0, 0.54%, 0, 0, 11, 1530.09
1775249226, 1081, 358, 429, 0, 0, 0.54%, 0, 0, 11, 1352.88
1775249231, 1081, 423, 429, 0, 0, 0.54%, 0, 0, 11, 1424.48
1775249236, 1082, 79, 429, 0, 0, 0.54%, 0, 0, 11, 1582.23
1775249241, 1082, 115, 429, 0, 0, 0.54%, 0, 0, 11, 1427.77
1775249246, 1082, 182, 429, 0, 0, 0.54%, 0, 0, 11, 1517.60
1775249251, 1082, 249, 429, 0, 0, 0.54%, 0, 0, 11, 1722.11
1775249256, 1082, 385, 429, 0, 0, 0.54%, 0, 0, 11, 1445.49
1775249261, 1083, 63, 429, 0, 0, 0.54%, 0, 0, 11, 1512.23
1775249266, 1083, 100, 429, 0, 0, 0.54%, 0, 0, 11, 1517.04
1775249272, 1083, 196, 429, 0, 0, 0.54%, 0, 0, 11, 1430.55
1775249277, 1083, 318, 429, 0, 0, 0.54%, 0, 0, 11, 1347.33
1775249282, 1083, 385, 429, 0, 0, 0.54%, 0, 0, 11, 1392.47
1775249287, 1084, 79, 429, 0, 0, 0.54%, 0, 0, 11, 1546.99
1775249292, 1084, 119, 429, 0, 0, 0.54%, 0, 0, 11, 1547.78
1775249297, 1084, 153, 429, 0, 0, 0.54%, 0, 0, 11, 1499.79
1775249302, 1084, 325, 429, 0, 0, 0.54%, 0, 0, 11, 1679.28
1775249307, 1084, 371, 429, 0, 0, 0.54%, 0, 0, 11, 1479.32
1775249312, 1085, 35, 429, 0, 0, 0.54%, 0, 0, 11, 1430.87
1775249317, 1085, 86, 429, 0, 0, 0.54%, 0, 0, 11, 1547.56
1775249323, 1085, 147, 429, 0, 0, 0.54%, 0, 0, 11, 1397.97
1775249328, 1085, 230, 429, 0, 0, 0.54%, 0, 0, 11, 1557.66
1775249333, 1085, 350, 429, 0, 0, 0.54%, 0, 0, 11, 1381.34
1775249338, 1085, 408, 429, 0, 0, 0.54%, 0, 0, 11, 1163.74
1775249343, 1086, 79, 429, 0, 0, 0.54%, 0, 0, 11, 1474.28
1775249348, 1086, 111, 429, 0, 0, 0.54%, 0, 0, 11, 1417.29
1775249353, 1086, 185, 429, 0, 0, 0.54%, 0, 0, 11, 1435.93
1775249358, 1086, 222, 429, 0, 0, 0.54%, 0, 0, 11, 1409.51
1775249363, 1086, 275, 429, 0, 0, 0.54%, 0, 0, 11, 1464.10
1775249368, 1086, 357, 429, 0, 0, 0.54%, 0, 0, 11, 1416.58
1775249374, 1086, 424, 429, 0, 0, 0.54%, 0, 0, 11, 1311.03
1775249379, 1087, 68, 429, 0, 0, 0.54%, 0, 0, 11, 1452.79
1775249384, 1087, 86, 429, 0, 0, 0.54%, 0, 0, 11, 1459.77
1775249389, 1087, 147, 429, 0, 0, 0.54%, 0, 0, 11, 1550.34
1775249394, 1087, 215, 429, 0, 0, 0.54%, 0, 0, 11, 1558.63
1775249399, 1087, 345, 429, 0, 0, 0.54%, 0, 0, 11, 1449.18
1775249404, 1087, 385, 429, 0, 0, 0.54%, 0, 0, 11, 1320.71
1775249409, 1088, 63, 429, 0, 0, 0.54%, 0, 0, 11, 1324.88
1775249414, 1088, 91, 429, 0, 0, 0.54%, 0, 0, 11, 1485.36
1775249419, 1088, 154, 429, 0, 0, 0.54%, 0, 0, 11, 1491.89
1775249424, 1088, 349, 429, 0, 0, 0.54%, 0, 0, 11, 1773.38
1775249429, 1088, 403, 429, 0, 0, 0.54%, 0, 0, 11, 1376.15
1775249434, 1089, 79, 429, 0, 0, 0.54%, 0, 0, 11, 1488.55
1775249439, 1089, 111, 429, 0, 0, 0.54%, 0, 0, 11, 1527.82
1775249445, 1089, 151, 429, 0, 0, 0.54%, 0, 0, 11, 1572.58
1775249450, 1089, 241, 429, 0, 0, 0.54%, 0, 0, 11, 1575.76
1775249455, 1089, 349, 429, 0, 0, 0.54%, 0, 0, 11, 1547.45
1775249460, 1089, 416, 429, 0, 0, 0.54%, 0, 0, 11, 1404.62
1775249465, 1090, 80, 429, 0, 0, 0.54%, 0, 0, 11, 1624.88
1775249470, 1090, 111, 429, 0, 0, 0.54%, 0, 0, 11, 1485.00
1775249475, 1090, 180, 429, 0, 0, 0.54%, 0, 0, 11, 1484.09
1775249480, 1090, 210, 429, 0, 0, 0.54%, 0, 0, 11, 1461.91
1775249485, 1090, 258, 429, 0, 0, 0.54%, 0, 0, 11, 1436.80
1775249490, 1090, 313, 429, 0, 0, 0.54%, 0, 0, 11, 1357.91
1775249495, 1090, 373, 429, 0, 0, 0.54%, 0, 0, 11, 1325.21
1775249501, 1090, 423, 429, 0, 0, 0.54%, 0, 0, 11, 1281.70
1775249506, 1091, 61, 429, 0, 0, 0.54%, 0, 0, 11, 1416.70
1775249511, 1091, 86, 429, 0, 0, 0.54%, 0, 0, 11, 1410.14
1775249516, 1091, 116, 429, 0, 0, 0.54%, 0, 0, 11, 1560.25
1775249521, 1091, 147, 429, 0, 0, 0.54%, 0, 0, 11, 1461.65
1775249526, 1091, 224, 429, 0, 0, 0.54%, 0, 0, 11, 1475.47
1775249531, 1091, 325, 429, 0, 0, 0.54%, 0, 0, 11, 1454.73
1775249536, 1091, 385, 429, 0, 0, 0.54%, 0, 0, 11, 1370.03
1775249541, 1092, 63, 429, 0, 0, 0.54%, 0, 0, 11, 1541.13
1775249546, 1092, 105, 429, 0, 0, 0.54%, 0, 0, 11, 1541.49
1775249551, 1092, 137, 429, 0, 0, 0.54%, 0, 0, 11, 1463.79
1775249557, 1092, 267, 429, 0, 0, 0.54%, 0, 0, 11, 1534.24
1775249562, 1092, 325, 429, 0, 0, 0.54%, 0, 0, 11, 1476.61
1775249567, 1092, 415, 429, 0, 0, 0.54%, 0, 0, 11, 1328.35
1775249572, 1093, 80, 429, 0, 0, 0.54%, 0, 0, 11, 1550.27
1775249577, 1093, 102, 429, 0, 0, 0.54%, 0, 0, 11, 1552.63
1775249582, 1093, 147, 429, 0, 0, 0.54%, 0, 0, 11, 1478.55
1775249587, 1093, 252, 429, 0, 0, 0.54%, 0, 0, 11, 1486.94
1775249592, 1093, 349, 429, 0, 0, 0.54%, 0, 0, 11, 1534.32
1775249597, 1094, 0, 429, 0, 0, 0.54%, 0, 0, 11, 1351.08
1775249602, 1094, 61, 429, 0, 0, 0.54%, 0, 0, 11, 1426.61
1775249607, 1094, 100, 429, 0, 0, 0.54%, 0, 0, 11, 1462.85
1775249613, 1094, 175, 429, 0, 0, 0.54%, 0, 0, 11, 1503.77
1775249618, 1094, 293, 429, 0, 0, 0.54%, 0, 0, 11, 1548.25
1775249623, 1094, 354, 429, 0, 0, 0.54%, 0, 0, 11, 1429.05
1775249628, 1094, 428, 429, 0, 0, 0.54%, 0, 0, 11, 1540.00
1775249633, 1095, 50, 429, 0, 0, 0.54%, 0, 0, 11, 1407.65
1775249638, 1095, 91, 429, 0, 0, 0.54%, 0, 0, 11, 1498.66
1775249643, 1095, 147, 429, 0, 0, 0.54%, 0, 0, 11, 1398.66
1775249648, 1095, 228, 429, 0, 0, 0.54%, 0, 0, 11, 1527.91
1775249653, 1095, 328, 429, 0, 0, 0.54%, 0, 0, 11, 1521.67
1775249658, 1095, 371, 429, 0, 0, 0.54%, 0, 0, 11, 1397.62
1775249663, 1096, 59, 429, 0, 0, 0.54%, 0, 0, 11, 1397.73
1775249668, 1096, 91, 429, 0, 0, 0.54%, 0, 0, 11, 1414.23
1775249674, 1096, 116, 429, 0, 0, 0.54%, 0, 0, 11, 1436.66
1775249679, 1096, 196, 429, 0, 0, 0.54%, 0, 0, 11, 1487.39
1775249684, 1096, 259, 429, 0, 0, 0.54%, 0, 0, 11, 1556.34
1775249689, 1096, 349, 429, 0, 0, 0.54%, 0, 0, 11, 1351.72
1775249694, 1096, 388, 429, 0, 0, 0.54%, 0, 0, 11, 1237.94
1775249699, 1096, 423, 429, 0, 0, 0.54%, 0, 0, 11, 1131.86
1775249704, 1097, 63, 429, 0, 0, 0.54%, 0, 0, 11, 1394.84
1775249709, 1097, 111, 429, 0, 0, 0.54%, 0, 0, 11, 1494.71
1775249714, 1097, 214, 429, 0, 0, 0.54%, 0, 0, 11, 1501.70
1775249719, 1097, 301, 429, 0, 0, 0.54%, 0, 0, 11, 1417.15
1775249724, 1097, 357, 429, 0, 0, 0.54%, 0, 0, 11, 1440.60
1775249730, 1098, 63, 429, 0, 0, 0.54%, 0, 0, 11, 1417.44
1775249735, 1098, 91, 429, 0, 0, 0.54%, 0, 0, 11, 1499.90
1775249740, 1098, 160, 429, 0, 0, 0.54%, 0, 0, 11, 1517.18
1775249745, 1098, 264, 429, 0, 0, 0.54%, 0, 0, 11, 1398.86
1775249750, 1098, 385, 429, 0, 0, 0.54%, 0, 0, 11, 1432.01
1775249755, 1098, 426, 429, 0, 0, 0.54%, 0, 0, 11, 1152.64
1775249760, 1099, 79, 429, 0, 0, 0.54%, 0, 0, 11, 1643.51
1775249765, 1099, 111, 429, 0, 0, 0.54%, 0, 0, 11, 1602.65
1775249770, 1099, 274, 429, 0, 0, 0.54%, 0, 0, 11, 1387.23
1775249776, 1099, 340, 429, 0, 0, 0.54%, 0, 0, 11, 1408.83
1775249781, 1099, 398, 429, 0, 0, 0.54%, 0, 0, 11, 1318.67
1775249786, 1100, 36, 429, 0, 0, 0.54%, 0, 0, 11, 1395.48
1775249791, 1100, 80, 429, 0, 0, 0.54%, 0, 0, 11, 1520.03
1775249796, 1100, 127, 429, 0, 0, 0.54%, 0, 0, 11, 1588.06
1775249801, 1100, 175, 429, 0, 0, 0.54%, 0, 0, 11, 1514.25
1775249806, 1100, 212, 429, 0, 0, 0.54%, 0, 0, 11, 1725.44
1775249811, 1100, 379, 429, 0, 0, 0.54%, 0, 0, 11, 1467.12
1775249816, 1101, 15, 429, 0, 0, 0.54%, 0, 0, 11, 1458.96
1775249821, 1101, 72, 429, 0, 0, 0.54%, 0, 0, 11, 1539.99
1775249827, 1101, 91, 429, 0, 0, 0.54%, 0, 0, 11, 1522.60
1775249832, 1101, 165, 429, 0, 0, 0.54%, 0, 0, 11, 1421.28
1775249837, 1101, 259, 429, 0, 0, 0.54%, 0, 0, 11, 1505.85
1775249842, 1101, 350, 429, 0, 0, 0.54%, 0, 0, 11, 1499.88
1775249847, 1101, 385, 429, 0, 0, 0.54%, 0, 0, 11, 1249.76
1775249852, 1102, 14, 429, 0, 0, 0.54%, 0, 0, 11, 1348.81
1775249857, 1102, 55, 429, 0, 0, 0.54%, 0, 0, 11, 1378.94
1775249862, 1102, 91, 429, 0, 0, 0.54%, 0, 0, 11, 1560.47
1775249867, 1102, 147, 429, 0, 0, 0.54%, 0, 0, 11, 1541.27
1775249872, 1102, 198, 429, 0, 0, 0.54%, 0, 0, 11, 1496.98
1775249878, 1102, 332, 429, 0, 0, 0.54%, 0, 0, 11, 1545.52
1775249883, 1103, 12, 429, 0, 0, 0.54%, 0, 0, 11, 1330.99
1775249888, 1103, 63, 429, 0, 0, 0.54%, 0, 0, 11, 1537.40
1775249893, 1103, 104, 429, 0, 0, 0.54%, 0, 0, 11, 1588.76
1775249898, 1103, 196, 429, 0, 0, 0.54%, 0, 0, 11, 1563.37
1775249903, 1103, 241, 429, 0, 0, 0.54%, 0, 0, 11, 923.23
1775249908, 1103, 357, 429, 0, 0, 0.54%, 0, 0, 11, 1316.09
1775249913, 1103, 401, 429, 0, 0, 0.54%, 0, 0, 11, 1187.64
1775249918, 1104, 79, 429, 0, 0, 0.54%, 0, 0, 11, 1380.26
1775249923, 1104, 98, 429, 0, 0, 0.54%, 0, 0, 11, 1423.89
1775249929, 1104, 125, 429, 0, 0, 0.54%, 0, 0, 11, 1335.32
1775249934, 1104, 196, 429, 0, 0, 0.54%, 0, 0, 11, 1416.05
1775249939, 1104, 290, 429, 0, 0, 0.54%, 0, 0, 11, 1527.63
1775249944, 1104, 371, 429, 0, 0, 0.54%, 0, 0, 11, 1509.16
1775249949, 1105, 22, 429, 0, 0, 0.54%, 0, 0, 11, 1421.04
1775249954, 1105, 80, 429, 0, 0, 0.54%, 0, 0, 11, 1501.15
1775249959, 1105, 113, 429, 0, 0, 0.54%, 0, 0, 11, 1344.55
1775249964, 1105, 167, 429, 0, 0, 0.54%, 0, 0, 11, 1418.66
1775249969, 1105, 325, 429, 0, 0, 0.54%, 0, 0, 11, 1404.07
1775249974, 1105, 423, 429, 0, 0, 0.54%, 0, 0, 11, 1487.31
1775249980, 1106, 47, 429, 0, 0, 0.54%, 0, 0, 11, 1563.87
1775249985, 1106, 80, 429, 0, 0, 0.54%, 0, 0, 11, 1519.39
1775249990, 1106, 147, 429, 0, 0, 0.54%, 0, 0, 11, 1494.82
1775249995, 1106, 206, 429, 0, 0, 0.54%, 0, 0, 11, 1466.05
1775250000, 1106, 290, 429, 0, 0, 0.54%, 0, 0, 11, 1389.58
1775250005, 1106, 354, 429, 0, 0, 0.54%, 0, 0, 11, 1373.38
1775250010, 1106, 390, 429, 0, 0, 0.54%, 0, 0, 11, 1260.67
1775250015, 1107, 63, 429, 0, 0, 0.54%, 0, 0, 11, 1519.29
1775250020, 1107, 100, 429, 0, 0, 0.54%, 0, 0, 11, 1534.03
1775250025, 1107, 152, 429, 0, 0, 0.54%, 0, 0, 11, 1471.90
1775250030, 1107, 298, 429, 0, 0, 0.54%, 0, 0, 11, 1455.67
1775250035, 1107, 357, 429, 0, 0, 0.54%, 0, 0, 11, 1401.92
1775250040, 1108, 63, 429, 0, 0, 0.54%, 0, 0, 11, 1265.79
1775250046, 1108, 111, 429, 0, 0, 0.54%, 0, 0, 11, 1478.41
1775250051, 1108, 179, 429, 0, 0, 0.54%, 0, 0, 11, 1443.87
1775250056, 1108, 282, 429, 0, 0, 0.54%, 0, 0, 11, 1526.37
1775250061, 1108, 354, 429, 0, 0, 0.54%, 0, 0, 11, 1431.38
1775250066, 1108, 415, 429, 0, 0, 0.54%, 0, 0, 11, 1184.11
1775250071, 1109, 86, 429, 0, 0, 0.54%, 0, 0, 11, 1355.50
1775250076, 1109, 147, 429, 0, 0, 0.54%, 0, 0, 11, 1345.19
1775250081, 1109, 196, 429, 0, 0, 0.54%, 0, 0, 11, 1458.17
1775250086, 1109, 280, 429, 0, 0, 0.54%, 0, 0, 11, 1433.40
1775250091, 1109, 349, 429, 0, 0, 0.54%, 0, 0, 11, 1525.04
1775250097, 1110, 22, 429, 0, 0, 0.54%, 0, 0, 11, 1490.81
1775250102, 1110, 91, 429, 0, 0, 0.54%, 0, 0, 11, 1593.47
1775250107, 1110, 158, 429, 0, 0, 0.54%, 0, 0, 11, 1383.94
1775250112, 1110, 275, 429, 0, 0, 0.54%, 0, 0, 11, 1520.44
1775250117, 1110, 323, 429, 0, 0, 0.54%, 0, 0, 11, 1450.16
1775250122, 1110, 385, 429, 0, 0, 0.54%, 0, 0, 11, 1417.78
1775250127, 1111, 21, 429, 0, 0, 0.54%, 0, 0, 11, 1498.29
1775250132, 1111, 83, 429, 0, 0, 0.54%, 0, 0, 11, 1506.77
1775250137, 1111, 117, 429, 0, 0, 0.54%, 0, 0, 11, 1550.86
1775250143, 1111, 153, 429, 0, 0, 0.54%, 0, 0, 11, 1459.73
1775250148, 1111, 225, 429, 0, 0, 0.54%, 0, 0, 11, 1606.27
1775250153, 1111, 286, 429, 0, 0, 0.54%, 0, 0, 11, 1358.05
1775250158, 1111, 349, 429, 0, 0, 0.54%, 0, 0, 11, 1432.00
1775250163, 1111, 392, 429, 0, 0, 0.54%, 0, 0, 11, 1274.04
1775250168, 1112, 63, 429, 0, 0, 0.54%, 0, 0, 11, 1434.10
1775250173, 1112, 91, 429, 0, 0, 0.54%, 0, 0, 11, 1481.02
1775250178, 1112, 169, 429, 0, 0, 0.54%, 0, 0, 11, 1452.48
1775250184, 1112, 220, 429, 0, 0, 0.54%, 0, 0, 11, 1440.04
1775250189, 1112, 303, 429, 0, 0, 0.54%, 0, 0, 11, 1417.87
1775250194, 1112, 380, 429, 0, 0, 0.54%, 0, 0, 11, 1289.23
1775250199, 1112, 423, 429, 0, 0, 0.54%, 0, 0, 11, 1438.84
1775250204, 1113, 79, 429, 0, 0, 0.54%, 0, 0, 11, 1561.81
1775250209, 1113, 100, 429, 0, 0, 0.54%, 0, 0, 11, 1540.34
1775250214, 1113, 196, 429, 0, 0, 0.54%, 0, 0, 11, 1462.40
1775250219, 1113, 272, 429, 0, 0, 0.54%, 0, 0, 11, 1445.06
1775250224, 1113, 354, 429, 0, 0, 0.54%, 0, 0, 11, 1453.06
1775250229, 1113, 424, 429, 0, 0, 0.54%, 0, 0, 11, 1339.94
1775250234, 1114, 78, 429, 0, 0, 0.54%, 0, 0, 11, 1645.22
1775250240, 1114, 105, 429, 0, 0, 0.54%, 0, 0, 11, 1520.39
1775250245, 1114, 196, 429, 0, 0, 0.54%, 0, 0, 11, 1532.25
1775250250, 1114, 324, 429, 0, 0, 0.54%, 0, 0, 11, 1545.27
1775250255, 1114, 357, 429, 0, 0, 0.54%, 0, 0, 11, 1445.16
1775250260, 1115, 54, 429, 0, 0, 0.54%, 0, 0, 11, 1485.16
1775250265, 1115, 86, 429, 0, 0, 0.54%, 0, 0, 11, 1480.85
1775250270, 1115, 218, 429, 0, 0, 0.54%, 0, 0, 11, 1464.67
1775250275, 1115, 354, 429, 0, 0, 0.54%, 0, 0, 11, 1448.20
1775250280, 1115, 385, 429, 0, 0, 0.54%, 0, 0, 11, 1300.81
1775250285, 1116, 44, 429, 0, 0, 0.54%, 0, 0, 11, 1336.20
1775250291, 1116, 86, 429, 0, 0, 0.54%, 0, 0, 11, 1558.67
1775250296, 1116, 181, 429, 0, 0, 0.54%, 0, 0, 11, 1468.91
1775250301, 1116, 290, 429, 0, 0, 0.54%, 0, 0, 11, 1414.19
1775250306, 1116, 354, 429, 0, 0, 0.54%, 0, 0, 11, 1373.27
1775250311, 1116, 405, 429, 0, 0, 0.54%, 0, 0, 11, 1225.12
1775250316, 1117, 63, 429, 0, 0, 0.54%, 0, 0, 11, 1313.87
1775250321, 1117, 100, 429, 0, 0, 0.54%, 0, 0, 11, 1537.64
1775250326, 1117, 162, 429, 0, 0, 0.54%, 0, 0, 11, 1503.89
1775250331, 1117, 289, 429, 0, 0, 0.54%, 0, 0, 11, 1439.34
1775250336, 1117, 349, 429, 0, 0, 0.54%, 0, 0, 11, 1528.86
1775250342, 1117, 385, 429, 0, 0, 0.54%, 0, 0, 11, 1265.02
1775250347, 1118, 36, 429, 0, 0, 0.54%, 0, 0, 11, 1305.03
1775250352, 1118, 86, 429, 0, 0, 0.54%, 0, 0, 11, 1482.86
1775250357, 1118, 147, 429, 0, 0, 0.54%, 0, 0, 11, 1391.50
1775250362, 1118, 236, 429, 0, 0, 0.54%, 0, 0, 11, 1385.08
1775250367, 1118, 349, 429, 0, 0, 0.54%, 0, 0, 11, 1412.86
1775250372, 1118, 400, 429, 0, 0, 0.54%, 0, 0, 11, 1236.02
1775250377, 1119, 80, 429, 0, 0, 0.54%, 0, 0, 11, 1454.32
1775250382, 1119, 140, 429, 0, 0, 0.54%, 0, 0, 11, 1498.75
1775250387, 1119, 196, 429, 0, 0, 0.54%, 0, 0, 11, 1325.83
1775250392, 1119, 342, 429, 0, 0, 0.54%, 0, 0, 11, 1476.80
1775250398, 1119, 385, 429, 0, 0, 0.54%, 0, 0, 11, 1407.64
1775250403, 1120, 79, 429, 0, 0, 0.54%, 0, 0, 11, 1533.94
1775250408, 1120, 106, 429, 0, 0, 0.54%, 0, 0, 11, 1555.45
1775250413, 1120, 186, 429, 0, 0, 0.54%, 0, 0, 11, 1472.37
1775250418, 1120, 233, 429, 0, 0, 0.54%, 0, 0, 11, 1530.62
1775250423, 1120, 327, 429, 0, 0, 0.54%, 0, 0, 11, 1385.94
1775250428, 1120, 400, 429, 0, 0, 0.54%, 0, 0, 11, 1302.33
1775250433, 1121, 38, 429, 0, 0, 0.54%, 0, 0, 11, 1357.62
1775250438, 1121, 63, 429, 0, 0, 0.54%, 0, 0, 11, 1452.34
1775250443, 1121, 103, 429, 0, 0, 0.54%, 0, 0, 11, 1421.84
1775250449, 1121, 227, 429, 0, 0, 0.54%, 0, 0, 11, 1452.94
1775250454, 1121, 306, 429, 0, 0, 0.54%, 0, 0, 11, 1448.63
1775250459, 1121, 354, 429, 0, 0, 0.54%, 0, 0, 11, 1365.43
1775250464, 1121, 424, 429, 0, 0, 0.54%, 0, 0, 11, 1337.64
1775250469, 1122, 63, 429, 0, 0, 0.54%, 0, 0, 11, 1514.89
1775250474, 1122, 80, 429, 0, 0, 0.54%, 0, 0, 11, 1495.75
1775250479, 1122, 117, 429, 0, 0, 0.54%, 0, 0, 11, 1476.70
1775250484, 1122, 196, 429, 0, 0, 0.54%, 0, 0, 11, 1560.40
1775250489, 1122, 309, 429, 0, 0, 0.54%, 0, 0, 11, 1558.10
1775250494, 1122, 385, 429, 0, 0, 0.54%, 0, 0, 11, 1452.00
1775250500, 1123, 79, 429, 0, 0, 0.54%, 0, 0, 11, 1493.12
1775250505, 1123, 102, 429, 0, 0, 0.54%, 0, 0, 11, 1493.94
1775250510, 1123, 160, 429, 0, 0, 0.54%, 0, 0, 11, 1422.92
1775250515, 1123, 247, 429, 0, 0, 0.54%, 0, 0, 11, 1482.95
1775250520, 1123, 315, 429, 0, 0, 0.54%, 0, 0, 11, 1497.61
1775250525, 1123, 381, 429, 0, 0, 0.54%, 0, 0, 11, 1370.55
1775250530, 1124, 61, 429, 0, 0, 0.54%, 0, 0, 11, 1368.38
1775250535, 1124, 91, 429, 0, 0, 0.54%, 0, 0, 11, 1497.39
1775250540, 1124, 157, 429, 0, 0, 0.54%, 0, 0, 11, 1381.17
1775250545, 1124, 193, 429, 0, 0, 0.54%, 0, 0, 11, 1475.89
1775250550, 1124, 324, 429, 0, 0, 0.54%, 0, 0, 11, 1467.81
1775250555, 1124, 385, 429, 0, 0, 0.54%, 0, 0, 11, 1378.16
1775250560, 1125, 63, 429, 0, 0, 0.54%, 0, 0, 11, 1389.55
1775250565, 1125, 100, 429, 0, 0, 0.54%, 0, 0, 11, 1537.60
1775250571, 1125, 147, 429, 0, 0, 0.54%, 0, 0, 11, 1541.05
1775250576, 1125, 301, 429, 0, 0, 0.54%, 0, 0, 11, 1568.79
1775250581, 1125, 385, 429, 0, 0, 0.54%, 0, 0, 11, 1374.22
1775250586, 1126, 71, 429, 0, 0, 0.54%, 0, 0, 11, 1502.42
1775250591, 1126, 91, 429, 0, 0, 0.54%, 0, 0, 11, 1397.63
1775250596, 1126, 169, 429, 0, 0, 0.54%, 0, 0, 11, 1568.65
1775250601, 1126, 342, 429, 0, 0, 0.54%, 0, 0, 11, 1451.36
1775250606, 1126, 385, 429, 0, 0, 0.54%, 0, 0, 11, 1315.63
1775250612, 1127, 66, 429, 0, 0, 0.54%, 0, 0, 11, 1423.64
1775250617, 1127, 100, 429, 0, 0, 0.54%, 0, 0, 11, 1506.13
1775250622, 1127, 211, 429, 0, 0, 0.54%, 0, 0, 11, 1525.16
1775250627, 1127, 319, 429, 0, 0, 0.54%, 0, 0, 11, 1591.07
1775250632, 1127, 385, 429, 0, 0, 0.54%, 0, 0, 11, 1393.74
1775250637, 1128, 36, 429, 0, 0, 0.54%, 0, 0, 11, 1265.97
1775250642, 1128, 91, 429, 0, 0, 0.54%, 0, 0, 11, 1408.18
1775250647, 1128, 170, 429, 0, 0, 0.54%, 0, 0, 11, 1455.44
1775250653, 1128, 232, 429, 0, 0, 0.54%, 0, 0, 11, 1278.57
1775250658, 1128, 322, 429, 0, 0, 0.54%, 0, 0, 11, 1449.29
1775250663, 1128, 385, 429, 0, 0, 0.54%, 0, 0, 11, 1331.84
1775250668, 1129, 79, 429, 0, 0, 0.54%, 0, 0, 11, 1530.18
1775250673, 1129, 111, 429, 0, 0, 0.54%, 0, 0, 11, 1462.66
1775250678, 1129, 199, 429, 0, 0, 0.54%, 0, 0, 11, 1495.93
1775250683, 1129, 289, 429, 0, 0, 0.54%, 0, 0, 11, 1450.87
1775250688, 1129, 325, 429, 0, 0, 0.54%, 0, 0, 11, 1299.26
1775250693, 1129, 385, 429, 0, 0, 0.54%, 0, 0, 11, 1230.00
1775250698, 1130, 74, 429, 0, 0, 0.54%, 0, 0, 11, 1464.71
1775250704, 1130, 110, 429, 0, 0, 0.54%, 0, 0, 11, 1481.56
1775250709, 1130, 186, 429, 0, 0, 0.54%, 0, 0, 11, 1441.88
1775250714, 1130, 238, 429, 0, 0, 0.54%, 0, 0, 11, 1332.50
1775250719, 1130, 323, 429, 0, 0, 0.54%, 0, 0, 11, 1499.88
1775250724, 1130, 417, 429, 0, 0, 0.54%, 0, 0, 11, 1431.64
1775250729, 1131, 80, 429, 0, 0, 0.54%, 0, 0, 11, 1533.08
1775250734, 1131, 143, 429, 0, 0, 0.54%, 0, 0, 11, 1465.10
1775250739, 1131, 193, 429, 0, 0, 0.54%, 0, 0, 11, 1427.23
1775250744, 1131, 271, 429, 0, 0, 0.54%, 0, 0, 11, 1491.41
1775250749, 1131, 353, 429, 0, 0, 0.54%, 0, 0, 11, 1370.60
1775250755, 1132, 15, 429, 0, 0, 0.54%, 0, 0, 11, 1337.94
1775250760, 1132, 79, 429, 0, 0, 0.54%, 0, 0, 11, 1478.06
1775250765, 1132, 111, 429, 0, 0, 0.54%, 0, 0, 11, 1494.81
1775250770, 1132, 162, 429, 0, 0, 0.54%, 0, 0, 11, 1424.02
1775250775, 1132, 349, 429, 0, 0, 0.54%, 0, 0, 11, 1498.01
1775250780, 1132, 376, 429, 0, 0, 0.54%, 0, 0, 11, 1447.30
1775250785, 1133, 49, 429, 0, 0, 0.54%, 0, 0, 11, 1521.24
1775250790, 1133, 80, 429, 0, 0, 0.54%, 0, 0, 11, 1545.03
1775250795, 1133, 119, 429, 0, 0, 0.54%, 0, 0, 11, 1448.62
1775250800, 1133, 171, 429, 0, 0, 0.54%, 0, 0, 11, 1415.15
1775250805, 1133, 257, 429, 0, 0, 0.54%, 0, 0, 11, 1440.03
1775250811, 1133, 371, 429, 0, 0, 0.54%, 0, 0, 11, 1417.24
1775250816, 1134, 33, 429, 0, 0, 0.54%, 0, 0, 11, 1221.64
1775250821, 1134, 80, 429, 0, 0, 0.54%, 0, 0, 11, 1506.63
1775250826, 1134, 121, 429, 0, 0, 0.54%, 0, 0, 11, 1585.49
1775250831, 1134, 200, 429, 0, 0, 0.54%, 0, 0, 11, 1800.82
1775250836, 1134, 292, 429, 0, 0, 0.54%, 0, 0, 11, 1472.68
1775250841, 1134, 354, 429, 0, 0, 0.54%, 0, 0, 11, 1362.12
1775250846, 1134, 404, 429, 0, 0, 0.54%, 0, 0, 11, 1255.09
1775250851, 1135, 63, 429, 0, 0, 0.54%, 0, 0, 11, 1508.78
1775250856, 1135, 100, 429, 0, 0, 0.54%, 0, 0, 11, 1532.45
1775250861, 1135, 147, 429, 0, 0, 0.54%, 0, 0, 11, 1349.15
1775250866, 1135, 271, 429, 0, 0, 0.54%, 0, 0, 11, 1503.95
1775250871, 1135, 325, 429, 0, 0, 0.54%, 0, 0, 11, 1511.45
1775250877, 1135, 374, 429, 0, 0, 0.54%, 0, 0, 11, 1435.96
1775250882, 1136, 36, 429, 0, 0, 0.54%, 0, 0, 11, 1338.89
1775250887, 1136, 88, 429, 0, 0, 0.54%, 0, 0, 11, 1525.69
1775250892, 1136, 172, 429, 0, 0, 0.54%, 0, 0, 11, 1430.86
1775250897, 1136, 314, 429, 0, 0, 0.54%, 0, 0, 11, 1434.83
1775250902, 1136, 371, 429, 0, 0, 0.54%, 0, 0, 11, 1314.20
1775250907, 1137, 50, 429, 0, 0, 0.54%, 0, 0, 11, 1294.42
1775250913, 1137, 91, 429, 0, 0, 0.54%, 0, 0, 11, 1467.18
1775250918, 1137, 173, 429, 0, 0, 0.54%, 0, 0, 11, 1536.31
1775250923, 1137, 308, 429, 0, 0, 0.54%, 0, 0, 11, 1469.43
1775250928, 1137, 356, 429, 0, 0, 0.54%, 0, 0, 11, 265.56
1775250933, 1137, 415, 429, 0, 0, 0.54%, 0, 0, 11, 832.30
1775250938, 1138, 62, 429, 0, 0, 0.54%, 0, 0, 11, 1595.47
1775250943, 1138, 91, 429, 0, 0, 0.54%, 0, 0, 11, 1497.80
1775250948, 1138, 161, 429, 0, 0, 0.54%, 0, 0, 11, 1490.20
1775250953, 1138, 309, 429, 0, 0, 0.54%, 0, 0, 11, 1504.41
1775250958, 1138, 379, 429, 0, 0, 0.54%, 0, 0, 11, 1402.88
1775250963, 1139, 58, 429, 0, 0, 0.54%, 0, 0, 11, 1293.32
1775250968, 1139, 86, 429, 0, 0, 0.54%, 0, 0, 11, 1530.44
1775250973, 1139, 139, 429, 0, 0, 0.54%, 0, 0, 11, 1478.77
1775250978, 1139, 189, 429, 0, 0, 0.54%, 0, 0, 11, 1393.98
1775250983, 1139, 229, 429, 0, 0, 0.54%, 0, 0, 11, 1531.55
1775250989, 1139, 334, 429, 0, 0, 0.54%, 0, 0, 11, 1466.48
1775250994, 1139, 401, 429, 0, 0, 0.54%, 0, 0, 11, 1320.31
1775250999, 1140, 24, 429, 0, 0, 0.54%, 0, 0, 11, 1415.85
1775251004, 1140, 72, 429, 0, 0, 0.54%, 0, 0, 11, 1530.30
1775251009, 1140, 100, 429, 0, 0, 0.54%, 0, 0, 11, 1441.41
1775251014, 1140, 160, 429, 0, 0, 0.54%, 0, 0, 11, 1412.44
1775251019, 1140, 266, 429, 0, 0, 0.54%, 0, 0, 11, 1492.79
1775251024, 1140, 310, 429, 0, 0, 0.54%, 0, 0, 11, 1396.72
1775251029, 1140, 371, 429, 0, 0, 0.54%, 0, 0, 11, 1318.89
1775251034, 1141, 63, 429, 0, 0, 0.54%, 0, 0, 11, 1428.87
1775251039, 1141, 106, 429, 0, 0, 0.54%, 0, 0, 11, 1472.10
1775251045, 1141, 204, 429, 0, 0, 0.54%, 0, 0, 11, 1480.63
1775251050, 1141, 319, 429, 0, 0, 0.54%, 0, 0, 11, 1514.02
1775251055, 1141, 373, 429, 0, 0, 0.54%, 0, 0, 11, 1443.94
1775251060, 1142, 46, 429, 0, 0, 0.54%, 0, 0, 11, 1353.06
1775251065, 1142, 80, 429, 0, 0, 0.54%, 0, 0, 11, 1379.72
1775251070, 1142, 196, 429, 0, 0, 0.54%, 0, 0, 11, 1570.66
1775251075, 1142, 291, 429, 0, 0, 0.54%, 0, 0, 11, 1569.25
1775251080, 1142, 370, 429, 0, 0, 0.54%, 0, 0, 11, 1501.50
1775251085, 1143, 33, 429, 0, 0, 0.54%, 0, 0, 11, 1525.34
1775251090, 1143, 67, 429, 0, 0, 0.54%, 0, 0, 11, 1374.68
1775251096, 1143, 100, 429, 0, 0, 0.54%, 0, 0, 11, 1499.12
1775251101, 1143, 186, 429, 0, 0, 0.54%, 0, 0, 11, 1579.60
1775251106, 1143, 265, 429, 0, 0, 0.54%, 0, 0, 11, 1488.48
1775251111, 1143, 292, 429, 0, 0, 0.54%, 0, 0, 11, 1512.93
1775251116, 1143, 385, 429, 0, 0, 0.54%, 0, 0, 11, 1405.41
1775251121, 1144, 37, 429, 0, 0, 0.54%, 0, 0, 11, 1288.15
1775251126, 1144, 91, 429, 0, 0, 0.54%, 0, 0, 11, 1489.00
1775251131, 1144, 151, 429, 0, 0, 0.54%, 0, 0, 11, 1493.21
1775251136, 1144, 276, 429, 0, 0, 0.54%, 0, 0, 11, 1458.71
1775251142, 1144, 385, 429, 0, 0, 0.54%, 0, 0, 11, 1389.99
1775251147, 1145, 11, 429, 0, 0, 0.54%, 0, 0, 11, 1382.34
1775251152, 1145, 79, 429, 0, 0, 0.54%, 0, 0, 11, 1426.88
1775251157, 1145, 111, 429, 0, 0, 0.54%, 0, 0, 11, 1391.42
1775251162, 1145, 164, 429, 0, 0, 0.54%, 0, 0, 11, 1421.32
1775251167, 1145, 227, 429, 0, 0, 0.54%, 0, 0, 11, 1332.99
1775251172, 1145, 294, 429, 0, 0, 0.54%, 0, 0, 11, 1529.87
1775251177, 1145, 385, 429, 0, 0, 0.54%, 0, 0, 11, 1165.68
1775251182, 1146, 63, 429, 0, 0, 0.54%, 0, 0, 11, 1276.07
1775251188, 1146, 86, 429, 0, 0, 0.54%, 0, 0, 11, 1386.18
1775251193, 1146, 147, 429, 0, 0, 0.54%, 0, 0, 11, 1539.10
1775251198, 1146, 313, 429, 0, 0, 0.54%, 0, 0, 11, 1374.36
1775251203, 1146, 357, 429, 0, 0, 0.54%, 0, 0, 11, 1344.40
1775251208, 1147, 20, 429, 0, 0, 0.54%, 0, 0, 11, 1417.95
1775251213, 1147, 80, 429, 0, 0, 0.54%, 0, 0, 11, 1531.05
1775251218, 1147, 114, 429, 0, 0, 0.54%, 0, 0, 11, 1519.28
1775251223, 1147, 196, 429, 0, 0, 0.54%, 0, 0, 11, 1487.35
1775251229, 1147, 267, 429, 0, 0, 0.54%, 0, 0, 11, 1488.60
1775251234, 1147, 354, 429, 0, 0, 0.54%, 0, 0, 11, 1398.89
1775251239, 1148, 2, 429, 0, 0, 0.54%, 0, 0, 11, 1185.13
1775251244, 1148, 80, 429, 0, 0, 0.54%, 0, 0, 11, 1469.18
1775251249, 1148, 117, 429, 0, 0, 0.54%, 0, 0, 11, 1493.05
1775251254, 1148, 196, 429, 0, 0, 0.54%, 0, 0, 11, 1406.06
1775251259, 1148, 354, 429, 0, 0, 0.54%, 0, 0, 11, 1357.93
1775251264, 1148, 385, 429, 0, 0, 0.54%, 0, 0, 11, 1308.44
1775251269, 1149, 63, 429, 0, 0, 0.54%, 0, 0, 11, 1391.50
1775251274, 1149, 99, 429, 0, 0, 0.54%, 0, 0, 11, 1513.14
1775251279, 1149, 117, 429, 0, 0, 0.54%, 0, 0, 11, 1380.45
1775251284, 1149, 255, 429, 0, 0, 0.54%, 0, 0, 11, 1460.61
1775251290, 1149, 325, 429, 0, 0, 0.54%, 0, 0, 11, 1394.42
1775251295, 1149, 376, 429, 0, 0, 0.54%, 0, 0, 11, 1304.68
1775251300, 1150, 10, 429, 0, 0, 0.54%, 0, 0, 11, 1138.97
1775251305, 1150, 71, 429, 0, 0, 0.54%, 0, 0, 11, 1442.89
1775251310, 1150, 111, 429, 0, 0, 0.54%, 0, 0, 11, 1537.18
1775251315, 1150, 233, 429, 0, 0, 0.54%, 0, 0, 11, 1563.82
1775251320, 1150, 371, 429, 0, 0, 0.54%, 0, 0, 11, 1335.87
1775251325, 1151, 79, 429, 0, 0, 0.54%, 0, 0, 11, 1481.50
1775251331, 1151, 111, 429, 0, 0, 0.54%, 0, 0, 11, 1470.15
1775251336, 1151, 196, 429, 0, 0, 0.54%, 0, 0, 11, 1438.12
1775251341, 1151, 338, 429, 0, 0, 0.54%, 0, 0, 11, 1419.51
1775251346, 1151, 385, 429, 0, 0, 0.54%, 0, 0, 11, 1356.31
1775251351, 1152, 79, 429, 0, 0, 0.54%, 0, 0, 11, 1479.04
1775251356, 1152, 100, 429, 0, 0, 0.54%, 0, 0, 11, 1347.61
1775251361, 1152, 185, 429, 0, 0, 0.54%, 0, 0, 11, 1365.42
1775251366, 1152, 246, 429, 0, 0, 0.54%, 0, 0, 11, 1429.44
1775251372, 1152, 347, 429, 0, 0, 0.54%, 0, 0, 11, 1352.95
1775251377, 1152, 399, 429, 0, 0, 0.54%, 0, 0, 11, 1366.95
1775251382, 1153, 63, 429, 0, 0, 0.54%, 0, 0, 11, 1442.85
1775251387, 1153, 100, 429, 0, 0, 0.54%, 0, 0, 11, 1437.87
1775251392, 1153, 156, 429, 0, 0, 0.54%, 0, 0, 11, 1387.28
1775251397, 1153, 334, 429, 0, 0, 0.54%, 0, 0, 11, 1453.14
1775251402, 1153, 387, 429, 0, 0, 0.54%, 0, 0, 11, 1298.13
1775251407, 1154, 79, 429, 0, 0, 0.54%, 0, 0, 11, 1489.32
1775251412, 1154, 138, 429, 0, 0, 0.54%, 0, 0, 11, 1512.18
1775251417, 1154, 246, 429, 0, 0, 0.54%, 0, 0, 11, 1471.94
1775251422, 1154, 348, 429, 0, 0, 0.54%, 0, 0, 11, 1448.92
1775251428, 1154, 392, 429, 0, 0, 0.54%, 0, 0, 11, 1263.81
1775251433, 1155, 83, 429, 0, 0, 0.54%, 0, 0, 11, 1374.71
1775251438, 1155, 111, 429, 0, 0, 0.54%, 0, 0, 11, 1433.10
1775251443, 1155, 233, 429, 0, 0, 0.54%, 0, 0, 11, 1506.93
1775251448, 1155, 325, 429, 0, 0, 0.54%, 0, 0, 11, 1515.18
1775251453, 1155, 371, 429, 0, 0, 0.54%, 0, 0, 11, 1460.73
1775251458, 1155, 428, 429, 0, 0, 0.54%, 0, 0, 11, 1353.96
1775251463, 1156, 80, 429, 0, 0, 0.54%, 0, 0, 11, 1528.02
1775251468, 1156, 147, 429, 0, 0, 0.54%, 0, 0, 11, 1478.24
1775251473, 1156, 236, 429, 0, 0, 0.54%, 0, 0, 11, 1461.96
1775251478, 1156, 325, 429, 0, 0, 0.54%, 0, 0, 11, 1397.14
1775251484, 1156, 371, 429, 0, 0, 0.54%, 0, 0, 11, 1375.40
1775251489, 1157, 13, 429, 0, 0, 0.54%, 0, 0, 11, 1535.67
1775251494, 1157, 60, 429, 0, 0, 0.54%, 0, 0, 11, 1392.45
1775251499, 1157, 86, 429, 0, 0, 0.54%, 0, 0, 11, 1523.70
1775251504, 1157, 148, 429, 0, 0, 0.54%, 0, 0, 11, 1512.16
1775251509, 1157, 273, 429, 0, 0, 0.54%, 0, 0, 11, 1441.13
1775251514, 1157, 385, 429, 0, 0, 0.54%, 0, 0, 11, 1366.52
1775251519, 1158, 26, 429, 0, 0, 0.54%, 0, 0, 11, 1615.79
1775251524, 1158, 86, 429, 0, 0, 0.54%, 0, 0, 11, 1668.53
1775251529, 1158, 139, 429, 0, 0, 0.54%, 0, 0, 11, 1556.37
1775251534, 1158, 292, 429, 0, 0, 0.54%, 0, 0, 11, 1419.00
1775251539, 1158, 363, 429, 0, 0, 0.54%, 0, 0, 11, 1426.40
1775251545, 1159, 51, 429, 0, 0, 0.54%, 0, 0, 11, 1527.94
1775251550, 1159, 100, 429, 0, 0, 0.54%, 0, 0, 11, 1430.80
1775251555, 1159, 149, 429, 0, 0, 0.54%, 0, 0, 11, 1509.57
1775251560, 1159, 297, 429, 0, 0, 0.54%, 0, 0, 11, 1527.94
1775251565, 1159, 354, 429, 0, 0, 0.54%, 0, 0, 11, 1367.81
1775251570, 1160, 22, 429, 0, 0, 0.54%, 0, 0, 11, 1309.10
1775251575, 1160, 86, 429, 0, 0, 0.54%, 0, 0, 11, 1446.01
1775251580, 1160, 128, 429, 0, 0, 0.54%, 0, 0, 11, 1466.89
1775251585, 1160, 196, 429, 0, 0, 0.54%, 0, 0, 11, 1413.04
1775251590, 1160, 289, 429, 0, 0, 0.54%, 0, 0, 11, 1442.22
1775251595, 1160, 349, 429, 0, 0, 0.54%, 0, 0, 11, 1390.99
1775251600, 1160, 390, 429, 0, 0, 0.54%, 0, 0, 11, 1187.11
1775251606, 1161, 63, 429, 0, 0, 0.54%, 0, 0, 11, 1420.92
1775251611, 1161, 92, 429, 0, 0, 0.54%, 0, 0, 11, 1449.67
1775251616, 1161, 148, 429, 0, 0, 0.54%, 0, 0, 11, 1409.07
1775251621, 1161, 349, 429, 0, 0, 0.54%, 0, 0, 11, 1452.27
1775251626, 1162, 12, 429, 0, 0, 0.54%, 0, 0, 11, 1338.03
1775251631, 1162, 80, 429, 0, 0, 0.54%, 0, 0, 11, 1554.40
1775251636, 1162, 147, 429, 0, 0, 0.54%, 0, 0, 11, 1456.29
1775251641, 1162, 196, 429, 0, 0, 0.54%, 0, 0, 11, 1396.07
1775251646, 1162, 291, 429, 0, 0, 0.54%, 0, 0, 11, 1456.96
1775251652, 1162, 353, 429, 0, 0, 0.54%, 0, 0, 11, 1418.94
1775251657, 1163, 25, 429, 0, 0, 0.54%, 0, 0, 11, 1311.12
1775251662, 1163, 80, 429, 0, 0, 0.54%, 0, 0, 11, 1353.54
1775251667, 1163, 121, 429, 0, 0, 0.54%, 0, 0, 11, 1439.63
1775251672, 1163, 289, 429, 0, 0, 0.54%, 0, 0, 11, 1566.16
1775251677, 1163, 354, 429, 0, 0, 0.54%, 0, 0, 11, 1464.64
1775251682, 1164, 32, 429, 0, 0, 0.54%, 0, 0, 11, 1385.21
1775251687, 1164, 80, 429, 0, 0, 0.54%, 0, 0, 11, 1473.39
1775251692, 1164, 98, 429, 0, 0, 0.54%, 0, 0, 11, 1531.75
1775251698, 1164, 159, 429, 0, 0, 0.54%, 0, 0, 11, 1439.40
1775251703, 1164, 224, 429, 0, 0, 0.54%, 0, 0, 11, 1526.73
1775251708, 1164, 272, 429, 0, 0, 0.54%, 0, 0, 11, 1543.55
1775251713, 1164, 385, 429, 0, 0, 0.54%, 0, 0, 11, 1301.23
1775251718, 1165, 80, 429, 0, 0, 0.54%, 0, 0, 11, 1546.91
1775251723, 1165, 139, 429, 0, 0, 0.54%, 0, 0, 11, 1363.36
1775251728, 1165, 277, 429, 0, 0, 0.54%, 0, 0, 11, 1428.12
1775251733, 1165, 385, 429, 0, 0, 0.54%, 0, 0, 11, 1300.56
1775251738, 1166, 70, 429, 0, 0, 0.54%, 0, 0, 11, 1398.45
1775251743, 1166, 105, 429, 0, 0, 0.54%, 0, 0, 11, 1434.91
1775251748, 1166, 147, 429, 0, 0, 0.54%, 0, 0, 11, 1488.95
1775251753, 1166, 206, 429, 0, 0, 0.54%, 0, 0, 11, 1420.32
1775251758, 1166, 277, 429, 0, 0, 0.54%, 0, 0, 11, 1498.17
1775251763, 1166, 336, 429, 0, 0, 0.54%, 0, 0, 11, 1322.34
1775251768, 1166, 388, 429, 0, 0, 0.54%, 0, 0, 11, 1299.84
1775251773, 1167, 29, 429, 0, 0, 0.54%, 0, 0, 11, 1284.62
1775251778, 1167, 80, 429, 0, 0, 0.54%, 0, 0, 11, 1482.90
1775251784, 1167, 100, 429, 0, 0, 0.54%, 0, 0, 11, 1451.00
1775251789, 1167, 180, 429, 0, 0, 0.54%, 0, 0, 11, 1428.57
1775251794, 1167, 221, 429, 0, 0, 0.54%, 0, 0, 11, 1440.00
1775251799, 1167, 349, 429, 0, 0, 0.54%, 0, 0, 11, 1494.63
1775251804, 1168, 29, 429, 0, 0, 0.54%, 0, 0, 11, 1389.83
1775251809, 1168, 80, 429, 0, 0, 0.54%, 0, 0, 11, 1517.03
1775251814, 1168, 145, 429, 0, 0, 0.54%, 0, 0, 11, 1410.96
1775251819, 1168, 192, 429, 0, 0, 0.54%, 0, 0, 11, 1356.99
1775251824, 1168, 291, 429, 0, 0, 0.54%, 0, 0, 11, 1537.09
1775251829, 1168, 354, 429, 0, 0, 0.54%, 0, 0, 11, 1379.44
1775251834, 1168, 385, 429, 0, 0, 0.54%, 0, 0, 11, 1291.96
1775251839, 1169, 65, 429, 0, 0, 0.54%, 0, 0, 11, 1434.91
1775251845, 1169, 87, 429, 0, 0, 0.54%, 0, 0, 11, 1492.61
1775251850, 1169, 158, 429, 0, 0, 0.54%, 0, 0, 11, 1532.44
1775251855, 1169, 255, 429, 0, 0, 0.54%, 0, 0, 11, 1475.07
1775251860, 1169, 354, 429, 0, 0, 0.54%, 0, 0, 11, 1457.25
1775251865, 1169, 385, 429, 0, 0, 0.54%, 0, 0, 11, 1392.68
1775251870, 1170, 84, 429, 0, 0, 0.54%, 0, 0, 11, 1485.15
1775251875, 1170, 108, 429, 0, 0, 0.54%, 0, 0, 11, 1448.58
1775251880, 1170, 170, 429, 0, 0, 0.54%, 0, 0, 11, 1467.00
1775251885, 1170, 209, 429, 0, 0, 0.54%, 0, 0, 11, 1523.29
1775251890, 1170, 325, 429, 0, 0, 0.54%, 0, 0, 11, 1387.32
1775251895, 1170, 385, 429, 0, 0, 0.54%, 0, 0, 11, 1392.39
1775251900, 1171, 80, 429, 0, 0, 0.54%, 0, 0, 11, 1501.53
1775251906, 1171, 104, 429, 0, 0, 0.54%, 0, 0, 11, 1475.92
1775251911, 1171, 171, 429, 0, 0, 0.54%, 0, 0, 11, 1565.98
1775251916, 1171, 291, 429, 0, 0, 0.54%, 0, 0, 11, 1358.09
1775251921, 1171, 354, 429, 0, 0, 0.54%, 0, 0, 11, 1328.23
1775251926, 1171, 392, 429, 0, 0, 0.54%, 0, 0, 11, 1254.05
1775251931, 1172, 79, 429, 0, 0, 0.54%, 0, 0, 11, 1467.34
1775251936, 1172, 100, 429, 0, 0, 0.54%, 0, 0, 11, 1511.58
1775251941, 1172, 160, 429, 0, 0, 0.54%, 0, 0, 11, 1478.98
1775251946, 1172, 224, 429, 0, 0, 0.54%, 0, 0, 11, 1525.84
1775251951, 1172, 353, 429, 0, 0, 0.54%, 0, 0, 11, 1384.16
1775251956, 1172, 385, 429, 0, 0, 0.54%, 0, 0, 11, 1369.69
1775251961, 1173, 79, 429, 0, 0, 0.54%, 0, 0, 11, 1423.43
1775251967, 1173, 100, 429, 0, 0, 0.54%, 0, 0, 11, 1388.60
1775251972, 1173, 196, 429, 0, 0, 0.54%, 0, 0, 11, 1463.06
1775251977, 1173, 349, 429, 0, 0, 0.54%, 0, 0, 11, 1475.58
1775251982, 1174, 36, 429, 0, 0, 0.54%, 0, 0, 11, 1427.92
1775251987, 1174, 86, 429, 0, 0, 0.54%, 0, 0, 11, 1563.31
1775251992, 1174, 122, 429, 0, 0, 0.54%, 0, 0, 11, 1537.05
1775251997, 1174, 228, 429, 0, 0, 0.54%, 0, 0, 11, 1498.59
1775252002, 1174, 354, 429, 0, 0, 0.54%, 0, 0, 11, 1452.04
1775252007, 1175, 9, 429, 0, 0, 0.54%, 0, 0, 11, 1347.17
1775252012, 1175, 76, 429, 0, 0, 0.54%, 0, 0, 11, 1511.13
1775252017, 1175, 101, 429, 0, 0, 0.54%, 0, 0, 11, 1595.40
1775252022, 1175, 159, 429, 0, 0, 0.54%, 0, 0, 11, 1581.66
1775252027, 1175, 298, 429, 0, 0, 0.54%, 0, 0, 11, 1413.69
1775252033, 1175, 357, 429, 0, 0, 0.54%, 0, 0, 11, 1463.78
1775252038, 1176, 63, 429, 0, 0, 0.54%, 0, 0, 11, 1389.52
1775252043, 1176, 80, 429, 0, 0, 0.54%, 0, 0, 11, 1375.23
1775252048, 1176, 111, 429, 0, 0, 0.54%, 0, 0, 11, 1481.44
1775252053, 1176, 172, 429, 0, 0, 0.54%, 0, 0, 11, 1463.70
1775252058, 1176, 272, 429, 0, 0, 0.54%, 0, 0, 11, 1404.70
1775252063, 1176, 354, 429, 0, 0, 0.54%, 0, 0, 11, 1358.51
1775252068, 1177, 9, 429, 0, 0, 0.54%, 0, 0, 11, 1278.32
1775252073, 1177, 79, 429, 0, 0, 0.54%, 0, 0, 11, 1573.05
1775252078, 1177, 111, 429, 0, 0, 0.54%, 0, 0, 11, 1587.72
1775252083, 1177, 152, 429, 0, 0, 0.54%, 0, 0, 11, 1356.54
1775252088, 1177, 354, 429, 0, 0, 0.54%, 0, 0, 11, 1457.54
1775252093, 1178, 6, 429, 0, 0, 0.54%, 0, 0, 11, 1386.22
1775252098, 1178, 63, 429, 0, 0, 0.54%, 0, 0, 11, 1506.98
1775252104, 1178, 111, 429, 0, 0, 0.54%, 0, 0, 11, 1560.17
1775252109, 1178, 150, 429, 0, 0, 0.54%, 0, 0, 11, 1519.29
1775252114, 1178, 226, 429, 0, 0, 0.54%, 0, 0, 11, 1499.83
1775252119, 1178, 325, 429, 0, 0, 0.54%, 0, 0, 11, 1523.46
1775252124, 1178, 385, 429, 0, 0, 0.54%, 0, 0, 11, 1403.73
1775252129, 1179, 20, 429, 0, 0, 0.54%, 0, 0, 11, 1436.36
1775252134, 1179, 80, 429, 0, 0, 0.54%, 0, 0, 11, 1432.13
1775252139, 1179, 147, 429, 0, 0, 0.54%, 0, 0, 11, 1487.02
1775252144, 1179, 291, 429, 0, 0, 0.54%, 0, 0, 11, 1437.97
1775252150, 1179, 371, 429, 0, 0, 0.54%, 0, 0, 11, 1439.54
1775252155, 1180, 5, 429, 0, 0, 0.54%, 0, 0, 11, 1236.13
1775252160, 1180, 79, 429, 0, 0, 0.54%, 0, 0, 11, 1482.74
1775252165, 1180, 102, 429, 0, 0, 0.54%, 0, 0, 11, 1605.46
1775252170, 1180, 164, 429, 0, 0, 0.54%, 0, 0, 11, 1501.86
1775252175, 1180, 211, 429, 0, 0, 0.54%, 0, 0, 11, 1393.40
1775252180, 1180, 275, 429, 0, 0, 0.54%, 0, 0, 11, 1396.91
1775252185, 1180, 349, 429, 0, 0, 0.54%, 0, 0, 11, 1447.82
1775252190, 1180, 390, 429, 0, 0, 0.54%, 0, 0, 11, 1369.58
1775252195, 1181, 51, 429, 0, 0, 0.54%, 0, 0, 11, 1247.29
1775252200, 1181, 91, 429, 0, 0, 0.54%, 0, 0, 11, 1501.78
1775252205, 1181, 160, 429, 0, 0, 0.54%, 0, 0, 11, 1389.84
1775252210, 1181, 282, 429, 0, 0, 0.54%, 0, 0, 11, 1506.89
1775252216, 1181, 295, 429, 0, 0, 0.54%, 0, 0, 11, 1448.58
1775252221, 1181, 357, 429, 0, 0, 0.54%, 0, 0, 11, 1380.83
1775252226, 1182, 63, 429, 0, 0, 0.54%, 0, 0, 11, 1503.50
1775252231, 1182, 100, 429, 0, 0, 0.54%, 0, 0, 11, 1494.61
1775252236, 1182, 187, 429, 0, 0, 0.54%, 0, 0, 11, 1509.18
1775252241, 1182, 310, 429, 0, 0, 0.54%, 0, 0, 11, 1502.73
1775252246, 1182, 371, 429, 0, 0, 0.54%, 0, 0, 11, 1424.34
1775252251, 1183, 44, 429, 0, 0, 0.54%, 0, 0, 11, 1377.04
1775252256, 1183, 80, 429, 0, 0, 0.54%, 0, 0, 11, 1485.57
1775252262, 1183, 111, 429, 0, 0, 0.54%, 0, 0, 11, 1477.22
1775252267, 1183, 230, 429, 0, 0, 0.54%, 0, 0, 11, 1526.12
1775252272, 1183, 291, 429, 0, 0, 0.54%, 0, 0, 11, 1426.70
1775252277, 1183, 357, 429, 0, 0, 0.54%, 0, 0, 11, 1535.75
1775252282, 1184, 29, 429, 0, 0, 0.54%, 0, 0, 11, 1507.95
1775252287, 1184, 86, 429, 0, 0, 0.54%, 0, 0, 11, 1455.36
1775252292, 1184, 147, 429, 0, 0, 0.54%, 0, 0, 11, 1527.60
1775252297, 1184, 228, 429, 0, 0, 0.54%, 0, 0, 11, 1488.71
1775252302, 1184, 349, 429, 0, 0, 0.54%, 0, 0, 11, 1424.20
1775252307, 1184, 403, 429, 0, 0, 0.54%, 0, 0, 11, 1262.96
1775252313, 1185, 66, 429, 0, 0, 0.54%, 0, 0, 11, 1416.92
1775252318, 1185, 93, 429, 0, 0, 0.54%, 0, 0, 11, 1495.16
1775252323, 1185, 187, 429, 0, 0, 0.54%, 0, 0, 11, 1502.39
1775252328, 1185, 308, 429, 0, 0, 0.54%, 0, 0, 11, 1356.80
1775252333, 1185, 385, 429, 0, 0, 0.54%, 0, 0, 11, 1340.64
1775252338, 1186, 73, 429, 0, 0, 0.54%, 0, 0, 11, 1434.07
1775252343, 1186, 100, 429, 0, 0, 0.54%, 0, 0, 11, 1553.99
1775252348, 1186, 155, 429, 0, 0, 0.54%, 0, 0, 11, 1511.80
1775252353, 1186, 258, 429, 0, 0, 0.54%, 0, 0, 11, 1481.30
1775252358, 1186, 349, 429, 0, 0, 0.54%, 0, 0, 11, 1499.14
1775252363, 1187, 29, 429, 0, 0, 0.54%, 0, 0, 11, 1438.42
1775252368, 1187, 80, 429, 0, 0, 0.54%, 0, 0, 11, 1554.61
1775252373, 1187, 127, 429, 0, 0, 0.54%, 0, 0, 11, 1513.57
1775252379, 1187, 234, 429, 0, 0, 0.54%, 0, 0, 11, 1408.90
1775252384, 1187, 354, 429, 0, 0, 0.54%, 0, 0, 11, 1270.99
1775252389, 1188, 63, 429, 0, 0, 0.54%, 0, 0, 11, 1512.64
1775252394, 1188, 111, 429, 0, 0, 0.54%, 0, 0, 11, 1477.05
1775252399, 1188, 195, 429, 0, 0, 0.54%, 0, 0, 11, 1471.45
1775252404, 1188, 276, 429, 0, 0, 0.54%, 0, 0, 11, 1486.71
1775252409, 1188, 350, 429, 0, 0, 0.54%, 0, 0, 11, 1450.25
1775252414, 1188, 407, 429, 0, 0, 0.54%, 0, 0, 11, 1184.69
1775252420, 1189, 33, 429, 0, 0, 0.54%, 0, 0, 11, 1354.96
1775252425, 1189, 79, 429, 0, 0, 0.54%, 0, 0, 11, 1526.31
1775252430, 1189, 107, 429, 0, 0, 0.54%, 0, 0, 11, 1493.87
1775252435, 1189, 225, 429, 0, 0, 0.54%, 0, 0, 11, 1460.08
1775252440, 1189, 339, 429, 0, 0, 0.54%, 0, 0, 11, 1398.02
1775252445, 1189, 385, 429, 0, 0, 0.54%, 0, 0, 11, 1359.07
1775252450, 1190, 72, 429, 0, 0, 0.54%, 0, 0, 11, 1442.78
1775252455, 1190, 100, 429, 0, 0, 0.54%, 0, 0, 11, 1445.70
1775252460, 1190, 151, 429, 0, 0, 0.54%, 0, 0, 11, 1548.99
1775252465, 1190, 219, 429, 0, 0, 0.54%, 0, 0, 11, 1530.86
1775252470, 1190, 354, 429, 0, 0, 0.54%, 0, 0, 11, 1370.48
1775252475, 1190, 423, 429, 0, 0, 0.54%, 0, 0, 11, 1241.02
1775252480, 1191, 63, 429, 0, 0, 0.54%, 0, 0, 11, 1473.08
1775252485, 1191, 100, 429, 0, 0, 0.54%, 0, 0, 11, 1459.24
1775252491, 1191, 179, 429, 0, 0, 0.54%, 0, 0, 11, 1600.19
1775252496, 1191, 232, 429, 0, 0, 0.54%, 0, 0, 11, 1525.60
1775252501, 1191, 325, 429, 0, 0, 0.54%, 0, 0, 11, 1769.59
1775252506, 1191, 385, 429, 0, 0, 0.54%, 0, 0, 11, 1416.27
1775252511, 1192, 3, 429, 0, 0, 0.54%, 0, 0, 11, 1115.02
1775252516, 1192, 70, 429, 0, 0, 0.54%, 0, 0, 11, 1471.67
1775252521, 1192, 100, 429, 0, 0, 0.54%, 0, 0, 11, 1579.70
1775252526, 1192, 181, 429, 0, 0, 0.54%, 0, 0, 11, 1491.48
1775252531, 1192, 325, 429, 0, 0, 0.54%, 0, 0, 11, 1478.57
1775252536, 1192, 405, 429, 0, 0, 0.54%, 0, 0, 11, 1327.87
1775252541, 1193, 50, 429, 0, 0, 0.54%, 0, 0, 11, 1519.19
1775252546, 1193, 91, 429, 0, 0, 0.54%, 0, 0, 11, 1474.71
1775252552, 1193, 129, 429, 0, 0, 0.54%, 0, 0, 11, 1302.65
1775252557, 1193, 196, 429, 0, 0, 0.54%, 0, 0, 11, 1387.84
1775252562, 1193, 329, 429, 0, 0, 0.54%, 0, 0, 11, 1377.16
1775252567, 1193, 385, 429, 0, 0, 0.54%, 0, 0, 11, 1373.53
1775252572, 1194, 68, 429, 0, 0, 0.54%, 0, 0, 11, 1466.57
1775252577, 1194, 100, 429, 0, 0, 0.54%, 0, 0, 11, 1522.51
1775252582, 1194, 218, 429, 0, 0, 0.54%, 0, 0, 11, 426.24
1775252587, 1194, 284, 429, 0, 0, 0.54%, 0, 0, 11, 1432.58
1775252592, 1194, 354, 429, 0, 0, 0.54%, 0, 0, 11, 1384.05
1775252598, 1195, 25, 429, 0, 0, 0.54%, 0, 0, 11, 1271.70
1775252603, 1195, 80, 429, 0, 0, 0.54%, 0, 0, 11, 1462.18
1775252608, 1195, 147, 429, 0, 0, 0.54%, 0, 0, 11, 1473.64
1775252613, 1195, 222, 429, 0, 0, 0.54%, 0, 0, 11, 1439.56
1775252618, 1195, 324, 429, 0, 0, 0.54%, 0, 0, 11, 1552.34
1775252623, 1195, 380, 429, 0, 0, 0.54%, 0, 0, 11, 1435.66
1775252628, 1196, 3, 429, 0, 0, 0.54%, 0, 0, 11, 1232.68
1775252633, 1196, 86, 429, 0, 0, 0.54%, 0, 0, 11, 1535.43
1775252638, 1196, 111, 429, 0, 0, 0.54%, 0, 0, 11, 1410.23
1775252643, 1196, 147, 429, 0, 0, 0.54%, 0, 0, 11, 1424.11
1775252648, 1196, 257, 429, 0, 0, 0.54%, 0, 0, 11, 1459.62
1775252654, 1196, 304, 429, 0, 0, 0.54%, 0, 0, 11, 1411.09
1775252659, 1196, 371, 429, 0, 0, 0.54%, 0, 0, 11, 1356.50
1775252664, 1196, 423, 429, 0, 0, 0.54%, 0, 0, 11, 1690.24
1775252669, 1197, 67, 429, 0, 0, 0.54%, 0, 0, 11, 1550.23
1775252674, 1197, 110, 429, 0, 0, 0.54%, 0, 0, 11, 1577.66
1775252679, 1197, 244, 429, 0, 0, 0.54%, 0, 0, 11, 1561.30
1775252684, 1197, 315, 429, 0, 0, 0.54%, 0, 0, 11, 1423.20
1775252689, 1197, 371, 429, 0, 0, 0.54%, 0, 0, 11, 1370.29
1775252694, 1198, 63, 429, 0, 0, 0.54%, 0, 0, 11, 1374.69
1775252699, 1198, 100, 429, 0, 0, 0.54%, 0, 0, 11, 1511.44
1775252704, 1198, 163, 429, 0, 0, 0.54%, 0, 0, 11, 1462.12
1775252710, 1198, 196, 429, 0, 0, 0.54%, 0, 0, 11, 1525.43
1775252715, 1198, 323, 429, 0, 0, 0.54%, 0, 0, 11, 1418.17
1775252720, 1198, 371, 429, 0, 0, 0.54%, 0, 0, 11, 1382.89
1775252725, 1199, 20, 429, 0, 0, 0.54%, 0, 0, 11, 1297.69
1775252730, 1199, 79, 429, 0, 0, 0.54%, 0, 0, 11, 1383.35
1775252735, 1199, 111, 429, 0, 0, 0.54%, 0, 0, 11, 1506.06
1775252740, 1199, 287, 429, 0, 0, 0.54%, 0, 0, 11, 1382.88
1775252745, 1199, 354, 429, 0, 0, 0.54%, 0, 0, 11, 1323.38
1775252750, 1200, 40, 429, 0, 0, 0.54%, 0, 0, 11, 1344.98
1775252755, 1200, 91, 429, 0, 0, 0.54%, 0, 0, 11, 1500.83
1775252761, 1200, 111, 429, 0, 0, 0.54%, 0, 0, 11, 1441.81
1775252766, 1200, 147, 429, 0, 0, 0.54%, 0, 0, 11, 1401.64
1775252771, 1200, 248, 429, 0, 0, 0.54%, 0, 0, 11, 1344.30
1775252776, 1200, 354, 429, 0, 0, 0.54%, 0, 0, 11, 1420.64
1775252781, 1201, 63, 429, 0, 0, 0.54%, 0, 0, 11, 1367.27
1775252786, 1201, 100, 429, 0, 0, 0.54%, 0, 0, 11, 1443.94
1775252791, 1201, 196, 429, 0, 0, 0.54%, 0, 0, 11, 1367.19
1775252796, 1201, 292, 429, 0, 0, 0.54%, 0, 0, 11, 1412.63
1775252801, 1201, 339, 429, 0, 0, 0.54%, 0, 0, 11, 1401.68
1775252807, 1201, 385, 429, 0, 0, 0.54%, 0, 0, 11, 1328.76
1775252812, 1202, 79, 429, 0, 0, 0.54%, 0, 0, 11, 1481.64
1775252817, 1202, 103, 429, 0, 0, 0.54%, 0, 0, 11, 926.92
1775252822, 1202, 147, 429, 0, 0, 0.54%, 0, 0, 11, 1223.19
1775252827, 1202, 268, 429, 0, 0, 0.54%, 0, 0, 11, 1502.30
1775252832, 1202, 349, 429, 0, 0, 0.54%, 0, 0, 11, 1477.41
1775252837, 1202, 385, 429, 0, 0, 0.54%, 0, 0, 11, 1422.75
1775252842, 1203, 59, 429, 0, 0, 0.54%, 0, 0, 11, 1611.34
1775252848, 1203, 100, 429, 0, 0, 0.54%, 0, 0, 11, 1534.62
1775252853, 1203, 151, 429, 0, 0, 0.54%, 0, 0, 11, 1565.57
1775252858, 1203, 267, 429, 0, 0, 0.54%, 0, 0, 11, 1459.15
1775252863, 1203, 349, 429, 0, 0, 0.54%, 0, 0, 11, 1443.50
1775252868, 1204, 7, 429, 0, 0, 0.54%, 0, 0, 11, 1544.55
1775252873, 1204, 79, 429, 0, 0, 0.54%, 0, 0, 11, 1482.07
1775252878, 1204, 111, 429, 0, 0, 0.54%, 0, 0, 11, 1452.14
1775252883, 1204, 219, 429, 0, 0, 0.54%, 0, 0, 11, 1732.70
1775252888, 1204, 266, 429, 0, 0, 0.54%, 0, 0, 11, 1566.07
1775252893, 1204, 313, 429, 0, 0, 0.54%, 0, 0, 11, 1576.68
1775252898, 1204, 374, 429, 0, 0, 0.54%, 0, 0, 11, 1424.47
1775252903, 1205, 63, 429, 0, 0, 0.54%, 0, 0, 11, 1345.89
1775252908, 1205, 86, 429, 0, 0, 0.54%, 0, 0, 11, 1415.22
1775252914, 1205, 147, 429, 0, 0, 0.54%, 0, 0, 11, 1510.16
1775252919, 1205, 325, 429, 0, 0, 0.54%, 0, 0, 11, 1559.10
1775252924, 1205, 371, 429, 0, 0, 0.54%, 0, 0, 11, 1422.17
1775252929, 1206, 12, 429, 0, 0, 0.54%, 0, 0, 11, 1341.18
1775252934, 1206, 100, 429, 0, 0, 0.54%, 0, 0, 11, 1552.13
1775252939, 1206, 158, 429, 0, 0, 0.54%, 0, 0, 11, 1463.90
1775252944, 1206, 349, 429, 0, 0, 0.54%, 0, 0, 11, 1520.85
1775252949, 1206, 381, 429, 0, 0, 0.54%, 0, 0, 11, 1416.98
1775252954, 1207, 46, 429, 0, 0, 0.54%, 0, 0, 11, 1472.64
1775252959, 1207, 86, 429, 0, 0, 0.54%, 0, 0, 11, 1548.01
1775252965, 1207, 147, 429, 0, 0, 0.54%, 0, 0, 11, 1405.69
1775252970, 1207, 335, 429, 0, 0, 0.54%, 0, 0, 11, 1353.79
1775252975, 1207, 403, 429, 0, 0, 0.54%, 0, 0, 11, 1268.07
1775252980, 1208, 74, 429, 0, 0, 0.54%, 0, 0, 11, 1523.80
1775252985, 1208, 100, 429, 0, 0, 0.54%, 0, 0, 11, 1398.74
1775252990, 1208, 218, 429, 0, 0, 0.54%, 0, 0, 11, 1449.05
1775252995, 1208, 349, 429, 0, 0, 0.54%, 0, 0, 11, 1382.74
1775253000, 1208, 376, 429, 0, 0, 0.54%, 0, 0, 11, 1336.06
1775253005, 1209, 63, 429, 0, 0, 0.54%, 0, 0, 11, 1294.69
1775253011, 1209, 100, 429, 0, 0, 0.54%, 0, 0, 11, 1449.09
1775253016, 1209, 196, 429, 0, 0, 0.54%, 0, 0, 11, 1416.32
1775253021, 1209, 269, 429, 0, 0, 0.54%, 0, 0, 11, 1266.70
1775253026, 1209, 357, 429, 0, 0, 0.54%, 0, 0, 11, 1392.04
1775253031, 1210, 63, 429, 0, 0, 0.54%, 0, 0, 11, 1317.18
1775253036, 1210, 91, 429, 0, 0, 0.54%, 0, 0, 11, 1404.30
1775253041, 1210, 147, 429, 0, 0, 0.54%, 0, 0, 11, 1477.08
1775253046, 1210, 288, 429, 0, 0, 0.54%, 0, 0, 11, 1384.85
1775253051, 1210, 354, 429, 0, 0, 0.54%, 0, 0, 11, 1337.78
1775253056, 1211, 46, 429, 0, 0, 0.54%, 0, 0, 11, 1410.01
1775253061, 1211, 86, 429, 0, 0, 0.54%, 0, 0, 11, 1608.69
1775253066, 1211, 143, 429, 0, 0, 0.54%, 0, 0, 11, 1482.00
1775253071, 1211, 262, 429, 0, 0, 0.54%, 0, 0, 11, 1491.54
1775253076, 1211, 352, 429, 0, 0, 0.54%, 0, 0, 11, 1517.82
1775253082, 1212, 28, 429, 0, 0, 0.54%, 0, 0, 11, 1387.43
1775253087, 1212, 80, 429, 0, 0, 0.54%, 0, 0, 11, 1424.21
1775253092, 1212, 143, 429, 0, 0, 0.54%, 0, 0, 11, 1480.28
1775253097, 1212, 166, 429, 0, 0, 0.54%, 0, 0, 11, 1457.75
1775253102, 1212, 206, 429, 0, 0, 0.54%, 0, 0, 11, 1489.85
1775253107, 1212, 325, 429, 0, 0, 0.54%, 0, 0, 11, 1462.33
1775253112, 1212, 403, 429, 0, 0, 0.54%, 0, 0, 11, 1297.64
1775253117, 1213, 72, 429, 0, 0, 0.54%, 0, 0, 11, 1354.01
1775253122, 1213, 103, 429, 0, 0, 0.54%, 0, 0, 11, 1419.32
1775253128, 1213, 194, 429, 0, 0, 0.54%, 0, 0, 11, 1503.45
1775253133, 1213, 261, 429, 0, 0, 0.54%, 0, 0, 11, 1342.34
1775253138, 1213, 354, 429, 0, 0, 0.54%, 0, 0, 11, 1339.69
1775253143, 1214, 9, 429, 0, 0, 0.54%, 0, 0, 11, 1366.26
1775253148, 1214, 79, 429, 0, 0, 0.54%, 0, 0, 11, 1453.32
1775253153, 1214, 104, 429, 0, 0, 0.54%, 0, 0, 11, 1386.17
1775253158, 1214, 212, 429, 0, 0, 0.54%, 0, 0, 11, 1514.35
1775253163, 1214, 353, 429, 0, 0, 0.54%, 0, 0, 11, 1470.72
1775253168, 1214, 398, 429, 0, 0, 0.54%, 0, 0, 11, 1270.02
1775253174, 1215, 86, 429, 0, 0, 0.54%, 0, 0, 11, 1441.77
1775253179, 1215, 178, 429, 0, 0, 0.54%, 0, 0, 11, 1485.54
1775253184, 1215, 318, 429, 0, 0, 0.54%, 0, 0, 11, 1471.21
1775253189, 1215, 385, 429, 0, 0, 0.54%, 0, 0, 11, 1347.90
1775253194, 1216, 79, 429, 0, 0, 0.54%, 0, 0, 11, 1490.45
1775253199, 1216, 111, 429, 0, 0, 0.54%, 0, 0, 11, 1491.51
1775253204, 1216, 184, 429, 0, 0, 0.54%, 0, 0, 11, 1380.52
1775253209, 1216, 296, 429, 0, 0, 0.54%, 0, 0, 11, 1441.59
1775253214, 1216, 385, 429, 0, 0, 0.54%, 0, 0, 11, 1416.57
1775253219, 1217, 13, 429, 0, 0, 0.54%, 0, 0, 11, 1198.94
1775253224, 1217, 80, 429, 0, 0, 0.54%, 0, 0, 11, 1516.43
1775253229, 1217, 111, 429, 0, 0, 0.54%, 0, 0, 11, 1416.86
1775253235, 1217, 217, 429, 0, 0, 0.54%, 0, 0, 11, 1455.72
1775253240, 1217, 353, 429, 0, 0, 0.54%, 0, 0, 11, 1510.17
1775253245, 1218, 6, 429, 0, 0, 0.54%, 0, 0, 11, 1426.52
1775253250, 1218, 56, 429, 0, 0, 0.54%, 0, 0, 11, 1393.44
1775253255, 1218, 92, 429, 0, 0, 0.54%, 0, 0, 11, 1507.91
1775253260, 1218, 185, 429, 0, 0, 0.54%, 0, 0, 11, 1469.74
1775253265, 1218, 230, 429, 0, 0, 0.54%, 0, 0, 11, 1376.11
1775253270, 1218, 325, 429, 0, 0, 0.54%, 0, 0, 11, 1477.57
1775253275, 1218, 385, 429, 0, 0, 0.54%, 0, 0, 11, 1279.78
1775253280, 1219, 55, 429, 0, 0, 0.54%, 0, 0, 11, 1471.30
1775253285, 1219, 100, 429, 0, 0, 0.54%, 0, 0, 11, 1500.89
1775253290, 1219, 130, 429, 0, 0, 0.54%, 0, 0, 11, 1464.67
1775253295, 1219, 196, 429, 0, 0, 0.54%, 0, 0, 11, 1443.39
1775253301, 1219, 250, 429, 0, 0, 0.54%, 0, 0, 11, 1412.84
1775253306, 1219, 325, 429, 0, 0, 0.54%, 0, 0, 11, 1389.35
1775253311, 1219, 401, 429, 0, 0, 0.54%, 0, 0, 11, 1312.61
1775253316, 1220, 63, 429, 0, 0, 0.54%, 0, 0, 11, 1391.06
1775253321, 1220, 86, 429, 0, 0, 0.54%, 0, 0, 11, 1368.08
1775253326, 1220, 147, 429, 0, 0, 0.54%, 0, 0, 11, 1488.74
1775253331, 1220, 210, 429, 0, 0, 0.54%, 0, 0, 11, 1659.17
1775253337, 1220, 349, 429, 0, 0, 0.54%, 0, 0, 11, 1448.72
1775253342, 1220, 392, 429, 0, 0, 0.54%, 0, 0, 11, 1345.68
1775253347, 1221, 61, 429, 0, 0, 0.54%, 0, 0, 11, 1386.99
1775253352, 1221, 91, 429, 0, 0, 0.54%, 0, 0, 11, 1454.27
1775253357, 1221, 163, 429, 0, 0, 0.54%, 0, 0, 11, 1527.12
1775253362, 1221, 325, 429, 0, 0, 0.54%, 0, 0, 11, 1483.63
1775253367, 1221, 362, 429, 0, 0, 0.54%, 0, 0, 11, 1373.24
1775253372, 1221, 428, 429, 0, 0, 0.54%, 0, 0, 11, 1222.86
1775253377, 1222, 80, 429, 0, 0, 0.54%, 0, 0, 11, 1432.54
1775253383, 1222, 100, 429, 0, 0, 0.54%, 0, 0, 11, 1488.79
1775253388, 1222, 187, 429, 0, 0, 0.54%, 0, 0, 11, 1492.79
1775253393, 1222, 270, 429, 0, 0, 0.54%, 0, 0, 11, 1686.71
1775253398, 1222, 377, 429, 0, 0, 0.54%, 0, 0, 11, 1378.22
1775253403, 1223, 63, 429, 0, 0, 0.54%, 0, 0, 11, 1423.46
1775253408, 1223, 100, 429, 0, 0, 0.54%, 0, 0, 11, 1525.54
1775253413, 1223, 176, 429, 0, 0, 0.54%, 0, 0, 11, 1531.59
1775253418, 1223, 325, 429, 0, 0, 0.54%, 0, 0, 11, 1588.26
1775253423, 1223, 385, 429, 0, 0, 0.54%, 0, 0, 11, 1342.25
1775253428, 1224, 80, 429, 0, 0, 0.54%, 0, 0, 11, 1538.13
1775253433, 1224, 147, 429, 0, 0, 0.54%, 0, 0, 11, 1486.87
1775253438, 1224, 255, 429, 0, 0, 0.54%, 0, 0, 11, 1524.13
1775253444, 1224, 354, 429, 0, 0, 0.54%, 0, 0, 11, 1385.28
1775253449, 1225, 20, 429, 0, 0, 0.54%, 0, 0, 11, 1519.67
1775253454, 1225, 79, 429, 0, 0, 0.54%, 0, 0, 11, 1433.76
1775253459, 1225, 120, 429, 0, 0, 0.54%, 0, 0, 11, 1464.56
1775253464, 1225, 274, 429, 0, 0, 0.54%, 0, 0, 11, 1429.06
1775253469, 1225, 354, 429, 0, 0, 0.54%, 0, 0, 11, 1429.18
1775253474, 1225, 428, 429, 0, 0, 0.54%, 0, 0, 11, 1388.85
1775253479, 1226, 70, 429, 0, 0, 0.54%, 0, 0, 11, 1441.49
1775253484, 1226, 91, 429, 0, 0, 0.54%, 0, 0, 11, 1452.39
1775253489, 1226, 141, 429, 0, 0, 0.54%, 0, 0, 11, 1584.14
1775253495, 1226, 236, 429, 0, 0, 0.54%, 0, 0, 11, 1535.54
1775253500, 1226, 325, 429, 0, 0, 0.54%, 0, 0, 11, 1487.38
1775253505, 1226, 380, 429, 0, 0, 0.54%, 0, 0, 11, 1375.44
1775253510, 1227, 29, 429, 0, 0, 0.54%, 0, 0, 11, 1455.87
1775253515, 1227, 86, 429, 0, 0, 0.54%, 0, 0, 11, 1401.77
1775253520, 1227, 147, 429, 0, 0, 0.54%, 0, 0, 11, 1484.03
1775253525, 1227, 249, 429, 0, 0, 0.54%, 0, 0, 11, 1430.60
1775253530, 1227, 354, 429, 0, 0, 0.54%, 0, 0, 11, 1340.79
1775253535, 1228, 29, 429, 0, 0, 0.54%, 0, 0, 11, 1494.48
1775253540, 1228, 94, 429, 0, 0, 0.54%, 0, 0, 11, 1507.75
1775253545, 1228, 151, 429, 0, 0, 0.54%, 0, 0, 11, 1369.21
1775253550, 1228, 206, 429, 0, 0, 0.54%, 0, 0, 11, 1516.94
1775253555, 1228, 251, 429, 0, 0, 0.54%, 0, 0, 11, 1430.83
1775253561, 1228, 371, 429, 0, 0, 0.54%, 0, 0, 11, 1453.49
1775253566, 1229, 79, 429, 0, 0, 0.54%, 0, 0, 11, 1508.01
1775253571, 1229, 111, 429, 0, 0, 0.54%, 0, 0, 11, 1514.56
1775253576, 1229, 177, 429, 0, 0, 0.54%, 0, 0, 11, 1480.29
1775253581, 1229, 193, 429, 0, 0, 0.54%, 0, 0, 11, 1444.69
1775253586, 1229, 266, 429, 0, 0, 0.54%, 0, 0, 11, 1479.52
1775253591, 1229, 352, 429, 0, 0, 0.54%, 0, 0, 11, 1522.61
1775253596, 1229, 409, 429, 0, 0, 0.54%, 0, 0, 11, 1265.73
1775253601, 1230, 25, 429, 0, 0, 0.54%, 0, 0, 11, 1371.22
1775253607, 1230, 80, 429, 0, 0, 0.54%, 0, 0, 11, 1445.85
1775253612, 1230, 118, 429, 0, 0, 0.54%, 0, 0, 11, 1534.41
1775253617, 1230, 199, 429, 0, 0, 0.54%, 0, 0, 11, 1557.84
1775253622, 1230, 267, 429, 0, 0, 0.54%, 0, 0, 11, 1517.41
1775253627, 1230, 362, 429, 0, 0, 0.54%, 0, 0, 11, 1405.12
1775253632, 1231, 18, 429, 0, 0, 0.54%, 0, 0, 11, 1274.02
1775253637, 1231, 80, 429, 0, 0, 0.54%, 0, 0, 11, 1426.88
1775253642, 1231, 116, 429, 0, 0, 0.54%, 0, 0, 11, 1494.20
1775253647, 1231, 165, 429, 0, 0, 0.54%, 0, 0, 11, 1383.61
1775253652, 1231, 317, 429, 0, 0, 0.54%, 0, 0, 11, 1442.51
1775253657, 1231, 385, 429, 0, 0, 0.54%, 0, 0, 11, 1381.66
1775253662, 1232, 15, 429, 0, 0, 0.54%, 0, 0, 11, 1244.78
1775253667, 1232, 80, 429, 0, 0, 0.54%, 0, 0, 11, 1384.25
1775253673, 1232, 129, 429, 0, 0, 0.54%, 0, 0, 11, 1505.40
1775253678, 1232, 193, 429, 0, 0, 0.54%, 0, 0, 11, 1506.89
1775253683, 1232, 231, 429, 0, 0, 0.54%, 0, 0, 11, 1516.41
1775253688, 1232, 318, 429, 0, 0, 0.54%, 0, 0, 11, 1519.24
1775253693, 1232, 371, 429, 0, 0, 0.54%, 0, 0, 11, 1403.82
1775253698, 1232, 418, 429, 0, 0, 0.54%, 0, 0, 11, 1095.76
1775253703, 1233, 79, 429, 0, 0, 0.54%, 0, 0, 11, 1404.86
1775253708, 1233, 108, 429, 0, 0, 0.54%, 0, 0, 11, 1440.31
1775253713, 1233, 190, 429, 0, 0, 0.54%, 0, 0, 11, 1536.68
1775253719, 1233, 339, 429, 0, 0, 0.54%, 0, 0, 11, 1440.41
1775253724, 1233, 385, 429, 0, 0, 0.54%, 0, 0, 11, 1365.89
1775253729, 1234, 63, 429, 0, 0, 0.54%, 0, 0, 11, 1475.71
1775253734, 1234, 86, 429, 0, 0, 0.54%, 0, 0, 11, 1588.19
1775253739, 1234, 147, 429, 0, 0, 0.54%, 0, 0, 11, 1571.40
1775253744, 1234, 247, 429, 0, 0, 0.54%, 0, 0, 11, 1462.55
1775253749, 1234, 349, 429, 0, 0, 0.54%, 0, 0, 11, 1457.25
1775253754, 1235, 37, 429, 0, 0, 0.54%, 0, 0, 11, 1384.46
1775253759, 1235, 80, 429, 0, 0, 0.54%, 0, 0, 11, 1555.94
1775253764, 1235, 111, 429, 0, 0, 0.54%, 0, 0, 11, 1391.42
1775253769, 1235, 174, 429, 0, 0, 0.54%, 0, 0, 11, 1350.30
1775253775, 1235, 282, 429, 0, 0, 0.54%, 0, 0, 11, 1407.53
1775253780, 1235, 349, 429, 0, 0, 0.54%, 0, 0, 11, 1388.62
1775253785, 1236, 2, 429, 0, 0, 0.54%, 0, 0, 11, 1397.46
1775253790, 1236, 69, 429, 0, 0, 0.54%, 0, 0, 11, 1487.53
1775253795, 1236, 106, 429, 0, 0, 0.54%, 0, 0, 11, 1557.27
1775253800, 1236, 165, 429, 0, 0, 0.54%, 0, 0, 11, 1390.23
1775253805, 1236, 265, 429, 0, 0, 0.54%, 0, 0, 11, 1548.74
1775253810, 1236, 338, 429, 0, 0, 0.54%, 0, 0, 11, 1384.16
1775253815, 1236, 385, 429, 0, 0, 0.54%, 0, 0, 11, 1349.74
1775253820, 1237, 47, 429, 0, 0, 0.54%, 0, 0, 11, 1491.11
1775253825, 1237, 100, 429, 0, 0, 0.54%, 0, 0, 11, 1503.11
1775253830, 1237, 168, 429, 0, 0, 0.54%, 0, 0, 11, 1850.00
1775253836, 1237, 186, 429, 0, 0, 0.54%, 0, 0, 11, 1413.40
1775253841, 1237, 325, 429, 0, 0, 0.54%, 0, 0, 11, 1412.74
1775253846, 1237, 385, 429, 0, 0, 0.54%, 0, 0, 11, 1288.68
1775253851, 1238, 63, 429, 0, 0, 0.54%, 0, 0, 11, 1446.42
1775253856, 1238, 100, 429, 0, 0, 0.54%, 0, 0, 11, 1489.03
1775253861, 1238, 201, 429, 0, 0, 0.54%, 0, 0, 11, 1529.92
1775253866, 1238, 273, 429, 0, 0, 0.54%, 0, 0, 11, 1533.65
1775253871, 1238, 368, 429, 0, 0, 0.54%, 0, 0, 11, 1490.35
1775253876, 1239, 36, 429, 0, 0, 0.54%, 0, 0, 11, 1526.87
1775253881, 1239, 79, 429, 0, 0, 0.54%, 0, 0, 11, 1531.60
1775253886, 1239, 100, 429, 0, 0, 0.54%, 0, 0, 11, 1432.79
1775253891, 1239, 152, 429, 0, 0, 0.54%, 0, 0, 11, 1397.28
1775253896, 1239, 234, 429, 0, 0, 0.54%, 0, 0, 11, 1424.56
1775253901, 1239, 349, 429, 0, 0, 0.54%, 0, 0, 11, 1446.58
1775253906, 1239, 385, 429, 0, 0, 0.54%, 0, 0, 11, 1312.18
1775253911, 1240, 79, 429, 0, 0, 0.54%, 0, 0, 11, 1493.63
1775253916, 1240, 107, 429, 0, 0, 0.54%, 0, 0, 11, 1473.08
1775253922, 1240, 162, 429, 0, 0, 0.54%, 0, 0, 11, 1533.89
1775253927, 1240, 205, 429, 0, 0, 0.54%, 0, 0, 11, 1490.11
1775253932, 1240, 354, 429, 0, 0, 0.54%, 0, 0, 11, 1323.26
1775253937, 1240, 422, 429, 0, 0, 0.54%, 0, 0, 11, 1232.71
1775253942, 1241, 91, 429, 0, 0, 0.54%, 0, 0, 11, 1659.69
1775253947, 1241, 147, 429, 0, 0, 0.54%, 0, 0, 11, 1541.58
1775253952, 1241, 185, 429, 0, 0, 0.54%, 0, 0, 11, 1496.65
1775253957, 1241, 243, 429, 0, 0, 0.54%, 0, 0, 11, 1498.08
1775253962, 1241, 357, 429, 0, 0, 0.54%, 0, 0, 11, 1454.52
1775253967, 1241, 420, 429, 0, 0, 0.54%, 0, 0, 11, 1161.03
1775253972, 1242, 80, 429, 0, 0, 0.54%, 0, 0, 11, 1764.65
1775253978, 1242, 106, 429, 0, 0, 0.54%, 0, 0, 11, 1625.48
1775253983, 1242, 147, 429, 0, 0, 0.54%, 0, 0, 11, 1380.71
1775253988, 1242, 263, 429, 0, 0, 0.54%, 0, 0, 11, 1457.53
1775253993, 1242, 357, 429, 0, 0, 0.54%, 0, 0, 11, 1379.50
1775253998, 1243, 1, 429, 0, 0, 0.54%, 0, 0, 11, 1246.17
1775254003, 1243, 63, 429, 0, 0, 0.54%, 0, 0, 11, 1480.15
1775254008, 1243, 86, 429, 0, 0, 0.54%, 0, 0, 11, 1493.36
1775254013, 1243, 167, 429, 0, 0, 0.54%, 0, 0, 11, 1464.41
1775254018, 1243, 244, 429, 0, 0, 0.54%, 0, 0, 11, 1467.05
1775254023, 1243, 357, 429, 0, 0, 0.54%, 0, 0, 11, 1514.97
1775254028, 1244, 79, 429, 0, 0, 0.54%, 0, 0, 11, 1519.30
1775254033, 1244, 109, 429, 0, 0, 0.54%, 0, 0, 11, 1464.90
1775254038, 1244, 234, 429, 0, 0, 0.54%, 0, 0, 11, 1506.82
1775254044, 1244, 325, 429, 0, 0, 0.54%, 0, 0, 11, 1506.76
1775254049, 1244, 377, 429, 0, 0, 0.54%, 0, 0, 11, 1400.16
1775254054, 1245, 79, 429, 0, 0, 0.54%, 0, 0, 11, 1355.47
1775254059, 1245, 111, 429, 0, 0, 0.54%, 0, 0, 11, 1532.98
1775254064, 1245, 163, 429, 0, 0, 0.54%, 0, 0, 11, 1486.66
1775254069, 1245, 306, 429, 0, 0, 0.54%, 0, 0, 11, 1503.30
1775254074, 1245, 373, 429, 0, 0, 0.54%, 0, 0, 11, 1390.65
1775254079, 1246, 29, 429, 0, 0, 0.54%, 0, 0, 11, 1402.49
1775254085, 1246, 86, 429, 0, 0, 0.54%, 0, 0, 11, 1538.65
1775254090, 1246, 132, 429, 0, 0, 0.54%, 0, 0, 11, 1537.06
1775254095, 1246, 227, 429, 0, 0, 0.54%, 0, 0, 11, 1453.72
1775254100, 1246, 354, 429, 0, 0, 0.54%, 0, 0, 11, 1317.49
1775254105, 1247, 36, 429, 0, 0, 0.54%, 0, 0, 11, 1418.06
1775254110, 1247, 86, 429, 0, 0, 0.54%, 0, 0, 11, 1498.78
1775254115, 1247, 140, 429, 0, 0, 0.54%, 0, 0, 11, 1427.93
1775254120, 1247, 196, 429, 0, 0, 0.54%, 0, 0, 11, 1410.31
1775254125, 1247, 349, 429, 0, 0, 0.54%, 0, 0, 11, 1460.37
1775254131, 1247, 400, 429, 0, 0, 0.54%, 0, 0, 11, 1196.10
1775254136, 1248, 63, 429, 0, 0, 0.54%, 0, 0, 11, 1470.30
1775254141, 1248, 100, 429, 0, 0, 0.54%, 0, 0, 11, 1490.48
1775254146, 1248, 196, 429, 0, 0, 0.54%, 0, 0, 11, 1531.34
1775254151, 1248, 291, 429, 0, 0, 0.54%, 0, 0, 11, 1403.09
1775254156, 1248, 357, 429, 0, 0, 0.54%, 0, 0, 11, 1468.97
1775254161, 1249, 25, 429, 0, 0, 0.54%, 0, 0, 11, 911.74
1775254166, 1249, 80, 429, 0, 0, 0.54%, 0, 0, 11, 1316.11
1775254171, 1249, 147, 429, 0, 0, 0.54%, 0, 0, 11, 1413.89
1775254176, 1249, 233, 429, 0, 0, 0.54%, 0, 0, 11, 1513.93
1775254181, 1249, 325, 429, 0, 0, 0.54%, 0, 0, 11, 1523.54
1775254187, 1249, 425, 429, 0, 0, 0.54%, 0, 0, 11, 1229.99
1775254192, 1250, 81, 429, 0, 0, 0.54%, 0, 0, 11, 1456.64
1775254197, 1250, 114, 429, 0, 0, 0.54%, 0, 0, 11, 1426.98
1775254202, 1250, 167, 429, 0, 0, 0.54%, 0, 0, 11, 1519.11
1775254207, 1250, 278, 429, 0, 0, 0.54%, 0, 0, 11, 1581.13
1775254212, 1250, 353, 429, 0, 0, 0.54%, 0, 0, 11, 1528.85
1775254217, 1250, 392, 429, 0, 0, 0.54%, 0, 0, 11, 1297.68
1775254222, 1251, 80, 429, 0, 0, 0.54%, 0, 0, 11, 1524.82
1775254227, 1251, 133, 429, 0, 0, 0.54%, 0, 0, 11, 1506.16
1775254233, 1251, 262, 429, 0, 0, 0.54%, 0, 0, 11, 1485.28
1775254238, 1251, 354, 429, 0, 0, 0.54%, 0, 0, 11, 1473.87
1775254243, 1252, 27, 429, 0, 0, 0.54%, 0, 0, 11, 1461.94
1775254248, 1252, 85, 429, 0, 0, 0.54%, 0, 0, 11, 1529.71
1775254253, 1252, 180, 429, 0, 0, 0.54%, 0, 0, 11, 1475.49
1775254258, 1252, 269, 429, 0, 0, 0.54%, 0, 0, 11, 1478.65
1775254263, 1252, 349, 429, 0, 0, 0.54%, 0, 0, 11, 1413.59
1775254268, 1253, 22, 429, 0, 0, 0.54%, 0, 0, 11, 1285.69
1775254273, 1253, 66, 429, 0, 0, 0.54%, 0, 0, 11, 1488.56
1775254278, 1253, 100, 429, 0, 0, 0.54%, 0, 0, 11, 1534.95
1775254283, 1253, 209, 429, 0, 0, 0.54%, 0, 0, 11, 1439.57
1775254289, 1253, 349, 429, 0, 0, 0.54%, 0, 0, 11, 1459.83
1775254294, 1253, 388, 429, 0, 0, 0.54%, 0, 0, 11, 1309.70
1775254299, 1254, 22, 429, 0, 0, 0.54%, 0, 0, 11, 1289.89
1775254304, 1254, 80, 429, 0, 0, 0.54%, 0, 0, 11, 1494.75
1775254309, 1254, 140, 429, 0, 0, 0.54%, 0, 0, 11, 1467.97
1775254314, 1254, 183, 429, 0, 0, 0.54%, 0, 0, 11, 1522.10
1775254319, 1254, 303, 429, 0, 0, 0.54%, 0, 0, 11, 1516.22
1775254324, 1254, 384, 429, 0, 0, 0.54%, 0, 0, 11, 1396.58
1775254329, 1255, 63, 429, 0, 0, 0.54%, 0, 0, 11, 1459.82
1775254334, 1255, 111, 429, 0, 0, 0.54%, 0, 0, 11, 1571.90
1775254339, 1255, 176, 429, 0, 0, 0.54%, 0, 0, 11, 1445.32
1775254344, 1255, 303, 429, 0, 0, 0.54%, 0, 0, 11, 1530.87
1775254350, 1255, 365, 429, 0, 0, 0.54%, 0, 0, 11, 1296.97
1775254355, 1256, 63, 429, 0, 0, 0.54%, 0, 0, 11, 1345.32
1775254360, 1256, 86, 429, 0, 0, 0.54%, 0, 0, 11, 1537.56
1775254365, 1256, 128, 429, 0, 0, 0.54%, 0, 0, 11, 1553.96
1775254370, 1256, 170, 429, 0, 0, 0.54%, 0, 0, 11, 1418.54
1775254375, 1256, 276, 429, 0, 0, 0.54%, 0, 0, 11, 1525.32
1775254380, 1256, 352, 429, 0, 0, 0.54%, 0, 0, 11, 1492.65
1775254385, 1257, 1, 429, 0, 0, 0.54%, 0, 0, 11, 1319.78
1775254390, 1257, 79, 429, 0, 0, 0.54%, 0, 0, 11, 1507.14
1775254395, 1257, 104, 429, 0, 0, 0.54%, 0, 0, 11, 1590.90
1775254400, 1257, 195, 429, 0, 0, 0.54%, 0, 0, 11, 1552.82
1775254405, 1257, 258, 429, 0, 0, 0.54%, 0, 0, 11, 1464.86
1775254410, 1257, 371, 429, 0, 0, 0.54%, 0, 0, 11, 1500.47
1775254416, 1258, 4, 429, 0, 0, 0.54%, 0, 0, 11, 1478.67
1775254421, 1258, 63, 429, 0, 0, 0.54%, 0, 0, 11, 1505.49
1775254426, 1258, 91, 429, 0, 0, 0.54%, 0, 0, 11, 1425.03
1775254431, 1258, 118, 429, 0, 0, 0.54%, 0, 0, 11, 1518.75
1775254436, 1258, 206, 429, 0, 0, 0.54%, 0, 0, 11, 1505.38
1775254441, 1258, 349, 429, 0, 0, 0.54%, 0, 0, 11, 1546.00
1775254446, 1259, 22, 429, 0, 0, 0.54%, 0, 0, 11, 1244.42
1775254451, 1259, 93, 429, 0, 0, 0.54%, 0, 0, 11, 1479.01
1775254456, 1259, 189, 429, 0, 0, 0.54%, 0, 0, 11, 1484.97
1775254461, 1259, 274, 429, 0, 0, 0.54%, 0, 0, 11, 1547.89
1775254466, 1259, 349, 429, 0, 0, 0.54%, 0, 0, 11, 1475.09
1775254472, 1259, 398, 429, 0, 0, 0.54%, 0, 0, 11, 1335.09
1775254477, 1260, 78, 429, 0, 0, 0.54%, 0, 0, 11, 1498.10
1775254482, 1260, 107, 429, 0, 0, 0.54%, 0, 0, 11, 1565.73
1775254487, 1260, 179, 429, 0, 0, 0.54%, 0, 0, 11, 1452.44
1775254492, 1260, 315, 429, 0, 0, 0.54%, 0, 0, 11, 1445.18
1775254497, 1260, 368, 429, 0, 0, 0.54%, 0, 0, 11, 1415.70
1775254502, 1261, 40, 429, 0, 0, 0.54%, 0, 0, 11, 1580.40
1775254507, 1261, 77, 429, 0, 0, 0.54%, 0, 0, 11, 1533.83
1775254512, 1261, 111, 429, 0, 0, 0.54%, 0, 0, 11, 1497.27
1775254518, 1261, 185, 429, 0, 0, 0.54%, 0, 0, 11, 1407.04
1775254523, 1261, 313, 429, 0, 0, 0.54%, 0, 0, 11, 1487.41
1775254528, 1261, 385, 429, 0, 0, 0.54%, 0, 0, 11, 1329.74
1775254533, 1262, 63, 429, 0, 0, 0.54%, 0, 0, 11, 1398.75
1775254538, 1262, 104, 429, 0, 0, 0.54%, 0, 0, 11, 1401.46
1775254543, 1262, 180, 429, 0, 0, 0.54%, 0, 0, 11, 1434.09
1775254548, 1262, 265, 429, 0, 0, 0.54%, 0, 0, 11, 1337.05
1775254553, 1262, 354, 429, 0, 0, 0.54%, 0, 0, 11, 1355.81
1775254558, 1263, 61, 429, 0, 0, 0.54%, 0, 0, 11, 1463.31
1775254563, 1263, 91, 429, 0, 0, 0.54%, 0, 0, 11, 1472.95
1775254568, 1263, 147, 429, 0, 0, 0.54%, 0, 0, 11, 1403.76
1775254574, 1263, 222, 429, 0, 0, 0.54%, 0, 0, 11, 1472.28
1775254579, 1263, 354, 429, 0, 0, 0.54%, 0, 0, 11, 1325.66
1775254584, 1264, 12, 429, 0, 0, 0.54%, 0, 0, 11, 1232.09
1775254589, 1264, 80, 429, 0, 0, 0.54%, 0, 0, 11, 1425.48
1775254594, 1264, 111, 429, 0, 0, 0.54%, 0, 0, 11, 1255.44
1775254599, 1264, 196, 429, 0, 0, 0.54%, 0, 0, 11, 1331.34
1775254604, 1264, 354, 429, 0, 0, 0.54%, 0, 0, 11, 1364.98
1775254609, 1265, 43, 429, 0, 0, 0.54%, 0, 0, 11, 1424.11
1775254614, 1265, 79, 429, 0, 0, 0.54%, 0, 0, 11, 1451.79
1775254619, 1265, 114, 429, 0, 0, 0.54%, 0, 0, 11, 1521.89
1775254624, 1265, 287, 429, 0, 0, 0.54%, 0, 0, 11, 1515.95
1775254629, 1265, 374, 429, 0, 0, 0.54%, 0, 0, 11, 1293.76
1775254635, 1266, 79, 429, 0, 0, 0.54%, 0, 0, 11, 1399.99
1775254640, 1266, 109, 429, 0, 0, 0.54%, 0, 0, 11, 1492.53
1775254645, 1266, 172, 429, 0, 0, 0.54%, 0, 0, 11, 1519.25
1775254650, 1266, 270, 429, 0, 0, 0.54%, 0, 0, 11, 1509.85
1775254655, 1266, 357, 429, 0, 0, 0.54%, 0, 0, 11, 1352.24
1775254660, 1266, 407, 429, 0, 0, 0.54%, 0, 0, 11, 1158.12
1775254665, 1267, 79, 429, 0, 0, 0.54%, 0, 0, 11, 1483.56
1775254670, 1267, 111, 429, 0, 0, 0.54%, 0, 0, 11, 1485.71
1775254675, 1267, 192, 429, 0, 0, 0.54%, 0, 0, 11, 1506.66
1775254680, 1267, 338, 429, 0, 0, 0.54%, 0, 0, 11, 1417.67
1775254685, 1267, 385, 429, 0, 0, 0.54%, 0, 0, 11, 1350.65
1775254690, 1268, 80, 429, 0, 0, 0.54%, 0, 0, 11, 1457.23
1775254695, 1268, 111, 429, 0, 0, 0.54%, 0, 0, 11, 1533.17
1775254701, 1268, 192, 429, 0, 0, 0.54%, 0, 0, 11, 1495.59
1775254706, 1268, 236, 429, 0, 0, 0.54%, 0, 0, 11, 1438.91
1775254711, 1268, 348, 429, 0, 0, 0.54%, 0, 0, 11, 1442.81
1775254716, 1268, 393, 429, 0, 0, 0.54%, 0, 0, 11, 1216.70
1775254721, 1269, 63, 429, 0, 0, 0.54%, 0, 0, 11, 1484.78
1775254726, 1269, 100, 429, 0, 0, 0.54%, 0, 0, 11, 1412.44
1775254731, 1269, 203, 429, 0, 0, 0.54%, 0, 0, 11, 1429.43
1775254736, 1269, 267, 429, 0, 0, 0.54%, 0, 0, 11, 1341.82
1775254741, 1269, 331, 429, 0, 0, 0.54%, 0, 0, 11, 1381.59
1775254746, 1269, 385, 429, 0, 0, 0.54%, 0, 0, 11, 1331.70
1775254752, 1270, 79, 429, 0, 0, 0.54%, 0, 0, 11, 1404.35
1775254757, 1270, 111, 429, 0, 0, 0.54%, 0, 0, 11, 1461.82
1775254762, 1270, 196, 429, 0, 0, 0.54%, 0, 0, 11, 1563.61
1775254767, 1270, 349, 429, 0, 0, 0.54%, 0, 0, 11, 1495.87
1775254772, 1270, 398, 429, 0, 0, 0.54%, 0, 0, 11, 1306.79
1775254777, 1271, 80, 429, 0, 0, 0.54%, 0, 0, 11, 1558.47
1775254782, 1271, 118, 429, 0, 0, 0.54%, 0, 0, 11, 1352.81
1775254787, 1271, 248, 429, 0, 0, 0.54%, 0, 0, 11, 1478.30
1775254792, 1271, 354, 429, 0, 0, 0.54%, 0, 0, 11, 1346.52
1775254797, 1271, 402, 429, 0, 0, 0.54%, 0, 0, 11, 1129.98
1775254802, 1272, 63, 429, 0, 0, 0.54%, 0, 0, 11, 1357.71
1775254807, 1272, 86, 429, 0, 0, 0.54%, 0, 0, 11, 1538.06
1775254813, 1272, 147, 429, 0, 0, 0.54%, 0, 0, 11, 1544.26
1775254818, 1272, 229, 429, 0, 0, 0.54%, 0, 0, 11, 1451.19
1775254823, 1272, 290, 429, 0, 0, 0.54%, 0, 0, 11, 1460.15
1775254828, 1272, 354, 429, 0, 0, 0.54%, 0, 0, 11, 1405.74
1775254833, 1273, 39, 429, 0, 0, 0.54%, 0, 0, 11, 1394.97
1775254838, 1273, 86, 429, 0, 0, 0.54%, 0, 0, 11, 1530.85
1775254843, 1273, 117, 429, 0, 0, 0.54%, 0, 0, 11, 1532.26
1775254848, 1273, 227, 429, 0, 0, 0.54%, 0, 0, 11, 1401.86
1775254853, 1273, 292, 429, 0, 0, 0.54%, 0, 0, 11, 1428.71
1775254859, 1273, 354, 429, 0, 0, 0.54%, 0, 0, 11, 1458.30
1775254864, 1274, 1, 429, 0, 0, 0.54%, 0, 0, 11, 1210.65
1775254869, 1274, 80, 429, 0, 0, 0.54%, 0, 0, 11, 1612.83
1775254874, 1274, 112, 429, 0, 0, 0.54%, 0, 0, 11, 1574.72
1775254879, 1274, 251, 429, 0, 0, 0.54%, 0, 0, 11, 1518.37
1775254884, 1274, 310, 429, 0, 0, 0.54%, 0, 0, 11, 1473.19
1775254889, 1274, 371, 429, 0, 0, 0.54%, 0, 0, 11, 1326.14
1775254894, 1274, 423, 429, 0, 0, 0.54%, 0, 0, 11, 1317.27
1775254900, 1275, 80, 429, 0, 0, 0.54%, 0, 0, 11, 1554.48
1775254905, 1275, 125, 429, 0, 0, 0.54%, 0, 0, 11, 1578.67
1775254910, 1275, 205, 429, 0, 0, 0.54%, 0, 0, 11, 1380.00
1775254915, 1275, 246, 429, 0, 0, 0.54%, 0, 0, 11, 1471.48
1775254920, 1275, 349, 429, 0, 0, 0.54%, 0, 0, 11, 1387.70
1775254925, 1275, 416, 429, 0, 0, 0.54%, 0, 0, 11, 1300.76
1775254930, 1276, 79, 429, 0, 0, 0.54%, 0, 0, 11, 1492.46
1775254935, 1276, 147, 429, 0, 0, 0.54%, 0, 0, 11, 1564.28
1775254941, 1276, 224, 429, 0, 0, 0.54%, 0, 0, 11, 1562.16
1775254946, 1276, 309, 429, 0, 0, 0.54%, 0, 0, 11, 1520.11
1775254951, 1276, 371, 429, 0, 0, 0.54%, 0, 0, 11, 1456.34
1775254956, 1277, 27, 429, 0, 0, 0.54%, 0, 0, 11, 1336.95
1775254961, 1277, 86, 429, 0, 0, 0.54%, 0, 0, 11, 1536.39
1775254966, 1277, 111, 429, 0, 0, 0.54%, 0, 0, 11, 1531.55
1775254971, 1277, 173, 429, 0, 0, 0.54%, 0, 0, 11, 1472.68
1775254976, 1277, 275, 429, 0, 0, 0.54%, 0, 0, 11, 1535.55
1775254981, 1277, 368, 429, 0, 0, 0.54%, 0, 0, 11, 1415.52
1775254986, 1278, 22, 429, 0, 0, 0.54%, 0, 0, 11, 1395.63
1775254991, 1278, 91, 429, 0, 0, 0.54%, 0, 0, 11, 1517.02
1775254997, 1278, 181, 429, 0, 0, 0.54%, 0, 0, 11, 1527.81
1775255002, 1278, 353, 429, 0, 0, 0.54%, 0, 0, 11, 1500.00
1775255007, 1278, 385, 429, 0, 0, 0.54%, 0, 0, 11, 1408.05
1775255012, 1279, 69, 429, 0, 0, 0.54%, 0, 0, 11, 1502.95
1775255017, 1279, 86, 429, 0, 0, 0.54%, 0, 0, 11, 1476.86
1775255022, 1279, 193, 429, 0, 0, 0.54%, 0, 0, 11, 1603.13
1775255027, 1279, 314, 429, 0, 0, 0.54%, 0, 0, 11, 1531.57
1775255032, 1279, 362, 429, 0, 0, 0.54%, 0, 0, 11, 1448.53
1775255037, 1280, 35, 429, 0, 0, 0.54%, 0, 0, 11, 1364.36
1775255043, 1280, 79, 429, 0, 0, 0.54%, 0, 0, 11, 1495.73
1775255048, 1280, 100, 429, 0, 0, 0.54%, 0, 0, 11, 1466.98
1775255053, 1280, 183, 429, 0, 0, 0.54%, 0, 0, 11, 1451.95
1775255058, 1280, 295, 429, 0, 0, 0.54%, 0, 0, 11, 1496.28
1775255063, 1280, 385, 429, 0, 0, 0.54%, 0, 0, 11, 1420.49
1775255068, 1281, 63, 429, 0, 0, 0.54%, 0, 0, 11, 1525.65
1775255073, 1281, 100, 429, 0, 0, 0.54%, 0, 0, 11, 1530.07
1775255078, 1281, 187, 429, 0, 0, 0.54%, 0, 0, 11, 294.64
1775255083, 1281, 268, 429, 0, 0, 0.54%, 0, 0, 11, 1326.86
1775255088, 1281, 354, 429, 0, 0, 0.54%, 0, 0, 11, 1322.60
1775255094, 1282, 5, 429, 0, 0, 0.54%, 0, 0, 11, 1250.63
1775255099, 1282, 79, 429, 0, 0, 0.54%, 0, 0, 11, 1422.66
1775255104, 1282, 114, 429, 0, 0, 0.54%, 0, 0, 11, 1590.50
1775255109, 1282, 209, 429, 0, 0, 0.54%, 0, 0, 11, 1437.70
1775255114, 1282, 325, 429, 0, 0, 0.54%, 0, 0, 11, 1430.78
1775255119, 1282, 385, 429, 0, 0, 0.54%, 0, 0, 11, 1288.70
1775255124, 1283, 79, 429, 0, 0, 0.54%, 0, 0, 11, 1458.56
1775255129, 1283, 100, 429, 0, 0, 0.54%, 0, 0, 11, 1610.00
1775255134, 1283, 171, 429, 0, 0, 0.54%, 0, 0, 11, 1419.48
1775255139, 1283, 262, 429, 0, 0, 0.54%, 0, 0, 11, 1860.93
1775255145, 1283, 354, 429, 0, 0, 0.54%, 0, 0, 11, 1417.97
1775255150, 1284, 79, 429, 0, 0, 0.54%, 0, 0, 11, 1524.29
1775255155, 1284, 114, 429, 0, 0, 0.54%, 0, 0, 11, 1509.81
1775255160, 1284, 146, 429, 0, 0, 0.54%, 0, 0, 11, 1519.97
1775255165, 1284, 212, 429, 0, 0, 0.54%, 0, 0, 11, 426.97
1775255170, 1284, 289, 429, 0, 0, 0.54%, 0, 0, 11, 1153.64
1775255175, 1284, 354, 429, 0, 0, 0.54%, 0, 0, 11, 1331.30
1775255180, 1285, 6, 429, 0, 0, 0.54%, 0, 0, 11, 1302.81
1775255185, 1285, 69, 429, 0, 0, 0.54%, 0, 0, 11, 1506.45
1775255190, 1285, 86, 429, 0, 0, 0.54%, 0, 0, 11, 1511.16
1775255195, 1285, 146, 429, 0, 0, 0.54%, 0, 0, 11, 1474.91
1775255200, 1285, 217, 429, 0, 0, 0.54%, 0, 0, 11, 1501.06
1775255205, 1285, 316, 429, 0, 0, 0.54%, 0, 0, 11, 1423.03
1775255210, 1285, 374, 429, 0, 0, 0.54%, 0, 0, 11, 1355.04
1775255215, 1286, 12, 429, 0, 0, 0.54%, 0, 0, 11, 1412.02
1775255220, 1286, 79, 429, 0, 0, 0.54%, 0, 0, 11, 1492.32
1775255226, 1286, 111, 429, 0, 0, 0.54%, 0, 0, 11, 1437.73
1775255231, 1286, 196, 429, 0, 0, 0.54%, 0, 0, 11, 1418.41
1775255236, 1286, 354, 429, 0, 0, 0.54%, 0, 0, 11, 1515.26
1775255241, 1286, 421, 429, 0, 0, 0.54%, 0, 0, 11, 1301.93
1775255246, 1287, 74, 429, 0, 0, 0.54%, 0, 0, 11, 1470.02
1775255251, 1287, 92, 429, 0, 0, 0.54%, 0, 0, 11, 1399.04
1775255256, 1287, 253, 429, 0, 0, 0.54%, 0, 0, 11, 1440.78
1775255261, 1287, 307, 429, 0, 0, 0.54%, 0, 0, 11, 1533.52
1775255266, 1287, 364, 429, 0, 0, 0.54%, 0, 0, 11, 1484.88
1775255271, 1288, 36, 429, 0, 0, 0.54%, 0, 0, 11, 1451.61
1775255277, 1288, 86, 429, 0, 0, 0.54%, 0, 0, 11, 1521.24
1775255282, 1288, 163, 429, 0, 0, 0.54%, 0, 0, 11, 1440.54
1775255287, 1288, 291, 429, 0, 0, 0.54%, 0, 0, 11, 1577.60
1775255292, 1288, 341, 429, 0, 0, 0.54%, 0, 0, 11, 1559.86
1775255297, 1288, 414, 429, 0, 0, 0.54%, 0, 0, 11, 1305.17
1775255302, 1289, 9, 429, 0, 0, 0.54%, 0, 0, 11, 1279.19
1775255307, 1289, 86, 429, 0, 0, 0.54%, 0, 0, 11, 1516.92
1775255312, 1289, 129, 429, 0, 0, 0.54%, 0, 0, 11, 1445.91
1775255317, 1289, 200, 429, 0, 0, 0.54%, 0, 0, 11, 1469.81
1775255322, 1289, 325, 429, 0, 0, 0.54%, 0, 0, 11, 1478.35
1775255327, 1289, 391, 429, 0, 0, 0.54%, 0, 0, 11, 1396.59
1775255333, 1290, 59, 429, 0, 0, 0.54%, 0, 0, 11, 1447.54
1775255338, 1290, 91, 429, 0, 0, 0.54%, 0, 0, 11, 1520.80
1775255343, 1290, 147, 429, 0, 0, 0.54%, 0, 0, 11, 1417.69
1775255348, 1290, 246, 429, 0, 0, 0.54%, 0, 0, 11, 1437.64
1775255353, 1290, 353, 429, 0, 0, 0.54%, 0, 0, 11, 1442.02
1775255358, 1290, 391, 429, 0, 0, 0.54%, 0, 0, 11, 1293.67
1775255363, 1291, 86, 429, 0, 0, 0.54%, 0, 0, 11, 1492.15
1775255368, 1291, 185, 429, 0, 0, 0.54%, 0, 0, 11, 1529.10
1775255373, 1291, 308, 429, 0, 0, 0.54%, 0, 0, 11, 1550.79
1775255378, 1291, 371, 429, 0, 0, 0.54%, 0, 0, 11, 1377.78
1775255384, 1292, 56, 429, 0, 0, 0.54%, 0, 0, 11, 1280.34
1775255389, 1292, 91, 429, 0, 0, 0.54%, 0, 0, 11, 1503.54
1775255394, 1292, 147, 429, 0, 0, 0.54%, 0, 0, 11, 1448.40
1775255399, 1292, 181, 429, 0, 0, 0.54%, 0, 0, 11, 1417.23
1775255404, 1292, 283, 429, 0, 0, 0.54%, 0, 0, 11, 1428.48
1775255409, 1292, 349, 429, 0, 0, 0.54%, 0, 0, 11, 1443.23
1775255414, 1292, 397, 429, 0, 0, 0.54%, 0, 0, 11, 1263.94
1775255419, 1293, 79, 429, 0, 0, 0.54%, 0, 0, 11, 1448.10
1775255425, 1293, 111, 429, 0, 0, 0.54%, 0, 0, 11, 1400.92
1775255430, 1293, 196, 429, 0, 0, 0.54%, 0, 0, 11, 1522.40
1775255435, 1293, 324, 429, 0, 0, 0.54%, 0, 0, 11, 1539.97
1775255440, 1293, 385, 429, 0, 0, 0.54%, 0, 0, 11, 1346.47
1775255445, 1294, 79, 429, 0, 0, 0.54%, 0, 0, 11, 1455.93
1775255450, 1294, 105, 429, 0, 0, 0.54%, 0, 0, 11, 1420.03
1775255455, 1294, 158, 429, 0, 0, 0.54%, 0, 0, 11, 1418.46
1775255460, 1294, 196, 429, 0, 0, 0.54%, 0, 0, 11, 1378.46
1775255465, 1294, 295, 429, 0, 0, 0.54%, 0, 0, 11, 1376.31
1775255470, 1294, 371, 429, 0, 0, 0.54%, 0, 0, 11, 1530.18
1775255475, 1295, 80, 429, 0, 0, 0.54%, 0, 0, 11, 1539.36
1775255481, 1295, 147, 429, 0, 0, 0.54%, 0, 0, 11, 1551.20
1775255486, 1295, 257, 429, 0, 0, 0.54%, 0, 0, 11, 1508.44
1775255491, 1295, 354, 429, 0, 0, 0.54%, 0, 0, 11, 1376.85
1775255496, 1296, 4, 429, 0, 0, 0.54%, 0, 0, 11, 1312.88
1775255501, 1296, 80, 429, 0, 0, 0.54%, 0, 0, 11, 1438.98
1775255506, 1296, 105, 429, 0, 0, 0.54%, 0, 0, 11, 1445.04
1775255511, 1296, 145, 429, 0, 0, 0.54%, 0, 0, 11, 1472.54
1775255516, 1296, 236, 429, 0, 0, 0.54%, 0, 0, 11, 1425.99
1775255521, 1296, 354, 429, 0, 0, 0.54%, 0, 0, 11, 1374.04
1775255526, 1297, 9, 429, 0, 0, 0.54%, 0, 0, 11, 1306.87
1775255531, 1297, 79, 429, 0, 0, 0.54%, 0, 0, 11, 1488.58
1775255537, 1297, 103, 429, 0, 0, 0.54%, 0, 0, 11, 1382.21
1775255542, 1297, 162, 429, 0, 0, 0.54%, 0, 0, 11, 1275.67
1775255547, 1297, 220, 429, 0, 0, 0.54%, 0, 0, 11, 1437.84
1775255552, 1297, 349, 429, 0, 0, 0.54%, 0, 0, 11, 1469.40
1775255557, 1298, 28, 429, 0, 0, 0.54%, 0, 0, 11, 1261.90
1775255562, 1298, 65, 429, 0, 0, 0.54%, 0, 0, 11, 1465.28
1775255567, 1298, 100, 429, 0, 0, 0.54%, 0, 0, 11, 1425.50
1775255572, 1298, 155, 429, 0, 0, 0.54%, 0, 0, 11, 1405.44
1775255577, 1298, 349, 429, 0, 0, 0.54%, 0, 0, 11, 1418.21
1775255582, 1298, 385, 429, 0, 0, 0.54%, 0, 0, 11, 1310.43
1775255588, 1299, 50, 429, 0, 0, 0.54%, 0, 0, 11, 1382.96
1775255593, 1299, 91, 429, 0, 0, 0.54%, 0, 0, 11, 1459.12
1775255598, 1299, 135, 429, 0, 0, 0.54%, 0, 0, 11, 1586.10
1775255603, 1299, 307, 429, 0, 0, 0.54%, 0, 0, 11, 1576.53
1775255608, 1299, 385, 429, 0, 0, 0.54%, 0, 0, 11, 1400.85
1775255613, 1300, 35, 429, 0, 0, 0.54%, 0, 0, 11, 1354.76
1775255618, 1300, 91, 429, 0, 0, 0.54%, 0, 0, 11, 1426.50
1775255623, 1300, 147, 429, 0, 0, 0.54%, 0, 0, 11, 1484.21
1775255628, 1300, 198, 429, 0, 0, 0.54%, 0, 0, 11, 1498.10
1775255633, 1300, 290, 429, 0, 0, 0.54%, 0, 0, 11, 1501.94
1775255638, 1300, 354, 429, 0, 0, 0.54%, 0, 0, 11, 1454.78
1775255644, 1301, 48, 429, 0, 0, 0.54%, 0, 0, 11, 1461.32
1775255649, 1301, 85, 429, 0, 0, 0.54%, 0, 0, 11, 1587.21
1775255654, 1301, 111, 429, 0, 0, 0.54%, 0, 0, 11, 1550.37
1775255659, 1301, 196, 429, 0, 0, 0.54%, 0, 0, 11, 1529.77
1775255664, 1301, 325, 429, 0, 0, 0.54%, 0, 0, 11, 1464.24
1775255669, 1301, 385, 429, 0, 0, 0.54%, 0, 0, 11, 1336.51
1775255674, 1302, 36, 429, 0, 0, 0.54%, 0, 0, 11, 1394.83
1775255679, 1302, 71, 429, 0, 0, 0.54%, 0, 0, 11, 1569.26
1775255684, 1302, 111, 429, 0, 0, 0.54%, 0, 0, 11, 1452.60
1775255690, 1302, 211, 429, 0, 0, 0.54%, 0, 0, 11, 1432.07
1775255695, 1302, 280, 429, 0, 0, 0.54%, 0, 0, 11, 1392.81
1775255700, 1302, 354, 429, 0, 0, 0.54%, 0, 0, 11, 1466.47
1775255705, 1303, 5, 429, 0, 0, 0.54%, 0, 0, 11, 1287.09
1775255710, 1303, 81, 429, 0, 0, 0.54%, 0, 0, 11, 1519.58
1775255715, 1303, 138, 429, 0, 0, 0.54%, 0, 0, 11, 1547.31
1775255720, 1303, 214, 429, 0, 0, 0.54%, 0, 0, 11, 1417.54
1775255725, 1303, 310, 429, 0, 0, 0.54%, 0, 0, 11, 1436.46
1775255730, 1303, 371, 429, 0, 0, 0.54%, 0, 0, 11, 1410.84
1775255735, 1304, 55, 429, 0, 0, 0.54%, 0, 0, 11, 1487.73
1775255740, 1304, 91, 429, 0, 0, 0.54%, 0, 0, 11, 1534.94
1775255745, 1304, 184, 429, 0, 0, 0.54%, 0, 0, 11, 1468.58
1775255751, 1304, 246, 429, 0, 0, 0.54%, 0, 0, 11, 1545.60
1775255756, 1304, 354, 429, 0, 0, 0.54%, 0, 0, 11, 1388.01
1775255761, 1305, 2, 429, 0, 0, 0.54%, 0, 0, 11, 1328.54
1775255766, 1305, 70, 429, 0, 0, 0.54%, 0, 0, 11, 1411.10
1775255771, 1305, 100, 429, 0, 0, 0.54%, 0, 0, 11, 1491.99
1775255776, 1305, 183, 429, 0, 0, 0.54%, 0, 0, 11, 1436.09
1775255781, 1305, 241, 429, 0, 0, 0.54%, 0, 0, 11, 1493.98
1775255786, 1305, 293, 429, 0, 0, 0.54%, 0, 0, 11, 1417.94
1775255791, 1305, 385, 429, 0, 0, 0.54%, 0, 0, 11, 1432.02
1775255796, 1306, 55, 429, 0, 0, 0.54%, 0, 0, 11, 1431.58
1775255802, 1306, 91, 429, 0, 0, 0.54%, 0, 0, 11, 1535.91
1775255807, 1306, 147, 429, 0, 0, 0.54%, 0, 0, 11, 1328.37
1775255812, 1306, 227, 429, 0, 0, 0.54%, 0, 0, 11, 1545.14
1775255817, 1306, 354, 429, 0, 0, 0.54%, 0, 0, 11, 1470.28
1775255822, 1307, 2, 429, 0, 0, 0.54%, 0, 0, 11, 1345.53
1775255827, 1307, 76, 429, 0, 0, 0.54%, 0, 0, 11, 1502.40
1775255832, 1307, 117, 429, 0, 0, 0.54%, 0, 0, 11, 1570.96
1775255837, 1307, 219, 429, 0, 0, 0.54%, 0, 0, 11, 1530.45
1775255842, 1307, 313, 429, 0, 0, 0.54%, 0, 0, 11, 1409.14
1775255847, 1307, 378, 429, 0, 0, 0.54%, 0, 0, 11, 1499.46
1775255852, 1308, 63, 429, 0, 0, 0.54%, 0, 0, 11, 1522.25
1775255857, 1308, 100, 429, 0, 0, 0.54%, 0, 0, 11, 1525.24
1775255862, 1308, 147, 429, 0, 0, 0.54%, 0, 0, 11, 1498.67
1775255867, 1308, 206, 429, 0, 0, 0.54%, 0, 0, 11, 1444.16
1775255872, 1308, 343, 429, 0, 0, 0.54%, 0, 0, 11, 1425.69
1775255877, 1308, 419, 429, 0, 0, 0.54%, 0, 0, 11, 1205.64
1775255883, 1309, 80, 429, 0, 0, 0.54%, 0, 0, 11, 1468.93
1775255888, 1309, 101, 429, 0, 0, 0.54%, 0, 0, 11, 1525.33
1775255893, 1309, 202, 429, 0, 0, 0.54%, 0, 0, 11, 1393.19
1775255898, 1309, 255, 429, 0, 0, 0.54%, 0, 0, 11, 1373.17
1775255903, 1309, 353, 429, 0, 0, 0.54%, 0, 0, 11, 1443.76
1775255908, 1309, 416, 429, 0, 0, 0.54%, 0, 0, 11, 1284.06
1775255913, 1310, 79, 429, 0, 0, 0.54%, 0, 0, 11, 1428.46
1775255918, 1310, 109, 429, 0, 0, 0.54%, 0, 0, 11, 1380.78
1775255923, 1310, 198, 429, 0, 0, 0.54%, 0, 0, 11, 1438.11
1775255928, 1310, 349, 429, 0, 0, 0.54%, 0, 0, 11, 1394.38
1775255934, 1311, 11, 429, 0, 0, 0.54%, 0, 0, 11, 1325.29
1775255939, 1311, 55, 429, 0, 0, 0.54%, 0, 0, 11, 1440.41
1775255944, 1311, 91, 429, 0, 0, 0.54%, 0, 0, 11, 1476.91
1775255949, 1311, 147, 429, 0, 0, 0.54%, 0, 0, 11, 1486.61
1775255954, 1311, 287, 429, 0, 0, 0.54%, 0, 0, 11, 1463.07
1775255959, 1311, 354, 429, 0, 0, 0.54%, 0, 0, 11, 1412.34
1775255964, 1312, 27, 429, 0, 0, 0.54%, 0, 0, 11, 1437.65
1775255969, 1312, 70, 429, 0, 0, 0.54%, 0, 0, 11, 1543.37
1775255974, 1312, 100, 429, 0, 0, 0.54%, 0, 0, 11, 1517.23
1775255979, 1312, 159, 429, 0, 0, 0.54%, 0, 0, 11, 1491.67
1775255984, 1312, 248, 429, 0, 0, 0.54%, 0, 0, 11, 1479.18
1775255990, 1312, 325, 429, 0, 0, 0.54%, 0, 0, 11, 1516.44
1775255995, 1313, 4, 429, 0, 0, 0.54%, 0, 0, 11, 1350.80
1775256000, 1313, 86, 429, 0, 0, 0.54%, 0, 0, 11, 1532.11
1775256005, 1313, 122, 429, 0, 0, 0.54%, 0, 0, 11, 1498.41
1775256010, 1313, 165, 429, 0, 0, 0.54%, 0, 0, 11, 1421.60
1775256015, 1313, 243, 429, 0, 0, 0.54%, 0, 0, 11, 1480.82
1775256020, 1313, 357, 429, 0, 0, 0.54%, 0, 0, 11, 1460.12
1775256025, 1314, 11, 429, 0, 0, 0.54%, 0, 0, 11, 1279.90
1775256030, 1314, 47, 429, 0, 0, 0.54%, 0, 0, 11, 1332.39
1775256035, 1314, 86, 429, 0, 0, 0.54%, 0, 0, 11, 1374.87
1775256040, 1314, 130, 429, 0, 0, 0.54%, 0, 0, 11, 1418.41
1775256046, 1314, 196, 429, 0, 0, 0.54%, 0, 0, 11, 1323.33
1775256051, 1314, 234, 429, 0, 0, 0.54%, 0, 0, 11, 1332.84
1775256056, 1314, 325, 429, 0, 0, 0.54%, 0, 0, 11, 1251.44
1775256061, 1314, 385, 429, 0, 0, 0.54%, 0, 0, 11, 1272.66
1775256066, 1315, 41, 429, 0, 0, 0.54%, 0, 0, 11, 1429.15
1775256071, 1315, 91, 429, 0, 0, 0.54%, 0, 0, 11, 1505.46
1775256076, 1315, 147, 429, 0, 0, 0.54%, 0, 0, 11, 1538.19
1775256081, 1315, 221, 429, 0, 0, 0.54%, 0, 0, 11, 1492.44
1775256086, 1315, 325, 429, 0, 0, 0.54%, 0, 0, 11, 1525.90
1775256091, 1315, 366, 429, 0, 0, 0.54%, 0, 0, 11, 1413.15
1775256096, 1316, 79, 429, 0, 0, 0.54%, 0, 0, 11, 1548.54
1775256101, 1316, 147, 429, 0, 0, 0.54%, 0, 0, 11, 1529.68
1775256107, 1316, 241, 429, 0, 0, 0.54%, 0, 0, 11, 1443.24
1775256112, 1316, 371, 429, 0, 0, 0.54%, 0, 0, 11, 1370.61
1775256117, 1317, 34, 429, 0, 0, 0.54%, 0, 0, 11, 1553.96
1775256122, 1317, 86, 429, 0, 0, 0.54%, 0, 0, 11, 1526.19
1775256127, 1317, 175, 429, 0, 0, 0.54%, 0, 0, 11, 1455.86
1775256132, 1317, 222, 429, 0, 0, 0.54%, 0, 0, 11, 1311.86
1775256137, 1317, 317, 429, 0, 0, 0.54%, 0, 0, 11, 1501.10
1775256142, 1317, 385, 429, 0, 0, 0.54%, 0, 0, 11, 1355.03
1775256148, 1318, 63, 429, 0, 0, 0.54%, 0, 0, 11, 1428.93
1775256153, 1318, 91, 429, 0, 0, 0.54%, 0, 0, 11, 1546.09
1775256158, 1318, 136, 429, 0, 0, 0.54%, 0, 0, 11, 1533.99
1775256163, 1318, 188, 429, 0, 0, 0.54%, 0, 0, 11, 1495.97
1775256168, 1318, 217, 429, 0, 0, 0.54%, 0, 0, 11, 1413.46
1775256173, 1318, 292, 429, 0, 0, 0.54%, 0, 0, 11, 1394.36
1775256178, 1318, 354, 429, 0, 0, 0.54%, 0, 0, 11, 1407.60
1775256183, 1318, 416, 429, 0, 0, 0.54%, 0, 0, 11, 1208.48
1775256188, 1319, 49, 429, 0, 0, 0.54%, 0, 0, 11, 1339.01
1775256193, 1319, 91, 429, 0, 0, 0.54%, 0, 0, 11, 1354.41
1775256198, 1319, 147, 429, 0, 0, 0.54%, 0, 0, 11, 1538.19
1775256203, 1319, 225, 429, 0, 0, 0.54%, 0, 0, 11, 1521.69
1775256208, 1319, 319, 429, 0, 0, 0.54%, 0, 0, 11, 1516.04
1775256213, 1319, 358, 429, 0, 0, 0.54%, 0, 0, 11, 1374.24
1775256218, 1320, 55, 429, 0, 0, 0.54%, 0, 0, 11, 1272.80
1775256224, 1320, 91, 429, 0, 0, 0.54%, 0, 0, 11, 1560.07
1775256229, 1320, 111, 429, 0, 0, 0.54%, 0, 0, 11, 1453.10
1775256234, 1320, 178, 429, 0, 0, 0.54%, 0, 0, 11, 1449.31
1775256239, 1320, 301, 429, 0, 0, 0.54%, 0, 0, 11, 1565.69
1775256244, 1320, 354, 429, 0, 0, 0.54%, 0, 0, 11, 1505.35
1775256249, 1320, 402, 429, 0, 0, 0.54%, 0, 0, 11, 1226.40
1775256254, 1321, 63, 429, 0, 0, 0.54%, 0, 0, 11, 1312.12
1775256259, 1321, 91, 429, 0, 0, 0.54%, 0, 0, 11, 1501.95
1775256264, 1321, 205, 429, 0, 0, 0.54%, 0, 0, 11, 1428.47
1775256269, 1321, 266, 429, 0, 0, 0.54%, 0, 0, 11, 1473.85
1775256274, 1321, 371, 429, 0, 0, 0.54%, 0, 0, 11, 1390.33
1775256279, 1322, 49, 429, 0, 0, 0.54%, 0, 0, 11, 1238.15
1775256285, 1322, 91, 429, 0, 0, 0.54%, 0, 0, 11, 1423.75
1775256290, 1322, 147, 429, 0, 0, 0.54%, 0, 0, 11, 1525.81
1775256295, 1322, 309, 429, 0, 0, 0.54%, 0, 0, 11, 1487.32
1775256300, 1322, 357, 429, 0, 0, 0.54%, 0, 0, 11, 1441.76
1775256305, 1323, 1, 429, 0, 0, 0.54%, 0, 0, 11, 1646.77
1775256310, 1323, 81, 429, 0, 0, 0.54%, 0, 0, 11, 1499.34
1775256315, 1323, 112, 429, 0, 0, 0.54%, 0, 0, 11, 1467.38
1775256320, 1323, 187, 429, 0, 0, 0.54%, 0, 0, 11, 1565.46
1775256325, 1323, 235, 429, 0, 0, 0.54%, 0, 0, 11, 1362.33
1775256330, 1323, 325, 429, 0, 0, 0.54%, 0, 0, 11, 1080.08
1775256335, 1323, 371, 429, 0, 0, 0.54%, 0, 0, 11, 1257.53
1775256340, 1324, 23, 429, 0, 0, 0.54%, 0, 0, 11, 1413.37
1775256345, 1324, 91, 429, 0, 0, 0.54%, 0, 0, 11, 1525.77
1775256351, 1324, 156, 429, 0, 0, 0.54%, 0, 0, 11, 1503.28
1775256356, 1324, 268, 429, 0, 0, 0.54%, 0, 0, 11, 1491.65
1775256361, 1324, 357, 429, 0, 0, 0.54%, 0, 0, 11, 1382.80
1775256366, 1325, 10, 429, 0, 0, 0.54%, 0, 0, 11, 1327.99
1775256371, 1325, 79, 429, 0, 0, 0.54%, 0, 0, 11, 1543.47
1775256376, 1325, 100, 429, 0, 0, 0.54%, 0, 0, 11, 1514.28
1775256381, 1325, 169, 429, 0, 0, 0.54%, 0, 0, 11, 1485.71
1775256386, 1325, 228, 429, 0, 0, 0.54%, 0, 0, 11, 1448.25
1775256391, 1325, 331, 429, 0, 0, 0.54%, 0, 0, 11, 1456.06
1775256396, 1325, 385, 429, 0, 0, 0.54%, 0, 0, 11, 1347.69
1775256401, 1326, 79, 429, 0, 0, 0.54%, 0, 0, 11, 1508.17
1775256407, 1326, 100, 429, 0, 0, 0.54%, 0, 0, 11, 1521.08
1775256412, 1326, 159, 429, 0, 0, 0.54%, 0, 0, 11, 1364.16
1775256417, 1326, 282, 429, 0, 0, 0.54%, 0, 0, 11, 1545.64
1775256422, 1326, 342, 429, 0, 0, 0.54%, 0, 0, 11, 1363.00
1775256427, 1326, 385, 429, 0, 0, 0.54%, 0, 0, 11, 1422.07
1775256432, 1327, 73, 429, 0, 0, 0.54%, 0, 0, 11, 1401.91
1775256437, 1327, 100, 429, 0, 0, 0.54%, 0, 0, 11, 1478.68
1775256442, 1327, 155, 429, 0, 0, 0.54%, 0, 0, 11, 1468.65
1775256447, 1327, 319, 429, 0, 0, 0.54%, 0, 0, 11, 1501.96
1775256452, 1327, 371, 429, 0, 0, 0.54%, 0, 0, 11, 1383.48
1775256457, 1328, 63, 429, 0, 0, 0.54%, 0, 0, 11, 1536.51
1775256462, 1328, 106, 429, 0, 0, 0.54%, 0, 0, 11, 1606.84
1775256468, 1328, 201, 429, 0, 0, 0.54%, 0, 0, 11, 628.78
1775256473, 1328, 340, 429, 0, 0, 0.54%, 0, 0, 11, 1354.87
1775256478, 1328, 402, 429, 0, 0, 0.54%, 0, 0, 11, 1266.07
1775256483, 1329, 75, 429, 0, 0, 0.54%, 0, 0, 11, 1384.27
1775256488, 1329, 100, 429, 0, 0, 0.54%, 0, 0, 11, 1650.00
1775256493, 1329, 202, 429, 0, 0, 0.54%, 0, 0, 11, 1547.85
1775256498, 1329, 275, 429, 0, 0, 0.54%, 0, 0, 11, 1553.94
1775256503, 1329, 354, 429, 0, 0, 0.54%, 0, 0, 11, 1405.16
1775256508, 1330, 40, 429, 0, 0, 0.54%, 0, 0, 11, 1462.48
1775256514, 1330, 68, 429, 0, 0, 0.54%, 0, 0, 11, 1458.58
1775256519, 1330, 91, 429, 0, 0, 0.54%, 0, 0, 11, 1380.68
1775256524, 1330, 137, 429, 0, 0, 0.54%, 0, 0, 11, 1414.01
1775256529, 1330, 188, 429, 0, 0, 0.54%, 0, 0, 11, 1457.84
1775256534, 1330, 250, 429, 0, 0, 0.54%, 0, 0, 11, 1544.11
1775256539, 1330, 334, 429, 0, 0, 0.54%, 0, 0, 11, 1560.49
1775256544, 1330, 385, 429, 0, 0, 0.54%, 0, 0, 11, 1386.58
1775256549, 1331, 63, 429, 0, 0, 0.54%, 0, 0, 11, 1458.77
1775256554, 1331, 86, 429, 0, 0, 0.54%, 0, 0, 11, 1513.36
1775256560, 1331, 196, 429, 0, 0, 0.54%, 0, 0, 11, 1591.32
1775256565, 1331, 354, 429, 0, 0, 0.54%, 0, 0, 11, 1474.18
1775256570, 1332, 21, 429, 0, 0, 0.54%, 0, 0, 11, 806.62
1775256575, 1332, 91, 429, 0, 0, 0.54%, 0, 0, 11, 1393.10
1775256580, 1332, 177, 429, 0, 0, 0.54%, 0, 0, 11, 1438.78
1775256585, 1332, 267, 429, 0, 0, 0.54%, 0, 0, 11, 1311.47
1775256590, 1332, 325, 429, 0, 0, 0.54%, 0, 0, 11, 1391.84
1775256595, 1332, 357, 429, 0, 0, 0.54%, 0, 0, 11, 1450.14
1775256600, 1333, 20, 429, 0, 0, 0.54%, 0, 0, 11, 1336.29
1775256605, 1333, 86, 429, 0, 0, 0.54%, 0, 0, 11, 402.50
1775256611, 1333, 147, 429, 0, 0, 0.54%, 0, 0, 11, 1273.78
1775256616, 1333, 227, 429, 0, 0, 0.54%, 0, 0, 11, 1385.75
1775256621, 1333, 332, 429, 0, 0, 0.54%, 0, 0, 11, 1345.91
1775256626, 1333, 406, 429, 0, 0, 0.54%, 0, 0, 11, 1296.01
1775256631, 1334, 80, 429, 0, 0, 0.54%, 0, 0, 11, 1419.62
1775256636, 1334, 117, 429, 0, 0, 0.54%, 0, 0, 11, 1517.17
1775256641, 1334, 190, 429, 0, 0, 0.54%, 0, 0, 11, 1486.77
1775256646, 1334, 259, 429, 0, 0, 0.54%, 0, 0, 11, 1545.41
1775256652, 1334, 357, 429, 0, 0, 0.54%, 0, 0, 11, 1349.72
1775256657, 1335, 63, 429, 0, 0, 0.54%, 0, 0, 11, 1404.85
1775256662, 1335, 94, 429, 0, 0, 0.54%, 0, 0, 11, 1484.81
1775256667, 1335, 223, 429, 0, 0, 0.54%, 0, 0, 11, 1497.98
1775256672, 1335, 274, 429, 0, 0, 0.54%, 0, 0, 11, 1502.64
1775256677, 1335, 320, 429, 0, 0, 0.54%, 0, 0, 11, 1520.05
1775256682, 1335, 371, 429, 0, 0, 0.54%, 0, 0, 11, 1423.01
1775256687, 1336, 47, 429, 0, 0, 0.54%, 0, 0, 11, 1447.75
1775256692, 1336, 92, 429, 0, 0, 0.54%, 0, 0, 11, 1539.16
1775256698, 1336, 147, 429, 0, 0, 0.54%, 0, 0, 11, 1502.22
1775256703, 1336, 234, 429, 0, 0, 0.54%, 0, 0, 11, 1500.58
1775256708, 1336, 349, 429, 0, 0, 0.54%, 0, 0, 11, 1502.15
1775256713, 1337, 29, 429, 0, 0, 0.54%, 0, 0, 11, 1286.58
1775256718, 1337, 91, 429, 0, 0, 0.54%, 0, 0, 11, 1454.79
1775256723, 1337, 184, 429, 0, 0, 0.54%, 0, 0, 11, 1469.62
1775256728, 1337, 325, 429, 0, 0, 0.54%, 0, 0, 11, 1521.43
1775256733, 1337, 372, 429, 0, 0, 0.54%, 0, 0, 11, 1411.89
1775256738, 1338, 31, 429, 0, 0, 0.54%, 0, 0, 11, 1661.43
1775256743, 1338, 79, 429, 0, 0, 0.54%, 0, 0, 11, 1607.26
1775256749, 1338, 111, 429, 0, 0, 0.54%, 0, 0, 11, 1517.05
1775256754, 1338, 197, 429, 0, 0, 0.54%, 0, 0, 11, 1506.25
1775256759, 1338, 325, 429, 0, 0, 0.54%, 0, 0, 11, 1396.03
1775256764, 1338, 371, 429, 0, 0, 0.54%, 0, 0, 11, 1305.48
1775256769, 1339, 20, 429, 0, 0, 0.54%, 0, 0, 11, 1123.23
1775256774, 1339, 86, 429, 0, 0, 0.54%, 0, 0, 11, 1440.23
1775256779, 1339, 134, 429, 0, 0, 0.54%, 0, 0, 11, 1505.77
1775256784, 1339, 196, 429, 0, 0, 0.54%, 0, 0, 11, 1535.35
1775256789, 1339, 272, 429, 0, 0, 0.54%, 0, 0, 11, 1546.48
1775256794, 1339, 371, 429, 0, 0, 0.54%, 0, 0, 11, 1413.62
1775256799, 1340, 57, 429, 0, 0, 0.54%, 0, 0, 11, 1464.84
1775256805, 1340, 91, 429, 0, 0, 0.54%, 0, 0, 11, 1402.54
1775256810, 1340, 117, 429, 0, 0, 0.54%, 0, 0, 11, 1458.91
1775256815, 1340, 196, 429, 0, 0, 0.54%, 0, 0, 11, 1411.50
1775256820, 1340, 325, 429, 0, 0, 0.54%, 0, 0, 11, 1482.23
1775256825, 1340, 389, 429, 0, 0, 0.54%, 0, 0, 11, 1383.13
1775256830, 1341, 63, 429, 0, 0, 0.54%, 0, 0, 11, 1301.49
1775256835, 1341, 111, 429, 0, 0, 0.54%, 0, 0, 11, 1443.02
1775256840, 1341, 200, 429, 0, 0, 0.54%, 0, 0, 11, 1419.60
1775256845, 1341, 282, 429, 0, 0, 0.54%, 0, 0, 11, 1481.96
1775256850, 1341, 354, 429, 0, 0, 0.54%, 0, 0, 11, 1551.79
1775256855, 1341, 402, 429, 0, 0, 0.54%, 0, 0, 11, 1196.20
1775256861, 1342, 63, 429, 0, 0, 0.54%, 0, 0, 11, 1345.55
1775256866, 1342, 89, 429, 0, 0, 0.54%, 0, 0, 11, 1490.90
1775256871, 1342, 112, 429, 0, 0, 0.54%, 0, 0, 11, 1501.02
1775256876, 1342, 235, 429, 0, 0, 0.54%, 0, 0, 11, 1315.02
1775256881, 1342, 303, 429, 0, 0, 0.54%, 0, 0, 11, 1405.49
1775256886, 1342, 385, 429, 0, 0, 0.54%, 0, 0, 11, 1330.21
1775256891, 1343, 24, 429, 0, 0, 0.54%, 0, 0, 11, 1358.35
1775256896, 1343, 80, 429, 0, 0, 0.54%, 0, 0, 11, 1562.48
1775256901, 1343, 147, 429, 0, 0, 0.54%, 0, 0, 11, 1464.42
1775256906, 1343, 232, 429, 0, 0, 0.54%, 0, 0, 11, 1441.63
1775256911, 1343, 354, 429, 0, 0, 0.54%, 0, 0, 11, 1392.96
1775256916, 1343, 410, 429, 0, 0, 0.54%, 0, 0, 11, 1259.00
1775256922, 1344, 22, 429, 0, 0, 0.54%, 0, 0, 11, 1150.35
1775256927, 1344, 80, 429, 0, 0, 0.54%, 0, 0, 11, 1503.94
1775256932, 1344, 147, 429, 0, 0, 0.54%, 0, 0, 11, 1403.94
1775256937, 1344, 212, 429, 0, 0, 0.54%, 0, 0, 11, 1446.79
1775256942, 1344, 354, 429, 0, 0, 0.54%, 0, 0, 11, 1478.95
1775256947, 1344, 405, 429, 0, 0, 0.54%, 0, 0, 11, 1234.10
1775256952, 1345, 79, 429, 0, 0, 0.54%, 0, 0, 11, 1472.62
1775256957, 1345, 109, 429, 0, 0, 0.54%, 0, 0, 11, 1451.87
1775256962, 1345, 155, 429, 0, 0, 0.54%, 0, 0, 11, 1442.47
1775256967, 1345, 289, 429, 0, 0, 0.54%, 0, 0, 11, 1496.71
1775256972, 1345, 326, 429, 0, 0, 0.54%, 0, 0, 11, 1248.06
1775256977, 1345, 390, 429, 0, 0, 0.54%, 0, 0, 11, 1170.83
1775256983, 1346, 80, 429, 0, 0, 0.54%, 0, 0, 11, 1394.66
1775256988, 1346, 112, 429, 0, 0, 0.54%, 0, 0, 11, 1380.15
1775256993, 1346, 147, 429, 0, 0, 0.54%, 0, 0, 11, 1437.17
1775256998, 1346, 196, 429, 0, 0, 0.54%, 0, 0, 11, 1386.02
1775257003, 1346, 334, 429, 0, 0, 0.54%, 0, 0, 11, 1371.62
1775257008, 1346, 371, 429, 0, 0, 0.54%, 0, 0, 11, 1342.61
1775257013, 1347, 29, 429, 0, 0, 0.54%, 0, 0, 11, 945.37
1775257018, 1347, 79, 429, 0, 0, 0.54%, 0, 0, 11, 1435.72
1775257023, 1347, 111, 429, 0, 0, 0.54%, 0, 0, 11, 1546.01
1775257028, 1347, 217, 429, 0, 0, 0.54%, 0, 0, 11, 1487.06
1775257033, 1347, 310, 429, 0, 0, 0.54%, 0, 0, 11, 1346.08
1775257038, 1347, 371, 429, 0, 0, 0.54%, 0, 0, 11, 1444.35
1775257044, 1348, 63, 429, 0, 0, 0.54%, 0, 0, 11, 992.15
1775257049, 1348, 87, 429, 0, 0, 0.54%, 0, 0, 11, 1416.12
1775257054, 1348, 137, 429, 0, 0, 0.54%, 0, 0, 11, 1488.74
1775257059, 1348, 183, 429, 0, 0, 0.54%, 0, 0, 11, 1500.80
1775257064, 1348, 280, 429, 0, 0, 0.54%, 0, 0, 11, 1527.46
1775257069, 1348, 349, 429, 0, 0, 0.54%, 0, 0, 11, 1429.37
1775257074, 1349, 0, 429, 0, 0, 0.54%, 0, 0, 11, 1310.24
1775257079, 1349, 86, 429, 0, 0, 0.54%, 0, 0, 11, 1455.57
1775257084, 1349, 111, 429, 0, 0, 0.54%, 0, 0, 11, 1448.55
1775257089, 1349, 183, 429, 0, 0, 0.54%, 0, 0, 11, 1508.63
1775257094, 1349, 289, 429, 0, 0, 0.54%, 0, 0, 11, 1419.08
1775257100, 1349, 357, 429, 0, 0, 0.54%, 0, 0, 11, 1432.92
1775257105, 1350, 8, 429, 0, 0, 0.54%, 0, 0, 11, 1087.16
1775257110, 1350, 80, 429, 0, 0, 0.54%, 0, 0, 11, 1379.97
1775257115, 1350, 147, 429, 0, 0, 0.54%, 0, 0, 11, 1453.05
1775257120, 1350, 196, 429, 0, 0, 0.54%, 0, 0, 11, 1595.48
1775257125, 1350, 325, 429, 0, 0, 0.54%, 0, 0, 11, 1503.81
1775257130, 1350, 371, 429, 0, 0, 0.54%, 0, 0, 11, 1376.42
1775257135, 1351, 15, 429, 0, 0, 0.54%, 0, 0, 11, 1274.89
1775257140, 1351, 79, 429, 0, 0, 0.54%, 0, 0, 11, 1456.95
1775257145, 1351, 102, 429, 0, 0, 0.54%, 0, 0, 11, 1477.99
1775257151, 1351, 186, 429, 0, 0, 0.54%, 0, 0, 11, 1576.91
1775257156, 1351, 232, 429, 0, 0, 0.54%, 0, 0, 11, 1425.59
1775257161, 1351, 282, 429, 0, 0, 0.54%, 0, 0, 11, 1451.39
1775257166, 1351, 349, 429, 0, 0, 0.54%, 0, 0, 11, 1446.00
1775257171, 1351, 416, 429, 0, 0, 0.54%, 0, 0, 11, 1302.46
1775257176, 1352, 91, 429, 0, 0, 0.54%, 0, 0, 11, 1451.80
1775257181, 1352, 196, 429, 0, 0, 0.54%, 0, 0, 11, 1521.06
1775257186, 1352, 385, 429, 0, 0, 0.54%, 0, 0, 11, 1457.22
1775257191, 1353, 86, 429, 0, 0, 0.54%, 0, 0, 11, 1541.43
1775257196, 1353, 131, 429, 0, 0, 0.54%, 0, 0, 11, 1702.51
1775257201, 1353, 272, 429, 0, 0, 0.54%, 0, 0, 11, 1547.81
1775257206, 1353, 371, 429, 0, 0, 0.54%, 0, 0, 11, 1424.64
1775257211, 1354, 19, 429, 0, 0, 0.54%, 0, 0, 11, 842.33
1775257217, 1354, 65, 429, 0, 0, 0.54%, 0, 0, 11, 1478.96
1775257222, 1354, 111, 429, 0, 0, 0.54%, 0, 0, 11, 1524.03
1775257227, 1354, 196, 429, 0, 0, 0.54%, 0, 0, 11, 1464.51
1775257232, 1354, 323, 429, 0, 0, 0.54%, 0, 0, 11, 1473.07
1775257237, 1354, 385, 429, 0, 0, 0.54%, 0, 0, 11, 1352.29
1775257242, 1355, 80, 429, 0, 0, 0.54%, 0, 0, 11, 1482.49
1775257247, 1355, 147, 429, 0, 0, 0.54%, 0, 0, 11, 1554.80
1775257252, 1355, 222, 429, 0, 0, 0.54%, 0, 0, 11, 1398.34
1775257257, 1355, 354, 429, 0, 0, 0.54%, 0, 0, 11, 1396.97
1775257262, 1356, 30, 429, 0, 0, 0.54%, 0, 0, 11, 1345.61
1775257267, 1356, 79, 429, 0, 0, 0.54%, 0, 0, 11, 1512.04
1775257272, 1356, 111, 429, 0, 0, 0.54%, 0, 0, 11, 1546.88
1775257277, 1356, 275, 429, 0, 0, 0.54%, 0, 0, 11, 1516.63
1775257282, 1356, 329, 429, 0, 0, 0.54%, 0, 0, 11, 1519.67
1775257287, 1356, 385, 429, 0, 0, 0.54%, 0, 0, 11, 1373.57
1775257293, 1357, 63, 429, 0, 0, 0.54%, 0, 0, 11, 1492.15
1775257298, 1357, 100, 429, 0, 0, 0.54%, 0, 0, 11, 1476.30
1775257303, 1357, 174, 429, 0, 0, 0.54%, 0, 0, 11, 288.99
1775257308, 1357, 205, 429, 0, 0, 0.54%, 0, 0, 11, 1594.70
1775257313, 1357, 297, 429, 0, 0, 0.54%, 0, 0, 11, 1524.96
1775257318, 1357, 354, 429, 0, 0, 0.54%, 0, 0, 11, 1447.95
1775257323, 1357, 405, 429, 0, 0, 0.54%, 0, 0, 11, 1275.34
1775257328, 1358, 75, 429, 0, 0, 0.54%, 0, 0, 11, 1476.27
1775257333, 1358, 104, 429, 0, 0, 0.54%, 0, 0, 11, 1483.30
1775257338, 1358, 158, 429, 0, 0, 0.54%, 0, 0, 11, 1521.83
1775257343, 1358, 213, 429, 0, 0, 0.54%, 0, 0, 11, 1456.34
1775257349, 1358, 296, 429, 0, 0, 0.54%, 0, 0, 11, 1436.09
1775257354, 1358, 357, 429, 0, 0, 0.54%, 0, 0, 11, 1367.46
1775257359, 1359, 17, 429, 0, 0, 0.54%, 0, 0, 11, 1449.57
1775257364, 1359, 79, 429, 0, 0, 0.54%, 0, 0, 11, 1670.00
1775257369, 1359, 105, 429, 0, 0, 0.54%, 0, 0, 11, 1565.66
1775257374, 1359, 180, 429, 0, 0, 0.54%, 0, 0, 11, 1530.71
1775257379, 1359, 285, 429, 0, 0, 0.54%, 0, 0, 11, 1457.85
1775257384, 1359, 331, 429, 0, 0, 0.54%, 0, 0, 11, 1465.21
1775257389, 1359, 405, 429, 0, 0, 0.54%, 0, 0, 11, 1288.81
1775257394, 1360, 79, 429, 0, 0, 0.54%, 0, 0, 11, 1455.10
1775257400, 1360, 104, 429, 0, 0, 0.54%, 0, 0, 11, 1449.90
1775257405, 1360, 208, 429, 0, 0, 0.54%, 0, 0, 11, 1359.40
1775257410, 1360, 295, 429, 0, 0, 0.54%, 0, 0, 11, 1363.90
1775257415, 1360, 354, 429, 0, 0, 0.54%, 0, 0, 11, 1356.90
1775257420, 1360, 410, 429, 0, 0, 0.54%, 0, 0, 11, 1152.18
1775257425, 1361, 75, 429, 0, 0, 0.54%, 0, 0, 11, 1508.70
1775257430, 1361, 111, 429, 0, 0, 0.54%, 0, 0, 11, 1517.19
1775257435, 1361, 183, 429, 0, 0, 0.54%, 0, 0, 11, 1533.83
1775257440, 1361, 235, 429, 0, 0, 0.54%, 0, 0, 11, 1522.19
1775257445, 1361, 373, 429, 0, 0, 0.54%, 0, 0, 11, 1354.93
1775257450, 1361, 416, 429, 0, 0, 0.54%, 0, 0, 11, 1211.28
1775257456, 1362, 79, 429, 0, 0, 0.54%, 0, 0, 11, 1488.23
1775257461, 1362, 106, 429, 0, 0, 0.54%, 0, 0, 11, 1425.66
1775257466, 1362, 243, 429, 0, 0, 0.54%, 0, 0, 11, 1496.49
1775257471, 1362, 344, 429, 0, 0, 0.54%, 0, 0, 11, 1333.37
1775257476, 1362, 385, 429, 0, 0, 0.54%, 0, 0, 11, 1312.80
1775257481, 1363, 38, 429, 0, 0, 0.54%, 0, 0, 11, 1374.01
1775257486, 1363, 86, 429, 0, 0, 0.54%, 0, 0, 11, 1525.51
1775257491, 1363, 127, 429, 0, 0, 0.54%, 0, 0, 11, 1523.05
1775257496, 1363, 180, 429, 0, 0, 0.54%, 0, 0, 11, 1423.83
1775257501, 1363, 285, 429, 0, 0, 0.54%, 0, 0, 11, 504.10
1775257507, 1363, 371, 429, 0, 0, 0.54%, 0, 0, 11, 1275.50
1775257512, 1364, 55, 429, 0, 0, 0.54%, 0, 0, 11, 1422.43
1775257517, 1364, 95, 429, 0, 0, 0.54%, 0, 0, 11, 1423.47
1775257522, 1364, 196, 429, 0, 0, 0.54%, 0, 0, 11, 1489.20
1775257527, 1364, 315, 429, 0, 0, 0.54%, 0, 0, 11, 1428.15
1775257532, 1364, 385, 429, 0, 0, 0.54%, 0, 0, 11, 1375.23
1775257537, 1365, 63, 429, 0, 0, 0.54%, 0, 0, 11, 1440.23
1775257542, 1365, 100, 429, 0, 0, 0.54%, 0, 0, 11, 1491.57
1775257547, 1365, 147, 429, 0, 0, 0.54%, 0, 0, 11, 1532.00
1775257552, 1365, 202, 429, 0, 0, 0.54%, 0, 0, 11, 1099.76
1775257557, 1365, 310, 429, 0, 0, 0.54%, 0, 0, 11, 1367.33
1775257563, 1365, 357, 429, 0, 0, 0.54%, 0, 0, 11, 1446.19
1775257568, 1365, 407, 429, 0, 0, 0.54%, 0, 0, 11, 1114.74
1775257573, 1366, 73, 429, 0, 0, 0.54%, 0, 0, 11, 640.12
1775257578, 1366, 91, 429, 0, 0, 0.54%, 0, 0, 11, 1298.90
1775257583, 1366, 147, 429, 0, 0, 0.54%, 0, 0, 11, 1470.46
1775257588, 1366, 273, 429, 0, 0, 0.54%, 0, 0, 11, 1530.04
1775257593, 1366, 292, 429, 0, 0, 0.54%, 0, 0, 11, 1368.82
1775257598, 1366, 371, 429, 0, 0, 0.54%, 0, 0, 11, 1393.04
1775257603, 1366, 424, 429, 0, 0, 0.54%, 0, 0, 11, 1260.91
1775257608, 1367, 79, 429, 0, 0, 0.54%, 0, 0, 11, 1382.27
1775257613, 1367, 91, 429, 0, 0, 0.54%, 0, 0, 11, 1457.27
1775257619, 1367, 160, 429, 0, 0, 0.54%, 0, 0, 11, 1699.91
1775257624, 1367, 244, 429, 0, 0, 0.54%, 0, 0, 11, 1544.30
1775257629, 1367, 357, 429, 0, 0, 0.54%, 0, 0, 11, 1473.77
1775257634, 1367, 427, 429, 0, 0, 0.54%, 0, 0, 11, 1108.71
1775257639, 1368, 63, 429, 0, 0, 0.54%, 0, 0, 11, 1570.18
1775257644, 1368, 100, 429, 0, 0, 0.54%, 0, 0, 11, 1562.37
1775257649, 1368, 180, 429, 0, 0, 0.54%, 0, 0, 11, 1424.12
1775257654, 1368, 233, 429, 0, 0, 0.54%, 0, 0, 11, 1532.56
1775257659, 1368, 349, 429, 0, 0, 0.54%, 0, 0, 11, 1470.72
1775257664, 1369, 3, 429, 0, 0, 0.54%, 0, 0, 11, 1431.61
1775257669, 1369, 66, 429, 0, 0, 0.54%, 0, 0, 11, 1595.57
1775257675, 1369, 99, 429, 0, 0, 0.54%, 0, 0, 11, 1541.42
1775257680, 1369, 186, 429, 0, 0, 0.54%, 0, 0, 11, 1564.71
1775257685, 1369, 229, 429, 0, 0, 0.54%, 0, 0, 11, 1297.86
1775257690, 1369, 316, 429, 0, 0, 0.54%, 0, 0, 11, 1423.85
1775257695, 1369, 368, 429, 0, 0, 0.54%, 0, 0, 11, 1291.56
1775257700, 1370, 26, 429, 0, 0, 0.54%, 0, 0, 11, 1376.94
1775257705, 1370, 86, 429, 0, 0, 0.54%, 0, 0, 11, 1506.45
1775257710, 1370, 134, 429, 0, 0, 0.54%, 0, 0, 11, 1440.86
1775257716, 1370, 251, 429, 0, 0, 0.54%, 0, 0, 11, 1544.33
1775257721, 1370, 325, 429, 0, 0, 0.54%, 0, 0, 11, 1612.82
1775257726, 1370, 385, 429, 0, 0, 0.54%, 0, 0, 11, 1349.99
1775257731, 1371, 11, 429, 0, 0, 0.54%, 0, 0, 11, 1378.77
1775257736, 1371, 72, 429, 0, 0, 0.54%, 0, 0, 11, 1466.09
1775257741, 1371, 107, 429, 0, 0, 0.54%, 0, 0, 11, 1570.99
1775257746, 1371, 147, 429, 0, 0, 0.54%, 0, 0, 11, 1480.53
1775257751, 1371, 224, 429, 0, 0, 0.54%, 0, 0, 11, 1415.69
1775257756, 1371, 291, 429, 0, 0, 0.54%, 0, 0, 11, 1559.03
1775257761, 1371, 354, 429, 0, 0, 0.54%, 0, 0, 11, 1335.67
1775257767, 1372, 1, 429, 0, 0, 0.54%, 0, 0, 11, 1171.81
1775257772, 1372, 63, 429, 0, 0, 0.54%, 0, 0, 11, 1462.54
1775257777, 1372, 100, 429, 0, 0, 0.54%, 0, 0, 11, 1468.21
1775257782, 1372, 179, 429, 0, 0, 0.54%, 0, 0, 11, 1502.15
1775257787, 1372, 289, 429, 0, 0, 0.54%, 0, 0, 11, 1425.39
1775257792, 1372, 354, 429, 0, 0, 0.54%, 0, 0, 11, 1340.40
1775257797, 1373, 35, 429, 0, 0, 0.54%, 0, 0, 11, 1331.31
1775257802, 1373, 92, 429, 0, 0, 0.54%, 0, 0, 11, 1494.51
1775257807, 1373, 146, 429, 0, 0, 0.54%, 0, 0, 11, 1373.03
1775257812, 1373, 189, 429, 0, 0, 0.54%, 0, 0, 11, 1509.67
1775257818, 1373, 263, 429, 0, 0, 0.54%, 0, 0, 11, 1499.77
1775257823, 1373, 357, 429, 0, 0, 0.54%, 0, 0, 11, 1355.00
1775257828, 1374, 22, 429, 0, 0, 0.54%, 0, 0, 11, 1370.56
1775257833, 1374, 75, 429, 0, 0, 0.54%, 0, 0, 11, 1529.21
1775257838, 1374, 89, 429, 0, 0, 0.54%, 0, 0, 11, 1419.10
1775257843, 1374, 147, 429, 0, 0, 0.54%, 0, 0, 11, 1510.08
1775257848, 1374, 203, 429, 0, 0, 0.54%, 0, 0, 11, 1529.64
1775257853, 1374, 285, 429, 0, 0, 0.54%, 0, 0, 11, 1347.56
1775257858, 1374, 362, 429, 0, 0, 0.54%, 0, 0, 11, 1298.70
1775257863, 1375, 9, 429, 0, 0, 0.54%, 0, 0, 11, 1187.71
1775257868, 1375, 68, 429, 0, 0, 0.54%, 0, 0, 11, 1518.33
1775257874, 1375, 100, 429, 0, 0, 0.54%, 0, 0, 11, 1542.69
1775257879, 1375, 184, 429, 0, 0, 0.54%, 0, 0, 11, 1559.96
1775257884, 1375, 306, 429, 0, 0, 0.54%, 0, 0, 11, 1497.49
1775257889, 1375, 362, 429, 0, 0, 0.54%, 0, 0, 11, 1494.34
1775257894, 1376, 16, 429, 0, 0, 0.54%, 0, 0, 11, 1242.66
1775257899, 1376, 80, 429, 0, 0, 0.54%, 0, 0, 11, 1519.31
1775257904, 1376, 145, 429, 0, 0, 0.54%, 0, 0, 11, 1421.66
1775257909, 1376, 323, 429, 0, 0, 0.54%, 0, 0, 11, 1563.68
1775257914, 1376, 385, 429, 0, 0, 0.54%, 0, 0, 11, 1460.37
1775257919, 1377, 80, 429, 0, 0, 0.54%, 0, 0, 11, 1571.70
1775257924, 1377, 120, 429, 0, 0, 0.54%, 0, 0, 11, 1446.41
1775257929, 1377, 291, 429, 0, 0, 0.54%, 0, 0, 11, 1515.99
1775257934, 1377, 385, 429, 0, 0, 0.54%, 0, 0, 11, 1425.38
1775257939, 1378, 80, 429, 0, 0, 0.54%, 0, 0, 11, 1529.22
1775257944, 1378, 136, 429, 0, 0, 0.54%, 0, 0, 11, 1480.45
1775257950, 1378, 200, 429, 0, 0, 0.54%, 0, 0, 11, 1538.19
1775257955, 1378, 325, 429, 0, 0, 0.54%, 0, 0, 11, 1569.35
1775257960, 1378, 428, 429, 0, 0, 0.54%, 0, 0, 11, 1379.28
1775257965, 1379, 63, 429, 0, 0, 0.54%, 0, 0, 11, 1484.64
1775257970, 1379, 100, 429, 0, 0, 0.54%, 0, 0, 11, 1587.88
1775257975, 1379, 147, 429, 0, 0, 0.54%, 0, 0, 11, 1418.00
1775257980, 1379, 235, 429, 0, 0, 0.54%, 0, 0, 11, 1460.01
1775257985, 1379, 325, 429, 0, 0, 0.54%, 0, 0, 11, 1466.82
1775257990, 1379, 385, 429, 0, 0, 0.54%, 0, 0, 11, 1373.32
1775257996, 1380, 63, 429, 0, 0, 0.54%, 0, 0, 11, 1486.24
1775258001, 1380, 91, 429, 0, 0, 0.54%, 0, 0, 11, 1518.78
1775258006, 1380, 154, 429, 0, 0, 0.54%, 0, 0, 11, 1577.18
1775258011, 1380, 249, 429, 0, 0, 0.54%, 0, 0, 11, 1429.27
1775258016, 1380, 354, 429, 0, 0, 0.54%, 0, 0, 11, 1319.87
1775258021, 1381, 67, 429, 0, 0, 0.54%, 0, 0, 11, 1530.06
1775258026, 1381, 104, 429, 0, 0, 0.54%, 0, 0, 11, 1516.00
1775258032, 1381, 200, 429, 0, 0, 0.54%, 0, 0, 11, 1479.81
1775258037, 1381, 240, 429, 0, 0, 0.54%, 0, 0, 11, 1409.59
1775258042, 1381, 349, 429, 0, 0, 0.54%, 0, 0, 11, 1550.12
1775258047, 1382, 18, 429, 0, 0, 0.54%, 0, 0, 11, 1132.40
1775258052, 1382, 63, 429, 0, 0, 0.54%, 0, 0, 11, 1347.91
1775258057, 1382, 81, 429, 0, 0, 0.54%, 0, 0, 11, 1466.83
1775258062, 1382, 111, 429, 0, 0, 0.54%, 0, 0, 11, 1524.64
1775258067, 1382, 183, 429, 0, 0, 0.54%, 0, 0, 11, 1511.86
1775258072, 1382, 325, 429, 0, 0, 0.54%, 0, 0, 11, 1557.33
1775258077, 1382, 385, 429, 0, 0, 0.54%, 0, 0, 11, 1414.48
1775258082, 1383, 52, 429, 0, 0, 0.54%, 0, 0, 11, 1411.11
1775258087, 1383, 80, 429, 0, 0, 0.54%, 0, 0, 11, 1505.66
1775258092, 1383, 147, 429, 0, 0, 0.54%, 0, 0, 11, 1533.89
1775258097, 1383, 226, 429, 0, 0, 0.54%, 0, 0, 11, 1422.39
1775258103, 1383, 371, 429, 0, 0, 0.54%, 0, 0, 11, 1356.84
1775258108, 1384, 47, 429, 0, 0, 0.54%, 0, 0, 11, 1346.38
1775258113, 1384, 86, 429, 0, 0, 0.54%, 0, 0, 11, 1490.12
1775258118, 1384, 147, 429, 0, 0, 0.54%, 0, 0, 11, 1530.06
1775258123, 1384, 183, 429, 0, 0, 0.54%, 0, 0, 11, 1426.02
1775258128, 1384, 248, 429, 0, 0, 0.54%, 0, 0, 11, 1313.30
1775258133, 1384, 325, 429, 0, 0, 0.54%, 0, 0, 11, 1468.92
1775258138, 1384, 385, 429, 0, 0, 0.54%, 0, 0, 11, 1265.79
1775258143, 1385, 17, 429, 0, 0, 0.54%, 0, 0, 11, 1245.48
1775258148, 1385, 86, 429, 0, 0, 0.54%, 0, 0, 11, 1464.69
1775258153, 1385, 120, 429, 0, 0, 0.54%, 0, 0, 11, 1533.68
1775258158, 1385, 229, 429, 0, 0, 0.54%, 0, 0, 11, 1491.84
1775258164, 1385, 287, 429, 0, 0, 0.54%, 0, 0, 11, 1342.33
1775258169, 1385, 357, 429, 0, 0, 0.54%, 0, 0, 11, 1375.88
1775258174, 1386, 21, 429, 0, 0, 0.54%, 0, 0, 11, 1098.41
1775258179, 1386, 91, 429, 0, 0, 0.54%, 0, 0, 11, 1330.61
1775258184, 1386, 141, 429, 0, 0, 0.54%, 0, 0, 11, 1481.28
1775258189, 1386, 232, 429, 0, 0, 0.54%, 0, 0, 11, 1440.21
1775258194, 1386, 349, 429, 0, 0, 0.54%, 0, 0, 11, 1392.43
1775258199, 1386, 389, 429, 0, 0, 0.54%, 0, 0, 11, 1260.60
1775258204, 1387, 80, 429, 0, 0, 0.54%, 0, 0, 11, 1533.10
1775258209, 1387, 110, 429, 0, 0, 0.54%, 0, 0, 11, 1593.35
1775258215, 1387, 190, 429, 0, 0, 0.54%, 0, 0, 11, 1492.73
1775258220, 1387, 298, 429, 0, 0, 0.54%, 0, 0, 11, 1523.00
1775258225, 1387, 366, 429, 0, 0, 0.54%, 0, 0, 11, 1358.68
1775258230, 1388, 18, 429, 0, 0, 0.54%, 0, 0, 11, 1277.79
1775258235, 1388, 80, 429, 0, 0, 0.54%, 0, 0, 11, 1436.92
1775258240, 1388, 123, 429, 0, 0, 0.54%, 0, 0, 11, 1507.10
1775258245, 1388, 187, 429, 0, 0, 0.54%, 0, 0, 11, 1430.75
1775258250, 1388, 242, 429, 0, 0, 0.54%, 0, 0, 11, 1423.62
1775258255, 1388, 385, 429, 0, 0, 0.54%, 0, 0, 11, 1341.78
1775258260, 1389, 79, 429, 0, 0, 0.54%, 0, 0, 11, 1506.36
1775258265, 1389, 124, 429, 0, 0, 0.54%, 0, 0, 11, 1518.59
1775258270, 1389, 219, 429, 0, 0, 0.54%, 0, 0, 11, 1475.81
1775258275, 1389, 334, 429, 0, 0, 0.54%, 0, 0, 11, 1480.00
1775258281, 1390, 0, 429, 0, 0, 0.54%, 0, 0, 11, 1421.66
1775258286, 1390, 79, 429, 0, 0, 0.54%, 0, 0, 11, 1541.50
1775258291, 1390, 100, 429, 0, 0, 0.54%, 0, 0, 11, 1508.47
1775258296, 1390, 161, 429, 0, 0, 0.54%, 0, 0, 11, 1404.67
1775258301, 1390, 289, 429, 0, 0, 0.54%, 0, 0, 11, 1486.83
1775258306, 1390, 349, 429, 0, 0, 0.54%, 0, 0, 11, 1288.37
1775258311, 1391, 22, 429, 0, 0, 0.54%, 0, 0, 11, 1443.50
1775258316, 1391, 79, 429, 0, 0, 0.54%, 0, 0, 11, 1504.87
1775258321, 1391, 106, 429, 0, 0, 0.54%, 0, 0, 11, 1552.46
1775258326, 1391, 147, 429, 0, 0, 0.54%, 0, 0, 11, 1444.24
1775258331, 1391, 282, 429, 0, 0, 0.54%, 0, 0, 11, 1450.64
1775258336, 1391, 354, 429, 0, 0, 0.54%, 0, 0, 11, 1482.76
1775258341, 1392, 63, 429, 0, 0, 0.54%, 0, 0, 11, 1354.28
1775258347, 1392, 100, 429, 0, 0, 0.54%, 0, 0, 11, 1489.20
1775258352, 1392, 175, 429, 0, 0, 0.54%, 0, 0, 11, 1396.21
1775258357, 1392, 196, 429, 0, 0, 0.54%, 0, 0, 11, 1346.48
1775258362, 1392, 354, 429, 0, 0, 0.54%, 0, 0, 11, 1288.91
1775258367, 1393, 22, 429, 0, 0, 0.54%, 0, 0, 11, 1355.21
1775258372, 1393, 86, 429, 0, 0, 0.54%, 0, 0, 11, 1473.28
1775258377, 1393, 127, 429, 0, 0, 0.54%, 0, 0, 11, 1482.59
1775258382, 1393, 196, 429, 0, 0, 0.54%, 0, 0, 11, 1409.55
1775258387, 1393, 276, 429, 0, 0, 0.54%, 0, 0, 11, 1457.18
1775258393, 1393, 335, 429, 0, 0, 0.54%, 0, 0, 11, 1424.34
1775258398, 1393, 385, 429, 0, 0, 0.54%, 0, 0, 11, 1220.64
1775258403, 1394, 80, 429, 0, 0, 0.54%, 0, 0, 11, 1487.03
1775258408, 1394, 125, 429, 0, 0, 0.54%, 0, 0, 11, 1456.33
1775258413, 1394, 268, 429, 0, 0, 0.54%, 0, 0, 11, 1384.17
1775258418, 1394, 354, 429, 0, 0, 0.54%, 0, 0, 11, 1428.99
1775258423, 1394, 391, 429, 0, 0, 0.54%, 0, 0, 11, 1239.84
1775258428, 1395, 43, 429, 0, 0, 0.54%, 0, 0, 11, 1460.41
1775258433, 1395, 86, 429, 0, 0, 0.54%, 0, 0, 11, 1522.73
1775258438, 1395, 111, 429, 0, 0, 0.54%, 0, 0, 11, 1386.74
1775258443, 1395, 157, 429, 0, 0, 0.54%, 0, 0, 11, 1543.82
1775258448, 1395, 296, 429, 0, 0, 0.54%, 0, 0, 11, 1495.83
1775258453, 1395, 378, 429, 0, 0, 0.54%, 0, 0, 11, 1419.52
1775258458, 1395, 419, 429, 0, 0, 0.54%, 0, 0, 11, 1039.95
1775258463, 1396, 80, 429, 0, 0, 0.54%, 0, 0, 11, 1525.25
1775258469, 1396, 120, 429, 0, 0, 0.54%, 0, 0, 11, 1452.39
1775258474, 1396, 184, 429, 0, 0, 0.54%, 0, 0, 11, 1471.68
1775258479, 1396, 231, 429, 0, 0, 0.54%, 0, 0, 11, 1383.66
1775258484, 1396, 283, 429, 0, 0, 0.54%, 0, 0, 11, 1483.76
1775258489, 1396, 349, 429, 0, 0, 0.54%, 0, 0, 11, 1470.50
1775258494, 1396, 409, 429, 0, 0, 0.54%, 0, 0, 11, 1239.23
1775258499, 1397, 34, 429, 0, 0, 0.54%, 0, 0, 11, 1538.10
1775258504, 1397, 59, 429, 0, 0, 0.54%, 0, 0, 11, 1560.22
1775258509, 1397, 86, 429, 0, 0, 0.54%, 0, 0, 11, 1590.31
1775258514, 1397, 111, 429, 0, 0, 0.54%, 0, 0, 11, 1548.46
1775258519, 1397, 158, 429, 0, 0, 0.54%, 0, 0, 11, 1518.90
1775258524, 1397, 271, 429, 0, 0, 0.54%, 0, 0, 11, 1516.76
1775258530, 1397, 325, 429, 0, 0, 0.54%, 0, 0, 11, 1557.81
1775258535, 1397, 424, 429, 0, 0, 0.54%, 0, 0, 11, 1424.72
1775258540, 1398, 39, 429, 0, 0, 0.54%, 0, 0, 11, 1591.23
1775258545, 1398, 91, 429, 0, 0, 0.54%, 0, 0, 11, 1590.67
1775258550, 1398, 147, 429, 0, 0, 0.54%, 0, 0, 11, 1577.20
1775258555, 1398, 244, 429, 0, 0, 0.54%, 0, 0, 11, 1545.47
1775258560, 1398, 354, 429, 0, 0, 0.54%, 0, 0, 11, 1457.84
1775258565, 1398, 387, 429, 0, 0, 0.54%, 0, 0, 11, 1333.10
1775258570, 1399, 31, 429, 0, 0, 0.54%, 0, 0, 11, 1446.18
1775258575, 1399, 79, 429, 0, 0, 0.54%, 0, 0, 11, 1422.29
1775258580, 1399, 100, 429, 0, 0, 0.54%, 0, 0, 11, 1384.37
1775258585, 1399, 187, 429, 0, 0, 0.54%, 0, 0, 11, 1410.52
1775258591, 1399, 249, 429, 0, 0, 0.54%, 0, 0, 11, 1378.88
1775258596, 1399, 363, 429, 0, 0, 0.54%, 0, 0, 11, 1605.73
1775258601, 1399, 424, 429, 0, 0, 0.54%, 0, 0, 11, 1351.86
1775258606, 1400, 86, 429, 0, 0, 0.54%, 0, 0, 11, 1576.33
1775258611, 1400, 166, 429, 0, 0, 0.54%, 0, 0, 11, 1529.39
1775258616, 1400, 349, 429, 0, 0, 0.54%, 0, 0, 11, 1521.26
1775258621, 1400, 424, 429, 0, 0, 0.54%, 0, 0, 11, 1573.55
1775258626, 1401, 71, 429, 0, 0, 0.54%, 0, 0, 11, 1482.86
1775258631, 1401, 86, 429, 0, 0, 0.54%, 0, 0, 11, 1354.23
1775258636, 1401, 147, 429, 0, 0, 0.54%, 0, 0, 11, 1471.62
1775258641, 1401, 236, 429, 0, 0, 0.54%, 0, 0, 11, 1395.20
1775258646, 1401, 354, 429, 0, 0, 0.54%, 0, 0, 11, 1321.48
1775258652, 1402, 22, 429, 0, 0, 0.54%, 0, 0, 11, 1382.54
1775258657, 1402, 80, 429, 0, 0, 0.54%, 0, 0, 11, 1405.27
1775258662, 1402, 111, 429, 0, 0, 0.54%, 0, 0, 11, 1581.80
1775258667, 1402, 180, 429, 0, 0, 0.54%, 0, 0, 11, 1496.29
1775258672, 1402, 253, 429, 0, 0, 0.54%, 0, 0, 11, 1436.15
1775258677, 1402, 349, 429, 0, 0, 0.54%, 0, 0, 11, 1403.44
1775258682, 1402, 399, 429, 0, 0, 0.54%, 0, 0, 11, 1215.67
1775258687, 1403, 86, 429, 0, 0, 0.54%, 0, 0, 11, 1372.36
1775258692, 1403, 112, 429, 0, 0, 0.54%, 0, 0, 11, 1446.80
1775258698, 1403, 175, 429, 0, 0, 0.54%, 0, 0, 11, 1395.08
1775258703, 1403, 290, 429, 0, 0, 0.54%, 0, 0, 11, 1370.39
1775258708, 1403, 349, 429, 0, 0, 0.54%, 0, 0, 11, 1434.07
1775258713, 1404, 9, 429, 0, 0, 0.54%, 0, 0, 11, 1319.31
1775258718, 1404, 79, 429, 0, 0, 0.54%, 0, 0, 11, 1475.52
1775258723, 1404, 110, 429, 0, 0, 0.54%, 0, 0, 11, 1550.61
1775258728, 1404, 194, 429, 0, 0, 0.54%, 0, 0, 11, 1544.23
1775258734, 1404, 287, 429, 0, 0, 0.54%, 0, 0, 11, 1424.34
1775258739, 1404, 349, 429, 0, 0, 0.54%, 0, 0, 11, 1362.17
1775258744, 1404, 391, 429, 0, 0, 0.54%, 0, 0, 11, 1303.66
1775258749, 1405, 48, 429, 0, 0, 0.54%, 0, 0, 11, 1518.02
1775258754, 1405, 104, 429, 0, 0, 0.54%, 0, 0, 11, 1646.60
1775258759, 1405, 280, 429, 0, 0, 0.54%, 0, 0, 11, 1599.52
1775258764, 1405, 354, 429, 0, 0, 0.54%, 0, 0, 11, 1429.25
1775258769, 1405, 418, 429, 0, 0, 0.54%, 0, 0, 11, 1145.91
1775258774, 1406, 79, 429, 0, 0, 0.54%, 0, 0, 11, 1541.16
1775258780, 1406, 116, 429, 0, 0, 0.54%, 0, 0, 11, 1489.91
1775258785, 1406, 183, 429, 0, 0, 0.54%, 0, 0, 11, 1442.21
1775258790, 1406, 234, 429, 0, 0, 0.54%, 0, 0, 11, 1424.23
1775258795, 1406, 315, 429, 0, 0, 0.54%, 0, 0, 11, 1368.77
1775258800, 1406, 385, 429, 0, 0, 0.54%, 0, 0, 11, 1367.61
1775258805, 1407, 63, 429, 0, 0, 0.54%, 0, 0, 11, 1342.71
1775258810, 1407, 111, 429, 0, 0, 0.54%, 0, 0, 11, 1426.62
1775258815, 1407, 180, 429, 0, 0, 0.54%, 0, 0, 11, 1426.24
1775258820, 1407, 325, 429, 0, 0, 0.54%, 0, 0, 11, 1455.94
1775258825, 1407, 404, 429, 0, 0, 0.54%, 0, 0, 11, 1366.49
1775258830, 1408, 37, 429, 0, 0, 0.54%, 0, 0, 11, 1447.93
1775258836, 1408, 79, 429, 0, 0, 0.54%, 0, 0, 11, 1499.60
1775258841, 1408, 111, 429, 0, 0, 0.54%, 0, 0, 11, 1402.81
1775258846, 1408, 196, 429, 0, 0, 0.54%, 0, 0, 11, 1412.88
1775258851, 1408, 311, 429, 0, 0, 0.54%, 0, 0, 11, 1572.69
1775258856, 1408, 385, 429, 0, 0, 0.54%, 0, 0, 11, 1464.88
1775258861, 1409, 40, 429, 0, 0, 0.54%, 0, 0, 11, 1559.90
1775258866, 1409, 86, 429, 0, 0, 0.54%, 0, 0, 11, 1413.41
1775258871, 1409, 159, 429, 0, 0, 0.54%, 0, 0, 11, 1447.84
1775258876, 1409, 259, 429, 0, 0, 0.54%, 0, 0, 11, 1239.74
1775258881, 1409, 357, 429, 0, 0, 0.54%, 0, 0, 11, 1412.94
1775258887, 1410, 23, 429, 0, 0, 0.54%, 0, 0, 11, 1407.76
1775258892, 1410, 80, 429, 0, 0, 0.54%, 0, 0, 11, 1468.68
1775258897, 1410, 131, 429, 0, 0, 0.54%, 0, 0, 11, 1438.94
1775258902, 1410, 243, 429, 0, 0, 0.54%, 0, 0, 11, 1465.57
1775258907, 1410, 354, 429, 0, 0, 0.54%, 0, 0, 11, 1408.85
1775258912, 1411, 10, 429, 0, 0, 0.54%, 0, 0, 11, 1483.91
1775258917, 1411, 63, 429, 0, 0, 0.54%, 0, 0, 11, 1491.47
1775258922, 1411, 91, 429, 0, 0, 0.54%, 0, 0, 11, 1516.24
1775258927, 1411, 151, 429, 0, 0, 0.54%, 0, 0, 11, 1216.05
1775258932, 1411, 354, 429, 0, 0, 0.54%, 0, 0, 11, 1435.28
1775258937, 1411, 416, 429, 0, 0, 0.54%, 0, 0, 11, 1397.79
1775258942, 1412, 79, 429, 0, 0, 0.54%, 0, 0, 11, 1548.85
1775258948, 1412, 105, 429, 0, 0, 0.54%, 0, 0, 11, 1463.68
1775258953, 1412, 164, 429, 0, 0, 0.54%, 0, 0, 11, 1534.92
1775258958, 1412, 250, 429, 0, 0, 0.54%, 0, 0, 11, 1462.64
1775258963, 1412, 349, 429, 0, 0, 0.54%, 0, 0, 11, 1510.48
1775258968, 1413, 1, 429, 0, 0, 0.54%, 0, 0, 11, 1452.44
1775258973, 1413, 80, 429, 0, 0, 0.54%, 0, 0, 11, 1564.42
1775258978, 1413, 147, 429, 0, 0, 0.54%, 0, 0, 11, 1467.39
1775258983, 1413, 233, 429, 0, 0, 0.54%, 0, 0, 11, 1490.91
1775258988, 1413, 299, 429, 0, 0, 0.54%, 0, 0, 11, 1391.50
1775258993, 1413, 357, 429, 0, 0, 0.54%, 0, 0, 11, 1307.67
1775258999, 1414, 29, 429, 0, 0, 0.54%, 0, 0, 11, 1393.30
1775259004, 1414, 80, 429, 0, 0, 0.54%, 0, 0, 11, 1473.23
1775259009, 1414, 111, 429, 0, 0, 0.54%, 0, 0, 11, 1543.91
1775259014, 1414, 213, 429, 0, 0, 0.54%, 0, 0, 11, 1392.63
1775259019, 1414, 349, 429, 0, 0, 0.54%, 0, 0, 11, 1438.95
1775259024, 1414, 416, 429, 0, 0, 0.54%, 0, 0, 11, 1284.42
1775259029, 1415, 49, 429, 0, 0, 0.54%, 0, 0, 11, 1379.21
1775259034, 1415, 83, 429, 0, 0, 0.54%, 0, 0, 11, 1500.16
1775259039, 1415, 129, 429, 0, 0, 0.54%, 0, 0, 11, 1496.44
1775259044, 1415, 219, 429, 0, 0, 0.54%, 0, 0, 11, 1556.17
1775259050, 1415, 349, 429, 0, 0, 0.54%, 0, 0, 11, 1466.07
1775259055, 1415, 388, 429, 0, 0, 0.54%, 0, 0, 11, 1279.42
1775259060, 1416, 63, 429, 0, 0, 0.54%, 0, 0, 11, 1346.26
1775259065, 1416, 85, 429, 0, 0, 0.54%, 0, 0, 11, 1476.69
1775259070, 1416, 135, 429, 0, 0, 0.54%, 0, 0, 11, 1444.98
1775259075, 1416, 205, 429, 0, 0, 0.54%, 0, 0, 11, 1369.60
1775259080, 1416, 319, 429, 0, 0, 0.54%, 0, 0, 11, 1437.89
1775259085, 1416, 371, 429, 0, 0, 0.54%, 0, 0, 11, 1427.31
1775259090, 1417, 42, 429, 0, 0, 0.54%, 0, 0, 11, 1413.85
1775259095, 1417, 85, 429, 0, 0, 0.54%, 0, 0, 11, 1491.12
1775259100, 1417, 126, 429, 0, 0, 0.54%, 0, 0, 11, 1473.66
1775259106, 1417, 301, 429, 0, 0, 0.54%, 0, 0, 11, 1579.44
1775259111, 1417, 354, 429, 0, 0, 0.54%, 0, 0, 11, 1478.60
1775259116, 1417, 423, 429, 0, 0, 0.54%, 0, 0, 11, 1257.79
1775259121, 1418, 40, 429, 0, 0, 0.54%, 0, 0, 11, 1507.07
1775259126, 1418, 79, 429, 0, 0, 0.54%, 0, 0, 11, 1498.30
1775259131, 1418, 111, 429, 0, 0, 0.54%, 0, 0, 11, 1470.96
1775259136, 1418, 240, 429, 0, 0, 0.54%, 0, 0, 11, 1496.10
1775259141, 1418, 298, 429, 0, 0, 0.54%, 0, 0, 11, 1512.04
1775259146, 1418, 357, 429, 0, 0, 0.54%, 0, 0, 11, 1430.92
1775259152, 1418, 416, 429, 0, 0, 0.54%, 0, 0, 11, 1206.84
1775259157, 1419, 79, 429, 0, 0, 0.54%, 0, 0, 11, 1482.69
1775259162, 1419, 111, 429, 0, 0, 0.54%, 0, 0, 11, 1527.04
1775259167, 1419, 217, 429, 0, 0, 0.54%, 0, 0, 11, 1455.23
1775259172, 1419, 283, 429, 0, 0, 0.54%, 0, 0, 11, 1458.68
1775259177, 1419, 357, 429, 0, 0, 0.54%, 0, 0, 11, 1376.78
1775259182, 1419, 417, 429, 0, 0, 0.54%, 0, 0, 11, 1259.14
1775259187, 1420, 77, 429, 0, 0, 0.54%, 0, 0, 11, 1522.29
1775259192, 1420, 103, 429, 0, 0, 0.54%, 0, 0, 11, 1549.79
1775259197, 1420, 147, 429, 0, 0, 0.54%, 0, 0, 11, 1518.77
1775259202, 1420, 196, 429, 0, 0, 0.54%, 0, 0, 11, 637.66
1775259207, 1420, 277, 429, 0, 0, 0.54%, 0, 0, 11, 1233.73
1775259213, 1420, 385, 429, 0, 0, 0.54%, 0, 0, 11, 1350.40
1775259218, 1421, 24, 429, 0, 0, 0.54%, 0, 0, 11, 1353.44
1775259223, 1421, 79, 429, 0, 0, 0.54%, 0, 0, 11, 1427.25
1775259228, 1421, 94, 429, 0, 0, 0.54%, 0, 0, 11, 1533.12
1775259233, 1421, 142, 429, 0, 0, 0.54%, 0, 0, 11, 1478.51
1775259238, 1421, 183, 429, 0, 0, 0.54%, 0, 0, 11, 1518.63
1775259243, 1421, 248, 429, 0, 0, 0.54%, 0, 0, 11, 1570.20
1775259248, 1421, 375, 429, 0, 0, 0.54%, 0, 0, 11, 1454.60
1775259254, 1422, 50, 429, 0, 0, 0.54%, 0, 0, 11, 1366.66
1775259259, 1422, 86, 429, 0, 0, 0.54%, 0, 0, 11, 1532.33
1775259264, 1422, 147, 429, 0, 0, 0.54%, 0, 0, 11, 1522.73
1775259269, 1422, 223, 429, 0, 0, 0.54%, 0, 0, 11, 1463.48
1775259274, 1422, 275, 429, 0, 0, 0.54%, 0, 0, 11, 1571.50
1775259279, 1422, 330, 429, 0, 0, 0.54%, 0, 0, 11, 1494.24
1775259284, 1422, 382, 429, 0, 0, 0.54%, 0, 0, 11, 1369.60
1775259289, 1423, 46, 429, 0, 0, 0.54%, 0, 0, 11, 1528.27
1775259294, 1423, 100, 429, 0, 0, 0.54%, 0, 0, 11, 1583.91
1775259299, 1423, 168, 429, 0, 0, 0.54%, 0, 0, 11, 1553.01
1775259304, 1423, 254, 429, 0, 0, 0.54%, 0, 0, 11, 1584.77
1775259309, 1423, 349, 429, 0, 0, 0.54%, 0, 0, 11, 1490.01
1775259315, 1424, 4, 429, 0, 0, 0.54%, 0, 0, 11, 1458.20
1775259320, 1424, 79, 429, 0, 0, 0.54%, 0, 0, 11, 1577.83
1775259325, 1424, 100, 429, 0, 0, 0.54%, 0, 0, 11, 1572.65
1775259330, 1424, 147, 429, 0, 0, 0.54%, 0, 0, 11, 1471.80
1775259335, 1424, 255, 429, 0, 0, 0.54%, 0, 0, 11, 1564.86
1775259340, 1424, 357, 429, 0, 0, 0.54%, 0, 0, 11, 1434.89
1775259345, 1424, 424, 429, 0, 0, 0.54%, 0, 0, 11, 1377.96
1775259350, 1425, 63, 429, 0, 0, 0.54%, 0, 0, 11, 1548.13
1775259355, 1425, 98, 429, 0, 0, 0.54%, 0, 0, 11, 1521.98
1775259360, 1425, 196, 429, 0, 0, 0.54%, 0, 0, 11, 1376.46
1775259366, 1425, 351, 429, 0, 0, 0.54%, 0, 0, 11, 1501.97
1775259371, 1425, 423, 429, 0, 0, 0.54%, 0, 0, 11, 1336.94
1775259376, 1426, 80, 429, 0, 0, 0.54%, 0, 0, 11, 1531.10
1775259381, 1426, 118, 429, 0, 0, 0.54%, 0, 0, 11, 1477.54
1775259386, 1426, 233, 429, 0, 0, 0.54%, 0, 0, 11, 1426.14
1775259391, 1426, 354, 429, 0, 0, 0.54%, 0, 0, 11, 1445.46
1775259396, 1426, 425, 429, 0, 0, 0.54%, 0, 0, 11, 1192.23
1775259401, 1427, 86, 429, 0, 0, 0.54%, 0, 0, 11, 1402.66
1775259406, 1427, 147, 429, 0, 0, 0.54%, 0, 0, 11, 1411.16
1775259412, 1427, 190, 429, 0, 0, 0.54%, 0, 0, 11, 1412.45
1775259417, 1427, 249, 429, 0, 0, 0.54%, 0, 0, 11, 1422.79
1775259422, 1427, 354, 429, 0, 0, 0.54%, 0, 0, 11, 1438.87
1775259427, 1428, 30, 429, 0, 0, 0.54%, 0, 0, 11, 1406.92
1775259432, 1428, 100, 429, 0, 0, 0.54%, 0, 0, 11, 1431.41
1775259437, 1428, 196, 429, 0, 0, 0.54%, 0, 0, 11, 1465.37
1775259442, 1428, 264, 429, 0, 0, 0.54%, 0, 0, 11, 1407.64
1775259447, 1428, 357, 429, 0, 0, 0.54%, 0, 0, 11, 1336.30
1775259452, 1428, 427, 429, 0, 0, 0.54%, 0, 0, 11, 1357.17
1775259457, 1429, 79, 429, 0, 0, 0.54%, 0, 0, 11, 1439.72
1775259462, 1429, 142, 429, 0, 0, 0.54%, 0, 0, 11, 1598.13
1775259467, 1429, 185, 429, 0, 0, 0.54%, 0, 0, 11, 1472.54
1775259473, 1429, 257, 429, 0, 0, 0.54%, 0, 0, 11, 708.63
1775259478, 1429, 354, 429, 0, 0, 0.54%, 0, 0, 11, 1270.47
1775259483, 1429, 400, 429, 0, 0, 0.54%, 0, 0, 11, 1139.67
1775259488, 1430, 80, 429, 0, 0, 0.54%, 0, 0, 11, 1525.23
1775259493, 1430, 147, 429, 0, 0, 0.54%, 0, 0, 11, 1561.52
1775259498, 1430, 217, 429, 0, 0, 0.54%, 0, 0, 11, 1165.69
1775259503, 1430, 340, 429, 0, 0, 0.54%, 0, 0, 11, 1385.71
1775259508, 1430, 385, 429, 0, 0, 0.54%, 0, 0, 11, 1354.01
1775259513, 1431, 34, 429, 0, 0, 0.54%, 0, 0, 11, 1281.90
1775259518, 1431, 79, 429, 0, 0, 0.54%, 0, 0, 11, 1406.05
1775259523, 1431, 106, 429, 0, 0, 0.54%, 0, 0, 11, 1404.85
1775259528, 1431, 241, 429, 0, 0, 0.54%, 0, 0, 11, 1539.19
1775259534, 1431, 347, 429, 0, 0, 0.54%, 0, 0, 11, 1403.48
1775259539, 1431, 418, 429, 0, 0, 0.54%, 0, 0, 11, 1243.61
1775259544, 1432, 66, 429, 0, 0, 0.54%, 0, 0, 11, 1428.07
1775259549, 1432, 91, 429, 0, 0, 0.54%, 0, 0, 11, 1508.12
1775259554, 1432, 184, 429, 0, 0, 0.54%, 0, 0, 11, 1400.05
1775259559, 1432, 202, 429, 0, 0, 0.54%, 0, 0, 11, 1432.29
1775259564, 1432, 254, 429, 0, 0, 0.54%, 0, 0, 11, 1418.41
1775259569, 1432, 368, 429, 0, 0, 0.54%, 0, 0, 11, 1404.00
1775259574, 1433, 34, 429, 0, 0, 0.54%, 0, 0, 11, 1335.29
1775259579, 1433, 80, 429, 0, 0, 0.54%, 0, 0, 11, 1523.87
1775259584, 1433, 124, 429, 0, 0, 0.54%, 0, 0, 11, 1576.25
1775259590, 1433, 184, 429, 0, 0, 0.54%, 0, 0, 11, 1548.77
1775259595, 1433, 287, 429, 0, 0, 0.54%, 0, 0, 11, 1460.55
1775259600, 1433, 354, 429, 0, 0, 0.54%, 0, 0, 11, 1367.09
1775259605, 1434, 15, 429, 0, 0, 0.54%, 0, 0, 11, 1198.02
1775259610, 1434, 71, 429, 0, 0, 0.54%, 0, 0, 11, 1420.78
1775259615, 1434, 100, 429, 0, 0, 0.54%, 0, 0, 11, 1509.41
1775259620, 1434, 179, 429, 0, 0, 0.54%, 0, 0, 11, 1514.64
1775259625, 1434, 335, 429, 0, 0, 0.54%, 0, 0, 11, 1478.00
1775259631, 1435, 60, 429, 0, 0, 0.54%, 0, 0, 11, 1458.43
1775259636, 1435, 79, 429, 0, 0, 0.54%, 0, 0, 11, 1509.55
1775259641, 1435, 109, 429, 0, 0, 0.54%, 0, 0, 11, 1414.06
1775259646, 1435, 172, 429, 0, 0, 0.54%, 0, 0, 11, 1480.68
1775259651, 1435, 288, 429, 0, 0, 0.54%, 0, 0, 11, 1400.01
1775259656, 1435, 357, 429, 0, 0, 0.54%, 0, 0, 11, 1267.90
1775259661, 1436, 27, 429, 0, 0, 0.54%, 0, 0, 11, 1366.98
1775259666, 1436, 87, 429, 0, 0, 0.54%, 0, 0, 11, 1449.12
1775259671, 1436, 147, 429, 0, 0, 0.54%, 0, 0, 11, 1528.98
1775259676, 1436, 240, 429, 0, 0, 0.54%, 0, 0, 11, 1490.99
1775259681, 1436, 349, 429, 0, 0, 0.54%, 0, 0, 11, 1476.42
1775259686, 1436, 409, 429, 0, 0, 0.54%, 0, 0, 11, 1213.13
1775259691, 1437, 80, 429, 0, 0, 0.54%, 0, 0, 11, 1416.41
1775259697, 1437, 111, 429, 0, 0, 0.54%, 0, 0, 11, 1436.80
1775259702, 1437, 192, 429, 0, 0, 0.54%, 0, 0, 11, 1506.26
1775259707, 1437, 240, 429, 0, 0, 0.54%, 0, 0, 11, 1458.44
1775259712, 1437, 325, 429, 0, 0, 0.54%, 0, 0, 11, 1378.62
1775259717, 1437, 385, 429, 0, 0, 0.54%, 0, 0, 11, 1321.42
1775259722, 1438, 16, 429, 0, 0, 0.54%, 0, 0, 11, 1364.38
1775259727, 1438, 80, 429, 0, 0, 0.54%, 0, 0, 11, 1532.94
1775259732, 1438, 111, 429, 0, 0, 0.54%, 0, 0, 11, 1526.91
1775259738, 1438, 196, 429, 0, 0, 0.54%, 0, 0, 11, 1551.03
1775259743, 1438, 262, 429, 0, 0, 0.54%, 0, 0, 11, 1398.36
1775259748, 1438, 357, 429, 0, 0, 0.54%, 0, 0, 11, 1371.06
1775259753, 1439, 27, 429, 0, 0, 0.54%, 0, 0, 11, 236.16
1775259758, 1439, 79, 429, 0, 0, 0.54%, 0, 0, 11, 1473.34
1775259763, 1439, 105, 429, 0, 0, 0.54%, 0, 0, 11, 1461.01
1775259768, 1439, 286, 429, 0, 0, 0.54%, 0, 0, 11, 1518.05
1775259773, 1439, 354, 429, 0, 0, 0.54%, 0, 0, 11, 1316.82
1775259778, 1440, 22, 429, 0, 0, 0.54%, 0, 0, 11, 1422.27
1775259783, 1440, 86, 429, 0, 0, 0.54%, 0, 0, 11, 1493.21
1775259789, 1440, 147, 429, 0, 0, 0.54%, 0, 0, 11, 1475.50
1775259794, 1440, 185, 429, 0, 0, 0.54%, 0, 0, 11, 1303.77
1775259799, 1440, 257, 429, 0, 0, 0.54%, 0, 0, 11, 1382.15
1775259804, 1440, 349, 429, 0, 0, 0.54%, 0, 0, 11, 1393.41
1775259809, 1440, 424, 429, 0, 0, 0.54%, 0, 0, 11, 1385.03
1775259814, 1441, 50, 429, 0, 0, 0.54%, 0, 0, 11, 1443.09
1775259819, 1441, 86, 429, 0, 0, 0.54%, 0, 0, 11, 1569.95
1775259824, 1441, 131, 429, 0, 0, 0.54%, 0, 0, 11, 1482.27
1775259829, 1441, 186, 429, 0, 0, 0.54%, 0, 0, 11, 1486.23
1775259834, 1441, 274, 429, 0, 0, 0.54%, 0, 0, 11, 1482.39
1775259839, 1441, 371, 429, 0, 0, 0.54%, 0, 0, 11, 1357.73
1775259844, 1442, 79, 429, 0, 0, 0.54%, 0, 0, 11, 1503.49
1775259850, 1442, 111, 429, 0, 0, 0.54%, 0, 0, 11, 1507.70
1775259855, 1442, 193, 429, 0, 0, 0.54%, 0, 0, 11, 1536.53
1775259860, 1442, 265, 429, 0, 0, 0.54%, 0, 0, 11, 1476.32
1775259865, 1442, 357, 429, 0, 0, 0.54%, 0, 0, 11, 1452.02
1775259870, 1443, 7, 429, 0, 0, 0.54%, 0, 0, 11, 1295.22
1775259875, 1443, 63, 429, 0, 0, 0.54%, 0, 0, 11, 1442.39
1775259880, 1443, 111, 429, 0, 0, 0.54%, 0, 0, 11, 1568.54
1775259885, 1443, 165, 429, 0, 0, 0.54%, 0, 0, 11, 1561.21
1775259890, 1443, 196, 429, 0, 0, 0.54%, 0, 0, 11, 1404.89
1775259896, 1443, 279, 429, 0, 0, 0.54%, 0, 0, 11, 1403.85
1775259901, 1443, 324, 429, 0, 0, 0.54%, 0, 0, 11, 1511.15
1775259906, 1443, 365, 429, 0, 0, 0.54%, 0, 0, 11, 1556.66
1775259911, 1444, 37, 429, 0, 0, 0.54%, 0, 0, 11, 1594.94
1775259916, 1444, 80, 429, 0, 0, 0.54%, 0, 0, 11, 1643.11
1775259921, 1444, 111, 429, 0, 0, 0.54%, 0, 0, 11, 1547.03
1775259926, 1444, 183, 429, 0, 0, 0.54%, 0, 0, 11, 1304.49
1775259931, 1444, 196, 429, 0, 0, 0.54%, 0, 0, 11, 1470.27
1775259936, 1444, 290, 429, 0, 0, 0.54%, 0, 0, 11, 1471.17
1775259942, 1444, 357, 429, 0, 0, 0.54%, 0, 0, 11, 1445.87
1775259947, 1445, 63, 429, 0, 0, 0.54%, 0, 0, 11, 1525.93
1775259952, 1445, 100, 429, 0, 0, 0.54%, 0, 0, 11, 1497.83
1775259957, 1445, 176, 429, 0, 0, 0.54%, 0, 0, 11, 1414.05
1775259962, 1445, 264, 429, 0, 0, 0.54%, 0, 0, 11, 1367.28
1775259967, 1445, 378, 429, 0, 0, 0.54%, 0, 0, 11, 1441.65
1775259972, 1446, 63, 429, 0, 0, 0.54%, 0, 0, 11, 1396.49
1775259977, 1446, 93, 429, 0, 0, 0.54%, 0, 0, 11, 1445.96
1775259982, 1446, 159, 429, 0, 0, 0.54%, 0, 0, 11, 1446.09
1775259988, 1446, 210, 429, 0, 0, 0.54%, 0, 0, 11, 1424.70
1775259993, 1446, 346, 429, 0, 0, 0.54%, 0, 0, 11, 1382.40
1775259998, 1446, 371, 429, 0, 0, 0.54%, 0, 0, 11, 1354.80
1775260003, 1446, 406, 429, 0, 0, 0.54%, 0, 0, 11, 1032.64
1775260008, 1447, 63, 429, 0, 0, 0.54%, 0, 0, 11, 1358.66
1775260013, 1447, 111, 429, 0, 0, 0.54%, 0, 0, 11, 1500.18
1775260018, 1447, 247, 429, 0, 0, 0.54%, 0, 0, 11, 805.63
1775260023, 1447, 312, 429, 0, 0, 0.54%, 0, 0, 11, 1288.86
1775260028, 1447, 385, 429, 0, 0, 0.54%, 0, 0, 11, 1355.49
1775260033, 1448, 80, 429, 0, 0, 0.54%, 0, 0, 11, 1408.19
1775260038, 1448, 137, 429, 0, 0, 0.54%, 0, 0, 11, 1454.39
1775260043, 1448, 196, 429, 0, 0, 0.54%, 0, 0, 11, 1464.69
1775260048, 1448, 320, 429, 0, 0, 0.54%, 0, 0, 11, 964.71
1775260053, 1448, 385, 429, 0, 0, 0.54%, 0, 0, 11, 1288.18
1775260059, 1449, 79, 429, 0, 0, 0.54%, 0, 0, 11, 1408.15
1775260064, 1449, 128, 429, 0, 0, 0.54%, 0, 0, 11, 1495.03
1775260069, 1449, 217, 429, 0, 0, 0.54%, 0, 0, 11, 1444.36
1775260074, 1449, 349, 429, 0, 0, 0.54%, 0, 0, 11, 1438.21
1775260079, 1449, 416, 429, 0, 0, 0.54%, 0, 0, 11, 1351.50
1775260084, 1450, 79, 429, 0, 0, 0.54%, 0, 0, 11, 1518.64
1775260089, 1450, 111, 429, 0, 0, 0.54%, 0, 0, 11, 1412.45
1775260094, 1450, 224, 429, 0, 0, 0.54%, 0, 0, 11, 1556.82
1775260099, 1450, 303, 429, 0, 0, 0.54%, 0, 0, 11, 1445.41
1775260105, 1450, 355, 429, 0, 0, 0.54%, 0, 0, 11, 1273.34
1775260110, 1451, 12, 429, 0, 0, 0.54%, 0, 0, 11, 1365.34
1775260115, 1451, 82, 429, 0, 0, 0.54%, 0, 0, 11, 1460.71
1775260120, 1451, 111, 429, 0, 0, 0.54%, 0, 0, 11, 1478.55
1775260125, 1451, 187, 429, 0, 0, 0.54%, 0, 0, 11, 1384.33
1775260130, 1451, 281, 429, 0, 0, 0.54%, 0, 0, 11, 1435.74
1775260135, 1451, 365, 429, 0, 0, 0.54%, 0, 0, 11, 1389.81
1775260140, 1452, 30, 429, 0, 0, 0.54%, 0, 0, 11, 1303.63
1775260145, 1452, 91, 429, 0, 0, 0.54%, 0, 0, 11, 1596.69
1775260150, 1452, 147, 429, 0, 0, 0.54%, 0, 0, 11, 1559.55
1775260156, 1452, 279, 429, 0, 0, 0.54%, 0, 0, 11, 1410.52
1775260161, 1452, 349, 429, 0, 0, 0.54%, 0, 0, 11, 1353.74
1775260166, 1453, 5, 429, 0, 0, 0.54%, 0, 0, 11, 1299.66
1775260171, 1453, 80, 429, 0, 0, 0.54%, 0, 0, 11, 1477.91
1775260176, 1453, 142, 429, 0, 0, 0.54%, 0, 0, 11, 1433.10
1775260181, 1453, 196, 429, 0, 0, 0.54%, 0, 0, 11, 1395.17
1775260186, 1453, 325, 429, 0, 0, 0.54%, 0, 0, 11, 1408.99
1775260191, 1454, 8, 429, 0, 0, 0.54%, 0, 0, 11, 1398.28
1775260196, 1454, 86, 429, 0, 0, 0.54%, 0, 0, 11, 1467.46
1775260201, 1454, 160, 429, 0, 0, 0.54%, 0, 0, 11, 1481.05
1775260206, 1454, 271, 429, 0, 0, 0.54%, 0, 0, 11, 1480.59
1775260212, 1454, 354, 429, 0, 0, 0.54%, 0, 0, 11, 1516.07
1775260217, 1454, 391, 429, 0, 0, 0.54%, 0, 0, 11, 1246.08
1775260222, 1455, 79, 429, 0, 0, 0.54%, 0, 0, 11, 1545.20
1775260227, 1455, 100, 429, 0, 0, 0.54%, 0, 0, 11, 1477.08
1775260232, 1455, 155, 429, 0, 0, 0.54%, 0, 0, 11, 1453.36
1775260237, 1455, 325, 429, 0, 0, 0.54%, 0, 0, 11, 1495.69
1775260242, 1455, 383, 429, 0, 0, 0.54%, 0, 0, 11, 1368.12
1775260247, 1456, 2, 429, 0, 0, 0.54%, 0, 0, 11, 1294.24
1775260252, 1456, 80, 429, 0, 0, 0.54%, 0, 0, 11, 1385.30
1775260258, 1456, 111, 429, 0, 0, 0.54%, 0, 0, 11, 1338.76
1775260263, 1456, 148, 429, 0, 0, 0.54%, 0, 0, 11, 1422.63
1775260268, 1456, 306, 429, 0, 0, 0.54%, 0, 0, 11, 1472.67
1775260273, 1456, 371, 429, 0, 0, 0.54%, 0, 0, 11, 1403.83
1775260278, 1457, 63, 429, 0, 0, 0.54%, 0, 0, 11, 1416.92
1775260283, 1457, 111, 429, 0, 0, 0.54%, 0, 0, 11, 1591.81
1775260288, 1457, 169, 429, 0, 0, 0.54%, 0, 0, 11, 1473.02
1775260293, 1457, 251, 429, 0, 0, 0.54%, 0, 0, 11, 1438.43
1775260298, 1457, 328, 429, 0, 0, 0.54%, 0, 0, 11, 1425.56
1775260303, 1457, 383, 429, 0, 0, 0.54%, 0, 0, 11, 1344.74
1775260308, 1458, 22, 429, 0, 0, 0.54%, 0, 0, 11, 1233.23
1775260313, 1458, 80, 429, 0, 0, 0.54%, 0, 0, 11, 1469.64
1775260319, 1458, 121, 429, 0, 0, 0.54%, 0, 0, 11, 1475.89
1775260324, 1458, 184, 429, 0, 0, 0.54%, 0, 0, 11, 1525.16
1775260329, 1458, 256, 429, 0, 0, 0.54%, 0, 0, 11, 1386.79
1775260334, 1458, 365, 429, 0, 0, 0.54%, 0, 0, 11, 1427.79
1775260339, 1459, 71, 429, 0, 0, 0.54%, 0, 0, 11, 1527.29
1775260345, 1459, 100, 429, 0, 0, 0.54%, 0, 0, 11, 1494.80
1775260350, 1459, 161, 429, 0, 0, 0.54%, 0, 0, 11, 1419.86
1775260355, 1459, 295, 429, 0, 0, 0.54%, 0, 0, 11, 1508.65
1775260360, 1459, 357, 429, 0, 0, 0.54%, 0, 0, 11, 1403.50
1775260365, 1460, 21, 429, 0, 0, 0.54%, 0, 0, 11, 1404.64
1775260370, 1460, 84, 429, 0, 0, 0.54%, 0, 0, 11, 1483.03
1775260375, 1460, 111, 429, 0, 0, 0.54%, 0, 0, 11, 1430.02
1775260380, 1460, 196, 429, 0, 0, 0.54%, 0, 0, 11, 1441.17
1775260385, 1460, 325, 429, 0, 0, 0.54%, 0, 0, 11, 1433.30
1775260390, 1460, 384, 429, 0, 0, 0.54%, 0, 0, 11, 1342.22
1775260395, 1461, 79, 429, 0, 0, 0.54%, 0, 0, 11, 1458.22
1775260400, 1461, 105, 429, 0, 0, 0.54%, 0, 0, 11, 1493.43
1775260406, 1461, 193, 429, 0, 0, 0.54%, 0, 0, 11, 1478.08
1775260411, 1461, 233, 429, 0, 0, 0.54%, 0, 0, 11, 1494.94
1775260416, 1461, 357, 429, 0, 0, 0.54%, 0, 0, 11, 1444.37
1775260421, 1462, 9, 429, 0, 0, 0.54%, 0, 0, 11, 1181.58
1775260426, 1462, 82, 429, 0, 0, 0.54%, 0, 0, 11, 1498.63
1775260431, 1462, 108, 429, 0, 0, 0.54%, 0, 0, 11, 1522.09
1775260436, 1462, 162, 429, 0, 0, 0.54%, 0, 0, 11, 1460.63
1775260441, 1462, 249, 429, 0, 0, 0.54%, 0, 0, 11, 1370.12
1775260446, 1462, 354, 429, 0, 0, 0.54%, 0, 0, 11, 1373.65
1775260451, 1463, 1, 429, 0, 0, 0.54%, 0, 0, 11, 1292.29
1775260456, 1463, 73, 429, 0, 0, 0.54%, 0, 0, 11, 1451.47
1775260461, 1463, 106, 429, 0, 0, 0.54%, 0, 0, 11, 1546.78
1775260466, 1463, 160, 429, 0, 0, 0.54%, 0, 0, 11, 1622.24
1775260471, 1463, 203, 429, 0, 0, 0.54%, 0, 0, 11, 962.26
1775260476, 1463, 325, 429, 0, 0, 0.54%, 0, 0, 11, 1415.66
1775260482, 1463, 385, 429, 0, 0, 0.54%, 0, 0, 11, 1455.37
1775260487, 1464, 59, 429, 0, 0, 0.54%, 0, 0, 11, 1591.26
1775260492, 1464, 86, 429, 0, 0, 0.54%, 0, 0, 11, 193.55
1775260497, 1464, 147, 429, 0, 0, 0.54%, 0, 0, 11, 1398.56
1775260502, 1464, 344, 429, 0, 0, 0.54%, 0, 0, 11, 1380.52
1775260507, 1464, 415, 429, 0, 0, 0.54%, 0, 0, 11, 1263.51
1775260512, 1465, 34, 429, 0, 0, 0.54%, 0, 0, 11, 1330.94
1775260517, 1465, 91, 429, 0, 0, 0.54%, 0, 0, 11, 1570.35
1775260522, 1465, 147, 429, 0, 0, 0.54%, 0, 0, 11, 1465.20
1775260527, 1465, 196, 429, 0, 0, 0.54%, 0, 0, 11, 1349.41
1775260532, 1465, 239, 429, 0, 0, 0.54%, 0, 0, 11, 1419.88
1775260538, 1465, 357, 429, 0, 0, 0.54%, 0, 0, 11, 1424.10
1775260543, 1466, 52, 429, 0, 0, 0.54%, 0, 0, 11, 1241.64
1775260548, 1466, 89, 429, 0, 0, 0.54%, 0, 0, 11, 1452.36
1775260553, 1466, 125, 429, 0, 0, 0.54%, 0, 0, 11, 1475.23
1775260558, 1466, 296, 429, 0, 0, 0.54%, 0, 0, 11, 1501.77
1775260563, 1466, 371, 429, 0, 0, 0.54%, 0, 0, 11, 1387.38
1775260568, 1466, 428, 429, 0, 0, 0.54%, 0, 0, 11, 1355.70
1775260573, 1467, 79, 429, 0, 0, 0.54%, 0, 0, 11, 1467.92
1775260578, 1467, 111, 429, 0, 0, 0.54%, 0, 0, 11, 1363.82
1775260583, 1467, 293, 429, 0, 0, 0.54%, 0, 0, 11, 1434.65
1775260589, 1467, 357, 429, 0, 0, 0.54%, 0, 0, 11, 1347.58
1775260594, 1468, 2, 429, 0, 0, 0.54%, 0, 0, 11, 1269.18
1775260599, 1468, 63, 429, 0, 0, 0.54%, 0, 0, 11, 1485.46
1775260604, 1468, 105, 429, 0, 0, 0.54%, 0, 0, 11, 1572.69
1775260609, 1468, 175, 429, 0, 0, 0.54%, 0, 0, 11, 1384.77
1775260614, 1468, 245, 429, 0, 0, 0.54%, 0, 0, 11, 1413.80
1775260619, 1468, 325, 429, 0, 0, 0.54%, 0, 0, 11, 1402.57
1775260624, 1468, 371, 429, 0, 0, 0.54%, 0, 0, 11, 1298.20
1775260629, 1469, 63, 429, 0, 0, 0.54%, 0, 0, 11, 1462.65
1775260635, 1469, 100, 429, 0, 0, 0.54%, 0, 0, 11, 1447.55
1775260640, 1469, 196, 429, 0, 0, 0.54%, 0, 0, 11, 1407.69
1775260645, 1469, 301, 429, 0, 0, 0.54%, 0, 0, 11, 1446.95
1775260650, 1469, 385, 429, 0, 0, 0.54%, 0, 0, 11, 1286.72
1775260655, 1470, 79, 429, 0, 0, 0.54%, 0, 0, 11, 1407.35
1775260660, 1470, 110, 429, 0, 0, 0.54%, 0, 0, 11, 1460.46
1775260665, 1470, 196, 429, 0, 0, 0.54%, 0, 0, 11, 1453.51
1775260670, 1470, 354, 429, 0, 0, 0.54%, 0, 0, 11, 1297.90
1775260675, 1470, 424, 429, 0, 0, 0.54%, 0, 0, 11, 1395.80
1775260680, 1471, 40, 429, 0, 0, 0.54%, 0, 0, 11, 1533.14
1775260685, 1471, 80, 429, 0, 0, 0.54%, 0, 0, 11, 1563.80
1775260690, 1471, 111, 429, 0, 0, 0.54%, 0, 0, 11, 1499.74
1775260696, 1471, 148, 429, 0, 0, 0.54%, 0, 0, 11, 1354.38
1775260701, 1471, 183, 429, 0, 0, 0.54%, 0, 0, 11, 1439.92
1775260706, 1471, 239, 429, 0, 0, 0.54%, 0, 0, 11, 471.75
1775260711, 1471, 324, 429, 0, 0, 0.54%, 0, 0, 11, 1355.29
1775260716, 1471, 371, 429, 0, 0, 0.54%, 0, 0, 11, 1347.50
1775260721, 1472, 63, 429, 0, 0, 0.54%, 0, 0, 11, 1424.33
1775260726, 1472, 91, 429, 0, 0, 0.54%, 0, 0, 11, 1400.60
1775260731, 1472, 159, 429, 0, 0, 0.54%, 0, 0, 11, 1447.12
1775260737, 1472, 259, 429, 0, 0, 0.54%, 0, 0, 11, 1397.68
1775260742, 1472, 339, 429, 0, 0, 0.54%, 0, 0, 11, 1418.91
1775260747, 1473, 21, 429, 0, 0, 0.54%, 0, 0, 11, 1385.17
1775260752, 1473, 80, 429, 0, 0, 0.54%, 0, 0, 11, 1354.77
1775260757, 1473, 112, 429, 0, 0, 0.54%, 0, 0, 11, 1385.59
1775260762, 1473, 196, 429, 0, 0, 0.54%, 0, 0, 11, 1386.45
1775260767, 1473, 298, 429, 0, 0, 0.54%, 0, 0, 11, 1508.10
1775260772, 1473, 354, 429, 0, 0, 0.54%, 0, 0, 11, 1421.63
1775260777, 1474, 55, 429, 0, 0, 0.54%, 0, 0, 11, 1738.85
1775260782, 1474, 91, 429, 0, 0, 0.54%, 0, 0, 11, 1601.38
1775260788, 1474, 187, 429, 0, 0, 0.54%, 0, 0, 11, 1598.05
1775260793, 1474, 273, 429, 0, 0, 0.54%, 0, 0, 11, 1486.82
1775260798, 1474, 349, 429, 0, 0, 0.54%, 0, 0, 11, 1369.58
1775260803, 1474, 410, 429, 0, 0, 0.54%, 0, 0, 11, 1237.07
1775260808, 1475, 38, 429, 0, 0, 0.54%, 0, 0, 11, 1401.57
1775260813, 1475, 86, 429, 0, 0, 0.54%, 0, 0, 11, 1447.32
1775260818, 1475, 124, 429, 0, 0, 0.54%, 0, 0, 11, 1506.65
1775260823, 1475, 248, 429, 0, 0, 0.54%, 0, 0, 11, 1448.21
1775260828, 1475, 325, 429, 0, 0, 0.54%, 0, 0, 11, 1311.97
1775260833, 1475, 385, 429, 0, 0, 0.54%, 0, 0, 11, 1363.55
1775260838, 1476, 80, 429, 0, 0, 0.54%, 0, 0, 11, 1440.36
1775260843, 1476, 168, 429, 0, 0, 0.54%, 0, 0, 11, 1504.94
1775260848, 1476, 211, 429, 0, 0, 0.54%, 0, 0, 11, 1527.11
1775260853, 1476, 349, 429, 0, 0, 0.54%, 0, 0, 11, 1450.74
1775260859, 1476, 398, 429, 0, 0, 0.54%, 0, 0, 11, 1322.99
1775260864, 1477, 68, 429, 0, 0, 0.54%, 0, 0, 11, 1561.40
1775260869, 1477, 93, 429, 0, 0, 0.54%, 0, 0, 11, 1561.94
1775260874, 1477, 147, 429, 0, 0, 0.54%, 0, 0, 11, 1504.89
1775260879, 1477, 208, 429, 0, 0, 0.54%, 0, 0, 11, 1357.11
1775260884, 1477, 349, 429, 0, 0, 0.54%, 0, 0, 11, 1467.76
1775260889, 1478, 44, 429, 0, 0, 0.54%, 0, 0, 11, 1453.50
1775260894, 1478, 91, 429, 0, 0, 0.54%, 0, 0, 11, 1482.69
1775260899, 1478, 147, 429, 0, 0, 0.54%, 0, 0, 11, 1458.67
1775260904, 1478, 325, 429, 0, 0, 0.54%, 0, 0, 11, 1419.12
1775260910, 1478, 385, 429, 0, 0, 0.54%, 0, 0, 11, 1301.75
1775260915, 1479, 59, 429, 0, 0, 0.54%, 0, 0, 11, 1374.63
1775260920, 1479, 100, 429, 0, 0, 0.54%, 0, 0, 11, 1551.26
1775260925, 1479, 178, 429, 0, 0, 0.54%, 0, 0, 11, 1432.10
1775260930, 1479, 305, 429, 0, 0, 0.54%, 0, 0, 11, 1442.63
1775260935, 1479, 371, 429, 0, 0, 0.54%, 0, 0, 11, 1322.74
1775260940, 1479, 428, 429, 0, 0, 0.54%, 0, 0, 11, 1127.25
1775260945, 1480, 63, 429, 0, 0, 0.54%, 0, 0, 11, 1421.76
1775260950, 1480, 86, 429, 0, 0, 0.54%, 0, 0, 11, 1430.94
1775260955, 1480, 114, 429, 0, 0, 0.54%, 0, 0, 11, 1723.56
1775260960, 1480, 154, 429, 0, 0, 0.54%, 0, 0, 11, 1482.44
1775260965, 1480, 279, 429, 0, 0, 0.54%, 0, 0, 11, 1486.55
1775260971, 1480, 354, 429, 0, 0, 0.54%, 0, 0, 11, 1263.35
1775260976, 1481, 7, 429, 0, 0, 0.54%, 0, 0, 11, 1248.00
1775260981, 1481, 80, 429, 0, 0, 0.54%, 0, 0, 11, 1406.19
1775260986, 1481, 123, 429, 0, 0, 0.54%, 0, 0, 11, 1529.92
1775260991, 1481, 214, 429, 0, 0, 0.54%, 0, 0, 11, 1549.87
1775260996, 1481, 354, 429, 0, 0, 0.54%, 0, 0, 11, 1484.52
1775261001, 1482, 24, 429, 0, 0, 0.54%, 0, 0, 11, 1243.30
1775261006, 1482, 80, 429, 0, 0, 0.54%, 0, 0, 11, 1430.02
1775261011, 1482, 147, 429, 0, 0, 0.54%, 0, 0, 11, 1415.11
1775261016, 1482, 226, 429, 0, 0, 0.54%, 0, 0, 11, 1410.31
1775261021, 1482, 316, 429, 0, 0, 0.54%, 0, 0, 11, 1563.59
1775261027, 1482, 385, 429, 0, 0, 0.54%, 0, 0, 11, 1444.70
1775261032, 1483, 63, 429, 0, 0, 0.54%, 0, 0, 11, 1624.79
1775261037, 1483, 100, 429, 0, 0, 0.54%, 0, 0, 11, 1540.33
1775261042, 1483, 155, 429, 0, 0, 0.54%, 0, 0, 11, 1505.54
1775261047, 1483, 196, 429, 0, 0, 0.54%, 0, 0, 11, 1622.93
1775261052, 1483, 285, 429, 0, 0, 0.54%, 0, 0, 11, 1431.24
1775261057, 1483, 351, 429, 0, 0, 0.54%, 0, 0, 11, 1438.23
1775261062, 1484, 3, 429, 0, 0, 0.54%, 0, 0, 11, 1195.12
1775261067, 1484, 72, 429, 0, 0, 0.54%, 0, 0, 11, 1574.42
1775261072, 1484, 100, 429, 0, 0, 0.54%, 0, 0, 11, 1592.16
1775261077, 1484, 147, 429, 0, 0, 0.54%, 0, 0, 11, 1469.25
1775261082, 1484, 325, 429, 0, 0, 0.54%, 0, 0, 11, 1538.76
1775261088, 1484, 375, 429, 0, 0, 0.54%, 0, 0, 11, 1451.28
1775261093, 1485, 47, 429, 0, 0, 0.54%, 0, 0, 11, 1254.73
1775261098, 1485, 100, 429, 0, 0, 0.54%, 0, 0, 11, 1471.01
1775261103, 1485, 162, 429, 0, 0, 0.54%, 0, 0, 11, 1487.70
1775261108, 1485, 268, 429, 0, 0, 0.54%, 0, 0, 11, 1480.55
1775261113, 1485, 331, 429, 0, 0, 0.54%, 0, 0, 11, 1541.47
1775261118, 1485, 375, 429, 0, 0, 0.54%, 0, 0, 11, 1377.76
1775261123, 1486, 44, 429, 0, 0, 0.54%, 0, 0, 11, 1366.64
1775261128, 1486, 86, 429, 0, 0, 0.54%, 0, 0, 11, 1404.62
1775261133, 1486, 125, 429, 0, 0, 0.54%, 0, 0, 11, 1415.12
1775261139, 1486, 234, 429, 0, 0, 0.54%, 0, 0, 11, 1481.37
1775261144, 1486, 349, 429, 0, 0, 0.54%, 0, 0, 11, 1501.86
1775261149, 1487, 22, 429, 0, 0, 0.54%, 0, 0, 11, 1419.72
1775261154, 1487, 80, 429, 0, 0, 0.54%, 0, 0, 11, 1455.70
1775261159, 1487, 115, 429, 0, 0, 0.54%, 0, 0, 11, 1457.23
1775261164, 1487, 184, 429, 0, 0, 0.54%, 0, 0, 11, 1442.91
1775261169, 1487, 349, 429, 0, 0, 0.54%, 0, 0, 11, 1483.77
1775261174, 1487, 399, 429, 0, 0, 0.54%, 0, 0, 11, 1249.62
1775261179, 1488, 63, 429, 0, 0, 0.54%, 0, 0, 11, 1343.89
1775261184, 1488, 100, 429, 0, 0, 0.54%, 0, 0, 11, 1497.26
1775261190, 1488, 181, 429, 0, 0, 0.54%, 0, 0, 11, 1615.29
1775261195, 1488, 286, 429, 0, 0, 0.54%, 0, 0, 11, 1547.85
1775261200, 1488, 354, 429, 0, 0, 0.54%, 0, 0, 11, 1367.06
1775261205, 1489, 3, 429, 0, 0, 0.54%, 0, 0, 11, 1133.60
1775261210, 1489, 79, 429, 0, 0, 0.54%, 0, 0, 11, 1441.79
1775261215, 1489, 92, 429, 0, 0, 0.54%, 0, 0, 11, 1499.38
1775261220, 1489, 141, 429, 0, 0, 0.54%, 0, 0, 11, 1558.74
1775261225, 1489, 196, 429, 0, 0, 0.54%, 0, 0, 11, 1558.83
1775261230, 1489, 310, 429, 0, 0, 0.54%, 0, 0, 11, 1556.23
1775261236, 1489, 357, 429, 0, 0, 0.54%, 0, 0, 11, 1371.91
1775261241, 1490, 22, 429, 0, 0, 0.54%, 0, 0, 11, 1323.63
1775261246, 1490, 78, 429, 0, 0, 0.54%, 0, 0, 11, 1439.84
1775261251, 1490, 100, 429, 0, 0, 0.54%, 0, 0, 11, 1457.06
1775261256, 1490, 148, 429, 0, 0, 0.54%, 0, 0, 11, 1363.37
1775261261, 1490, 235, 429, 0, 0, 0.54%, 0, 0, 11, 1322.72
1775261266, 1490, 349, 429, 0, 0, 0.54%, 0, 0, 11, 1509.77
1775261271, 1491, 5, 429, 0, 0, 0.54%, 0, 0, 11, 1291.86
1775261276, 1491, 66, 429, 0, 0, 0.54%, 0, 0, 11, 1498.06
1775261281, 1491, 99, 429, 0, 0, 0.54%, 0, 0, 11, 1530.97
1775261287, 1491, 147, 429, 0, 0, 0.54%, 0, 0, 11, 1461.92
1775261292, 1491, 250, 429, 0, 0, 0.54%, 0, 0, 11, 1438.54
1775261297, 1491, 337, 429, 0, 0, 0.54%, 0, 0, 11, 1384.32
1775261302, 1491, 370, 429, 0, 0, 0.54%, 0, 0, 11, 1379.68
1775261307, 1492, 79, 429, 0, 0, 0.54%, 0, 0, 11, 1427.95
1775261312, 1492, 111, 429, 0, 0, 0.54%, 0, 0, 11, 1476.44
1775261317, 1492, 147, 429, 0, 0, 0.54%, 0, 0, 11, 1365.96
1775261322, 1492, 250, 429, 0, 0, 0.54%, 0, 0, 11, 1421.94
1775261327, 1492, 365, 429, 0, 0, 0.54%, 0, 0, 11, 1416.99
1775261332, 1493, 63, 429, 0, 0, 0.54%, 0, 0, 11, 1518.46
1775261338, 1493, 100, 429, 0, 0, 0.54%, 0, 0, 11, 1593.27
1775261343, 1493, 182, 429, 0, 0, 0.54%, 0, 0, 11, 1617.87
1775261348, 1493, 303, 429, 0, 0, 0.54%, 0, 0, 11, 1436.23
1775261353, 1493, 379, 429, 0, 0, 0.54%, 0, 0, 11, 1376.74
1775261358, 1494, 18, 429, 0, 0, 0.54%, 0, 0, 11, 1208.31
1775261363, 1494, 79, 429, 0, 0, 0.54%, 0, 0, 11, 1491.25
1775261368, 1494, 106, 429, 0, 0, 0.54%, 0, 0, 11, 1418.78
1775261373, 1494, 196, 429, 0, 0, 0.54%, 0, 0, 11, 1563.59
1775261378, 1494, 349, 429, 0, 0, 0.54%, 0, 0, 11, 1482.20
1775261383, 1495, 13, 429, 0, 0, 0.54%, 0, 0, 11, 1371.79
1775261388, 1495, 91, 429, 0, 0, 0.54%, 0, 0, 11, 1488.73
1775261393, 1495, 147, 429, 0, 0, 0.54%, 0, 0, 11, 1477.81
1775261399, 1495, 196, 429, 0, 0, 0.54%, 0, 0, 11, 1307.65
1775261404, 1495, 318, 429, 0, 0, 0.54%, 0, 0, 11, 1447.03
1775261409, 1495, 406, 429, 0, 0, 0.54%, 0, 0, 11, 1305.29
1775261414, 1496, 80, 429, 0, 0, 0.54%, 0, 0, 11, 1381.39
1775261419, 1496, 135, 429, 0, 0, 0.54%, 0, 0, 11, 1426.71
1775261424, 1496, 169, 429, 0, 0, 0.54%, 0, 0, 11, 1428.16
1775261429, 1496, 263, 429, 0, 0, 0.54%, 0, 0, 11, 1312.10
1775261434, 1496, 323, 429, 0, 0, 0.54%, 0, 0, 11, 1434.79
1775261440, 1496, 385, 429, 0, 0, 0.54%, 0, 0, 11, 1377.03
1775261445, 1497, 63, 429, 0, 0, 0.54%, 0, 0, 11, 1655.35
1775261450, 1497, 100, 429, 0, 0, 0.54%, 0, 0, 11, 1554.11
1775261455, 1497, 147, 429, 0, 0, 0.54%, 0, 0, 11, 1517.67
1775261460, 1497, 294, 429, 0, 0, 0.54%, 0, 0, 11, 1491.78
1775261465, 1497, 357, 429, 0, 0, 0.54%, 0, 0, 11, 1465.33
1775261470, 1498, 22, 429, 0, 0, 0.54%, 0, 0, 11, 1319.20
1775261475, 1498, 63, 429, 0, 0, 0.54%, 0, 0, 11, 1358.59
1775261481, 1498, 100, 429, 0, 0, 0.54%, 0, 0, 11, 1518.70
1775261486, 1498, 212, 429, 0, 0, 0.54%, 0, 0, 11, 1563.87
1775261491, 1498, 290, 429, 0, 0, 0.54%, 0, 0, 11, 1489.40
1775261496, 1498, 325, 429, 0, 0, 0.54%, 0, 0, 11, 1521.05
1775261501, 1498, 385, 429, 0, 0, 0.54%, 0, 0, 11, 1355.83
1775261506, 1499, 63, 429, 0, 0, 0.54%, 0, 0, 11, 1392.24
1775261511, 1499, 91, 429, 0, 0, 0.54%, 0, 0, 11, 1545.58
1775261516, 1499, 147, 429, 0, 0, 0.54%, 0, 0, 11, 1389.03
1775261521, 1499, 275, 429, 0, 0, 0.54%, 0, 0, 11, 1408.91
1775261527, 1499, 357, 429, 0, 0, 0.54%, 0, 0, 11, 1332.93
1775261532, 1499, 402, 429, 0, 0, 0.54%, 0, 0, 11, 1202.72
1775261537, 1500, 66, 429, 0, 0, 0.54%, 0, 0, 11, 1451.44
1775261542, 1500, 104, 429, 0, 0, 0.54%, 0, 0, 11, 1508.58
1775261547, 1500, 196, 429, 0, 0, 0.54%, 0, 0, 11, 1460.77
1775261552, 1500, 358, 429, 0, 0, 0.54%, 0, 0, 11, 1401.75
1775261557, 1501, 32, 429, 0, 0, 0.54%, 0, 0, 11, 1720.25
1775261562, 1501, 80, 429, 0, 0, 0.54%, 0, 0, 11, 1549.18
1775261567, 1501, 122, 429, 0, 0, 0.54%, 0, 0, 11, 1418.06
1775261572, 1501, 234, 429, 0, 0, 0.54%, 0, 0, 11, 1392.60
1775261578, 1501, 325, 429, 0, 0, 0.54%, 0, 0, 11, 1519.81
1775261583, 1501, 385, 429, 0, 0, 0.54%, 0, 0, 11, 1204.63
1775261588, 1502, 79, 429, 0, 0, 0.54%, 0, 0, 11, 1408.72
1775261593, 1502, 108, 429, 0, 0, 0.54%, 0, 0, 11, 1398.55
1775261598, 1502, 166, 429, 0, 0, 0.54%, 0, 0, 11, 1436.95
1775261603, 1502, 188, 429, 0, 0, 0.54%, 0, 0, 11, 1526.34
1775261608, 1502, 242, 429, 0, 0, 0.54%, 0, 0, 11, 1531.41
1775261613, 1502, 301, 429, 0, 0, 0.54%, 0, 0, 11, 1573.17
1775261618, 1502, 407, 429, 0, 0, 0.54%, 0, 0, 11, 1381.94
1775261623, 1503, 63, 429, 0, 0, 0.54%, 0, 0, 11, 1468.26
1775261628, 1503, 96, 429, 0, 0, 0.54%, 0, 0, 11, 1530.22
1775261633, 1503, 117, 429, 0, 0, 0.54%, 0, 0, 11, 1495.46
1775261638, 1503, 196, 429, 0, 0, 0.54%, 0, 0, 11, 604.40
1775261644, 1503, 259, 429, 0, 0, 0.54%, 0, 0, 11, 1331.56
1775261649, 1503, 349, 429, 0, 0, 0.54%, 0, 0, 11, 1336.75
1775261654, 1503, 420, 429, 0, 0, 0.54%, 0, 0, 11, 1239.67
1775261659, 1504, 91, 429, 0, 0, 0.54%, 0, 0, 11, 1511.85
1775261664, 1504, 196, 429, 0, 0, 0.54%, 0, 0, 11, 1444.35
1775261669, 1504, 306, 429, 0, 0, 0.54%, 0, 0, 11, 1376.54
1775261674, 1504, 385, 429, 0, 0, 0.54%, 0, 0, 11, 1384.79
1775261679, 1505, 63, 429, 0, 0, 0.54%, 0, 0, 11, 1412.82
1775261684, 1505, 100, 429, 0, 0, 0.54%, 0, 0, 11, 1501.17
1775261690, 1505, 147, 429, 0, 0, 0.54%, 0, 0, 11, 1377.83
1775261695, 1505, 252, 429, 0, 0, 0.54%, 0, 0, 11, 1384.78
1775261700, 1505, 357, 429, 0, 0, 0.54%, 0, 0, 11, 1333.27
1775261705, 1506, 63, 430, 1, 0, 0.54%, 0, 0, 11, 1541.01
1775261710, 1506, 100, 430, 1, 0, 0.54%, 0, 0, 11, 1559.11
1775261715, 1506, 196, 430, 1, 0, 0.54%, 0, 0, 11, 1547.68
1775261720, 1506, 349, 430, 1, 0, 0.54%, 0, 0, 11, 1496.00
1775261725, 1506, 395, 430, 1, 0, 0.54%, 0, 0, 11, 1351.15
1775261730, 1507, 0, 430, 0, 0, 0.54%, 0, 0, 11, 1287.30
1775261735, 1507, 79, 430, 0, 0, 0.54%, 0, 0, 11, 1560.89
1775261740, 1507, 105, 430, 0, 0, 0.54%, 0, 0, 11, 1535.76
1775261745, 1507, 168, 430, 0, 0, 0.54%, 0, 0, 11, 1438.71
1775261751, 1507, 205, 430, 0, 0, 0.54%, 0, 0, 11, 1481.36
1775261756, 1507, 297, 430, 0, 0, 0.54%, 0, 0, 11, 1496.17
1775261761, 1507, 354, 430, 0, 0, 0.54%, 0, 0, 11, 1457.51
1775261766, 1508, 63, 430, 0, 0, 0.54%, 0, 0, 11, 1499.35
1775261771, 1508, 91, 430, 0, 0, 0.54%, 0, 0, 11, 1448.40
1775261776, 1508, 179, 430, 0, 0, 0.54%, 0, 0, 11, 1582.56
1775261781, 1508, 268, 430, 0, 0, 0.54%, 0, 0, 11, 1544.84
1775261786, 1508, 357, 430, 0, 0, 0.54%, 0, 0, 11, 1492.76
1775261791, 1509, 63, 430, 0, 0, 0.54%, 0, 0, 11, 1464.37
1775261796, 1509, 111, 430, 0, 0, 0.54%, 0, 0, 11, 1497.23
1775261801, 1509, 192, 430, 0, 0, 0.54%, 0, 0, 11, 1298.34
1775261807, 1509, 300, 430, 0, 0, 0.54%, 0, 0, 11, 1503.30
1775261812, 1509, 385, 430, 0, 0, 0.54%, 0, 0, 11, 1431.70
1775261817, 1510, 51, 430, 0, 0, 0.54%, 0, 0, 11, 1618.50
1775261822, 1510, 86, 430, 0, 0, 0.54%, 0, 0, 11, 1573.95
1775261827, 1510, 147, 430, 0, 0, 0.54%, 0, 0, 11, 1497.41
1775261832, 1510, 196, 430, 0, 0, 0.54%, 0, 0, 11, 1482.74
1775261837, 1510, 325, 430, 0, 0, 0.54%, 0, 0, 11, 1505.41
1775261842, 1510, 398, 430, 0, 0, 0.54%, 0, 0, 11, 1438.31
1775261848, 1511, 20, 430, 0, 0, 0.54%, 0, 0, 11, 1558.36
1775261853, 1511, 79, 430, 0, 0, 0.54%, 0, 0, 11, 1566.72
1775261858, 1511, 147, 430, 0, 0, 0.54%, 0, 0, 11, 1477.47
1775261863, 1511, 213, 430, 0, 0, 0.54%, 0, 0, 11, 1507.01
1775261868, 1511, 297, 430, 0, 0, 0.54%, 0, 0, 11, 1458.81
1775261873, 1511, 371, 430, 0, 0, 0.54%, 0, 0, 11, 1150.25
1775261878, 1512, 66, 430, 0, 0, 0.54%, 0, 0, 11, 1306.80
1775261883, 1512, 100, 430, 0, 0, 0.54%, 0, 0, 11, 1534.19
1775261889, 1512, 148, 430, 0, 0, 0.54%, 0, 0, 11, 1498.48
1775261894, 1512, 271, 430, 0, 0, 0.54%, 0, 0, 11, 1479.94
1775261899, 1512, 335, 430, 0, 0, 0.54%, 0, 0, 11, 1454.77
1775261904, 1512, 385, 430, 0, 0, 0.54%, 0, 0, 11, 1327.56
1775261909, 1513, 79, 430, 0, 0, 0.54%, 0, 0, 11, 1373.33
1775261914, 1513, 111, 430, 0, 0, 0.54%, 0, 0, 11, 1534.29
1775261919, 1513, 184, 430, 0, 0, 0.54%, 0, 0, 11, 1461.64
1775261924, 1513, 267, 430, 0, 0, 0.54%, 0, 0, 11, 1504.22
1775261929, 1513, 378, 430, 0, 0, 0.54%, 0, 0, 11, 1360.77
1775261934, 1513, 424, 430, 0, 0, 0.54%, 0, 0, 11, 1250.41
1775261939, 1514, 81, 430, 0, 0, 0.54%, 0, 0, 11, 1395.42
1775261944, 1514, 111, 430, 0, 0, 0.54%, 0, 0, 11, 1419.33
1775261949, 1514, 191, 430, 0, 0, 0.54%, 0, 0, 11, 1448.77
1775261955, 1514, 300, 430, 0, 0, 0.54%, 0, 0, 11, 1447.68
1775261960, 1514, 371, 430, 0, 0, 0.54%, 0, 0, 11, 1479.53
1775261965, 1515, 42, 430, 0, 0, 0.54%, 0, 0, 11, 1546.81
1775261970, 1515, 100, 430, 0, 0, 0.54%, 0, 0, 11, 1496.27
1775261975, 1515, 158, 430, 0, 0, 0.54%, 0, 0, 11, 1701.24
1775261980, 1515, 283, 430, 0, 0, 0.54%, 0, 0, 11, 1496.81
1775261985, 1515, 371, 430, 0, 0, 0.54%, 0, 0, 11, 1475.33
1775261990, 1516, 11, 430, 0, 0, 0.54%, 0, 0, 11, 1378.56
1775261996, 1516, 79, 430, 0, 0, 0.54%, 0, 0, 11, 1416.16
1775262001, 1516, 110, 430, 0, 0, 0.54%, 0, 0, 11, 1422.40
1775262006, 1516, 186, 430, 0, 0, 0.54%, 0, 0, 11, 1489.04
1775262011, 1516, 217, 430, 0, 0, 0.54%, 0, 0, 11, 1563.39
1775262016, 1516, 285, 430, 0, 0, 0.54%, 0, 0, 11, 1561.07
1775262021, 1516, 358, 430, 0, 0, 0.54%, 0, 0, 11, 1507.39
1775262026, 1517, 79, 430, 0, 0, 0.54%, 0, 0, 11, 1395.44
1775262031, 1517, 100, 430, 0, 0, 0.54%, 0, 0, 11, 1474.02
1775262036, 1517, 147, 430, 0, 0, 0.54%, 0, 0, 11, 1310.91
1775262041, 1517, 291, 430, 0, 0, 0.54%, 0, 0, 11, 1335.44
1775262046, 1517, 357, 430, 0, 0, 0.54%, 0, 0, 11, 1353.79
1775262051, 1518, 21, 430, 0, 0, 0.54%, 0, 0, 11, 1465.91
1775262056, 1518, 80, 430, 0, 0, 0.54%, 0, 0, 11, 1357.83
1775262061, 1518, 142, 430, 0, 0, 0.54%, 0, 0, 11, 1484.23
1775262066, 1518, 218, 430, 0, 0, 0.54%, 0, 0, 11, 1412.94
1775262072, 1518, 325, 430, 0, 0, 0.54%, 0, 0, 11, 1435.14
1775262077, 1518, 385, 430, 0, 0, 0.54%, 0, 0, 11, 1390.67
1775262082, 1519, 63, 430, 0, 0, 0.54%, 0, 0, 11, 1552.00
1775262087, 1519, 100, 430, 0, 0, 0.54%, 0, 0, 11, 1527.93
1775262092, 1519, 237, 430, 0, 0, 0.54%, 0, 0, 11, 1611.54
1775262097, 1519, 354, 430, 0, 0, 0.54%, 0, 0, 11, 1403.15
1775262102, 1519, 411, 430, 0, 0, 0.54%, 0, 0, 11, 1253.23
1775262107, 1520, 79, 430, 0, 0, 0.54%, 0, 0, 11, 1384.17
1775262112, 1520, 106, 430, 0, 0, 0.54%, 0, 0, 11, 1530.37
1775262117, 1520, 178, 430, 0, 0, 0.54%, 0, 0, 11, 1560.66
1775262123, 1520, 325, 430, 0, 0, 0.54%, 0, 0, 11, 1536.88
1775262128, 1520, 393, 430, 0, 0, 0.54%, 0, 0, 11, 1412.77
1775262133, 1521, 63, 430, 0, 0, 0.54%, 0, 0, 11, 1410.05
1775262138, 1521, 86, 430, 0, 0, 0.54%, 0, 0, 11, 1496.63
1775262143, 1521, 135, 430, 0, 0, 0.54%, 0, 0, 11, 1460.24
1775262148, 1521, 196, 430, 0, 0, 0.54%, 0, 0, 11, 1541.53
1775262153, 1521, 276, 430, 0, 0, 0.54%, 0, 0, 11, 1499.63
1775262158, 1521, 357, 430, 0, 0, 0.54%, 0, 0, 11, 1442.31
1775262163, 1522, 40, 430, 0, 0, 0.54%, 0, 0, 11, 1495.32
1775262168, 1522, 80, 430, 0, 0, 0.54%, 0, 0, 11, 1429.52
1775262173, 1522, 122, 430, 0, 0, 0.54%, 0, 0, 11, 1483.35
1775262178, 1522, 203, 430, 0, 0, 0.54%, 0, 0, 11, 1421.51
1775262183, 1522, 273, 430, 0, 0, 0.54%, 0, 0, 11, 1490.77
1775262188, 1522, 385, 430, 0, 0, 0.54%, 0, 0, 11, 1470.78
1775262194, 1523, 60, 430, 0, 0, 0.54%, 0, 0, 11, 1477.59
1775262199, 1523, 90, 430, 0, 0, 0.54%, 0, 0, 11, 1460.13
1775262204, 1523, 147, 430, 0, 0, 0.54%, 0, 0, 11, 1589.37
1775262209, 1523, 196, 430, 0, 0, 0.54%, 0, 0, 11, 1595.76
1775262214, 1523, 354, 430, 0, 0, 0.54%, 0, 0, 11, 1450.35
1775262219, 1524, 38, 430, 0, 0, 0.54%, 0, 0, 11, 1279.99
1775262224, 1524, 63, 430, 0, 0, 0.54%, 0, 0, 11, 1378.27
1775262230, 1524, 97, 430, 0, 0, 0.54%, 0, 0, 11, 1444.32
1775262235, 1524, 184, 430, 0, 0, 0.54%, 0, 0, 11, 1544.95
1775262240, 1524, 247, 430, 0, 0, 0.54%, 0, 0, 11, 268.91
1775262245, 1524, 349, 430, 0, 0, 0.54%, 0, 0, 11, 1553.96
1775262250, 1524, 401, 430, 0, 0, 0.54%, 0, 0, 11, 1280.99
1775262255, 1525, 73, 430, 0, 0, 0.54%, 0, 0, 11, 1475.67
1775262260, 1525, 111, 430, 0, 0, 0.54%, 0, 0, 11, 1373.08
1775262265, 1525, 166, 430, 0, 0, 0.54%, 0, 0, 11, 1412.37
1775262271, 1525, 323, 430, 0, 0, 0.54%, 0, 0, 11, 1503.48
1775262276, 1525, 385, 430, 0, 0, 0.54%, 0, 0, 11, 1381.94
1775262281, 1526, 79, 430, 0, 0, 0.54%, 0, 0, 11, 1473.57
1775262286, 1526, 117, 430, 0, 0, 0.54%, 0, 0, 11, 1533.56
1775262291, 1526, 181, 430, 0, 0, 0.54%, 0, 0, 11, 1457.23
1775262296, 1526, 236, 430, 0, 0, 0.54%, 0, 0, 11, 1450.95
1775262301, 1526, 349, 430, 0, 0, 0.54%, 0, 0, 11, 1366.98
1775262306, 1526, 390, 430, 0, 0, 0.54%, 0, 0, 11, 1219.39
1775262311, 1527, 80, 430, 0, 0, 0.54%, 0, 0, 11, 1398.25
1775262317, 1527, 147, 430, 0, 0, 0.54%, 0, 0, 11, 1547.90
1775262322, 1527, 265, 430, 0, 0, 0.54%, 0, 0, 11, 1568.80
1775262327, 1527, 325, 430, 0, 0, 0.54%, 0, 0, 11, 1495.35
1775262332, 1527, 385, 430, 0, 0, 0.54%, 0, 0, 11, 1228.48
1775262337, 1528, 36, 430, 0, 0, 0.54%, 0, 0, 11, 1303.17
1775262342, 1528, 95, 430, 0, 0, 0.54%, 0, 0, 11, 1463.47
1775262347, 1528, 132, 430, 0, 0, 0.54%, 0, 0, 11, 1407.48
1775262352, 1528, 278, 430, 0, 0, 0.54%, 0, 0, 11, 1460.41
1775262357, 1528, 349, 430, 0, 0, 0.54%, 0, 0, 11, 1390.34
1775262362, 1529, 9, 430, 0, 0, 0.54%, 0, 0, 11, 1300.89
1775262367, 1529, 63, 430, 0, 0, 0.54%, 0, 0, 11, 1503.05
1775262372, 1529, 100, 430, 0, 0, 0.54%, 0, 0, 11, 1551.28
1775262378, 1529, 180, 430, 0, 0, 0.54%, 0, 0, 11, 1463.09
1775262383, 1529, 287, 430, 0, 0, 0.54%, 0, 0, 11, 1338.17
1775262388, 1529, 354, 430, 0, 0, 0.54%, 0, 0, 11, 1435.03
1775262393, 1530, 29, 430, 0, 0, 0.54%, 0, 0, 11, 1430.91
1775262398, 1530, 86, 430, 0, 0, 0.54%, 0, 0, 11, 1855.72
1775262403, 1530, 147, 430, 0, 0, 0.54%, 0, 0, 11, 1551.40
1775262408, 1530, 228, 430, 0, 0, 0.54%, 0, 0, 11, 1494.33
1775262413, 1530, 292, 430, 0, 0, 0.54%, 0, 0, 11, 1500.01
1775262418, 1530, 357, 430, 0, 0, 0.54%, 0, 0, 11, 1434.40
1775262423, 1531, 37, 430, 0, 0, 0.54%, 0, 0, 11, 1334.75
1775262428, 1531, 86, 430, 0, 0, 0.54%, 0, 0, 11, 1431.10
1775262433, 1531, 196, 430, 0, 0, 0.54%, 0, 0, 11, 1430.41
1775262439, 1531, 271, 430, 0, 0, 0.54%, 0, 0, 11, 1438.02
1775262444, 1531, 349, 430, 0, 0, 0.54%, 0, 0, 11, 1413.06
1775262449, 1531, 387, 430, 0, 0, 0.54%, 0, 0, 11, 1258.20
1775262454, 1532, 79, 430, 0, 0, 0.54%, 0, 0, 11, 1471.35
1775262459, 1532, 121, 430, 0, 0, 0.54%, 0, 0, 11, 1554.76
1775262464, 1532, 178, 430, 0, 0, 0.54%, 0, 0, 11, 1444.74
1775262469, 1532, 302, 430, 0, 0, 0.54%, 0, 0, 11, 1407.83
1775262474, 1532, 332, 430, 0, 0, 0.54%, 0, 0, 11, 1408.39
1775262479, 1533, 35, 430, 0, 0, 0.54%, 0, 0, 11, 1354.26
1775262484, 1533, 80, 430, 0, 0, 0.54%, 0, 0, 11, 1492.30
1775262489, 1533, 172, 430, 0, 0, 0.54%, 0, 0, 11, 1549.23
1775262494, 1533, 202, 430, 0, 0, 0.54%, 0, 0, 11, 1432.52
1775262500, 1533, 313, 430, 0, 0, 0.54%, 0, 0, 11, 1466.96
1775262505, 1533, 385, 430, 0, 0, 0.54%, 0, 0, 11, 1399.94
1775262510, 1534, 63, 430, 0, 0, 0.54%, 0, 0, 11, 1368.73
1775262515, 1534, 111, 430, 0, 0, 0.54%, 0, 0, 11, 1507.27
1775262520, 1534, 166, 430, 0, 0, 0.54%, 0, 0, 11, 1426.14
1775262525, 1534, 299, 430, 0, 0, 0.54%, 0, 0, 11, 1522.49
1775262530, 1534, 361, 430, 0, 0, 0.54%, 0, 0, 11, 1399.73
1775262535, 1535, 39, 430, 0, 0, 0.54%, 0, 0, 11, 1430.33
1775262540, 1535, 91, 430, 0, 0, 0.54%, 0, 0, 11, 1454.31
1775262545, 1535, 184, 430, 0, 0, 0.54%, 0, 0, 11, 1342.94
1775262550, 1535, 269, 430, 0, 0, 0.54%, 0, 0, 11, 1515.22
1775262555, 1535, 354, 430, 0, 0, 0.54%, 0, 0, 11, 1447.99
1775262560, 1535, 416, 430, 0, 0, 0.54%, 0, 0, 11, 1222.97
1775262566, 1536, 27, 430, 0, 0, 0.54%, 0, 0, 11, 1657.59
1775262571, 1536, 80, 430, 0, 0, 0.54%, 0, 0, 11, 1524.28
1775262576, 1536, 100, 430, 0, 0, 0.54%, 0, 0, 11, 1539.43
1775262581, 1536, 275, 430, 0, 0, 0.54%, 0, 0, 11, 1518.03
1775262586, 1536, 354, 430, 0, 0, 0.54%, 0, 0, 11, 1433.19
1775262591, 1537, 46, 430, 0, 0, 0.54%, 0, 0, 11, 1434.47
1775262596, 1537, 91, 430, 0, 0, 0.54%, 0, 0, 11, 1508.06
1775262601, 1537, 147, 430, 0, 0, 0.54%, 0, 0, 11, 1543.10
1775262606, 1537, 236, 430, 0, 0, 0.54%, 0, 0, 11, 1472.64
1775262611, 1537, 285, 430, 0, 0, 0.54%, 0, 0, 11, 1454.62
1775262616, 1537, 377, 430, 0, 0, 0.54%, 0, 0, 11, 1478.62
1775262621, 1538, 57, 430, 0, 0, 0.54%, 0, 0, 11, 1523.25
1775262626, 1538, 91, 430, 0, 0, 0.54%, 0, 0, 11, 1530.58
1775262632, 1538, 157, 430, 0, 0, 0.54%, 0, 0, 11, 1582.47
1775262637, 1538, 189, 430, 0, 0, 0.54%, 0, 0, 11, 264.32
1775262642, 1538, 349, 430, 0, 0, 0.54%, 0, 0, 11, 1166.19
1775262647, 1538, 385, 430, 0, 0, 0.54%, 0, 0, 11, 1202.89
1775262652, 1539, 79, 430, 0, 0, 0.54%, 0, 0, 11, 1523.52
1775262657, 1539, 113, 430, 0, 0, 0.54%, 0, 0, 11, 1544.56
1775262663, 1539, 174, 430, 0, 0, 0.54%, 0, 0, 11, 1560.33
1775262668, 1539, 231, 430, 0, 0, 0.54%, 0, 0, 11, 1512.13
1775262673, 1539, 324, 430, 0, 0, 0.54%, 0, 0, 11, 1493.76
1775262678, 1539, 394, 430, 0, 0, 0.54%, 0, 0, 11, 1416.44
1775262683, 1540, 84, 430, 0, 0, 0.54%, 0, 0, 11, 1542.22
1775262688, 1540, 143, 430, 0, 0, 0.54%, 0, 0, 11, 1533.43
1775262693, 1540, 188, 430, 0, 0, 0.54%, 0, 0, 11, 1494.78
1775262699, 1540, 325, 430, 0, 0, 0.54%, 0, 0, 11, 1396.17
1775262704, 1540, 399, 430, 0, 0, 0.54%, 0, 0, 11, 1286.49
1775262709, 1541, 79, 430, 0, 0, 0.54%, 0, 0, 11, 1448.64
1775262714, 1541, 119, 430, 0, 0, 0.54%, 0, 0, 11, 1433.63
1775262719, 1541, 193, 430, 0, 0, 0.54%, 0, 0, 11, 261.68
1775262724, 1541, 230, 430, 0, 0, 0.54%, 0, 0, 11, 1169.20
1775262729, 1541, 325, 430, 0, 0, 0.54%, 0, 0, 11, 1479.14
1775262734, 1541, 385, 430, 0, 0, 0.54%, 0, 0, 11, 1454.59
1775262739, 1542, 29, 430, 0, 0, 0.54%, 0, 0, 11, 1281.35
1775262744, 1542, 80, 430, 0, 0, 0.54%, 0, 0, 11, 1691.51
1775262749, 1542, 136, 430, 0, 0, 0.54%, 0, 0, 11, 1383.00
1775262755, 1542, 196, 430, 0, 0, 0.54%, 0, 0, 11, 1430.60
1775262760, 1542, 349, 430, 0, 0, 0.54%, 0, 0, 11, 1519.62
1775262765, 1542, 400, 430, 0, 0, 0.54%, 0, 0, 11, 1320.87
1775262770, 1543, 86, 430, 0, 0, 0.54%, 0, 0, 11, 1497.26
1775262775, 1543, 187, 430, 0, 0, 0.54%, 0, 0, 11, 1566.21
1775262780, 1543, 302, 430, 0, 0, 0.54%, 0, 0, 11, 1535.79
1775262785, 1543, 371, 430, 0, 0, 0.54%, 0, 0, 11, 1391.60
1775262790, 1544, 6, 430, 0, 0, 0.54%, 0, 0, 11, 1483.81
1775262795, 1544, 80, 430, 0, 0, 0.54%, 0, 0, 11, 1506.52
1775262800, 1544, 147, 430, 0, 0, 0.54%, 0, 0, 11, 1488.01
1775262805, 1544, 242, 430, 0, 0, 0.54%, 0, 0, 11, 1453.04
1775262810, 1544, 349, 430, 0, 0, 0.54%, 0, 0, 11, 1458.87
1775262816, 1544, 398, 430, 0, 0, 0.54%, 0, 0, 11, 1205.21
1775262821, 1545, 11, 430, 0, 0, 0.54%, 0, 0, 11, 1271.33
1775262826, 1545, 79, 430, 0, 0, 0.54%, 0, 0, 11, 1514.21
1775262831, 1545, 122, 430, 0, 0, 0.54%, 0, 0, 11, 1532.58
1775262836, 1545, 218, 430, 0, 0, 0.54%, 0, 0, 11, 1436.42
1775262841, 1545, 354, 430, 0, 0, 0.54%, 0, 0, 11, 1318.05
1775262846, 1546, 3, 430, 0, 0, 0.54%, 0, 0, 11, 1370.97
1775262851, 1546, 82, 430, 0, 0, 0.54%, 0, 0, 11, 1478.30
1775262856, 1546, 119, 430, 0, 0, 0.54%, 0, 0, 11, 1454.99
1775262861, 1546, 276, 430, 0, 0, 0.54%, 0, 0, 11, 1465.00
1775262867, 1546, 371, 430, 0, 0, 0.54%, 0, 0, 11, 1364.58
1775262872, 1547, 63, 430, 0, 0, 0.54%, 0, 0, 11, 1323.08
1775262877, 1547, 100, 430, 0, 0, 0.54%, 0, 0, 11, 1459.51
1775262882, 1547, 178, 430, 0, 0, 0.54%, 0, 0, 11, 1436.17
1775262887, 1547, 354, 430, 0, 0, 0.54%, 0, 0, 11, 1427.26
1775262892, 1547, 404, 430, 0, 0, 0.54%, 0, 0, 11, 1228.43
1775262897, 1548, 63, 430, 0, 0, 0.54%, 0, 0, 11, 1417.60
1775262902, 1548, 83, 430, 0, 0, 0.54%, 0, 0, 11, 1443.29
1775262907, 1548, 117, 430, 0, 0, 0.54%, 0, 0, 11, 1381.06
1775262912, 1548, 170, 430, 0, 0, 0.54%, 0, 0, 11, 1495.73
1775262917, 1548, 310, 430, 0, 0, 0.54%, 0, 0, 11, 1517.33
1775262922, 1548, 354, 430, 0, 0, 0.54%, 0, 0, 11, 1412.58
1775262927, 1548, 428, 430, 0, 0, 0.54%, 0, 0, 11, 1348.83
1775262932, 1549, 69, 430, 0, 0, 0.54%, 0, 0, 11, 1584.46
1775262937, 1549, 100, 430, 0, 0, 0.54%, 0, 0, 11, 1550.22
1775262943, 1549, 198, 430, 0, 0, 0.54%, 0, 0, 11, 1569.77
1775262948, 1549, 293, 430, 0, 0, 0.54%, 0, 0, 11, 1469.86
1775262953, 1549, 357, 430, 0, 0, 0.54%, 0, 0, 11, 1407.59
1775262958, 1550, 40, 430, 0, 0, 0.54%, 0, 0, 11, 1416.87
1775262963, 1550, 79, 430, 0, 0, 0.54%, 0, 0, 11, 1522.17
1775262968, 1550, 104, 430, 0, 0, 0.54%, 0, 0, 11, 1554.38
1775262973, 1550, 147, 430, 0, 0, 0.54%, 0, 0, 11, 1496.88
1775262978, 1550, 262, 430, 0, 0, 0.54%, 0, 0, 11, 1429.75
1775262984, 1550, 354, 430, 0, 0, 0.54%, 0, 0, 11, 1431.25
1775262989, 1551, 10, 430, 0, 0, 0.54%, 0, 0, 11, 1398.40
1775262994, 1551, 55, 430, 0, 0, 0.54%, 0, 0, 11, 1521.97
1775262999, 1551, 86, 430, 0, 0, 0.54%, 0, 0, 11, 1522.66
1775263004, 1551, 110, 430, 0, 0, 0.54%, 0, 0, 11, 1377.24
1775263009, 1551, 164, 430, 0, 0, 0.54%, 0, 0, 11, 1483.84
1775263014, 1551, 325, 430, 0, 0, 0.54%, 0, 0, 11, 1476.13
1775263019, 1552, 12, 430, 0, 0, 0.54%, 0, 0, 11, 1370.78
1775263024, 1552, 79, 430, 0, 0, 0.54%, 0, 0, 11, 1509.66
1775263030, 1552, 125, 430, 0, 0, 0.54%, 0, 0, 11, 1400.86
1775263035, 1552, 195, 430, 0, 0, 0.54%, 0, 0, 11, 1509.76
1775263040, 1552, 263, 430, 0, 0, 0.54%, 0, 0, 11, 1493.05
1775263045, 1552, 349, 430, 0, 0, 0.54%, 0, 0, 11, 1447.67
1775263050, 1552, 410, 430, 0, 0, 0.54%, 0, 0, 11, 1141.93
1775263055, 1553, 79, 430, 0, 0, 0.54%, 0, 0, 11, 1427.36
1775263060, 1553, 111, 430, 0, 0, 0.54%, 0, 0, 11, 1533.41
1775263065, 1553, 186, 430, 0, 0, 0.54%, 0, 0, 11, 1466.13
1775263071, 1553, 258, 430, 0, 0, 0.54%, 0, 0, 11, 1480.95
1775263076, 1553, 357, 430, 0, 0, 0.54%, 0, 0, 11, 1434.62
1775263081, 1554, 28, 430, 0, 0, 0.54%, 0, 0, 11, 1434.73
1775263086, 1554, 86, 430, 0, 0, 0.54%, 0, 0, 11, 1521.24
1775263091, 1554, 158, 430, 0, 0, 0.54%, 0, 0, 11, 1438.46
1775263096, 1554, 231, 430, 0, 0, 0.54%, 0, 0, 11, 1432.69
1775263101, 1554, 349, 430, 0, 0, 0.54%, 0, 0, 11, 1448.59
1775263106, 1554, 413, 430, 0, 0, 0.54%, 0, 0, 11, 1207.03
1775263111, 1555, 80, 430, 0, 0, 0.54%, 0, 0, 11, 1513.70
1775263116, 1555, 115, 430, 0, 0, 0.54%, 0, 0, 11, 1508.08
1775263122, 1555, 176, 430, 0, 0, 0.54%, 0, 0, 11, 1503.70
1775263127, 1555, 222, 430, 0, 0, 0.54%, 0, 0, 11, 1446.65
1775263132, 1555, 349, 430, 0, 0, 0.54%, 0, 0, 11, 1521.84
1775263137, 1555, 428, 430, 0, 0, 0.54%, 0, 0, 11, 1441.70
1775263142, 1556, 74, 430, 0, 0, 0.54%, 0, 0, 11, 1550.26
1775263147, 1556, 100, 430, 0, 0, 0.54%, 0, 0, 11, 1584.86
1775263152, 1556, 165, 430, 0, 0, 0.54%, 0, 0, 11, 1444.08
1775263157, 1556, 305, 430, 0, 0, 0.54%, 0, 0, 11, 1505.03
1775263162, 1556, 350, 430, 0, 0, 0.54%, 0, 0, 11, 1369.15
1775263167, 1556, 429, 430, 0, 0, 0.54%, 0, 0, 11, 1507.02
1775263172, 1557, 72, 430, 0, 0, 0.54%, 0, 0, 11, 1549.67
1775263177, 1557, 111, 430, 0, 0, 0.54%, 0, 0, 11, 1644.43
1775263183, 1557, 207, 430, 0, 0, 0.54%, 0, 0, 11, 1522.00
1775263188, 1557, 289, 430, 0, 0, 0.54%, 0, 0, 11, 1551.48
1775263193, 1557, 324, 430, 0, 0, 0.54%, 0, 0, 11, 1592.59
1775263198, 1557, 366, 430, 0, 0, 0.54%, 0, 0, 11, 1452.23
1775263203, 1557, 424, 430, 0, 0, 0.54%, 0, 0, 11, 1305.11
1775263208, 1558, 63, 430, 0, 0, 0.54%, 0, 0, 11, 1383.67
1775263213, 1558, 104, 430, 0, 0, 0.54%, 0, 0, 11, 1465.58
1775263218, 1558, 147, 430, 0, 0, 0.54%, 0, 0, 11, 1373.84
1775263223, 1558, 287, 430, 0, 0, 0.54%, 0, 0, 11, 1416.28
1775263229, 1558, 349, 430, 0, 0, 0.54%, 0, 0, 11, 1349.76
1775263234, 1558, 385, 430, 0, 0, 0.54%, 0, 0, 11, 1327.76
1775263239, 1559, 68, 430, 0, 0, 0.54%, 0, 0, 11, 1402.87
1775263244, 1559, 91, 430, 0, 0, 0.54%, 0, 0, 11, 1416.43
1775263249, 1559, 159, 430, 0, 0, 0.54%, 0, 0, 11, 1427.19
1775263254, 1559, 200, 430, 0, 0, 0.54%, 0, 0, 11, 1484.05
1775263259, 1559, 320, 430, 0, 0, 0.54%, 0, 0, 11, 1442.70
1775263264, 1559, 385, 430, 0, 0, 0.54%, 0, 0, 11, 1423.49
1775263269, 1560, 83, 430, 0, 0, 0.54%, 0, 0, 11, 1507.68
1775263274, 1560, 119, 430, 0, 0, 0.54%, 0, 0, 11, 1517.31
1775263280, 1560, 236, 430, 0, 0, 0.54%, 0, 0, 11, 1462.73
1775263285, 1560, 349, 430, 0, 0, 0.54%, 0, 0, 11, 1415.02
1775263290, 1560, 389, 430, 0, 0, 0.54%, 0, 0, 11, 1248.80
1775263295, 1561, 50, 430, 0, 0, 0.54%, 0, 0, 11, 1304.45
1775263300, 1561, 80, 430, 0, 0, 0.54%, 0, 0, 11, 1336.02
1775263305, 1561, 106, 430, 0, 0, 0.54%, 0, 0, 11, 1418.81
1775263310, 1561, 159, 430, 0, 0, 0.54%, 0, 0, 11, 1409.01
1775263315, 1561, 241, 430, 0, 0, 0.54%, 0, 0, 11, 1422.03
1775263320, 1561, 349, 430, 0, 0, 0.54%, 0, 0, 11, 1424.94
1775263326, 1561, 385, 430, 0, 0, 0.54%, 0, 0, 11, 1232.08
1775263331, 1562, 31, 430, 0, 0, 0.54%, 0, 0, 11, 1290.83
1775263336, 1562, 80, 430, 0, 0, 0.54%, 0, 0, 11, 1411.13
1775263341, 1562, 177, 430, 0, 0, 0.54%, 0, 0, 11, 1546.51
1775263346, 1562, 238, 430, 0, 0, 0.54%, 0, 0, 11, 1388.82
1775263351, 1562, 349, 430, 0, 0, 0.54%, 0, 0, 11, 1369.33
1775263356, 1563, 16, 430, 0, 0, 0.54%, 0, 0, 11, 1395.66
1775263361, 1563, 68, 430, 0, 0, 0.54%, 0, 0, 11, 1440.21
1775263366, 1563, 89, 430, 0, 0, 0.54%, 0, 0, 11, 1579.18
1775263371, 1563, 147, 430, 0, 0, 0.54%, 0, 0, 11, 409.11
1775263377, 1563, 354, 430, 0, 0, 0.54%, 0, 0, 11, 1172.33
1775263382, 1564, 19, 430, 0, 0, 0.54%, 0, 0, 11, 1410.49
1775263387, 1564, 88, 430, 0, 0, 0.54%, 0, 0, 11, 1363.98
1775263392, 1564, 134, 430, 0, 0, 0.54%, 0, 0, 11, 1530.72
1775263397, 1564, 184, 430, 0, 0, 0.54%, 0, 0, 11, 1347.53
1775263402, 1564, 255, 430, 0, 0, 0.54%, 0, 0, 11, 1729.32
1775263407, 1564, 349, 430, 0, 0, 0.54%, 0, 0, 11, 1513.16
1775263412, 1564, 412, 430, 0, 0, 0.54%, 0, 0, 11, 1281.28
1775263417, 1565, 61, 430, 0, 0, 0.54%, 0, 0, 11, 1465.49
1775263422, 1565, 91, 430, 0, 0, 0.54%, 0, 0, 11, 1540.55
1775263427, 1565, 147, 430, 0, 0, 0.54%, 0, 0, 11, 1471.78
1775263432, 1565, 235, 430, 0, 0, 0.54%, 0, 0, 11, 1375.68
1775263437, 1565, 325, 430, 0, 0, 0.54%, 0, 0, 11, 1574.28
1775263442, 1565, 404, 430, 0, 0, 0.54%, 0, 0, 11, 1402.51
1775263447, 1566, 28, 430, 0, 0, 0.54%, 0, 0, 11, 1673.46
1775263453, 1566, 79, 430, 0, 0, 0.54%, 0, 0, 11, 1604.17
1775263458, 1566, 100, 430, 0, 0, 0.54%, 0, 0, 11, 1490.62
1775263463, 1566, 325, 430, 0, 0, 0.54%, 0, 0, 11, 1515.87
1775263468, 1566, 359, 430, 0, 0, 0.54%, 0, 0, 11, 1287.35
1775263473, 1567, 4, 430, 0, 0, 0.54%, 0, 0, 11, 1360.73
1775263478, 1567, 63, 430, 0, 0, 0.54%, 0, 0, 11, 1442.99
1775263483, 1567, 86, 430, 0, 0, 0.54%, 0, 0, 11, 1473.03
1775263489, 1567, 166, 430, 0, 0, 0.54%, 0, 0, 11, 1486.52
1775263494, 1567, 275, 430, 0, 0, 0.54%, 0, 0, 11, 1549.34
1775263499, 1567, 362, 430, 0, 0, 0.54%, 0, 0, 11, 1396.13
1775263504, 1568, 30, 430, 0, 0, 0.54%, 0, 0, 11, 1308.10
1775263509, 1568, 79, 430, 0, 0, 0.54%, 0, 0, 11, 1457.03
1775263514, 1568, 116, 430, 0, 0, 0.54%, 0, 0, 11, 1491.69
1775263519, 1568, 181, 430, 0, 0, 0.54%, 0, 0, 11, 1460.21
1775263524, 1568, 313, 430, 0, 0, 0.54%, 0, 0, 11, 1459.45
1775263529, 1568, 369, 430, 0, 0, 0.54%, 0, 0, 11, 1437.62
1775263534, 1569, 12, 430, 0, 0, 0.54%, 0, 0, 11, 1255.48
1775263539, 1569, 65, 430, 0, 0, 0.54%, 0, 0, 11, 1382.21
1775263544, 1569, 100, 430, 0, 0, 0.54%, 0, 0, 11, 1422.80
1775263549, 1569, 188, 430, 0, 0, 0.54%, 0, 0, 11, 1419.30
1775263554, 1569, 221, 430, 0, 0, 0.54%, 0, 0, 11, 1451.84
1775263559, 1569, 315, 430, 0, 0, 0.54%, 0, 0, 11, 1525.84
1775263565, 1569, 385, 430, 0, 0, 0.54%, 0, 0, 11, 1369.51
1775263570, 1570, 34, 430, 0, 0, 0.54%, 0, 0, 11, 1480.63
1775263575, 1570, 80, 430, 0, 0, 0.54%, 0, 0, 11, 1512.42
1775263580, 1570, 147, 430, 0, 0, 0.54%, 0, 0, 11, 1556.91
1775263585, 1570, 254, 430, 0, 0, 0.54%, 0, 0, 11, 1449.13
1775263590, 1570, 353, 430, 0, 0, 0.54%, 0, 0, 11, 1500.21
1775263595, 1570, 401, 430, 0, 0, 0.54%, 0, 0, 11, 1238.42
1775263600, 1571, 37, 430, 0, 0, 0.54%, 0, 0, 11, 1283.27
1775263605, 1571, 79, 430, 0, 0, 0.54%, 0, 0, 11, 1478.29
1775263611, 1571, 126, 430, 0, 0, 0.54%, 0, 0, 11, 1488.85
1775263616, 1571, 184, 430, 0, 0, 0.54%, 0, 0, 11, 1466.55
1775263621, 1571, 283, 430, 0, 0, 0.54%, 0, 0, 11, 1493.76
1775263626, 1571, 385, 430, 0, 0, 0.54%, 0, 0, 11, 1401.81
1775263631, 1572, 79, 430, 0, 0, 0.54%, 0, 0, 11, 1365.53
1775263636, 1572, 105, 430, 0, 0, 0.54%, 0, 0, 11, 1379.62
1775263641, 1572, 147, 430, 0, 0, 0.54%, 0, 0, 11, 1334.27
1775263646, 1572, 325, 430, 0, 0, 0.54%, 0, 0, 11, 1338.43
1775263651, 1572, 363, 430, 0, 0, 0.54%, 0, 0, 11, 1398.11
1775263656, 1573, 22, 430, 0, 0, 0.54%, 0, 0, 11, 1426.88
1775263661, 1573, 79, 430, 0, 0, 0.54%, 0, 0, 11, 1610.68
1775263667, 1573, 100, 430, 0, 0, 0.54%, 0, 0, 11, 1561.97
1775263672, 1573, 147, 430, 0, 0, 0.54%, 0, 0, 11, 1518.95
1775263677, 1573, 243, 430, 0, 0, 0.54%, 0, 0, 11, 1279.94
1775263682, 1573, 316, 430, 0, 0, 0.54%, 0, 0, 11, 1396.32
1775263687, 1573, 385, 430, 0, 0, 0.54%, 0, 0, 11, 1320.37
1775263692, 1574, 63, 430, 0, 0, 0.54%, 0, 0, 11, 1376.48
1775263697, 1574, 91, 430, 0, 0, 0.54%, 0, 0, 11, 1386.27
1775263702, 1574, 186, 430, 0, 0, 0.54%, 0, 0, 11, 1420.97
1775263707, 1574, 241, 430, 0, 0, 0.54%, 0, 0, 11, 1360.66
1775263712, 1574, 349, 430, 0, 0, 0.54%, 0, 0, 11, 1489.56
1775263717, 1574, 385, 430, 0, 0, 0.54%, 0, 0, 11, 1313.41
1775263722, 1575, 80, 430, 0, 0, 0.54%, 0, 0, 11, 1517.78
1775263728, 1575, 118, 430, 0, 0, 0.54%, 0, 0, 11, 1454.53
1775263733, 1575, 250, 430, 0, 0, 0.54%, 0, 0, 11, 1485.17
1775263738, 1575, 315, 430, 0, 0, 0.54%, 0, 0, 11, 1436.90
1775263743, 1575, 371, 430, 0, 0, 0.54%, 0, 0, 11, 1458.69
1775263748, 1576, 63, 430, 0, 0, 0.54%, 0, 0, 11, 1496.55
1775263753, 1576, 100, 430, 0, 0, 0.54%, 0, 0, 11, 1475.23
1775263758, 1576, 193, 430, 0, 0, 0.54%, 0, 0, 11, 1494.48
1775263763, 1576, 242, 430, 0, 0, 0.54%, 0, 0, 11, 1534.52
1775263768, 1576, 328, 430, 0, 0, 0.54%, 0, 0, 11, 1379.37
1775263773, 1576, 385, 430, 0, 0, 0.54%, 0, 0, 11, 1370.33
1775263779, 1577, 15, 430, 0, 0, 0.54%, 0, 0, 11, 1265.60
1775263784, 1577, 80, 430, 0, 0, 0.54%, 0, 0, 11, 1472.77
1775263789, 1577, 139, 430, 0, 0, 0.54%, 0, 0, 11, 1493.23
1775263794, 1577, 211, 430, 0, 0, 0.54%, 0, 0, 11, 1505.76
1775263799, 1577, 325, 430, 0, 0, 0.54%, 0, 0, 11, 1531.23
1775263804, 1577, 385, 430, 0, 0, 0.54%, 0, 0, 11, 1462.55
1775263809, 1578, 59, 430, 0, 0, 0.54%, 0, 0, 11, 1250.37
1775263814, 1578, 83, 430, 0, 0, 0.54%, 0, 0, 11, 1323.50
1775263819, 1578, 147, 430, 0, 0, 0.54%, 0, 0, 11, 1427.98
1775263824, 1578, 234, 430, 0, 0, 0.54%, 0, 0, 11, 1501.02
1775263829, 1578, 348, 430, 0, 0, 0.54%, 0, 0, 11, 1361.96
1775263834, 1578, 424, 430, 0, 0, 0.54%, 0, 0, 11, 1405.56
1775263839, 1579, 68, 430, 0, 0, 0.54%, 0, 0, 11, 996.96
1775263844, 1579, 91, 430, 0, 0, 0.54%, 0, 0, 11, 1320.20
1775263849, 1579, 137, 430, 0, 0, 0.54%, 0, 0, 11, 1486.95
1775263854, 1579, 229, 430, 0, 0, 0.54%, 0, 0, 11, 1544.77
1775263860, 1579, 346, 430, 0, 0, 0.54%, 0, 0, 11, 1428.35
1775263865, 1579, 390, 430, 0, 0, 0.54%, 0, 0, 11, 1408.67
1775263870, 1580, 63, 430, 0, 0, 0.54%, 0, 0, 11, 1391.58
1775263875, 1580, 100, 430, 0, 0, 0.54%, 0, 0, 11, 1475.16
1775263880, 1580, 181, 430, 0, 0, 0.54%, 0, 0, 11, 1411.03
1775263885, 1580, 310, 430, 0, 0, 0.54%, 0, 0, 11, 1320.19
1775263890, 1580, 354, 430, 0, 0, 0.54%, 0, 0, 11, 1286.46
1775263895, 1580, 388, 430, 0, 0, 0.54%, 0, 0, 11, 1228.33
1775263900, 1581, 58, 430, 0, 0, 0.54%, 0, 0, 11, 1442.41
1775263905, 1581, 88, 430, 0, 0, 0.54%, 0, 0, 11, 1494.79
1775263910, 1581, 142, 430, 0, 0, 0.54%, 0, 0, 11, 1468.06
1775263915, 1581, 201, 430, 0, 0, 0.54%, 0, 0, 11, 1501.00
1775263921, 1581, 354, 430, 0, 0, 0.54%, 0, 0, 11, 1423.62
1775263926, 1581, 422, 430, 0, 0, 0.54%, 0, 0, 11, 1226.20
1775263931, 1582, 79, 430, 0, 0, 0.54%, 0, 0, 11, 1454.76
1775263936, 1582, 100, 430, 0, 0, 0.54%, 0, 0, 11, 1476.20
1775263941, 1582, 162, 430, 0, 0, 0.54%, 0, 0, 11, 1362.90
1775263946, 1582, 208, 430, 0, 0, 0.54%, 0, 0, 11, 1374.67
1775263951, 1582, 354, 430, 0, 0, 0.54%, 0, 0, 11, 1417.44
1775263956, 1583, 17, 430, 0, 0, 0.54%, 0, 0, 11, 1460.49
1775263961, 1583, 80, 430, 0, 0, 0.54%, 0, 0, 11, 1489.91
1775263966, 1583, 147, 430, 0, 0, 0.54%, 0, 0, 11, 1440.03
1775263971, 1583, 186, 430, 0, 0, 0.54%, 0, 0, 11, 1545.43
1775263977, 1583, 220, 430, 0, 0, 0.54%, 0, 0, 11, 1494.40
1775263982, 1583, 323, 430, 0, 0, 0.54%, 0, 0, 11, 1510.01
1775263987, 1583, 385, 430, 0, 0, 0.54%, 0, 0, 11, 1441.38
1775263992, 1584, 79, 430, 0, 0, 0.54%, 0, 0, 11, 1548.19
1775263997, 1584, 111, 430, 0, 0, 0.54%, 0, 0, 11, 1524.88
1775264002, 1584, 248, 430, 0, 0, 0.54%, 0, 0, 11, 1535.93
1775264007, 1584, 339, 430, 0, 0, 0.54%, 0, 0, 11, 841.15
1775264012, 1584, 411, 430, 0, 0, 0.54%, 0, 0, 11, 1093.33
1775264017, 1585, 76, 430, 0, 0, 0.54%, 0, 0, 11, 1460.33
1775264022, 1585, 100, 430, 0, 0, 0.54%, 0, 0, 11, 1580.00
1775264027, 1585, 177, 430, 0, 0, 0.54%, 0, 0, 11, 1566.06
1775264032, 1585, 306, 430, 0, 0, 0.54%, 0, 0, 11, 1434.03
1775264038, 1585, 364, 430, 0, 0, 0.54%, 0, 0, 11, 1336.98
1775264043, 1586, 63, 430, 0, 0, 0.54%, 0, 0, 11, 1450.99
1775264048, 1586, 86, 430, 0, 0, 0.54%, 0, 0, 11, 1500.22
1775264053, 1586, 202, 430, 0, 0, 0.54%, 0, 0, 11, 1501.61
1775264058, 1586, 305, 430, 0, 0, 0.54%, 0, 0, 11, 1483.72
1775264063, 1586, 371, 430, 0, 0, 0.54%, 0, 0, 11, 1350.41
1775264068, 1587, 34, 430, 0, 0, 0.54%, 0, 0, 11, 1329.48
1775264073, 1587, 79, 430, 0, 0, 0.54%, 0, 0, 11, 1413.17
1775264078, 1587, 92, 430, 0, 0, 0.54%, 0, 0, 11, 1462.98
1775264083, 1587, 186, 430, 0, 0, 0.54%, 0, 0, 11, 1586.98
1775264089, 1587, 325, 430, 0, 0, 0.54%, 0, 0, 11, 1427.83
1775264094, 1587, 363, 430, 0, 0, 0.54%, 0, 0, 11, 1352.62
1775264099, 1587, 411, 430, 0, 0, 0.54%, 0, 0, 11, 1124.89
1775264104, 1588, 79, 430, 0, 0, 0.54%, 0, 0, 11, 1448.27
1775264109, 1588, 111, 430, 0, 0, 0.54%, 0, 0, 11, 1424.62
1775264114, 1588, 168, 430, 0, 0, 0.54%, 0, 0, 11, 1462.17
1775264119, 1588, 288, 430, 0, 0, 0.54%, 0, 0, 11, 1352.53
1775264124, 1588, 354, 430, 0, 0, 0.54%, 0, 0, 11, 1376.60
1775264129, 1588, 424, 430, 0, 0, 0.54%, 0, 0, 11, 1482.28
1775264135, 1589, 86, 430, 0, 0, 0.54%, 0, 0, 11, 1472.76
1775264140, 1589, 165, 430, 0, 0, 0.54%, 0, 0, 11, 1493.60
1775264145, 1589, 269, 430, 0, 0, 0.54%, 0, 0, 11, 1417.15
1775264150, 1589, 361, 430, 0, 0, 0.54%, 0, 0, 11, 1398.64
1775264155, 1590, 22, 430, 0, 0, 0.54%, 0, 0, 11, 1378.38
1775264160, 1590, 79, 430, 0, 0, 0.54%, 0, 0, 11, 1596.25
1775264165, 1590, 111, 430, 0, 0, 0.54%, 0, 0, 11, 1471.77
1775264170, 1590, 188, 430, 0, 0, 0.54%, 0, 0, 11, 1433.41
1775264175, 1590, 239, 430, 0, 0, 0.54%, 0, 0, 11, 1433.16
1775264181, 1590, 323, 430, 0, 0, 0.54%, 0, 0, 11, 1526.28
1775264186, 1590, 371, 430, 0, 0, 0.54%, 0, 0, 11, 1432.46
1775264191, 1590, 424, 430, 0, 0, 0.54%, 0, 0, 11, 1538.26
1775264196, 1591, 79, 430, 0, 0, 0.54%, 0, 0, 11, 1523.33
1775264201, 1591, 121, 430, 0, 0, 0.54%, 0, 0, 11, 1513.66
1775264206, 1591, 196, 430, 0, 0, 0.54%, 0, 0, 11, 1486.21
1775264211, 1591, 325, 430, 0, 0, 0.54%, 0, 0, 11, 1563.33
1775264216, 1591, 357, 430, 0, 0, 0.54%, 0, 0, 11, 1425.94
1775264221, 1592, 34, 430, 0, 0, 0.54%, 0, 0, 11, 1371.30
1775264226, 1592, 80, 430, 0, 0, 0.54%, 0, 0, 11, 1481.47
1775264231, 1592, 111, 430, 0, 0, 0.54%, 0, 0, 11, 1541.68
1775264237, 1592, 204, 430, 0, 0, 0.54%, 0, 0, 11, 1572.25
1775264242, 1592, 344, 430, 0, 0, 0.54%, 0, 0, 11, 1501.21
1775264247, 1592, 385, 430, 0, 0, 0.54%, 0, 0, 11, 1446.64
1775264252, 1593, 22, 430, 0, 0, 0.54%, 0, 0, 11, 1357.32
1775264257, 1593, 80, 430, 0, 0, 0.54%, 0, 0, 11, 1461.33
1775264262, 1593, 114, 430, 0, 0, 0.54%, 0, 0, 11, 1511.90
1775264267, 1593, 148, 430, 0, 0, 0.54%, 0, 0, 11, 1377.01
1775264272, 1593, 237, 430, 0, 0, 0.54%, 0, 0, 11, 1455.54
1775264277, 1593, 331, 430, 0, 0, 0.54%, 0, 0, 11, 1516.43
1775264282, 1593, 379, 430, 0, 0, 0.54%, 0, 0, 11, 1386.51
1775264287, 1594, 63, 430, 0, 0, 0.54%, 0, 0, 11, 1647.67
1775264292, 1594, 86, 430, 0, 0, 0.54%, 0, 0, 11, 1506.84
1775264297, 1594, 189, 430, 0, 0, 0.54%, 0, 0, 11, 1570.22
1775264302, 1594, 261, 430, 0, 0, 0.54%, 0, 0, 11, 1515.79
1775264308, 1594, 357, 430, 0, 0, 0.54%, 0, 0, 11, 1426.01
1775264313, 1595, 10, 430, 0, 0, 0.54%, 0, 0, 11, 1389.81
1775264318, 1595, 91, 430, 0, 0, 0.54%, 0, 0, 11, 1570.64
1775264323, 1595, 242, 430, 0, 0, 0.54%, 0, 0, 11, 1459.43
1775264328, 1595, 311, 430, 0, 0, 0.54%, 0, 0, 11, 1463.32
1775264333, 1595, 371, 430, 0, 0, 0.54%, 0, 0, 11, 1442.80
1775264338, 1596, 27, 430, 0, 0, 0.54%, 0, 0, 11, 1298.79
1775264343, 1596, 86, 430, 0, 0, 0.54%, 0, 0, 11, 1505.84
1775264348, 1596, 124, 430, 0, 0, 0.54%, 0, 0, 11, 1402.61
1775264353, 1596, 286, 430, 0, 0, 0.54%, 0, 0, 11, 1453.01
1775264358, 1596, 334, 430, 0, 0, 0.54%, 0, 0, 11, 1453.41
1775264364, 1596, 385, 430, 0, 0, 0.54%, 0, 0, 11, 1448.03
1775264369, 1597, 28, 430, 0, 0, 0.54%, 0, 0, 11, 1520.83
1775264374, 1597, 91, 430, 0, 0, 0.54%, 0, 0, 11, 1484.36
1775264379, 1597, 147, 430, 0, 0, 0.54%, 0, 0, 11, 1578.98
1775264384, 1597, 296, 430, 0, 0, 0.54%, 0, 0, 11, 1497.42
1775264389, 1597, 357, 430, 0, 0, 0.54%, 0, 0, 11, 1414.95
1775264394, 1597, 429, 430, 0, 0, 0.54%, 0, 0, 11, 1326.72
1775264399, 1598, 60, 430, 0, 0, 0.54%, 0, 0, 11, 1519.27
1775264404, 1598, 91, 430, 0, 0, 0.54%, 0, 0, 11, 1528.83
1775264410, 1598, 147, 430, 0, 0, 0.54%, 0, 0, 11, 1351.99
1775264415, 1598, 275, 430, 0, 0, 0.54%, 0, 0, 11, 1418.15
1775264420, 1598, 385, 430, 0, 0, 0.54%, 0, 0, 11, 1400.22
1775264425, 1599, 42, 430, 0, 0, 0.54%, 0, 0, 11, 1416.97
1775264430, 1599, 91, 430, 0, 0, 0.54%, 0, 0, 11, 1570.87
1775264435, 1599, 189, 430, 0, 0, 0.54%, 0, 0, 11, 1503.46
1775264440, 1599, 325, 430, 0, 0, 0.54%, 0, 0, 11, 1437.26
1775264445, 1599, 385, 430, 0, 0, 0.54%, 0, 0, 11, 1378.59
1775264450, 1600, 77, 430, 0, 0, 0.54%, 0, 0, 11, 1372.22
1775264455, 1600, 88, 430, 0, 0, 0.54%, 0, 0, 11, 1417.23
1775264461, 1600, 111, 430, 0, 0, 0.54%, 0, 0, 11, 1394.99
1775264466, 1600, 243, 430, 0, 0, 0.54%, 0, 0, 11, 1250.73
1775264471, 1600, 385, 430, 0, 0, 0.54%, 0, 0, 11, 1358.50
1775264476, 1601, 86, 430, 0, 0, 0.54%, 0, 0, 11, 1526.61
1775264481, 1601, 122, 430, 0, 0, 0.54%, 0, 0, 11, 1542.44
1775264486, 1601, 192, 430, 0, 0, 0.54%, 0, 0, 11, 1591.27
1775264491, 1601, 289, 430, 0, 0, 0.54%, 0, 0, 11, 1599.70
1775264496, 1601, 349, 430, 0, 0, 0.54%, 0, 0, 11, 1509.55
1775264501, 1601, 397, 430, 0, 0, 0.54%, 0, 0, 11, 1378.26
1775264506, 1602, 63, 430, 0, 0, 0.54%, 0, 0, 11, 1374.22
1775264511, 1602, 109, 430, 0, 0, 0.54%, 0, 0, 11, 1506.95
1775264517, 1602, 166, 430, 0, 0, 0.54%, 0, 0, 11, 1513.31
1775264522, 1602, 251, 430, 0, 0, 0.54%, 0, 0, 11, 1507.96
1775264527, 1602, 354, 430, 0, 0, 0.54%, 0, 0, 11, 1419.90
1775264532, 1603, 56, 430, 0, 0, 0.54%, 0, 0, 11, 1397.90
1775264537, 1603, 86, 430, 0, 0, 0.54%, 0, 0, 11, 594.66
1775264542, 1603, 144, 430, 0, 0, 0.54%, 0, 0, 11, 1268.80
1775264547, 1603, 185, 430, 0, 0, 0.54%, 0, 0, 11, 1421.80
1775264552, 1603, 216, 430, 0, 0, 0.54%, 0, 0, 11, 1398.91
1775264557, 1603, 338, 430, 0, 0, 0.54%, 0, 0, 11, 1383.66
1775264563, 1603, 385, 430, 0, 0, 0.54%, 0, 0, 11, 1347.20
1775264568, 1604, 26, 430, 0, 0, 0.54%, 0, 0, 11, 1253.61
1775264573, 1604, 80, 430, 0, 0, 0.54%, 0, 0, 11, 1376.21
1775264578, 1604, 111, 430, 0, 0, 0.54%, 0, 0, 11, 1453.54
1775264583, 1604, 223, 430, 0, 0, 0.54%, 0, 0, 11, 1386.46
1775264588, 1604, 349, 430, 0, 0, 0.54%, 0, 0, 11, 1463.21
1775264593, 1605, 52, 430, 0, 0, 0.54%, 0, 0, 11, 1389.58
1775264598, 1605, 82, 430, 0, 0, 0.54%, 0, 0, 11, 1476.88
1775264603, 1605, 146, 430, 0, 0, 0.54%, 0, 0, 11, 1546.43
1775264608, 1605, 250, 430, 0, 0, 0.54%, 0, 0, 11, 1481.52
1775264613, 1605, 354, 430, 0, 0, 0.54%, 0, 0, 11, 1394.94
1775264618, 1606, 0, 430, 0, 0, 0.54%, 0, 0, 11, 1276.77
1775264624, 1606, 79, 430, 0, 0, 0.54%, 0, 0, 11, 1539.10
1775264629, 1606, 111, 430, 0, 0, 0.54%, 0, 0, 11, 1533.21
1775264634, 1606, 180, 430, 0, 0, 0.54%, 0, 0, 11, 1409.07
1775264639, 1606, 354, 430, 0, 0, 0.54%, 0, 0, 11, 1422.34
1775264644, 1606, 416, 430, 0, 0, 0.54%, 0, 0, 11, 1301.48
1775264649, 1607, 17, 430, 0, 0, 0.54%, 0, 0, 11, 1555.30
1775264654, 1607, 71, 430, 0, 0, 0.54%, 0, 0, 11, 1539.64
1775264659, 1607, 100, 430, 0, 0, 0.54%, 0, 0, 11, 1502.59
1775264664, 1607, 189, 430, 0, 0, 0.54%, 0, 0, 11, 1529.17
1775264670, 1607, 216, 430, 0, 0, 0.54%, 0, 0, 11, 1462.10
1775264675, 1607, 349, 430, 0, 0, 0.54%, 0, 0, 11, 1515.71
1775264680, 1607, 395, 430, 0, 0, 0.54%, 0, 0, 11, 1356.89
1775264685, 1608, 77, 430, 0, 0, 0.54%, 0, 0, 11, 1508.04
1775264690, 1608, 100, 430, 0, 0, 0.54%, 0, 0, 11, 1372.93
1775264695, 1608, 147, 430, 0, 0, 0.54%, 0, 0, 11, 1517.07
1775264700, 1608, 196, 430, 0, 0, 0.54%, 0, 0, 11, 1608.25
1775264705, 1608, 354, 430, 0, 0, 0.54%, 0, 0, 11, 1527.83
1775264710, 1608, 418, 430, 0, 0, 0.54%, 0, 0, 11, 1060.05
1775264715, 1609, 77, 430, 0, 0, 0.54%, 0, 0, 11, 1428.79
1775264720, 1609, 100, 430, 0, 0, 0.54%, 0, 0, 11, 1477.18
1775264725, 1609, 210, 430, 0, 0, 0.54%, 0, 0, 11, 1405.49
1775264730, 1609, 267, 430, 0, 0, 0.54%, 0, 0, 11, 1416.96
1775264735, 1609, 357, 430, 0, 0, 0.54%, 0, 0, 11, 1457.86
1775264741, 1609, 405, 430, 0, 0, 0.54%, 0, 0, 11, 1183.98
1775264746, 1610, 39, 430, 0, 0, 0.54%, 0, 0, 11, 1438.20
1775264751, 1610, 91, 430, 0, 0, 0.54%, 0, 0, 11, 1501.48
1775264756, 1610, 147, 430, 0, 0, 0.54%, 0, 0, 11, 1357.09
1775264761, 1610, 325, 430, 0, 0, 0.54%, 0, 0, 11, 1450.42
1775264766, 1610, 385, 430, 0, 0, 0.54%, 0, 0, 11, 1411.37
1775264771, 1611, 49, 430, 0, 0, 0.54%, 0, 0, 11, 1291.35
1775264776, 1611, 85, 430, 0, 0, 0.54%, 0, 0, 11, 1461.85
1775264782, 1611, 134, 430, 0, 0, 0.54%, 0, 0, 11, 1666.77
1775264787, 1611, 214, 430, 0, 0, 0.54%, 0, 0, 11, 1380.75
1775264792, 1611, 349, 430, 0, 0, 0.54%, 0, 0, 11, 1482.26
1775264797, 1611, 401, 430, 0, 0, 0.54%, 0, 0, 11, 1309.04
1775264802, 1612, 50, 430, 0, 0, 0.54%, 0, 0, 11, 1398.65
1775264807, 1612, 91, 430, 0, 0, 0.54%, 0, 0, 11, 1532.23
1775264812, 1612, 118, 430, 0, 0, 0.54%, 0, 0, 11, 1474.56
1775264817, 1612, 186, 430, 0, 0, 0.54%, 0, 0, 11, 1426.03
1775264822, 1612, 251, 430, 0, 0, 0.54%, 0, 0, 11, 1470.76
1775264827, 1612, 336, 430, 0, 0, 0.54%, 0, 0, 11, 1494.83
1775264832, 1612, 385, 430, 0, 0, 0.54%, 0, 0, 11, 1384.08
1775264837, 1613, 11, 430, 0, 0, 0.54%, 0, 0, 11, 1336.43
1775264842, 1613, 89, 430, 0, 0, 0.54%, 0, 0, 11, 1378.95
1775264847, 1613, 147, 430, 0, 0, 0.54%, 0, 0, 11, 1465.29
1775264852, 1613, 223, 430, 0, 0, 0.54%, 0, 0, 11, 1531.48
1775264858, 1613, 358, 430, 0, 0, 0.54%, 0, 0, 11, 1360.71
1775264863, 1614, 7, 430, 0, 0, 0.54%, 0, 0, 11, 1154.51
1775264868, 1614, 80, 430, 0, 0, 0.54%, 0, 0, 11, 1462.38
1775264873, 1614, 111, 430, 0, 0, 0.54%, 0, 0, 11, 1412.75
1775264878, 1614, 177, 430, 0, 0, 0.54%, 0, 0, 11, 1369.88
1775264883, 1614, 325, 430, 0, 0, 0.54%, 0, 0, 11, 1424.73
1775264888, 1614, 370, 430, 0, 0, 0.54%, 0, 0, 11, 1324.87
1775264893, 1615, 18, 430, 0, 0, 0.54%, 0, 0, 11, 1486.09
1775264898, 1615, 80, 430, 0, 0, 0.54%, 0, 0, 11, 1890.00
1775264903, 1615, 125, 430, 0, 0, 0.54%, 0, 0, 11, 1545.01
1775264908, 1615, 151, 430, 0, 0, 0.54%, 0, 0, 11, 1404.44
1775264913, 1615, 308, 430, 0, 0, 0.54%, 0, 0, 11, 1435.12
1775264918, 1615, 385, 430, 0, 0, 0.54%, 0, 0, 11, 1352.31
1775264924, 1616, 79, 430, 0, 0, 0.54%, 0, 0, 11, 1556.89
1775264929, 1616, 100, 430, 0, 0, 0.54%, 0, 0, 11, 1491.17
1775264934, 1616, 252, 430, 0, 0, 0.54%, 0, 0, 11, 1450.58
1775264939, 1616, 349, 430, 0, 0, 0.54%, 0, 0, 11, 1430.94
1775264944, 1617, 12, 430, 0, 0, 0.54%, 0, 0, 11, 1266.80
1775264949, 1617, 73, 430, 0, 0, 0.54%, 0, 0, 11, 1530.80
1775264954, 1617, 91, 430, 0, 0, 0.54%, 0, 0, 11, 1441.61
1775264959, 1617, 144, 430, 0, 0, 0.54%, 0, 0, 11, 1482.22
1775264964, 1617, 214, 430, 0, 0, 0.54%, 0, 0, 11, 1427.47
1775264969, 1617, 325, 430, 0, 0, 0.54%, 0, 0, 11, 1584.12
1775264975, 1617, 372, 430, 0, 0, 0.54%, 0, 0, 11, 1384.11
1775264980, 1618, 63, 430, 0, 0, 0.54%, 0, 0, 11, 1386.10
1775264985, 1618, 91, 430, 0, 0, 0.54%, 0, 0, 11, 1475.99
1775264990, 1618, 115, 430, 0, 0, 0.54%, 0, 0, 11, 1503.64
1775264995, 1618, 238, 430, 0, 0, 0.54%, 0, 0, 11, 1532.81
1775265000, 1618, 368, 430, 0, 0, 0.54%, 0, 0, 11, 1422.26
1775265005, 1619, 63, 430, 0, 0, 0.54%, 0, 0, 11, 1384.60
1775265010, 1619, 80, 430, 0, 0, 0.54%, 0, 0, 11, 1344.83
1775265015, 1619, 111, 430, 0, 0, 0.54%, 0, 0, 11, 1433.18
1775265020, 1619, 181, 430, 0, 0, 0.54%, 0, 0, 11, 1584.17
1775265025, 1619, 293, 430, 0, 0, 0.54%, 0, 0, 11, 1547.53
1775265030, 1619, 354, 430, 0, 0, 0.54%, 0, 0, 11, 1373.41
1775265036, 1619, 385, 430, 0, 0, 0.54%, 0, 0, 11, 1334.46
1775265041, 1620, 78, 430, 0, 0, 0.54%, 0, 0, 11, 1455.73
1775265046, 1620, 91, 430, 0, 0, 0.54%, 0, 0, 11, 1420.20
1775265051, 1620, 147, 430, 0, 0, 0.54%, 0, 0, 11, 1479.33
1775265056, 1620, 247, 430, 0, 0, 0.54%, 0, 0, 11, 1495.90
1775265061, 1620, 349, 430, 0, 0, 0.54%, 0, 0, 11, 1407.55
1775265066, 1621, 12, 430, 0, 0, 0.54%, 0, 0, 11, 1264.83
1775265071, 1621, 80, 430, 0, 0, 0.54%, 0, 0, 11, 1574.22
1775265076, 1621, 166, 430, 0, 0, 0.54%, 0, 0, 11, 1446.69
1775265081, 1621, 286, 430, 0, 0, 0.54%, 0, 0, 11, 1616.49
1775265087, 1621, 357, 430, 0, 0, 0.54%, 0, 0, 11, 1435.69
1775265092, 1621, 424, 430, 0, 0, 0.54%, 0, 0, 11, 930.13
1775265097, 1622, 86, 430, 0, 0, 0.54%, 0, 0, 11, 1440.74
1775265102, 1622, 154, 430, 0, 0, 0.54%, 0, 0, 11, 1520.36
1775265107, 1622, 325, 430, 0, 0, 0.54%, 0, 0, 11, 1543.94
1775265112, 1622, 400, 430, 0, 0, 0.54%, 0, 0, 11, 1323.10
1775265117, 1623, 77, 430, 0, 0, 0.54%, 0, 0, 11, 1394.18
1775265123, 1623, 100, 430, 0, 0, 0.54%, 0, 0, 11, 1553.92
1775265128, 1623, 165, 430, 0, 0, 0.54%, 0, 0, 11, 1477.36
1775265133, 1623, 237, 430, 0, 0, 0.54%, 0, 0, 11, 1422.69
1775265138, 1623, 371, 430, 0, 0, 0.54%, 0, 0, 11, 1426.74
1775265143, 1624, 63, 430, 0, 0, 0.54%, 0, 0, 11, 1329.70
1775265148, 1624, 100, 430, 0, 0, 0.54%, 0, 0, 11, 1487.73
1775265153, 1624, 290, 430, 0, 0, 0.54%, 0, 0, 11, 1475.36
1775265159, 1624, 303, 430, 0, 0, 0.54%, 0, 0, 11, 724.22
1775265164, 1624, 385, 430, 0, 0, 0.54%, 0, 0, 11, 1193.74
1775265169, 1625, 45, 430, 0, 0, 0.54%, 0, 0, 11, 1464.35
1775265174, 1625, 91, 430, 0, 0, 0.54%, 0, 0, 11, 1498.87
1775265179, 1625, 142, 430, 0, 0, 0.54%, 0, 0, 11, 1496.25
1775265184, 1625, 201, 430, 0, 0, 0.54%, 0, 0, 11, 1520.69
1775265189, 1625, 289, 430, 0, 0, 0.54%, 0, 0, 11, 1404.70
1775265194, 1625, 385, 430, 0, 0, 0.54%, 0, 0, 11, 1296.68
1775265199, 1626, 63, 430, 0, 0, 0.54%, 0, 0, 11, 1413.58
1775265204, 1626, 93, 430, 0, 0, 0.54%, 0, 0, 11, 1604.87
1775265210, 1626, 148, 430, 0, 0, 0.54%, 0, 0, 11, 1471.50
1775265215, 1626, 203, 430, 0, 0, 0.54%, 0, 0, 11, 1415.25
1775265220, 1626, 354, 430, 0, 0, 0.54%, 0, 0, 11, 1374.97
1775265225, 1626, 421, 430, 0, 0, 0.54%, 0, 0, 11, 1272.61
1775265230, 1627, 86, 430, 0, 0, 0.54%, 0, 0, 11, 1429.46
1775265235, 1627, 147, 430, 0, 0, 0.54%, 0, 0, 11, 1452.47
1775265240, 1627, 228, 430, 0, 0, 0.54%, 0, 0, 11, 1435.68
1775265245, 1627, 354, 430, 0, 0, 0.54%, 0, 0, 11, 1431.05
1775265250, 1627, 400, 430, 0, 0, 0.54%, 0, 0, 11, 1280.53
1775265255, 1628, 86, 430, 0, 0, 0.54%, 0, 0, 11, 1379.75
1775265260, 1628, 158, 430, 0, 0, 0.54%, 0, 0, 11, 1511.80
1775265266, 1628, 223, 430, 0, 0, 0.54%, 0, 0, 11, 1389.69
1775265271, 1628, 354, 430, 0, 0, 0.54%, 0, 0, 11, 1425.57
1775265276, 1629, 33, 430, 0, 0, 0.54%, 0, 0, 11, 1441.54
1775265281, 1629, 79, 430, 0, 0, 0.54%, 0, 0, 11, 1554.14
1775265286, 1629, 147, 430, 0, 0, 0.54%, 0, 0, 11, 1534.59
1775265291, 1629, 196, 430, 0, 0, 0.54%, 0, 0, 11, 1415.43
1775265296, 1629, 325, 430, 0, 0, 0.54%, 0, 0, 11, 1437.73
1775265301, 1629, 388, 430, 0, 0, 0.54%, 0, 0, 11, 1262.72
1775265306, 1630, 79, 430, 0, 0, 0.54%, 0, 0, 11, 1429.68
1775265311, 1630, 100, 430, 0, 0, 0.54%, 0, 0, 11, 1597.34
1775265316, 1630, 154, 430, 0, 0, 0.54%, 0, 0, 11, 1521.03
1775265321, 1630, 258, 430, 0, 0, 0.54%, 0, 0, 11, 1544.00
1775265326, 1630, 349, 430, 0, 0, 0.54%, 0, 0, 11, 1556.99
1775265331, 1631, 0, 430, 0, 0, 0.54%, 0, 0, 11, 1381.92
1775265337, 1631, 91, 430, 0, 0, 0.54%, 0, 0, 11, 1430.52
1775265342, 1631, 127, 430, 0, 0, 0.54%, 0, 0, 11, 1444.78
1775265347, 1631, 256, 430, 0, 0, 0.54%, 0, 0, 11, 1358.14
1775265352, 1631, 300, 430, 0, 0, 0.54%, 0, 0, 11, 1440.08
1775265357, 1631, 385, 430, 0, 0, 0.54%, 0, 0, 11, 1404.74
1775265362, 1632, 71, 430, 0, 0, 0.54%, 0, 0, 11, 1557.92
1775265367, 1632, 102, 430, 0, 0, 0.54%, 0, 0, 11, 1417.61
1775265372, 1632, 142, 430, 0, 0, 0.54%, 0, 0, 11, 1306.90
1775265377, 1632, 235, 430, 0, 0, 0.54%, 0, 0, 11, 1375.36
1775265382, 1632, 349, 430, 0, 0, 0.54%, 0, 0, 11, 1436.71
1775265388, 1632, 409, 430, 0, 0, 0.54%, 0, 0, 11, 1209.71
1775265393, 1633, 63, 430, 0, 0, 0.54%, 0, 0, 11, 1447.81
1775265398, 1633, 86, 430, 0, 0, 0.54%, 0, 0, 11, 1422.84
1775265403, 1633, 167, 430, 0, 0, 0.54%, 0, 0, 11, 1513.03
1775265408, 1633, 354, 430, 0, 0, 0.54%, 0, 0, 11, 1610.06
1775265413, 1634, 18, 430, 0, 0, 0.54%, 0, 0, 11, 1247.92
1775265418, 1634, 86, 430, 0, 0, 0.54%, 0, 0, 11, 1381.95
1775265423, 1634, 128, 430, 0, 0, 0.54%, 0, 0, 11, 1445.06
1775265428, 1634, 170, 430, 0, 0, 0.54%, 0, 0, 11, 1415.05
1775265433, 1634, 279, 430, 0, 0, 0.54%, 0, 0, 11, 1408.91
1775265438, 1634, 357, 430, 0, 0, 0.54%, 0, 0, 11, 1558.67
1775265443, 1635, 29, 430, 0, 0, 0.54%, 0, 0, 11, 1511.65
1775265449, 1635, 63, 430, 0, 0, 0.54%, 0, 0, 11, 1536.19
1775265454, 1635, 100, 430, 0, 0, 0.54%, 0, 0, 11, 1537.73
1775265459, 1635, 221, 430, 0, 0, 0.54%, 0, 0, 11, 1448.93
1775265464, 1635, 296, 430, 0, 0, 0.54%, 0, 0, 11, 1402.81
1775265469, 1635, 357, 430, 0, 0, 0.54%, 0, 0, 11, 1360.60
1775265474, 1636, 45, 430, 0, 0, 0.54%, 0, 0, 11, 1333.95
1775265479, 1636, 80, 430, 0, 0, 0.54%, 0, 0, 11, 1482.11
1775265484, 1636, 111, 430, 0, 0, 0.54%, 0, 0, 11, 1561.97
1775265489, 1636, 241, 430, 0, 0, 0.54%, 0, 0, 11, 1436.60
1775265495, 1636, 315, 430, 0, 0, 0.54%, 0, 0, 11, 1395.22
1775265500, 1636, 385, 430, 0, 0, 0.54%, 0, 0, 11, 1311.23
1775265505, 1637, 63, 430, 0, 0, 0.54%, 0, 0, 11, 1410.23
1775265510, 1637, 93, 430, 0, 0, 0.54%, 0, 0, 11, 1511.16
1775265515, 1637, 186, 430, 0, 0, 0.54%, 0, 0, 11, 1508.58
1775265520, 1637, 325, 430, 0, 0, 0.54%, 0, 0, 11, 1415.91
1775265525, 1637, 371, 430, 0, 0, 0.54%, 0, 0, 11, 1365.79
1775265530, 1637, 424, 430, 0, 0, 0.54%, 0, 0, 11, 1236.86
1775265535, 1638, 44, 430, 0, 0, 0.54%, 0, 0, 11, 1414.89
1775265540, 1638, 80, 430, 0, 0, 0.54%, 0, 0, 11, 1667.25
1775265545, 1638, 111, 430, 0, 0, 0.54%, 0, 0, 11, 1434.49
1775265551, 1638, 149, 430, 0, 0, 0.54%, 0, 0, 11, 1393.29
1775265556, 1638, 248, 430, 0, 0, 0.54%, 0, 0, 11, 1451.47
1775265561, 1638, 361, 430, 0, 0, 0.54%, 0, 0, 11, 1386.87
1775265566, 1638, 407, 430, 0, 0, 0.54%, 0, 0, 11, 1051.07
1775265571, 1639, 70, 430, 0, 0, 0.54%, 0, 0, 11, 1351.72
1775265576, 1639, 86, 430, 0, 0, 0.54%, 0, 0, 11, 1401.26
1775265581, 1639, 139, 430, 0, 0, 0.54%, 0, 0, 11, 1474.16
1775265586, 1639, 202, 430, 0, 0, 0.54%, 0, 0, 11, 1434.67
1775265592, 1639, 336, 430, 0, 0, 0.54%, 0, 0, 11, 1364.96
1775265597, 1639, 362, 430, 0, 0, 0.54%, 0, 0, 11, 1337.92
1775265602, 1639, 388, 430, 0, 0, 0.54%, 0, 0, 11, 1205.52
1775265607, 1640, 80, 430, 0, 0, 0.54%, 0, 0, 11, 1517.12
1775265612, 1640, 147, 430, 0, 0, 0.54%, 0, 0, 11, 1434.11
1775265617, 1640, 196, 430, 0, 0, 0.54%, 0, 0, 11, 1463.71
1775265622, 1640, 354, 430, 0, 0, 0.54%, 0, 0, 11, 1426.90
1775265627, 1641, 63, 430, 0, 0, 0.54%, 0, 0, 11, 1403.19
1775265632, 1641, 91, 430, 0, 0, 0.54%, 0, 0, 11, 1421.80
1775265637, 1641, 129, 430, 0, 0, 0.54%, 0, 0, 11, 1459.29
1775265642, 1641, 174, 430, 0, 0, 0.54%, 0, 0, 11, 1489.03
1775265647, 1641, 302, 430, 0, 0, 0.54%, 0, 0, 11, 1572.98
1775265653, 1641, 371, 430, 0, 0, 0.54%, 0, 0, 11, 1444.44
1775265658, 1642, 72, 430, 0, 0, 0.54%, 0, 0, 11, 1451.31
1775265663, 1642, 94, 430, 0, 0, 0.54%, 0, 0, 11, 1594.10
1775265668, 1642, 147, 430, 0, 0, 0.54%, 0, 0, 11, 1456.97
1775265673, 1642, 203, 430, 0, 0, 0.54%, 0, 0, 11, 1493.75
1775265678, 1642, 268, 430, 0, 0, 0.54%, 0, 0, 11, 1452.11
1775265683, 1642, 354, 430, 0, 0, 0.54%, 0, 0, 11, 1466.59
1775265688, 1643, 24, 430, 0, 0, 0.54%, 0, 0, 11, 1269.48
1775265693, 1643, 79, 430, 0, 0, 0.54%, 0, 0, 11, 1437.13
1775265698, 1643, 112, 430, 0, 0, 0.54%, 0, 0, 11, 1503.94
1775265704, 1643, 177, 430, 0, 0, 0.54%, 0, 0, 11, 1396.97
1775265709, 1643, 255, 430, 0, 0, 0.54%, 0, 0, 11, 1671.99
1775265714, 1643, 313, 430, 0, 0, 0.54%, 0, 0, 11, 1458.59
1775265719, 1643, 370, 430, 0, 0, 0.54%, 0, 0, 11, 1516.00
1775265724, 1644, 45, 430, 0, 0, 0.54%, 0, 0, 11, 1436.69
1775265729, 1644, 100, 430, 0, 0, 0.54%, 0, 0, 11, 1470.13
1775265734, 1644, 147, 430, 0, 0, 0.54%, 0, 0, 11, 1369.27
1775265739, 1644, 188, 430, 0, 0, 0.54%, 0, 0, 11, 333.91
1775265744, 1644, 283, 430, 0, 0, 0.54%, 0, 0, 11, 1406.14
1775265749, 1644, 354, 430, 0, 0, 0.54%, 0, 0, 11, 1349.15
1775265754, 1645, 22, 430, 0, 0, 0.54%, 0, 0, 11, 1398.38
1775265760, 1645, 69, 430, 0, 0, 0.54%, 0, 0, 11, 1380.69
1775265765, 1645, 91, 430, 0, 0, 0.54%, 0, 0, 11, 1472.33
1775265770, 1645, 120, 430, 0, 0, 0.54%, 0, 0, 11, 1554.93
1775265775, 1645, 184, 430, 0, 0, 0.54%, 0, 0, 11, 1542.27
1775265780, 1645, 251, 430, 0, 0, 0.54%, 0, 0, 11, 1528.62
1775265785, 1645, 325, 430, 0, 0, 0.54%, 0, 0, 11, 1498.06
1775265790, 1645, 371, 430, 0, 0, 0.54%, 0, 0, 11, 1433.38
1775265795, 1646, 79, 430, 0, 0, 0.54%, 0, 0, 11, 1414.24
1775265800, 1646, 111, 430, 0, 0, 0.54%, 0, 0, 11, 1410.35
1775265806, 1646, 196, 430, 0, 0, 0.54%, 0, 0, 11, 1463.96
1775265811, 1646, 275, 430, 0, 0, 0.54%, 0, 0, 11, 1391.76
1775265816, 1646, 325, 430, 0, 0, 0.54%, 0, 0, 11, 1411.94
1775265821, 1647, 22, 430, 0, 0, 0.54%, 0, 0, 11, 1383.24
1775265826, 1647, 86, 430, 0, 0, 0.54%, 0, 0, 11, 1541.62
1775265831, 1647, 117, 430, 0, 0, 0.54%, 0, 0, 11, 1544.69
1775265836, 1647, 178, 430, 0, 0, 0.54%, 0, 0, 11, 1520.21
1775265841, 1647, 267, 430, 0, 0, 0.54%, 0, 0, 11, 1536.80
1775265846, 1647, 357, 430, 0, 0, 0.54%, 0, 0, 11, 1378.25
1775265851, 1648, 17, 430, 0, 0, 0.54%, 0, 0, 11, 1221.79
1775265856, 1648, 80, 430, 0, 0, 0.54%, 0, 0, 11, 1472.56
1775265861, 1648, 113, 430, 0, 0, 0.54%, 0, 0, 11, 1492.48
1775265867, 1648, 243, 430, 0, 0, 0.54%, 0, 0, 11, 1549.45
1775265872, 1648, 354, 430, 0, 0, 0.54%, 0, 0, 11, 1364.30
1775265877, 1649, 53, 430, 0, 0, 0.54%, 0, 0, 11, 1379.27
1775265882, 1649, 80, 430, 0, 0, 0.54%, 0, 0, 11, 1424.20
1775265887, 1649, 120, 430, 0, 0, 0.54%, 0, 0, 11, 1526.19
1775265892, 1649, 235, 430, 0, 0, 0.54%, 0, 0, 11, 1530.33
1775265897, 1649, 306, 430, 0, 0, 0.54%, 0, 0, 11, 1499.03
1775265902, 1649, 385, 430, 0, 0, 0.54%, 0, 0, 11, 1406.09
1775265907, 1650, 79, 430, 0, 0, 0.54%, 0, 0, 11, 1526.78
1775265913, 1650, 111, 430, 0, 0, 0.54%, 0, 0, 11, 1494.91
1775265918, 1650, 228, 430, 0, 0, 0.54%, 0, 0, 11, 1550.93
1775265923, 1650, 349, 430, 0, 0, 0.54%, 0, 0, 11, 1512.06
1775265928, 1651, 2, 430, 0, 0, 0.54%, 0, 0, 11, 1377.63
1775265933, 1651, 61, 430, 0, 0, 0.54%, 0, 0, 11, 1349.20
1775265938, 1651, 86, 430, 0, 0, 0.54%, 0, 0, 11, 1426.40
1775265943, 1651, 147, 430, 0, 0, 0.54%, 0, 0, 11, 1422.59
1775265948, 1651, 223, 430, 0, 0, 0.54%, 0, 0, 11, 1434.80
1775265953, 1651, 347, 430, 0, 0, 0.54%, 0, 0, 11, 1414.08
1775265958, 1651, 385, 430, 0, 0, 0.54%, 0, 0, 11, 1334.07
1775265964, 1652, 51, 430, 0, 0, 0.54%, 0, 0, 11, 1336.99
1775265969, 1652, 100, 430, 0, 0, 0.54%, 0, 0, 11, 1473.15
1775265974, 1652, 121, 430, 0, 0, 0.54%, 0, 0, 11, 1470.46
1775265979, 1652, 239, 430, 0, 0, 0.54%, 0, 0, 11, 1480.06
1775265984, 1652, 297, 430, 0, 0, 0.54%, 0, 0, 11, 1281.35
1775265989, 1652, 357, 430, 0, 0, 0.54%, 0, 0, 11, 1439.43
1775265994, 1653, 29, 430, 0, 0, 0.54%, 0, 0, 11, 1409.01
1775265999, 1653, 80, 430, 0, 0, 0.54%, 0, 0, 11, 1472.97
1775266004, 1653, 111, 430, 0, 0, 0.54%, 0, 0, 11, 1542.72
1775266009, 1653, 167, 430, 0, 0, 0.54%, 0, 0, 11, 1668.78
1775266014, 1653, 202, 430, 0, 0, 0.54%, 0, 0, 11, 1522.36
1775266019, 1653, 274, 430, 0, 0, 0.54%, 0, 0, 11, 1442.65
1775266025, 1653, 354, 430, 0, 0, 0.54%, 0, 0, 11, 1451.52
1775266030, 1654, 7, 430, 0, 0, 0.54%, 0, 0, 11, 1573.65
1775266035, 1654, 80, 430, 0, 0, 0.54%, 0, 0, 11, 1556.11
1775266040, 1654, 110, 430, 0, 0, 0.54%, 0, 0, 11, 1533.90
1775266045, 1654, 147, 430, 0, 0, 0.54%, 0, 0, 11, 1562.57
1775266050, 1654, 263, 430, 0, 0, 0.54%, 0, 0, 11, 1531.30
1775266055, 1654, 340, 430, 0, 0, 0.54%, 0, 0, 11, 1437.68
1775266060, 1654, 385, 430, 0, 0, 0.54%, 0, 0, 11, 1392.13
1775266065, 1655, 79, 430, 0, 0, 0.54%, 0, 0, 11, 1605.33
1775266070, 1655, 111, 430, 0, 0, 0.54%, 0, 0, 11, 1562.08
1775266076, 1655, 237, 430, 0, 0, 0.54%, 0, 0, 11, 1608.62
1775266081, 1655, 371, 430, 0, 0, 0.54%, 0, 0, 11, 1448.59
1775266086, 1656, 15, 430, 0, 0, 0.54%, 0, 0, 11, 1720.01
1775266091, 1656, 80, 430, 0, 0, 0.54%, 0, 0, 11, 1558.72
1775266096, 1656, 121, 430, 0, 0, 0.54%, 0, 0, 11, 1520.68
1775266101, 1656, 196, 430, 0, 0, 0.54%, 0, 0, 11, 1505.43
1775266106, 1656, 242, 430, 0, 0, 0.54%, 0, 0, 11, 1487.64
1775266111, 1656, 345, 430, 0, 0, 0.54%, 0, 0, 11, 1576.24
1775266116, 1656, 403, 430, 0, 0, 0.54%, 0, 0, 11, 1292.31
1775266122, 1657, 79, 430, 0, 0, 0.54%, 0, 0, 11, 1450.18
1775266127, 1657, 147, 430, 0, 0, 0.54%, 0, 0, 11, 1582.16
1775266132, 1657, 277, 430, 0, 0, 0.54%, 0, 0, 11, 1553.10
1775266137, 1657, 385, 430, 0, 0, 0.54%, 0, 0, 11, 1445.00
1775266142, 1658, 48, 430, 0, 0, 0.54%, 0, 0, 11, 1400.54
1775266147, 1658, 87, 430, 0, 0, 0.54%, 0, 0, 11, 1470.50
1775266152, 1658, 145, 430, 0, 0, 0.54%, 0, 0, 11, 1424.39
1775266157, 1658, 229, 430, 0, 0, 0.54%, 0, 0, 11, 1445.07
1775266162, 1658, 271, 430, 0, 0, 0.54%, 0, 0, 11, 1388.04
1775266167, 1658, 323, 430, 0, 0, 0.54%, 0, 0, 11, 1481.07
1775266173, 1658, 357, 430, 0, 0, 0.54%, 0, 0, 11, 1415.18
1775266178, 1659, 37, 430, 0, 0, 0.54%, 0, 0, 11, 1402.13
1775266183, 1659, 80, 430, 0, 0, 0.54%, 0, 0, 11, 1508.28
1775266188, 1659, 132, 430, 0, 0, 0.54%, 0, 0, 11, 1367.44
1775266193, 1659, 215, 430, 0, 0, 0.54%, 0, 0, 11, 1459.33
1775266198, 1659, 293, 430, 0, 0, 0.54%, 0, 0, 11, 1306.13
1775266203, 1659, 371, 430, 0, 0, 0.54%, 0, 0, 11, 1344.65
1775266208, 1660, 22, 430, 0, 0, 0.54%, 0, 0, 11, 1490.53
1775266213, 1660, 86, 430, 0, 0, 0.54%, 0, 0, 11, 1342.77
1775266218, 1660, 184, 430, 0, 0, 0.54%, 0, 0, 11, 1501.25
1775266223, 1660, 325, 430, 0, 0, 0.54%, 0, 0, 11, 1515.07
1775266228, 1660, 385, 430, 0, 0, 0.54%, 0, 0, 11, 1377.22
1775266234, 1661, 63, 430, 0, 0, 0.54%, 0, 0, 11, 1784.20
1775266239, 1661, 100, 430, 0, 0, 0.54%, 0, 0, 11, 1639.34
1775266244, 1661, 196, 430, 0, 0, 0.54%, 0, 0, 11, 1561.99
1775266249, 1661, 238, 430, 0, 0, 0.54%, 0, 0, 11, 1522.06
1775266254, 1661, 300, 430, 0, 0, 0.54%, 0, 0, 11, 1454.85
1775266259, 1661, 360, 430, 0, 0, 0.54%, 0, 0, 11, 1369.75
1775266264, 1662, 12, 430, 0, 0, 0.54%, 0, 0, 11, 1317.56
1775266269, 1662, 80, 430, 0, 0, 0.54%, 0, 0, 11, 1543.71
1775266274, 1662, 111, 430, 0, 0, 0.54%, 0, 0, 11, 1491.01
1775266280, 1662, 216, 430, 0, 0, 0.54%, 0, 0, 11, 1512.44
1775266285, 1662, 349, 430, 0, 0, 0.54%, 0, 0, 11, 1499.19
1775266290, 1662, 387, 430, 0, 0, 0.54%, 0, 0, 11, 1248.26
1775266295, 1663, 60, 430, 0, 0, 0.54%, 0, 0, 11, 1403.45
1775266300, 1663, 80, 430, 0, 0, 0.54%, 0, 0, 11, 1623.23
1775266305, 1663, 104, 430, 0, 0, 0.54%, 0, 0, 11, 1557.56
1775266310, 1663, 153, 430, 0, 0, 0.54%, 0, 0, 11, 1387.39
1775266315, 1663, 262, 430, 0, 0, 0.54%, 0, 0, 11, 1508.68
1775266320, 1663, 371, 430, 0, 0, 0.54%, 0, 0, 11, 1455.85
1775266325, 1664, 22, 430, 0, 0, 0.54%, 0, 0, 11, 1358.63
1775266330, 1664, 80, 430, 0, 0, 0.54%, 0, 0, 11, 1405.26
1775266335, 1664, 126, 430, 0, 0, 0.54%, 0, 0, 11, 1522.03
1775266340, 1664, 191, 430, 0, 0, 0.54%, 0, 0, 11, 1572.74
1775266345, 1664, 300, 430, 0, 0, 0.54%, 0, 0, 11, 1579.48
1775266350, 1664, 371, 430, 0, 0, 0.54%, 0, 0, 11, 1457.05
1775266355, 1665, 25, 430, 0, 0, 0.54%, 0, 0, 11, 1522.99
1775266361, 1665, 81, 430, 0, 0, 0.54%, 0, 0, 11, 1526.20
1775266366, 1665, 100, 430, 0, 0, 0.54%, 0, 0, 11, 1518.03
1775266371, 1665, 166, 430, 0, 0, 0.54%, 0, 0, 11, 1503.04
1775266376, 1665, 275, 430, 0, 0, 0.54%, 0, 0, 11, 1424.49
1775266381, 1665, 372, 430, 0, 0, 0.54%, 0, 0, 11, 1403.91
1775266386, 1666, 37, 430, 0, 0, 0.54%, 0, 0, 11, 1214.59
1775266391, 1666, 86, 430, 0, 0, 0.54%, 0, 0, 11, 1420.02
1775266396, 1666, 146, 430, 0, 0, 0.54%, 0, 0, 11, 1416.89
1775266401, 1666, 184, 430, 0, 0, 0.54%, 0, 0, 11, 1432.21
1775266406, 1666, 302, 430, 0, 0, 0.54%, 0, 0, 11, 1453.07
1775266411, 1666, 385, 430, 0, 0, 0.54%, 0, 0, 11, 1232.77
1775266416, 1667, 36, 430, 0, 0, 0.54%, 0, 0, 11, 1380.20
1775266422, 1667, 100, 430, 0, 0, 0.54%, 0, 0, 11, 1610.61
1775266427, 1667, 123, 430, 0, 0, 0.54%, 0, 0, 11, 1470.15
1775266432, 1667, 218, 430, 0, 0, 0.54%, 0, 0, 11, 1451.11
1775266437, 1667, 325, 430, 0, 0, 0.54%, 0, 0, 11, 1484.74
1775266442, 1667, 385, 430, 0, 0, 0.54%, 0, 0, 11, 1380.23
1775266447, 1668, 27, 430, 0, 0, 0.54%, 0, 0, 11, 1475.34
1775266452, 1668, 86, 430, 0, 0, 0.54%, 0, 0, 11, 1568.89
1775266457, 1668, 196, 430, 0, 0, 0.54%, 0, 0, 11, 1520.45
1775266462, 1668, 346, 430, 0, 0, 0.54%, 0, 0, 11, 1522.65
1775266467, 1668, 385, 430, 0, 0, 0.54%, 0, 0, 11, 1338.27
1775266472, 1669, 45, 430, 0, 0, 0.54%, 0, 0, 11, 1377.70
1775266478, 1669, 95, 430, 0, 0, 0.54%, 0, 0, 11, 1523.83
1775266483, 1669, 119, 430, 0, 0, 0.54%, 0, 0, 11, 1518.63
1775266488, 1669, 194, 430, 0, 0, 0.54%, 0, 0, 11, 1384.64
1775266493, 1669, 329, 430, 0, 0, 0.54%, 0, 0, 11, 1403.44
1775266498, 1669, 395, 430, 0, 0, 0.54%, 0, 0, 11, 1350.51
1775266503, 1670, 47, 430, 0, 0, 0.54%, 0, 0, 11, 1445.53
1775266508, 1670, 86, 430, 0, 0, 0.54%, 0, 0, 11, 1547.26
1775266513, 1670, 140, 430, 0, 0, 0.54%, 0, 0, 11, 1523.69
1775266518, 1670, 196, 430, 0, 0, 0.54%, 0, 0, 11, 1710.60
1775266524, 1670, 297, 430, 0, 0, 0.54%, 0, 0, 11, 1459.46
1775266529, 1670, 359, 430, 0, 0, 0.54%, 0, 0, 11, 1397.61
1775266534, 1670, 418, 430, 0, 0, 0.54%, 0, 0, 11, 1184.50
1775266539, 1671, 80, 430, 0, 0, 0.54%, 0, 0, 11, 1510.35
1775266544, 1671, 147, 430, 0, 0, 0.54%, 0, 0, 11, 1561.02
1775266549, 1671, 309, 430, 0, 0, 0.54%, 0, 0, 11, 1557.66
1775266554, 1671, 385, 430, 0, 0, 0.54%, 0, 0, 11, 1395.52
1775266559, 1672, 39, 430, 0, 0, 0.54%, 0, 0, 11, 1445.17
1775266564, 1672, 91, 430, 0, 0, 0.54%, 0, 0, 11, 1501.85
1775266570, 1672, 148, 430, 0, 0, 0.54%, 0, 0, 11, 1603.16
1775266575, 1672, 223, 430, 0, 0, 0.54%, 0, 0, 11, 1550.37
1775266580, 1672, 337, 430, 0, 0, 0.54%, 0, 0, 11, 1491.78
1775266585, 1672, 402, 430, 0, 0, 0.54%, 0, 0, 11, 1330.06
1775266590, 1673, 36, 430, 0, 0, 0.54%, 0, 0, 11, 1523.22
1775266595, 1673, 86, 430, 0, 0, 0.54%, 0, 0, 11, 1590.42
1775266600, 1673, 147, 430, 0, 0, 0.54%, 0, 0, 11, 1509.47
1775266605, 1673, 217, 430, 0, 0, 0.54%, 0, 0, 11, 1377.30
1775266611, 1673, 293, 430, 0, 0, 0.54%, 0, 0, 11, 1481.97
1775266616, 1673, 354, 430, 0, 0, 0.54%, 0, 0, 11, 1492.16
1775266621, 1673, 400, 430, 0, 0, 0.54%, 0, 0, 11, 1266.64
1775266626, 1674, 36, 430, 0, 0, 0.54%, 0, 0, 11, 1355.93
1775266631, 1674, 91, 430, 0, 0, 0.54%, 0, 0, 11, 1448.14
1775266636, 1674, 147, 430, 0, 0, 0.54%, 0, 0, 11, 1369.43
1775266641, 1674, 191, 430, 0, 0, 0.54%, 0, 0, 11, 1536.07
1775266646, 1674, 354, 430, 0, 0, 0.54%, 0, 0, 11, 1422.09
1775266651, 1675, 7, 430, 0, 0, 0.54%, 0, 0, 11, 1472.89
1775266656, 1675, 63, 430, 0, 0, 0.54%, 0, 0, 11, 1520.83
1775266662, 1675, 100, 430, 0, 0, 0.54%, 0, 0, 11, 1565.62
1775266667, 1675, 157, 430, 0, 0, 0.54%, 0, 0, 11, 1479.35
1775266672, 1675, 205, 430, 0, 0, 0.54%, 0, 0, 11, 1538.72
1775266677, 1675, 325, 430, 0, 0, 0.54%, 0, 0, 11, 1409.57
1775266682, 1675, 385, 430, 0, 0, 0.54%, 0, 0, 11, 1448.14
1775266687, 1676, 41, 430, 0, 0, 0.54%, 0, 0, 11, 1389.52
1775266692, 1676, 91, 430, 0, 0, 0.54%, 0, 0, 11, 1415.67
1775266697, 1676, 166, 430, 0, 0, 0.54%, 0, 0, 11, 1506.59
1775266702, 1676, 244, 430, 0, 0, 0.54%, 0, 0, 11, 1679.02
1775266707, 1676, 311, 430, 0, 0, 0.54%, 0, 0, 11, 1516.07
1775266712, 1676, 377, 430, 0, 0, 0.54%, 0, 0, 11, 1448.14
1775266717, 1677, 20, 430, 0, 0, 0.54%, 0, 0, 11, 1247.85
1775266723, 1677, 79, 430, 0, 0, 0.54%, 0, 0, 11, 1421.79
1775266728, 1677, 100, 430, 0, 0, 0.54%, 0, 0, 11, 1508.25
1775266733, 1677, 195, 430, 0, 0, 0.54%, 0, 0, 11, 1470.76
1775266738, 1677, 357, 430, 0, 0, 0.54%, 0, 0, 11, 1437.82
1775266743, 1678, 18, 430, 0, 0, 0.54%, 0, 0, 11, 1443.50
1775266748, 1678, 80, 430, 0, 0, 0.54%, 0, 0, 11, 1461.81
1775266753, 1678, 111, 430, 0, 0, 0.54%, 0, 0, 11, 1821.53
1775266758, 1678, 187, 430, 0, 0, 0.54%, 0, 0, 11, 1588.19
1775266763, 1678, 209, 430, 0, 0, 0.54%, 0, 0, 11, 1170.85
1775266768, 1678, 331, 430, 0, 0, 0.54%, 0, 0, 11, 1340.12
1775266773, 1679, 14, 430, 0, 0, 0.54%, 0, 0, 11, 1317.40
1775266778, 1679, 91, 430, 0, 0, 0.54%, 0, 0, 11, 1535.93
1775266784, 1679, 190, 430, 0, 0, 0.54%, 0, 0, 11, 1532.74
1775266789, 1679, 245, 430, 0, 0, 0.54%, 0, 0, 11, 1521.47
1775266794, 1679, 348, 430, 0, 0, 0.54%, 0, 0, 11, 1445.96
1775266799, 1679, 416, 430, 0, 0, 0.54%, 0, 0, 11, 1361.99
1775266804, 1680, 80, 430, 0, 0, 0.54%, 0, 0, 11, 1529.73
1775266809, 1680, 111, 430, 0, 0, 0.54%, 0, 0, 11, 1489.46
1775266814, 1680, 192, 430, 0, 0, 0.54%, 0, 0, 11, 1481.50
1775266819, 1680, 283, 430, 0, 0, 0.54%, 0, 0, 11, 1452.58
1775266824, 1680, 360, 430, 0, 0, 0.54%, 0, 0, 11, 1354.38
1775266829, 1681, 2, 430, 0, 0, 0.54%, 0, 0, 11, 1184.94
1775266835, 1681, 59, 430, 0, 0, 0.54%, 0, 0, 11, 1500.42
1775266840, 1681, 91, 430, 0, 0, 0.54%, 0, 0, 11, 1439.02
1775266845, 1681, 189, 430, 0, 0, 0.54%, 0, 0, 11, 1471.43
1775266850, 1681, 249, 430, 0, 0, 0.54%, 0, 0, 11, 1484.62
1775266855, 1681, 354, 430, 0, 0, 0.54%, 0, 0, 11, 1334.36
1775266860, 1681, 406, 430, 0, 0, 0.54%, 0, 0, 11, 1256.21
1775266865, 1682, 63, 430, 0, 0, 0.54%, 0, 0, 11, 1566.06
1775266870, 1682, 109, 430, 0, 0, 0.54%, 0, 0, 11, 1531.70
1775266875, 1682, 147, 430, 0, 0, 0.54%, 0, 0, 11, 1468.71
1775266880, 1682, 232, 430, 0, 0, 0.54%, 0, 0, 11, 1454.11
1775266886, 1682, 325, 430, 0, 0, 0.54%, 0, 0, 11, 1491.30
1775266891, 1682, 408, 430, 0, 0, 0.54%, 0, 0, 11, 1316.02
1775266896, 1683, 58, 430, 0, 0, 0.54%, 0, 0, 11, 1324.18
1775266901, 1683, 100, 430, 0, 0, 0.54%, 0, 0, 11, 1515.13
1775266906, 1683, 152, 430, 0, 0, 0.54%, 0, 0, 11, 1426.27
1775266911, 1683, 242, 430, 0, 0, 0.54%, 0, 0, 11, 1430.64
1775266916, 1683, 325, 430, 0, 0, 0.54%, 0, 0, 11, 1406.94
1775266921, 1683, 385, 430, 0, 0, 0.54%, 0, 0, 11, 1475.33
1775266926, 1684, 53, 430, 0, 0, 0.54%, 0, 0, 11, 1318.24
1775266932, 1684, 86, 430, 0, 0, 0.54%, 0, 0, 11, 1537.35
1775266937, 1684, 144, 430, 0, 0, 0.54%, 0, 0, 11, 1441.56
1775266942, 1684, 209, 430, 0, 0, 0.54%, 0, 0, 11, 1371.93
1775266947, 1684, 349, 430, 0, 0, 0.54%, 0, 0, 11, 1354.26
1775266952, 1684, 410, 430, 0, 0, 0.54%, 0, 0, 11, 1256.44
1775266957, 1685, 80, 430, 0, 0, 0.54%, 0, 0, 11, 1505.75
1775266962, 1685, 146, 430, 0, 0, 0.54%, 0, 0, 11, 1428.28
1775266967, 1685, 196, 430, 0, 0, 0.54%, 0, 0, 11, 1485.96
1775266972, 1685, 332, 430, 0, 0, 0.54%, 0, 0, 11, 1410.28
1775266977, 1686, 36, 430, 0, 0, 0.54%, 0, 0, 11, 1372.00
1775266983, 1686, 86, 430, 0, 0, 0.54%, 0, 0, 11, 1318.07
1775266988, 1686, 196, 430, 0, 0, 0.54%, 0, 0, 11, 1431.96
1775266993, 1686, 277, 430, 0, 0, 0.54%, 0, 0, 11, 1362.86
1775266998, 1686, 340, 430, 0, 0, 0.54%, 0, 0, 11, 1395.77
1775267003, 1686, 385, 430, 0, 0, 0.54%, 0, 0, 11, 1423.87
1775267008, 1687, 30, 430, 0, 0, 0.54%, 0, 0, 11, 1256.34
1775267013, 1687, 79, 430, 0, 0, 0.54%, 0, 0, 11, 1482.71
1775267018, 1687, 100, 430, 0, 0, 0.54%, 0, 0, 11, 1573.51
1775267023, 1687, 150, 430, 0, 0, 0.54%, 0, 0, 11, 1497.01
1775267028, 1687, 194, 430, 0, 0, 0.54%, 0, 0, 11, 614.60
1775267033, 1687, 325, 430, 0, 0, 0.54%, 0, 0, 11, 1284.30
1775267038, 1687, 385, 430, 0, 0, 0.54%, 0, 0, 11, 1333.13
1775267044, 1688, 32, 430, 0, 0, 0.54%, 0, 0, 11, 1404.38
1775267049, 1688, 86, 430, 0, 0, 0.54%, 0, 0, 11, 1547.53
1775267054, 1688, 129, 430, 0, 0, 0.54%, 0, 0, 11, 1414.50
1775267059, 1688, 190, 430, 0, 0, 0.54%, 0, 0, 11, 1429.61
1775267064, 1688, 285, 430, 0, 0, 0.54%, 0, 0, 11, 1308.56
1775267069, 1688, 385, 430, 0, 0, 0.54%, 0, 0, 11, 1298.47
1775267074, 1689, 80, 430, 0, 0, 0.54%, 0, 0, 11, 1516.62
1775267079, 1689, 110, 430, 0, 0, 0.54%, 0, 0, 11, 1529.32
1775267085, 1689, 147, 430, 0, 0, 0.54%, 0, 0, 11, 1345.80
1775267090, 1689, 239, 430, 0, 0, 0.54%, 0, 0, 11, 1504.22
1775267095, 1689, 303, 430, 0, 0, 0.54%, 0, 0, 11, 1451.39
1775267100, 1689, 385, 430, 0, 0, 0.54%, 0, 0, 11, 1392.25
1775267105, 1690, 72, 430, 0, 0, 0.54%, 0, 0, 11, 1417.71
1775267110, 1690, 110, 430, 0, 0, 0.54%, 0, 0, 11, 1578.45
1775267115, 1690, 155, 430, 0, 0, 0.54%, 0, 0, 11, 1372.01
1775267120, 1690, 231, 430, 0, 0, 0.54%, 0, 0, 11, 1369.45
1775267125, 1690, 294, 430, 0, 0, 0.54%, 0, 0, 11, 1332.45
1775267130, 1690, 371, 430, 0, 0, 0.54%, 0, 0, 11, 1408.65
1775267135, 1691, 47, 430, 0, 0, 0.54%, 0, 0, 11, 1301.45
1775267140, 1691, 80, 430, 0, 0, 0.54%, 0, 0, 11, 1432.83
1775267145, 1691, 100, 430, 0, 0, 0.54%, 0, 0, 11, 1478.06
1775267150, 1691, 173, 430, 0, 0, 0.54%, 0, 0, 11, 1406.60
1775267156, 1691, 266, 430, 0, 0, 0.54%, 0, 0, 11, 1448.26
1775267161, 1691, 325, 430, 0, 0, 0.54%, 0, 0, 11, 1571.16
1775267166, 1691, 371, 430, 0, 0, 0.54%, 0, 0, 11, 1367.52
1775267171, 1692, 23, 430, 0, 0, 0.54%, 0, 0, 11, 1547.73
1775267176, 1692, 80, 430, 0, 0, 0.54%, 0, 0, 11, 1416.60
1775267181, 1692, 112, 430, 0, 0, 0.54%, 0, 0, 11, 1428.37
1775267186, 1692, 259, 430, 0, 0, 0.54%, 0, 0, 11, 1547.03
1775267191, 1692, 326, 430, 0, 0, 0.54%, 0, 0, 11, 1401.18
1775267196, 1692, 385, 430, 0, 0, 0.54%, 0, 0, 11, 1259.74
1775267201, 1693, 3, 430, 0, 0, 0.54%, 0, 0, 11, 1127.54
1775267207, 1693, 87, 430, 0, 0, 0.54%, 0, 0, 11, 1498.33
1775267212, 1693, 138, 430, 0, 0, 0.54%, 0, 0, 11, 1542.32
1775267217, 1693, 184, 430, 0, 0, 0.54%, 0, 0, 11, 1574.08
1775267222, 1693, 258, 430, 0, 0, 0.54%, 0, 0, 11, 1420.52
1775267227, 1693, 372, 430, 0, 0, 0.54%, 0, 0, 11, 1491.76
1775267232, 1694, 22, 430, 0, 0, 0.54%, 0, 0, 11, 1017.05
1775267237, 1694, 86, 430, 0, 0, 0.54%, 0, 0, 11, 1428.81
1775267242, 1694, 152, 430, 0, 0, 0.54%, 0, 0, 11, 1391.35
1775267247, 1694, 196, 430, 0, 0, 0.54%, 0, 0, 11, 1494.68
1775267252, 1694, 315, 430, 0, 0, 0.54%, 0, 0, 11, 1458.13
1775267257, 1694, 377, 430, 0, 0, 0.54%, 0, 0, 11, 1278.17
1775267263, 1695, 40, 430, 0, 0, 0.54%, 0, 0, 11, 1145.06
1775267268, 1695, 100, 430, 0, 0, 0.54%, 0, 0, 11, 1529.09
1775267273, 1695, 160, 430, 0, 0, 0.54%, 0, 0, 11, 1504.29
1775267278, 1695, 276, 430, 0, 0, 0.54%, 0, 0, 11, 1460.75
1775267283, 1695, 357, 430, 0, 0, 0.54%, 0, 0, 11, 1400.95
1775267288, 1696, 11, 430, 0, 0, 0.54%, 0, 0, 11, 1269.08
1775267293, 1696, 63, 430, 0, 0, 0.54%, 0, 0, 11, 1461.37
1775267298, 1696, 86, 430, 0, 0, 0.54%, 0, 0, 11, 1513.99
1775267303, 1696, 163, 430, 0, 0, 0.54%, 0, 0, 11, 1523.76
1775267309, 1696, 307, 430, 0, 0, 0.54%, 0, 0, 11, 1410.76
1775267314, 1696, 357, 430, 0, 0, 0.54%, 0, 0, 11, 1386.84
1775267319, 1697, 51, 430, 0, 0, 0.54%, 0, 0, 11, 1228.50
1775267324, 1697, 80, 430, 0, 0, 0.54%, 0, 0, 11, 1635.71
1775267329, 1697, 147, 430, 0, 0, 0.54%, 0, 0, 11, 1560.41
1775267334, 1697, 230, 430, 0, 0, 0.54%, 0, 0, 11, 1450.41
1775267339, 1697, 297, 430, 0, 0, 0.54%, 0, 0, 11, 1366.99
1775267344, 1697, 383, 430, 0, 0, 0.54%, 0, 0, 11, 1342.14
1775267349, 1698, 79, 430, 0, 0, 0.54%, 0, 0, 11, 1443.05
1775267355, 1698, 111, 430, 0, 0, 0.54%, 0, 0, 11, 1561.24
1775267360, 1698, 196, 430, 0, 0, 0.54%, 0, 0, 11, 1528.69
1775267365, 1698, 272, 430, 0, 0, 0.54%, 0, 0, 11, 1463.60
1775267370, 1698, 357, 430, 0, 0, 0.54%, 0, 0, 11, 1446.43
1775267375, 1699, 61, 430, 0, 0, 0.54%, 0, 0, 11, 1385.80
1775267380, 1699, 90, 430, 0, 0, 0.54%, 0, 0, 11, 1456.87
1775267385, 1699, 166, 430, 0, 0, 0.54%, 0, 0, 11, 1529.97
1775267390, 1699, 255, 430, 0, 0, 0.54%, 0, 0, 11, 1481.33
1775267395, 1699, 325, 430, 0, 0, 0.54%, 0, 0, 11, 1414.90
1775267400, 1699, 385, 430, 0, 0, 0.54%, 0, 0, 11, 1404.83
1775267405, 1700, 73, 430, 0, 0, 0.54%, 0, 0, 11, 1382.14
1775267410, 1700, 84, 430, 0, 0, 0.54%, 0, 0, 11, 1489.54
1775267415, 1700, 100, 430, 0, 0, 0.54%, 0, 0, 11, 1415.33
1775267420, 1700, 153, 430, 0, 0, 0.54%, 0, 0, 11, 1578.67
1775267426, 1700, 306, 430, 0, 0, 0.54%, 0, 0, 11, 1397.13
1775267431, 1700, 359, 430, 0, 0, 0.54%, 0, 0, 11, 1279.18
1775267436, 1701, 33, 430, 0, 0, 0.54%, 0, 0, 11, 1240.90
1775267441, 1701, 79, 430, 0, 0, 0.54%, 0, 0, 11, 1507.73
1775267446, 1701, 111, 430, 0, 0, 0.54%, 0, 0, 11, 1432.20
1775267451, 1701, 202, 430, 0, 0, 0.54%, 0, 0, 11, 1589.25
1775267456, 1701, 274, 430, 0, 0, 0.54%, 0, 0, 11, 1535.92
1775267461, 1701, 383, 430, 0, 0, 0.54%, 0, 0, 11, 1411.24
1775267466, 1702, 31, 430, 0, 0, 0.54%, 0, 0, 11, 1130.22
1775267471, 1702, 91, 430, 0, 0, 0.54%, 0, 0, 11, 1419.18
1775267476, 1702, 194, 430, 0, 0, 0.54%, 0, 0, 11, 1445.24
1775267482, 1702, 284, 430, 0, 0, 0.54%, 0, 0, 11, 1409.00
1775267487, 1702, 358, 430, 0, 0, 0.54%, 0, 0, 11, 1375.73
1775267492, 1703, 34, 430, 0, 0, 0.54%, 0, 0, 11, 1505.96
1775267497, 1703, 86, 430, 0, 0, 0.54%, 0, 0, 11, 1470.92
1775267502, 1703, 140, 430, 0, 0, 0.54%, 0, 0, 11, 1465.46
1775267507, 1703, 186, 430, 0, 0, 0.54%, 0, 0, 11, 1442.18
1775267512, 1703, 230, 430, 0, 0, 0.54%, 0, 0, 11, 1480.37
1775267517, 1703, 250, 430, 0, 0, 0.54%, 0, 0, 11, 1385.42
1775267522, 1703, 349, 430, 0, 0, 0.54%, 0, 0, 11, 1432.22
1775267528, 1704, 22, 430, 0, 0, 0.54%, 0, 0, 11, 1389.06
1775267533, 1704, 80, 430, 0, 0, 0.54%, 0, 0, 11, 1534.81
1775267538, 1704, 103, 430, 0, 0, 0.54%, 0, 0, 11, 1477.23
1775267543, 1704, 168, 430, 0, 0, 0.54%, 0, 0, 11, 1431.27
1775267548, 1704, 206, 430, 0, 0, 0.54%, 0, 0, 11, 1466.01
1775267553, 1704, 349, 430, 0, 0, 0.54%, 0, 0, 11, 1396.86
1775267558, 1704, 392, 430, 0, 0, 0.54%, 0, 0, 11, 1173.96
1775267563, 1705, 79, 430, 0, 0, 0.54%, 0, 0, 11, 1355.20
1775267568, 1705, 145, 430, 0, 0, 0.54%, 0, 0, 11, 1381.07
1775267573, 1705, 236, 430, 0, 0, 0.54%, 0, 0, 11, 1422.51
1775267578, 1705, 325, 430, 0, 0, 0.54%, 0, 0, 11, 1373.45
1775267583, 1705, 389, 430, 0, 0, 0.54%, 0, 0, 11, 1303.08
1775267588, 1706, 80, 430, 0, 0, 0.54%, 0, 0, 11, 1483.50
1775267593, 1706, 120, 430, 0, 0, 0.54%, 0, 0, 11, 1515.42
1775267599, 1706, 176, 430, 0, 0, 0.54%, 0, 0, 11, 1475.03
1775267604, 1706, 326, 430, 0, 0, 0.54%, 0, 0, 11, 1570.77
1775267609, 1706, 385, 430, 0, 0, 0.54%, 0, 0, 11, 1297.53
1775267614, 1707, 63, 430, 0, 0, 0.54%, 0, 0, 11, 1344.69
1775267619, 1707, 81, 430, 0, 0, 0.54%, 0, 0, 11, 1413.32
1775267624, 1707, 128, 430, 0, 0, 0.54%, 0, 0, 11, 1471.68
1775267629, 1707, 193, 430, 0, 0, 0.54%, 0, 0, 11, 1516.52
1775267634, 1707, 285, 430, 0, 0, 0.54%, 0, 0, 11, 1416.24
1775267639, 1707, 361, 430, 0, 0, 0.54%, 0, 0, 11, 1399.07
1775267644, 1708, 61, 430, 0, 0, 0.54%, 0, 0, 11, 1297.34
1775267649, 1708, 86, 430, 0, 0, 0.54%, 0, 0, 11, 1395.06
1775267654, 1708, 129, 430, 0, 0, 0.54%, 0, 0, 11, 1372.04
1775267659, 1708, 219, 430, 0, 0, 0.54%, 0, 0, 11, 1408.72
1775267665, 1708, 349, 430, 0, 0, 0.54%, 0, 0, 11, 1375.13
1775267670, 1708, 391, 430, 0, 0, 0.54%, 0, 0, 11, 1204.00
1775267675, 1709, 80, 430, 0, 0, 0.54%, 0, 0, 11, 1485.32
1775267680, 1709, 105, 430, 0, 0, 0.54%, 0, 0, 11, 1475.97
1775267685, 1709, 223, 430, 0, 0, 0.54%, 0, 0, 11, 1482.27
1775267690, 1709, 278, 430, 0, 0, 0.54%, 0, 0, 11, 1525.84
1775267695, 1709, 339, 430, 0, 0, 0.54%, 0, 0, 11, 1479.29
1775267700, 1709, 385, 430, 0, 0, 0.54%, 0, 0, 11, 1354.61
1775267705, 1710, 54, 430, 0, 0, 0.54%, 0, 0, 11, 1424.65
1775267710, 1710, 100, 430, 0, 0, 0.54%, 0, 0, 11, 1496.86
1775267715, 1710, 133, 430, 0, 0, 0.54%, 0, 0, 11, 1524.43
1775267720, 1710, 239, 430, 0, 0, 0.54%, 0, 0, 11, 1385.57
1775267725, 1710, 328, 430, 0, 0, 0.54%, 0, 0, 11, 1403.34
1775267730, 1710, 385, 430, 0, 0, 0.54%, 0, 0, 11, 1389.94
1775267735, 1711, 63, 430, 0, 0, 0.54%, 0, 0, 11, 1354.47
1775267740, 1711, 86, 430, 0, 0, 0.54%, 0, 0, 11, 1451.56
1775267745, 1711, 121, 430, 0, 0, 0.54%, 0, 0, 11, 1543.05
1775267751, 1711, 191, 430, 0, 0, 0.54%, 0, 0, 11, 1516.74
1775267756, 1711, 291, 430, 0, 0, 0.54%, 0, 0, 11, 1391.62
1775267761, 1711, 357, 430, 0, 0, 0.54%, 0, 0, 11, 1428.10
1775267766, 1712, 68, 430, 0, 0, 0.54%, 0, 0, 11, 1520.94
1775267771, 1712, 86, 430, 0, 0, 0.54%, 0, 0, 11, 1502.86
1775267776, 1712, 145, 430, 0, 0, 0.54%, 0, 0, 11, 1599.71
1775267781, 1712, 188, 430, 0, 0, 0.54%, 0, 0, 11, 1509.45
1775267786, 1712, 249, 430, 0, 0, 0.54%, 0, 0, 11, 1404.54
1775267791, 1712, 357, 430, 0, 0, 0.54%, 0, 0, 11, 1492.86
1775267796, 1713, 19, 430, 0, 0, 0.54%, 0, 0, 11, 1264.12
1775267801, 1713, 80, 430, 0, 0, 0.54%, 0, 0, 11, 1477.26
1775267806, 1713, 111, 430, 0, 0, 0.54%, 0, 0, 11, 1470.01
1775267812, 1713, 185, 430, 0, 0, 0.54%, 0, 0, 11, 1542.08
1775267817, 1713, 258, 430, 0, 0, 0.54%, 0, 0, 11, 1490.53
1775267822, 1713, 371, 430, 0, 0, 0.54%, 0, 0, 11, 1425.36
1775267827, 1713, 410, 430, 0, 0, 0.54%, 0, 0, 11, 1112.88
1775267832, 1714, 79, 430, 0, 0, 0.54%, 0, 0, 11, 1455.03
1775267837, 1714, 126, 430, 0, 0, 0.54%, 0, 0, 11, 1516.66
1775267842, 1714, 198, 430, 0, 0, 0.54%, 0, 0, 11, 1459.73
1775267847, 1714, 256, 430, 0, 0, 0.54%, 0, 0, 11, 1374.09
1775267852, 1714, 326, 430, 0, 0, 0.54%, 0, 0, 11, 1396.72
1775267857, 1714, 371, 430, 0, 0, 0.54%, 0, 0, 11, 1322.75
1775267863, 1715, 60, 430, 0, 0, 0.54%, 0, 0, 11, 1410.86
1775267868, 1715, 91, 430, 0, 0, 0.54%, 0, 0, 11, 1500.59
1775267873, 1715, 180, 430, 0, 0, 0.54%, 0, 0, 11, 1461.75
1775267878, 1715, 283, 430, 0, 0, 0.54%, 0, 0, 11, 1426.13
1775267883, 1715, 357, 430, 0, 0, 0.54%, 0, 0, 11, 1416.87
1775267888, 1716, 22, 430, 0, 0, 0.54%, 0, 0, 11, 1264.45
1775267893, 1716, 76, 430, 0, 0, 0.54%, 0, 0, 11, 1439.81
1775267899, 1716, 86, 430, 0, 0, 0.54%, 0, 0, 11, 1394.36
1775267904, 1716, 172, 430, 0, 0, 0.54%, 0, 0, 11, 1486.48
1775267909, 1716, 345, 430, 0, 0, 0.54%, 0, 0, 11, 1367.24
1775267914, 1716, 385, 430, 0, 0, 0.54%, 0, 0, 11, 1339.14
1775267919, 1717, 36, 430, 0, 0, 0.54%, 0, 0, 11, 1287.26
1775267924, 1717, 100, 430, 0, 0, 0.54%, 0, 0, 11, 1401.21
1775267929, 1717, 142, 430, 0, 0, 0.54%, 0, 0, 11, 1437.91
1775267934, 1717, 291, 430, 0, 0, 0.54%, 0, 0, 11, 1468.61
1775267939, 1717, 354, 430, 0, 0, 0.54%, 0, 0, 11, 1302.25
1775267944, 1718, 22, 430, 0, 0, 0.54%, 0, 0, 11, 1300.38
1775267950, 1718, 80, 430, 0, 0, 0.54%, 0, 0, 11, 1508.61
1775267955, 1718, 147, 430, 0, 0, 0.54%, 0, 0, 11, 1529.07
1775267960, 1718, 217, 430, 0, 0, 0.54%, 0, 0, 11, 1510.85
1775267965, 1718, 335, 430, 0, 0, 0.54%, 0, 0, 11, 1403.76
1775267970, 1718, 385, 430, 0, 0, 0.54%, 0, 0, 11, 1400.38
1775267975, 1719, 18, 430, 0, 0, 0.54%, 0, 0, 11, 1487.98
1775267981, 1719, 63, 430, 0, 0, 0.54%, 0, 0, 11, 1492.32
1775267986, 1719, 111, 430, 0, 0, 0.54%, 0, 0, 11, 1489.51
1775267991, 1719, 208, 430, 0, 0, 0.54%, 0, 0, 11, 1551.62
1775267996, 1719, 305, 430, 0, 0, 0.54%, 0, 0, 11, 1431.90
1775268001, 1719, 354, 430, 0, 0, 0.54%, 0, 0, 11, 1420.24
1775268006, 1720, 28, 430, 0, 0, 0.54%, 0, 0, 11, 1370.36
1775268011, 1720, 75, 430, 0, 0, 0.54%, 0, 0, 11, 1520.25
1775268016, 1720, 104, 430, 0, 0, 0.54%, 0, 0, 11, 1555.65
1775268021, 1720, 150, 430, 0, 0, 0.54%, 0, 0, 11, 1496.52
1775268026, 1720, 305, 430, 0, 0, 0.54%, 0, 0, 11, 1534.14
1775268031, 1720, 371, 430, 0, 0, 0.54%, 0, 0, 11, 1422.56
1775268036, 1721, 63, 430, 0, 0, 0.54%, 0, 0, 11, 1758.13
1775268042, 1721, 98, 430, 0, 0, 0.54%, 0, 0, 11, 1517.13
1775268047, 1721, 157, 430, 0, 0, 0.54%, 0, 0, 11, 1354.31
1775268052, 1721, 205, 430, 0, 0, 0.54%, 0, 0, 11, 1462.57
1775268057, 1721, 245, 430, 0, 0, 0.54%, 0, 0, 11, 1436.11
1775268062, 1721, 306, 430, 0, 0, 0.54%, 0, 0, 11, 1396.13
1775268067, 1721, 357, 430, 0, 0, 0.54%, 0, 0, 11, 1368.04
1775268072, 1722, 45, 430, 0, 0, 0.54%, 0, 0, 11, 1399.63
1775268077, 1722, 86, 430, 0, 0, 0.54%, 0, 0, 11, 1465.69
1775268083, 1722, 150, 430, 0, 0, 0.54%, 0, 0, 11, 1392.39
1775268088, 1722, 261, 430, 0, 0, 0.54%, 0, 0, 11, 1375.28
1775268093, 1722, 349, 430, 0, 0, 0.54%, 0, 0, 11, 1478.26
1775268098, 1722, 422, 430, 0, 0, 0.54%, 0, 0, 11, 1142.99
1775268103, 1723, 79, 430, 0, 0, 0.54%, 0, 0, 11, 1552.81
1775268108, 1723, 111, 430, 0, 0, 0.54%, 0, 0, 11, 1561.93
1775268113, 1723, 161, 430, 0, 0, 0.54%, 0, 0, 11, 1456.49
1775268118, 1723, 267, 430, 0, 0, 0.54%, 0, 0, 11, 1429.25
1775268123, 1723, 354, 430, 0, 0, 0.54%, 0, 0, 11, 1505.21
1775268129, 1724, 20, 430, 0, 0, 0.54%, 0, 0, 11, 1365.98
1775268134, 1724, 79, 430, 0, 0, 0.54%, 0, 0, 11, 1373.97
1775268139, 1724, 115, 430, 0, 0, 0.54%, 0, 0, 11, 1512.44
1775268144, 1724, 186, 430, 0, 0, 0.54%, 0, 0, 11, 1445.49
1775268149, 1724, 303, 430, 0, 0, 0.54%, 0, 0, 11, 1444.77
1775268154, 1724, 354, 430, 0, 0, 0.54%, 0, 0, 11, 1298.26
1775268159, 1724, 427, 430, 0, 0, 0.54%, 0, 0, 11, 284.80
1775268164, 1725, 79, 430, 0, 0, 0.54%, 0, 0, 11, 1179.50
1775268169, 1725, 100, 430, 0, 0, 0.54%, 0, 0, 11, 1419.71
1775268175, 1725, 240, 430, 0, 0, 0.54%, 0, 0, 11, 1480.89
1775268180, 1725, 297, 430, 0, 0, 0.54%, 0, 0, 11, 1344.30
1775268185, 1725, 354, 430, 0, 0, 0.54%, 0, 0, 11, 1321.68
1775268190, 1726, 72, 430, 0, 0, 0.54%, 0, 0, 11, 1484.57
1775268195, 1726, 100, 430, 0, 0, 0.54%, 0, 0, 11, 1485.95
1775268200, 1726, 196, 430, 0, 0, 0.54%, 0, 0, 11, 1562.61
1775268205, 1726, 312, 430, 0, 0, 0.54%, 0, 0, 11, 1416.44
1775268210, 1726, 385, 430, 0, 0, 0.54%, 0, 0, 11, 1375.09
1775268216, 1727, 28, 430, 0, 0, 0.54%, 0, 0, 11, 1369.14
1775268221, 1727, 80, 430, 0, 0, 0.54%, 0, 0, 11, 1498.45
1775268226, 1727, 147, 430, 0, 0, 0.54%, 0, 0, 11, 1470.77
1775268231, 1727, 196, 430, 0, 0, 0.54%, 0, 0, 11, 1358.65
1775268236, 1727, 325, 430, 0, 0, 0.54%, 0, 0, 11, 1395.35
1775268241, 1727, 385, 430, 0, 0, 0.54%, 0, 0, 11, 1352.45
1775268246, 1727, 429, 430, 0, 0, 0.54%, 0, 0, 11, 1405.73
1775268251, 1728, 88, 430, 0, 0, 0.54%, 0, 0, 11, 1445.82
1775268256, 1728, 147, 430, 0, 0, 0.54%, 0, 0, 11, 1441.58
1775268262, 1728, 230, 430, 0, 0, 0.54%, 0, 0, 11, 1326.87
1775268267, 1728, 349, 430, 0, 0, 0.54%, 0, 0, 11, 1335.12
1775268272, 1728, 403, 430, 0, 0, 0.54%, 0, 0, 11, 1120.35
1775268277, 1729, 46, 430, 0, 0, 0.54%, 0, 0, 11, 1550.58
1775268282, 1729, 91, 430, 0, 0, 0.54%, 0, 0, 11, 1433.06
1775268287, 1729, 219, 430, 0, 0, 0.54%, 0, 0, 11, 1571.34
1775268292, 1729, 325, 430, 0, 0, 0.54%, 0, 0, 11, 1564.82
1775268297, 1729, 385, 430, 0, 0, 0.54%, 0, 0, 11, 1258.78
1775268302, 1730, 63, 430, 0, 0, 0.54%, 0, 0, 11, 1392.73
1775268307, 1730, 100, 430, 0, 0, 0.54%, 0, 0, 11, 1490.85
1775268313, 1730, 193, 430, 0, 0, 0.54%, 0, 0, 11, 1460.04
1775268318, 1730, 325, 430, 0, 0, 0.54%, 0, 0, 11, 1474.06
1775268323, 1730, 386, 430, 0, 0, 0.54%, 0, 0, 11, 1364.12
1775268328, 1731, 63, 430, 0, 0, 0.54%, 0, 0, 11, 1421.56
1775268333, 1731, 99, 430, 0, 0, 0.54%, 0, 0, 11, 1475.72
1775268338, 1731, 147, 430, 0, 0, 0.54%, 0, 0, 11, 1545.68
1775268343, 1731, 196, 430, 0, 0, 0.54%, 0, 0, 11, 1508.49
1775268348, 1731, 325, 430, 0, 0, 0.54%, 0, 0, 11, 1474.10
1775268353, 1731, 385, 430, 0, 0, 0.54%, 0, 0, 11, 1273.52
1775268358, 1731, 429, 430, 0, 0, 0.54%, 0, 0, 11, 1446.65
1775268363, 1732, 55, 430, 0, 0, 0.54%, 0, 0, 11, 1505.12
1775268368, 1732, 91, 430, 0, 0, 0.54%, 0, 0, 11, 1522.21
1775268373, 1732, 140, 430, 0, 0, 0.54%, 0, 0, 11, 1450.25
1775268379, 1732, 196, 430, 0, 0, 0.54%, 0, 0, 11, 1527.66
1775268384, 1732, 293, 430, 0, 0, 0.54%, 0, 0, 11, 1506.60
1775268389, 1732, 355, 430, 0, 0, 0.54%, 0, 0, 11, 1450.23
1775268394, 1733, 22, 430, 0, 0, 0.54%, 0, 0, 11, 1356.76
1775268399, 1733, 72, 430, 0, 0, 0.54%, 0, 0, 11, 1502.11
1775268404, 1733, 100, 430, 0, 0, 0.54%, 0, 0, 11, 1088.02
1775268409, 1733, 181, 430, 0, 0, 0.54%, 0, 0, 11, 1410.34
1775268414, 1733, 265, 430, 0, 0, 0.54%, 0, 0, 11, 1406.40
1775268419, 1733, 347, 430, 0, 0, 0.54%, 0, 0, 11, 1470.46
1775268424, 1733, 389, 430, 0, 0, 0.54%, 0, 0, 11, 1295.45
1775268429, 1734, 63, 430, 0, 0, 0.54%, 0, 0, 11, 1405.02
1775268434, 1734, 100, 430, 0, 0, 0.54%, 0, 0, 11, 1493.73
1775268440, 1734, 196, 430, 0, 0, 0.54%, 0, 0, 11, 1407.98
1775268445, 1734, 277, 430, 0, 0, 0.54%, 0, 0, 11, 1443.73
1775268450, 1734, 335, 430, 0, 0, 0.54%, 0, 0, 11, 1368.22
1775268455, 1734, 424, 430, 0, 0, 0.54%, 0, 0, 11, 1381.53
1775268460, 1735, 79, 430, 0, 0, 0.54%, 0, 0, 11, 1488.22
1775268465, 1735, 107, 430, 0, 0, 0.54%, 0, 0, 11, 484.96
1775268470, 1735, 153, 430, 0, 0, 0.54%, 0, 0, 11, 1251.29
1775268475, 1735, 222, 430, 0, 0, 0.54%, 0, 0, 11, 1476.68
1775268480, 1735, 293, 430, 0, 0, 0.54%, 0, 0, 11, 1439.31
1775268486, 1735, 371, 430, 0, 0, 0.54%, 0, 0, 11, 1413.51
1775268491, 1736, 34, 430, 0, 0, 0.54%, 0, 0, 11, 1342.21
1775268496, 1736, 84, 430, 0, 0, 0.54%, 0, 0, 11, 1404.49
1775268501, 1736, 111, 430, 0, 0, 0.54%, 0, 0, 11, 1310.34
1775268506, 1736, 217, 430, 0, 0, 0.54%, 0, 0, 11, 1471.10
1775268511, 1736, 283, 430, 0, 0, 0.54%, 0, 0, 11, 1449.00
1775268516, 1736, 385, 430, 0, 0, 0.54%, 0, 0, 11, 1384.37
1775268521, 1737, 65, 430, 0, 0, 0.54%, 0, 0, 11, 1391.34
1775268526, 1737, 91, 431, 1, 0, 0.54%, 0, 0, 11, 1420.70
1775268531, 1737, 166, 431, 1, 0, 0.54%, 0, 0, 11, 1516.46
1775268536, 1737, 272, 431, 1, 0, 0.54%, 0, 0, 11, 1426.45
1775268541, 1737, 354, 431, 1, 0, 0.54%, 0, 0, 11, 1458.59
1775268546, 1737, 387, 431, 1, 0, 0.54%, 0, 0, 11, 1323.62
1775268551, 1738, 19, 431, 1, 0, 0.54%, 0, 0, 11, 1416.70
1775268557, 1738, 63, 431, 1, 0, 0.54%, 0, 0, 11, 1467.14
1775268562, 1738, 88, 431, 1, 0, 0.54%, 0, 0, 11, 684.19
1775268567, 1738, 126, 431, 1, 0, 0.54%, 0, 0, 11, 1347.08
1775268572, 1738, 173, 431, 1, 0, 0.54%, 0, 0, 11, 1476.45
1775268577, 1738, 196, 431, 1, 0, 0.54%, 0, 0, 11, 1514.58
1775268582, 1738, 265, 431, 1, 0, 0.54%, 0, 0, 11, 1435.53
1775268587, 1738, 363, 431, 1, 0, 0.54%, 0, 0, 11, 1362.98
1775268592, 1739, 19, 431, 1, 0, 0.54%, 0, 0, 11, 1254.42
1775268597, 1739, 100, 431, 1, 0, 0.54%, 0, 0, 11, 1501.84
1775268603, 1739, 147, 431, 1, 0, 0.54%, 0, 0, 11, 1417.55
1775268608, 1739, 269, 431, 1, 0, 0.54%, 0, 0, 11, 1424.32
1775268613, 1739, 345, 431, 1, 0, 0.54%, 0, 0, 11, 1430.68
1775268618, 1739, 385, 431, 1, 0, 0.54%, 0, 0, 11, 1321.91
1775268623, 1740, 70, 431, 1, 0, 0.54%, 0, 0, 11, 1424.56
1775268628, 1740, 100, 431, 1, 0, 0.54%, 0, 0, 11, 1467.23
1775268633, 1740, 147, 431, 1, 0, 0.54%, 0, 0, 11, 1405.12
1775268638, 1740, 259, 431, 1, 0, 0.54%, 0, 0, 11, 1550.89
1775268643, 1740, 345, 431, 1, 0, 0.54%, 0, 0, 11, 1408.62
1775268648, 1740, 385, 431, 1, 0, 0.54%, 0, 0, 11, 1299.75
1775268654, 1741, 48, 431, 1, 0, 0.54%, 0, 0, 11, 1259.08
1775268659, 1741, 86, 431, 1, 0, 0.54%, 0, 0, 11, 1462.49
1775268664, 1741, 158, 431, 1, 0, 0.54%, 0, 0, 11, 1537.31
1775268669, 1741, 246, 431, 1, 0, 0.54%, 0, 0, 11, 1441.53
1775268674, 1741, 385, 431, 1, 0, 0.54%, 0, 0, 11, 1329.06
1775268679, 1742, 63, 431, 1, 0, 0.54%, 0, 0, 11, 1293.78
1775268684, 1742, 91, 431, 1, 0, 0.54%, 0, 0, 11, 1464.97
1775268690, 1742, 168, 431, 1, 0, 0.54%, 0, 0, 11, 1390.74
1775268695, 1742, 272, 431, 1, 0, 0.54%, 0, 0, 11, 1543.73
1775268700, 1742, 359, 431, 1, 0, 0.54%, 0, 0, 11, 1474.87
1775268705, 1742, 430, 431, 1, 0, 0.54%, 0, 0, 11, 968.68
1775268710, 1743, 80, 431, 0, 0, 0.54%, 0, 0, 11, 1473.37
1775268715, 1743, 124, 431, 0, 0, 0.54%, 0, 0, 11, 1428.80
1775268720, 1743, 196, 431, 0, 0, 0.54%, 0, 0, 11, 1429.59
1775268725, 1743, 348, 431, 0, 0, 0.54%, 0, 0, 11, 1386.37
1775268731, 1743, 385, 431, 0, 0, 0.54%, 0, 0, 11, 1244.33
1775268736, 1744, 64, 431, 0, 0, 0.54%, 0, 0, 11, 1488.67
1775268741, 1744, 100, 431, 0, 0, 0.54%, 0, 0, 11, 1591.81
1775268746, 1744, 149, 431, 0, 0, 0.54%, 0, 0, 11, 1463.86
1775268751, 1744, 240, 431, 0, 0, 0.54%, 0, 0, 11, 1487.88
1775268756, 1744, 349, 431, 0, 0, 0.54%, 0, 0, 11, 1488.55
1775268761, 1744, 385, 431, 0, 0, 0.54%, 0, 0, 11, 1365.18
1775268766, 1745, 65, 431, 0, 0, 0.54%, 0, 0, 11, 1411.26
1775268771, 1745, 91, 431, 0, 0, 0.54%, 0, 0, 11, 1468.76
1775268777, 1745, 147, 431, 0, 0, 0.54%, 0, 0, 11, 1518.05
1775268782, 1745, 264, 431, 0, 0, 0.54%, 0, 0, 11, 1425.14
1775268787, 1745, 385, 431, 0, 0, 0.54%, 0, 0, 11, 1405.10
1775268792, 1746, 23, 431, 0, 0, 0.54%, 0, 0, 11, 1439.53
1775268797, 1746, 80, 431, 0, 0, 0.54%, 0, 0, 11, 1530.18
1775268802, 1746, 116, 431, 0, 0, 0.54%, 0, 0, 11, 1560.08
1775268807, 1746, 178, 431, 0, 0, 0.54%, 0, 0, 11, 1480.53
1775268812, 1746, 290, 431, 0, 0, 0.54%, 0, 0, 11, 1438.58
1775268817, 1746, 313, 431, 0, 0, 0.54%, 0, 0, 11, 1449.76
1775268822, 1746, 385, 431, 0, 0, 0.54%, 0, 0, 11, 1346.01
1775268827, 1747, 63, 431, 0, 0, 0.54%, 0, 0, 11, 1288.05
1775268832, 1747, 100, 431, 0, 0, 0.54%, 0, 0, 11, 1465.47
1775268838, 1747, 134, 431, 0, 0, 0.54%, 0, 0, 11, 1466.77
1775268843, 1747, 199, 431, 0, 0, 0.54%, 0, 0, 11, 1552.31
1775268848, 1747, 302, 431, 0, 0, 0.54%, 0, 0, 11, 1439.57
1775268853, 1747, 361, 431, 0, 0, 0.54%, 0, 0, 11, 1461.82
1775268858, 1748, 17, 431, 0, 0, 0.54%, 0, 0, 11, 1465.33
1775268863, 1748, 83, 431, 0, 0, 0.54%, 0, 0, 11, 1465.66
1775268868, 1748, 166, 431, 0, 0, 0.54%, 0, 0, 11, 1497.83
1775268873, 1748, 228, 431, 0, 0, 0.54%, 0, 0, 11, 1503.35
1775268878, 1748, 354, 431, 0, 0, 0.54%, 0, 0, 11, 1389.44
1775268883, 1748, 415, 431, 0, 0, 0.54%, 0, 0, 11, 1155.69
1775268888, 1749, 63, 431, 0, 0, 0.54%, 0, 0, 11, 1463.86
1775268893, 1749, 86, 431, 0, 0, 0.54%, 0, 0, 11, 1418.47
1775268899, 1749, 177, 431, 0, 0, 0.54%, 0, 0, 11, 1568.78
1775268904, 1749, 194, 431, 0, 0, 0.54%, 0, 0, 11, 1556.93
1775268909, 1749, 278, 431, 0, 0, 0.54%, 0, 0, 11, 1528.36
1775268914, 1749, 358, 431, 0, 0, 0.54%, 0, 0, 11, 1529.01
1775268919, 1749, 430, 431, 0, 0, 0.54%, 0, 0, 11, 1219.19
1775268924, 1750, 80, 431, 0, 0, 0.54%, 0, 0, 11, 1371.07
1775268929, 1750, 112, 431, 0, 0, 0.54%, 0, 0, 11, 1401.43
1775268934, 1750, 218, 431, 0, 0, 0.54%, 0, 0, 11, 1428.68
1775268939, 1750, 352, 431, 0, 0, 0.54%, 0, 0, 11, 1428.28
1775268945, 1750, 418, 431, 0, 0, 0.54%, 0, 0, 11, 1176.53
1775268950, 1751, 79, 431, 0, 0, 0.54%, 0, 0, 11, 1561.59
1775268955, 1751, 127, 431, 0, 0, 0.54%, 0, 0, 11, 1619.67
1775268960, 1751, 162, 431, 0, 0, 0.54%, 0, 0, 11, 1543.93
1775268965, 1751, 191, 431, 0, 0, 0.54%, 0, 0, 11, 1214.79
1775268970, 1751, 306, 431, 0, 0, 0.54%, 0, 0, 11, 1268.28
1775268975, 1751, 352, 431, 0, 0, 0.54%, 0, 0, 11, 1350.54
1775268980, 1752, 40, 431, 0, 0, 0.54%, 0, 0, 11, 1471.42
1775268985, 1752, 81, 431, 0, 0, 0.54%, 0, 0, 11, 1434.96
1775268991, 1752, 146, 431, 0, 0, 0.54%, 0, 0, 11, 1515.83
1775268996, 1752, 280, 431, 0, 0, 0.54%, 0, 0, 11, 1555.63
1775269001, 1752, 357, 431, 0, 0, 0.54%, 0, 0, 11, 1489.18
1775269006, 1753, 14, 431, 0, 0, 0.54%, 0, 0, 11, 1449.70
1775269011, 1753, 63, 431, 0, 0, 0.54%, 0, 0, 11, 1477.26
1775269016, 1753, 111, 431, 0, 0, 0.54%, 0, 0, 11, 1505.79
1775269021, 1753, 193, 431, 0, 0, 0.54%, 0, 0, 11, 1545.14
1775269026, 1753, 240, 431, 0, 0, 0.54%, 0, 0, 11, 1491.82
1775269031, 1753, 325, 431, 0, 0, 0.54%, 0, 0, 11, 1457.50
1775269037, 1753, 387, 431, 0, 0, 0.54%, 0, 0, 11, 1343.76
1775269042, 1754, 79, 431, 0, 0, 0.54%, 0, 0, 11, 1418.25
1775269047, 1754, 98, 431, 0, 0, 0.54%, 0, 0, 11, 1346.38
1775269052, 1754, 135, 431, 0, 0, 0.54%, 0, 0, 11, 1701.42
1775269057, 1754, 227, 431, 0, 0, 0.54%, 0, 0, 11, 1546.74
1775269062, 1754, 329, 431, 0, 0, 0.54%, 0, 0, 11, 1488.74
1775269067, 1754, 385, 431, 0, 0, 0.54%, 0, 0, 11, 1214.50
1775269072, 1755, 75, 431, 0, 0, 0.54%, 0, 0, 11, 1407.63
1775269077, 1755, 101, 431, 0, 0, 0.54%, 0, 0, 11, 1523.77
1775269082, 1755, 147, 431, 0, 0, 0.54%, 0, 0, 11, 1595.18
1775269087, 1755, 325, 431, 0, 0, 0.54%, 0, 0, 11, 1498.85
1775269092, 1755, 385, 431, 0, 0, 0.54%, 0, 0, 11, 1420.96
1775269098, 1756, 45, 431, 0, 0, 0.54%, 0, 0, 11, 1386.83
1775269103, 1756, 84, 431, 0, 0, 0.54%, 0, 0, 11, 1414.04
1775269108, 1756, 137, 431, 0, 0, 0.54%, 0, 0, 11, 1481.77
1775269113, 1756, 188, 431, 0, 0, 0.54%, 0, 0, 11, 1365.51
1775269118, 1756, 325, 431, 0, 0, 0.54%, 0, 0, 11, 1476.78
1775269123, 1756, 385, 431, 0, 0, 0.54%, 0, 0, 11, 1422.35
1775269128, 1757, 80, 431, 0, 0, 0.54%, 0, 0, 11, 1436.26
1775269134, 1757, 147, 431, 0, 0, 0.54%, 0, 0, 11, 1505.87
1775269139, 1757, 310, 431, 0, 0, 0.54%, 0, 0, 11, 1332.34
1775269144, 1757, 371, 431, 0, 0, 0.54%, 0, 0, 11, 1400.59
1775269149, 1758, 65, 431, 0, 0, 0.54%, 0, 0, 11, 1472.34
1775269154, 1758, 111, 431, 0, 0, 0.54%, 0, 0, 11, 1521.03
1775269159, 1758, 196, 431, 0, 0, 0.54%, 0, 0, 11, 1561.53
1775269164, 1758, 335, 431, 0, 0, 0.54%, 0, 0, 11, 1477.35
1775269169, 1758, 385, 431, 0, 0, 0.54%, 0, 0, 11, 1305.22
1775269174, 1759, 80, 431, 0, 0, 0.54%, 0, 0, 11, 1458.53
1775269179, 1759, 111, 431, 0, 0, 0.54%, 0, 0, 11, 1394.68
1775269184, 1759, 226, 431, 0, 0, 0.54%, 0, 0, 11, 1347.67
1775269190, 1759, 325, 431, 0, 0, 0.54%, 0, 0, 11, 1461.81
1775269195, 1759, 385, 431, 0, 0, 0.54%, 0, 0, 11, 1402.76
1775269200, 1760, 86, 431, 0, 0, 0.54%, 0, 0, 11, 1519.66
1775269205, 1760, 140, 431, 0, 0, 0.54%, 0, 0, 11, 1434.61
1775269210, 1760, 229, 431, 0, 0, 0.54%, 0, 0, 11, 1446.89
1775269215, 1760, 349, 431, 0, 0, 0.54%, 0, 0, 11, 1466.32
1775269220, 1760, 393, 431, 0, 0, 0.54%, 0, 0, 11, 1375.00
1775269225, 1761, 63, 431, 0, 0, 0.54%, 0, 0, 11, 1587.97
1775269230, 1761, 86, 431, 0, 0, 0.54%, 0, 0, 11, 1400.91
1775269235, 1761, 147, 431, 0, 0, 0.54%, 0, 0, 11, 1545.50
1775269240, 1761, 196, 431, 0, 0, 0.54%, 0, 0, 11, 1571.05
1775269245, 1761, 354, 431, 0, 0, 0.54%, 0, 0, 11, 1485.83
1775269250, 1762, 5, 431, 0, 0, 0.54%, 0, 0, 11, 1278.85
1775269255, 1762, 63, 431, 0, 0, 0.54%, 0, 0, 11, 1498.07
1775269260, 1762, 111, 431, 0, 0, 0.54%, 0, 0, 11, 1548.52
1775269266, 1762, 191, 431, 0, 0, 0.54%, 0, 0, 11, 1515.48
1775269271, 1762, 318, 431, 0, 0, 0.54%, 0, 0, 11, 1476.05
1775269276, 1762, 363, 431, 0, 0, 0.54%, 0, 0, 11, 1446.43
1775269281, 1763, 22, 431, 0, 0, 0.54%, 0, 0, 11, 1381.67
1775269286, 1763, 90, 431, 0, 0, 0.54%, 0, 0, 11, 1569.01
1775269291, 1763, 196, 431, 0, 0, 0.54%, 0, 0, 11, 1521.83
1775269296, 1763, 354, 431, 0, 0, 0.54%, 0, 0, 11, 1421.04
1775269301, 1763, 390, 431, 0, 0, 0.54%, 0, 0, 11, 1191.60
1775269306, 1764, 80, 431, 0, 0, 0.54%, 0, 0, 11, 1443.62
1775269311, 1764, 117, 431, 0, 0, 0.54%, 0, 0, 11, 1539.46
1775269316, 1764, 187, 431, 0, 0, 0.54%, 0, 0, 11, 1385.47
1775269322, 1764, 289, 431, 0, 0, 0.54%, 0, 0, 11, 1531.08
1775269327, 1764, 358, 431, 0, 0, 0.54%, 0, 0, 11, 1272.43
1775269332, 1765, 40, 431, 0, 0, 0.54%, 0, 0, 11, 1312.18
1775269337, 1765, 79, 431, 0, 0, 0.54%, 0, 0, 11, 1423.76
1775269342, 1765, 111, 431, 0, 0, 0.54%, 0, 0, 11, 1415.82
1775269347, 1765, 265, 431, 0, 0, 0.54%, 0, 0, 11, 1420.93
1775269352, 1765, 349, 431, 0, 0, 0.54%, 0, 0, 11, 1456.31
1775269357, 1765, 385, 431, 0, 0, 0.54%, 0, 0, 11, 1324.39
1775269362, 1765, 430, 431, 0, 0, 0.54%, 0, 0, 11, 1503.77
1775269368, 1766, 79, 431, 0, 0, 0.54%, 0, 0, 11, 1457.62
1775269373, 1766, 100, 431, 0, 0, 0.54%, 0, 0, 11, 1396.01
1775269378, 1766, 138, 431, 0, 0, 0.54%, 0, 0, 11, 1512.73
1775269383, 1766, 165, 431, 0, 0, 0.54%, 0, 0, 11, 1514.56
1775269388, 1766, 349, 431, 0, 0, 0.54%, 0, 0, 11, 1449.75
1775269393, 1767, 37, 431, 0, 0, 0.54%, 0, 0, 11, 1295.12
1775269398, 1767, 78, 431, 0, 0, 0.54%, 0, 0, 11, 1419.68
1775269403, 1767, 100, 431, 0, 0, 0.54%, 0, 0, 11, 1572.23
1775269408, 1767, 147, 431, 0, 0, 0.54%, 0, 0, 11, 1622.76
1775269414, 1767, 238, 431, 0, 0, 0.54%, 0, 0, 11, 1591.52
1775269419, 1767, 307, 431, 0, 0, 0.54%, 0, 0, 11, 1524.31
1775269424, 1767, 385, 431, 0, 0, 0.54%, 0, 0, 11, 1373.81
1775269429, 1768, 32, 431, 0, 0, 0.54%, 0, 0, 11, 1411.67
1775269434, 1768, 76, 431, 0, 0, 0.54%, 0, 0, 11, 992.38
1775269439, 1768, 91, 431, 0, 0, 0.54%, 0, 0, 11, 1403.04
1775269444, 1768, 147, 431, 0, 0, 0.54%, 0, 0, 11, 1508.73
1775269449, 1768, 325, 431, 0, 0, 0.54%, 0, 0, 11, 1502.67
1775269454, 1768, 383, 431, 0, 0, 0.54%, 0, 0, 11, 1363.58
1775269459, 1769, 86, 431, 0, 0, 0.54%, 0, 0, 11, 1544.99
1775269464, 1769, 137, 431, 0, 0, 0.54%, 0, 0, 11, 1545.80
1775269469, 1769, 271, 431, 0, 0, 0.54%, 0, 0, 11, 1488.56
1775269474, 1769, 354, 431, 0, 0, 0.54%, 0, 0, 11, 1452.03
1775269479, 1770, 30, 431, 0, 0, 0.54%, 0, 0, 11, 1538.74
1775269485, 1770, 67, 431, 0, 0, 0.54%, 0, 0, 11, 1567.40
1775269490, 1770, 111, 431, 0, 0, 0.54%, 0, 0, 11, 1472.25
1775269495, 1770, 169, 431, 0, 0, 0.54%, 0, 0, 11, 1499.97
1775269500, 1770, 280, 431, 0, 0, 0.54%, 0, 0, 11, 1519.61
1775269505, 1770, 357, 431, 0, 0, 0.54%, 0, 0, 11, 1444.84
1775269510, 1771, 22, 431, 0, 0, 0.54%, 0, 0, 11, 1368.88
1775269515, 1771, 81, 431, 0, 0, 0.54%, 0, 0, 11, 1556.27
1775269520, 1771, 122, 431, 0, 0, 0.54%, 0, 0, 11, 1506.38
1775269525, 1771, 196, 431, 0, 0, 0.54%, 0, 0, 11, 1421.73
1775269530, 1771, 278, 431, 0, 0, 0.54%, 0, 0, 11, 1381.06
1775269535, 1771, 352, 431, 0, 0, 0.54%, 0, 0, 11, 1412.89
1775269540, 1771, 406, 431, 0, 0, 0.54%, 0, 0, 11, 1223.93
1775269545, 1772, 30, 431, 0, 0, 0.54%, 0, 0, 11, 1342.21
1775269550, 1772, 91, 431, 0, 0, 0.54%, 0, 0, 11, 1437.00
1775269555, 1772, 156, 431, 0, 0, 0.54%, 0, 0, 11, 1297.14
1775269560, 1772, 196, 431, 0, 0, 0.54%, 0, 0, 11, 1436.89
1775269565, 1772, 325, 431, 0, 0, 0.54%, 0, 0, 11, 1473.18
1775269571, 1772, 385, 431, 0, 0, 0.54%, 0, 0, 11, 1281.11
1775269576, 1773, 63, 431, 0, 0, 0.54%, 0, 0, 11, 1476.45
1775269581, 1773, 86, 431, 0, 0, 0.54%, 0, 0, 11, 1419.32
1775269586, 1773, 168, 431, 0, 0, 0.54%, 0, 0, 11, 1516.32
1775269591, 1773, 207, 431, 0, 0, 0.54%, 0, 0, 11, 1425.59
1775269596, 1773, 325, 431, 0, 0, 0.54%, 0, 0, 11, 1427.61
1775269601, 1773, 385, 431, 0, 0, 0.54%, 0, 0, 11, 1314.14
1775269606, 1773, 430, 431, 0, 0, 0.54%, 0, 0, 11, 1071.35
1775269611, 1774, 63, 431, 0, 0, 0.54%, 0, 0, 11, 1420.92
1775269616, 1774, 91, 431, 0, 0, 0.54%, 0, 0, 11, 1428.00
1775269622, 1774, 127, 431, 0, 0, 0.54%, 0, 0, 11, 1454.30
1775269627, 1774, 253, 431, 0, 0, 0.54%, 0, 0, 11, 1489.85
1775269632, 1774, 349, 431, 0, 0, 0.54%, 0, 0, 11, 1474.31
1775269637, 1774, 418, 431, 0, 0, 0.54%, 0, 0, 11, 1389.38
1775269642, 1775, 78, 431, 0, 0, 0.54%, 0, 0, 11, 1471.20
1775269647, 1775, 91, 431, 0, 0, 0.54%, 0, 0, 11, 1415.18
1775269652, 1775, 196, 431, 0, 0, 0.54%, 0, 0, 11, 1504.09
1775269657, 1775, 248, 431, 0, 0, 0.54%, 0, 0, 11, 1449.98
1775269662, 1775, 325, 431, 0, 0, 0.54%, 0, 0, 11, 1483.23
1775269667, 1775, 385, 431, 0, 0, 0.54%, 0, 0, 11, 1383.12
1775269672, 1776, 80, 431, 0, 0, 0.54%, 0, 0, 11, 1518.66
1775269677, 1776, 110, 431, 0, 0, 0.54%, 0, 0, 11, 1544.91
1775269682, 1776, 233, 431, 0, 0, 0.54%, 0, 0, 11, 1539.37
1775269687, 1776, 354, 431, 0, 0, 0.54%, 0, 0, 11, 1431.64
1775269692, 1776, 403, 431, 0, 0, 0.54%, 0, 0, 11, 1201.29
1775269698, 1777, 63, 431, 0, 0, 0.54%, 0, 0, 11, 1452.13
1775269703, 1777, 86, 431, 0, 0, 0.54%, 0, 0, 11, 1502.65
1775269708, 1777, 140, 431, 0, 0, 0.54%, 0, 0, 11, 1481.20
1775269713, 1777, 322, 431, 0, 0, 0.54%, 0, 0, 11, 1455.11
1775269718, 1777, 385, 431, 0, 0, 0.54%, 0, 0, 11, 1430.32
1775269723, 1778, 60, 431, 0, 0, 0.54%, 0, 0, 11, 1277.89
1775269728, 1778, 89, 431, 0, 0, 0.54%, 0, 0, 11, 1547.63
1775269733, 1778, 116, 431, 0, 0, 0.54%, 0, 0, 11, 1560.05
1775269738, 1778, 246, 431, 0, 0, 0.54%, 0, 0, 11, 1424.00
1775269743, 1778, 349, 431, 0, 0, 0.54%, 0, 0, 11, 1442.88
1775269748, 1778, 400, 431, 0, 0, 0.54%, 0, 0, 11, 1331.35
1775269753, 1779, 80, 431, 0, 0, 0.54%, 0, 0, 11, 1464.88
1775269758, 1779, 147, 431, 0, 0, 0.54%, 0, 0, 11, 1473.82
1775269764, 1779, 196, 431, 0, 0, 0.54%, 0, 0, 11, 1577.33
1775269769, 1779, 312, 431, 0, 0, 0.54%, 0, 0, 11, 1452.96
1775269774, 1779, 369, 431, 0, 0, 0.54%, 0, 0, 11, 1367.42
1775269779, 1780, 57, 431, 0, 0, 0.54%, 0, 0, 11, 1403.12
1775269784, 1780, 86, 431, 0, 0, 0.54%, 0, 0, 11, 1473.83
1775269789, 1780, 146, 431, 0, 0, 0.54%, 0, 0, 11, 1383.38
1775269794, 1780, 214, 431, 0, 0, 0.54%, 0, 0, 11, 1438.55
1775269799, 1780, 292, 431, 0, 0, 0.54%, 0, 0, 11, 1402.15
1775269804, 1780, 354, 431, 0, 0, 0.54%, 0, 0, 11, 1391.84
1775269809, 1781, 11, 431, 0, 0, 0.54%, 0, 0, 11, 1388.61
1775269814, 1781, 67, 431, 0, 0, 0.54%, 0, 0, 11, 1543.37
1775269819, 1781, 91, 431, 0, 0, 0.54%, 0, 0, 11, 1399.05
1775269825, 1781, 153, 431, 0, 0, 0.54%, 0, 0, 11, 1433.00
1775269830, 1781, 236, 431, 0, 0, 0.54%, 0, 0, 11, 1573.90
1775269835, 1781, 337, 431, 0, 0, 0.54%, 0, 0, 11, 1545.07
1775269840, 1781, 393, 431, 0, 0, 0.54%, 0, 0, 11, 1363.03
1775269845, 1782, 63, 431, 0, 0, 0.54%, 0, 0, 11, 1533.02
1775269850, 1782, 100, 431, 0, 0, 0.54%, 0, 0, 11, 1499.24
1775269855, 1782, 178, 431, 0, 0, 0.54%, 0, 0, 11, 1527.58
1775269860, 1782, 227, 431, 0, 0, 0.54%, 0, 0, 11, 1512.48
1775269865, 1782, 325, 431, 0, 0, 0.54%, 0, 0, 11, 1466.92
1775269870, 1782, 385, 431, 0, 0, 0.54%, 0, 0, 11, 1367.42
1775269875, 1783, 79, 431, 0, 0, 0.54%, 0, 0, 11, 1352.07
1775269880, 1783, 145, 431, 0, 0, 0.54%, 0, 0, 11, 1499.30
1775269885, 1783, 184, 431, 0, 0, 0.54%, 0, 0, 11, 1420.02
1775269890, 1783, 325, 431, 0, 0, 0.54%, 0, 0, 11, 1529.67
1775269895, 1783, 401, 431, 0, 0, 0.54%, 0, 0, 11, 1262.54
1775269900, 1784, 79, 431, 0, 0, 0.54%, 0, 0, 11, 1481.49
1775269905, 1784, 111, 431, 0, 0, 0.54%, 0, 0, 11, 1484.06
1775269911, 1784, 196, 431, 0, 0, 0.54%, 0, 0, 11, 1491.67
1775269916, 1784, 349, 431, 0, 0, 0.54%, 0, 0, 11, 1518.42
1775269921, 1784, 394, 431, 0, 0, 0.54%, 0, 0, 11, 1280.14
1775269926, 1785, 86, 431, 0, 0, 0.54%, 0, 0, 11, 1392.81
1775269931, 1785, 147, 431, 0, 0, 0.54%, 0, 0, 11, 1446.64
1775269936, 1785, 280, 431, 0, 0, 0.54%, 0, 0, 11, 1477.97
1775269941, 1785, 357, 431, 0, 0, 0.54%, 0, 0, 11, 1318.37
1775269946, 1785, 410, 431, 0, 0, 0.54%, 0, 0, 11, 1184.26
1775269951, 1786, 63, 431, 0, 0, 0.54%, 0, 0, 11, 1462.84
1775269957, 1786, 100, 431, 0, 0, 0.54%, 0, 0, 11, 1507.57
1775269962, 1786, 147, 431, 0, 0, 0.54%, 0, 0, 11, 1516.71
1775269967, 1786, 196, 431, 0, 0, 0.54%, 0, 0, 11, 1423.35
1775269972, 1786, 349, 431, 0, 0, 0.54%, 0, 0, 11, 1351.02
1775269977, 1786, 420, 431, 0, 0, 0.54%, 0, 0, 11, 1263.78
1775269982, 1787, 79, 431, 0, 0, 0.54%, 0, 0, 11, 1481.75
1775269987, 1787, 141, 431, 0, 0, 0.54%, 0, 0, 11, 1571.63
1775269992, 1787, 203, 431, 0, 0, 0.54%, 0, 0, 11, 1383.40
1775269997, 1787, 270, 431, 0, 0, 0.54%, 0, 0, 11, 1378.10
1775270002, 1787, 323, 431, 0, 0, 0.54%, 0, 0, 11, 1475.58
1775270007, 1787, 354, 431, 0, 0, 0.54%, 0, 0, 11, 1358.32
1775270012, 1788, 8, 431, 0, 0, 0.54%, 0, 0, 11, 1194.79
1775270017, 1788, 80, 431, 0, 0, 0.54%, 0, 0, 11, 1449.22
1775270022, 1788, 114, 431, 0, 0, 0.54%, 0, 0, 11, 1480.30
1775270028, 1788, 240, 431, 0, 0, 0.54%, 0, 0, 11, 954.06
1775270033, 1788, 349, 431, 0, 0, 0.54%, 0, 0, 11, 1369.05
1775270038, 1788, 398, 431, 0, 0, 0.54%, 0, 0, 11, 1163.45
1775270043, 1789, 50, 431, 0, 0, 0.54%, 0, 0, 11, 1468.92
1775270048, 1789, 86, 431, 0, 0, 0.54%, 0, 0, 11, 1515.13
1775270053, 1789, 110, 431, 0, 0, 0.54%, 0, 0, 11, 1459.83
1775270058, 1789, 196, 431, 0, 0, 0.54%, 0, 0, 11, 1520.41
1775270063, 1789, 267, 431, 0, 0, 0.54%, 0, 0, 11, 1326.22
1775270068, 1789, 354, 431, 0, 0, 0.54%, 0, 0, 11, 1342.40
1775270073, 1789, 420, 431, 0, 0, 0.54%, 0, 0, 11, 1213.44
1775270078, 1790, 87, 431, 0, 0, 0.54%, 0, 0, 11, 1469.59
1775270083, 1790, 123, 431, 0, 0, 0.54%, 0, 0, 11, 1583.78
1775270088, 1790, 244, 431, 0, 0, 0.54%, 0, 0, 11, 1491.34
1775270093, 1790, 292, 431, 0, 0, 0.54%, 0, 0, 11, 1480.36
1775270099, 1790, 385, 431, 0, 0, 0.54%, 0, 0, 11, 1284.25
1775270104, 1791, 61, 431, 0, 0, 0.54%, 0, 0, 11, 1195.19
1775270109, 1791, 80, 431, 0, 0, 0.54%, 0, 0, 11, 1466.52
1775270114, 1791, 111, 431, 0, 0, 0.54%, 0, 0, 11, 1600.16
1775270119, 1791, 198, 431, 0, 0, 0.54%, 0, 0, 11, 1495.28
1775270124, 1791, 346, 431, 0, 0, 0.54%, 0, 0, 11, 1447.59
1775270129, 1791, 403, 431, 0, 0, 0.54%, 0, 0, 11, 1271.01
1775270134, 1792, 79, 431, 0, 0, 0.54%, 0, 0, 11, 1493.55
1775270139, 1792, 111, 431, 0, 0, 0.54%, 0, 0, 11, 1502.64
1775270145, 1792, 231, 431, 0, 0, 0.54%, 0, 0, 11, 1659.33
1775270150, 1792, 325, 431, 0, 0, 0.54%, 0, 0, 11, 1509.41
1775270155, 1792, 398, 431, 0, 0, 0.54%, 0, 0, 11, 1384.20
1775270160, 1793, 86, 431, 0, 0, 0.54%, 0, 0, 11, 1452.46
1775270165, 1793, 135, 431, 0, 0, 0.54%, 0, 0, 11, 1404.58
1775270170, 1793, 195, 431, 0, 0, 0.54%, 0, 0, 11, 1445.39
1775270175, 1793, 291, 431, 0, 0, 0.54%, 0, 0, 11, 1512.50
1775270180, 1793, 354, 431, 0, 0, 0.54%, 0, 0, 11, 1391.88
1775270185, 1794, 63, 431, 0, 0, 0.54%, 0, 0, 11, 1322.54
1775270190, 1794, 97, 431, 0, 0, 0.54%, 0, 0, 11, 1526.06
1775270195, 1794, 151, 431, 0, 0, 0.54%, 0, 0, 11, 1519.45
1775270200, 1794, 191, 431, 0, 0, 0.54%, 0, 0, 11, 1529.43
1775270206, 1794, 325, 431, 0, 0, 0.54%, 0, 0, 11, 1506.98
1775270211, 1794, 385, 431, 0, 0, 0.54%, 0, 0, 11, 1433.29
1775270216, 1795, 25, 431, 0, 0, 0.54%, 0, 0, 11, 1300.41
1775270221, 1795, 86, 431, 0, 0, 0.54%, 0, 0, 11, 1566.36
1775270226, 1795, 147, 431, 0, 0, 0.54%, 0, 0, 11, 1550.98
1775270231, 1795, 252, 431, 0, 0, 0.54%, 0, 0, 11, 1748.94
1775270236, 1795, 325, 431, 0, 0, 0.54%, 0, 0, 11, 1410.97
1775270241, 1795, 396, 431, 0, 0, 0.54%, 0, 0, 11, 1416.89
1775270246, 1796, 79, 431, 0, 0, 0.54%, 0, 0, 11, 1449.03
1775270251, 1796, 147, 431, 0, 0, 0.54%, 0, 0, 11, 1554.43
1775270256, 1796, 250, 431, 0, 0, 0.54%, 0, 0, 11, 1498.74
1775270261, 1796, 371, 431, 0, 0, 0.54%, 0, 0, 11, 1454.62
1775270266, 1797, 15, 431, 0, 0, 0.54%, 0, 0, 11, 1205.18
1775270272, 1797, 80, 431, 0, 0, 0.54%, 0, 0, 11, 1537.67
1775270277, 1797, 147, 431, 0, 0, 0.54%, 0, 0, 11, 1514.90
1775270282, 1797, 196, 431, 0, 0, 0.54%, 0, 0, 11, 1392.25
1775270287, 1797, 349, 431, 0, 0, 0.54%, 0, 0, 11, 1411.73
1775270292, 1798, 26, 431, 0, 0, 0.54%, 0, 0, 11, 1474.55
1775270297, 1798, 79, 431, 0, 0, 0.54%, 0, 0, 11, 1491.53
1775270302, 1798, 100, 431, 0, 0, 0.54%, 0, 0, 11, 1419.23
1775270307, 1798, 180, 431, 0, 0, 0.54%, 0, 0, 11, 1449.37
1775270312, 1798, 193, 431, 0, 0, 0.54%, 0, 0, 11, 1392.42
1775270318, 1798, 325, 431, 0, 0, 0.54%, 0, 0, 11, 1415.56
1775270323, 1798, 385, 431, 0, 0, 0.54%, 0, 0, 11, 1443.94
1775270328, 1799, 64, 431, 0, 0, 0.54%, 0, 0, 11, 1513.73
1775270333, 1799, 91, 431, 0, 0, 0.54%, 0, 0, 11, 1609.97
1775270338, 1799, 147, 431, 0, 0, 0.54%, 0, 0, 11, 1497.42
1775270343, 1799, 196, 431, 0, 0, 0.54%, 0, 0, 11, 1496.98
1775270348, 1799, 284, 431, 0, 0, 0.54%, 0, 0, 11, 1357.65
1775270353, 1799, 372, 431, 0, 0, 0.54%, 0, 0, 11, 1402.43
1775270358, 1800, 50, 431, 0, 0, 0.54%, 0, 0, 11, 1394.79
1775270364, 1800, 81, 431, 0, 0, 0.54%, 0, 0, 11, 1523.02
1775270369, 1800, 111, 431, 0, 0, 0.54%, 0, 0, 11, 1633.09
1775270374, 1800, 212, 431, 0, 0, 0.54%, 0, 0, 11, 1560.64
1775270379, 1800, 354, 431, 0, 0, 0.54%, 0, 0, 11, 1446.71
1775270384, 1800, 415, 431, 0, 0, 0.54%, 0, 0, 11, 1229.04
1775270389, 1801, 69, 431, 0, 0, 0.54%, 0, 0, 11, 1399.55
1775270394, 1801, 100, 431, 0, 0, 0.54%, 0, 0, 11, 1398.65
1775270399, 1801, 147, 431, 0, 0, 0.54%, 0, 0, 11, 1279.63
1775270404, 1801, 270, 431, 0, 0, 0.54%, 0, 0, 11, 1405.01
1775270409, 1801, 385, 431, 0, 0, 0.54%, 0, 0, 11, 1354.01
1775270414, 1802, 63, 431, 0, 0, 0.54%, 0, 0, 11, 1859.17
1775270420, 1802, 100, 431, 0, 0, 0.54%, 0, 0, 11, 1564.53
1775270425, 1802, 196, 431, 0, 0, 0.54%, 0, 0, 11, 1490.44
1775270430, 1802, 285, 431, 0, 0, 0.54%, 0, 0, 11, 1440.01
1775270435, 1802, 357, 431, 0, 0, 0.54%, 0, 0, 11, 1602.92
1775270440, 1803, 12, 431, 0, 0, 0.54%, 0, 0, 11, 1452.88
1775270445, 1803, 86, 431, 0, 0, 0.54%, 0, 0, 11, 1539.01
1775270450, 1803, 147, 431, 0, 0, 0.54%, 0, 0, 11, 1511.75
1775270455, 1803, 184, 431, 0, 0, 0.54%, 0, 0, 11, 1450.65
1775270460, 1803, 260, 431, 0, 0, 0.54%, 0, 0, 11, 1502.95
1775270465, 1803, 337, 431, 0, 0, 0.54%, 0, 0, 11, 1377.23
1775270470, 1804, 30, 431, 0, 0, 0.54%, 0, 0, 11, 1352.22
1775270476, 1804, 91, 431, 0, 0, 0.54%, 0, 0, 11, 1537.82
1775270481, 1804, 139, 431, 0, 0, 0.54%, 0, 0, 11, 1545.83
1775270486, 1804, 202, 431, 0, 0, 0.54%, 0, 0, 11, 1712.64
1775270491, 1804, 325, 431, 0, 0, 0.54%, 0, 0, 11, 1556.94
1775270496, 1804, 396, 431, 0, 0, 0.54%, 0, 0, 11, 1440.40
1775270501, 1805, 80, 431, 0, 0, 0.54%, 0, 0, 11, 1474.49
1775270506, 1805, 147, 431, 0, 0, 0.54%, 0, 0, 11, 1518.72
1775270511, 1805, 185, 431, 0, 0, 0.54%, 0, 0, 11, 1399.09
1775270516, 1805, 309, 431, 0, 0, 0.54%, 0, 0, 11, 1419.06
1775270521, 1805, 385, 431, 0, 0, 0.54%, 0, 0, 11, 1360.48
1775270526, 1806, 30, 431, 0, 0, 0.54%, 0, 0, 11, 1395.24
1775270531, 1806, 86, 431, 0, 0, 0.54%, 0, 0, 11, 1587.62
1775270537, 1806, 147, 431, 0, 0, 0.54%, 0, 0, 11, 1441.90
1775270542, 1806, 252, 431, 0, 0, 0.54%, 0, 0, 11, 1445.93
1775270547, 1806, 302, 431, 0, 0, 0.54%, 0, 0, 11, 1797.90
1775270552, 1806, 365, 431, 0, 0, 0.54%, 0, 0, 11, 1455.33
1775270557, 1807, 29, 431, 0, 0, 0.54%, 0, 0, 11, 1368.49
1775270562, 1807, 80, 431, 0, 0, 0.54%, 0, 0, 11, 1387.59
1775270567, 1807, 107, 431, 0, 0, 0.54%, 0, 0, 11, 1427.60
1775270572, 1807, 178, 431, 0, 0, 0.54%, 0, 0, 11, 1472.73
1775270577, 1807, 300, 431, 0, 0, 0.54%, 0, 0, 11, 1499.86
1775270582, 1807, 385, 431, 0, 0, 0.54%, 0, 0, 11, 1333.00
1775270587, 1808, 63, 431, 0, 0, 0.54%, 0, 0, 11, 1395.21
1775270593, 1808, 91, 431, 0, 0, 0.54%, 0, 0, 11, 1572.91
1775270598, 1808, 147, 431, 0, 0, 0.54%, 0, 0, 11, 1531.61
1775270603, 1808, 253, 431, 0, 0, 0.54%, 0, 0, 11, 1474.13
1775270608, 1808, 349, 431, 0, 0, 0.54%, 0, 0, 11, 1460.21
1775270613, 1808, 391, 431, 0, 0, 0.54%, 0, 0, 11, 1247.49
1775270618, 1809, 23, 431, 0, 0, 0.54%, 0, 0, 11, 1451.65
1775270623, 1809, 86, 431, 0, 0, 0.54%, 0, 0, 11, 1455.22
1775270628, 1809, 147, 431, 0, 0, 0.54%, 0, 0, 11, 1439.41
1775270633, 1809, 232, 431, 0, 0, 0.54%, 0, 0, 11, 1494.79
1775270638, 1809, 354, 431, 0, 0, 0.54%, 0, 0, 11, 1385.20
1775270643, 1810, 51, 431, 0, 0, 0.54%, 0, 0, 11, 1671.83
1775270649, 1810, 86, 431, 0, 0, 0.54%, 0, 0, 11, 1547.81
1775270654, 1810, 111, 431, 0, 0, 0.54%, 0, 0, 11, 1488.55
1775270659, 1810, 217, 431, 0, 0, 0.54%, 0, 0, 11, 1522.83
1775270664, 1810, 325, 431, 0, 0, 0.54%, 0, 0, 11, 1433.47
1775270669, 1810, 371, 431, 0, 0, 0.54%, 0, 0, 11, 1376.34
1775270674, 1811, 63, 431, 0, 0, 0.54%, 0, 0, 11, 1289.29
1775270679, 1811, 86, 431, 0, 0, 0.54%, 0, 0, 11, 1414.70
1775270684, 1811, 131, 431, 0, 0, 0.54%, 0, 0, 11, 1423.25
1775270689, 1811, 263, 431, 0, 0, 0.54%, 0, 0, 11, 1582.40
1775270695, 1811, 306, 431, 0, 0, 0.54%, 0, 0, 11, 1362.85
1775270700, 1811, 371, 431, 0, 0, 0.54%, 0, 0, 11, 1354.30
1775270705, 1811, 429, 431, 0, 0, 0.54%, 0, 0, 11, 1241.17
1775270710, 1812, 29, 431, 0, 0, 0.54%, 0, 0, 11, 1323.25
1775270715, 1812, 52, 431, 0, 0, 0.54%, 0, 0, 11, 1375.50
1775270720, 1812, 86, 431, 0, 0, 0.54%, 0, 0, 11, 1404.82
1775270725, 1812, 154, 431, 0, 0, 0.54%, 0, 0, 11, 1495.32
1775270730, 1812, 315, 431, 0, 0, 0.54%, 0, 0, 11, 1420.80
1775270735, 1812, 357, 431, 0, 0, 0.54%, 0, 0, 11, 1371.40
1775270740, 1813, 12, 431, 0, 0, 0.54%, 0, 0, 11, 1386.78
1775270746, 1813, 79, 431, 0, 0, 0.54%, 0, 0, 11, 1482.51
1775270751, 1813, 127, 431, 0, 0, 0.54%, 0, 0, 11, 1473.58
1775270756, 1813, 234, 431, 0, 0, 0.54%, 0, 0, 11, 1479.60
1775270761, 1813, 349, 431, 0, 0, 0.54%, 0, 0, 11, 1534.32
1775270766, 1814, 23, 431, 0, 0, 0.54%, 0, 0, 11, 1336.75
1775270771, 1814, 100, 431, 0, 0, 0.54%, 0, 0, 11, 1483.04
1775270776, 1814, 171, 431, 0, 0, 0.54%, 0, 0, 11, 1428.84
1775270781, 1814, 272, 431, 0, 0, 0.54%, 0, 0, 11, 1483.87
1775270786, 1814, 352, 431, 0, 0, 0.54%, 0, 0, 11, 1443.99
1775270791, 1815, 22, 431, 0, 0, 0.54%, 0, 0, 11, 1401.39
1775270796, 1815, 100, 431, 0, 0, 0.54%, 0, 0, 11, 1511.89
1775270802, 1815, 147, 431, 0, 0, 0.54%, 0, 0, 11, 1544.20
1775270807, 1815, 214, 431, 0, 0, 0.54%, 0, 0, 11, 1488.94
1775270812, 1815, 371, 431, 0, 0, 0.54%, 0, 0, 11, 1400.16
1775270817, 1816, 63, 431, 0, 0, 0.54%, 0, 0, 11, 1455.66
1775270822, 1816, 100, 431, 0, 0, 0.54%, 0, 0, 11, 1559.72
1775270827, 1816, 111, 431, 0, 0, 0.54%, 0, 0, 11, 1445.37
1775270832, 1816, 207, 431, 0, 0, 0.54%, 0, 0, 11, 1439.53
1775270837, 1816, 325, 431, 0, 0, 0.54%, 0, 0, 11, 1489.54
1775270842, 1816, 371, 431, 0, 0, 0.54%, 0, 0, 11, 1302.68
1775270847, 1817, 63, 431, 0, 0, 0.54%, 0, 0, 11, 1352.20
1775270852, 1817, 98, 431, 0, 0, 0.54%, 0, 0, 11, 1510.58
1775270857, 1817, 178, 431, 0, 0, 0.54%, 0, 0, 11, 1495.90
1775270862, 1817, 310, 431, 0, 0, 0.54%, 0, 0, 11, 1442.31
1775270867, 1817, 354, 431, 0, 0, 0.54%, 0, 0, 11, 1373.78
1775270872, 1817, 392, 431, 0, 0, 0.54%, 0, 0, 11, 1239.05
1775270877, 1818, 63, 431, 0, 0, 0.54%, 0, 0, 11, 1432.89
1775270882, 1818, 100, 431, 0, 0, 0.54%, 0, 0, 11, 1568.94
1775270887, 1818, 194, 431, 0, 0, 0.54%, 0, 0, 11, 1551.56
1775270892, 1818, 275, 431, 0, 0, 0.54%, 0, 0, 11, 1403.92
1775270898, 1818, 335, 431, 0, 0, 0.54%, 0, 0, 11, 1486.20
1775270903, 1818, 371, 431, 0, 0, 0.54%, 0, 0, 11, 1415.70
1775270908, 1819, 63, 431, 0, 0, 0.54%, 0, 0, 11, 1371.32
1775270913, 1819, 100, 431, 0, 0, 0.54%, 0, 0, 11, 1444.76
1775270918, 1819, 147, 431, 0, 0, 0.54%, 0, 0, 11, 1560.44
1775270923, 1819, 230, 431, 0, 0, 0.54%, 0, 0, 11, 1268.59
1775270928, 1819, 291, 431, 0, 0, 0.54%, 0, 0, 11, 1383.45
1775270933, 1819, 354, 431, 0, 0, 0.54%, 0, 0, 11, 1442.79
1775270938, 1819, 394, 431, 0, 0, 0.54%, 0, 0, 11, 1202.22
1775270943, 1820, 88, 431, 0, 0, 0.54%, 0, 0, 11, 1476.59
1775270949, 1820, 115, 431, 0, 0, 0.54%, 0, 0, 11, 1361.35
1775270954, 1820, 256, 431, 0, 0, 0.54%, 0, 0, 11, 1479.14
1775270959, 1820, 325, 431, 0, 0, 0.54%, 0, 0, 11, 1436.05
1775270964, 1820, 382, 431, 0, 0, 0.54%, 0, 0, 11, 1345.81
1775270969, 1821, 33, 431, 0, 0, 0.54%, 0, 0, 11, 1512.30
1775270974, 1821, 79, 431, 0, 0, 0.54%, 0, 0, 11, 1558.91
1775270979, 1821, 111, 431, 0, 0, 0.54%, 0, 0, 11, 1474.74
1775270984, 1821, 196, 431, 0, 0, 0.54%, 0, 0, 11, 1425.75
1775270989, 1821, 313, 431, 0, 0, 0.54%, 0, 0, 11, 1393.24
1775270994, 1821, 385, 431, 0, 0, 0.54%, 0, 0, 11, 1397.94
1775271000, 1822, 70, 431, 0, 0, 0.54%, 0, 0, 11, 1374.12
1775271005, 1822, 100, 431, 0, 0, 0.54%, 0, 0, 11, 1475.31
1775271010, 1822, 161, 431, 0, 0, 0.54%, 0, 0, 11, 1441.88
1775271015, 1822, 275, 431, 0, 0, 0.54%, 0, 0, 11, 1378.17
1775271020, 1822, 385, 431, 0, 0, 0.54%, 0, 0, 11, 1366.92
1775271025, 1823, 18, 431, 0, 0, 0.54%, 0, 0, 11, 1391.70
1775271030, 1823, 79, 431, 0, 0, 0.54%, 0, 0, 11, 1466.24
1775271035, 1823, 112, 431, 0, 0, 0.54%, 0, 0, 11, 1573.13
1775271040, 1823, 184, 431, 0, 0, 0.54%, 0, 0, 11, 1248.04
1775271045, 1823, 308, 431, 0, 0, 0.54%, 0, 0, 11, 1401.35
1775271051, 1823, 371, 431, 0, 0, 0.54%, 0, 0, 11, 1388.62
1775271056, 1824, 15, 431, 0, 0, 0.54%, 0, 0, 11, 1230.92
1775271061, 1824, 37, 431, 0, 0, 0.54%, 0, 0, 11, 1367.74
1775271066, 1824, 73, 431, 0, 0, 0.54%, 0, 0, 11, 1552.76
1775271071, 1824, 96, 431, 0, 0, 0.54%, 0, 0, 11, 1428.62
1775271076, 1824, 152, 431, 0, 0, 0.54%, 0, 0, 11, 1431.56
1775271081, 1824, 252, 431, 0, 0, 0.54%, 0, 0, 11, 1371.58
1775271087, 1824, 354, 431, 0, 0, 0.54%, 0, 0, 11, 1351.06
1775271092, 1824, 394, 431, 0, 0, 0.54%, 0, 0, 11, 1360.99
1775271097, 1825, 79, 431, 0, 0, 0.54%, 0, 0, 11, 1514.05
1775271102, 1825, 101, 431, 0, 0, 0.54%, 0, 0, 11, 1467.05
1775271107, 1825, 254, 431, 0, 0, 0.54%, 0, 0, 11, 1553.88
1775271112, 1825, 341, 431, 0, 0, 0.54%, 0, 0, 11, 1385.30
1775271117, 1825, 396, 431, 0, 0, 0.54%, 0, 0, 11, 1248.48
1775271122, 1826, 86, 431, 0, 0, 0.54%, 0, 0, 11, 1582.06
1775271127, 1826, 143, 431, 0, 0, 0.54%, 0, 0, 11, 1461.77
1775271132, 1826, 183, 431, 0, 0, 0.54%, 0, 0, 11, 1427.34
1775271137, 1826, 325, 431, 0, 0, 0.54%, 0, 0, 11, 1491.83
1775271143, 1827, 4, 431, 0, 0, 0.54%, 0, 0, 11, 1414.57
1775271148, 1827, 86, 431, 0, 0, 0.54%, 0, 0, 11, 1537.51
1775271153, 1827, 122, 431, 0, 0, 0.54%, 0, 0, 11, 1407.03
1775271158, 1827, 153, 431, 0, 0, 0.54%, 0, 0, 11, 1357.13
1775271163, 1827, 235, 431, 0, 0, 0.54%, 0, 0, 11, 1695.99
1775271168, 1827, 349, 431, 0, 0, 0.54%, 0, 0, 11, 1427.98
1775271173, 1827, 388, 431, 0, 0, 0.54%, 0, 0, 11, 1242.04
1775271178, 1828, 53, 431, 0, 0, 0.54%, 0, 0, 11, 1304.62
1775271183, 1828, 91, 431, 0, 0, 0.54%, 0, 0, 11, 1496.65
1775271188, 1828, 137, 431, 0, 0, 0.54%, 0, 0, 11, 1548.72
1775271193, 1828, 206, 431, 0, 0, 0.54%, 0, 0, 11, 1471.17
1775271198, 1828, 349, 431, 0, 0, 0.54%, 0, 0, 11, 1547.80
1775271203, 1828, 385, 431, 0, 0, 0.54%, 0, 0, 11, 1352.08
1775271208, 1829, 69, 431, 0, 0, 0.54%, 0, 0, 11, 1468.34
1775271213, 1829, 100, 431, 0, 0, 0.54%, 0, 0, 11, 1522.58
1775271219, 1829, 170, 431, 0, 0, 0.54%, 0, 0, 11, 1554.78
1775271224, 1829, 248, 431, 0, 0, 0.54%, 0, 0, 11, 1488.67
1775271229, 1829, 349, 431, 0, 0, 0.54%, 0, 0, 11, 1441.59
1775271234, 1829, 382, 431, 0, 0, 0.54%, 0, 0, 11, 1261.96
1775271239, 1830, 14, 431, 0, 0, 0.54%, 0, 0, 11, 1339.76
1775271244, 1830, 80, 431, 0, 0, 0.54%, 0, 0, 11, 1391.02
1775271249, 1830, 147, 431, 0, 0, 0.54%, 0, 0, 11, 1392.55
1775271255, 1830, 225, 431, 0, 0, 0.54%, 0, 0, 11, 1404.95
1775271260, 1830, 354, 431, 0, 0, 0.54%, 0, 0, 11, 1308.49
1775271265, 1831, 28, 431, 0, 0, 0.54%, 0, 0, 11, 1491.94
1775271270, 1831, 79, 431, 0, 0, 0.54%, 0, 0, 11, 1525.86
1775271275, 1831, 100, 431, 0, 0, 0.54%, 0, 0, 11, 1512.59
1775271280, 1831, 189, 431, 0, 0, 0.54%, 0, 0, 11, 1411.11
1775271285, 1831, 349, 431, 0, 0, 0.54%, 0, 0, 11, 1467.99
1775271290, 1831, 389, 431, 0, 0, 0.54%, 0, 0, 11, 1297.53
1775271295, 1832, 63, 431, 0, 0, 0.54%, 0, 0, 11, 1361.45
1775271300, 1832, 86, 431, 0, 0, 0.54%, 0, 0, 11, 1429.99
1775271305, 1832, 119, 431, 0, 0, 0.54%, 0, 0, 11, 1510.53
1775271310, 1832, 185, 431, 0, 0, 0.54%, 0, 0, 11, 1504.54
1775271316, 1832, 196, 431, 0, 0, 0.54%, 0, 0, 11, 1363.05
1775271321, 1832, 295, 431, 0, 0, 0.54%, 0, 0, 11, 1386.56
1775271326, 1832, 371, 431, 0, 0, 0.54%, 0, 0, 11, 1408.22
1775271331, 1833, 63, 431, 0, 0, 0.54%, 0, 0, 11, 1495.57
1775271336, 1833, 91, 431, 0, 0, 0.54%, 0, 0, 11, 1508.94
1775271341, 1833, 133, 431, 0, 0, 0.54%, 0, 0, 11, 1457.51
1775271346, 1833, 196, 431, 0, 0, 0.54%, 0, 0, 11, 1332.39
1775271351, 1833, 325, 431, 0, 0, 0.54%, 0, 0, 11, 1533.21
1775271356, 1833, 385, 431, 0, 0, 0.54%, 0, 0, 11, 1385.25
1775271361, 1834, 63, 431, 0, 0, 0.54%, 0, 0, 11, 1496.84
1775271366, 1834, 93, 431, 0, 0, 0.54%, 0, 0, 11, 1508.78
1775271371, 1834, 147, 431, 0, 0, 0.54%, 0, 0, 11, 1542.92
1775271376, 1834, 199, 431, 0, 0, 0.54%, 0, 0, 11, 1117.99
1775271381, 1834, 325, 431, 0, 0, 0.54%, 0, 0, 11, 1405.08
1775271386, 1834, 371, 431, 0, 0, 0.54%, 0, 0, 11, 1379.98
1775271392, 1834, 429, 431, 0, 0, 0.54%, 0, 0, 11, 1275.16
1775271397, 1835, 63, 431, 0, 0, 0.54%, 0, 0, 11, 1404.93
1775271402, 1835, 100, 431, 0, 0, 0.54%, 0, 0, 11, 1474.73
1775271407, 1835, 155, 431, 0, 0, 0.54%, 0, 0, 11, 1388.75
1775271412, 1835, 222, 431, 0, 0, 0.54%, 0, 0, 11, 1517.09
1775271417, 1835, 291, 431, 0, 0, 0.54%, 0, 0, 11, 1528.98
1775271422, 1835, 344, 431, 0, 0, 0.54%, 0, 0, 11, 1343.57
1775271427, 1835, 385, 431, 0, 0, 0.54%, 0, 0, 11, 1260.90
1775271432, 1836, 79, 431, 0, 0, 0.54%, 0, 0, 11, 1457.45
1775271438, 1836, 100, 431, 0, 0, 0.54%, 0, 0, 11, 1448.22
1775271443, 1836, 207, 431, 0, 0, 0.54%, 0, 0, 11, 1416.22
1775271448, 1836, 254, 431, 0, 0, 0.54%, 0, 0, 11, 1381.92
1775271453, 1836, 357, 431, 0, 0, 0.54%, 0, 0, 11, 1421.13
1775271458, 1837, 48, 431, 0, 0, 0.54%, 0, 0, 11, 1592.80
1775271463, 1837, 86, 431, 0, 0, 0.54%, 0, 0, 11, 1402.26
1775271468, 1837, 143, 431, 0, 0, 0.54%, 0, 0, 11, 1319.76
1775271473, 1837, 248, 431, 0, 0, 0.54%, 0, 0, 11, 1472.02
1775271478, 1837, 352, 431, 0, 0, 0.54%, 0, 0, 11, 1539.42
1775271483, 1837, 385, 431, 0, 0, 0.54%, 0, 0, 11, 1414.36
1775271488, 1838, 80, 431, 0, 0, 0.54%, 0, 0, 11, 1595.33
1775271493, 1838, 139, 431, 0, 0, 0.54%, 0, 0, 11, 1386.20
1775271499, 1838, 190, 431, 0, 0, 0.54%, 0, 0, 11, 1427.61
1775271504, 1838, 262, 431, 0, 0, 0.54%, 0, 0, 11, 1517.77
1775271509, 1838, 357, 431, 0, 0, 0.54%, 0, 0, 11, 1444.13
1775271514, 1839, 24, 431, 0, 0, 0.54%, 0, 0, 11, 1317.33
1775271519, 1839, 79, 431, 0, 0, 0.54%, 0, 0, 11, 1452.77
1775271524, 1839, 111, 431, 0, 0, 0.54%, 0, 0, 11, 1540.68
1775271529, 1839, 196, 431, 0, 0, 0.54%, 0, 0, 11, 1440.19
1775271534, 1839, 348, 431, 0, 0, 0.54%, 0, 0, 11, 1418.49
1775271539, 1840, 6, 431, 0, 0, 0.54%, 0, 0, 11, 1383.37
1775271544, 1840, 91, 431, 0, 0, 0.54%, 0, 0, 11, 1500.09
1775271549, 1840, 196, 431, 0, 0, 0.54%, 0, 0, 11, 1511.60
1775271554, 1840, 325, 431, 0, 0, 0.54%, 0, 0, 11, 1358.91
1775271559, 1840, 385, 431, 0, 0, 0.54%, 0, 0, 11, 1403.09
1775271564, 1841, 42, 431, 0, 0, 0.54%, 0, 0, 11, 1326.93
1775271570, 1841, 91, 431, 0, 0, 0.54%, 0, 0, 11, 1493.45
1775271575, 1841, 214, 431, 0, 0, 0.54%, 0, 0, 11, 1695.81
1775271580, 1841, 271, 431, 0, 0, 0.54%, 0, 0, 11, 1479.31
1775271585, 1841, 350, 431, 0, 0, 0.54%, 0, 0, 11, 1408.02
1775271590, 1842, 47, 431, 0, 0, 0.54%, 0, 0, 11, 1465.47
1775271595, 1842, 86, 431, 0, 0, 0.54%, 0, 0, 11, 1503.05
1775271600, 1842, 142, 431, 0, 0, 0.54%, 0, 0, 11, 1474.23
1775271605, 1842, 255, 431, 0, 0, 0.54%, 0, 0, 11, 850.76
1775271610, 1842, 344, 431, 0, 0, 0.54%, 0, 0, 11, 1286.52
1775271616, 1842, 414, 431, 0, 0, 0.54%, 0, 0, 11, 1204.73
1775271621, 1843, 79, 431, 0, 0, 0.54%, 0, 0, 11, 1576.30
1775271626, 1843, 116, 431, 0, 0, 0.54%, 0, 0, 11, 1461.17
1775271631, 1843, 147, 431, 0, 0, 0.54%, 0, 0, 11, 1546.48
1775271636, 1843, 307, 431, 0, 0, 0.54%, 0, 0, 11, 1449.75
1775271641, 1843, 349, 431, 0, 0, 0.54%, 0, 0, 11, 1289.02
1775271646, 1844, 15, 431, 0, 0, 0.54%, 0, 0, 11, 1252.92
1775271651, 1844, 80, 431, 0, 0, 0.54%, 0, 0, 11, 1505.02
1775271656, 1844, 111, 431, 0, 0, 0.54%, 0, 0, 11, 1450.98
1775271661, 1844, 289, 431, 0, 0, 0.54%, 0, 0, 11, 1451.65
1775271666, 1844, 371, 431, 0, 0, 0.54%, 0, 0, 11, 1369.50
1775271672, 1845, 33, 431, 0, 0, 0.54%, 0, 0, 11, 1356.58
1775271677, 1845, 80, 431, 0, 0, 0.54%, 0, 0, 11, 1537.05
1775271682, 1845, 127, 431, 0, 0, 0.54%, 0, 0, 11, 1523.07
1775271687, 1845, 173, 431, 0, 0, 0.54%, 0, 0, 11, 1553.96
1775271692, 1845, 223, 431, 0, 0, 0.54%, 0, 0, 11, 1528.82
1775271697, 1845, 313, 431, 0, 0, 0.54%, 0, 0, 11, 1383.59
1775271702, 1845, 383, 431, 0, 0, 0.54%, 0, 0, 11, 1383.09
1775271707, 1846, 80, 431, 0, 0, 0.54%, 0, 0, 11, 1510.06
1775271712, 1846, 132, 431, 0, 0, 0.54%, 0, 0, 11, 1491.29
1775271717, 1846, 205, 431, 0, 0, 0.54%, 0, 0, 11, 1519.44
1775271722, 1846, 354, 431, 0, 0, 0.54%, 0, 0, 11, 1424.11
1775271728, 1847, 37, 431, 0, 0, 0.54%, 0, 0, 11, 1425.83
1775271733, 1847, 86, 431, 0, 0, 0.54%, 0, 0, 11, 1467.00
1775271738, 1847, 158, 431, 0, 0, 0.54%, 0, 0, 11, 1440.44
1775271743, 1847, 349, 431, 0, 0, 0.54%, 0, 0, 11, 1451.11
1775271748, 1847, 387, 431, 0, 0, 0.54%, 0, 0, 11, 329.30
1775271753, 1848, 69, 431, 0, 0, 0.54%, 0, 0, 11, 1298.00
1775271758, 1848, 86, 431, 0, 0, 0.54%, 0, 0, 11, 1342.41
1775271763, 1848, 147, 431, 0, 0, 0.54%, 0, 0, 11, 1406.94
1775271768, 1848, 217, 431, 0, 0, 0.54%, 0, 0, 11, 1464.93
1775271773, 1848, 316, 431, 0, 0, 0.54%, 0, 0, 11, 1610.62
1775271778, 1848, 385, 431, 0, 0, 0.54%, 0, 0, 11, 1405.71
1775271784, 1849, 80, 431, 0, 0, 0.54%, 0, 0, 11, 1491.93
1775271789, 1849, 141, 431, 0, 0, 0.54%, 0, 0, 11, 1514.82
1775271794, 1849, 208, 431, 0, 0, 0.54%, 0, 0, 11, 1512.09
1775271799, 1849, 274, 431, 0, 0, 0.54%, 0, 0, 11, 1483.86
1775271804, 1849, 357, 431, 0, 0, 0.54%, 0, 0, 11, 1471.26
1775271809, 1850, 33, 431, 0, 0, 0.54%, 0, 0, 11, 1335.88
1775271814, 1850, 82, 431, 0, 0, 0.54%, 0, 0, 11, 1525.30
1775271819, 1850, 143, 431, 0, 0, 0.54%, 0, 0, 11, 1491.84
1775271825, 1850, 201, 431, 0, 0, 0.54%, 0, 0, 11, 1536.73
1775271830, 1850, 277, 431, 0, 0, 0.54%, 0, 0, 11, 1498.66
1775271835, 1850, 354, 431, 0, 0, 0.54%, 0, 0, 11, 1390.85
1775271840, 1851, 7, 431, 0, 0, 0.54%, 0, 0, 11, 1344.09
1775271845, 1851, 72, 431, 0, 0, 0.54%, 0, 0, 11, 1529.61
1775271850, 1851, 111, 431, 0, 0, 0.54%, 0, 0, 11, 1477.75
1775271855, 1851, 275, 431, 0, 0, 0.54%, 0, 0, 11, 1526.40
1775271860, 1851, 364, 431, 0, 0, 0.54%, 0, 0, 11, 1461.25
1775271865, 1852, 12, 431, 0, 0, 0.54%, 0, 0, 11, 1291.72
1775271871, 1852, 86, 431, 0, 0, 0.54%, 0, 0, 11, 1548.28
1775271876, 1852, 130, 431, 0, 0, 0.54%, 0, 0, 11, 1417.31
1775271881, 1852, 225, 431, 0, 0, 0.54%, 0, 0, 11, 1413.38
1775271886, 1852, 310, 431, 0, 0, 0.54%, 0, 0, 11, 1390.16
1775271891, 1852, 371, 431, 0, 0, 0.54%, 0, 0, 11, 1398.09
1775271896, 1853, 79, 431, 0, 0, 0.54%, 0, 0, 11, 1498.03
1775271901, 1853, 111, 431, 0, 0, 0.54%, 0, 0, 11, 1422.27
1775271906, 1853, 184, 431, 0, 0, 0.54%, 0, 0, 11, 1468.76
1775271911, 1853, 249, 431, 0, 0, 0.54%, 0, 0, 11, 1355.65
1775271916, 1853, 291, 431, 0, 0, 0.54%, 0, 0, 11, 1393.75
1775271921, 1853, 385, 431, 0, 0, 0.54%, 0, 0, 11, 1355.41
1775271927, 1854, 36, 431, 0, 0, 0.54%, 0, 0, 11, 1590.40
1775271932, 1854, 90, 431, 0, 0, 0.54%, 0, 0, 11, 1456.39
1775271937, 1854, 116, 431, 0, 0, 0.54%, 0, 0, 11, 1523.44
1775271942, 1854, 161, 431, 0, 0, 0.54%, 0, 0, 11, 1329.52
1775271947, 1854, 283, 431, 0, 0, 0.54%, 0, 0, 11, 1312.20
1775271952, 1854, 359, 431, 0, 0, 0.54%, 0, 0, 11, 1415.24
1775271957, 1854, 418, 431, 0, 0, 0.54%, 0, 0, 11, 1170.37
1775271962, 1855, 60, 431, 0, 0, 0.54%, 0, 0, 11, 1457.43
1775271967, 1855, 94, 431, 0, 0, 0.54%, 0, 0, 11, 1522.83
1775271972, 1855, 196, 431, 0, 0, 0.54%, 0, 0, 11, 1469.67
1775271978, 1855, 348, 431, 0, 0, 0.54%, 0, 0, 11, 1568.44
1775271983, 1855, 412, 431, 0, 0, 0.54%, 0, 0, 11, 1260.11
1775271988, 1856, 84, 431, 0, 0, 0.54%, 0, 0, 11, 1414.65
1775271993, 1856, 121, 431, 0, 0, 0.54%, 0, 0, 11, 1490.62
1775271998, 1856, 208, 431, 0, 0, 0.54%, 0, 0, 11, 1494.58
1775272003, 1856, 293, 431, 0, 0, 0.54%, 0, 0, 11, 1469.89
1775272008, 1856, 354, 431, 0, 0, 0.54%, 0, 0, 11, 1354.34
1775272013, 1856, 429, 431, 0, 0, 0.54%, 0, 0, 11, 1297.89
1775272018, 1857, 63, 431, 0, 0, 0.54%, 0, 0, 11, 1535.65
1775272023, 1857, 86, 431, 0, 0, 0.54%, 0, 0, 11, 1541.82
1775272028, 1857, 122, 431, 0, 0, 0.54%, 0, 0, 11, 1503.29
1775272034, 1857, 257, 431, 0, 0, 0.54%, 0, 0, 11, 1580.43
1775272039, 1857, 373, 431, 0, 0, 0.54%, 0, 0, 11, 1510.64
1775272044, 1858, 4, 431, 0, 0, 0.54%, 0, 0, 11, 1170.61
1775272049, 1858, 77, 431, 0, 0, 0.54%, 0, 0, 11, 1502.41
1775272054, 1858, 100, 431, 0, 0, 0.54%, 0, 0, 11, 1528.44
1775272059, 1858, 147, 431, 0, 0, 0.54%, 0, 0, 11, 1497.97
1775272064, 1858, 278, 431, 0, 0, 0.54%, 0, 0, 11, 1535.42
1775272070, 1858, 380, 431, 0, 0, 0.54%, 0, 0, 11, 1505.53
1775272075, 1859, 8, 431, 0, 0, 0.54%, 0, 0, 11, 1390.01
1775272080, 1859, 63, 431, 0, 0, 0.54%, 0, 0, 11, 1595.91
1775272085, 1859, 111, 431, 0, 0, 0.54%, 0, 0, 11, 1629.43
1775272090, 1859, 225, 431, 0, 0, 0.54%, 0, 0, 11, 1483.45
1775272095, 1859, 349, 431, 0, 0, 0.54%, 0, 0, 11, 1426.57
1775272100, 1859, 427, 431, 0, 0, 0.54%, 0, 0, 11, 1132.17
1775272105, 1860, 80, 431, 0, 0, 0.54%, 0, 0, 11, 1523.69
1775272110, 1860, 127, 431, 0, 0, 0.54%, 0, 0, 11, 1515.68
1775272115, 1860, 287, 431, 0, 0, 0.54%, 0, 0, 11, 1518.44
1775272120, 1860, 354, 431, 0, 0, 0.54%, 0, 0, 11, 1415.85
1775272125, 1861, 22, 431, 0, 0, 0.54%, 0, 0, 11, 1633.06
1775272130, 1861, 80, 431, 0, 0, 0.54%, 0, 0, 11, 1437.62
1775272136, 1861, 111, 431, 0, 0, 0.54%, 0, 0, 11, 1412.86
1775272141, 1861, 185, 431, 0, 0, 0.54%, 0, 0, 11, 1559.17
1775272146, 1861, 262, 431, 0, 0, 0.54%, 0, 0, 11, 1561.24
1775272151, 1861, 301, 431, 0, 0, 0.54%, 0, 0, 11, 1509.41
1775272156, 1861, 382, 431, 0, 0, 0.54%, 0, 0, 11, 1308.77
1775272161, 1862, 39, 431, 0, 0, 0.54%, 0, 0, 11, 1351.99
1775272166, 1862, 80, 431, 0, 0, 0.54%, 0, 0, 11, 260.66
1775272171, 1862, 132, 431, 0, 0, 0.54%, 0, 0, 11, 1531.11
1775272176, 1862, 260, 431, 0, 0, 0.54%, 0, 0, 11, 1526.53
1775272181, 1862, 354, 431, 0, 0, 0.54%, 0, 0, 11, 1450.38
1775272186, 1863, 63, 431, 0, 0, 0.54%, 0, 0, 11, 1481.73
1775272191, 1863, 86, 431, 0, 0, 0.54%, 0, 0, 11, 1408.01
1775272197, 1863, 162, 431, 0, 0, 0.54%, 0, 0, 11, 1551.70
1775272202, 1863, 323, 431, 0, 0, 0.54%, 0, 0, 11, 1464.81
1775272207, 1863, 356, 431, 0, 0, 0.54%, 0, 0, 11, 1401.53
1775272212, 1864, 19, 431, 0, 0, 0.54%, 0, 0, 11, 1128.44
1775272217, 1864, 79, 431, 0, 0, 0.54%, 0, 0, 11, 1520.18
1775272222, 1864, 100, 431, 0, 0, 0.54%, 0, 0, 11, 1408.29
1775272227, 1864, 190, 431, 0, 0, 0.54%, 0, 0, 11, 1470.53
1775272232, 1864, 325, 431, 0, 0, 0.54%, 0, 0, 11, 1523.98
1775272237, 1864, 385, 431, 0, 0, 0.54%, 0, 0, 11, 1331.93
1775272242, 1865, 79, 431, 0, 0, 0.54%, 0, 0, 11, 1491.93
1775272248, 1865, 111, 431, 0, 0, 0.54%, 0, 0, 11, 1641.00
1775272253, 1865, 193, 431, 0, 0, 0.54%, 0, 0, 11, 1611.59
1775272258, 1865, 296, 431, 0, 0, 0.54%, 0, 0, 11, 1544.97
1775272263, 1865, 354, 431, 0, 0, 0.54%, 0, 0, 11, 1351.54
1775272268, 1866, 20, 431, 0, 0, 0.54%, 0, 0, 11, 1398.52
1775272273, 1866, 51, 431, 0, 0, 0.54%, 0, 0, 11, 1446.99
1775272278, 1866, 100, 431, 0, 0, 0.54%, 0, 0, 11, 1499.65
1775272283, 1866, 196, 431, 0, 0, 0.54%, 0, 0, 11, 1551.95
1775272288, 1866, 354, 431, 0, 0, 0.54%, 0, 0, 11, 1487.39
1775272293, 1867, 15, 431, 0, 0, 0.54%, 0, 0, 11, 1208.36
1775272298, 1867, 80, 431, 0, 0, 0.54%, 0, 0, 11, 1453.13
1775272304, 1867, 137, 431, 0, 0, 0.54%, 0, 0, 11, 1601.79
1775272309, 1867, 193, 431, 0, 0, 0.54%, 0, 0, 11, 1469.58
1775272314, 1867, 296, 431, 0, 0, 0.54%, 0, 0, 11, 1529.22
1775272319, 1867, 360, 431, 0, 0, 0.54%, 0, 0, 11, 1451.03
1775272324, 1868, 3, 431, 0, 0, 0.54%, 0, 0, 11, 1392.87
1775272329, 1868, 80, 431, 0, 0, 0.54%, 0, 0, 11, 1423.11
1775272334, 1868, 111, 431, 0, 0, 0.54%, 0, 0, 11, 1352.83
1775272339, 1868, 172, 431, 0, 0, 0.54%, 0, 0, 11, 1489.83
1775272344, 1868, 268, 431, 0, 0, 0.54%, 0, 0, 11, 1502.49
1775272349, 1868, 354, 431, 0, 0, 0.54%, 0, 0, 11, 1329.81
1775272354, 1868, 426, 431, 0, 0, 0.54%, 0, 0, 11, 1220.24
1775272359, 1869, 80, 431, 0, 0, 0.54%, 0, 0, 11, 1469.38
1775272365, 1869, 112, 431, 0, 0, 0.54%, 0, 0, 11, 1566.07
1775272370, 1869, 196, 431, 0, 0, 0.54%, 0, 0, 11, 1386.70
1775272375, 1869, 349, 431, 0, 0, 0.54%, 0, 0, 11, 1502.45
1775272380, 1870, 26, 431, 0, 0, 0.54%, 0, 0, 11, 1774.43
1775272385, 1870, 79, 431, 0, 0, 0.54%, 0, 0, 11, 1549.51
1775272390, 1870, 122, 431, 0, 0, 0.54%, 0, 0, 11, 1583.29
1775272395, 1870, 186, 431, 0, 0, 0.54%, 0, 0, 11, 1393.69
1775272400, 1870, 322, 431, 0, 0, 0.54%, 0, 0, 11, 1447.52
1775272405, 1870, 385, 431, 0, 0, 0.54%, 0, 0, 11, 1431.88
1775272410, 1871, 63, 431, 0, 0, 0.54%, 0, 0, 11, 1425.08
1775272415, 1871, 86, 431, 0, 0, 0.54%, 0, 0, 11, 1482.44
1775272421, 1871, 147, 431, 0, 0, 0.54%, 0, 0, 11, 1494.73
1775272426, 1871, 276, 431, 0, 0, 0.54%, 0, 0, 11, 1578.55
1775272431, 1871, 349, 431, 0, 0, 0.54%, 0, 0, 11, 1470.96
1775272436, 1871, 411, 431, 0, 0, 0.54%, 0, 0, 11, 1199.85
1775272441, 1872, 86, 431, 0, 0, 0.54%, 0, 0, 11, 1474.71
1775272446, 1872, 111, 431, 0, 0, 0.54%, 0, 0, 11, 1417.32
1775272451, 1872, 213, 431, 0, 0, 0.54%, 0, 0, 11, 1384.19
1775272456, 1872, 354, 431, 0, 0, 0.54%, 0, 0, 11, 1319.64
1775272461, 1873, 36, 431, 0, 0, 0.54%, 0, 0, 11, 1451.06
1775272466, 1873, 91, 431, 0, 0, 0.54%, 0, 0, 11, 1494.75
1775272472, 1873, 136, 431, 0, 0, 0.54%, 0, 0, 11, 1532.43
1775272477, 1873, 176, 431, 0, 0, 0.54%, 0, 0, 11, 1464.40
1775272482, 1873, 273, 431, 0, 0, 0.54%, 0, 0, 11, 1477.24
1775272487, 1873, 354, 431, 0, 0, 0.54%, 0, 0, 11, 1417.45
1775272492, 1874, 7, 431, 0, 0, 0.54%, 0, 0, 11, 1288.10
1775272497, 1874, 68, 431, 0, 0, 0.54%, 0, 0, 11, 1433.89
1775272502, 1874, 100, 431, 0, 0, 0.54%, 0, 0, 11, 1490.23
1775272507, 1874, 172, 431, 0, 0, 0.54%, 0, 0, 11, 1457.78
1775272512, 1874, 300, 431, 0, 0, 0.54%, 0, 0, 11, 1465.12
1775272517, 1874, 385, 431, 0, 0, 0.54%, 0, 0, 11, 1316.33
1775272523, 1875, 41, 431, 0, 0, 0.54%, 0, 0, 11, 1354.37
1775272528, 1875, 80, 431, 0, 0, 0.54%, 0, 0, 11, 1496.00
1775272533, 1875, 103, 431, 0, 0, 0.54%, 0, 0, 11, 1515.93
1775272538, 1875, 218, 431, 0, 0, 0.54%, 0, 0, 11, 1497.20
1775272543, 1875, 296, 431, 0, 0, 0.54%, 0, 0, 11, 1375.57
1775272548, 1875, 371, 431, 0, 0, 0.54%, 0, 0, 11, 1483.76
1775272553, 1876, 79, 431, 0, 0, 0.54%, 0, 0, 11, 1430.95
1775272559, 1876, 105, 431, 0, 0, 0.54%, 0, 0, 11, 1442.65
1775272564, 1876, 185, 431, 0, 0, 0.54%, 0, 0, 11, 1490.59
1775272569, 1876, 306, 431, 0, 0, 0.54%, 0, 0, 11, 1464.71
1775272574, 1876, 371, 431, 0, 0, 0.54%, 0, 0, 11, 1370.04
1775272579, 1877, 51, 431, 0, 0, 0.54%, 0, 0, 11, 1477.16
1775272584, 1877, 86, 431, 0, 0, 0.54%, 0, 0, 11, 1632.65
1775272589, 1877, 151, 431, 0, 0, 0.54%, 0, 0, 11, 1488.70
1775272594, 1877, 220, 431, 0, 0, 0.54%, 0, 0, 11, 1444.30
1775272599, 1877, 271, 431, 0, 0, 0.54%, 0, 0, 11, 1526.55
1775272604, 1877, 298, 431, 0, 0, 0.54%, 0, 0, 11, 1473.89
1775272609, 1877, 365, 431, 0, 0, 0.54%, 0, 0, 11, 1413.81
1775272615, 1878, 28, 431, 0, 0, 0.54%, 0, 0, 11, 1669.63
1775272620, 1878, 91, 431, 0, 0, 0.54%, 0, 0, 11, 1620.62
1775272625, 1878, 169, 431, 0, 0, 0.54%, 0, 0, 11, 1627.63
1775272630, 1878, 236, 431, 0, 0, 0.54%, 0, 0, 11, 1554.00
1775272635, 1878, 349, 431, 0, 0, 0.54%, 0, 0, 11, 1378.08
1775272640, 1878, 416, 431, 0, 0, 0.54%, 0, 0, 11, 1378.78
1775272645, 1879, 63, 431, 0, 0, 0.54%, 0, 0, 11, 1496.56
1775272650, 1879, 91, 431, 0, 0, 0.54%, 0, 0, 11, 1548.03
1775272655, 1879, 196, 431, 0, 0, 0.54%, 0, 0, 11, 1501.69
1775272660, 1879, 230, 431, 0, 0, 0.54%, 0, 0, 11, 1411.13
1775272665, 1879, 380, 431, 0, 0, 0.54%, 0, 0, 11, 1323.88
1775272670, 1880, 79, 431, 0, 0, 0.54%, 0, 0, 11, 1532.64
1775272676, 1880, 111, 431, 0, 0, 0.54%, 0, 0, 11, 1816.26
1775272681, 1880, 155, 431, 0, 0, 0.54%, 0, 0, 11, 1540.34
1775272686, 1880, 269, 431, 0, 0, 0.54%, 0, 0, 11, 1497.12
1775272691, 1880, 375, 431, 0, 0, 0.54%, 0, 0, 11, 1355.09
1775272696, 1880, 430, 431, 0, 0, 0.54%, 0, 0, 11, 1212.07
1775272701, 1881, 79, 431, 0, 0, 0.54%, 0, 0, 11, 1451.26
1775272706, 1881, 116, 431, 0, 0, 0.54%, 0, 0, 11, 1477.52
1775272711, 1881, 225, 431, 0, 0, 0.54%, 0, 0, 11, 1495.17
1775272716, 1881, 290, 431, 0, 0, 0.54%, 0, 0, 11, 1642.72
1775272721, 1881, 357, 431, 0, 0, 0.54%, 0, 0, 11, 1469.93
1775272726, 1882, 18, 431, 0, 0, 0.54%, 0, 0, 11, 1086.82
1775272732, 1882, 86, 431, 0, 0, 0.54%, 0, 0, 11, 1449.44
1775272737, 1882, 161, 431, 0, 0, 0.54%, 0, 0, 11, 1525.39
1775272742, 1882, 214, 431, 0, 0, 0.54%, 0, 0, 11, 1559.10
1775272747, 1882, 310, 431, 0, 0, 0.54%, 0, 0, 11, 1427.63
1775272752, 1882, 371, 431, 0, 0, 0.54%, 0, 0, 11, 1411.47
1775272757, 1882, 428, 431, 0, 0, 0.54%, 0, 0, 11, 1266.40
1775272762, 1883, 79, 431, 0, 0, 0.54%, 0, 0, 11, 1544.04
1775272767, 1883, 146, 431, 0, 0, 0.54%, 0, 0, 11, 1528.71
1775272772, 1883, 158, 431, 0, 0, 0.54%, 0, 0, 11, 1479.90
1775272778, 1883, 267, 431, 0, 0, 0.54%, 0, 0, 11, 1586.63
1775272783, 1883, 312, 431, 0, 0, 0.54%, 0, 0, 11, 1462.51
1775272788, 1883, 363, 431, 0, 0, 0.54%, 0, 0, 11, 1451.71
1775272793, 1884, 10, 431, 0, 0, 0.54%, 0, 0, 11, 1295.18
1775272798, 1884, 86, 431, 0, 0, 0.54%, 0, 0, 11, 1474.44
1775272803, 1884, 147, 431, 0, 0, 0.54%, 0, 0, 11, 1366.53
1775272808, 1884, 315, 431, 0, 0, 0.54%, 0, 0, 11, 1347.26
1775272813, 1884, 371, 431, 0, 0, 0.54%, 0, 0, 11, 1408.11
1775272818, 1885, 36, 431, 0, 0, 0.54%, 0, 0, 11, 1440.68
1775272823, 1885, 91, 431, 0, 0, 0.54%, 0, 0, 11, 1498.34
1775272828, 1885, 116, 431, 0, 0, 0.54%, 0, 0, 11, 1399.36
1775272833, 1885, 187, 431, 0, 0, 0.54%, 0, 0, 11, 1419.31
1775272838, 1885, 299, 431, 0, 0, 0.54%, 0, 0, 11, 1505.37
1775272843, 1885, 354, 431, 0, 0, 0.54%, 0, 0, 11, 1414.17
1775272849, 1886, 26, 431, 0, 0, 0.54%, 0, 0, 11, 1333.69
1775272854, 1886, 80, 431, 0, 0, 0.54%, 0, 0, 11, 1441.96
1775272859, 1886, 111, 431, 0, 0, 0.54%, 0, 0, 11, 1482.10
1775272864, 1886, 198, 431, 0, 0, 0.54%, 0, 0, 11, 1527.10
1775272869, 1886, 349, 431, 0, 0, 0.54%, 0, 0, 11, 1364.38
1775272874, 1886, 430, 431, 0, 0, 0.54%, 0, 0, 11, 1326.08
1775272879, 1887, 63, 431, 0, 0, 0.54%, 0, 0, 11, 1470.65
1775272884, 1887, 106, 431, 0, 0, 0.54%, 0, 0, 11, 1481.78
1775272889, 1887, 151, 431, 0, 0, 0.54%, 0, 0, 11, 1518.20
1775272894, 1887, 197, 431, 0, 0, 0.54%, 0, 0, 11, 1438.16
1775272899, 1887, 349, 431, 0, 0, 0.54%, 0, 0, 11, 1459.32
1775272905, 1887, 404, 431, 0, 0, 0.54%, 0, 0, 11, 1201.79
1775272910, 1888, 5, 431, 0, 0, 0.54%, 0, 0, 11, 1317.45
1775272915, 1888, 86, 431, 0, 0, 0.54%, 0, 0, 11, 1470.20
1775272920, 1888, 134, 431, 0, 0, 0.54%, 0, 0, 11, 1478.19
1775272925, 1888, 171, 431, 0, 0, 0.54%, 0, 0, 11, 1415.68
1775272931, 1888, 325, 431, 0, 0, 0.54%, 0, 0, 11, 1516.96
1775272936, 1888, 385, 431, 0, 0, 0.54%, 0, 0, 11, 1425.36
1775272941, 1889, 52, 431, 0, 0, 0.54%, 0, 0, 11, 1550.37
1775272946, 1889, 93, 431, 0, 0, 0.54%, 0, 0, 11, 1586.16
1775272951, 1889, 119, 431, 0, 0, 0.54%, 0, 0, 11, 1578.14
1775272956, 1889, 183, 431, 0, 0, 0.54%, 0, 0, 11, 1490.72
1775272961, 1889, 300, 431, 0, 0, 0.54%, 0, 0, 11, 1528.63
1775272966, 1889, 357, 431, 0, 0, 0.54%, 0, 0, 11, 1380.96
1775272972, 1890, 22, 431, 0, 0, 0.54%, 0, 0, 11, 1439.19
1775272977, 1890, 66, 431, 0, 0, 0.54%, 0, 0, 11, 1547.32
1775272982, 1890, 100, 431, 0, 0, 0.54%, 0, 0, 11, 1587.72
1775272987, 1890, 175, 431, 0, 0, 0.54%, 0, 0, 11, 1491.46
1775272992, 1890, 245, 431, 0, 0, 0.54%, 0, 0, 11, 1440.18
1775272997, 1890, 290, 431, 0, 0, 0.54%, 0, 0, 11, 1472.52
1775273002, 1890, 371, 431, 0, 0, 0.54%, 0, 0, 11, 1378.77
1775273007, 1891, 22, 431, 0, 0, 0.54%, 0, 0, 11, 1231.61
1775273012, 1891, 86, 431, 0, 0, 0.54%, 0, 0, 11, 1496.73
1775273017, 1891, 147, 431, 0, 0, 0.54%, 0, 0, 11, 1402.52
1775273023, 1891, 233, 431, 0, 0, 0.54%, 0, 0, 11, 1508.10
1775273028, 1891, 292, 431, 0, 0, 0.54%, 0, 0, 11, 1356.91
1775273033, 1891, 354, 431, 0, 0, 0.54%, 0, 0, 11, 1242.51
1775273038, 1891, 425, 431, 0, 0, 0.54%, 0, 0, 11, 247.04
1775273043, 1892, 80, 431, 0, 0, 0.54%, 0, 0, 11, 1622.75
1775273048, 1892, 111, 431, 0, 0, 0.54%, 0, 0, 11, 1394.94
1775273053, 1892, 214, 431, 0, 0, 0.54%, 0, 0, 11, 1573.13
1775273058, 1892, 354, 431, 0, 0, 0.54%, 0, 0, 11, 1403.92
1775273063, 1892, 402, 431, 0, 0, 0.54%, 0, 0, 11, 1231.02
1775273068, 1893, 51, 431, 0, 0, 0.54%, 0, 0, 11, 1413.20
1775273073, 1893, 100, 431, 0, 0, 0.54%, 0, 0, 11, 1474.66
1775273079, 1893, 196, 431, 0, 0, 0.54%, 0, 0, 11, 1583.25
1775273084, 1893, 357, 431, 0, 0, 0.54%, 0, 0, 11, 1535.35
1775273089, 1894, 29, 431, 0, 0, 0.54%, 0, 0, 11, 1433.95
1775273094, 1894, 64, 431, 0, 0, 0.54%, 0, 0, 11, 1621.35
1775273099, 1894, 110, 431, 0, 0, 0.54%, 0, 0, 11, 1563.55
1775273104, 1894, 147, 431, 0, 0, 0.54%, 0, 0, 11, 1441.57
1775273109, 1894, 259, 431, 0, 0, 0.54%, 0, 0, 11, 1565.23
1775273114, 1894, 349, 431, 0, 0, 0.54%, 0, 0, 11, 1507.71
1775273119, 1894, 406, 431, 0, 0, 0.54%, 0, 0, 11, 1274.88
1775273125, 1895, 80, 431, 0, 0, 0.54%, 0, 0, 11, 1508.54
1775273130, 1895, 196, 431, 0, 0, 0.54%, 0, 0, 11, 1451.02
1775273135, 1895, 325, 431, 0, 0, 0.54%, 0, 0, 11, 1434.26
1775273140, 1895, 385, 431, 0, 0, 0.54%, 0, 0, 11, 1356.17
1775273145, 1896, 41, 431, 0, 0, 0.54%, 0, 0, 11, 1384.81
1775273150, 1896, 79, 431, 0, 0, 0.54%, 0, 0, 11, 1369.27
1775273155, 1896, 144, 431, 0, 0, 0.54%, 0, 0, 11, 1434.35
1775273160, 1896, 219, 431, 0, 0, 0.54%, 0, 0, 11, 1513.66
1775273165, 1896, 357, 431, 0, 0, 0.54%, 0, 0, 11, 1458.12
1775273170, 1897, 29, 431, 0, 0, 0.54%, 0, 0, 11, 1318.93
1775273175, 1897, 80, 431, 0, 0, 0.54%, 0, 0, 11, 1460.91
1775273181, 1897, 111, 431, 0, 0, 0.54%, 0, 0, 11, 1434.23
1775273186, 1897, 195, 431, 0, 0, 0.54%, 0, 0, 11, 1592.49
1775273191, 1897, 325, 431, 0, 0, 0.54%, 0, 0, 11, 1493.66
1775273196, 1897, 402, 431, 0, 0, 0.54%, 0, 0, 11, 1384.97
1775273201, 1898, 79, 431, 0, 0, 0.54%, 0, 0, 11, 1504.43
1775273206, 1898, 100, 431, 0, 0, 0.54%, 0, 0, 11, 1550.74
1775273211, 1898, 186, 431, 0, 0, 0.54%, 0, 0, 11, 1505.54
1775273216, 1898, 275, 431, 0, 0, 0.54%, 0, 0, 11, 1480.54
1775273221, 1898, 385, 431, 0, 0, 0.54%, 0, 0, 11, 1332.61
1775273226, 1899, 80, 431, 0, 0, 0.54%, 0, 0, 11, 1470.66
1775273232, 1899, 111, 431, 0, 0, 0.54%, 0, 0, 11, 1611.30
1775273237, 1899, 153, 431, 0, 0, 0.54%, 0, 0, 11, 1411.60
1775273242, 1899, 263, 431, 0, 0, 0.54%, 0, 0, 11, 1524.46
1775273247, 1899, 354, 431, 0, 0, 0.54%, 0, 0, 11, 1428.87
1775273252, 1900, 36, 431, 0, 0, 0.54%, 0, 0, 11, 1544.46
1775273257, 1900, 83, 431, 0, 0, 0.54%, 0, 0, 11, 1521.30
1775273262, 1900, 154, 431, 0, 0, 0.54%, 0, 0, 11, 1471.18
1775273267, 1900, 209, 431, 0, 0, 0.54%, 0, 0, 11, 1483.20
1775273272, 1900, 349, 431, 0, 0, 0.54%, 0, 0, 11, 1422.22
1775273277, 1901, 11, 431, 0, 0, 0.54%, 0, 0, 11, 1454.22
1775273282, 1901, 79, 431, 0, 0, 0.54%, 0, 0, 11, 1597.58
1775273287, 1901, 92, 431, 0, 0, 0.54%, 0, 0, 11, 1453.23
1775273292, 1901, 147, 431, 0, 0, 0.54%, 0, 0, 11, 1154.77
1775273298, 1901, 223, 431, 0, 0, 0.54%, 0, 0, 11, 1403.38
1775273303, 1901, 354, 431, 0, 0, 0.54%, 0, 0, 11, 1379.27
1775273308, 1901, 399, 431, 0, 0, 0.54%, 0, 0, 11, 1292.14
1775273313, 1902, 63, 431, 0, 0, 0.54%, 0, 0, 11, 1449.89
1775273318, 1902, 100, 431, 0, 0, 0.54%, 0, 0, 11, 1429.77
1775273323, 1902, 184, 431, 0, 0, 0.54%, 0, 0, 11, 1392.14
1775273328, 1902, 274, 431, 0, 0, 0.54%, 0, 0, 11, 1464.90
1775273333, 1902, 385, 431, 0, 0, 0.54%, 0, 0, 11, 1424.66
1775273339, 1903, 52, 431, 0, 0, 0.54%, 0, 0, 11, 1457.14
1775273344, 1903, 83, 431, 0, 0, 0.54%, 0, 0, 11, 1548.54
1775273349, 1903, 148, 431, 0, 0, 0.54%, 0, 0, 11, 1600.23
1775273354, 1903, 198, 431, 0, 0, 0.54%, 0, 0, 11, 1390.20
1775273359, 1903, 325, 431, 0, 0, 0.54%, 0, 0, 11, 1382.29
1775273364, 1903, 372, 431, 0, 0, 0.54%, 0, 0, 11, 1336.82
1775273369, 1904, 22, 431, 0, 0, 0.54%, 0, 0, 11, 1328.88
1775273374, 1904, 80, 431, 0, 0, 0.54%, 0, 0, 11, 1503.18
1775273379, 1904, 147, 431, 0, 0, 0.54%, 0, 0, 11, 1520.88
1775273384, 1904, 218, 431, 0, 0, 0.54%, 0, 0, 11, 1489.01
1775273390, 1904, 349, 431, 0, 0, 0.54%, 0, 0, 11, 1497.86
1775273395, 1904, 391, 431, 0, 0, 0.54%, 0, 0, 11, 1389.19
1775273400, 1905, 79, 431, 0, 0, 0.54%, 0, 0, 11, 1534.08
1775273405, 1905, 106, 431, 0, 0, 0.54%, 0, 0, 11, 1452.98
1775273410, 1905, 185, 431, 0, 0, 0.54%, 0, 0, 11, 1314.24
1775273415, 1905, 207, 431, 0, 0, 0.54%, 0, 0, 11, 1372.86
1775273420, 1905, 349, 431, 0, 0, 0.54%, 0, 0, 11, 1459.43
1775273425, 1906, 3, 431, 0, 0, 0.54%, 0, 0, 11, 1232.27
1775273430, 1906, 80, 431, 0, 0, 0.54%, 0, 0, 11, 1613.98
1775273435, 1906, 115, 431, 0, 0, 0.54%, 0, 0, 11, 1567.33
1775273440, 1906, 229, 431, 0, 0, 0.54%, 0, 0, 11, 1476.19
1775273446, 1906, 354, 431, 0, 0, 0.54%, 0, 0, 11, 1390.19
1775273451, 1906, 424, 431, 0, 0, 0.54%, 0, 0, 11, 1175.40
1775273456, 1907, 79, 431, 0, 0, 0.54%, 0, 0, 11, 1493.47
1775273461, 1907, 111, 431, 0, 0, 0.54%, 0, 0, 11, 1499.57
1775273466, 1907, 194, 431, 0, 0, 0.54%, 0, 0, 11, 1523.66
1775273471, 1907, 325, 431, 0, 0, 0.54%, 0, 0, 11, 1491.67
1775273476, 1907, 380, 431, 0, 0, 0.54%, 0, 0, 11, 1404.36
1775273481, 1908, 63, 431, 0, 0, 0.54%, 0, 0, 11, 1428.24
1775273486, 1908, 111, 431, 0, 0, 0.54%, 0, 0, 11, 1543.74
1775273492, 1908, 184, 431, 0, 0, 0.54%, 0, 0, 11, 1410.85
1775273497, 1908, 325, 431, 0, 0, 0.54%, 0, 0, 11, 1463.53
1775273502, 1908, 399, 431, 0, 0, 0.54%, 0, 0, 11, 1276.78
1775273507, 1909, 47, 431, 0, 0, 0.54%, 0, 0, 11, 1344.84
1775273512, 1909, 97, 431, 0, 0, 0.54%, 0, 0, 11, 1481.96
1775273517, 1909, 177, 431, 0, 0, 0.54%, 0, 0, 11, 1536.29
1775273522, 1909, 276, 431, 0, 0, 0.54%, 0, 0, 11, 1467.80
1775273527, 1909, 323, 431, 0, 0, 0.54%, 0, 0, 11, 1481.90
1775273532, 1909, 385, 431, 0, 0, 0.54%, 0, 0, 11, 1390.00
1775273538, 1910, 63, 431, 0, 0, 0.54%, 0, 0, 11, 1511.01
1775273543, 1910, 100, 431, 0, 0, 0.54%, 0, 0, 11, 1516.31
1775273548, 1910, 147, 431, 0, 0, 0.54%, 0, 0, 11, 1554.83
1775273553, 1910, 225, 431, 0, 0, 0.54%, 0, 0, 11, 1542.52
1775273558, 1910, 354, 431, 0, 0, 0.54%, 0, 0, 11, 1440.76
1775273563, 1911, 64, 431, 0, 0, 0.54%, 0, 0, 11, 1471.20
1775273568, 1911, 80, 431, 0, 0, 0.54%, 0, 0, 11, 1573.43
1775273573, 1911, 111, 431, 0, 0, 0.54%, 0, 0, 11, 1553.35
1775273578, 1911, 231, 431, 0, 0, 0.54%, 0, 0, 11, 1521.85
1775273584, 1911, 325, 431, 0, 0, 0.54%, 0, 0, 11, 1447.52
1775273589, 1911, 405, 431, 0, 0, 0.54%, 0, 0, 11, 1178.57
1775273594, 1912, 80, 431, 0, 0, 0.54%, 0, 0, 11, 1425.37
1775273599, 1912, 116, 431, 0, 0, 0.54%, 0, 0, 11, 1431.98
1775273604, 1912, 182, 431, 0, 0, 0.54%, 0, 0, 11, 1448.03
1775273609, 1912, 331, 431, 0, 0, 0.54%, 0, 0, 11, 1452.37
1775273614, 1913, 8, 431, 0, 0, 0.54%, 0, 0, 11, 1319.68
1775273619, 1913, 80, 431, 0, 0, 0.54%, 0, 0, 11, 1551.37
1775273624, 1913, 111, 431, 0, 0, 0.54%, 0, 0, 11, 1369.19
1775273629, 1913, 196, 431, 0, 0, 0.54%, 0, 0, 11, 1495.86
1775273634, 1913, 325, 431, 0, 0, 0.54%, 0, 0, 11, 1439.04
1775273640, 1913, 377, 431, 0, 0, 0.54%, 0, 0, 11, 1318.43
1775273645, 1914, 40, 431, 0, 0, 0.54%, 0, 0, 11, 1268.24
1775273650, 1914, 80, 431, 0, 0, 0.54%, 0, 0, 11, 1409.55
1775273655, 1914, 123, 431, 0, 0, 0.54%, 0, 0, 11, 1521.95
1775273660, 1914, 191, 431, 0, 0, 0.54%, 0, 0, 11, 1606.67
1775273665, 1914, 235, 431, 0, 0, 0.54%, 0, 0, 11, 1526.64
1775273670, 1914, 349, 431, 0, 0, 0.54%, 0, 0, 11, 1536.48
1775273675, 1914, 403, 431, 0, 0, 0.54%, 0, 0, 11, 1266.68
1775273680, 1915, 79, 431, 0, 0, 0.54%, 0, 0, 11, 1511.30
1775273685, 1915, 100, 431, 0, 0, 0.54%, 0, 0, 11, 1502.12
1775273690, 1915, 147, 431, 0, 0, 0.54%, 0, 0, 11, 1477.54
1775273696, 1915, 257, 431, 0, 0, 0.54%, 0, 0, 11, 1378.38
1775273701, 1915, 316, 431, 0, 0, 0.54%, 0, 0, 11, 1475.03
1775273706, 1915, 385, 431, 0, 0, 0.54%, 0, 0, 11, 1350.06
1775273711, 1916, 27, 431, 0, 0, 0.54%, 0, 0, 11, 1457.89
1775273716, 1916, 80, 431, 0, 0, 0.54%, 0, 0, 11, 1587.86
1775273721, 1916, 106, 431, 0, 0, 0.54%, 0, 0, 11, 1450.10
1775273726, 1916, 151, 431, 0, 0, 0.54%, 0, 0, 11, 1374.35
1775273731, 1916, 258, 431, 0, 0, 0.54%, 0, 0, 11, 1513.24
1775273736, 1916, 354, 431, 0, 0, 0.54%, 0, 0, 11, 1463.44
1775273741, 1917, 64, 431, 0, 0, 0.54%, 0, 0, 11, 1491.59
1775273747, 1917, 100, 431, 0, 0, 0.54%, 0, 0, 11, 1454.62
1775273752, 1917, 196, 431, 0, 0, 0.54%, 0, 0, 11, 1401.43
1775273757, 1917, 282, 431, 0, 0, 0.54%, 0, 0, 11, 1478.50
1775273762, 1917, 325, 431, 0, 0, 0.54%, 0, 0, 11, 1498.01
1775273767, 1917, 430, 431, 0, 0, 0.54%, 0, 0, 11, 1381.46
1775273772, 1918, 79, 431, 0, 0, 0.54%, 0, 0, 11, 1615.15
1775273777, 1918, 111, 431, 0, 0, 0.54%, 0, 0, 11, 1639.15
1775273782, 1918, 147, 431, 0, 0, 0.54%, 0, 0, 11, 1489.25
1775273787, 1918, 251, 431, 0, 0, 0.54%, 0, 0, 11, 1519.38
1775273792, 1918, 354, 431, 0, 0, 0.54%, 0, 0, 11, 1437.52
1775273797, 1918, 392, 431, 0, 0, 0.54%, 0, 0, 11, 1270.00
1775273803, 1919, 46, 431, 0, 0, 0.54%, 0, 0, 11, 1401.95
1775273808, 1919, 97, 431, 0, 0, 0.54%, 0, 0, 11, 1623.64
1775273813, 1919, 137, 431, 0, 0, 0.54%, 0, 0, 11, 1625.05
1775273818, 1919, 183, 431, 0, 0, 0.54%, 0, 0, 11, 1627.43
1775273823, 1919, 290, 431, 0, 0, 0.54%, 0, 0, 11, 1770.00
1775273828, 1919, 354, 431, 0, 0, 0.54%, 0, 0, 11, 1503.23
1775273833, 1920, 23, 431, 0, 0, 0.54%, 0, 0, 11, 1516.17
1775273838, 1920, 76, 431, 0, 0, 0.54%, 0, 0, 11, 1551.46
1775273843, 1920, 111, 431, 0, 0, 0.54%, 0, 0, 11, 1623.30
1775273848, 1920, 180, 431, 0, 0, 0.54%, 0, 0, 11, 1548.51
1775273853, 1920, 285, 431, 0, 0, 0.54%, 0, 0, 11, 1550.75
1775273858, 1920, 349, 431, 0, 0, 0.54%, 0, 0, 11, 1358.21
1775273863, 1921, 22, 431, 0, 0, 0.54%, 0, 0, 11, 1461.65
1775273869, 1921, 91, 431, 0, 0, 0.54%, 0, 0, 11, 1533.63
1775273874, 1921, 154, 431, 0, 0, 0.54%, 0, 0, 11, 1725.62
1775273879, 1921, 287, 431, 0, 0, 0.54%, 0, 0, 11, 1427.61
1775273884, 1921, 385, 431, 0, 0, 0.54%, 0, 0, 11, 1361.22
1775273889, 1922, 45, 431, 0, 0, 0.54%, 0, 0, 11, 1379.03
1775273894, 1922, 86, 431, 0, 0, 0.54%, 0, 0, 11, 1546.82
1775273899, 1922, 156, 431, 0, 0, 0.54%, 0, 0, 11, 663.97
1775273904, 1922, 213, 431, 0, 0, 0.54%, 0, 0, 11, 1095.86
1775273909, 1922, 349, 431, 0, 0, 0.54%, 0, 0, 11, 1430.04
1775273914, 1922, 409, 431, 0, 0, 0.54%, 0, 0, 11, 1438.78
1775273920, 1923, 63, 431, 0, 0, 0.54%, 0, 0, 11, 1685.21
1775273925, 1923, 100, 431, 0, 0, 0.54%, 0, 0, 11, 1598.55
1775273930, 1923, 147, 431, 0, 0, 0.54%, 0, 0, 11, 1528.90
1775273935, 1923, 192, 431, 0, 0, 0.54%, 0, 0, 11, 1508.25
1775273940, 1923, 331, 431, 0, 0, 0.54%, 0, 0, 11, 1412.73
1775273945, 1923, 387, 431, 0, 0, 0.54%, 0, 0, 11, 1385.75
1775273950, 1924, 9, 431, 0, 0, 0.54%, 0, 0, 11, 1468.30
1775273955, 1924, 72, 431, 0, 0, 0.54%, 0, 0, 11, 1529.98
1775273960, 1924, 111, 431, 0, 0, 0.54%, 0, 0, 11, 1563.16
1775273965, 1924, 172, 431, 0, 0, 0.54%, 0, 0, 11, 1515.45
1775273970, 1924, 231, 431, 0, 0, 0.54%, 0, 0, 11, 1457.65
1775273976, 1924, 354, 431, 0, 0, 0.54%, 0, 0, 11, 1443.86
1775273981, 1925, 9, 431, 0, 0, 0.54%, 0, 0, 11, 1350.47
1775273986, 1925, 86, 431, 0, 0, 0.54%, 0, 0, 11, 1476.08
1775273991, 1925, 137, 431, 0, 0, 0.54%, 0, 0, 11, 1533.84
1775273996, 1925, 185, 431, 0, 0, 0.54%, 0, 0, 11, 1554.12
1775274001, 1925, 309, 431, 0, 0, 0.54%, 0, 0, 11, 1480.45
1775274006, 1925, 385, 431, 0, 0, 0.54%, 0, 0, 11, 1417.31
1775274011, 1926, 32, 431, 0, 0, 0.54%, 0, 0, 11, 1457.81
1775274016, 1926, 93, 431, 0, 0, 0.54%, 0, 0, 11, 1500.79
1775274021, 1926, 120, 431, 0, 0, 0.54%, 0, 0, 11, 1298.50
1775274027, 1926, 192, 431, 0, 0, 0.54%, 0, 0, 11, 1372.96
1775274032, 1926, 303, 431, 0, 0, 0.54%, 0, 0, 11, 1452.66
1775274037, 1926, 371, 431, 0, 0, 0.54%, 0, 0, 11, 1379.29
1775274042, 1927, 63, 431, 0, 0, 0.54%, 0, 0, 11, 1418.36
1775274047, 1927, 91, 431, 0, 0, 0.54%, 0, 0, 11, 1596.38
1775274052, 1927, 189, 431, 0, 0, 0.54%, 0, 0, 11, 1372.47
1775274057, 1927, 285, 431, 0, 0, 0.54%, 0, 0, 11, 1414.32
1775274062, 1927, 348, 431, 0, 0, 0.54%, 0, 0, 11, 1362.15
1775274067, 1927, 385, 431, 0, 0, 0.54%, 0, 0, 11, 1275.79
1775274072, 1928, 22, 431, 0, 0, 0.54%, 0, 0, 11, 1246.85
1775274078, 1928, 80, 431, 0, 0, 0.54%, 0, 0, 11, 1520.77
1775274083, 1928, 147, 431, 0, 0, 0.54%, 0, 0, 11, 1445.06
1775274088, 1928, 230, 431, 0, 0, 0.54%, 0, 0, 11, 1453.59
1775274093, 1928, 354, 431, 0, 0, 0.54%, 0, 0, 11, 1479.78
1775274098, 1928, 403, 431, 0, 0, 0.54%, 0, 0, 11, 1396.56
1775274103, 1929, 69, 431, 0, 0, 0.54%, 0, 0, 11, 1568.85
1775274108, 1929, 100, 431, 0, 0, 0.54%, 0, 0, 11, 1509.48
1775274113, 1929, 207, 431, 0, 0, 0.54%, 0, 0, 11, 1620.09
1775274118, 1929, 298, 431, 0, 0, 0.54%, 0, 0, 11, 1556.78
1775274123, 1929, 371, 431, 0, 0, 0.54%, 0, 0, 11, 1418.06
1775274129, 1930, 40, 431, 0, 0, 0.54%, 0, 0, 11, 1275.42
1775274134, 1930, 80, 431, 0, 0, 0.54%, 0, 0, 11, 1454.73
1775274139, 1930, 111, 431, 0, 0, 0.54%, 0, 0, 11, 1488.93
1775274144, 1930, 262, 431, 0, 0, 0.54%, 0, 0, 11, 1525.91
1775274149, 1930, 325, 431, 0, 0, 0.54%, 0, 0, 11, 1502.05
1775274154, 1930, 385, 431, 0, 0, 0.54%, 0, 0, 11, 1357.53
1775274160, 1931, 37, 431, 0, 0, 0.54%, 0, 0, 11, 1456.60
1775274165, 1931, 86, 431, 0, 0, 0.54%, 0, 0, 11, 1500.53
1775274170, 1931, 133, 431, 0, 0, 0.54%, 0, 0, 11, 1504.42
1775274175, 1931, 196, 431, 0, 0, 0.54%, 0, 0, 11, 1499.67
1775274180, 1931, 323, 431, 0, 0, 0.54%, 0, 0, 11, 1438.34
1775274185, 1931, 385, 431, 0, 0, 0.54%, 0, 0, 11, 1361.07
1775274190, 1932, 57, 431, 0, 0, 0.54%, 0, 0, 11, 1417.08
1775274195, 1932, 86, 431, 0, 0, 0.54%, 0, 0, 11, 1483.13
1775274200, 1932, 147, 431, 0, 0, 0.54%, 0, 0, 11, 1468.85
1775274205, 1932, 196, 431, 0, 0, 0.54%, 0, 0, 11, 906.34
1775274210, 1932, 283, 431, 0, 0, 0.54%, 0, 0, 11, 1367.02
1775274215, 1932, 371, 431, 0, 0, 0.54%, 0, 0, 11, 1389.49
1775274220, 1933, 63, 431, 0, 0, 0.54%, 0, 0, 11, 1409.18
1775274226, 1933, 91, 431, 0, 0, 0.54%, 0, 0, 11, 1521.27
1775274231, 1933, 145, 431, 0, 0, 0.54%, 0, 0, 11, 1575.90
1775274236, 1933, 211, 431, 0, 0, 0.54%, 0, 0, 11, 1537.52
1775274241, 1933, 272, 431, 0, 0, 0.54%, 0, 0, 11, 1453.22
1775274246, 1933, 354, 431, 0, 0, 0.54%, 0, 0, 11, 1362.57
1775274251, 1933, 428, 431, 0, 0, 0.54%, 0, 0, 11, 1405.97
1775274256, 1934, 79, 431, 0, 0, 0.54%, 0, 0, 11, 1575.96
1775274261, 1934, 147, 431, 0, 0, 0.54%, 0, 0, 11, 1544.17
1775274266, 1934, 196, 431, 0, 0, 0.54%, 0, 0, 11, 1454.92
1775274271, 1934, 255, 431, 0, 0, 0.54%, 0, 0, 11, 1355.61
1775274276, 1934, 354, 431, 0, 0, 0.54%, 0, 0, 11, 1349.40
1775274282, 1934, 405, 431, 0, 0, 0.54%, 0, 0, 11, 1216.20
1775274287, 1935, 80, 431, 0, 0, 0.54%, 0, 0, 11, 1507.28
1775274292, 1935, 120, 431, 0, 0, 0.54%, 0, 0, 11, 1521.31
1775274297, 1935, 185, 431, 0, 0, 0.54%, 0, 0, 11, 1525.04
1775274302, 1935, 239, 431, 0, 0, 0.54%, 0, 0, 11, 1527.57
1775274307, 1935, 354, 431, 0, 0, 0.54%, 0, 0, 11, 1511.71
1775274312, 1935, 399, 431, 0, 0, 0.54%, 0, 0, 11, 1260.08
1775274317, 1936, 55, 431, 0, 0, 0.54%, 0, 0, 11, 1463.17
1775274322, 1936, 100, 431, 0, 0, 0.54%, 0, 0, 11, 1585.42
1775274328, 1936, 172, 431, 0, 0, 0.54%, 0, 0, 11, 1415.72
1775274333, 1936, 317, 431, 0, 0, 0.54%, 0, 0, 11, 1274.11
1775274338, 1936, 358, 431, 0, 0, 0.54%, 0, 0, 11, 1453.57
1775274343, 1936, 420, 431, 0, 0, 0.54%, 0, 0, 11, 1159.10
1775274348, 1937, 44, 431, 0, 0, 0.54%, 0, 0, 11, 1375.22
1775274353, 1937, 80, 431, 0, 0, 0.54%, 0, 0, 11, 1349.07
1775274358, 1937, 143, 431, 0, 0, 0.54%, 0, 0, 11, 1489.85
1775274363, 1937, 210, 431, 0, 0, 0.54%, 0, 0, 11, 1451.84
1775274368, 1937, 289, 431, 0, 0, 0.54%, 0, 0, 11, 1332.37
1775274373, 1937, 371, 431, 0, 0, 0.54%, 0, 0, 11, 1354.70
1775274379, 1938, 78, 431, 0, 0, 0.54%, 0, 0, 11, 1478.31
1775274384, 1938, 100, 431, 0, 0, 0.54%, 0, 0, 11, 1835.00
1775274389, 1938, 147, 431, 0, 0, 0.54%, 0, 0, 11, 1469.87
1775274394, 1938, 259, 431, 0, 0, 0.54%, 0, 0, 11, 1383.67
1775274399, 1938, 357, 431, 0, 0, 0.54%, 0, 0, 11, 1354.23
1775274404, 1939, 58, 431, 0, 0, 0.54%, 0, 0, 11, 1656.60
1775274409, 1939, 100, 431, 0, 0, 0.54%, 0, 0, 11, 1590.69
1775274414, 1939, 179, 431, 0, 0, 0.54%, 0, 0, 11, 1438.64
1775274419, 1939, 234, 431, 0, 0, 0.54%, 0, 0, 11, 1459.38
1775274424, 1939, 292, 431, 0, 0, 0.54%, 0, 0, 11, 1284.45
1775274429, 1939, 385, 431, 0, 0, 0.54%, 0, 0, 11, 1508.60
1775274435, 1940, 63, 431, 0, 0, 0.54%, 0, 0, 11, 1350.02
1775274440, 1940, 100, 431, 0, 0, 0.54%, 0, 0, 11, 1388.82
1775274445, 1940, 180, 431, 0, 0, 0.54%, 0, 0, 11, 1524.05
1775274450, 1940, 272, 431, 0, 0, 0.54%, 0, 0, 11, 1513.91
1775274455, 1940, 370, 431, 0, 0, 0.54%, 0, 0, 11, 1362.13
1775274460, 1941, 79, 431, 0, 0, 0.54%, 0, 0, 11, 1412.31
1775274465, 1941, 130, 431, 0, 0, 0.54%, 0, 0, 11, 1456.64
1775274470, 1941, 198, 431, 0, 0, 0.54%, 0, 0, 11, 1388.31
1775274475, 1941, 324, 431, 0, 0, 0.54%, 0, 0, 11, 1532.79
1775274481, 1941, 382, 431, 0, 0, 0.54%, 0, 0, 11, 1350.96
1775274486, 1941, 428, 431, 0, 0, 0.54%, 0, 0, 11, 1760.80
1775274491, 1942, 80, 431, 0, 0, 0.54%, 0, 0, 11, 1637.17
1775274496, 1942, 111, 431, 0, 0, 0.54%, 0, 0, 11, 1438.83
1775274501, 1942, 180, 431, 0, 0, 0.54%, 0, 0, 11, 1445.92
1775274506, 1942, 238, 431, 0, 0, 0.54%, 0, 0, 11, 1497.44
1775274511, 1942, 306, 431, 0, 0, 0.54%, 0, 0, 11, 1480.46
1775274516, 1942, 385, 431, 0, 0, 0.54%, 0, 0, 11, 1443.23
1775274521, 1942, 429, 431, 0, 0, 0.54%, 0, 0, 11, 1406.76
1775274526, 1943, 53, 431, 0, 0, 0.54%, 0, 0, 11, 1504.93
1775274531, 1943, 91, 431, 0, 0, 0.54%, 0, 0, 11, 1472.98
1775274537, 1943, 147, 431, 0, 0, 0.54%, 0, 0, 11, 1496.15
1775274542, 1943, 211, 431, 0, 0, 0.54%, 0, 0, 11, 1492.22
1775274547, 1943, 267, 431, 0, 0, 0.54%, 0, 0, 11, 1423.98
1775274552, 1943, 362, 431, 0, 0, 0.54%, 0, 0, 11, 1497.41
1775274557, 1944, 35, 431, 0, 0, 0.54%, 0, 0, 11, 1287.64
1775274562, 1944, 86, 431, 0, 0, 0.54%, 0, 0, 11, 1522.17
1775274567, 1944, 147, 431, 0, 0, 0.54%, 0, 0, 11, 1457.03
1775274572, 1944, 271, 431, 0, 0, 0.54%, 0, 0, 11, 1375.78
1775274577, 1944, 354, 431, 0, 0, 0.54%, 0, 0, 11, 1338.86
1775274582, 1945, 34, 431, 0, 0, 0.54%, 0, 0, 11, 1455.66
1775274587, 1945, 86, 431, 0, 0, 0.54%, 0, 0, 11, 1429.02
1775274592, 1945, 196, 431, 0, 0, 0.54%, 0, 0, 11, 1480.02
1775274598, 1945, 354, 431, 0, 0, 0.54%, 0, 0, 11, 1548.38
1775274603, 1946, 44, 431, 0, 0, 0.54%, 0, 0, 11, 1337.02
1775274608, 1946, 80, 431, 0, 0, 0.54%, 0, 0, 11, 1426.47
1775274613, 1946, 109, 431, 0, 0, 0.54%, 0, 0, 11, 1315.05
1775274618, 1946, 174, 431, 0, 0, 0.54%, 0, 0, 11, 1270.15
1775274623, 1946, 196, 431, 0, 0, 0.54%, 0, 0, 11, 1398.71
1775274628, 1946, 349, 431, 0, 0, 0.54%, 0, 0, 11, 1415.29
1775274633, 1947, 22, 431, 0, 0, 0.54%, 0, 0, 11, 1433.49
1775274639, 1947, 80, 431, 0, 0, 0.54%, 0, 0, 11, 1517.43
1775274644, 1947, 115, 431, 0, 0, 0.54%, 0, 0, 11, 1362.64
1775274649, 1947, 234, 431, 0, 0, 0.54%, 0, 0, 11, 1538.37
1775274654, 1947, 357, 431, 0, 0, 0.54%, 0, 0, 11, 1443.23
1775274659, 1948, 23, 431, 0, 0, 0.54%, 0, 0, 11, 1354.63
1775274664, 1948, 80, 431, 0, 0, 0.54%, 0, 0, 11, 1500.90
1775274669, 1948, 124, 431, 0, 0, 0.54%, 0, 0, 11, 1506.41
1775274674, 1948, 196, 431, 0, 0, 0.54%, 0, 0, 11, 1365.48
1775274680, 1948, 290, 431, 0, 0, 0.54%, 0, 0, 11, 1352.22
1775274685, 1948, 353, 431, 0, 0, 0.54%, 0, 0, 11, 1464.02
1775274690, 1948, 397, 431, 0, 0, 0.54%, 0, 0, 11, 1307.93
1775274695, 1949, 37, 431, 0, 0, 0.54%, 0, 0, 11, 1397.51
1775274700, 1949, 87, 431, 0, 0, 0.54%, 0, 0, 11, 1533.73
1775274705, 1949, 133, 431, 0, 0, 0.54%, 0, 0, 11, 1524.29
1775274710, 1949, 187, 431, 0, 0, 0.54%, 0, 0, 11, 1464.38
1775274715, 1949, 245, 431, 0, 0, 0.54%, 0, 0, 11, 1496.46
1775274720, 1949, 354, 431, 0, 0, 0.54%, 0, 0, 11, 1650.63
1775274726, 1950, 20, 431, 0, 0, 0.54%, 0, 0, 11, 1187.61
1775274731, 1950, 79, 431, 0, 0, 0.54%, 0, 0, 11, 1368.91
1775274736, 1950, 136, 431, 0, 0, 0.54%, 0, 0, 11, 1390.65
1775274741, 1950, 162, 431, 0, 0, 0.54%, 0, 0, 11, 1336.31
1775274746, 1950, 241, 431, 0, 0, 0.54%, 0, 0, 11, 1366.91
1775274751, 1950, 345, 431, 0, 0, 0.54%, 0, 0, 11, 1403.87
1775274756, 1951, 22, 431, 0, 0, 0.54%, 0, 0, 11, 1311.57
1775274761, 1951, 98, 431, 0, 0, 0.54%, 0, 0, 11, 1436.13
1775274766, 1951, 138, 431, 0, 0, 0.54%, 0, 0, 11, 1419.85
1775274771, 1951, 188, 431, 0, 0, 0.54%, 0, 0, 11, 1461.38
1775274776, 1951, 332, 431, 0, 0, 0.54%, 0, 0, 11, 1417.09
1775274781, 1951, 407, 431, 0, 0, 0.54%, 0, 0, 11, 1199.29
1775274786, 1952, 79, 431, 0, 0, 0.54%, 0, 0, 11, 1473.19
1775274792, 1952, 100, 431, 0, 0, 0.54%, 0, 0, 11, 1401.61
1775274797, 1952, 155, 431, 0, 0, 0.54%, 0, 0, 11, 1504.17
1775274802, 1952, 249, 431, 0, 0, 0.54%, 0, 0, 11, 1424.68
1775274807, 1952, 354, 431, 0, 0, 0.54%, 0, 0, 11, 1327.05
1775274812, 1953, 65, 431, 0, 0, 0.54%, 0, 0, 11, 1440.61
1775274817, 1953, 92, 431, 0, 0, 0.54%, 0, 0, 11, 1393.48
1775274822, 1953, 171, 431, 0, 0, 0.54%, 0, 0, 11, 1452.02
1775274827, 1953, 191, 431, 0, 0, 0.54%, 0, 0, 11, 1474.03
1775274832, 1953, 298, 431, 0, 0, 0.54%, 0, 0, 11, 1418.79
1775274838, 1953, 354, 431, 0, 0, 0.54%, 0, 0, 11, 1364.58
1775274843, 1954, 60, 431, 0, 0, 0.54%, 0, 0, 11, 1453.17
1775274848, 1954, 100, 431, 0, 0, 0.54%, 0, 0, 11, 1559.14
1775274853, 1954, 120, 431, 0, 0, 0.54%, 0, 0, 11, 1521.53
1775274858, 1954, 215, 431, 0, 0, 0.54%, 0, 0, 11, 1420.76
1775274863, 1954, 325, 431, 0, 0, 0.54%, 0, 0, 11, 1363.41
1775274868, 1954, 371, 431, 0, 0, 0.54%, 0, 0, 11, 1333.69
1775274873, 1955, 29, 431, 0, 0, 0.54%, 0, 0, 11, 1217.45
1775274878, 1955, 80, 431, 0, 0, 0.54%, 0, 0, 11, 1400.58
1775274884, 1955, 165, 431, 0, 0, 0.54%, 0, 0, 11, 1444.32
1775274889, 1955, 211, 431, 0, 0, 0.54%, 0, 0, 11, 1520.53
1775274894, 1955, 294, 431, 0, 0, 0.54%, 0, 0, 11, 1495.94
1775274899, 1955, 349, 431, 0, 0, 0.54%, 0, 0, 11, 1427.97
1775274904, 1955, 406, 431, 0, 0, 0.54%, 0, 0, 11, 1191.95
1775274909, 1956, 40, 431, 0, 0, 0.54%, 0, 0, 11, 1464.34
1775274914, 1956, 82, 431, 0, 0, 0.54%, 0, 0, 11, 1463.46
1775274919, 1956, 147, 431, 0, 0, 0.54%, 0, 0, 11, 1514.31
1775274925, 1956, 255, 431, 0, 0, 0.54%, 0, 0, 11, 1558.35
1775274930, 1956, 354, 431, 0, 0, 0.54%, 0, 0, 11, 1497.76
1775274935, 1957, 36, 431, 0, 0, 0.54%, 0, 0, 11, 1411.76
1775274940, 1957, 80, 431, 0, 0, 0.54%, 0, 0, 11, 1544.43
1775274945, 1957, 131, 431, 0, 0, 0.54%, 0, 0, 11, 1436.65
1775274950, 1957, 258, 431, 0, 0, 0.54%, 0, 0, 11, 1463.54
1775274955, 1957, 352, 431, 0, 0, 0.54%, 0, 0, 11, 1551.97
1775274960, 1957, 410, 431, 0, 0, 0.54%, 0, 0, 11, 1201.81
1775274965, 1958, 52, 431, 0, 0, 0.54%, 0, 0, 11, 1441.48
1775274971, 1958, 100, 431, 0, 0, 0.54%, 0, 0, 11, 1584.44
1775274976, 1958, 160, 431, 0, 0, 0.54%, 0, 0, 11, 1502.33
1775274981, 1958, 232, 431, 0, 0, 0.54%, 0, 0, 11, 1534.08
1775274986, 1958, 311, 431, 0, 0, 0.54%, 0, 0, 11, 1500.94
1775274991, 1958, 360, 431, 0, 0, 0.54%, 0, 0, 11, 1467.86
1775274996, 1959, 63, 431, 0, 0, 0.54%, 0, 0, 11, 1588.77
1775275001, 1959, 100, 431, 0, 0, 0.54%, 0, 0, 11, 1602.02
1775275006, 1959, 147, 431, 0, 0, 0.54%, 0, 0, 11, 237.04
1775275012, 1959, 230, 431, 0, 0, 0.54%, 0, 0, 11, 1429.25
1775275017, 1959, 323, 431, 0, 0, 0.54%, 0, 0, 11, 1367.49
1775275022, 1959, 379, 431, 0, 0, 0.54%, 0, 0, 11, 1330.09
1775275027, 1960, 52, 431, 0, 0, 0.54%, 0, 0, 11, 1310.12
1775275032, 1960, 91, 431, 0, 0, 0.54%, 0, 0, 11, 1511.56
1775275037, 1960, 207, 431, 0, 0, 0.54%, 0, 0, 11, 1580.83
1775275042, 1960, 335, 431, 0, 0, 0.54%, 0, 0, 11, 1420.15
1775275047, 1960, 409, 431, 0, 0, 0.54%, 0, 0, 11, 1308.01
1775275052, 1961, 47, 431, 0, 0, 0.54%, 0, 0, 11, 1346.96
1775275057, 1961, 87, 431, 0, 0, 0.54%, 0, 0, 11, 1507.21
1775275062, 1961, 135, 431, 0, 0, 0.54%, 0, 0, 11, 1555.36
1775275068, 1961, 283, 431, 0, 0, 0.54%, 0, 0, 11, 1571.71
1775275073, 1961, 354, 431, 0, 0, 0.54%, 0, 0, 11, 1471.89
1775275078, 1961, 429, 431, 0, 0, 0.54%, 0, 0, 11, 1345.10
1775275083, 1962, 79, 431, 0, 0, 0.54%, 0, 0, 11, 1493.77
1775275088, 1962, 111, 431, 0, 0, 0.54%, 0, 0, 11, 1481.06
1775275093, 1962, 277, 431, 0, 0, 0.54%, 0, 0, 11, 1486.42
1775275098, 1962, 348, 431, 0, 0, 0.54%, 0, 0, 11, 1421.59
1775275103, 1962, 429, 431, 0, 0, 0.54%, 0, 0, 11, 1355.11
1775275108, 1963, 51, 431, 0, 0, 0.54%, 0, 0, 11, 971.53
1775275114, 1963, 100, 431, 0, 0, 0.54%, 0, 0, 11, 1420.24
1775275119, 1963, 177, 431, 0, 0, 0.54%, 0, 0, 11, 1472.72
1775275124, 1963, 309, 431, 0, 0, 0.54%, 0, 0, 11, 1464.86
1775275129, 1963, 385, 431, 0, 0, 0.54%, 0, 0, 11, 1340.75
1775275134, 1964, 79, 431, 0, 0, 0.54%, 0, 0, 11, 1310.38
1775275139, 1964, 114, 431, 0, 0, 0.54%, 0, 0, 11, 1441.99
1775275144, 1964, 192, 431, 0, 0, 0.54%, 0, 0, 11, 1464.28
1775275149, 1964, 250, 431, 0, 0, 0.54%, 0, 0, 11, 1375.73
1775275154, 1964, 354, 431, 0, 0, 0.54%, 0, 0, 11, 1376.85
1775275159, 1964, 398, 431, 0, 0, 0.54%, 0, 0, 11, 1324.06
1775275164, 1965, 20, 431, 0, 0, 0.54%, 0, 0, 11, 1281.68
1775275170, 1965, 71, 431, 0, 0, 0.54%, 0, 0, 11, 1471.36
1775275175, 1965, 100, 431, 0, 0, 0.54%, 0, 0, 11, 1467.36
1775275180, 1965, 236, 431, 0, 0, 0.54%, 0, 0, 11, 1530.02
1775275185, 1965, 371, 431, 0, 0, 0.54%, 0, 0, 11, 1379.22
1775275190, 1966, 72, 431, 0, 0, 0.54%, 0, 0, 11, 1710.48
1775275195, 1966, 94, 431, 0, 0, 0.54%, 0, 0, 11, 1695.63
1775275200, 1966, 147, 431, 0, 0, 0.54%, 0, 0, 11, 1428.56
1775275205, 1966, 227, 431, 0, 0, 0.54%, 0, 0, 11, 1476.07
1775275210, 1966, 329, 431, 0, 0, 0.54%, 0, 0, 11, 1442.23
1775275215, 1966, 388, 431, 0, 0, 0.54%, 0, 0, 11, 1397.90
1775275220, 1967, 79, 431, 0, 0, 0.54%, 0, 0, 11, 1428.59
1775275225, 1967, 144, 431, 0, 0, 0.54%, 0, 0, 11, 1392.19
1775275230, 1967, 273, 431, 0, 0, 0.54%, 0, 0, 11, 1568.98
1775275235, 1967, 385, 431, 0, 0, 0.54%, 0, 0, 11, 1388.35
1775275241, 1968, 63, 431, 0, 0, 0.54%, 0, 0, 11, 1453.66
1775275246, 1968, 97, 431, 0, 0, 0.54%, 0, 0, 11, 1469.76
1775275251, 1968, 179, 431, 0, 0, 0.54%, 0, 0, 11, 1422.90
1775275256, 1968, 241, 431, 0, 0, 0.54%, 0, 0, 11, 1482.05
1775275261, 1968, 358, 431, 0, 0, 0.54%, 0, 0, 11, 1541.95
1775275266, 1968, 417, 431, 0, 0, 0.54%, 0, 0, 11, 1192.03
1775275271, 1969, 80, 431, 0, 0, 0.54%, 0, 0, 11, 1531.48
1775275276, 1969, 111, 431, 0, 0, 0.54%, 0, 0, 11, 1408.76
1775275282, 1969, 196, 431, 0, 0, 0.54%, 0, 0, 11, 1429.56
1775275287, 1969, 349, 431, 0, 0, 0.54%, 0, 0, 11, 1455.23
1775275292, 1969, 385, 431, 0, 0, 0.54%, 0, 0, 11, 1351.85
1775275297, 1970, 78, 431, 0, 0, 0.54%, 0, 0, 11, 1442.87
1775275302, 1970, 91, 431, 0, 0, 0.54%, 0, 0, 11, 1491.50
1775275307, 1970, 247, 431, 0, 0, 0.54%, 0, 0, 11, 1584.12
1775275312, 1970, 354, 431, 0, 0, 0.54%, 0, 0, 11, 1386.09
1775275317, 1971, 21, 431, 0, 0, 0.54%, 0, 0, 11, 1417.11
1775275323, 1971, 79, 431, 0, 0, 0.54%, 0, 0, 11, 1527.80
1775275328, 1971, 111, 431, 0, 0, 0.54%, 0, 0, 11, 1452.96
1775275333, 1971, 325, 431, 0, 0, 0.54%, 0, 0, 11, 1371.70
1775275338, 1971, 385, 431, 0, 0, 0.54%, 0, 0, 11, 1378.54
1775275343, 1972, 63, 431, 0, 0, 0.54%, 0, 0, 11, 1480.58
1775275348, 1972, 80, 431, 0, 0, 0.54%, 0, 0, 11, 1452.88
1775275353, 1972, 117, 431, 0, 0, 0.54%, 0, 0, 11, 1557.27
1775275358, 1972, 200, 431, 0, 0, 0.54%, 0, 0, 11, 1505.46
1775275363, 1972, 300, 431, 0, 0, 0.54%, 0, 0, 11, 1219.01
1775275368, 1972, 354, 431, 0, 0, 0.54%, 0, 0, 11, 1345.57
1775275373, 1972, 408, 431, 0, 0, 0.54%, 0, 0, 11, 1105.11
1775275378, 1973, 63, 431, 0, 0, 0.54%, 0, 0, 11, 1821.40
1775275384, 1973, 100, 431, 0, 0, 0.54%, 0, 0, 11, 1563.81
1775275389, 1973, 231, 431, 0, 0, 0.54%, 0, 0, 11, 1626.86
1775275394, 1973, 316, 431, 0, 0, 0.54%, 0, 0, 11, 1412.27
1775275399, 1973, 385, 431, 0, 0, 0.54%, 0, 0, 11, 1294.73
1775275404, 1974, 49, 431, 0, 0, 0.54%, 0, 0, 11, 1480.74
1775275409, 1974, 100, 431, 0, 0, 0.54%, 0, 0, 11, 1443.28
1775275414, 1974, 176, 431, 0, 0, 0.54%, 0, 0, 11, 1389.82
1775275419, 1974, 204, 431, 0, 0, 0.54%, 0, 0, 11, 1522.30
1775275425, 1974, 306, 431, 0, 0, 0.54%, 0, 0, 11, 1457.09
1775275430, 1974, 350, 431, 0, 0, 0.54%, 0, 0, 11, 1313.67
1775275435, 1974, 390, 431, 0, 0, 0.54%, 0, 0, 11, 1304.74
1775275440, 1975, 63, 431, 0, 0, 0.54%, 0, 0, 11, 1457.16
1775275445, 1975, 100, 431, 0, 0, 0.54%, 0, 0, 11, 1482.33
1775275450, 1975, 160, 431, 0, 0, 0.54%, 0, 0, 11, 1405.81
1775275455, 1975, 192, 431, 0, 0, 0.54%, 0, 0, 11, 1461.47
1775275460, 1975, 267, 431, 0, 0, 0.54%, 0, 0, 11, 1449.62
1775275465, 1975, 349, 431, 0, 0, 0.54%, 0, 0, 11, 1503.87
1775275470, 1975, 429, 431, 0, 0, 0.54%, 0, 0, 11, 1299.63
1775275475, 1976, 49, 431, 0, 0, 0.54%, 0, 0, 11, 1662.50
1775275481, 1976, 91, 431, 0, 0, 0.54%, 0, 0, 11, 1429.80
1775275486, 1976, 161, 431, 0, 0, 0.54%, 0, 0, 11, 1420.25
1775275491, 1976, 256, 431, 0, 0, 0.54%, 0, 0, 11, 1385.10
1775275496, 1976, 349, 431, 0, 0, 0.54%, 0, 0, 11, 1391.89
1775275501, 1977, 11, 431, 0, 0, 0.54%, 0, 0, 11, 1346.96
1775275506, 1977, 76, 431, 0, 0, 0.54%, 0, 0, 11, 1424.82
1775275511, 1977, 109, 431, 0, 0, 0.54%, 0, 0, 11, 1484.02
1775275516, 1977, 147, 431, 0, 0, 0.54%, 0, 0, 11, 1440.38
1775275521, 1977, 291, 431, 0, 0, 0.54%, 0, 0, 11, 1482.98
1775275526, 1977, 310, 431, 0, 0, 0.54%, 0, 0, 11, 1532.33
1775275531, 1977, 368, 431, 0, 0, 0.54%, 0, 0, 11, 1503.45
1775275536, 1978, 49, 431, 0, 0, 0.54%, 0, 0, 11, 1407.40
1775275541, 1978, 83, 431, 0, 0, 0.54%, 0, 0, 11, 1280.79
1775275547, 1978, 111, 431, 0, 0, 0.54%, 0, 0, 11, 668.08
1775275552, 1978, 161, 431, 0, 0, 0.54%, 0, 0, 11, 1338.56
1775275557, 1978, 277, 431, 0, 0, 0.54%, 0, 0, 11, 1494.22
1775275562, 1978, 385, 431, 0, 0, 0.54%, 0, 0, 11, 1514.85
1775275567, 1979, 63, 431, 0, 0, 0.54%, 0, 0, 11, 1438.76
1775275572, 1979, 92, 431, 0, 0, 0.54%, 0, 0, 11, 1448.63
1775275577, 1979, 150, 431, 0, 0, 0.54%, 0, 0, 11, 1546.02
1775275582, 1979, 223, 431, 0, 0, 0.54%, 0, 0, 11, 1505.38
1775275587, 1979, 325, 431, 0, 0, 0.54%, 0, 0, 11, 1446.84
1775275592, 1980, 8, 431, 0, 0, 0.54%, 0, 0, 11, 1363.29
1775275597, 1980, 86, 431, 0, 0, 0.54%, 0, 0, 11, 1521.04
1775275602, 1980, 147, 431, 0, 0, 0.54%, 0, 0, 11, 1590.67
1775275607, 1980, 196, 431, 0, 0, 0.54%, 0, 0, 11, 1489.90
1775275613, 1980, 325, 431, 0, 0, 0.54%, 0, 0, 11, 1488.98
1775275618, 1980, 379, 431, 0, 0, 0.54%, 0, 0, 11, 1445.35
1775275623, 1980, 429, 431, 0, 0, 0.54%, 0, 0, 11, 1350.68
1775275628, 1981, 68, 431, 0, 0, 0.54%, 0, 0, 11, 1674.70
1775275633, 1981, 100, 431, 0, 0, 0.54%, 0, 0, 11, 1525.21
1775275638, 1981, 147, 431, 0, 0, 0.54%, 0, 0, 11, 1356.76
1775275643, 1981, 224, 431, 0, 0, 0.54%, 0, 0, 11, 1408.40
1775275648, 1981, 294, 431, 0, 0, 0.54%, 0, 0, 11, 1527.70
1775275653, 1981, 354, 431, 0, 0, 0.54%, 0, 0, 11, 1448.80
1775275658, 1981, 429, 431, 0, 0, 0.54%, 0, 0, 11, 1269.83
1775275663, 1982, 45, 431, 0, 0, 0.54%, 0, 0, 11, 1491.57
1775275669, 1982, 86, 431, 0, 0, 0.54%, 0, 0, 11, 1533.77
1775275674, 1982, 143, 431, 0, 0, 0.54%, 0, 0, 11, 1426.28
1775275679, 1982, 246, 431, 0, 0, 0.54%, 0, 0, 11, 1458.87
1775275684, 1982, 354, 431, 0, 0, 0.54%, 0, 0, 11, 1390.31
1775275689, 1983, 41, 431, 0, 0, 0.54%, 0, 0, 11, 1440.43
1775275694, 1983, 85, 431, 0, 0, 0.54%, 0, 0, 11, 1532.69
1775275699, 1983, 141, 431, 0, 0, 0.54%, 0, 0, 11, 1451.72
1775275704, 1983, 205, 431, 0, 0, 0.54%, 0, 0, 11, 1539.98
1775275709, 1983, 325, 431, 0, 0, 0.54%, 0, 0, 11, 1481.13
1775275715, 1983, 385, 431, 0, 0, 0.54%, 0, 0, 11, 1486.75
1775275720, 1984, 20, 431, 0, 0, 0.54%, 0, 0, 11, 1402.03
1775275725, 1984, 68, 431, 0, 0, 0.54%, 0, 0, 11, 1527.71
1775275730, 1984, 111, 431, 0, 0, 0.54%, 0, 0, 11, 1530.37
1775275735, 1984, 196, 431, 0, 0, 0.54%, 0, 0, 11, 1404.78
1775275740, 1984, 271, 431, 0, 0, 0.54%, 0, 0, 11, 1491.13
1775275745, 1984, 327, 431, 0, 0, 0.54%, 0, 0, 11, 1414.55
1775275750, 1984, 390, 431, 0, 0, 0.54%, 0, 0, 11, 1339.32
1775275755, 1985, 29, 431, 0, 0, 0.54%, 0, 0, 11, 1561.93
1775275760, 1985, 86, 431, 0, 0, 0.54%, 0, 0, 11, 1593.00
1775275765, 1985, 147, 431, 0, 0, 0.54%, 0, 0, 11, 1527.41
1775275771, 1985, 286, 431, 0, 0, 0.54%, 0, 0, 11, 1571.95
1775275776, 1985, 349, 431, 0, 0, 0.54%, 0, 0, 11, 1430.08
1775275781, 1985, 403, 431, 0, 0, 0.54%, 0, 0, 11, 1224.71
1775275786, 1986, 63, 431, 0, 0, 0.54%, 0, 0, 11, 1594.34
1775275791, 1986, 110, 431, 0, 0, 0.54%, 0, 0, 11, 1517.88
1775275796, 1986, 231, 431, 0, 0, 0.54%, 0, 0, 11, 1442.78
1775275801, 1986, 349, 431, 0, 0, 0.54%, 0, 0, 11, 1503.04
1775275806, 1986, 387, 431, 0, 0, 0.54%, 0, 0, 11, 1260.28
1775275812, 1986, 428, 431, 0, 0, 0.54%, 0, 0, 11, 1260.49
1775275817, 1987, 98, 431, 0, 0, 0.54%, 0, 0, 11, 1483.88
1775275822, 1987, 138, 431, 0, 0, 0.54%, 0, 0, 11, 1399.75
1775275827, 1987, 237, 431, 0, 0, 0.54%, 0, 0, 11, 1510.62
1775275832, 1987, 349, 431, 0, 0, 0.54%, 0, 0, 11, 1497.83
1775275837, 1988, 22, 431, 0, 0, 0.54%, 0, 0, 11, 1381.15
1775275842, 1988, 80, 431, 0, 0, 0.54%, 0, 0, 11, 1518.49
1775275847, 1988, 121, 431, 0, 0, 0.54%, 0, 0, 11, 1551.47
1775275852, 1988, 216, 431, 0, 0, 0.54%, 0, 0, 11, 1464.81
1775275857, 1988, 310, 431, 0, 0, 0.54%, 0, 0, 11, 1444.47
1775275862, 1988, 375, 431, 0, 0, 0.54%, 0, 0, 11, 1461.06
1775275868, 1989, 80, 431, 0, 0, 0.54%, 0, 0, 11, 1514.01
1775275873, 1989, 111, 431, 0, 0, 0.54%, 0, 0, 11, 1485.71
1775275878, 1989, 232, 431, 0, 0, 0.54%, 0, 0, 11, 1493.21
1775275883, 1989, 349, 431, 0, 0, 0.54%, 0, 0, 11, 1525.83
1775275888, 1989, 398, 431, 0, 0, 0.54%, 0, 0, 11, 1326.29
1775275893, 1990, 86, 431, 0, 0, 0.54%, 0, 0, 11, 1615.97
1775275898, 1990, 147, 431, 0, 0, 0.54%, 0, 0, 11, 1518.99
1775275903, 1990, 242, 431, 0, 0, 0.54%, 0, 0, 11, 1563.92
1775275908, 1990, 315, 431, 0, 0, 0.54%, 0, 0, 11, 1409.83
1775275913, 1990, 371, 431, 0, 0, 0.54%, 0, 0, 11, 1373.42
1775275918, 1991, 29, 431, 0, 0, 0.54%, 0, 0, 11, 1311.15
1775275924, 1991, 81, 431, 0, 0, 0.54%, 0, 0, 11, 1431.23
1775275929, 1991, 100, 431, 0, 0, 0.54%, 0, 0, 11, 1447.36
1775275934, 1991, 179, 431, 0, 0, 0.54%, 0, 0, 11, 1506.69
1775275939, 1991, 349, 431, 0, 0, 0.54%, 0, 0, 11, 1414.31
1775275944, 1991, 385, 431, 0, 0, 0.54%, 0, 0, 11, 1375.15
1775275949, 1991, 429, 431, 0, 0, 0.54%, 0, 0, 11, 1389.67
1775275954, 1992, 54, 431, 0, 0, 0.54%, 0, 0, 11, 1425.73
1775275959, 1992, 86, 431, 0, 0, 0.54%, 0, 0, 11, 1406.73
1775275964, 1992, 147, 431, 0, 0, 0.54%, 0, 0, 11, 1431.49
1775275969, 1992, 192, 431, 0, 0, 0.54%, 0, 0, 11, 1311.16
1775275974, 1992, 291, 431, 0, 0, 0.54%, 0, 0, 11, 1397.05
1775275979, 1992, 349, 431, 0, 0, 0.54%, 0, 0, 11, 1386.50
1775275985, 1993, 11, 431, 0, 0, 0.54%, 0, 0, 11, 1321.01
1775275990, 1993, 63, 431, 0, 0, 0.54%, 0, 0, 11, 1395.09
1775275995, 1993, 100, 431, 0, 0, 0.54%, 0, 0, 11, 1564.37
1775276000, 1993, 155, 431, 0, 0, 0.54%, 0, 0, 11, 1466.89
1775276005, 1993, 310, 431, 0, 0, 0.54%, 0, 0, 11, 1461.16
1775276010, 1993, 368, 431, 0, 0, 0.54%, 0, 0, 11, 1380.20
1775276015, 1994, 58, 431, 0, 0, 0.54%, 0, 0, 11, 1458.51
1775276020, 1994, 91, 431, 0, 0, 0.54%, 0, 0, 11, 1510.85
1775276025, 1994, 147, 431, 0, 0, 0.54%, 0, 0, 11, 1355.95
1775276030, 1994, 246, 431, 0, 0, 0.54%, 0, 0, 11, 1425.90
1775276035, 1994, 357, 431, 0, 0, 0.54%, 0, 0, 11, 1436.20
1775276040, 1994, 428, 431, 0, 0, 0.54%, 0, 0, 11, 1451.28
1775276046, 1995, 79, 431, 0, 0, 0.54%, 0, 0, 11, 1490.52
1775276051, 1995, 110, 431, 0, 0, 0.54%, 0, 0, 11, 1412.48
1775276056, 1995, 192, 431, 0, 0, 0.54%, 0, 0, 11, 1476.35
1775276061, 1995, 357, 431, 0, 0, 0.54%, 0, 0, 11, 1479.07
1775276066, 1996, 25, 431, 0, 0, 0.54%, 0, 0, 11, 1273.91
1775276071, 1996, 89, 431, 0, 0, 0.54%, 0, 0, 11, 1501.52
1775276076, 1996, 169, 431, 0, 0, 0.54%, 0, 0, 11, 1492.88
1775276081, 1996, 305, 431, 0, 0, 0.54%, 0, 0, 11, 1539.41
1775276086, 1996, 373, 431, 0, 0, 0.54%, 0, 0, 11, 1343.13
1775276092, 1997, 30, 431, 0, 0, 0.54%, 0, 0, 11, 1427.51
1775276097, 1997, 86, 431, 0, 0, 0.54%, 0, 0, 11, 1613.81
1775276102, 1997, 126, 431, 0, 0, 0.54%, 0, 0, 11, 1456.38
1775276107, 1997, 248, 431, 0, 0, 0.54%, 0, 0, 11, 1526.12
1775276112, 1997, 354, 431, 0, 0, 0.54%, 0, 0, 11, 1450.32
1775276117, 1997, 427, 431, 0, 0, 0.54%, 0, 0, 11, 1063.15
1775276122, 1998, 63, 431, 0, 0, 0.54%, 0, 0, 11, 1257.75
1775276127, 1998, 91, 431, 0, 0, 0.54%, 0, 0, 11, 1435.72
1775276132, 1998, 147, 431, 0, 0, 0.54%, 0, 0, 11, 1437.66
1775276137, 1998, 236, 431, 0, 0, 0.54%, 0, 0, 11, 1436.40
1775276142, 1998, 354, 431, 0, 0, 0.54%, 0, 0, 11, 1430.61
1775276147, 1998, 404, 431, 0, 0, 0.54%, 0, 0, 11, 1073.10
1775276152, 1999, 63, 431, 0, 0, 0.54%, 0, 0, 11, 1488.93
1775276158, 1999, 100, 431, 0, 0, 0.54%, 0, 0, 11, 1522.26
1775276163, 1999, 151, 431, 0, 0, 0.54%, 0, 0, 11, 1176.81
1775276168, 1999, 189, 431, 0, 0, 0.54%, 0, 0, 11, 1412.20
1775276173, 1999, 311, 431, 0, 0, 0.54%, 0, 0, 11, 1440.44
1775276178, 1999, 357, 431, 0, 0, 0.54%, 0, 0, 11, 1444.37
1775276183, 1999, 430, 431, 0, 0, 0.54%, 0, 0, 11, 1247.20
1775276188, 2000, 79, 431, 0, 0, 0.54%, 0, 0, 11, 1491.53
1775276193, 2000, 111, 431, 0, 0, 0.54%, 0, 0, 11, 1513.08
1775276198, 2000, 180, 431, 0, 0, 0.54%, 0, 0, 11, 1463.92
1775276203, 2000, 294, 431, 0, 0, 0.54%, 0, 0, 11, 1516.77
1775276209, 2000, 379, 431, 0, 0, 0.54%, 0, 0, 11, 1317.51
1775276214, 2001, 63, 431, 0, 0, 0.54%, 0, 0, 11, 1299.93
1775276219, 2001, 90, 431, 0, 0, 0.54%, 0, 0, 11, 1450.64
1775276224, 2001, 147, 431, 0, 0, 0.54%, 0, 0, 11, 1470.16
1775276229, 2001, 203, 431, 0, 0, 0.54%, 0, 0, 11, 1557.82
1775276234, 2001, 283, 431, 0, 0, 0.54%, 0, 0, 11, 1402.72
1775276239, 2001, 371, 431, 0, 0, 0.54%, 0, 0, 11, 1406.25
1775276244, 2002, 24, 431, 0, 0, 0.54%, 0, 0, 11, 1233.42
1775276249, 2002, 84, 431, 0, 0, 0.54%, 0, 0, 11, 1569.20
1775276254, 2002, 114, 431, 0, 0, 0.54%, 0, 0, 11, 1463.09
1775276260, 2002, 195, 431, 0, 0, 0.54%, 0, 0, 11, 1527.04
1775276265, 2002, 241, 431, 0, 0, 0.54%, 0, 0, 11, 1557.81
1775276270, 2002, 349, 431, 0, 0, 0.54%, 0, 0, 11, 1493.36
1775276275, 2003, 36, 431, 0, 0, 0.54%, 0, 0, 11, 1309.59
1775276280, 2003, 86, 431, 0, 0, 0.54%, 0, 0, 11, 1299.50
1775276285, 2003, 140, 431, 0, 0, 0.54%, 0, 0, 11, 1532.49
1775276290, 2003, 229, 431, 0, 0, 0.54%, 0, 0, 11, 1594.49
1775276295, 2003, 357, 431, 0, 0, 0.54%, 0, 0, 11, 1404.53
1775276300, 2003, 398, 431, 0, 0, 0.54%, 0, 0, 11, 1257.86
1775276305, 2004, 80, 431, 0, 0, 0.54%, 0, 0, 11, 1464.03
1775276310, 2004, 147, 431, 0, 0, 0.54%, 0, 0, 11, 1467.23
1775276315, 2004, 243, 431, 0, 0, 0.54%, 0, 0, 11, 1416.00
1775276320, 2004, 304, 431, 0, 0, 0.54%, 0, 0, 11, 1554.89
1775276325, 2004, 371, 431, 0, 0, 0.54%, 0, 0, 11, 1426.53
1775276331, 2005, 22, 431, 0, 0, 0.54%, 0, 0, 11, 1297.91
1775276336, 2005, 80, 431, 0, 0, 0.54%, 0, 0, 11, 1480.31
1775276341, 2005, 135, 431, 0, 0, 0.54%, 0, 0, 11, 1484.16
1775276346, 2005, 193, 431, 0, 0, 0.54%, 0, 0, 11, 1432.04
1775276351, 2005, 305, 431, 0, 0, 0.54%, 0, 0, 11, 1466.06
1775276356, 2005, 357, 431, 0, 0, 0.54%, 0, 0, 11, 1450.17
1775276361, 2006, 9, 431, 0, 0, 0.54%, 0, 0, 11, 1235.59
1775276366, 2006, 66, 431, 0, 0, 0.54%, 0, 0, 11, 1582.33
1775276372, 2006, 111, 431, 0, 0, 0.54%, 0, 0, 11, 1517.68
1775276377, 2006, 196, 431, 0, 0, 0.54%, 0, 0, 11, 1435.09
1775276382, 2006, 244, 431, 0, 0, 0.54%, 0, 0, 11, 1479.48
1775276387, 2006, 385, 431, 0, 0, 0.54%, 0, 0, 11, 1397.99
1775276392, 2007, 79, 431, 0, 0, 0.54%, 0, 0, 11, 1541.35
1775276397, 2007, 100, 431, 0, 0, 0.54%, 0, 0, 11, 1530.04
1775276402, 2007, 196, 431, 0, 0, 0.54%, 0, 0, 11, 1689.72
1775276407, 2007, 319, 431, 0, 0, 0.54%, 0, 0, 11, 1486.58
1775276412, 2007, 371, 431, 0, 0, 0.54%, 0, 0, 11, 1466.44
1775276417, 2007, 419, 431, 0, 0, 0.54%, 0, 0, 11, 260.52
1775276422, 2008, 75, 431, 0, 0, 0.54%, 0, 0, 11, 1347.21
1775276428, 2008, 100, 431, 0, 0, 0.54%, 0, 0, 11, 1479.57
1775276433, 2008, 148, 431, 0, 0, 0.54%, 0, 0, 11, 1492.47
1775276438, 2008, 247, 431, 0, 0, 0.54%, 0, 0, 11, 1495.86
1775276443, 2008, 357, 431, 0, 0, 0.54%, 0, 0, 11, 1473.83
1775276448, 2009, 6, 431, 0, 0, 0.54%, 0, 0, 11, 1209.12
1775276453, 2009, 80, 431, 0, 0, 0.54%, 0, 0, 11, 1459.66
1775276458, 2009, 113, 431, 0, 0, 0.54%, 0, 0, 11, 1517.13
1775276463, 2009, 172, 431, 0, 0, 0.54%, 0, 0, 11, 1516.53
1775276469, 2009, 237, 431, 0, 0, 0.54%, 0, 0, 11, 1502.73
1775276474, 2009, 355, 431, 0, 0, 0.54%, 0, 0, 11, 1441.53
1775276479, 2010, 28, 431, 0, 0, 0.54%, 0, 0, 11, 1310.78
1775276484, 2010, 70, 431, 0, 0, 0.54%, 0, 0, 11, 1459.80
1775276489, 2010, 101, 431, 0, 0, 0.54%, 0, 0, 11, 1502.68
1775276494, 2010, 169, 431, 0, 0, 0.54%, 0, 0, 11, 1538.60
1775276499, 2010, 273, 431, 0, 0, 0.54%, 0, 0, 11, 1488.87
1775276504, 2010, 354, 431, 0, 0, 0.54%, 0, 0, 11, 1522.72
1775276509, 2011, 61, 431, 0, 0, 0.54%, 0, 0, 11, 1447.20
1775276514, 2011, 80, 431, 0, 0, 0.54%, 0, 0, 11, 1322.78
1775276520, 2011, 141, 431, 0, 0, 0.54%, 0, 0, 11, 1429.15
1775276525, 2011, 176, 431, 0, 0, 0.54%, 0, 0, 11, 1455.91
1775276530, 2011, 302, 431, 0, 0, 0.54%, 0, 0, 11, 1447.69
1775276535, 2011, 357, 431, 0, 0, 0.54%, 0, 0, 11, 1483.87
1775276540, 2012, 66, 431, 0, 0, 0.54%, 0, 0, 11, 1492.18
1775276545, 2012, 100, 431, 0, 0, 0.54%, 0, 0, 11, 1431.79
1775276550, 2012, 147, 431, 0, 0, 0.54%, 0, 0, 11, 1389.75
1775276555, 2012, 324, 431, 0, 0, 0.54%, 0, 0, 11, 1482.16
1775276560, 2012, 385, 431, 0, 0, 0.54%, 0, 0, 11, 1416.83
1775276566, 2013, 63, 431, 0, 0, 0.54%, 0, 0, 11, 1542.31
1775276571, 2013, 91, 431, 0, 0, 0.54%, 0, 0, 11, 1476.30
1775276576, 2013, 142, 431, 0, 0, 0.54%, 0, 0, 11, 1481.99
1775276581, 2013, 209, 431, 0, 0, 0.54%, 0, 0, 11, 1493.99
1775276586, 2013, 278, 431, 0, 0, 0.54%, 0, 0, 11, 1464.30
1775276591, 2013, 376, 431, 0, 0, 0.54%, 0, 0, 11, 1425.16
1775276596, 2014, 22, 431, 0, 0, 0.54%, 0, 0, 11, 1259.09
1775276601, 2014, 80, 431, 0, 0, 0.54%, 0, 0, 11, 1399.22
1775276606, 2014, 118, 431, 0, 0, 0.54%, 0, 0, 11, 1358.60
1775276611, 2014, 188, 431, 0, 0, 0.54%, 0, 0, 11, 1470.87
1775276616, 2014, 269, 431, 0, 0, 0.54%, 0, 0, 11, 1476.88
1775276621, 2014, 349, 431, 0, 0, 0.54%, 0, 0, 11, 1533.06
1775276626, 2014, 385, 431, 0, 0, 0.54%, 0, 0, 11, 1351.42
1775276632, 2015, 62, 431, 0, 0, 0.54%, 0, 0, 11, 1385.85
1775276637, 2015, 100, 431, 0, 0, 0.54%, 0, 0, 11, 1523.80
1775276642, 2015, 247, 431, 0, 0, 0.54%, 0, 0, 11, 1533.80
1775276647, 2015, 357, 431, 0, 0, 0.54%, 0, 0, 11, 1430.37
1775276652, 2016, 22, 431, 0, 0, 0.54%, 0, 0, 11, 1329.33
1775276657, 2016, 83, 431, 0, 0, 0.54%, 0, 0, 11, 1589.51
1775276662, 2016, 111, 431, 0, 0, 0.54%, 0, 0, 11, 1560.91
1775276667, 2016, 196, 431, 0, 0, 0.54%, 0, 0, 11, 1621.45
1775276672, 2016, 325, 431, 0, 0, 0.54%, 0, 0, 11, 1534.61
1775276677, 2016, 375, 431, 0, 0, 0.54%, 0, 0, 11, 1338.14
1775276682, 2017, 47, 431, 0, 0, 0.54%, 0, 0, 11, 1181.58
1775276688, 2017, 91, 431, 0, 0, 0.54%, 0, 0, 11, 1446.77
1775276693, 2017, 147, 431, 0, 0, 0.54%, 0, 0, 11, 1471.52
1775276698, 2017, 354, 431, 0, 0, 0.54%, 0, 0, 11, 1402.90
1775276703, 2017, 418, 431, 0, 0, 0.54%, 0, 0, 11, 1184.42
1775276708, 2018, 63, 431, 0, 0, 0.54%, 0, 0, 11, 1455.29
1775276713, 2018, 100, 431, 0, 0, 0.54%, 0, 0, 11, 1522.00
1775276718, 2018, 286, 431, 0, 0, 0.54%, 0, 0, 11, 1397.55
1775276723, 2018, 339, 431, 0, 0, 0.54%, 0, 0, 11, 1273.02
1775276728, 2018, 394, 431, 0, 0, 0.54%, 0, 0, 11, 1269.00
1775276733, 2019, 79, 431, 0, 0, 0.54%, 0, 0, 11, 1566.28
1775276738, 2019, 106, 431, 0, 0, 0.54%, 0, 0, 11, 1554.18
1775276743, 2019, 147, 431, 0, 0, 0.54%, 0, 0, 11, 376.28
1775276749, 2019, 196, 431, 0, 0, 0.54%, 0, 0, 11, 1263.78
1775276754, 2019, 322, 431, 0, 0, 0.54%, 0, 0, 11, 1379.55
1775276759, 2019, 385, 431, 0, 0, 0.54%, 0, 0, 11, 1338.51
1775276764, 2020, 63, 431, 0, 0, 0.54%, 0, 0, 11, 1472.04
1775276769, 2020, 93, 431, 0, 0, 0.54%, 0, 0, 11, 1512.76
1775276774, 2020, 165, 431, 0, 0, 0.54%, 0, 0, 11, 1449.67
1775276779, 2020, 207, 431, 0, 0, 0.54%, 0, 0, 11, 1509.53
1775276784, 2020, 325, 431, 0, 0, 0.54%, 0, 0, 11, 1506.49
1775276789, 2020, 385, 431, 0, 0, 0.54%, 0, 0, 11, 1484.12
1775276794, 2021, 27, 431, 0, 0, 0.54%, 0, 0, 11, 1388.34
1775276800, 2021, 80, 431, 0, 0, 0.54%, 0, 0, 11, 1510.13
1775276805, 2021, 128, 431, 0, 0, 0.54%, 0, 0, 11, 1554.94
1775276810, 2021, 189, 431, 0, 0, 0.54%, 0, 0, 11, 1583.71
1775276815, 2021, 233, 431, 0, 0, 0.54%, 0, 0, 11, 1486.29
1775276820, 2021, 348, 431, 0, 0, 0.54%, 0, 0, 11, 1465.73
1775276825, 2021, 419, 431, 0, 0, 0.54%, 0, 0, 11, 1219.84
1775276830, 2022, 86, 431, 0, 0, 0.54%, 0, 0, 11, 1555.74
1775276835, 2022, 147, 431, 0, 0, 0.54%, 0, 0, 11, 1507.62
1775276840, 2022, 324, 431, 0, 0, 0.54%, 0, 0, 11, 1443.95
1775276846, 2022, 371, 431, 0, 0, 0.54%, 0, 0, 11, 1339.91
1775276851, 2023, 63, 431, 0, 0, 0.54%, 0, 0, 11, 1479.28
1775276856, 2023, 91, 431, 0, 0, 0.54%, 0, 0, 11, 1417.36
1775276861, 2023, 147, 431, 0, 0, 0.54%, 0, 0, 11, 1488.77
1775276866, 2023, 295, 431, 0, 0, 0.54%, 0, 0, 11, 1421.95
1775276871, 2023, 359, 431, 0, 0, 0.54%, 0, 0, 11, 1428.30
1775276876, 2024, 36, 431, 0, 0, 0.54%, 0, 0, 11, 1383.50
1775276881, 2024, 80, 431, 0, 0, 0.54%, 0, 0, 11, 1445.53
1775276886, 2024, 147, 431, 0, 0, 0.54%, 0, 0, 11, 1577.01
1775276891, 2024, 235, 431, 0, 0, 0.54%, 0, 0, 11, 1565.23
1775276897, 2024, 297, 431, 0, 0, 0.54%, 0, 0, 11, 1367.71
1775276902, 2024, 371, 431, 0, 0, 0.54%, 0, 0, 11, 1382.50
1775276907, 2025, 80, 431, 0, 0, 0.54%, 0, 0, 11, 1418.11
1775276912, 2025, 121, 431, 0, 0, 0.54%, 0, 0, 11, 1428.51
1775276917, 2025, 168, 431, 0, 0, 0.54%, 0, 0, 11, 1500.87
1775276922, 2025, 228, 431, 0, 0, 0.54%, 0, 0, 11, 1477.98
1775276927, 2025, 354, 431, 0, 0, 0.54%, 0, 0, 11, 1429.26
1775276932, 2026, 63, 431, 0, 0, 0.54%, 0, 0, 11, 1449.41
1775276937, 2026, 100, 431, 0, 0, 0.54%, 0, 0, 11, 1621.52
1775276942, 2026, 184, 431, 0, 0, 0.54%, 0, 0, 11, 1641.73
1775276947, 2026, 222, 431, 0, 0, 0.54%, 0, 0, 11, 1630.70
1775276952, 2026, 289, 431, 0, 0, 0.54%, 0, 0, 11, 1470.93
1775276958, 2026, 357, 431, 0, 0, 0.54%, 0, 0, 11, 1243.92
1775276963, 2027, 29, 431, 0, 0, 0.54%, 0, 0, 11, 1380.01
1775276968, 2027, 91, 431, 0, 0, 0.54%, 0, 0, 11, 1459.29
1775276973, 2027, 147, 431, 0, 0, 0.54%, 0, 0, 11, 1481.22
1775276978, 2027, 275, 431, 0, 0, 0.54%, 0, 0, 11, 1500.79
1775276983, 2027, 357, 431, 0, 0, 0.54%, 0, 0, 11, 1366.63
1775276988, 2028, 24, 431, 0, 0, 0.54%, 0, 0, 11, 1490.68
1775276993, 2028, 50, 431, 0, 0, 0.54%, 0, 0, 11, 1426.84
1775276998, 2028, 86, 431, 0, 0, 0.54%, 0, 0, 11, 1398.41
1775277004, 2028, 119, 431, 0, 0, 0.54%, 0, 0, 11, 1436.72
1775277009, 2028, 196, 431, 0, 0, 0.54%, 0, 0, 11, 1462.44
1775277014, 2028, 305, 431, 0, 0, 0.54%, 0, 0, 11, 1474.81
1775277019, 2028, 352, 431, 0, 0, 0.54%, 0, 0, 11, 1400.74
1775277024, 2029, 36, 431, 0, 0, 0.54%, 0, 0, 11, 475.39
1775277029, 2029, 101, 431, 0, 0, 0.54%, 0, 0, 11, 1404.41
1775277034, 2029, 172, 431, 0, 0, 0.54%, 0, 0, 11, 1484.82
1775277039, 2029, 286, 431, 0, 0, 0.54%, 0, 0, 11, 1557.32
1775277044, 2029, 374, 431, 0, 0, 0.54%, 0, 0, 11, 1461.73
1775277049, 2029, 429, 431, 0, 0, 0.54%, 0, 0, 11, 1780.31
1775277054, 2030, 63, 431, 0, 0, 0.54%, 0, 0, 11, 1575.44
1775277059, 2030, 91, 431, 0, 0, 0.54%, 0, 0, 11, 1444.92
1775277065, 2030, 150, 431, 0, 0, 0.54%, 0, 0, 11, 1455.87
1775277070, 2030, 229, 431, 0, 0, 0.54%, 0, 0, 11, 1463.66
1775277075, 2030, 300, 431, 0, 0, 0.54%, 0, 0, 11, 1539.01
1775277080, 2030, 385, 431, 0, 0, 0.54%, 0, 0, 11, 1345.16
1775277085, 2031, 9, 431, 0, 0, 0.54%, 0, 0, 11, 1243.74
1775277090, 2031, 72, 431, 0, 0, 0.54%, 0, 0, 11, 1598.91
1775277095, 2031, 91, 431, 0, 0, 0.54%, 0, 0, 11, 1565.05
1775277100, 2031, 147, 431, 0, 0, 0.54%, 0, 0, 11, 1462.62
1775277105, 2031, 263, 431, 0, 0, 0.54%, 0, 0, 11, 1413.13
1775277111, 2031, 349, 431, 0, 0, 0.54%, 0, 0, 11, 1537.21
1775277116, 2031, 385, 431, 0, 0, 0.54%, 0, 0, 11, 1341.82
1775277121, 2032, 79, 431, 0, 0, 0.54%, 0, 0, 11, 1443.11
1775277126, 2032, 104, 431, 0, 0, 0.54%, 0, 0, 11, 1531.93
1775277131, 2032, 250, 431, 0, 0, 0.54%, 0, 0, 11, 1623.52
1775277136, 2032, 349, 431, 0, 0, 0.54%, 0, 0, 11, 1514.66
1775277141, 2032, 381, 431, 0, 0, 0.54%, 0, 0, 11, 1316.91
1775277146, 2033, 24, 431, 0, 0, 0.54%, 0, 0, 11, 1299.19
1775277151, 2033, 79, 431, 0, 0, 0.54%, 0, 0, 11, 1407.95
1775277156, 2033, 111, 431, 0, 0, 0.54%, 0, 0, 11, 1384.41
1775277161, 2033, 217, 431, 0, 0, 0.54%, 0, 0, 11, 1439.97
1775277166, 2033, 349, 431, 0, 0, 0.54%, 0, 0, 11, 1529.18
1775277171, 2033, 400, 431, 0, 0, 0.54%, 0, 0, 11, 1286.24
1775277176, 2034, 51, 431, 0, 0, 0.54%, 0, 0, 11, 1412.96
1775277182, 2034, 91, 431, 0, 0, 0.54%, 0, 0, 11, 1514.37
1775277187, 2034, 147, 431, 0, 0, 0.54%, 0, 0, 11, 1449.17
1775277192, 2034, 198, 431, 0, 0, 0.54%, 0, 0, 11, 1651.70
1775277197, 2034, 288, 431, 0, 0, 0.54%, 0, 0, 11, 1540.32
1775277202, 2034, 354, 431, 0, 0, 0.54%, 0, 0, 11, 1386.82
1775277207, 2035, 25, 431, 0, 0, 0.54%, 0, 0, 11, 1352.02
1775277212, 2035, 80, 431, 0, 0, 0.54%, 0, 0, 11, 1506.07
1775277217, 2035, 118, 431, 0, 0, 0.54%, 0, 0, 11, 1414.88
1775277222, 2035, 203, 431, 0, 0, 0.54%, 0, 0, 11, 1515.21
1775277227, 2035, 349, 431, 0, 0, 0.54%, 0, 0, 11, 1537.26
1775277232, 2035, 391, 431, 0, 0, 0.54%, 0, 0, 11, 1307.55
1775277237, 2036, 80, 431, 0, 0, 0.54%, 0, 0, 11, 1505.99
1775277242, 2036, 117, 431, 0, 0, 0.54%, 0, 0, 11, 1599.55
1775277247, 2036, 147, 431, 0, 0, 0.54%, 0, 0, 11, 1573.29
1775277252, 2036, 233, 431, 0, 0, 0.54%, 0, 0, 11, 1511.74
1775277258, 2036, 371, 431, 0, 0, 0.54%, 0, 0, 11, 1245.53
1775277263, 2036, 407, 431, 0, 0, 0.54%, 0, 0, 11, 1074.33
1775277268, 2037, 79, 431, 0, 0, 0.54%, 0, 0, 11, 1377.88
1775277273, 2037, 106, 431, 0, 0, 0.54%, 0, 0, 11, 1457.15
1775277278, 2037, 206, 431, 0, 0, 0.54%, 0, 0, 11, 1466.62
1775277283, 2037, 281, 431, 0, 0, 0.54%, 0, 0, 11, 1464.16
1775277288, 2037, 372, 431, 0, 0, 0.54%, 0, 0, 11, 1444.40
1775277293, 2038, 40, 431, 0, 0, 0.54%, 0, 0, 11, 1479.70
1775277298, 2038, 80, 431, 0, 0, 0.54%, 0, 0, 11, 1672.50
1775277303, 2038, 135, 431, 0, 0, 0.54%, 0, 0, 11, 1475.98
1775277308, 2038, 175, 431, 0, 0, 0.54%, 0, 0, 11, 1363.69
1775277313, 2038, 277, 431, 0, 0, 0.54%, 0, 0, 11, 1465.95
1775277318, 2038, 354, 431, 0, 0, 0.54%, 0, 0, 11, 1473.98
1775277324, 2039, 17, 431, 0, 0, 0.54%, 0, 0, 11, 1349.56
1775277329, 2039, 80, 431, 0, 0, 0.54%, 0, 0, 11, 1501.35
1775277334, 2039, 111, 431, 0, 0, 0.54%, 0, 0, 11, 1490.05
1775277339, 2039, 183, 431, 0, 0, 0.54%, 0, 0, 11, 1457.44
1775277344, 2039, 290, 431, 0, 0, 0.54%, 0, 0, 11, 1501.33
1775277349, 2039, 357, 431, 0, 0, 0.54%, 0, 0, 11, 1429.24
1775277354, 2039, 418, 431, 0, 0, 0.54%, 0, 0, 11, 1222.58
1775277359, 2040, 63, 431, 0, 0, 0.54%, 0, 0, 11, 1413.10
1775277364, 2040, 111, 431, 0, 0, 0.54%, 0, 0, 11, 1475.78
1775277369, 2040, 180, 431, 0, 0, 0.54%, 0, 0, 11, 1469.87
1775277374, 2040, 283, 431, 0, 0, 0.54%, 0, 0, 11, 1537.77
1775277379, 2040, 371, 431, 0, 0, 0.54%, 0, 0, 11, 1424.54
1775277384, 2041, 58, 431, 0, 0, 0.54%, 0, 0, 11, 1498.58
1775277390, 2041, 81, 431, 0, 0, 0.54%, 0, 0, 11, 1607.63
1775277395, 2041, 147, 431, 0, 0, 0.54%, 0, 0, 11, 1632.00
1775277400, 2041, 235, 431, 0, 0, 0.54%, 0, 0, 11, 1546.70
1775277405, 2041, 308, 431, 0, 0, 0.54%, 0, 0, 11, 1560.62
1775277410, 2041, 357, 431, 0, 0, 0.54%, 0, 0, 11, 1426.93
1775277415, 2042, 14, 431, 0, 0, 0.54%, 0, 0, 11, 1316.69
1775277420, 2042, 57, 431, 0, 0, 0.54%, 0, 0, 11, 1485.38
1775277425, 2042, 86, 431, 0, 0, 0.54%, 0, 0, 11, 1575.27
1775277430, 2042, 136, 431, 0, 0, 0.54%, 0, 0, 11, 1526.20
1775277435, 2042, 263, 431, 0, 0, 0.54%, 0, 0, 11, 1547.86
1775277440, 2042, 357, 431, 0, 0, 0.54%, 0, 0, 11, 1394.62
1775277445, 2042, 402, 431, 0, 0, 0.54%, 0, 0, 11, 1173.39
1775277451, 2043, 80, 431, 0, 0, 0.54%, 0, 0, 11, 1392.58
1775277456, 2043, 147, 431, 0, 0, 0.54%, 0, 0, 11, 1542.67
1775277461, 2043, 185, 431, 0, 0, 0.54%, 0, 0, 11, 1236.10
1775277466, 2043, 265, 431, 0, 0, 0.54%, 0, 0, 11, 1262.97
1775277471, 2043, 339, 431, 0, 0, 0.54%, 0, 0, 11, 1437.08
1775277476, 2043, 394, 431, 0, 0, 0.54%, 0, 0, 11, 1386.38
1775277481, 2044, 73, 431, 0, 0, 0.54%, 0, 0, 11, 1535.97
1775277486, 2044, 97, 431, 0, 0, 0.54%, 0, 0, 11, 1640.31
1775277492, 2044, 173, 431, 0, 0, 0.54%, 0, 0, 11, 1438.93
1775277497, 2044, 254, 431, 0, 0, 0.54%, 0, 0, 11, 1491.18
1775277502, 2044, 349, 431, 0, 0, 0.54%, 0, 0, 11, 1502.31
1775277507, 2044, 392, 431, 0, 0, 0.54%, 0, 0, 11, 1296.32
1775277512, 2045, 79, 431, 0, 0, 0.54%, 0, 0, 11, 1391.47
1775277517, 2045, 116, 431, 0, 0, 0.54%, 0, 0, 11, 1447.52
1775277522, 2045, 196, 431, 0, 0, 0.54%, 0, 0, 11, 1406.14
1775277527, 2045, 325, 431, 0, 0, 0.54%, 0, 0, 11, 1400.26
1775277532, 2045, 404, 431, 0, 0, 0.54%, 0, 0, 11, 1338.35
1775277537, 2045, 429, 431, 0, 0, 0.54%, 0, 0, 11, 1485.30
1775277542, 2046, 68, 431, 0, 0, 0.54%, 0, 0, 11, 1563.61
1775277548, 2046, 100, 431, 0, 0, 0.54%, 0, 0, 11, 1475.73
1775277553, 2046, 293, 431, 0, 0, 0.54%, 0, 0, 11, 1389.87
1775277558, 2046, 354, 431, 0, 0, 0.54%, 0, 0, 11, 1492.92
1775277563, 2046, 429, 431, 0, 0, 0.54%, 0, 0, 11, 1403.85
1775277568, 2047, 79, 431, 0, 0, 0.54%, 0, 0, 11, 1466.43
1775277573, 2047, 111, 431, 0, 0, 0.54%, 0, 0, 11, 1500.59
1775277578, 2047, 196, 431, 0, 0, 0.54%, 0, 0, 11, 1529.44
1775277583, 2047, 275, 431, 0, 0, 0.54%, 0, 0, 11, 1498.31
1775277588, 2047, 354, 431, 0, 0, 0.54%, 0, 0, 11, 1485.01
1775277593, 2048, 16, 431, 0, 0, 0.54%, 0, 0, 11, 1359.99
1775277598, 2048, 63, 431, 0, 0, 0.54%, 0, 0, 11, 1440.76
1775277604, 2048, 91, 431, 0, 0, 0.54%, 0, 0, 11, 1463.65
1775277609, 2048, 161, 431, 0, 0, 0.54%, 0, 0, 11, 284.44
1775277614, 2048, 190, 432, 1, 0, 0.54%, 0, 0, 11, 1494.57
1775277619, 2048, 289, 432, 1, 0, 0.54%, 0, 0, 11, 1534.12
1775277624, 2048, 371, 432, 1, 0, 0.54%, 0, 0, 11, 1513.06
1775277629, 2049, 26, 432, 1, 0, 0.54%, 0, 0, 11, 1257.02
1775277634, 2049, 80, 432, 1, 0, 0.54%, 0, 0, 11, 1508.46
1775277639, 2049, 116, 432, 1, 0, 0.54%, 0, 0, 11, 1515.39
1775277644, 2049, 175, 432, 1, 0, 0.54%, 0, 0, 11, 1443.50
1775277649, 2049, 244, 432, 1, 0, 0.54%, 0, 0, 11, 1499.68
1775277654, 2049, 351, 432, 1, 0, 0.54%, 0, 0, 11, 1357.81
1775277659, 2049, 431, 432, 1, 0, 0.54%, 0, 0, 11, 1455.72
1775277665, 2050, 63, 432, 0, 0, 0.54%, 0, 0, 11, 1515.40
1775277670, 2050, 100, 432, 0, 0, 0.54%, 0, 0, 11, 1618.63
1775277675, 2050, 194, 432, 0, 0, 0.54%, 0, 0, 11, 1485.29
1775277680, 2050, 290, 432, 0, 0, 0.54%, 0, 0, 11, 1502.75
1775277685, 2050, 345, 432, 0, 0, 0.54%, 0, 0, 11, 1377.69
1775277690, 2050, 414, 432, 0, 0, 0.54%, 0, 0, 11, 1281.62
1775277695, 2051, 63, 432, 0, 0, 0.54%, 0, 0, 11, 1432.46
1775277700, 2051, 86, 432, 0, 0, 0.54%, 0, 0, 11, 1521.97
1775277705, 2051, 147, 432, 0, 0, 0.54%, 0, 0, 11, 1507.11
1775277710, 2051, 180, 432, 0, 0, 0.54%, 0, 0, 11, 1521.73
1775277715, 2051, 283, 432, 0, 0, 0.54%, 0, 0, 11, 1473.92
1775277720, 2051, 358, 432, 0, 0, 0.54%, 0, 0, 11, 1431.98
1775277726, 2052, 39, 432, 0, 0, 0.54%, 0, 0, 11, 1460.66
1775277731, 2052, 83, 432, 0, 0, 0.54%, 0, 0, 11, 1413.70
1775277736, 2052, 147, 432, 0, 0, 0.54%, 0, 0, 11, 1405.03
1775277741, 2052, 219, 432, 0, 0, 0.54%, 0, 0, 11, 1519.35
1775277746, 2052, 325, 432, 0, 0, 0.54%, 0, 0, 11, 1474.37
1775277751, 2052, 366, 432, 0, 0, 0.54%, 0, 0, 11, 1357.90
1775277756, 2053, 80, 432, 0, 0, 0.54%, 0, 0, 11, 1467.01
1775277761, 2053, 111, 432, 0, 0, 0.54%, 0, 0, 11, 1553.07
1775277766, 2053, 147, 432, 0, 0, 0.54%, 0, 0, 11, 1420.82
1775277771, 2053, 188, 432, 0, 0, 0.54%, 0, 0, 11, 1393.51
1775277776, 2053, 302, 432, 0, 0, 0.54%, 0, 0, 11, 1374.91
1775277781, 2053, 371, 432, 0, 0, 0.54%, 0, 0, 11, 1488.59
1775277787, 2054, 68, 432, 0, 0, 0.54%, 0, 0, 11, 1524.04
1775277792, 2054, 100, 432, 0, 0, 0.54%, 0, 0, 11, 1507.70
1775277797, 2054, 147, 432, 0, 0, 0.54%, 0, 0, 11, 1464.53
1775277802, 2054, 305, 432, 0, 0, 0.54%, 0, 0, 11, 1584.61
1775277807, 2054, 354, 432, 0, 0, 0.54%, 0, 0, 11, 1449.96
1775277812, 2054, 431, 432, 0, 0, 0.54%, 0, 0, 11, 752.71
1775277817, 2055, 55, 432, 0, 0, 0.54%, 0, 0, 11, 1292.06
1775277822, 2055, 91, 432, 0, 0, 0.54%, 0, 0, 11, 1488.13
1775277827, 2055, 144, 432, 0, 0, 0.54%, 0, 0, 11, 1435.56
1775277832, 2055, 237, 432, 0, 0, 0.54%, 0, 0, 11, 1500.34
1775277838, 2055, 349, 432, 0, 0, 0.54%, 0, 0, 11, 1502.45
1775277843, 2055, 404, 432, 0, 0, 0.54%, 0, 0, 11, 1288.08
1775277848, 2056, 79, 432, 0, 0, 0.54%, 0, 0, 11, 1416.18
1775277853, 2056, 164, 432, 0, 0, 0.54%, 0, 0, 11, 1597.07
1775277858, 2056, 237, 432, 0, 0, 0.54%, 0, 0, 11, 983.26
1775277863, 2056, 325, 432, 0, 0, 0.54%, 0, 0, 11, 1269.15
1775277868, 2056, 385, 432, 0, 0, 0.54%, 0, 0, 11, 1283.27
1775277873, 2057, 42, 432, 0, 0, 0.54%, 0, 0, 11, 1461.72
1775277878, 2057, 93, 432, 0, 0, 0.54%, 0, 0, 11, 1478.21
1775277883, 2057, 147, 432, 0, 0, 0.54%, 0, 0, 11, 1539.97
1775277888, 2057, 223, 432, 0, 0, 0.54%, 0, 0, 11, 1502.47
1775277894, 2057, 349, 432, 0, 0, 0.54%, 0, 0, 11, 1569.84
1775277899, 2057, 397, 432, 0, 0, 0.54%, 0, 0, 11, 1278.94
1775277904, 2058, 79, 432, 0, 0, 0.54%, 0, 0, 11, 1488.60
1775277909, 2058, 143, 432, 0, 0, 0.54%, 0, 0, 11, 1509.96
1775277914, 2058, 184, 432, 0, 0, 0.54%, 0, 0, 11, 1409.03
1775277919, 2058, 270, 432, 0, 0, 0.54%, 0, 0, 11, 1316.44
1775277924, 2058, 357, 432, 0, 0, 0.54%, 0, 0, 11, 1404.95
1775277929, 2058, 431, 432, 0, 0, 0.54%, 0, 0, 11, 1274.03
1775277934, 2059, 57, 432, 0, 0, 0.54%, 0, 0, 11, 1786.34
1775277939, 2059, 87, 432, 0, 0, 0.54%, 0, 0, 11, 1646.40
1775277944, 2059, 125, 432, 0, 0, 0.54%, 0, 0, 11, 1624.33
1775277949, 2059, 196, 432, 0, 0, 0.54%, 0, 0, 11, 1528.74
1775277954, 2059, 320, 432, 0, 0, 0.54%, 0, 0, 11, 1412.69
1775277959, 2059, 362, 432, 0, 0, 0.54%, 0, 0, 11, 1410.17
1775277964, 2059, 428, 432, 0, 0, 0.54%, 0, 0, 11, 1284.75
1775277970, 2060, 79, 432, 0, 0, 0.54%, 0, 0, 11, 1598.32
1775277975, 2060, 140, 432, 0, 0, 0.54%, 0, 0, 11, 1535.75
1775277980, 2060, 223, 432, 0, 0, 0.54%, 0, 0, 11, 1594.47
1775277985, 2060, 280, 432, 0, 0, 0.54%, 0, 0, 11, 1502.70
1775277990, 2060, 349, 432, 0, 0, 0.54%, 0, 0, 11, 1482.76
1775277995, 2061, 14, 432, 0, 0, 0.54%, 0, 0, 11, 1337.10
1775278000, 2061, 86, 432, 0, 0, 0.54%, 0, 0, 11, 1553.93
1775278005, 2061, 139, 432, 0, 0, 0.54%, 0, 0, 11, 1467.33
1775278010, 2061, 257, 432, 0, 0, 0.54%, 0, 0, 11, 1527.43
1775278015, 2061, 300, 432, 0, 0, 0.54%, 0, 0, 11, 1562.55
1775278020, 2061, 371, 432, 0, 0, 0.54%, 0, 0, 11, 1452.25
1775278026, 2062, 36, 432, 0, 0, 0.54%, 0, 0, 11, 1604.87
1775278031, 2062, 89, 432, 0, 0, 0.54%, 0, 0, 11, 1414.73
1775278036, 2062, 111, 432, 0, 0, 0.54%, 0, 0, 11, 1425.63
1775278041, 2062, 196, 432, 0, 0, 0.54%, 0, 0, 11, 1455.19
1775278046, 2062, 305, 432, 0, 0, 0.54%, 0, 0, 11, 1440.16
1775278051, 2062, 371, 432, 0, 0, 0.54%, 0, 0, 11, 1387.37
1775278056, 2062, 418, 432, 0, 0, 0.54%, 0, 0, 11, 1020.55
1775278061, 2063, 79, 432, 0, 0, 0.54%, 0, 0, 11, 1472.57
1775278066, 2063, 100, 432, 0, 0, 0.54%, 0, 0, 11, 1483.07
1775278071, 2063, 151, 432, 0, 0, 0.54%, 0, 0, 11, 1152.48
1775278076, 2063, 222, 432, 0, 0, 0.54%, 0, 0, 11, 1454.29
1775278082, 2063, 292, 432, 0, 0, 0.54%, 0, 0, 11, 1437.96
1775278087, 2063, 371, 432, 0, 0, 0.54%, 0, 0, 11, 1433.56
1775278092, 2063, 430, 432, 0, 0, 0.54%, 0, 0, 11, 1157.07
1775278097, 2064, 67, 432, 0, 0, 0.54%, 0, 0, 11, 1484.82
1775278102, 2064, 111, 432, 0, 0, 0.54%, 0, 0, 11, 1567.10
1775278107, 2064, 186, 432, 0, 0, 0.54%, 0, 0, 11, 1522.26
1775278112, 2064, 214, 432, 0, 0, 0.54%, 0, 0, 11, 1610.09
1775278117, 2064, 325, 432, 0, 0, 0.54%, 0, 0, 11, 1559.40
1775278122, 2064, 385, 432, 0, 0, 0.54%, 0, 0, 11, 1451.57
1775278127, 2065, 40, 432, 0, 0, 0.54%, 0, 0, 11, 1399.47
1775278132, 2065, 86, 432, 0, 0, 0.54%, 0, 0, 11, 1500.88
1775278138, 2065, 145, 432, 0, 0, 0.54%, 0, 0, 11, 1558.57
1775278143, 2065, 187, 432, 0, 0, 0.54%, 0, 0, 11, 1341.37
1775278148, 2065, 326, 432, 0, 0, 0.54%, 0, 0, 11, 1477.35
1775278153, 2065, 382, 432, 0, 0, 0.54%, 0, 0, 11, 1412.44
1775278158, 2066, 22, 432, 0, 0, 0.54%, 0, 0, 11, 1368.22
1775278163, 2066, 100, 432, 0, 0, 0.54%, 0, 0, 11, 1588.74
1775278168, 2066, 142, 432, 0, 0, 0.54%, 0, 0, 11, 1504.76
1775278173, 2066, 186, 432, 0, 0, 0.54%, 0, 0, 11, 1446.04
1775278178, 2066, 249, 432, 0, 0, 0.54%, 0, 0, 11, 1569.10
1775278183, 2066, 349, 432, 0, 0, 0.54%, 0, 0, 11, 1435.51
1775278188, 2067, 4, 432, 0, 0, 0.54%, 0, 0, 11, 1484.03
1775278193, 2067, 75, 432, 0, 0, 0.54%, 0, 0, 11, 1492.52
1775278198, 2067, 106, 432, 0, 0, 0.54%, 0, 0, 11, 1552.18
1775278203, 2067, 168, 432, 0, 0, 0.54%, 0, 0, 11, 1476.21
1775278208, 2067, 205, 432, 0, 0, 0.54%, 0, 0, 11, 1607.97
1775278214, 2067, 349, 432, 0, 0, 0.54%, 0, 0, 11, 1505.16
1775278219, 2067, 391, 432, 0, 0, 0.54%, 0, 0, 11, 1272.29
1775278224, 2068, 48, 432, 0, 0, 0.54%, 0, 0, 11, 1443.09
1775278229, 2068, 81, 432, 0, 0, 0.54%, 0, 0, 11, 1450.05
1775278234, 2068, 119, 432, 0, 0, 0.54%, 0, 0, 11, 1471.93
1775278239, 2068, 199, 432, 0, 0, 0.54%, 0, 0, 11, 1389.37
1775278244, 2068, 303, 432, 0, 0, 0.54%, 0, 0, 11, 1412.37
1775278249, 2068, 365, 432, 0, 0, 0.54%, 0, 0, 11, 1510.31
1775278254, 2068, 429, 432, 0, 0, 0.54%, 0, 0, 11, 1439.78
1775278259, 2069, 44, 432, 0, 0, 0.54%, 0, 0, 11, 1526.17
1775278264, 2069, 86, 432, 0, 0, 0.54%, 0, 0, 11, 1303.96
1775278270, 2069, 126, 432, 0, 0, 0.54%, 0, 0, 11, 1421.19
1775278275, 2069, 188, 432, 0, 0, 0.54%, 0, 0, 11, 1436.82
1775278280, 2069, 267, 432, 0, 0, 0.54%, 0, 0, 11, 1615.86
1775278285, 2069, 354, 432, 0, 0, 0.54%, 0, 0, 11, 1526.28
1775278290, 2070, 43, 432, 0, 0, 0.54%, 0, 0, 11, 1339.51
1775278295, 2070, 100, 432, 0, 0, 0.54%, 0, 0, 11, 1553.97
1775278300, 2070, 184, 432, 0, 0, 0.54%, 0, 0, 11, 1513.32
1775278305, 2070, 354, 432, 0, 0, 0.54%, 0, 0, 11, 1548.66
1775278310, 2070, 418, 432, 0, 0, 0.54%, 0, 0, 11, 1227.44
1775278315, 2071, 80, 432, 0, 0, 0.54%, 0, 0, 11, 1532.40
1775278320, 2071, 111, 432, 0, 0, 0.54%, 0, 0, 11, 1479.30
1775278325, 2071, 198, 432, 0, 0, 0.54%, 0, 0, 11, 1511.41
1775278330, 2071, 310, 432, 0, 0, 0.54%, 0, 0, 11, 1438.80
1775278335, 2071, 359, 432, 0, 0, 0.54%, 0, 0, 11, 1337.61
1775278340, 2072, 4, 432, 0, 0, 0.54%, 0, 0, 11, 1310.95
1775278346, 2072, 79, 432, 0, 0, 0.54%, 0, 0, 11, 1518.79
1775278351, 2072, 115, 432, 0, 0, 0.54%, 0, 0, 11, 1509.03
1775278356, 2072, 190, 432, 0, 0, 0.54%, 0, 0, 11, 1557.95
1775278361, 2072, 325, 432, 0, 0, 0.54%, 0, 0, 11, 1502.71
1775278366, 2072, 398, 432, 0, 0, 0.54%, 0, 0, 11, 1265.92
1775278371, 2073, 63, 432, 0, 0, 0.54%, 0, 0, 11, 1509.72
1775278376, 2073, 80, 432, 0, 0, 0.54%, 0, 0, 11, 1452.65
1775278381, 2073, 127, 432, 0, 0, 0.54%, 0, 0, 11, 238.81
1775278386, 2073, 180, 432, 0, 0, 0.54%, 0, 0, 11, 1566.16
1775278392, 2073, 244, 432, 0, 0, 0.54%, 0, 0, 11, 1472.49
1775278397, 2073, 331, 432, 0, 0, 0.54%, 0, 0, 11, 1378.66
1775278402, 2073, 371, 432, 0, 0, 0.54%, 0, 0, 11, 1359.52
1775278407, 2074, 72, 432, 0, 0, 0.54%, 0, 0, 11, 1528.04
1775278412, 2074, 100, 432, 0, 0, 0.54%, 0, 0, 11, 1473.53
1775278417, 2074, 183, 432, 0, 0, 0.54%, 0, 0, 11, 1577.83
1775278422, 2074, 252, 432, 0, 0, 0.54%, 0, 0, 11, 1570.74
1775278427, 2074, 325, 432, 0, 0, 0.54%, 0, 0, 11, 1366.16
1775278433, 2074, 396, 432, 0, 0, 0.54%, 0, 0, 11, 1349.12
1775278438, 2075, 86, 432, 0, 0, 0.54%, 0, 0, 11, 1406.84
1775278443, 2075, 155, 432, 0, 0, 0.54%, 0, 0, 11, 1297.47
1775278448, 2075, 325, 432, 0, 0, 0.54%, 0, 0, 11, 1500.69
1775278453, 2075, 385, 432, 0, 0, 0.54%, 0, 0, 11, 1357.53
1775278458, 2076, 29, 432, 0, 0, 0.54%, 0, 0, 11, 1318.61
1775278463, 2076, 80, 432, 0, 0, 0.54%, 0, 0, 11, 1374.37
1775278468, 2076, 110, 432, 0, 0, 0.54%, 0, 0, 11, 1413.72
1775278474, 2076, 160, 432, 0, 0, 0.54%, 0, 0, 11, 1386.65
1775278479, 2076, 190, 432, 0, 0, 0.54%, 0, 0, 11, 1346.76
1775278484, 2076, 308, 432, 0, 0, 0.54%, 0, 0, 11, 1409.27
1775278489, 2076, 385, 432, 0, 0, 0.54%, 0, 0, 11, 1376.94
1775278494, 2077, 80, 432, 0, 0, 0.54%, 0, 0, 11, 1421.12
1775278499, 2077, 111, 432, 0, 0, 0.54%, 0, 0, 11, 1457.46
1775278504, 2077, 190, 432, 0, 0, 0.54%, 0, 0, 11, 1538.62
1775278509, 2077, 275, 432, 0, 0, 0.54%, 0, 0, 11, 1512.52
1775278514, 2077, 360, 432, 0, 0, 0.54%, 0, 0, 11, 1432.37
1775278519, 2078, 17, 432, 0, 0, 0.54%, 0, 0, 11, 1652.76
1775278525, 2078, 88, 432, 0, 0, 0.54%, 0, 0, 11, 1718.82
1775278530, 2078, 134, 432, 0, 0, 0.54%, 0, 0, 11, 1516.67
1775278535, 2078, 251, 432, 0, 0, 0.54%, 0, 0, 11, 1494.52
1775278540, 2078, 357, 432, 0, 0, 0.54%, 0, 0, 11, 1506.98
1775278545, 2079, 56, 432, 0, 0, 0.54%, 0, 0, 11, 1337.85
1775278550, 2079, 92, 432, 0, 0, 0.54%, 0, 0, 11, 1367.04
1775278555, 2079, 163, 432, 0, 0, 0.54%, 0, 0, 11, 1526.28
1775278560, 2079, 269, 432, 0, 0, 0.54%, 0, 0, 11, 1453.68
1775278565, 2079, 335, 432, 0, 0, 0.54%, 0, 0, 11, 1495.76
1775278571, 2079, 372, 432, 0, 0, 0.54%, 0, 0, 11, 1437.46
1775278576, 2080, 53, 432, 0, 0, 0.54%, 0, 0, 11, 1375.35
1775278581, 2080, 99, 432, 0, 0, 0.54%, 0, 0, 11, 1422.90
1775278586, 2080, 147, 432, 0, 0, 0.54%, 0, 0, 11, 1419.91
1775278591, 2080, 294, 432, 0, 0, 0.54%, 0, 0, 11, 1423.86
1775278596, 2080, 354, 432, 0, 0, 0.54%, 0, 0, 11, 1397.81
1775278601, 2081, 12, 432, 0, 0, 0.54%, 0, 0, 11, 1335.11
1775278607, 2081, 86, 432, 0, 0, 0.54%, 0, 0, 11, 1548.97
1775278612, 2081, 147, 432, 0, 0, 0.54%, 0, 0, 11, 1420.05
1775278617, 2081, 246, 432, 0, 0, 0.54%, 0, 0, 11, 1463.27
1775278622, 2081, 354, 432, 0, 0, 0.54%, 0, 0, 11, 1497.82
1775278627, 2082, 63, 432, 0, 0, 0.54%, 0, 0, 11, 1519.84
1775278632, 2082, 91, 432, 0, 0, 0.54%, 0, 0, 11, 1602.14
1775278637, 2082, 196, 432, 0, 0, 0.54%, 0, 0, 11, 1593.19
1775278642, 2082, 248, 432, 0, 0, 0.54%, 0, 0, 11, 1496.90
1775278647, 2082, 350, 432, 0, 0, 0.54%, 0, 0, 11, 1466.10
1775278652, 2082, 385, 432, 0, 0, 0.54%, 0, 0, 11, 1348.92
1775278657, 2083, 63, 432, 0, 0, 0.54%, 0, 0, 11, 1267.03
1775278662, 2083, 91, 432, 0, 0, 0.54%, 0, 0, 11, 1450.55
1775278668, 2083, 152, 432, 0, 0, 0.54%, 0, 0, 11, 1481.77
1775278673, 2083, 246, 432, 0, 0, 0.54%, 0, 0, 11, 1486.12
1775278678, 2083, 356, 432, 0, 0, 0.54%, 0, 0, 11, 1440.43
1775278683, 2084, 36, 432, 0, 0, 0.54%, 0, 0, 11, 1462.55
1775278688, 2084, 86, 432, 0, 0, 0.54%, 0, 0, 11, 1431.11
1775278693, 2084, 160, 432, 0, 0, 0.54%, 0, 0, 11, 1292.46
1775278698, 2084, 241, 432, 0, 0, 0.54%, 0, 0, 11, 1399.18
1775278703, 2084, 295, 432, 0, 0, 0.54%, 0, 0, 11, 1296.22
1775278708, 2084, 385, 432, 0, 0, 0.54%, 0, 0, 11, 1390.98
1775278713, 2085, 66, 432, 0, 0, 0.54%, 0, 0, 11, 1519.36
1775278718, 2085, 100, 432, 0, 0, 0.54%, 0, 0, 11, 1468.96
1775278723, 2085, 182, 432, 0, 0, 0.54%, 0, 0, 11, 1392.62
1775278728, 2085, 244, 432, 0, 0, 0.54%, 0, 0, 11, 1511.64
1775278734, 2085, 354, 432, 0, 0, 0.54%, 0, 0, 11, 1389.64
1775278739, 2086, 3, 432, 0, 0, 0.54%, 0, 0, 11, 1254.74
1775278744, 2086, 79, 432, 0, 0, 0.54%, 0, 0, 11, 1502.29
1775278749, 2086, 116, 432, 0, 0, 0.54%, 0, 0, 11, 1489.46
1775278754, 2086, 172, 432, 0, 0, 0.54%, 0, 0, 11, 1449.31
1775278759, 2086, 279, 432, 0, 0, 0.54%, 0, 0, 11, 1433.21
1775278764, 2086, 354, 432, 0, 0, 0.54%, 0, 0, 11, 1079.65
1775278769, 2087, 3, 432, 0, 0, 0.54%, 0, 0, 11, 1155.67
1775278774, 2087, 86, 432, 0, 0, 0.54%, 0, 0, 11, 1382.30
1775278779, 2087, 127, 432, 0, 0, 0.54%, 0, 0, 11, 1428.43
1775278784, 2087, 192, 432, 0, 0, 0.54%, 0, 0, 11, 305.10
1775278789, 2087, 289, 432, 0, 0, 0.54%, 0, 0, 11, 1192.04
1775278795, 2087, 354, 432, 0, 0, 0.54%, 0, 0, 11, 1382.75
1775278800, 2087, 430, 432, 0, 0, 0.54%, 0, 0, 11, 1318.66
1775278805, 2088, 76, 432, 0, 0, 0.54%, 0, 0, 11, 1554.93
1775278810, 2088, 100, 432, 0, 0, 0.54%, 0, 0, 11, 1480.89
1775278815, 2088, 189, 432, 0, 0, 0.54%, 0, 0, 11, 1636.43
1775278820, 2088, 243, 432, 0, 0, 0.54%, 0, 0, 11, 1486.69
1775278825, 2088, 325, 432, 0, 0, 0.54%, 0, 0, 11, 1381.99
1775278830, 2088, 385, 432, 0, 0, 0.54%, 0, 0, 11, 1360.96
1775278835, 2089, 70, 432, 0, 0, 0.54%, 0, 0, 11, 1497.41
1775278840, 2089, 90, 432, 0, 0, 0.54%, 0, 0, 11, 1506.14
1775278845, 2089, 134, 432, 0, 0, 0.54%, 0, 0, 11, 1575.20
1775278850, 2089, 171, 432, 0, 0, 0.54%, 0, 0, 11, 1508.01
1775278855, 2089, 190, 432, 0, 0, 0.54%, 0, 0, 11, 1502.33
1775278860, 2089, 292, 432, 0, 0, 0.54%, 0, 0, 11, 1442.95
1775278866, 2089, 350, 432, 0, 0, 0.54%, 0, 0, 11, 1362.63
1775278871, 2089, 431, 432, 0, 0, 0.54%, 0, 0, 11, 1197.44
1775278876, 2090, 63, 433, 1, 0, 0.54%, 0, 0, 11, 1422.07
1775278881, 2090, 88, 433, 1, 0, 0.54%, 0, 0, 11, 1495.22
1775278886, 2090, 140, 433, 1, 0, 0.54%, 0, 0, 11, 1469.57
1775278891, 2090, 225, 433, 1, 0, 0.54%, 0, 0, 11, 1602.81
1775278896, 2090, 325, 433, 1, 0, 0.54%, 0, 0, 11, 1504.82
1775278902, 2090, 372, 433, 1, 0, 0.54%, 0, 0, 11, 1408.35
1775278907, 2091, 31, 433, 1, 0, 0.54%, 0, 0, 11, 1438.38
1775278912, 2091, 79, 433, 1, 0, 0.54%, 0, 0, 11, 1554.90
1775278917, 2091, 100, 433, 1, 0, 0.54%, 0, 0, 11, 1474.41
1775278922, 2091, 131, 433, 1, 0, 0.54%, 0, 0, 11, 1477.81
1775278927, 2091, 205, 433, 1, 0, 0.54%, 0, 0, 11, 1389.30
1775278932, 2091, 325, 433, 1, 0, 0.54%, 0, 0, 11, 1491.75
1775278937, 2091, 371, 433, 1, 0, 0.54%, 0, 0, 11, 1344.94
1775278942, 2092, 63, 433, 1, 0, 0.54%, 0, 0, 11, 1487.99
1775278948, 2092, 111, 433, 1, 0, 0.54%, 0, 0, 11, 1546.98
1775278953, 2092, 228, 433, 1, 0, 0.54%, 0, 0, 11, 1561.30
1775278958, 2092, 331, 433, 1, 0, 0.54%, 0, 0, 11, 1455.68
1775278963, 2092, 400, 433, 1, 0, 0.54%, 0, 0, 11, 1330.76
1775278968, 2093, 63, 433, 1, 0, 0.54%, 0, 0, 11, 1404.61
1775278973, 2093, 100, 433, 1, 0, 0.54%, 0, 0, 11, 1545.42
1775278978, 2093, 193, 433, 1, 0, 0.54%, 0, 0, 11, 1614.43
1775278983, 2093, 223, 433, 1, 0, 0.54%, 0, 0, 11, 1515.11
1775278988, 2093, 311, 433, 1, 0, 0.54%, 0, 0, 11, 1516.24
1775278993, 2093, 367, 433, 1, 0, 0.54%, 0, 0, 11, 1431.23
1775278999, 2094, 36, 433, 1, 0, 0.54%, 0, 0, 11, 1429.24
1775279004, 2094, 86, 433, 1, 0, 0.54%, 0, 0, 11, 1469.03
1775279009, 2094, 120, 433, 1, 0, 0.54%, 0, 0, 11, 1594.75
1775279014, 2094, 194, 433, 1, 0, 0.54%, 0, 0, 11, 1404.36
1775279019, 2094, 330, 433, 1, 0, 0.54%, 0, 0, 11, 1396.31
1775279024, 2094, 385, 433, 1, 0, 0.54%, 0, 0, 11, 1323.18
1775279029, 2095, 80, 433, 1, 0, 0.54%, 0, 0, 11, 1383.54
1775279034, 2095, 147, 433, 1, 0, 0.54%, 0, 0, 11, 1580.48
1775279039, 2095, 215, 433, 1, 0, 0.54%, 0, 0, 11, 1593.32
1775279044, 2095, 313, 433, 1, 0, 0.54%, 0, 0, 11, 1443.81
1775279050, 2095, 385, 433, 1, 0, 0.54%, 0, 0, 11, 1406.22
1775279055, 2096, 86, 433, 1, 0, 0.54%, 0, 0, 11, 1611.96
1775279060, 2096, 147, 433, 1, 0, 0.54%, 0, 0, 11, 1489.36
1775279065, 2096, 222, 433, 1, 0, 0.54%, 0, 0, 11, 1468.93
1775279070, 2096, 325, 433, 1, 0, 0.54%, 0, 0, 11, 1350.71
1775279075, 2096, 400, 433, 1, 0, 0.54%, 0, 0, 11, 1371.15
1775279080, 2097, 64, 433, 1, 0, 0.54%, 0, 0, 11, 1374.70
1775279085, 2097, 89, 433, 1, 0, 0.54%, 0, 0, 11, 1503.02
1775279090, 2097, 120, 433, 1, 0, 0.54%, 0, 0, 11, 1484.17
1775279095, 2097, 174, 433, 1, 0, 0.54%, 0, 0, 11, 1434.58
1775279101, 2097, 325, 433, 1, 0, 0.54%, 0, 0, 11, 1429.81
1775279106, 2097, 394, 433, 1, 0, 0.54%, 0, 0, 11, 1253.42
1775279111, 2098, 74, 433, 1, 0, 0.54%, 0, 0, 11, 1540.26
1775279116, 2098, 97, 433, 1, 0, 0.54%, 0, 0, 11, 1434.52
1775279121, 2098, 187, 433, 1, 0, 0.54%, 0, 0, 11, 1369.99
1775279126, 2098, 328, 433, 1, 0, 0.54%, 0, 0, 11, 1540.22
1775279131, 2098, 386, 433, 1, 0, 0.54%, 0, 0, 11, 1385.89
1775279136, 2098, 432, 433, 1, 0, 0.54%, 0, 0, 11, 111.10
1775279146, 2099, 86, 433, 0, 0, 0.54%, 0, 0, 11, 1570.25
1775279151, 2099, 180, 433, 0, 0, 0.54%, 0, 0, 11, 1553.36
1775279156, 2099, 234, 433, 0, 0, 0.54%, 0, 0, 11, 1442.98
1775279162, 2099, 371, 433, 0, 0, 0.54%, 0, 0, 11, 1399.47
1775279167, 2100, 46, 433, 0, 0, 0.54%, 0, 0, 11, 1361.61
1775279172, 2100, 97, 433, 0, 0, 0.54%, 0, 0, 11, 1432.05
1775279177, 2100, 147, 433, 0, 0, 0.54%, 0, 0, 11, 1515.51
1775279182, 2100, 242, 433, 0, 0, 0.54%, 0, 0, 11, 1395.39
1775279187, 2100, 320, 433, 0, 0, 0.54%, 0, 0, 11, 1404.22
1775279192, 2100, 379, 433, 0, 0, 0.54%, 0, 0, 11, 1337.46
1775279197, 2100, 431, 433, 0, 0, 0.54%, 0, 0, 11, 1291.29
1775279202, 2101, 79, 433, 0, 0, 0.54%, 0, 0, 11, 1517.11
1775279207, 2101, 111, 433, 0, 0, 0.54%, 0, 0, 11, 1547.50
1775279212, 2101, 202, 433, 0, 0, 0.54%, 0, 0, 11, 1469.15
1775279217, 2101, 238, 433, 0, 0, 0.54%, 0, 0, 11, 1443.70
1775279222, 2101, 315, 433, 0, 0, 0.54%, 0, 0, 11, 1475.10
1775279227, 2101, 385, 433, 0, 0, 0.54%, 0, 0, 11, 1407.07
1775279232, 2102, 63, 433, 0, 0, 0.54%, 0, 0, 11, 1493.81
1775279238, 2102, 100, 433, 0, 0, 0.54%, 0, 0, 11, 1412.10
1775279243, 2102, 147, 433, 0, 0, 0.54%, 0, 0, 11, 1415.33
1775279248, 2102, 254, 433, 0, 0, 0.54%, 0, 0, 11, 1460.07
1775279253, 2102, 349, 433, 0, 0, 0.54%, 0, 0, 11, 1401.25
1775279258, 2103, 59, 433, 0, 0, 0.54%, 0, 0, 11, 1356.59
1775279263, 2103, 93, 433, 0, 0, 0.54%, 0, 0, 11, 1553.03
1775279268, 2103, 153, 433, 0, 0, 0.54%, 0, 0, 11, 1430.52
1775279273, 2103, 268, 433, 0, 0, 0.54%, 0, 0, 11, 1444.57
1775279278, 2103, 349, 433, 0, 0, 0.54%, 0, 0, 11, 1308.86
1775279283, 2104, 2, 433, 0, 0, 0.54%, 0, 0, 11, 1236.65
1775279288, 2104, 79, 433, 0, 0, 0.54%, 0, 0, 11, 1470.72
1775279294, 2104, 111, 433, 0, 0, 0.54%, 0, 0, 11, 1417.88
1775279299, 2104, 191, 433, 0, 0, 0.54%, 0, 0, 11, 1426.39
1775279304, 2104, 294, 433, 0, 0, 0.54%, 0, 0, 11, 1463.92
1775279309, 2104, 354, 433, 0, 0, 0.54%, 0, 0, 11, 1472.56
1775279314, 2104, 427, 433, 0, 0, 0.54%, 0, 0, 11, 1163.26
1775279319, 2105, 100, 433, 0, 0, 0.54%, 0, 0, 11, 1443.34
1775279324, 2105, 177, 433, 0, 0, 0.54%, 0, 0, 11, 1565.35
1775279329, 2105, 307, 433, 0, 0, 0.54%, 0, 0, 11, 1508.25
1775279334, 2105, 371, 433, 0, 0, 0.54%, 0, 0, 11, 1449.60
1775279339, 2106, 63, 433, 0, 0, 0.54%, 0, 0, 11, 1457.31
1775279344, 2106, 100, 433, 0, 0, 0.54%, 0, 0, 11, 1472.19
1775279349, 2106, 196, 433, 0, 0, 0.54%, 0, 0, 11, 1537.96
1775279354, 2106, 354, 433, 0, 0, 0.54%, 0, 0, 11, 1446.97
1775279359, 2107, 22, 433, 0, 0, 0.54%, 0, 0, 11, 1377.83
1775279365, 2107, 84, 433, 0, 0, 0.54%, 0, 0, 11, 1435.59
1775279370, 2107, 147, 433, 0, 0, 0.54%, 0, 0, 11, 1533.09
1775279375, 2107, 283, 433, 0, 0, 0.54%, 0, 0, 11, 1494.46
1775279380, 2107, 357, 433, 0, 0, 0.54%, 0, 0, 11, 1452.82
1775279385, 2108, 28, 433, 0, 0, 0.54%, 0, 0, 11, 1342.10
1775279390, 2108, 79, 433, 0, 0, 0.54%, 0, 0, 11, 1460.03
1775279395, 2108, 115, 433, 0, 0, 0.54%, 0, 0, 11, 1428.00
1775279401, 2108, 224, 433, 0, 0, 0.54%, 0, 0, 11, 1470.48
1775279406, 2108, 280, 433, 0, 0, 0.54%, 0, 0, 11, 1557.39
1775279411, 2108, 385, 433, 0, 0, 0.54%, 0, 0, 11, 1417.47
1775279416, 2109, 31, 433, 0, 0, 0.54%, 0, 0, 11, 1623.69
1775279421, 2109, 81, 433, 0, 0, 0.54%, 0, 0, 11, 1434.71
1775279426, 2109, 156, 433, 0, 0, 0.54%, 0, 0, 11, 1413.83
1775279431, 2109, 279, 433, 0, 0, 0.54%, 0, 0, 11, 1562.61
1775279436, 2109, 325, 433, 0, 0, 0.54%, 0, 0, 11, 795.81
1775279441, 2109, 385, 433, 0, 0, 0.54%, 0, 0, 11, 1196.08
1775279447, 2110, 61, 433, 0, 0, 0.54%, 0, 0, 11, 1258.87
1775279452, 2110, 86, 433, 0, 0, 0.54%, 0, 0, 11, 1445.01
1775279457, 2110, 143, 433, 0, 0, 0.54%, 0, 0, 11, 1491.98
1775279462, 2110, 192, 433, 0, 0, 0.54%, 0, 0, 11, 1412.15
1775279467, 2110, 349, 433, 0, 0, 0.54%, 0, 0, 11, 1438.96
1775279472, 2110, 413, 433, 0, 0, 0.54%, 0, 0, 11, 1311.37
1775279477, 2111, 36, 433, 0, 0, 0.54%, 0, 0, 11, 1383.89
1775279482, 2111, 80, 433, 0, 0, 0.54%, 0, 0, 11, 1597.33
1775279488, 2111, 147, 433, 0, 0, 0.54%, 0, 0, 11, 1577.66
1775279493, 2111, 306, 433, 0, 0, 0.54%, 0, 0, 11, 1407.88
1775279498, 2111, 368, 433, 0, 0, 0.54%, 0, 0, 11, 1345.31
1775279503, 2111, 422, 433, 0, 0, 0.54%, 0, 0, 11, 1300.58
1775279508, 2112, 5, 433, 0, 0, 0.54%, 0, 0, 11, 1490.56
1775279513, 2112, 80, 433, 0, 0, 0.54%, 0, 0, 11, 1555.60
1775279518, 2112, 123, 433, 0, 0, 0.54%, 0, 0, 11, 1507.60
1775279523, 2112, 147, 433, 0, 0, 0.54%, 0, 0, 11, 1493.55
1775279528, 2112, 285, 433, 0, 0, 0.54%, 0, 0, 11, 1491.19
1775279533, 2112, 354, 433, 0, 0, 0.54%, 0, 0, 11, 1347.07
1775279539, 2113, 63, 433, 0, 0, 0.54%, 0, 0, 11, 1415.43
1775279544, 2113, 91, 433, 0, 0, 0.54%, 0, 0, 11, 1498.76
1775279549, 2113, 147, 433, 0, 0, 0.54%, 0, 0, 11, 1535.26
1775279554, 2113, 346, 433, 0, 0, 0.54%, 0, 0, 11, 1501.29
1775279559, 2113, 399, 433, 0, 0, 0.54%, 0, 0, 11, 1352.38
1775279564, 2114, 40, 433, 0, 0, 0.54%, 0, 0, 11, 1438.52
1775279569, 2114, 86, 433, 0, 0, 0.54%, 0, 0, 11, 1546.22
1775279574, 2114, 173, 433, 0, 0, 0.54%, 0, 0, 11, 1465.83
1775279579, 2114, 289, 433, 0, 0, 0.54%, 0, 0, 11, 1456.01
1775279584, 2114, 354, 433, 0, 0, 0.54%, 0, 0, 11, 1392.16
1775279589, 2115, 51, 433, 0, 0, 0.54%, 0, 0, 11, 1337.00
1775279595, 2115, 86, 433, 0, 0, 0.54%, 0, 0, 11, 1552.04
1775279600, 2115, 147, 433, 0, 0, 0.54%, 0, 0, 11, 1455.01
1775279605, 2115, 185, 433, 0, 0, 0.54%, 0, 0, 11, 1462.07
1775279610, 2115, 264, 433, 0, 0, 0.54%, 0, 0, 11, 1497.62
1775279615, 2115, 349, 433, 0, 0, 0.54%, 0, 0, 11, 1542.15
1775279620, 2115, 385, 433, 0, 0, 0.54%, 0, 0, 11, 1327.34
1775279625, 2116, 63, 433, 0, 0, 0.54%, 0, 0, 11, 1415.76
1775279630, 2116, 84, 433, 0, 0, 0.54%, 0, 0, 11, 1513.82
1775279635, 2116, 114, 433, 0, 0, 0.54%, 0, 0, 11, 1491.99
1775279640, 2116, 227, 433, 0, 0, 0.54%, 0, 0, 11, 1559.14
1775279645, 2116, 284, 433, 0, 0, 0.54%, 0, 0, 11, 1514.39
1775279650, 2116, 354, 433, 0, 0, 0.54%, 0, 0, 11, 1329.65
1775279656, 2117, 6, 433, 0, 0, 0.54%, 0, 0, 11, 1288.22
1775279661, 2117, 79, 433, 0, 0, 0.54%, 0, 0, 11, 1493.79
1775279666, 2117, 100, 433, 0, 0, 0.54%, 0, 0, 11, 1476.08
1775279671, 2117, 173, 433, 0, 0, 0.54%, 0, 0, 11, 1498.27
1775279676, 2117, 241, 433, 0, 0, 0.54%, 0, 0, 11, 692.83
1775279681, 2117, 349, 433, 0, 0, 0.54%, 0, 0, 11, 1267.64
1775279686, 2118, 63, 433, 0, 0, 0.54%, 0, 0, 11, 1408.21
1775279691, 2118, 87, 433, 0, 0, 0.54%, 0, 0, 11, 1366.67
1775279696, 2118, 111, 433, 0, 0, 0.54%, 0, 0, 11, 1458.71
1775279701, 2118, 190, 433, 0, 0, 0.54%, 0, 0, 11, 1339.73
1775279706, 2118, 305, 433, 0, 0, 0.54%, 0, 0, 11, 1414.47
1775279712, 2118, 357, 433, 0, 0, 0.54%, 0, 0, 11, 1364.42
1775279717, 2118, 431, 433, 0, 0, 0.54%, 0, 0, 11, 1301.37
1775279722, 2119, 80, 433, 0, 0, 0.54%, 0, 0, 11, 1617.53
1775279727, 2119, 143, 433, 0, 0, 0.54%, 0, 0, 11, 1531.41
1775279732, 2119, 248, 433, 0, 0, 0.54%, 0, 0, 11, 1502.99
1775279737, 2119, 306, 433, 0, 0, 0.54%, 0, 0, 11, 1461.04
1775279742, 2119, 336, 433, 0, 0, 0.54%, 0, 0, 11, 1376.58
1775279747, 2119, 385, 433, 0, 0, 0.54%, 0, 0, 11, 1364.00
1775279752, 2120, 39, 433, 0, 0, 0.54%, 0, 0, 11, 1569.93
1775279757, 2120, 86, 433, 0, 0, 0.54%, 0, 0, 11, 719.62
1775279762, 2120, 147, 433, 0, 0, 0.54%, 0, 0, 11, 1384.13
1775279768, 2120, 325, 433, 0, 0, 0.54%, 0, 0, 11, 1465.92
1775279773, 2120, 389, 433, 0, 0, 0.54%, 0, 0, 11, 1348.62
1775279778, 2121, 46, 433, 0, 0, 0.54%, 0, 0, 11, 1305.07
1775279783, 2121, 79, 433, 0, 0, 0.54%, 0, 0, 11, 1435.15
1775279788, 2121, 100, 433, 0, 0, 0.54%, 0, 0, 11, 1535.80
1775279793, 2121, 183, 433, 0, 0, 0.54%, 0, 0, 11, 1430.06
1775279798, 2121, 249, 433, 0, 0, 0.54%, 0, 0, 11, 1427.28
1775279803, 2121, 357, 433, 0, 0, 0.54%, 0, 0, 11, 1419.28
1775279808, 2122, 63, 433, 0, 0, 0.54%, 0, 0, 11, 1340.77
1775279814, 2122, 102, 433, 0, 0, 0.54%, 0, 0, 11, 1470.71
1775279819, 2122, 196, 433, 0, 0, 0.54%, 0, 0, 11, 1348.14
1775279824, 2122, 349, 433, 0, 0, 0.54%, 0, 0, 11, 1435.25
1775279829, 2122, 401, 433, 0, 0, 0.54%, 0, 0, 11, 1295.73
1775279834, 2123, 79, 433, 0, 0, 0.54%, 0, 0, 11, 1517.02
1775279839, 2123, 111, 433, 0, 0, 0.54%, 0, 0, 11, 1548.65
1775279844, 2123, 147, 433, 0, 0, 0.54%, 0, 0, 11, 1524.09
1775279849, 2123, 197, 433, 0, 0, 0.54%, 0, 0, 11, 1504.59
1775279854, 2123, 249, 433, 0, 0, 0.54%, 0, 0, 11, 1531.43
1775279860, 2123, 358, 433, 0, 0, 0.54%, 0, 0, 11, 1415.85
1775279865, 2124, 10, 433, 0, 0, 0.54%, 0, 0, 11, 1494.73
1775279870, 2124, 79, 433, 0, 0, 0.54%, 0, 0, 11, 1495.39
1775279875, 2124, 105, 433, 0, 0, 0.54%, 0, 0, 11, 1456.33
1775279880, 2124, 151, 433, 0, 0, 0.54%, 0, 0, 11, 1494.80
1775279885, 2124, 284, 433, 0, 0, 0.54%, 0, 0, 11, 1532.43
1775279890, 2124, 349, 433, 0, 0, 0.54%, 0, 0, 11, 1424.24
1775279895, 2124, 387, 433, 0, 0, 0.54%, 0, 0, 11, 1344.30
1775279900, 2125, 44, 433, 0, 0, 0.54%, 0, 0, 11, 1552.40
1775279905, 2125, 91, 433, 0, 0, 0.54%, 0, 0, 11, 1494.24
1775279910, 2125, 140, 433, 0, 0, 0.54%, 0, 0, 11, 1493.39
1775279916, 2125, 204, 433, 0, 0, 0.54%, 0, 0, 11, 1522.39
1775279921, 2125, 349, 433, 0, 0, 0.54%, 0, 0, 11, 1288.81
1775279926, 2126, 15, 433, 0, 0, 0.54%, 0, 0, 11, 1316.86
1775279931, 2126, 80, 433, 0, 0, 0.54%, 0, 0, 11, 1554.40
1775279936, 2126, 137, 433, 0, 0, 0.54%, 0, 0, 11, 1498.73
1775279941, 2126, 193, 433, 0, 0, 0.54%, 0, 0, 11, 1501.24
1775279946, 2126, 321, 433, 0, 0, 0.54%, 0, 0, 11, 1497.63
1775279951, 2126, 366, 433, 0, 0, 0.54%, 0, 0, 11, 1363.53
1775279956, 2127, 33, 433, 0, 0, 0.54%, 0, 0, 11, 1400.77
1775279962, 2127, 86, 433, 0, 0, 0.54%, 0, 0, 11, 1533.62
1775279967, 2127, 109, 433, 0, 0, 0.54%, 0, 0, 11, 1522.39
1775279972, 2127, 160, 433, 0, 0, 0.54%, 0, 0, 11, 1441.69
1775279977, 2127, 202, 433, 0, 0, 0.54%, 0, 0, 11, 1392.49
1775279982, 2127, 284, 433, 0, 0, 0.54%, 0, 0, 11, 1497.74
1775279987, 2127, 376, 433, 0, 0, 0.54%, 0, 0, 11, 1296.26
1775279992, 2128, 79, 433, 0, 0, 0.54%, 0, 0, 11, 1480.34
1775279997, 2128, 111, 433, 0, 0, 0.54%, 0, 0, 11, 1389.74
1775280002, 2128, 199, 433, 0, 0, 0.54%, 0, 0, 11, 1452.38
1775280007, 2128, 286, 433, 0, 0, 0.54%, 0, 0, 11, 1529.35
1775280013, 2128, 371, 433, 0, 0, 0.54%, 0, 0, 11, 1387.55
1775280018, 2128, 411, 433, 0, 0, 0.54%, 0, 0, 11, 1058.60
1775280023, 2129, 63, 433, 0, 0, 0.54%, 0, 0, 11, 1415.07
1775280028, 2129, 103, 433, 0, 0, 0.54%, 0, 0, 11, 1485.84
1775280033, 2129, 155, 433, 0, 0, 0.54%, 0, 0, 11, 1523.64
1775280038, 2129, 217, 433, 0, 0, 0.54%, 0, 0, 11, 1477.81
1775280043, 2129, 340, 433, 0, 0, 0.54%, 0, 0, 11, 1467.68
1775280048, 2129, 385, 433, 0, 0, 0.54%, 0, 0, 11, 1436.71
1775280053, 2130, 58, 433, 0, 0, 0.54%, 0, 0, 11, 1624.01
1775280058, 2130, 86, 433, 0, 0, 0.54%, 0, 0, 11, 1527.24
1775280064, 2130, 121, 433, 0, 0, 0.54%, 0, 0, 11, 1571.80
1775280069, 2130, 180, 433, 0, 0, 0.54%, 0, 0, 11, 1445.58
1775280074, 2130, 281, 433, 0, 0, 0.54%, 0, 0, 11, 1462.18
1775280079, 2130, 301, 433, 0, 0, 0.54%, 0, 0, 11, 1448.39
1775280084, 2130, 363, 433, 0, 0, 0.54%, 0, 0, 11, 1409.53
1775280089, 2131, 4, 433, 0, 0, 0.54%, 0, 0, 11, 1399.17
1775280094, 2131, 90, 433, 0, 0, 0.54%, 0, 0, 11, 1417.52
1775280099, 2131, 159, 433, 0, 0, 0.54%, 0, 0, 11, 1527.53
1775280104, 2131, 230, 433, 0, 0, 0.54%, 0, 0, 11, 1436.80
1775280109, 2131, 322, 433, 0, 0, 0.54%, 0, 0, 11, 1462.21
1775280114, 2131, 357, 433, 0, 0, 0.54%, 0, 0, 11, 1399.06
1775280120, 2131, 430, 433, 0, 0, 0.54%, 0, 0, 11, 1245.14
1775280125, 2132, 86, 433, 0, 0, 0.54%, 0, 0, 11, 1435.78
1775280130, 2132, 115, 433, 0, 0, 0.54%, 0, 0, 11, 1498.70
1775280135, 2132, 197, 433, 0, 0, 0.54%, 0, 0, 11, 1509.71
1775280140, 2132, 293, 433, 0, 0, 0.54%, 0, 0, 11, 1422.79
1775280145, 2132, 385, 433, 0, 0, 0.54%, 0, 0, 11, 1330.96
1775280150, 2133, 49, 433, 0, 0, 0.54%, 0, 0, 11, 1488.36
1775280155, 2133, 86, 433, 0, 0, 0.54%, 0, 0, 11, 1559.92
1775280160, 2133, 196, 433, 0, 0, 0.54%, 0, 0, 11, 1547.36
1775280165, 2133, 290, 433, 0, 0, 0.54%, 0, 0, 11, 1579.77
1775280170, 2133, 365, 433, 0, 0, 0.54%, 0, 0, 11, 1486.37
1775280175, 2133, 429, 433, 0, 0, 0.54%, 0, 0, 11, 1479.26
1775280180, 2134, 91, 433, 0, 0, 0.54%, 0, 0, 11, 1518.60
1775280186, 2134, 183, 433, 0, 0, 0.54%, 0, 0, 11, 1408.42
1775280191, 2134, 253, 433, 0, 0, 0.54%, 0, 0, 11, 1392.61
1775280196, 2134, 325, 433, 0, 0, 0.54%, 0, 0, 11, 1330.75
1775280201, 2134, 385, 433, 0, 0, 0.54%, 0, 0, 11, 1413.07
1775280206, 2135, 79, 433, 0, 0, 0.54%, 0, 0, 11, 1451.13
1775280211, 2135, 100, 433, 0, 0, 0.54%, 0, 0, 11, 1562.25
1775280216, 2135, 147, 433, 0, 0, 0.54%, 0, 0, 11, 1417.47
1775280221, 2135, 196, 433, 0, 0, 0.54%, 0, 0, 11, 1409.48
1775280226, 2135, 356, 433, 0, 0, 0.54%, 0, 0, 11, 1265.59
1775280231, 2135, 431, 433, 0, 0, 0.54%, 0, 0, 11, 1503.32
1775280237, 2136, 79, 433, 0, 0, 0.54%, 0, 0, 11, 1570.80
1775280242, 2136, 111, 433, 0, 0, 0.54%, 0, 0, 11, 1545.67
1775280247, 2136, 196, 433, 0, 0, 0.54%, 0, 0, 11, 1539.20
1775280252, 2136, 235, 433, 0, 0, 0.54%, 0, 0, 11, 1536.83
1775280257, 2136, 374, 433, 0, 0, 0.54%, 0, 0, 11, 1467.07
1775280262, 2137, 80, 433, 0, 0, 0.54%, 0, 0, 11, 1569.61
1775280267, 2137, 111, 433, 0, 0, 0.54%, 0, 0, 11, 1462.52
1775280272, 2137, 169, 433, 0, 0, 0.54%, 0, 0, 11, 1581.75
1775280277, 2137, 189, 433, 0, 0, 0.54%, 0, 0, 11, 1512.23
1775280283, 2137, 331, 433, 0, 0, 0.54%, 0, 0, 11, 1490.46
1775280288, 2137, 377, 433, 0, 0, 0.54%, 0, 0, 11, 1295.77
1775280293, 2137, 431, 433, 0, 0, 0.54%, 0, 0, 11, 1552.61
1775280298, 2138, 80, 433, 0, 0, 0.54%, 0, 0, 11, 1568.96
1775280303, 2138, 123, 433, 0, 0, 0.54%, 0, 0, 11, 1446.91
1775280308, 2138, 188, 433, 0, 0, 0.54%, 0, 0, 11, 1463.66
1775280313, 2138, 245, 433, 0, 0, 0.54%, 0, 0, 11, 1487.72
1775280318, 2138, 301, 433, 0, 0, 0.54%, 0, 0, 11, 1432.32
1775280323, 2138, 354, 433, 0, 0, 0.54%, 0, 0, 11, 1523.86
1775280328, 2138, 398, 433, 0, 0, 0.54%, 0, 0, 11, 1167.42
1775280334, 2139, 63, 433, 0, 0, 0.54%, 0, 0, 11, 1492.69
1775280339, 2139, 100, 433, 0, 0, 0.54%, 0, 0, 11, 1409.35
1775280344, 2139, 147, 433, 0, 0, 0.54%, 0, 0, 11, 1444.79
1775280349, 2139, 255, 433, 0, 0, 0.54%, 0, 0, 11, 1462.25
1775280354, 2139, 349, 433, 0, 0, 0.54%, 0, 0, 11, 1355.03
1775280359, 2139, 422, 433, 0, 0, 0.54%, 0, 0, 11, 1377.92
1775280365, 2140, 69, 433, 0, 0, 0.54%, 0, 0, 11, 1633.27
1775280370, 2140, 86, 433, 0, 0, 0.54%, 0, 0, 11, 1583.56
1775280375, 2140, 147, 433, 0, 0, 0.54%, 0, 0, 11, 1434.24
1775280380, 2140, 237, 433, 0, 0, 0.54%, 0, 0, 11, 1508.32
1775280385, 2140, 325, 433, 0, 0, 0.54%, 0, 0, 11, 1518.84
1775280390, 2140, 371, 433, 0, 0, 0.54%, 0, 0, 11, 1317.33
1775280395, 2141, 34, 433, 0, 0, 0.54%, 0, 0, 11, 1362.31
1775280400, 2141, 86, 433, 0, 0, 0.54%, 0, 0, 11, 1571.74
1775280405, 2141, 149, 433, 0, 0, 0.54%, 0, 0, 11, 1499.50
1775280410, 2141, 259, 433, 0, 0, 0.54%, 0, 0, 11, 1397.98
1775280415, 2141, 385, 433, 0, 0, 0.54%, 0, 0, 11, 1358.31
1775280420, 2142, 17, 433, 0, 0, 0.54%, 0, 0, 11, 1324.25
1775280425, 2142, 86, 433, 0, 0, 0.54%, 0, 0, 11, 1524.00
1775280430, 2142, 160, 433, 0, 0, 0.54%, 0, 0, 11, 1616.40
1775280436, 2142, 231, 433, 0, 0, 0.54%, 0, 0, 11, 1552.09
1775280441, 2142, 338, 433, 0, 0, 0.54%, 0, 0, 11, 1391.32
1775280446, 2142, 385, 433, 0, 0, 0.54%, 0, 0, 11, 1336.41
1775280451, 2143, 61, 433, 0, 0, 0.54%, 0, 0, 11, 1318.18
1775280456, 2143, 100, 433, 0, 0, 0.54%, 0, 0, 11, 1513.90
1775280461, 2143, 196, 433, 0, 0, 0.54%, 0, 0, 11, 1479.42
1775280466, 2143, 325, 433, 0, 0, 0.54%, 0, 0, 11, 1355.55
1775280471, 2143, 371, 433, 0, 0, 0.54%, 0, 0, 11, 1390.78
1775280477, 2144, 36, 433, 0, 0, 0.54%, 0, 0, 11, 1423.89
1775280482, 2144, 80, 433, 0, 0, 0.54%, 0, 0, 11, 1525.32
1775280487, 2144, 116, 433, 0, 0, 0.54%, 0, 0, 11, 1440.91
1775280492, 2144, 172, 433, 0, 0, 0.54%, 0, 0, 11, 1487.61
1775280497, 2144, 235, 433, 0, 0, 0.54%, 0, 0, 11, 1605.48
1775280502, 2144, 346, 433, 0, 0, 0.54%, 0, 0, 11, 1382.39
1775280507, 2144, 389, 433, 0, 0, 0.54%, 0, 0, 11, 1311.06
1775280512, 2145, 63, 433, 0, 0, 0.54%, 0, 0, 11, 1429.23
1775280518, 2145, 100, 433, 0, 0, 0.54%, 0, 0, 11, 1524.64
1775280523, 2145, 182, 433, 0, 0, 0.54%, 0, 0, 11, 1466.59
1775280528, 2145, 237, 433, 0, 0, 0.54%, 0, 0, 11, 1501.94
1775280533, 2145, 349, 433, 0, 0, 0.54%, 0, 0, 11, 1495.78
1775280538, 2146, 15, 433, 0, 0, 0.54%, 0, 0, 11, 1478.79
1775280543, 2146, 86, 433, 0, 0, 0.54%, 0, 0, 11, 1543.10
1775280548, 2146, 161, 433, 0, 0, 0.54%, 0, 0, 11, 1524.94
1775280553, 2146, 278, 433, 0, 0, 0.54%, 0, 0, 11, 1450.58
1775280558, 2146, 353, 433, 0, 0, 0.54%, 0, 0, 11, 1486.11
1775280563, 2147, 44, 433, 0, 0, 0.54%, 0, 0, 11, 1429.04
1775280568, 2147, 79, 433, 0, 0, 0.54%, 0, 0, 11, 1570.06
1775280573, 2147, 111, 433, 0, 0, 0.54%, 0, 0, 11, 1473.91
1775280578, 2147, 207, 433, 0, 0, 0.54%, 0, 0, 11, 1532.60
1775280583, 2147, 295, 433, 0, 0, 0.54%, 0, 0, 11, 1460.87
1775280588, 2147, 370, 433, 0, 0, 0.54%, 0, 0, 11, 1371.67
1775280594, 2148, 12, 433, 0, 0, 0.54%, 0, 0, 11, 1356.70
1775280599, 2148, 86, 433, 0, 0, 0.54%, 0, 0, 11, 1519.95
1775280604, 2148, 147, 433, 0, 0, 0.54%, 0, 0, 11, 1479.09
1775280609, 2148, 183, 433, 0, 0, 0.54%, 0, 0, 11, 1391.33
1775280614, 2148, 236, 433, 0, 0, 0.54%, 0, 0, 11, 1504.30
1775280619, 2148, 324, 433, 0, 0, 0.54%, 0, 0, 11, 1492.63
1775280624, 2149, 12, 433, 0, 0, 0.54%, 0, 0, 11, 1538.00
1775280629, 2149, 91, 433, 0, 0, 0.54%, 0, 0, 11, 1522.27
1775280634, 2149, 161, 433, 0, 0, 0.54%, 0, 0, 11, 1479.29
1775280639, 2149, 242, 433, 0, 0, 0.54%, 0, 0, 11, 1437.59
1775280644, 2149, 354, 433, 0, 0, 0.54%, 0, 0, 11, 1370.39
1775280649, 2149, 427, 433, 0, 0, 0.54%, 0, 0, 11, 1078.22
1775280655, 2150, 86, 433, 0, 0, 0.54%, 0, 0, 11, 1442.88
1775280660, 2150, 115, 433, 0, 0, 0.54%, 0, 0, 11, 1307.42
1775280665, 2150, 305, 433, 0, 0, 0.54%, 0, 0, 11, 1431.97
1775280670, 2150, 354, 433, 0, 0, 0.54%, 0, 0, 11, 1412.06
1775280675, 2151, 36, 433, 0, 0, 0.54%, 0, 0, 11, 1332.74
1775280680, 2151, 80, 433, 0, 0, 0.54%, 0, 0, 11, 1460.69
1775280685, 2151, 100, 433, 0, 0, 0.54%, 0, 0, 11, 1404.22
1775280690, 2151, 196, 433, 0, 0, 0.54%, 0, 0, 11, 1570.44
1775280696, 2151, 371, 433, 0, 0, 0.54%, 0, 0, 11, 1431.85
1775280701, 2152, 76, 433, 0, 0, 0.54%, 0, 0, 11, 1443.71
1775280706, 2152, 111, 433, 0, 0, 0.54%, 0, 0, 11, 1542.22
1775280711, 2152, 189, 433, 0, 0, 0.54%, 0, 0, 11, 1539.69
1775280716, 2152, 304, 433, 0, 0, 0.54%, 0, 0, 11, 1526.24
1775280721, 2152, 385, 433, 0, 0, 0.54%, 0, 0, 11, 1403.37
1775280726, 2153, 55, 433, 0, 0, 0.54%, 0, 0, 11, 1407.15
1775280731, 2153, 91, 433, 0, 0, 0.54%, 0, 0, 11, 1453.64
1775280737, 2153, 114, 433, 0, 0, 0.54%, 0, 0, 11, 1480.72
1775280742, 2153, 182, 433, 0, 0, 0.54%, 0, 0, 11, 1365.98
1775280747, 2153, 325, 433, 0, 0, 0.54%, 0, 0, 11, 1305.91
1775280752, 2153, 385, 433, 0, 0, 0.54%, 0, 0, 11, 1316.52
1775280757, 2154, 80, 433, 0, 0, 0.54%, 0, 0, 11, 1469.01
1775280762, 2154, 137, 433, 0, 0, 0.54%, 0, 0, 11, 1512.37
1775280767, 2154, 268, 433, 0, 0, 0.54%, 0, 0, 11, 1339.67
1775280772, 2154, 313, 433, 0, 0, 0.54%, 0, 0, 11, 1274.64
1775280777, 2154, 357, 433, 0, 0, 0.54%, 0, 0, 11, 1419.83
1775280782, 2155, 22, 433, 0, 0, 0.54%, 0, 0, 11, 1450.00
1775280787, 2155, 80, 433, 0, 0, 0.54%, 0, 0, 11, 1539.80
1775280792, 2155, 111, 433, 0, 0, 0.54%, 0, 0, 11, 1551.03
1775280798, 2155, 196, 433, 0, 0, 0.54%, 0, 0, 11, 1494.13
1775280803, 2155, 325, 433, 0, 0, 0.54%, 0, 0, 11, 1412.54
1775280808, 2155, 374, 433, 0, 0, 0.54%, 0, 0, 11, 1370.42
1775280813, 2156, 79, 433, 0, 0, 0.54%, 0, 0, 11, 1469.69
1775280818, 2156, 111, 433, 0, 0, 0.54%, 0, 0, 11, 1421.59
1775280823, 2156, 261, 433, 0, 0, 0.54%, 0, 0, 11, 1409.33
1775280828, 2156, 354, 433, 0, 0, 0.54%, 0, 0, 11, 1477.93
1775280833, 2157, 13, 433, 0, 0, 0.54%, 0, 0, 11, 1323.59
1775280838, 2157, 61, 433, 0, 0, 0.54%, 0, 0, 11, 1501.85
1775280844, 2157, 91, 433, 0, 0, 0.54%, 0, 0, 11, 1499.46
1775280849, 2157, 149, 433, 0, 0, 0.54%, 0, 0, 11, 1426.62
1775280854, 2157, 208, 433, 0, 0, 0.54%, 0, 0, 11, 1483.75
1775280859, 2157, 313, 433, 0, 0, 0.54%, 0, 0, 11, 1356.05
1775280864, 2157, 379, 433, 0, 0, 0.54%, 0, 0, 11, 1408.50
1775280869, 2158, 72, 433, 0, 0, 0.54%, 0, 0, 11, 1519.85
1775280874, 2158, 86, 433, 0, 0, 0.54%, 0, 0, 11, 1450.98
1775280879, 2158, 171, 433, 0, 0, 0.54%, 0, 0, 11, 1529.10
1775280884, 2158, 282, 433, 0, 0, 0.54%, 0, 0, 11, 1400.26
1775280889, 2158, 357, 433, 0, 0, 0.54%, 0, 0, 11, 1404.32
1775280894, 2159, 12, 433, 0, 0, 0.54%, 0, 0, 11, 1301.00
1775280900, 2159, 68, 433, 0, 0, 0.54%, 0, 0, 11, 1541.06
1775280905, 2159, 95, 433, 0, 0, 0.54%, 0, 0, 11, 1501.82
1775280910, 2159, 130, 433, 0, 0, 0.54%, 0, 0, 11, 1475.78
1775280915, 2159, 189, 433, 0, 0, 0.54%, 0, 0, 11, 1448.72
1775280920, 2159, 275, 433, 0, 0, 0.54%, 0, 0, 11, 1480.48
1775280925, 2159, 354, 433, 0, 0, 0.54%, 0, 0, 11, 1449.37
1775280930, 2160, 63, 433, 0, 0, 0.54%, 0, 0, 11, 1516.05
1775280935, 2160, 100, 433, 0, 0, 0.54%, 0, 0, 11, 1541.74
1775280940, 2160, 182, 433, 0, 0, 0.54%, 0, 0, 11, 1581.40
1775280945, 2160, 349, 433, 0, 0, 0.54%, 0, 0, 11, 1545.93
1775280950, 2160, 385, 433, 0, 0, 0.54%, 0, 0, 11, 1335.11
1775280956, 2161, 51, 433, 0, 0, 0.54%, 0, 0, 11, 1162.73
1775280961, 2161, 86, 433, 0, 0, 0.54%, 0, 0, 11, 1511.82
1775280966, 2161, 148, 433, 0, 0, 0.54%, 0, 0, 11, 1570.34
1775280971, 2161, 205, 433, 0, 0, 0.54%, 0, 0, 11, 1611.59
1775280976, 2161, 349, 433, 0, 0, 0.54%, 0, 0, 11, 1504.38
1775280981, 2161, 425, 433, 0, 0, 0.54%, 0, 0, 11, 1244.13
1775280986, 2162, 36, 433, 0, 0, 0.54%, 0, 0, 11, 1002.70
1775280991, 2162, 86, 433, 0, 0, 0.54%, 0, 0, 11, 1316.80
1775280996, 2162, 135, 433, 0, 0, 0.54%, 0, 0, 11, 1406.42
1775281001, 2162, 198, 433, 0, 0, 0.54%, 0, 0, 11, 1546.33
1775281007, 2162, 301, 433, 0, 0, 0.54%, 0, 0, 11, 1472.47
1775281012, 2162, 385, 433, 0, 0, 0.54%, 0, 0, 11, 1351.58
1775281017, 2163, 51, 433, 0, 0, 0.54%, 0, 0, 11, 1473.85
1775281022, 2163, 86, 433, 0, 0, 0.54%, 0, 0, 11, 1503.37
1775281027, 2163, 147, 433, 0, 0, 0.54%, 0, 0, 11, 1526.50
1775281032, 2163, 325, 433, 0, 0, 0.54%, 0, 0, 11, 1395.40
1775281037, 2163, 405, 433, 0, 0, 0.54%, 0, 0, 11, 1254.29
1775281042, 2164, 41, 433, 0, 0, 0.54%, 0, 0, 11, 1358.53
1775281048, 2164, 100, 433, 0, 0, 0.54%, 0, 0, 11, 1569.23
1775281053, 2164, 165, 433, 0, 0, 0.54%, 0, 0, 11, 1451.12
1775281058, 2164, 264, 433, 0, 0, 0.54%, 0, 0, 11, 1490.56
1775281063, 2164, 349, 433, 0, 0, 0.54%, 0, 0, 11, 1512.49
1775281068, 2164, 429, 433, 0, 0, 0.54%, 0, 0, 11, 1442.01
1775281073, 2165, 63, 433, 0, 0, 0.54%, 0, 0, 11, 1536.88
1775281078, 2165, 100, 433, 0, 0, 0.54%, 0, 0, 11, 1561.48
1775281083, 2165, 191, 433, 0, 0, 0.54%, 0, 0, 11, 1507.04
1775281088, 2165, 357, 433, 0, 0, 0.54%, 0, 0, 11, 1443.89
1775281093, 2166, 9, 433, 0, 0, 0.54%, 0, 0, 11, 1373.88
1775281098, 2166, 80, 433, 0, 0, 0.54%, 0, 0, 11, 1436.32
1775281104, 2166, 141, 433, 0, 0, 0.54%, 0, 0, 11, 1488.18
1775281109, 2166, 254, 433, 0, 0, 0.54%, 0, 0, 11, 1502.58
1775281114, 2166, 371, 433, 0, 0, 0.54%, 0, 0, 11, 1359.25
1775281119, 2167, 79, 433, 0, 0, 0.54%, 0, 0, 11, 1334.05
1775281124, 2167, 92, 433, 0, 0, 0.54%, 0, 0, 11, 1674.73
1775281129, 2167, 147, 433, 0, 0, 0.54%, 0, 0, 11, 1563.89
1775281134, 2167, 244, 433, 0, 0, 0.54%, 0, 0, 11, 1524.29
1775281139, 2167, 357, 433, 0, 0, 0.54%, 0, 0, 11, 1332.60
1775281145, 2168, 1, 433, 0, 0, 0.54%, 0, 0, 11, 1208.50
1775281150, 2168, 79, 433, 0, 0, 0.54%, 0, 0, 11, 1436.98
1775281155, 2168, 119, 433, 0, 0, 0.54%, 0, 0, 11, 1530.93
1775281160, 2168, 223, 433, 0, 0, 0.54%, 0, 0, 11, 1375.04
1775281165, 2168, 325, 433, 0, 0, 0.54%, 0, 0, 11, 1477.84
1775281170, 2168, 385, 433, 0, 0, 0.54%, 0, 0, 11, 1367.32
1775281175, 2169, 67, 433, 0, 0, 0.54%, 0, 0, 11, 1544.93
1775281180, 2169, 82, 433, 0, 0, 0.54%, 0, 0, 11, 1530.57
1775281185, 2169, 120, 433, 0, 0, 0.54%, 0, 0, 11, 1528.59
1775281190, 2169, 187, 433, 0, 0, 0.54%, 0, 0, 11, 1471.83
1775281195, 2169, 277, 433, 0, 0, 0.54%, 0, 0, 11, 1492.24
1775281200, 2169, 357, 433, 0, 0, 0.54%, 0, 0, 11, 1475.58
1775281205, 2170, 30, 433, 0, 0, 0.54%, 0, 0, 11, 1433.72
1775281211, 2170, 80, 433, 0, 0, 0.54%, 0, 0, 11, 1508.65
1775281216, 2170, 130, 433, 0, 0, 0.54%, 0, 0, 11, 1495.21
1775281221, 2170, 278, 433, 0, 0, 0.54%, 0, 0, 11, 1536.91
1775281226, 2170, 354, 433, 0, 0, 0.54%, 0, 0, 11, 1341.28
1775281231, 2171, 9, 433, 0, 0, 0.54%, 0, 0, 11, 1265.35
1775281236, 2171, 83, 433, 0, 0, 0.54%, 0, 0, 11, 1534.58
1775281241, 2171, 139, 433, 0, 0, 0.54%, 0, 0, 11, 1589.12
1775281246, 2171, 210, 433, 0, 0, 0.54%, 0, 0, 11, 1528.15
1775281251, 2171, 288, 433, 0, 0, 0.54%, 0, 0, 11, 1484.13
1775281257, 2171, 371, 433, 0, 0, 0.54%, 0, 0, 11, 1409.85
1775281262, 2172, 64, 433, 0, 0, 0.54%, 0, 0, 11, 1812.06
1775281267, 2172, 111, 433, 0, 0, 0.54%, 0, 0, 11, 1689.03
1775281272, 2172, 168, 433, 0, 0, 0.54%, 0, 0, 11, 1548.97
1775281277, 2172, 198, 433, 0, 0, 0.54%, 0, 0, 11, 1589.02
1775281282, 2172, 354, 433, 0, 0, 0.54%, 0, 0, 11, 1541.68
1775281287, 2172, 392, 433, 0, 0, 0.54%, 0, 0, 11, 1331.71
1775281292, 2173, 67, 433, 0, 0, 0.54%, 0, 0, 11, 1469.11
1775281298, 2173, 86, 433, 0, 0, 0.54%, 0, 0, 11, 1440.34
1775281303, 2173, 122, 433, 0, 0, 0.54%, 0, 0, 11, 1480.46
1775281308, 2173, 196, 433, 0, 0, 0.54%, 0, 0, 11, 1592.97
1775281313, 2173, 329, 433, 0, 0, 0.54%, 0, 0, 11, 1428.63
1775281318, 2173, 385, 433, 0, 0, 0.54%, 0, 0, 11, 1379.30
1775281323, 2174, 61, 433, 0, 0, 0.54%, 0, 0, 11, 1485.25
1775281328, 2174, 100, 433, 0, 0, 0.54%, 0, 0, 11, 1572.68
1775281333, 2174, 150, 433, 0, 0, 0.54%, 0, 0, 11, 1549.07
1775281338, 2174, 223, 433, 0, 0, 0.54%, 0, 0, 11, 1593.18
1775281343, 2174, 254, 433, 0, 0, 0.54%, 0, 0, 11, 1479.99
1775281348, 2174, 301, 433, 0, 0, 0.54%, 0, 0, 11, 1450.61
1775281353, 2174, 371, 433, 0, 0, 0.54%, 0, 0, 11, 1315.86
1775281359, 2175, 59, 433, 0, 0, 0.54%, 0, 0, 11, 1376.82
1775281364, 2175, 100, 433, 0, 0, 0.54%, 0, 0, 11, 1497.25
1775281369, 2175, 175, 433, 0, 0, 0.54%, 0, 0, 11, 1533.88
1775281374, 2175, 215, 433, 0, 0, 0.54%, 0, 0, 11, 1557.34
1775281379, 2175, 325, 433, 0, 0, 0.54%, 0, 0, 11, 1410.56
1775281384, 2175, 388, 433, 0, 0, 0.54%, 0, 0, 11, 1252.81
1775281389, 2176, 51, 433, 0, 0, 0.54%, 0, 0, 11, 1256.29
1775281394, 2176, 98, 433, 0, 0, 0.54%, 0, 0, 11, 1578.76
1775281400, 2176, 154, 433, 0, 0, 0.54%, 0, 0, 11, 1495.70
1775281405, 2176, 253, 433, 0, 0, 0.54%, 0, 0, 11, 1505.25
1775281410, 2176, 385, 433, 0, 0, 0.54%, 0, 0, 11, 1429.67
1775281415, 2177, 63, 433, 0, 0, 0.54%, 0, 0, 11, 1505.15
1775281420, 2177, 86, 433, 0, 0, 0.54%, 0, 0, 11, 1454.61
1775281425, 2177, 147, 433, 0, 0, 0.54%, 0, 0, 11, 1388.59
1775281430, 2177, 307, 433, 0, 0, 0.54%, 0, 0, 11, 1466.10
1775281435, 2177, 354, 433, 0, 0, 0.54%, 0, 0, 11, 1486.80
1775281440, 2177, 428, 433, 0, 0, 0.54%, 0, 0, 11, 1433.84
1775281445, 2178, 80, 433, 0, 0, 0.54%, 0, 0, 11, 1613.72
1775281450, 2178, 153, 433, 0, 0, 0.54%, 0, 0, 11, 1580.91
1775281456, 2178, 298, 433, 0, 0, 0.54%, 0, 0, 11, 1525.45
1775281461, 2178, 367, 433, 0, 0, 0.54%, 0, 0, 11, 1462.16
1775281466, 2179, 7, 433, 0, 0, 0.54%, 0, 0, 11, 1743.47
1775281471, 2179, 86, 433, 0, 0, 0.54%, 0, 0, 11, 1510.94
1775281476, 2179, 176, 433, 0, 0, 0.54%, 0, 0, 11, 1533.41
1775281481, 2179, 331, 433, 0, 0, 0.54%, 0, 0, 11, 1426.12
1775281486, 2179, 385, 433, 0, 0, 0.54%, 0, 0, 11, 1394.91
1775281491, 2180, 56, 433, 0, 0, 0.54%, 0, 0, 11, 1519.59
1775281497, 2180, 91, 433, 0, 0, 0.54%, 0, 0, 11, 1514.75
1775281502, 2180, 151, 433, 0, 0, 0.54%, 0, 0, 11, 1395.59
1775281507, 2180, 217, 433, 0, 0, 0.54%, 0, 0, 11, 1464.98
1775281512, 2180, 259, 433, 0, 0, 0.54%, 0, 0, 11, 1353.13
1775281517, 2180, 385, 433, 0, 0, 0.54%, 0, 0, 11, 1360.00
1775281522, 2181, 79, 433, 0, 0, 0.54%, 0, 0, 11, 1533.60
1775281527, 2181, 135, 433, 0, 0, 0.54%, 0, 0, 11, 1472.22
1775281532, 2181, 196, 433, 0, 0, 0.54%, 0, 0, 11, 1552.03
1775281537, 2181, 323, 433, 0, 0, 0.54%, 0, 0, 11, 1695.80
1775281542, 2181, 357, 433, 0, 0, 0.54%, 0, 0, 11, 1411.12
1775281548, 2181, 399, 433, 0, 0, 0.54%, 0, 0, 11, 1167.76
1775281553, 2182, 59, 433, 0, 0, 0.54%, 0, 0, 11, 1409.81
1775281558, 2182, 91, 433, 0, 0, 0.54%, 0, 0, 11, 1468.35
1775281563, 2182, 112, 433, 0, 0, 0.54%, 0, 0, 11, 1477.64
1775281568, 2182, 199, 433, 0, 0, 0.54%, 0, 0, 11, 1475.59
1775281573, 2182, 323, 433, 0, 0, 0.54%, 0, 0, 11, 1487.39
1775281578, 2182, 382, 433, 0, 0, 0.54%, 0, 0, 11, 1398.82
1775281583, 2183, 22, 433, 0, 0, 0.54%, 0, 0, 11, 1192.46
1775281588, 2183, 82, 433, 0, 0, 0.54%, 0, 0, 11, 1424.73
1775281593, 2183, 138, 433, 0, 0, 0.54%, 0, 0, 11, 1456.98
1775281599, 2183, 232, 433, 0, 0, 0.54%, 0, 0, 11, 1504.67
1775281604, 2183, 346, 433, 0, 0, 0.54%, 0, 0, 11, 1404.80
1775281609, 2183, 385, 433, 0, 0, 0.54%, 0, 0, 11, 1400.56
1775281614, 2184, 36, 433, 0, 0, 0.54%, 0, 0, 11, 1393.02
1775281619, 2184, 100, 433, 0, 0, 0.54%, 0, 0, 11, 1555.99
1775281624, 2184, 196, 433, 0, 0, 0.54%, 0, 0, 11, 1445.33
1775281629, 2184, 304, 433, 0, 0, 0.54%, 0, 0, 11, 1488.63
1775281634, 2184, 357, 433, 0, 0, 0.54%, 0, 0, 11, 1459.04
1775281639, 2184, 404, 433, 0, 0, 0.54%, 0, 0, 11, 1182.26
1775281645, 2185, 34, 433, 0, 0, 0.54%, 0, 0, 11, 1214.64
1775281650, 2185, 73, 433, 0, 0, 0.54%, 0, 0, 11, 1492.59
1775281655, 2185, 91, 433, 0, 0, 0.54%, 0, 0, 11, 1509.08
1775281660, 2185, 181, 433, 0, 0, 0.54%, 0, 0, 11, 1566.16
1775281665, 2185, 251, 433, 0, 0, 0.54%, 0, 0, 11, 1503.82
1775281670, 2185, 349, 433, 0, 0, 0.54%, 0, 0, 11, 1345.48
1775281675, 2185, 387, 433, 0, 0, 0.54%, 0, 0, 11, 1360.29
1775281680, 2186, 74, 433, 0, 0, 0.54%, 0, 0, 11, 1396.05
1775281686, 2186, 100, 433, 0, 0, 0.54%, 0, 0, 11, 1547.90
1775281691, 2186, 183, 433, 0, 0, 0.54%, 0, 0, 11, 1441.61
1775281696, 2186, 316, 433, 0, 0, 0.54%, 0, 0, 11, 1453.83
1775281701, 2186, 357, 433, 0, 0, 0.54%, 0, 0, 11, 1496.60
1775281706, 2186, 424, 433, 0, 0, 0.54%, 0, 0, 11, 1214.03
1775281711, 2187, 79, 433, 0, 0, 0.54%, 0, 0, 11, 1463.12
1775281716, 2187, 100, 433, 0, 0, 0.54%, 0, 0, 11, 1417.47
1775281722, 2187, 196, 433, 0, 0, 0.54%, 0, 0, 11, 1492.36
1775281727, 2187, 291, 433, 0, 0, 0.54%, 0, 0, 11, 1437.45
1775281732, 2187, 385, 433, 0, 0, 0.54%, 0, 0, 11, 1436.17
1775281737, 2188, 63, 433, 0, 0, 0.54%, 0, 0, 11, 1588.74
1775281742, 2188, 93, 433, 0, 0, 0.54%, 0, 0, 11, 1604.92
1775281747, 2188, 147, 433, 0, 0, 0.54%, 0, 0, 11, 1610.04
1775281752, 2188, 190, 433, 0, 0, 0.54%, 0, 0, 11, 1542.92
1775281757, 2188, 252, 433, 0, 0, 0.54%, 0, 0, 11, 1479.81
1775281762, 2188, 348, 433, 0, 0, 0.54%, 0, 0, 11, 1549.83
1775281767, 2188, 374, 433, 0, 0, 0.54%, 0, 0, 11, 1398.73
1775281772, 2189, 39, 433, 0, 0, 0.54%, 0, 0, 11, 1553.14
1775281777, 2189, 88, 433, 0, 0, 0.54%, 0, 0, 11, 1610.55
1775281783, 2189, 147, 433, 0, 0, 0.54%, 0, 0, 11, 1615.35
1775281788, 2189, 199, 433, 0, 0, 0.54%, 0, 0, 11, 1539.96
1775281793, 2189, 310, 433, 0, 0, 0.54%, 0, 0, 11, 1516.27
1775281798, 2189, 382, 433, 0, 0, 0.54%, 0, 0, 11, 1368.81
1775281803, 2190, 13, 433, 0, 0, 0.54%, 0, 0, 11, 801.48
1775281808, 2190, 63, 433, 0, 0, 0.54%, 0, 0, 11, 1397.08
1775281813, 2190, 91, 433, 0, 0, 0.54%, 0, 0, 11, 1515.70
1775281818, 2190, 157, 433, 0, 0, 0.54%, 0, 0, 11, 1487.86
1775281823, 2190, 196, 433, 0, 0, 0.54%, 0, 0, 11, 1481.74
1775281828, 2190, 321, 433, 0, 0, 0.54%, 0, 0, 11, 1514.27
1775281834, 2190, 385, 433, 0, 0, 0.54%, 0, 0, 11, 1332.87
1775281839, 2191, 4, 433, 0, 0, 0.54%, 0, 0, 11, 1377.77
1775281844, 2191, 50, 433, 0, 0, 0.54%, 0, 0, 11, 1446.11
1775281849, 2191, 91, 433, 0, 0, 0.54%, 0, 0, 11, 1531.41
1775281854, 2191, 196, 433, 0, 0, 0.54%, 0, 0, 11, 1465.92
1775281859, 2191, 299, 433, 0, 0, 0.54%, 0, 0, 11, 1474.76
1775281864, 2191, 343, 433, 0, 0, 0.54%, 0, 0, 11, 1475.99
1775281869, 2191, 410, 433, 0, 0, 0.54%, 0, 0, 11, 1249.41
1775281874, 2192, 80, 433, 0, 0, 0.54%, 0, 0, 11, 1457.45
1775281879, 2192, 137, 433, 0, 0, 0.54%, 0, 0, 11, 1581.84
1775281885, 2192, 203, 433, 0, 0, 0.54%, 0, 0, 11, 1541.22
1775281890, 2192, 294, 433, 0, 0, 0.54%, 0, 0, 11, 1410.60
1775281895, 2192, 354, 433, 0, 0, 0.54%, 0, 0, 11, 1399.96
1775281900, 2192, 424, 433, 0, 0, 0.54%, 0, 0, 11, 1290.35
1775281905, 2193, 25, 433, 0, 0, 0.54%, 0, 0, 11, 1455.39
1775281910, 2193, 86, 433, 0, 0, 0.54%, 0, 0, 11, 1651.59
1775281915, 2193, 132, 433, 0, 0, 0.54%, 0, 0, 11, 1488.04
1775281921, 2193, 196, 433, 0, 0, 0.54%, 0, 0, 11, 1426.44
1775281926, 2193, 290, 433, 0, 0, 0.54%, 0, 0, 11, 1494.08
1775281931, 2193, 324, 433, 0, 0, 0.54%, 0, 0, 11, 1504.77
1775281936, 2193, 415, 433, 0, 0, 0.54%, 0, 0, 11, 1405.87
1775281941, 2194, 80, 433, 0, 0, 0.54%, 0, 0, 11, 1459.21
1775281946, 2194, 131, 433, 0, 0, 0.54%, 0, 0, 11, 1533.93
1775281951, 2194, 193, 433, 0, 0, 0.54%, 0, 0, 11, 1512.14
1775281956, 2194, 266, 433, 0, 0, 0.54%, 0, 0, 11, 1266.63
1775281961, 2194, 354, 433, 0, 0, 0.54%, 0, 0, 11, 1451.57
1775281966, 2195, 16, 433, 0, 0, 0.54%, 0, 0, 11, 1339.83
1775281971, 2195, 80, 433, 0, 0, 0.54%, 0, 0, 11, 1549.37
1775281976, 2195, 116, 433, 0, 0, 0.54%, 0, 0, 11, 1551.34
1775281982, 2195, 188, 433, 0, 0, 0.54%, 0, 0, 11, 1498.13
1775281987, 2195, 274, 433, 0, 0, 0.54%, 0, 0, 11, 1566.95
1775281992, 2195, 357, 433, 0, 0, 0.54%, 0, 0, 11, 1511.21
1775281997, 2196, 15, 433, 0, 0, 0.54%, 0, 0, 11, 1380.43
1775282002, 2196, 80, 433, 0, 0, 0.54%, 0, 0, 11, 1478.03
1775282007, 2196, 109, 433, 0, 0, 0.54%, 0, 0, 11, 1443.05
1775282012, 2196, 233, 433, 0, 0, 0.54%, 0, 0, 11, 1439.96
1775282018, 2196, 306, 433, 0, 0, 0.54%, 0, 0, 11, 284.44
1775282023, 2196, 349, 433, 0, 0, 0.54%, 0, 0, 11, 1125.68
1775282028, 2196, 391, 433, 0, 0, 0.54%, 0, 0, 11, 1254.27
1775282033, 2197, 37, 433, 0, 0, 0.54%, 0, 0, 11, 1236.45
1775282038, 2197, 79, 433, 0, 0, 0.54%, 0, 0, 11, 1480.82
1775282043, 2197, 100, 433, 0, 0, 0.54%, 0, 0, 11, 1462.91
1775282048, 2197, 206, 433, 0, 0, 0.54%, 0, 0, 11, 1475.67
1775282053, 2197, 273, 433, 0, 0, 0.54%, 0, 0, 11, 1436.27
1775282058, 2197, 354, 433, 0, 0, 0.54%, 0, 0, 11, 1347.27
1775282063, 2198, 10, 433, 0, 0, 0.54%, 0, 0, 11, 1383.84
1775282068, 2198, 65, 433, 0, 0, 0.54%, 0, 0, 11, 1478.59
1775282073, 2198, 111, 433, 0, 0, 0.54%, 0, 0, 11, 1538.37
1775282079, 2198, 196, 433, 0, 0, 0.54%, 0, 0, 11, 1445.11
1775282084, 2198, 288, 433, 0, 0, 0.54%, 0, 0, 11, 1412.79
1775282089, 2198, 431, 433, 0, 0, 0.54%, 0, 0, 11, 1355.76
1775282094, 2199, 28, 433, 0, 0, 0.54%, 0, 0, 11, 1496.56
1775282099, 2199, 79, 433, 0, 0, 0.54%, 0, 0, 11, 1497.05
1775282104, 2199, 114, 433, 0, 0, 0.54%, 0, 0, 11, 1559.90
1775282109, 2199, 174, 433, 0, 0, 0.54%, 0, 0, 11, 1601.39
1775282114, 2199, 279, 433, 0, 0, 0.54%, 0, 0, 11, 1584.04
1775282119, 2199, 310, 433, 0, 0, 0.54%, 0, 0, 11, 1861.56
1775282125, 2199, 372, 433, 0, 0, 0.54%, 0, 0, 11, 1562.42
1775282130, 2199, 428, 433, 0, 0, 0.54%, 0, 0, 11, 1481.46
1775282135, 2200, 80, 433, 0, 0, 0.54%, 0, 0, 11, 1580.52
1775282140, 2200, 112, 433, 0, 0, 0.54%, 0, 0, 11, 1384.95
1775282145, 2200, 172, 433, 0, 0, 0.54%, 0, 0, 11, 1577.53
1775282150, 2200, 293, 433, 0, 0, 0.54%, 0, 0, 11, 1467.72
1775282155, 2200, 385, 433, 0, 0, 0.54%, 0, 0, 11, 1444.41
1775282160, 2201, 29, 433, 0, 0, 0.54%, 0, 0, 11, 1330.88
1775282165, 2201, 77, 433, 0, 0, 0.54%, 0, 0, 11, 1555.94
1775282170, 2201, 100, 433, 0, 0, 0.54%, 0, 0, 11, 1518.04
1775282175, 2201, 156, 433, 0, 0, 0.54%, 0, 0, 11, 1416.20
1775282180, 2201, 236, 433, 0, 0, 0.54%, 0, 0, 11, 1472.32
1775282186, 2201, 325, 433, 0, 0, 0.54%, 0, 0, 11, 1487.44
1775282191, 2201, 400, 433, 0, 0, 0.54%, 0, 0, 11, 1248.71
1775282196, 2202, 63, 433, 0, 0, 0.54%, 0, 0, 11, 1565.18
1775282201, 2202, 92, 433, 0, 0, 0.54%, 0, 0, 11, 1535.75
1775282206, 2202, 147, 433, 0, 0, 0.54%, 0, 0, 11, 1389.39
1775282211, 2202, 203, 433, 0, 0, 0.54%, 0, 0, 11, 1523.74
1775282216, 2202, 316, 433, 0, 0, 0.54%, 0, 0, 11, 1486.39
1775282221, 2202, 362, 433, 0, 0, 0.54%, 0, 0, 11, 1420.28
1775282226, 2203, 70, 433, 0, 0, 0.54%, 0, 0, 11, 1642.42
1775282231, 2203, 101, 433, 0, 0, 0.54%, 0, 0, 11, 1580.87
1775282237, 2203, 196, 433, 0, 0, 0.54%, 0, 0, 11, 1538.26
1775282242, 2203, 264, 433, 0, 0, 0.54%, 0, 0, 11, 1431.95
1775282247, 2203, 325, 433, 0, 0, 0.54%, 0, 0, 11, 1450.95
1775282252, 2203, 385, 433, 0, 0, 0.54%, 0, 0, 11, 1370.91
1775282257, 2204, 23, 433, 0, 0, 0.54%, 0, 0, 11, 1395.90
1775282262, 2204, 86, 433, 0, 0, 0.54%, 0, 0, 11, 1591.49
1775282267, 2204, 144, 433, 0, 0, 0.54%, 0, 0, 11, 1564.80
1775282272, 2204, 205, 433, 0, 0, 0.54%, 0, 0, 11, 1457.84
1775282277, 2204, 277, 433, 0, 0, 0.54%, 0, 0, 11, 1473.88
1775282283, 2204, 354, 433, 0, 0, 0.54%, 0, 0, 11, 1535.08
1775282288, 2205, 38, 433, 0, 0, 0.54%, 0, 0, 11, 1401.38
1775282293, 2205, 91, 433, 0, 0, 0.54%, 0, 0, 11, 1579.97
1775282298, 2205, 147, 433, 0, 0, 0.54%, 0, 0, 11, 1501.30
1775282303, 2205, 214, 433, 0, 0, 0.54%, 0, 0, 11, 1506.77
1775282308, 2205, 319, 433, 0, 0, 0.54%, 0, 0, 11, 1505.56
1775282313, 2205, 374, 433, 0, 0, 0.54%, 0, 0, 11, 1382.94
1775282318, 2205, 431, 433, 0, 0, 0.54%, 0, 0, 11, 1319.50
1775282323, 2206, 63, 433, 0, 0, 0.54%, 0, 0, 11, 1493.77
1775282328, 2206, 91, 433, 0, 0, 0.54%, 0, 0, 11, 1504.98
1775282334, 2206, 147, 433, 0, 0, 0.54%, 0, 0, 11, 1472.45
1775282339, 2206, 256, 433, 0, 0, 0.54%, 0, 0, 11, 1451.95
1775282344, 2206, 354, 433, 0, 0, 0.54%, 0, 0, 11, 1402.59
1775282349, 2207, 33, 433, 0, 0, 0.54%, 0, 0, 11, 1331.19
1775282354, 2207, 100, 433, 0, 0, 0.54%, 0, 0, 11, 1506.96
1775282359, 2207, 169, 433, 0, 0, 0.54%, 0, 0, 11, 1457.74
1775282364, 2207, 273, 433, 0, 0, 0.54%, 0, 0, 11, 1385.85
1775282369, 2207, 349, 433, 0, 0, 0.54%, 0, 0, 11, 1524.73
1775282374, 2208, 44, 433, 0, 0, 0.54%, 0, 0, 11, 1335.56
1775282380, 2208, 83, 433, 0, 0, 0.54%, 0, 0, 11, 1520.74
1775282385, 2208, 111, 433, 0, 0, 0.54%, 0, 0, 11, 1551.72
1775282390, 2208, 153, 433, 0, 0, 0.54%, 0, 0, 11, 1505.49
1775282395, 2208, 256, 433, 0, 0, 0.54%, 0, 0, 11, 1537.10
1775282400, 2208, 349, 433, 0, 0, 0.54%, 0, 0, 11, 1538.70
1775282405, 2209, 2, 433, 0, 0, 0.54%, 0, 0, 11, 263.37
1775282410, 2209, 79, 433, 0, 0, 0.54%, 0, 0, 11, 1223.51
1775282415, 2209, 132, 433, 0, 0, 0.54%, 0, 0, 11, 1483.04
1775282420, 2209, 252, 433, 0, 0, 0.54%, 0, 0, 11, 1431.62
1775282425, 2209, 385, 433, 0, 0, 0.54%, 0, 0, 11, 1408.22
1775282430, 2210, 79, 433, 0, 0, 0.54%, 0, 0, 11, 1551.18
1775282435, 2210, 111, 433, 0, 0, 0.54%, 0, 0, 11, 1513.64
1775282441, 2210, 186, 433, 0, 0, 0.54%, 0, 0, 11, 1522.62
1775282446, 2210, 275, 433, 0, 0, 0.54%, 0, 0, 11, 1399.46
1775282451, 2210, 325, 433, 0, 0, 0.54%, 0, 0, 11, 1575.54
1775282456, 2210, 371, 433, 0, 0, 0.54%, 0, 0, 11, 1402.42
1775282461, 2211, 63, 433, 0, 0, 0.54%, 0, 0, 11, 1412.88
1775282466, 2211, 101, 433, 0, 0, 0.54%, 0, 0, 11, 1351.53
1775282471, 2211, 196, 433, 0, 0, 0.54%, 0, 0, 11, 1493.66
1775282476, 2211, 248, 433, 0, 0, 0.54%, 0, 0, 11, 1399.35
1775282481, 2211, 297, 433, 0, 0, 0.54%, 0, 0, 11, 1415.52
1775282487, 2211, 354, 433, 0, 0, 0.54%, 0, 0, 11, 1320.21
1775282492, 2212, 0, 433, 0, 0, 0.54%, 0, 0, 11, 1340.07
1775282497, 2212, 61, 433, 0, 0, 0.54%, 0, 0, 11, 1381.48
1775282502, 2212, 86, 433, 0, 0, 0.54%, 0, 0, 11, 1548.77
1775282507, 2212, 147, 433, 0, 0, 0.54%, 0, 0, 11, 1496.14
1775282512, 2212, 249, 433, 0, 0, 0.54%, 0, 0, 11, 1449.85
1775282517, 2212, 366, 433, 0, 0, 0.54%, 0, 0, 11, 1405.58
1775282522, 2213, 36, 433, 0, 0, 0.54%, 0, 0, 11, 1303.61
1775282527, 2213, 80, 433, 0, 0, 0.54%, 0, 0, 11, 1497.13
1775282532, 2213, 196, 433, 0, 0, 0.54%, 0, 0, 11, 1549.17
1775282538, 2213, 227, 433, 0, 0, 0.54%, 0, 0, 11, 1491.03
1775282543, 2213, 322, 433, 0, 0, 0.54%, 0, 0, 11, 1352.08
1775282548, 2213, 385, 433, 0, 0, 0.54%, 0, 0, 11, 1399.60
1775282553, 2214, 47, 433, 0, 0, 0.54%, 0, 0, 11, 1421.77
1775282558, 2214, 80, 433, 0, 0, 0.54%, 0, 0, 11, 1533.24
1775282563, 2214, 100, 433, 0, 0, 0.54%, 0, 0, 11, 1439.40
1775282568, 2214, 147, 433, 0, 0, 0.54%, 0, 0, 11, 1421.65
1775282573, 2214, 276, 433, 0, 0, 0.54%, 0, 0, 11, 1455.94
1775282578, 2214, 349, 433, 0, 0, 0.54%, 0, 0, 11, 1516.12
1775282583, 2214, 399, 433, 0, 0, 0.54%, 0, 0, 11, 1278.61
1775282588, 2215, 63, 433, 0, 0, 0.54%, 0, 0, 11, 1397.53
1775282593, 2215, 91, 433, 0, 0, 0.54%, 0, 0, 11, 1476.09
1775282598, 2215, 185, 433, 0, 0, 0.54%, 0, 0, 11, 1479.92
1775282604, 2215, 287, 433, 0, 0, 0.54%, 0, 0, 11, 1398.45
1775282609, 2215, 371, 433, 0, 0, 0.54%, 0, 0, 11, 1452.15
1775282614, 2216, 63, 433, 0, 0, 0.54%, 0, 0, 11, 1472.56
1775282619, 2216, 86, 433, 0, 0, 0.54%, 0, 0, 11, 1443.69
1775282624, 2216, 164, 433, 0, 0, 0.54%, 0, 0, 11, 1472.20
1775282629, 2216, 196, 433, 0, 0, 0.54%, 0, 0, 11, 1425.61
1775282634, 2216, 354, 433, 0, 0, 0.54%, 0, 0, 11, 1424.67
1775282639, 2217, 7, 433, 0, 0, 0.54%, 0, 0, 11, 1294.15
1775282644, 2217, 86, 433, 0, 0, 0.54%, 0, 0, 11, 1494.50
1775282649, 2217, 156, 433, 0, 0, 0.54%, 0, 0, 11, 1643.21
1775282654, 2217, 301, 433, 0, 0, 0.54%, 0, 0, 11, 1511.32
1775282659, 2217, 354, 433, 0, 0, 0.54%, 0, 0, 11, 1367.35
1775282665, 2218, 24, 433, 0, 0, 0.54%, 0, 0, 11, 1495.69
1775282670, 2218, 76, 433, 0, 0, 0.54%, 0, 0, 11, 1541.58
1775282675, 2218, 100, 433, 0, 0, 0.54%, 0, 0, 11, 1557.64
1775282680, 2218, 151, 433, 0, 0, 0.54%, 0, 0, 11, 1738.97
1775282685, 2218, 241, 433, 0, 0, 0.54%, 0, 0, 11, 1590.03
1775282690, 2218, 354, 433, 0, 0, 0.54%, 0, 0, 11, 1428.50
1775282695, 2218, 428, 433, 0, 0, 0.54%, 0, 0, 11, 1223.69
1775282700, 2219, 55, 433, 0, 0, 0.54%, 0, 0, 11, 1494.44
1775282705, 2219, 85, 433, 0, 0, 0.54%, 0, 0, 11, 1582.07
1775282710, 2219, 101, 433, 0, 0, 0.54%, 0, 0, 11, 1503.07
1775282715, 2219, 162, 433, 0, 0, 0.54%, 0, 0, 11, 1491.48
1775282721, 2219, 237, 433, 0, 0, 0.54%, 0, 0, 11, 1404.18
1775282726, 2219, 349, 433, 0, 0, 0.54%, 0, 0, 11, 1414.30
1775282731, 2219, 426, 433, 0, 0, 0.54%, 0, 0, 11, 1254.73
1775282736, 2220, 79, 433, 0, 0, 0.54%, 0, 0, 11, 1396.65
1775282741, 2220, 100, 433, 0, 0, 0.54%, 0, 0, 11, 1366.49
1775282746, 2220, 147, 433, 0, 0, 0.54%, 0, 0, 11, 1247.05
1775282752, 2220, 196, 433, 0, 0, 0.54%, 0, 0, 11, 1359.23
1775282757, 2220, 338, 433, 0, 0, 0.54%, 0, 0, 11, 1357.66
1775282762, 2220, 385, 433, 0, 0, 0.54%, 0, 0, 11, 1278.48
1775282767, 2221, 28, 433, 0, 0, 0.54%, 0, 0, 11, 1386.28
1775282772, 2221, 91, 433, 0, 0, 0.54%, 0, 0, 11, 1542.31
1775282777, 2221, 140, 433, 0, 0, 0.54%, 0, 0, 11, 1525.01
1775282782, 2221, 205, 433, 0, 0, 0.54%, 0, 0, 11, 1571.02
1775282787, 2221, 289, 433, 0, 0, 0.54%, 0, 0, 11, 1532.62
1775282792, 2221, 354, 433, 0, 0, 0.54%, 0, 0, 11, 1442.94
1775282797, 2221, 392, 433, 0, 0, 0.54%, 0, 0, 11, 1220.28
1775282802, 2222, 47, 433, 0, 0, 0.54%, 0, 0, 11, 1459.13
1775282807, 2222, 86, 433, 0, 0, 0.54%, 0, 0, 11, 1518.82
1775282813, 2222, 132, 433, 0, 0, 0.54%, 0, 0, 11, 1481.72
1775282818, 2222, 221, 433, 0, 0, 0.54%, 0, 0, 11, 1529.11
1775282823, 2222, 306, 433, 0, 0, 0.54%, 0, 0, 11, 1467.16
1775282828, 2222, 371, 433, 0, 0, 0.54%, 0, 0, 11, 1479.65
1775282833, 2223, 36, 433, 0, 0, 0.54%, 0, 0, 11, 1508.86
1775282838, 2223, 100, 433, 0, 0, 0.54%, 0, 0, 11, 1565.88
1775282843, 2223, 205, 433, 0, 0, 0.54%, 0, 0, 11, 1471.89
1775282848, 2223, 354, 433, 0, 0, 0.54%, 0, 0, 11, 1447.85
1775282853, 2223, 401, 433, 0, 0, 0.54%, 0, 0, 11, 1157.15
1775282858, 2224, 91, 433, 0, 0, 0.54%, 0, 0, 11, 1412.31
1775282864, 2224, 143, 433, 0, 0, 0.54%, 0, 0, 11, 1413.08
1775282869, 2224, 217, 433, 0, 0, 0.54%, 0, 0, 11, 1515.12
1775282874, 2224, 344, 433, 0, 0, 0.54%, 0, 0, 11, 1409.32
1775282879, 2224, 385, 433, 0, 0, 0.54%, 0, 0, 11, 1336.49
1775282884, 2225, 80, 433, 0, 0, 0.54%, 0, 0, 11, 1507.03
1775282889, 2225, 111, 433, 0, 0, 0.54%, 0, 0, 11, 1547.41
1775282894, 2225, 185, 433, 0, 0, 0.54%, 0, 0, 11, 1426.53
1775282899, 2225, 266, 433, 0, 0, 0.54%, 0, 0, 11, 1451.45
1775282904, 2225, 354, 433, 0, 0, 0.54%, 0, 0, 11, 1491.10
1775282909, 2226, 47, 433, 0, 0, 0.54%, 0, 0, 11, 1385.29
1775282914, 2226, 86, 433, 0, 0, 0.54%, 0, 0, 11, 1378.11
1775282920, 2226, 147, 433, 0, 0, 0.54%, 0, 0, 11, 1388.50
1775282925, 2226, 237, 433, 0, 0, 0.54%, 0, 0, 11, 1524.35
1775282930, 2226, 371, 433, 0, 0, 0.54%, 0, 0, 11, 1445.78
1775282935, 2227, 54, 433, 0, 0, 0.54%, 0, 0, 11, 1510.82
1775282940, 2227, 100, 433, 0, 0, 0.54%, 0, 0, 11, 1620.47
1775282945, 2227, 205, 433, 0, 0, 0.54%, 0, 0, 11, 1563.02
1775282950, 2227, 340, 433, 0, 0, 0.54%, 0, 0, 11, 1452.03
1775282955, 2227, 390, 433, 0, 0, 0.54%, 0, 0, 11, 1309.53
1775282960, 2228, 63, 433, 0, 0, 0.54%, 0, 0, 11, 1545.35
1775282965, 2228, 86, 433, 0, 0, 0.54%, 0, 0, 11, 1518.68
1775282970, 2228, 142, 433, 0, 0, 0.54%, 0, 0, 11, 1520.42
1775282975, 2228, 268, 433, 0, 0, 0.54%, 0, 0, 11, 1464.29
1775282980, 2228, 358, 433, 0, 0, 0.54%, 0, 0, 11, 1444.52
1775282985, 2229, 47, 433, 0, 0, 0.54%, 0, 0, 11, 1395.76
1775282991, 2229, 80, 433, 0, 0, 0.54%, 0, 0, 11, 1480.34
1775282996, 2229, 114, 433, 0, 0, 0.54%, 0, 0, 11, 1498.25
1775283001, 2229, 227, 433, 0, 0, 0.54%, 0, 0, 11, 1469.23
1775283006, 2229, 349, 433, 0, 0, 0.54%, 0, 0, 11, 1519.31
1775283011, 2229, 424, 433, 0, 0, 0.54%, 0, 0, 11, 1393.47
1775283016, 2230, 63, 433, 0, 0, 0.54%, 0, 0, 11, 1499.28
1775283021, 2230, 111, 433, 0, 0, 0.54%, 0, 0, 11, 1567.11
1775283026, 2230, 196, 433, 0, 0, 0.54%, 0, 0, 11, 1604.49
1775283031, 2230, 349, 433, 0, 0, 0.54%, 0, 0, 11, 1411.37
1775283036, 2230, 395, 433, 0, 0, 0.54%, 0, 0, 11, 1239.93
1775283041, 2231, 79, 433, 0, 0, 0.54%, 0, 0, 11, 1489.87
1775283046, 2231, 147, 433, 0, 0, 0.54%, 0, 0, 11, 1515.36
1775283052, 2231, 200, 433, 0, 0, 0.54%, 0, 0, 11, 1454.90
1775283057, 2231, 325, 433, 0, 0, 0.54%, 0, 0, 11, 1371.62
1775283062, 2231, 401, 433, 0, 0, 0.54%, 0, 0, 11, 1318.55
1775283067, 2232, 74, 433, 0, 0, 0.54%, 0, 0, 11, 1431.94
1775283072, 2232, 92, 433, 0, 0, 0.54%, 0, 0, 11, 1489.59
1775283077, 2232, 130, 433, 0, 0, 0.54%, 0, 0, 11, 1268.17
1775283082, 2232, 217, 433, 0, 0, 0.54%, 0, 0, 11, 1417.86
1775283087, 2232, 305, 433, 0, 0, 0.54%, 0, 0, 11, 1373.70
1775283093, 2232, 385, 433, 0, 0, 0.54%, 0, 0, 11, 1340.18
1775283098, 2233, 36, 433, 0, 0, 0.54%, 0, 0, 11, 1333.03
1775283103, 2233, 87, 433, 0, 0, 0.54%, 0, 0, 11, 1483.66
1775283108, 2233, 147, 433, 0, 0, 0.54%, 0, 0, 11, 1506.93
1775283113, 2233, 196, 433, 0, 0, 0.54%, 0, 0, 11, 1451.82
1775283118, 2233, 349, 433, 0, 0, 0.54%, 0, 0, 11, 1356.33
1775283123, 2234, 7, 433, 0, 0, 0.54%, 0, 0, 11, 1233.23
1775283129, 2234, 72, 433, 0, 0, 0.54%, 0, 0, 11, 1490.46
1775283134, 2234, 100, 433, 0, 0, 0.54%, 0, 0, 11, 1489.72
1775283139, 2234, 196, 433, 0, 0, 0.54%, 0, 0, 11, 1325.24
1775283144, 2234, 305, 433, 0, 0, 0.54%, 0, 0, 11, 1385.82
1775283149, 2234, 385, 433, 0, 0, 0.54%, 0, 0, 11, 1362.83
1775283154, 2235, 80, 433, 0, 0, 0.54%, 0, 0, 11, 1443.38
1775283159, 2235, 111, 433, 0, 0, 0.54%, 0, 0, 11, 1439.29
1775283164, 2235, 235, 433, 0, 0, 0.54%, 0, 0, 11, 1087.02
1775283169, 2235, 379, 433, 0, 0, 0.54%, 0, 0, 11, 1357.44
1775283175, 2236, 63, 433, 0, 0, 0.54%, 0, 0, 11, 1486.18
1775283180, 2236, 86, 433, 0, 0, 0.54%, 0, 0, 11, 1541.89
1775283185, 2236, 183, 433, 0, 0, 0.54%, 0, 0, 11, 1496.17
1775283190, 2236, 238, 433, 0, 0, 0.54%, 0, 0, 11, 288.29
1775283195, 2236, 325, 433, 0, 0, 0.54%, 0, 0, 11, 1218.68
1775283200, 2236, 404, 433, 0, 0, 0.54%, 0, 0, 11, 1287.82
1775283205, 2237, 80, 433, 0, 0, 0.54%, 0, 0, 11, 1480.37
1775283210, 2237, 147, 433, 0, 0, 0.54%, 0, 0, 11, 1532.25
1775283216, 2237, 260, 433, 0, 0, 0.54%, 0, 0, 11, 1543.77
1775283221, 2237, 338, 433, 0, 0, 0.54%, 0, 0, 11, 1393.92
1775283226, 2237, 385, 433, 0, 0, 0.54%, 0, 0, 11, 1403.05
1775283231, 2238, 33, 433, 0, 0, 0.54%, 0, 0, 11, 1304.95
1775283236, 2238, 86, 433, 0, 0, 0.54%, 0, 0, 11, 1420.29
1775283241, 2238, 186, 433, 0, 0, 0.54%, 0, 0, 11, 1456.56
1775283246, 2238, 263, 433, 0, 0, 0.54%, 0, 0, 11, 1461.98
1775283251, 2238, 354, 433, 0, 0, 0.54%, 0, 0, 11, 1371.70
1775283256, 2239, 1, 433, 0, 0, 0.54%, 0, 0, 11, 1236.31
1775283261, 2239, 64, 433, 0, 0, 0.54%, 0, 0, 11, 1499.96
1775283266, 2239, 101, 433, 0, 0, 0.54%, 0, 0, 11, 1488.72
1775283271, 2239, 147, 433, 0, 0, 0.54%, 0, 0, 11, 1516.49
1775283277, 2239, 231, 433, 0, 0, 0.54%, 0, 0, 11, 1510.57
1775283282, 2239, 344, 433, 0, 0, 0.54%, 0, 0, 11, 1364.62
1775283287, 2239, 385, 433, 0, 0, 0.54%, 0, 0, 11, 1358.32
1775283292, 2240, 79, 433, 0, 0, 0.54%, 0, 0, 11, 1430.07
1775283297, 2240, 111, 433, 0, 0, 0.54%, 0, 0, 11, 1427.33
1775283302, 2240, 158, 433, 0, 0, 0.54%, 0, 0, 11, 1426.17
1775283307, 2240, 238, 433, 0, 0, 0.54%, 0, 0, 11, 1394.30
1775283312, 2240, 354, 433, 0, 0, 0.54%, 0, 0, 11, 1258.94
1775283317, 2240, 399, 433, 0, 0, 0.54%, 0, 0, 11, 1170.42
1775283322, 2241, 76, 433, 0, 0, 0.54%, 0, 0, 11, 1338.05
1775283327, 2241, 93, 433, 0, 0, 0.54%, 0, 0, 11, 1563.42
1775283333, 2241, 147, 433, 0, 0, 0.54%, 0, 0, 11, 1453.40
1775283338, 2241, 234, 433, 0, 0, 0.54%, 0, 0, 11, 1558.26
1775283343, 2241, 325, 433, 0, 0, 0.54%, 0, 0, 11, 1443.92
1775283348, 2241, 385, 433, 0, 0, 0.54%, 0, 0, 11, 1405.62
1775283353, 2242, 60, 433, 0, 0, 0.54%, 0, 0, 11, 1447.36
1775283358, 2242, 100, 433, 0, 0, 0.54%, 0, 0, 11, 1604.92
1775283363, 2242, 188, 433, 0, 0, 0.54%, 0, 0, 11, 1647.78
1775283368, 2242, 243, 433, 0, 0, 0.54%, 0, 0, 11, 1585.93
1775283373, 2242, 339, 433, 0, 0, 0.54%, 0, 0, 11, 1552.69
1775283378, 2242, 385, 433, 0, 0, 0.54%, 0, 0, 11, 1333.33
1775283384, 2243, 27, 433, 0, 0, 0.54%, 0, 0, 11, 1302.44
1775283389, 2243, 80, 433, 0, 0, 0.54%, 0, 0, 11, 1454.00
1775283394, 2243, 147, 433, 0, 0, 0.54%, 0, 0, 11, 1517.92
1775283399, 2243, 261, 433, 0, 0, 0.54%, 0, 0, 11, 1465.63
1775283404, 2243, 357, 433, 0, 0, 0.54%, 0, 0, 11, 1299.13
1775283409, 2244, 54, 433, 0, 0, 0.54%, 0, 0, 11, 1442.10
1775283414, 2244, 85, 433, 0, 0, 0.54%, 0, 0, 11, 1389.11
1775283419, 2244, 149, 433, 0, 0, 0.54%, 0, 0, 11, 1390.74
1775283424, 2244, 282, 433, 0, 0, 0.54%, 0, 0, 11, 1470.50
1775283429, 2244, 357, 433, 0, 0, 0.54%, 0, 0, 11, 1361.05
1775283434, 2245, 63, 433, 0, 0, 0.54%, 0, 0, 11, 1477.83
1775283439, 2245, 91, 433, 0, 0, 0.54%, 0, 0, 11, 1454.31
1775283444, 2245, 147, 433, 0, 0, 0.54%, 0, 0, 11, 1487.73
1775283450, 2245, 200, 433, 0, 0, 0.54%, 0, 0, 11, 1422.32
1775283455, 2245, 276, 433, 0, 0, 0.54%, 0, 0, 11, 1461.31
1775283460, 2245, 354, 433, 0, 0, 0.54%, 0, 0, 11, 1452.80
1775283465, 2246, 19, 433, 0, 0, 0.54%, 0, 0, 11, 1232.81
1775283470, 2246, 86, 433, 0, 0, 0.54%, 0, 0, 11, 1452.48
1775283475, 2246, 147, 433, 0, 0, 0.54%, 0, 0, 11, 1426.27
1775283480, 2246, 235, 433, 0, 0, 0.54%, 0, 0, 11, 1394.49
1775283485, 2246, 349, 433, 0, 0, 0.54%, 0, 0, 11, 1512.97
1775283490, 2246, 385, 433, 0, 0, 0.54%, 0, 0, 11, 1266.61
1775283496, 2247, 63, 433, 0, 0, 0.54%, 0, 0, 11, 1481.04
1775283501, 2247, 91, 433, 0, 0, 0.54%, 0, 0, 11, 1546.08
1775283506, 2247, 115, 433, 0, 0, 0.54%, 0, 0, 11, 1446.51
1775283511, 2247, 231, 433, 0, 0, 0.54%, 0, 0, 11, 1486.58
1775283516, 2247, 384, 433, 0, 0, 0.54%, 0, 0, 11, 1390.70
1775283521, 2248, 63, 433, 0, 0, 0.54%, 0, 0, 11, 1452.61
1775283526, 2248, 101, 433, 0, 0, 0.54%, 0, 0, 11, 1454.89
1775283531, 2248, 145, 433, 0, 0, 0.54%, 0, 0, 11, 306.39
1775283536, 2248, 229, 433, 0, 0, 0.54%, 0, 0, 11, 1130.43
1775283541, 2248, 354, 433, 0, 0, 0.54%, 0, 0, 11, 1294.83
1775283546, 2249, 36, 433, 0, 0, 0.54%, 0, 0, 11, 1315.15
1775283551, 2249, 86, 433, 0, 0, 0.54%, 0, 0, 11, 1615.45
1775283556, 2249, 147, 433, 0, 0, 0.54%, 0, 0, 11, 1487.51
1775283561, 2249, 277, 433, 0, 0, 0.54%, 0, 0, 11, 1608.35
1775283567, 2249, 360, 433, 0, 0, 0.54%, 0, 0, 11, 1380.90
1775283572, 2250, 0, 433, 0, 0, 0.54%, 0, 0, 11, 1114.52
1775283577, 2250, 79, 433, 0, 0, 0.54%, 0, 0, 11, 1493.25
1775283582, 2250, 147, 433, 0, 0, 0.54%, 0, 0, 11, 1484.76
1775283587, 2250, 259, 433, 0, 0, 0.54%, 0, 0, 11, 1530.57
1775283592, 2250, 349, 433, 0, 0, 0.54%, 0, 0, 11, 1500.76
1775283597, 2250, 389, 433, 0, 0, 0.54%, 0, 0, 11, 1300.37
1775283603, 2251, 80, 433, 0, 0, 0.54%, 0, 0, 11, 1513.80
1775283608, 2251, 116, 433, 0, 0, 0.54%, 0, 0, 11, 1533.77
1775283613, 2251, 196, 433, 0, 0, 0.54%, 0, 0, 11, 1576.08
1775283618, 2251, 354, 433, 0, 0, 0.54%, 0, 0, 11, 1506.87
1775283623, 2252, 36, 433, 0, 0, 0.54%, 0, 0, 11, 1410.74
1775283628, 2252, 86, 433, 0, 0, 0.54%, 0, 0, 11, 1500.48
1775283633, 2252, 111, 433, 0, 0, 0.54%, 0, 0, 11, 1875.62
1775283638, 2252, 172, 433, 0, 0, 0.54%, 0, 0, 11, 1468.48
1775283643, 2252, 267, 433, 0, 0, 0.54%, 0, 0, 11, 1485.34
1775283648, 2252, 325, 433, 0, 0, 0.54%, 0, 0, 11, 1343.99
1775283654, 2252, 415, 433, 0, 0, 0.54%, 0, 0, 11, 1397.36
1775283659, 2253, 63, 433, 0, 0, 0.54%, 0, 0, 11, 1490.13
1775283664, 2253, 92, 433, 0, 0, 0.54%, 0, 0, 11, 1549.85
1775283669, 2253, 123, 433, 0, 0, 0.54%, 0, 0, 11, 1470.13
1775283674, 2253, 175, 433, 0, 0, 0.54%, 0, 0, 11, 1477.06
1775283679, 2253, 246, 433, 0, 0, 0.54%, 0, 0, 11, 1440.21
1775283684, 2253, 309, 433, 0, 0, 0.54%, 0, 0, 11, 1525.50
1775283689, 2253, 371, 433, 0, 0, 0.54%, 0, 0, 11, 1368.50
1775283694, 2254, 12, 433, 0, 0, 0.54%, 0, 0, 11, 1446.09
1775283699, 2254, 79, 433, 0, 0, 0.54%, 0, 0, 11, 1559.22
1775283704, 2254, 111, 433, 0, 0, 0.54%, 0, 0, 11, 1557.72
1775283710, 2254, 250, 433, 0, 0, 0.54%, 0, 0, 11, 1538.28
1775283715, 2254, 357, 433, 0, 0, 0.54%, 0, 0, 11, 1415.85
1775283720, 2255, 53, 433, 0, 0, 0.54%, 0, 0, 11, 1387.20
1775283725, 2255, 86, 433, 0, 0, 0.54%, 0, 0, 11, 1522.48
1775283730, 2255, 147, 433, 0, 0, 0.54%, 0, 0, 11, 1419.34
1775283735, 2255, 227, 433, 0, 0, 0.54%, 0, 0, 11, 1546.60
1775283740, 2255, 349, 433, 0, 0, 0.54%, 0, 0, 11, 1468.38
1775283745, 2255, 388, 433, 0, 0, 0.54%, 0, 0, 11, 1391.50
1775283750, 2256, 30, 433, 0, 0, 0.54%, 0, 0, 11, 1355.66
1775283755, 2256, 93, 433, 0, 0, 0.54%, 0, 0, 11, 1514.10
1775283761, 2256, 147, 433, 0, 0, 0.54%, 0, 0, 11, 1406.58
1775283766, 2256, 287, 433, 0, 0, 0.54%, 0, 0, 11, 1431.10
1775283771, 2256, 349, 433, 0, 0, 0.54%, 0, 0, 11, 1483.08
1775283776, 2256, 401, 433, 0, 0, 0.54%, 0, 0, 11, 1242.42
1775283781, 2257, 79, 433, 0, 0, 0.54%, 0, 0, 11, 1553.91
1775283786, 2257, 100, 433, 0, 0, 0.54%, 0, 0, 11, 1514.95
1775283791, 2257, 196, 433, 0, 0, 0.54%, 0, 0, 11, 1502.19
1775283796, 2257, 291, 433, 0, 0, 0.54%, 0, 0, 11, 1540.76
1775283801, 2257, 323, 433, 0, 0, 0.54%, 0, 0, 11, 1501.70
1775283806, 2258, 2, 433, 0, 0, 0.54%, 0, 0, 11, 1366.95
1775283812, 2258, 63, 433, 0, 0, 0.54%, 0, 0, 11, 1418.46
1775283817, 2258, 91, 433, 0, 0, 0.54%, 0, 0, 11, 1476.42
1775283822, 2258, 186, 433, 0, 0, 0.54%, 0, 0, 11, 1566.31
1775283827, 2258, 248, 433, 0, 0, 0.54%, 0, 0, 11, 1688.99
1775283832, 2258, 358, 433, 0, 0, 0.54%, 0, 0, 11, 1506.57
1775283837, 2259, 38, 433, 0, 0, 0.54%, 0, 0, 11, 1346.02
1775283842, 2259, 100, 433, 0, 0, 0.54%, 0, 0, 11, 1552.40
1775283847, 2259, 191, 433, 0, 0, 0.54%, 0, 0, 11, 1499.51
1775283852, 2259, 326, 433, 0, 0, 0.54%, 0, 0, 11, 1459.10
1775283857, 2259, 385, 433, 0, 0, 0.54%, 0, 0, 11, 1450.79
1775283862, 2260, 51, 433, 0, 0, 0.54%, 0, 0, 11, 1476.01
1775283867, 2260, 80, 433, 0, 0, 0.54%, 0, 0, 11, 1367.48
1775283873, 2260, 147, 433, 0, 0, 0.54%, 0, 0, 11, 1441.03
1775283878, 2260, 242, 433, 0, 0, 0.54%, 0, 0, 11, 1456.02
1775283883, 2260, 336, 433, 0, 0, 0.54%, 0, 0, 11, 1504.08
1775283888, 2260, 422, 433, 0, 0, 0.54%, 0, 0, 11, 1385.28
1775283893, 2261, 80, 433, 0, 0, 0.54%, 0, 0, 11, 1482.22
1775283898, 2261, 111, 433, 0, 0, 0.54%, 0, 0, 11, 1481.71
1775283903, 2261, 186, 433, 0, 0, 0.54%, 0, 0, 11, 1526.72
1775283908, 2261, 267, 433, 0, 0, 0.54%, 0, 0, 11, 1630.65
1775283913, 2261, 349, 433, 0, 0, 0.54%, 0, 0, 11, 1549.89
1775283919, 2261, 396, 433, 0, 0, 0.54%, 0, 0, 11, 1299.56
1775283924, 2261, 431, 433, 0, 0, 0.54%, 0, 0, 11, 1277.79
1775283929, 2262, 80, 433, 0, 0, 0.54%, 0, 0, 11, 1588.73
1775283934, 2262, 139, 433, 0, 0, 0.54%, 0, 0, 11, 1607.87
1775283939, 2262, 215, 433, 0, 0, 0.54%, 0, 0, 11, 1579.00
1775283944, 2262, 279, 433, 0, 0, 0.54%, 0, 0, 11, 1498.46
1775283949, 2262, 354, 433, 0, 0, 0.54%, 0, 0, 11, 1382.22
1775283954, 2262, 429, 433, 0, 0, 0.54%, 0, 0, 11, 1361.61
1775283959, 2263, 79, 433, 0, 0, 0.54%, 0, 0, 11, 1717.05
1775283964, 2263, 123, 433, 0, 0, 0.54%, 0, 0, 11, 1560.03
1775283970, 2263, 292, 433, 0, 0, 0.54%, 0, 0, 11, 1523.97
1775283975, 2263, 355, 433, 0, 0, 0.54%, 0, 0, 11, 1345.76
1775283980, 2264, 22, 433, 0, 0, 0.54%, 0, 0, 11, 1220.42
1775283985, 2264, 80, 433, 0, 0, 0.54%, 0, 0, 11, 1404.26
1775283990, 2264, 136, 433, 0, 0, 0.54%, 0, 0, 11, 1431.91
1775283995, 2264, 283, 433, 0, 0, 0.54%, 0, 0, 11, 1415.77
1775284000, 2264, 357, 433, 0, 0, 0.54%, 0, 0, 11, 1389.38
1775284005, 2264, 428, 433, 0, 0, 0.54%, 0, 0, 11, 1372.73
1775284010, 2265, 38, 433, 0, 0, 0.54%, 0, 0, 11, 1410.00
1775284015, 2265, 85, 433, 0, 0, 0.54%, 0, 0, 11, 1550.21
1775284020, 2265, 147, 433, 0, 0, 0.54%, 0, 0, 11, 1443.10
1775284026, 2265, 272, 433, 0, 0, 0.54%, 0, 0, 11, 1444.96
1775284031, 2265, 349, 433, 0, 0, 0.54%, 0, 0, 11, 1384.19
1775284036, 2265, 387, 433, 0, 0, 0.54%, 0, 0, 11, 1310.16
1775284041, 2266, 42, 433, 0, 0, 0.54%, 0, 0, 11, 1192.60
1775284046, 2266, 79, 433, 0, 0, 0.54%, 0, 0, 11, 1456.34
1775284051, 2266, 104, 433, 0, 0, 0.54%, 0, 0, 11, 1506.22
1775284056, 2266, 170, 433, 0, 0, 0.54%, 0, 0, 11, 1528.08
1775284061, 2266, 231, 433, 0, 0, 0.54%, 0, 0, 11, 1520.52
1775284066, 2266, 371, 433, 0, 0, 0.54%, 0, 0, 11, 1358.36
1775284071, 2267, 28, 433, 0, 0, 0.54%, 0, 0, 11, 1328.51
1775284076, 2267, 63, 433, 0, 0, 0.54%, 0, 0, 11, 1503.96
1775284081, 2267, 100, 433, 0, 0, 0.54%, 0, 0, 11, 1540.83
1775284086, 2267, 158, 433, 0, 0, 0.54%, 0, 0, 11, 1699.97
1775284092, 2267, 238, 433, 0, 0, 0.54%, 0, 0, 11, 1554.85
1775284097, 2267, 349, 433, 0, 0, 0.54%, 0, 0, 11, 1430.83
1775284102, 2268, 39, 433, 0, 0, 0.54%, 0, 0, 11, 1480.84
1775284107, 2268, 86, 433, 0, 0, 0.54%, 0, 0, 11, 1590.11
1775284112, 2268, 147, 433, 0, 0, 0.54%, 0, 0, 11, 1489.75
1775284117, 2268, 246, 433, 0, 0, 0.54%, 0, 0, 11, 1465.26
1775284122, 2268, 354, 433, 0, 0, 0.54%, 0, 0, 11, 1350.19
1775284127, 2269, 20, 433, 0, 0, 0.54%, 0, 0, 11, 1207.73
1775284133, 2269, 86, 433, 0, 0, 0.54%, 0, 0, 11, 1467.14
1775284138, 2269, 147, 433, 0, 0, 0.54%, 0, 0, 11, 1512.83
1775284143, 2269, 198, 433, 0, 0, 0.54%, 0, 0, 11, 1497.12
1775284148, 2269, 250, 433, 0, 0, 0.54%, 0, 0, 11, 1443.66
1775284153, 2269, 349, 433, 0, 0, 0.54%, 0, 0, 11, 1504.14
1775284158, 2269, 398, 433, 0, 0, 0.54%, 0, 0, 11, 1191.08
1775284163, 2270, 39, 433, 0, 0, 0.54%, 0, 0, 11, 1284.01
1775284168, 2270, 91, 433, 0, 0, 0.54%, 0, 0, 11, 1395.22
1775284173, 2270, 180, 433, 0, 0, 0.54%, 0, 0, 11, 1564.76
1775284178, 2270, 256, 433, 0, 0, 0.54%, 0, 0, 11, 1414.95
1775284183, 2270, 354, 433, 0, 0, 0.54%, 0, 0, 11, 1351.21
1775284189, 2271, 65, 433, 0, 0, 0.54%, 0, 0, 11, 1447.20
1775284194, 2271, 100, 433, 0, 0, 0.54%, 0, 0, 11, 1447.37
1775284199, 2271, 196, 433, 0, 0, 0.54%, 0, 0, 11, 1633.04
1775284204, 2271, 349, 433, 0, 0, 0.54%, 0, 0, 11, 1609.44
1775284209, 2272, 61, 433, 0, 0, 0.54%, 0, 0, 11, 1530.83
1775284214, 2272, 99, 433, 0, 0, 0.54%, 0, 0, 11, 1571.20
1775284219, 2272, 183, 433, 0, 0, 0.54%, 0, 0, 11, 1508.52
1775284224, 2272, 291, 433, 0, 0, 0.54%, 0, 0, 11, 1449.89
1775284229, 2272, 349, 433, 0, 0, 0.54%, 0, 0, 11, 1441.61
1775284234, 2272, 431, 433, 0, 0, 0.54%, 0, 0, 11, 1753.87
1775284240, 2273, 79, 433, 0, 0, 0.54%, 0, 0, 11, 1667.77
1775284245, 2273, 111, 433, 0, 0, 0.54%, 0, 0, 11, 1492.10
1775284250, 2273, 181, 433, 0, 0, 0.54%, 0, 0, 11, 1491.31
1775284255, 2273, 325, 433, 0, 0, 0.54%, 0, 0, 11, 1529.19
1775284260, 2273, 366, 433, 0, 0, 0.54%, 0, 0, 11, 1396.88
1775284265, 2274, 26, 433, 0, 0, 0.54%, 0, 0, 11, 1278.02
1775284270, 2274, 86, 433, 0, 0, 0.54%, 0, 0, 11, 1344.17
1775284275, 2274, 147, 433, 0, 0, 0.54%, 0, 0, 11, 1449.51
1775284280, 2274, 212, 433, 0, 0, 0.54%, 0, 0, 11, 1441.48
1775284285, 2274, 332, 433, 0, 0, 0.54%, 0, 0, 11, 1447.67
1775284290, 2274, 387, 433, 0, 0, 0.54%, 0, 0, 11, 1342.73
1775284295, 2275, 46, 433, 0, 0, 0.54%, 0, 0, 11, 1424.83
1775284301, 2275, 91, 433, 0, 0, 0.54%, 0, 0, 11, 1418.83
1775284306, 2275, 138, 433, 0, 0, 0.54%, 0, 0, 11, 1373.45
1775284311, 2275, 249, 433, 0, 0, 0.54%, 0, 0, 11, 1477.41
1775284316, 2275, 349, 433, 0, 0, 0.54%, 0, 0, 11, 1372.52
1775284321, 2275, 389, 433, 0, 0, 0.54%, 0, 0, 11, 1381.13
1775284326, 2276, 61, 433, 0, 0, 0.54%, 0, 0, 11, 1535.60
1775284331, 2276, 91, 433, 0, 0, 0.54%, 0, 0, 11, 1578.41
1775284336, 2276, 185, 433, 0, 0, 0.54%, 0, 0, 11, 1465.02
1775284341, 2276, 249, 433, 0, 0, 0.54%, 0, 0, 11, 1504.71
1775284346, 2276, 371, 433, 0, 0, 0.54%, 0, 0, 11, 1497.72
1775284352, 2277, 79, 433, 0, 0, 0.54%, 0, 0, 11, 1496.51
1775284357, 2277, 147, 433, 0, 0, 0.54%, 0, 0, 11, 1436.83
1775284362, 2277, 349, 433, 0, 0, 0.54%, 0, 0, 11, 1347.25
1775284367, 2277, 423, 433, 0, 0, 0.54%, 0, 0, 11, 1351.17
1775284372, 2278, 54, 433, 0, 0, 0.54%, 0, 0, 11, 1354.04
1775284377, 2278, 86, 433, 0, 0, 0.54%, 0, 0, 11, 1573.92
1775284382, 2278, 121, 433, 0, 0, 0.54%, 0, 0, 11, 1595.16
1775284387, 2278, 229, 433, 0, 0, 0.54%, 0, 0, 11, 1555.21
1775284392, 2278, 325, 433, 0, 0, 0.54%, 0, 0, 11, 1486.39
1775284397, 2278, 377, 433, 0, 0, 0.54%, 0, 0, 11, 1399.43
1775284402, 2279, 63, 433, 0, 0, 0.54%, 0, 0, 11, 1460.53
1775284408, 2279, 91, 433, 0, 0, 0.54%, 0, 0, 11, 1474.60
1775284413, 2279, 226, 433, 0, 0, 0.54%, 0, 0, 11, 1514.38
1775284418, 2279, 280, 433, 0, 0, 0.54%, 0, 0, 11, 1350.30
1775284423, 2279, 385, 433, 0, 0, 0.54%, 0, 0, 11, 1377.08
1775284428, 2280, 39, 433, 0, 0, 0.54%, 0, 0, 11, 1572.56
1775284433, 2280, 91, 433, 0, 0, 0.54%, 0, 0, 11, 1536.79
1775284438, 2280, 222, 433, 0, 0, 0.54%, 0, 0, 11, 1498.07
1775284443, 2280, 349, 433, 0, 0, 0.54%, 0, 0, 11, 1560.12
1775284448, 2280, 423, 433, 0, 0, 0.54%, 0, 0, 11, 1293.89
1775284453, 2281, 13, 433, 0, 0, 0.54%, 0, 0, 11, 1217.13
1775284458, 2281, 79, 433, 0, 0, 0.54%, 0, 0, 11, 1414.42
1775284464, 2281, 117, 433, 0, 0, 0.54%, 0, 0, 11, 1567.39
1775284469, 2281, 156, 433, 0, 0, 0.54%, 0, 0, 11, 1443.08
1775284474, 2281, 346, 433, 0, 0, 0.54%, 0, 0, 11, 1401.35
1775284479, 2281, 385, 433, 0, 0, 0.54%, 0, 0, 11, 1331.21
1775284484, 2281, 429, 433, 0, 0, 0.54%, 0, 0, 11, 1169.07
1775284489, 2282, 71, 433, 0, 0, 0.54%, 0, 0, 11, 1470.86
1775284494, 2282, 100, 433, 0, 0, 0.54%, 0, 0, 11, 1537.15
1775284499, 2282, 153, 433, 0, 0, 0.54%, 0, 0, 11, 1437.71
1775284504, 2282, 206, 433, 0, 0, 0.54%, 0, 0, 11, 1491.36
1775284509, 2282, 279, 433, 0, 0, 0.54%, 0, 0, 11, 1521.78
1775284515, 2282, 385, 433, 0, 0, 0.54%, 0, 0, 11, 1428.15
1775284520, 2283, 79, 433, 0, 0, 0.54%, 0, 0, 11, 1575.61
1775284525, 2283, 100, 433, 0, 0, 0.54%, 0, 0, 11, 1586.08
1775284530, 2283, 166, 433, 0, 0, 0.54%, 0, 0, 11, 618.22
1775284535, 2283, 200, 433, 0, 0, 0.54%, 0, 0, 11, 1279.92
1775284540, 2283, 311, 433, 0, 0, 0.54%, 0, 0, 11, 1412.13
1775284545, 2283, 385, 433, 0, 0, 0.54%, 0, 0, 11, 1400.67
1775284550, 2284, 63, 433, 0, 0, 0.54%, 0, 0, 11, 1076.20
1775284556, 2284, 100, 433, 0, 0, 0.54%, 0, 0, 11, 1352.72
1775284561, 2284, 180, 433, 0, 0, 0.54%, 0, 0, 11, 1491.02
1775284566, 2284, 219, 433, 0, 0, 0.54%, 0, 0, 11, 1517.65
1775284571, 2284, 308, 433, 0, 0, 0.54%, 0, 0, 11, 1438.70
1775284576, 2284, 371, 433, 0, 0, 0.54%, 0, 0, 11, 1332.93
1775284581, 2285, 22, 433, 0, 0, 0.54%, 0, 0, 11, 1302.25
1775284586, 2285, 79, 433, 0, 0, 0.54%, 0, 0, 11, 1453.58
1775284591, 2285, 101, 433, 0, 0, 0.54%, 0, 0, 11, 1563.67
1775284596, 2285, 158, 433, 0, 0, 0.54%, 0, 0, 11, 1479.93
1775284601, 2285, 312, 433, 0, 0, 0.54%, 0, 0, 11, 1507.34
1775284606, 2285, 371, 433, 0, 0, 0.54%, 0, 0, 11, 1471.14
1775284612, 2286, 2, 433, 0, 0, 0.54%, 0, 0, 11, 1168.62
1775284617, 2286, 80, 433, 0, 0, 0.54%, 0, 0, 11, 1413.73
1775284622, 2286, 100, 433, 0, 0, 0.54%, 0, 0, 11, 1404.82
1775284627, 2286, 147, 433, 0, 0, 0.54%, 0, 0, 11, 1486.64
1775284632, 2286, 274, 433, 0, 0, 0.54%, 0, 0, 11, 1401.77
1775284637, 2286, 371, 433, 0, 0, 0.54%, 0, 0, 11, 1460.59
1775284642, 2287, 24, 433, 0, 0, 0.54%, 0, 0, 11, 1471.16
1775284647, 2287, 80, 433, 0, 0, 0.54%, 0, 0, 11, 1461.38
1775284652, 2287, 140, 433, 0, 0, 0.54%, 0, 0, 11, 1595.66
1775284657, 2287, 256, 433, 0, 0, 0.54%, 0, 0, 11, 1463.22
1775284663, 2287, 349, 433, 0, 0, 0.54%, 0, 0, 11, 1489.35
1775284668, 2287, 407, 433, 0, 0, 0.54%, 0, 0, 11, 1259.54
1775284673, 2288, 79, 433, 0, 0, 0.54%, 0, 0, 11, 1588.95
1775284678, 2288, 100, 433, 0, 0, 0.54%, 0, 0, 11, 1415.04
1775284683, 2288, 196, 433, 0, 0, 0.54%, 0, 0, 11, 1481.96
1775284688, 2288, 344, 433, 0, 0, 0.54%, 0, 0, 11, 1475.35
1775284693, 2288, 401, 433, 0, 0, 0.54%, 0, 0, 11, 1325.40
1775284698, 2289, 63, 433, 0, 0, 0.54%, 0, 0, 11, 1353.47
1775284703, 2289, 91, 433, 0, 0, 0.54%, 0, 0, 11, 1431.95
1775284708, 2289, 149, 433, 0, 0, 0.54%, 0, 0, 11, 1499.30
1775284713, 2289, 230, 433, 0, 0, 0.54%, 0, 0, 11, 1545.34
1775284719, 2289, 320, 433, 0, 0, 0.54%, 0, 0, 11, 1403.64
1775284724, 2289, 357, 433, 0, 0, 0.54%, 0, 0, 11, 1382.58
1775284729, 2290, 79, 433, 0, 0, 0.54%, 0, 0, 11, 1480.08
1775284734, 2290, 98, 433, 0, 0, 0.54%, 0, 0, 11, 1548.73
1775284739, 2290, 147, 433, 0, 0, 0.54%, 0, 0, 11, 1565.10
1775284744, 2290, 203, 433, 0, 0, 0.54%, 0, 0, 11, 1436.92
1775284749, 2290, 274, 433, 0, 0, 0.54%, 0, 0, 11, 1390.29
1775284754, 2290, 337, 433, 0, 0, 0.54%, 0, 0, 11, 1270.80
1775284759, 2291, 8, 433, 0, 0, 0.54%, 0, 0, 11, 1399.55
1775284765, 2291, 87, 433, 0, 0, 0.54%, 0, 0, 11, 1518.82
1775284770, 2291, 138, 433, 0, 0, 0.54%, 0, 0, 11, 1485.82
1775284775, 2291, 278, 433, 0, 0, 0.54%, 0, 0, 11, 1440.94
1775284780, 2291, 364, 433, 0, 0, 0.54%, 0, 0, 11, 1403.34
1775284785, 2291, 429, 433, 0, 0, 0.54%, 0, 0, 11, 1584.11
1775284790, 2292, 65, 433, 0, 0, 0.54%, 0, 0, 11, 1624.91
1775284795, 2292, 100, 433, 0, 0, 0.54%, 0, 0, 11, 1582.44
1775284800, 2292, 169, 433, 0, 0, 0.54%, 0, 0, 11, 1451.99
1775284805, 2292, 278, 433, 0, 0, 0.54%, 0, 0, 11, 1476.22
1775284811, 2292, 371, 433, 0, 0, 0.54%, 0, 0, 11, 1458.44
1775284816, 2293, 7, 433, 0, 0, 0.54%, 0, 0, 11, 1441.43
1775284821, 2293, 86, 433, 0, 0, 0.54%, 0, 0, 11, 1513.35
1775284826, 2293, 155, 433, 0, 0, 0.54%, 0, 0, 11, 1493.79
1775284831, 2293, 196, 433, 0, 0, 0.54%, 0, 0, 11, 1496.48
1775284836, 2293, 349, 433, 0, 0, 0.54%, 0, 0, 11, 1426.89
1775284841, 2293, 385, 433, 0, 0, 0.54%, 0, 0, 11, 1391.01
1775284846, 2294, 63, 433, 0, 0, 0.54%, 0, 0, 11, 1492.81
1775284851, 2294, 86, 433, 0, 0, 0.54%, 0, 0, 11, 1539.87
1775284856, 2294, 147, 433, 0, 0, 0.54%, 0, 0, 11, 1531.18
1775284862, 2294, 248, 433, 0, 0, 0.54%, 0, 0, 11, 1558.51
1775284867, 2294, 346, 433, 0, 0, 0.54%, 0, 0, 11, 1362.42
1775284872, 2294, 399, 433, 0, 0, 0.54%, 0, 0, 11, 1279.88
1775284877, 2295, 62, 433, 0, 0, 0.54%, 0, 0, 11, 1242.17
1775284882, 2295, 100, 433, 0, 0, 0.54%, 0, 0, 11, 1407.66
1775284887, 2295, 175, 433, 0, 0, 0.54%, 0, 0, 11, 1390.83
1775284892, 2295, 226, 433, 0, 0, 0.54%, 0, 0, 11, 1295.43
1775284897, 2295, 354, 433, 0, 0, 0.54%, 0, 0, 11, 1414.90
1775284902, 2296, 32, 433, 0, 0, 0.54%, 0, 0, 11, 1450.13
1775284907, 2296, 91, 433, 0, 0, 0.54%, 0, 0, 11, 1512.10
1775284912, 2296, 122, 433, 0, 0, 0.54%, 0, 0, 11, 1446.36
1775284918, 2296, 188, 433, 0, 0, 0.54%, 0, 0, 11, 1497.48
1775284923, 2296, 265, 433, 0, 0, 0.54%, 0, 0, 11, 1424.75
1775284928, 2296, 349, 433, 0, 0, 0.54%, 0, 0, 11, 1515.58
1775284933, 2296, 393, 433, 0, 0, 0.54%, 0, 0, 11, 1411.59
1775284938, 2297, 79, 433, 0, 0, 0.54%, 0, 0, 11, 1602.14
1775284943, 2297, 111, 433, 0, 0, 0.54%, 0, 0, 11, 1475.98
1775284948, 2297, 182, 433, 0, 0, 0.54%, 0, 0, 11, 1433.13
1775284953, 2297, 279, 433, 0, 0, 0.54%, 0, 0, 11, 1532.04
1775284958, 2297, 354, 433, 0, 0, 0.54%, 0, 0, 11, 1473.67
1775284963, 2298, 18, 433, 0, 0, 0.54%, 0, 0, 11, 1420.63
1775284968, 2298, 80, 433, 0, 0, 0.54%, 0, 0, 11, 1523.67
1775284973, 2298, 128, 433, 0, 0, 0.54%, 0, 0, 11, 1512.12
1775284978, 2298, 159, 433, 0, 0, 0.54%, 0, 0, 11, 1489.46
1775284983, 2298, 249, 433, 0, 0, 0.54%, 0, 0, 11, 1567.78
1775284989, 2298, 354, 433, 0, 0, 0.54%, 0, 0, 11, 1511.40
1775284994, 2298, 432, 433, 0, 0, 0.54%, 0, 0, 11, 1054.90
1775284999, 2299, 79, 433, 0, 0, 0.54%, 0, 0, 11, 1424.34
1775285004, 2299, 111, 433, 0, 0, 0.54%, 0, 0, 11, 1546.31
1775285009, 2299, 184, 433, 0, 0, 0.54%, 0, 0, 11, 1462.32
1775285014, 2299, 227, 433, 0, 0, 0.54%, 0, 0, 11, 1424.28
1775285019, 2299, 349, 433, 0, 0, 0.54%, 0, 0, 11, 1369.62
1775285024, 2300, 42, 433, 0, 0, 0.54%, 0, 0, 11, 1436.44
1775285029, 2300, 91, 433, 0, 0, 0.54%, 0, 0, 11, 530.88
1775285035, 2300, 238, 433, 0, 0, 0.54%, 0, 0, 11, 1346.64
1775285040, 2300, 304, 433, 0, 0, 0.54%, 0, 0, 11, 1564.76
1775285045, 2300, 354, 433, 0, 0, 0.54%, 0, 0, 11, 1359.84
1775285050, 2301, 31, 433, 0, 0, 0.54%, 0, 0, 11, 1342.75
1775285055, 2301, 79, 433, 0, 0, 0.54%, 0, 0, 11, 1502.03
1775285060, 2301, 128, 433, 0, 0, 0.54%, 0, 0, 11, 1453.17
1775285065, 2301, 202, 433, 0, 0, 0.54%, 0, 0, 11, 249.03
1775285070, 2301, 354, 433, 0, 0, 0.54%, 0, 0, 11, 1419.24
1775285075, 2302, 49, 433, 0, 0, 0.54%, 0, 0, 11, 1379.88
1775285080, 2302, 90, 433, 0, 0, 0.54%, 0, 0, 11, 1549.38
1775285085, 2302, 147, 433, 0, 0, 0.54%, 0, 0, 11, 1496.67
1775285090, 2302, 218, 433, 0, 0, 0.54%, 0, 0, 11, 1449.59
1775285096, 2302, 349, 433, 0, 0, 0.54%, 0, 0, 11, 1476.49
1775285101, 2302, 403, 433, 0, 0, 0.54%, 0, 0, 11, 1201.77
1775285106, 2303, 54, 433, 0, 0, 0.54%, 0, 0, 11, 1367.24
1775285111, 2303, 80, 433, 0, 0, 0.54%, 0, 0, 11, 1607.30
1775285116, 2303, 109, 433, 0, 0, 0.54%, 0, 0, 11, 1472.21
1775285121, 2303, 196, 433, 0, 0, 0.54%, 0, 0, 11, 1455.21
1775285126, 2303, 323, 433, 0, 0, 0.54%, 0, 0, 11, 1412.35
1775285131, 2303, 374, 433, 0, 0, 0.54%, 0, 0, 11, 1319.30
1775285136, 2304, 45, 433, 0, 0, 0.54%, 0, 0, 11, 1337.02
1775285141, 2304, 91, 433, 0, 0, 0.54%, 0, 0, 11, 1534.07
1775285146, 2304, 130, 433, 0, 0, 0.54%, 0, 0, 11, 1541.22
1775285152, 2304, 192, 433, 0, 0, 0.54%, 0, 0, 11, 1386.15
1775285157, 2304, 242, 433, 0, 0, 0.54%, 0, 0, 11, 1498.32
1775285162, 2304, 325, 433, 0, 0, 0.54%, 0, 0, 11, 1461.41
1775285167, 2304, 379, 433, 0, 0, 0.54%, 0, 0, 11, 1373.32
1775285172, 2304, 431, 433, 0, 0, 0.54%, 0, 0, 11, 1335.23
1775285177, 2305, 68, 433, 0, 0, 0.54%, 0, 0, 11, 1549.68
1775285182, 2305, 100, 433, 0, 0, 0.54%, 0, 0, 11, 1509.77
1775285187, 2305, 194, 433, 0, 0, 0.54%, 0, 0, 11, 1567.93
1775285192, 2305, 292, 433, 0, 0, 0.54%, 0, 0, 11, 1448.50
1775285197, 2305, 357, 433, 0, 0, 0.54%, 0, 0, 11, 1316.67
1775285203, 2305, 428, 433, 0, 0, 0.54%, 0, 0, 11, 1299.44
1775285208, 2306, 33, 433, 0, 0, 0.54%, 0, 0, 11, 1401.22
1775285213, 2306, 91, 433, 0, 0, 0.54%, 0, 0, 11, 1438.49
1775285218, 2306, 172, 433, 0, 0, 0.54%, 0, 0, 11, 1548.09
1775285223, 2306, 290, 433, 0, 0, 0.54%, 0, 0, 11, 1443.46
1775285228, 2306, 371, 433, 0, 0, 0.54%, 0, 0, 11, 1378.74
1775285233, 2307, 10, 433, 0, 0, 0.54%, 0, 0, 11, 1225.76
1775285238, 2307, 80, 433, 0, 0, 0.54%, 0, 0, 11, 1552.41
1775285243, 2307, 146, 433, 0, 0, 0.54%, 0, 0, 11, 1550.72
1775285248, 2307, 181, 433, 0, 0, 0.54%, 0, 0, 11, 1485.91
1775285253, 2307, 261, 433, 0, 0, 0.54%, 0, 0, 11, 1563.53
1775285258, 2307, 385, 433, 0, 0, 0.54%, 0, 0, 11, 1489.90
1775285263, 2308, 61, 433, 0, 0, 0.54%, 0, 0, 11, 1525.85
1775285268, 2308, 93, 433, 0, 0, 0.54%, 0, 0, 11, 1461.96
1775285273, 2308, 165, 433, 0, 0, 0.54%, 0, 0, 11, 1584.95
1775285278, 2308, 347, 433, 0, 0, 0.54%, 0, 0, 11, 1597.80
1775285283, 2308, 387, 433, 0, 0, 0.54%, 0, 0, 11, 1403.13
1775285289, 2308, 429, 433, 0, 0, 0.54%, 0, 0, 11, 1295.74
1775285294, 2309, 80, 433, 0, 0, 0.54%, 0, 0, 11, 1695.78
1775285299, 2309, 111, 433, 0, 0, 0.54%, 0, 0, 11, 1679.67
1775285304, 2309, 196, 433, 0, 0, 0.54%, 0, 0, 11, 1560.77
1775285309, 2309, 290, 433, 0, 0, 0.54%, 0, 0, 11, 1467.69
1775285314, 2309, 354, 433, 0, 0, 0.54%, 0, 0, 11, 1449.15
1775285319, 2310, 63, 433, 0, 0, 0.54%, 0, 0, 11, 1271.33
1775285324, 2310, 91, 433, 0, 0, 0.54%, 0, 0, 11, 1450.50
1775285329, 2310, 133, 433, 0, 0, 0.54%, 0, 0, 11, 1422.79
1775285334, 2310, 217, 433, 0, 0, 0.54%, 0, 0, 11, 1516.45
1775285340, 2310, 288, 433, 0, 0, 0.54%, 0, 0, 11, 1460.62
1775285345, 2310, 349, 433, 0, 0, 0.54%, 0, 0, 11, 1504.03
1775285350, 2310, 402, 433, 0, 0, 0.54%, 0, 0, 11, 1226.03
1775285355, 2311, 63, 433, 0, 0, 0.54%, 0, 0, 11, 1421.95
1775285360, 2311, 91, 433, 0, 0, 0.54%, 0, 0, 11, 1603.13
1775285365, 2311, 171, 433, 0, 0, 0.54%, 0, 0, 11, 1557.90
1775285370, 2311, 323, 433, 0, 0, 0.54%, 0, 0, 11, 1520.68
1775285375, 2311, 383, 433, 0, 0, 0.54%, 0, 0, 11, 1427.57
1775285381, 2311, 416, 433, 0, 0, 0.54%, 0, 0, 11, 1148.17
1775285386, 2312, 63, 433, 0, 0, 0.54%, 0, 0, 11, 1512.56
1775285391, 2312, 100, 433, 0, 0, 0.54%, 0, 0, 11, 1591.25
1775285396, 2312, 139, 433, 0, 0, 0.54%, 0, 0, 11, 1481.85
1775285401, 2312, 274, 433, 0, 0, 0.54%, 0, 0, 11, 1594.11
1775285406, 2312, 354, 433, 0, 0, 0.54%, 0, 0, 11, 1403.17
1775285411, 2312, 411, 433, 0, 0, 0.54%, 0, 0, 11, 1261.37
1775285416, 2313, 86, 433, 0, 0, 0.54%, 0, 0, 11, 1464.16
1775285421, 2313, 147, 433, 0, 0, 0.54%, 0, 0, 11, 1511.28
1775285426, 2313, 199, 433, 0, 0, 0.54%, 0, 0, 11, 1599.31
1775285432, 2313, 264, 433, 0, 0, 0.54%, 0, 0, 11, 1103.34
1775285437, 2313, 349, 433, 0, 0, 0.54%, 0, 0, 11, 1338.02
1775285442, 2313, 405, 433, 0, 0, 0.54%, 0, 0, 11, 1227.44
1775285447, 2314, 79, 433, 0, 0, 0.54%, 0, 0, 11, 1436.24
1775285452, 2314, 99, 433, 0, 0, 0.54%, 0, 0, 11, 1409.32
1775285457, 2314, 154, 433, 0, 0, 0.54%, 0, 0, 11, 1354.52
1775285462, 2314, 264, 433, 0, 0, 0.54%, 0, 0, 11, 1513.87
1775285467, 2314, 349, 433, 0, 0, 0.54%, 0, 0, 11, 1499.76
1775285472, 2315, 10, 433, 0, 0, 0.54%, 0, 0, 11, 1409.86
1775285477, 2315, 86, 433, 0, 0, 0.54%, 0, 0, 11, 1569.99
1775285483, 2315, 126, 433, 0, 0, 0.54%, 0, 0, 11, 1470.20
1775285488, 2315, 200, 433, 0, 0, 0.54%, 0, 0, 11, 1575.01
1775285493, 2315, 349, 433, 0, 0, 0.54%, 0, 0, 11, 1462.20
1775285498, 2315, 428, 433, 0, 0, 0.54%, 0, 0, 11, 1289.48
1775285503, 2316, 79, 433, 0, 0, 0.54%, 0, 0, 11, 1496.37
1775285508, 2316, 112, 433, 0, 0, 0.54%, 0, 0, 11, 1536.60
1775285513, 2316, 179, 433, 0, 0, 0.54%, 0, 0, 11, 1554.96
1775285518, 2316, 215, 433, 0, 0, 0.54%, 0, 0, 11, 1622.92
1775285523, 2316, 349, 433, 0, 0, 0.54%, 0, 0, 11, 1448.03
1775285528, 2317, 22, 433, 0, 0, 0.54%, 0, 0, 11, 1224.62
1775285533, 2317, 80, 433, 0, 0, 0.54%, 0, 0, 11, 1530.27
1775285538, 2317, 110, 433, 0, 0, 0.54%, 0, 0, 11, 1493.76
1775285543, 2317, 196, 433, 0, 0, 0.54%, 0, 0, 11, 1537.13
1775285549, 2317, 273, 433, 0, 0, 0.54%, 0, 0, 11, 1613.27
1775285554, 2317, 357, 433, 0, 0, 0.54%, 0, 0, 11, 1436.48
1775285559, 2318, 78, 433, 0, 0, 0.54%, 0, 0, 11, 1469.19
1775285564, 2318, 106, 433, 0, 0, 0.54%, 0, 0, 11, 1566.27
1775285569, 2318, 181, 433, 0, 0, 0.54%, 0, 0, 11, 1563.85
1775285574, 2318, 270, 433, 0, 0, 0.54%, 0, 0, 11, 1445.09
1775285579, 2318, 354, 433, 0, 0, 0.54%, 0, 0, 11, 1339.06
1775285584, 2319, 34, 433, 0, 0, 0.54%, 0, 0, 11, 1342.58
1775285589, 2319, 79, 433, 0, 0, 0.54%, 0, 0, 11, 1471.38
1775285595, 2319, 126, 433, 0, 0, 0.54%, 0, 0, 11, 1592.60
1775285600, 2319, 207, 433, 0, 0, 0.54%, 0, 0, 11, 1594.00
1775285605, 2319, 296, 433, 0, 0, 0.54%, 0, 0, 11, 1438.49
1775285610, 2319, 357, 433, 0, 0, 0.54%, 0, 0, 11, 1398.07
1775285615, 2320, 68, 433, 0, 0, 0.54%, 0, 0, 11, 1555.51
1775285620, 2320, 96, 433, 0, 0, 0.54%, 0, 0, 11, 1472.85
1775285625, 2320, 128, 433, 0, 0, 0.54%, 0, 0, 11, 1387.09
1775285630, 2320, 181, 433, 0, 0, 0.54%, 0, 0, 11, 1451.90
1775285635, 2320, 234, 433, 0, 0, 0.54%, 0, 0, 11, 1464.58
1775285641, 2320, 349, 433, 0, 0, 0.54%, 0, 0, 11, 1484.86
1775285646, 2320, 399, 433, 0, 0, 0.54%, 0, 0, 11, 1227.84
1775285651, 2321, 80, 433, 0, 0, 0.54%, 0, 0, 11, 1475.23
1775285656, 2321, 111, 433, 0, 0, 0.54%, 0, 0, 11, 1618.71
1775285661, 2321, 174, 433, 0, 0, 0.54%, 0, 0, 11, 1382.03
1775285666, 2321, 250, 433, 0, 0, 0.54%, 0, 0, 11, 1583.78
1775285671, 2321, 349, 433, 0, 0, 0.54%, 0, 0, 11, 1112.50
1775285676, 2321, 385, 433, 0, 0, 0.54%, 0, 0, 11, 1321.07
1775285681, 2322, 57, 433, 0, 0, 0.54%, 0, 0, 11, 1494.41
1775285686, 2322, 90, 433, 0, 0, 0.54%, 0, 0, 11, 1554.93
1775285691, 2322, 196, 433, 0, 0, 0.54%, 0, 0, 11, 1497.09
1775285696, 2322, 281, 433, 0, 0, 0.54%, 0, 0, 11, 1594.31
1775285701, 2322, 385, 433, 0, 0, 0.54%, 0, 0, 11, 1443.24
1775285707, 2323, 22, 433, 0, 0, 0.54%, 0, 0, 11, 1270.18
1775285712, 2323, 86, 433, 0, 0, 0.54%, 0, 0, 11, 1522.48
1775285717, 2323, 147, 433, 0, 0, 0.54%, 0, 0, 11, 1527.90
1775285722, 2323, 196, 433, 0, 0, 0.54%, 0, 0, 11, 1715.48
1775285727, 2323, 266, 433, 0, 0, 0.54%, 0, 0, 11, 1469.87
1775285732, 2323, 357, 433, 0, 0, 0.54%, 0, 0, 11, 1358.72
1775285737, 2323, 431, 433, 0, 0, 0.54%, 0, 0, 11, 1379.95
1775285742, 2324, 22, 433, 0, 0, 0.54%, 0, 0, 11, 1381.91
1775285747, 2324, 80, 433, 0, 0, 0.54%, 0, 0, 11, 1552.13
1775285752, 2324, 115, 433, 0, 0, 0.54%, 0, 0, 11, 1502.15
1775285757, 2324, 196, 433, 0, 0, 0.54%, 0, 0, 11, 1421.91
1775285762, 2324, 310, 433, 0, 0, 0.54%, 0, 0, 11, 1520.98
1775285768, 2324, 354, 433, 0, 0, 0.54%, 0, 0, 11, 1382.01
1775285773, 2324, 388, 433, 0, 0, 0.54%, 0, 0, 11, 1271.58
1775285778, 2325, 79, 433, 0, 0, 0.54%, 0, 0, 11, 1492.95
1775285783, 2325, 91, 433, 0, 0, 0.54%, 0, 0, 11, 1520.93
1775285788, 2325, 156, 433, 0, 0, 0.54%, 0, 0, 11, 1443.91
1775285793, 2325, 208, 433, 0, 0, 0.54%, 0, 0, 11, 1472.95
1775285798, 2325, 313, 433, 0, 0, 0.54%, 0, 0, 11, 1334.00
1775285803, 2325, 357, 433, 0, 0, 0.54%, 0, 0, 11, 1336.51
1775285808, 2326, 18, 433, 0, 0, 0.54%, 0, 0, 11, 1379.87
1775285813, 2326, 80, 433, 0, 0, 0.54%, 0, 0, 11, 1613.73
1775285818, 2326, 147, 433, 0, 0, 0.54%, 0, 0, 11, 1661.81
1775285823, 2326, 196, 433, 0, 0, 0.54%, 0, 0, 11, 1558.15
1775285829, 2326, 325, 433, 0, 0, 0.54%, 0, 0, 11, 1458.47
1775285834, 2326, 371, 433, 0, 0, 0.54%, 0, 0, 11, 1432.72
1775285839, 2327, 11, 433, 0, 0, 0.54%, 0, 0, 11, 1417.69
1775285844, 2327, 80, 433, 0, 0, 0.54%, 0, 0, 11, 1550.83
1775285849, 2327, 136, 433, 0, 0, 0.54%, 0, 0, 11, 1541.82
1775285854, 2327, 215, 433, 0, 0, 0.54%, 0, 0, 11, 1474.53
1775285859, 2327, 291, 433, 0, 0, 0.54%, 0, 0, 11, 1468.47
1775285864, 2327, 354, 433, 0, 0, 0.54%, 0, 0, 11, 1387.18
1775285869, 2328, 54, 433, 0, 0, 0.54%, 0, 0, 11, 1475.03
1775285874, 2328, 91, 433, 0, 0, 0.54%, 0, 0, 11, 1501.17
1775285880, 2328, 143, 433, 0, 0, 0.54%, 0, 0, 11, 1510.07
1775285885, 2328, 196, 433, 0, 0, 0.54%, 0, 0, 11, 1480.36
1775285890, 2328, 323, 433, 0, 0, 0.54%, 0, 0, 11, 1465.52
1775285895, 2328, 362, 433, 0, 0, 0.54%, 0, 0, 11, 1432.83
1775285900, 2328, 405, 433, 0, 0, 0.54%, 0, 0, 11, 1087.52
1775285905, 2329, 80, 433, 0, 0, 0.54%, 0, 0, 11, 1303.45
1775285910, 2329, 147, 433, 0, 0, 0.54%, 0, 0, 11, 1518.98
1775285915, 2329, 223, 433, 0, 0, 0.54%, 0, 0, 11, 1450.33
1775285920, 2329, 357, 433, 0, 0, 0.54%, 0, 0, 11, 1499.83
1775285926, 2329, 404, 433, 0, 0, 0.54%, 0, 0, 11, 1181.29
1775285931, 2330, 65, 433, 0, 0, 0.54%, 0, 0, 11, 1542.72
1775285936, 2330, 100, 433, 0, 0, 0.54%, 0, 0, 11, 1432.99
1775285941, 2330, 193, 433, 0, 0, 0.54%, 0, 0, 11, 242.80
1775285946, 2330, 250, 433, 0, 0, 0.54%, 0, 0, 11, 1433.23
1775285951, 2330, 349, 433, 0, 0, 0.54%, 0, 0, 11, 1459.74
1775285956, 2331, 58, 433, 0, 0, 0.54%, 0, 0, 11, 1490.40
1775285961, 2331, 100, 433, 0, 0, 0.54%, 0, 0, 11, 1610.63
1775285966, 2331, 237, 433, 0, 0, 0.54%, 0, 0, 11, 1557.62
1775285971, 2331, 354, 433, 0, 0, 0.54%, 0, 0, 11, 1493.00
1775285976, 2331, 395, 433, 0, 0, 0.54%, 0, 0, 11, 1299.83
1775285982, 2332, 59, 433, 0, 0, 0.54%, 0, 0, 11, 1456.17
1775285987, 2332, 86, 433, 0, 0, 0.54%, 0, 0, 11, 1425.88
1775285992, 2332, 138, 433, 0, 0, 0.54%, 0, 0, 11, 1402.27
1775285997, 2332, 292, 433, 0, 0, 0.54%, 0, 0, 11, 1479.62
1775286002, 2332, 349, 433, 0, 0, 0.54%, 0, 0, 11, 1461.63
1775286007, 2333, 24, 433, 0, 0, 0.54%, 0, 0, 11, 1510.59
1775286012, 2333, 80, 433, 0, 0, 0.54%, 0, 0, 11, 1438.09
1775286018, 2333, 110, 433, 0, 0, 0.54%, 0, 0, 11, 1518.66
1775286023, 2333, 187, 433, 0, 0, 0.54%, 0, 0, 11, 1461.63
1775286028, 2333, 274, 433, 0, 0, 0.54%, 0, 0, 11, 1447.29
1775286033, 2333, 354, 433, 0, 0, 0.54%, 0, 0, 11, 1339.34
1775286038, 2334, 1, 433, 0, 0, 0.54%, 0, 0, 11, 1402.61
1775286043, 2334, 63, 433, 0, 0, 0.54%, 0, 0, 11, 1421.21
1775286048, 2334, 106, 433, 0, 0, 0.54%, 0, 0, 11, 1478.61
1775286053, 2334, 187, 433, 0, 0, 0.54%, 0, 0, 11, 1494.32
1775286058, 2334, 301, 433, 0, 0, 0.54%, 0, 0, 11, 1435.92
1775286064, 2334, 354, 433, 0, 0, 0.54%, 0, 0, 11, 1529.52
1775286069, 2335, 4, 433, 0, 0, 0.54%, 0, 0, 11, 1386.81
1775286074, 2335, 63, 433, 0, 0, 0.54%, 0, 0, 11, 1423.12
1775286079, 2335, 80, 433, 0, 0, 0.54%, 0, 0, 11, 1510.21
1775286084, 2335, 147, 433, 0, 0, 0.54%, 0, 0, 11, 852.37
1775286089, 2335, 183, 433, 0, 0, 0.54%, 0, 0, 11, 1231.59
1775286094, 2335, 251, 433, 0, 0, 0.54%, 0, 0, 11, 1337.45
1775286099, 2335, 349, 433, 0, 0, 0.54%, 0, 0, 11, 1398.66
1775286104, 2336, 0, 433, 0, 0, 0.54%, 0, 0, 11, 1265.90
1775286109, 2336, 86, 433, 0, 0, 0.54%, 0, 0, 11, 1567.48
1775286114, 2336, 147, 433, 0, 0, 0.54%, 0, 0, 11, 1545.80
1775286119, 2336, 238, 433, 0, 0, 0.54%, 0, 0, 11, 1618.18
1775286124, 2336, 312, 433, 0, 0, 0.54%, 0, 0, 11, 1527.84
1775286130, 2336, 371, 433, 0, 0, 0.54%, 0, 0, 11, 1491.33
1775286135, 2337, 63, 433, 0, 0, 0.54%, 0, 0, 11, 1505.34
1775286140, 2337, 98, 433, 0, 0, 0.54%, 0, 0, 11, 1565.38
1775286145, 2337, 184, 433, 0, 0, 0.54%, 0, 0, 11, 1478.46
1775286150, 2337, 271, 433, 0, 0, 0.54%, 0, 0, 11, 1502.88
1775286155, 2337, 354, 433, 0, 0, 0.54%, 0, 0, 11, 1441.65
1775286160, 2338, 54, 433, 0, 0, 0.54%, 0, 0, 11, 1467.34
1775286165, 2338, 86, 433, 0, 0, 0.54%, 0, 0, 11, 1596.20
1775286170, 2338, 147, 433, 0, 0, 0.54%, 0, 0, 11, 1611.40
1775286175, 2338, 345, 433, 0, 0, 0.54%, 0, 0, 11, 1516.46
1775286180, 2339, 27, 433, 0, 0, 0.54%, 0, 0, 11, 1587.30
1775286185, 2339, 80, 433, 0, 0, 0.54%, 0, 0, 11, 1568.73
1775286190, 2339, 121, 433, 0, 0, 0.54%, 0, 0, 11, 1494.71
1775286195, 2339, 159, 433, 0, 0, 0.54%, 0, 0, 11, 1432.82
1775286200, 2339, 279, 433, 0, 0, 0.54%, 0, 0, 11, 1418.73
1775286205, 2339, 325, 433, 0, 0, 0.54%, 0, 0, 11, 1504.96
1775286210, 2339, 400, 433, 0, 0, 0.54%, 0, 0, 11, 1390.99
1775286216, 2340, 65, 433, 0, 0, 0.54%, 0, 0, 11, 1463.85
1775286221, 2340, 100, 433, 0, 0, 0.54%, 0, 0, 11, 1435.52
1775286226, 2340, 147, 433, 0, 0, 0.54%, 0, 0, 11, 1480.20
1775286231, 2340, 181, 433, 0, 0, 0.54%, 0, 0, 11, 1484.26
1775286236, 2340, 202, 433, 0, 0, 0.54%, 0, 0, 11, 1396.70
1775286241, 2340, 354, 433, 0, 0, 0.54%, 0, 0, 11, 1375.26
1775286246, 2340, 430, 433, 0, 0, 0.54%, 0, 0, 11, 1360.47
1775286251, 2341, 36, 433, 0, 0, 0.54%, 0, 0, 11, 1459.82
1775286256, 2341, 80, 433, 0, 0, 0.54%, 0, 0, 11, 1471.72
1775286261, 2341, 137, 433, 0, 0, 0.54%, 0, 0, 11, 1487.56
1775286266, 2341, 278, 433, 0, 0, 0.54%, 0, 0, 11, 1560.62
1775286271, 2341, 357, 433, 0, 0, 0.54%, 0, 0, 11, 1473.46
1775286277, 2342, 50, 433, 0, 0, 0.54%, 0, 0, 11, 1465.39
1775286282, 2342, 80, 433, 0, 0, 0.54%, 0, 0, 11, 1545.87
1775286287, 2342, 147, 433, 0, 0, 0.54%, 0, 0, 11, 1569.22
1775286292, 2342, 210, 433, 0, 0, 0.54%, 0, 0, 11, 1526.50
1775286297, 2342, 319, 433, 0, 0, 0.54%, 0, 0, 11, 1514.54
1775286302, 2342, 378, 433, 0, 0, 0.54%, 0, 0, 11, 1405.14
1775286307, 2343, 22, 433, 0, 0, 0.54%, 0, 0, 11, 1355.62
1775286313, 2343, 91, 433, 0, 0, 0.54%, 0, 0, 11, 1527.45
1775286318, 2343, 162, 433, 0, 0, 0.54%, 0, 0, 11, 1442.96
1775286323, 2343, 293, 433, 0, 0, 0.54%, 0, 0, 11, 1469.78
1775286328, 2343, 354, 433, 0, 0, 0.54%, 0, 0, 11, 1409.65
1775286333, 2343, 385, 433, 0, 0, 0.54%, 0, 0, 11, 1251.41
1775286338, 2344, 63, 433, 0, 0, 0.54%, 0, 0, 11, 1403.93
1775286343, 2344, 95, 433, 0, 0, 0.54%, 0, 0, 11, 1415.22
1775286348, 2344, 159, 433, 0, 0, 0.54%, 0, 0, 11, 1407.12
1775286353, 2344, 325, 433, 0, 0, 0.54%, 0, 0, 11, 1494.84
1775286359, 2344, 385, 433, 0, 0, 0.54%, 0, 0, 11, 1281.48
1775286364, 2345, 22, 433, 0, 0, 0.54%, 0, 0, 11, 1335.43
1775286369, 2345, 75, 433, 0, 0, 0.54%, 0, 0, 11, 1524.69
1775286374, 2345, 100, 433, 0, 0, 0.54%, 0, 0, 11, 1492.90
1775286379, 2345, 190, 433, 0, 0, 0.54%, 0, 0, 11, 1444.20
1775286384, 2345, 267, 433, 0, 0, 0.54%, 0, 0, 11, 1494.19
1775286389, 2345, 357, 433, 0, 0, 0.54%, 0, 0, 11, 1382.27
1775286394, 2346, 17, 433, 0, 0, 0.54%, 0, 0, 11, 1329.95
1775286400, 2346, 79, 433, 0, 0, 0.54%, 0, 0, 11, 1526.71
1775286405, 2346, 106, 433, 0, 0, 0.54%, 0, 0, 11, 1577.33
1775286410, 2346, 162, 433, 0, 0, 0.54%, 0, 0, 11, 1500.94
1775286415, 2346, 196, 433, 0, 0, 0.54%, 0, 0, 11, 1434.43
1775286420, 2346, 295, 433, 0, 0, 0.54%, 0, 0, 11, 1427.74
1775286425, 2346, 356, 433, 0, 0, 0.54%, 0, 0, 11, 1400.25
1775286430, 2346, 408, 433, 0, 0, 0.54%, 0, 0, 11, 1140.25
1775286435, 2347, 14, 433, 0, 0, 0.54%, 0, 0, 11, 1453.97
1775286440, 2347, 79, 433, 0, 0, 0.54%, 0, 0, 11, 1514.66
1775286445, 2347, 111, 433, 0, 0, 0.54%, 0, 0, 11, 1461.46
1775286450, 2347, 231, 433, 0, 0, 0.54%, 0, 0, 11, 1419.64
1775286455, 2347, 354, 433, 0, 0, 0.54%, 0, 0, 11, 1477.33
1775286460, 2348, 23, 433, 0, 0, 0.54%, 0, 0, 11, 1355.35
1775286465, 2348, 77, 433, 0, 0, 0.54%, 0, 0, 11, 1591.50
1775286471, 2348, 100, 433, 0, 0, 0.54%, 0, 0, 11, 1384.46
1775286476, 2348, 147, 433, 0, 0, 0.54%, 0, 0, 11, 1338.19
1775286481, 2348, 354, 433, 0, 0, 0.54%, 0, 0, 11, 1373.57
1775286486, 2349, 52, 433, 0, 0, 0.54%, 0, 0, 11, 1450.04
1775286491, 2349, 86, 433, 0, 0, 0.54%, 0, 0, 11, 1587.21
1775286496, 2349, 147, 433, 0, 0, 0.54%, 0, 0, 11, 1508.95
1775286501, 2349, 188, 433, 0, 0, 0.54%, 0, 0, 11, 1610.35
1775286506, 2349, 325, 433, 0, 0, 0.54%, 0, 0, 11, 1556.10
1775286511, 2349, 385, 433, 0, 0, 0.54%, 0, 0, 11, 1407.24
1775286516, 2350, 63, 433, 0, 0, 0.54%, 0, 0, 11, 165.05
1775286521, 2350, 100, 433, 0, 0, 0.54%, 0, 0, 11, 1606.56
1775286526, 2350, 166, 433, 0, 0, 0.54%, 0, 0, 11, 1515.41
1775286531, 2350, 285, 433, 0, 0, 0.54%, 0, 0, 11, 1494.03
1775286537, 2350, 371, 433, 0, 0, 0.54%, 0, 0, 11, 1373.85
1775286542, 2351, 41, 433, 0, 0, 0.54%, 0, 0, 11, 1426.37
1775286547, 2351, 86, 433, 0, 0, 0.54%, 0, 0, 11, 1449.02
1775286552, 2351, 121, 433, 0, 0, 0.54%, 0, 0, 11, 1317.87
1775286557, 2351, 288, 433, 0, 0, 0.54%, 0, 0, 11, 1485.32
1775286562, 2351, 364, 433, 0, 0, 0.54%, 0, 0, 11, 1403.71
1775286567, 2352, 46, 433, 0, 0, 0.54%, 0, 0, 11, 1345.94
1775286572, 2352, 91, 433, 0, 0, 0.54%, 0, 0, 11, 1541.76
1775286577, 2352, 147, 433, 0, 0, 0.54%, 0, 0, 11, 1512.54
1775286582, 2352, 325, 433, 0, 0, 0.54%, 0, 0, 11, 1381.66
1775286588, 2352, 393, 433, 0, 0, 0.54%, 0, 0, 11, 1327.51
1775286593, 2353, 67, 433, 0, 0, 0.54%, 0, 0, 11, 1487.74
1775286598, 2353, 105, 433, 0, 0, 0.54%, 0, 0, 11, 1513.01
1775286603, 2353, 147, 433, 0, 0, 0.54%, 0, 0, 11, 1480.03
1775286608, 2353, 266, 433, 0, 0, 0.54%, 0, 0, 11, 1550.33
1775286613, 2353, 349, 433, 0, 0, 0.54%, 0, 0, 11, 1599.77
1775286618, 2353, 413, 433, 0, 0, 0.54%, 0, 0, 11, 1252.57
1775286623, 2354, 30, 433, 0, 0, 0.54%, 0, 0, 11, 1493.49
1775286628, 2354, 100, 433, 0, 0, 0.54%, 0, 0, 11, 1633.86
1775286633, 2354, 171, 433, 0, 0, 0.54%, 0, 0, 11, 1554.44
1775286638, 2354, 275, 433, 0, 0, 0.54%, 0, 0, 11, 1399.03
1775286644, 2354, 355, 433, 0, 0, 0.54%, 0, 0, 11, 1420.91
1775286649, 2354, 410, 433, 0, 0, 0.54%, 0, 0, 11, 1239.81
1775286654, 2355, 80, 433, 0, 0, 0.54%, 0, 0, 11, 1472.88
1775286659, 2355, 104, 433, 0, 0, 0.54%, 0, 0, 11, 1356.45
1775286664, 2355, 196, 433, 0, 0, 0.54%, 0, 0, 11, 1442.41
1775286669, 2355, 349, 433, 0, 0, 0.54%, 0, 0, 11, 1478.82
1775286674, 2356, 11, 433, 0, 0, 0.54%, 0, 0, 11, 1420.78
1775286679, 2356, 72, 433, 0, 0, 0.54%, 0, 0, 11, 1562.57
1775286684, 2356, 100, 433, 0, 0, 0.54%, 0, 0, 11, 1595.00
1775286690, 2356, 152, 433, 0, 0, 0.54%, 0, 0, 11, 1515.24
1775286695, 2356, 268, 433, 0, 0, 0.54%, 0, 0, 11, 1304.88
1775286700, 2356, 357, 433, 0, 0, 0.54%, 0, 0, 11, 1451.55
1775286705, 2356, 400, 433, 0, 0, 0.54%, 0, 0, 11, 1217.45
1775286710, 2357, 91, 433, 0, 0, 0.54%, 0, 0, 11, 1390.71
1775286715, 2357, 136, 433, 0, 0, 0.54%, 0, 0, 11, 1474.95
1775286720, 2357, 244, 433, 0, 0, 0.54%, 0, 0, 11, 1438.47
1775286725, 2357, 371, 433, 0, 0, 0.54%, 0, 0, 11, 1363.43
1775286731, 2358, 25, 433, 0, 0, 0.54%, 0, 0, 11, 1303.22
1775286736, 2358, 52, 433, 0, 0, 0.54%, 0, 0, 11, 1440.08
1775286741, 2358, 84, 433, 0, 0, 0.54%, 0, 0, 11, 1547.63
1775286746, 2358, 152, 433, 0, 0, 0.54%, 0, 0, 11, 1538.26
1775286751, 2358, 233, 433, 0, 0, 0.54%, 0, 0, 11, 1448.19
1775286756, 2358, 354, 433, 0, 0, 0.54%, 0, 0, 11, 1511.97
1775286761, 2358, 424, 433, 0, 0, 0.54%, 0, 0, 11, 1380.01
1775286766, 2359, 58, 433, 0, 0, 0.54%, 0, 0, 11, 1450.50
1775286771, 2359, 84, 433, 0, 0, 0.54%, 0, 0, 11, 1479.65
1775286776, 2359, 119, 433, 0, 0, 0.54%, 0, 0, 11, 1319.34
1775286781, 2359, 214, 433, 0, 0, 0.54%, 0, 0, 11, 1339.86
1775286787, 2359, 310, 433, 0, 0, 0.54%, 0, 0, 11, 1465.79
1775286792, 2359, 372, 433, 0, 0, 0.54%, 0, 0, 11, 1516.50
1775286797, 2360, 7, 433, 0, 0, 0.54%, 0, 0, 11, 1506.06
1775286802, 2360, 83, 433, 0, 0, 0.54%, 0, 0, 11, 1526.33
1775286807, 2360, 129, 433, 0, 0, 0.54%, 0, 0, 11, 1547.68
1775286812, 2360, 263, 433, 0, 0, 0.54%, 0, 0, 11, 1515.80
1775286817, 2360, 354, 433, 0, 0, 0.54%, 0, 0, 11, 1359.43
1775286822, 2361, 63, 433, 0, 0, 0.54%, 0, 0, 11, 1414.97
1775286827, 2361, 91, 433, 0, 0, 0.54%, 0, 0, 11, 1424.29
1775286832, 2361, 147, 433, 0, 0, 0.54%, 0, 0, 11, 1480.85
1775286838, 2361, 267, 433, 0, 0, 0.54%, 0, 0, 11, 1411.44
1775286843, 2361, 332, 433, 0, 0, 0.54%, 0, 0, 11, 1369.66
1775286848, 2361, 409, 433, 0, 0, 0.54%, 0, 0, 11, 306.22
1775286853, 2362, 54, 433, 0, 0, 0.54%, 0, 0, 11, 1261.37
1775286858, 2362, 79, 433, 0, 0, 0.54%, 0, 0, 11, 1514.08
1775286863, 2362, 147, 433, 0, 0, 0.54%, 0, 0, 11, 1517.44
1775286868, 2362, 229, 433, 0, 0, 0.54%, 0, 0, 11, 1471.38
1775286873, 2362, 357, 433, 0, 0, 0.54%, 0, 0, 11, 1475.08
1775286879, 2362, 402, 433, 0, 0, 0.54%, 0, 0, 11, 1188.64
1775286884, 2363, 59, 433, 0, 0, 0.54%, 0, 0, 11, 1485.47
1775286889, 2363, 100, 433, 0, 0, 0.54%, 0, 0, 11, 1576.09
1775286894, 2363, 135, 433, 0, 0, 0.54%, 0, 0, 11, 1442.18
1775286899, 2363, 189, 433, 0, 0, 0.54%, 0, 0, 11, 1402.94
1775286904, 2363, 316, 433, 0, 0, 0.54%, 0, 0, 11, 1404.37
1775286909, 2363, 381, 433, 0, 0, 0.54%, 0, 0, 11, 1417.71
1775286914, 2364, 68, 433, 0, 0, 0.54%, 0, 0, 11, 1478.20
1775286919, 2364, 100, 433, 0, 0, 0.54%, 0, 0, 11, 1690.36
1775286924, 2364, 270, 433, 0, 0, 0.54%, 0, 0, 11, 1549.17
1775286929, 2364, 347, 433, 0, 0, 0.54%, 0, 0, 11, 1416.14
1775286934, 2364, 385, 433, 0, 0, 0.54%, 0, 0, 11, 1373.80
1775286939, 2364, 431, 433, 0, 0, 0.54%, 0, 0, 11, 1286.08
1775286945, 2365, 80, 433, 0, 0, 0.54%, 0, 0, 11, 1271.02
1775286950, 2365, 111, 433, 0, 0, 0.54%, 0, 0, 11, 1421.22
1775286955, 2365, 243, 433, 0, 0, 0.54%, 0, 0, 11, 1448.52
1775286960, 2365, 357, 433, 0, 0, 0.54%, 0, 0, 11, 1397.14
1775286965, 2365, 430, 433, 0, 0, 0.54%, 0, 0, 11, 1124.24
1775286970, 2366, 37, 433, 0, 0, 0.54%, 0, 0, 11, 1435.22
1775286975, 2366, 80, 433, 0, 0, 0.54%, 0, 0, 11, 1411.96
1775286980, 2366, 148, 433, 0, 0, 0.54%, 0, 0, 11, 1465.89
1775286985, 2366, 223, 433, 0, 0, 0.54%, 0, 0, 11, 1482.42
1775286990, 2366, 354, 433, 0, 0, 0.54%, 0, 0, 11, 1462.01
1775286995, 2367, 21, 433, 0, 0, 0.54%, 0, 0, 11, 1383.14
1775287000, 2367, 79, 433, 0, 0, 0.54%, 0, 0, 11, 1534.02
1775287005, 2367, 111, 433, 0, 0, 0.54%, 0, 0, 11, 1542.25
1775287010, 2367, 161, 433, 0, 0, 0.54%, 0, 0, 11, 1501.01
1775287015, 2367, 203, 433, 0, 0, 0.54%, 0, 0, 11, 1563.50
1775287021, 2367, 354, 433, 0, 0, 0.54%, 0, 0, 11, 1425.44
1775287026, 2368, 48, 433, 0, 0, 0.54%, 0, 0, 11, 1404.89
1775287031, 2368, 91, 433, 0, 0, 0.54%, 0, 0, 11, 1583.57
1775287036, 2368, 147, 433, 0, 0, 0.54%, 0, 0, 11, 1509.57
1775287041, 2368, 210, 433, 0, 0, 0.54%, 0, 0, 11, 1534.28
1775287046, 2368, 289, 433, 0, 0, 0.54%, 0, 0, 11, 1466.26
1775287051, 2368, 347, 433, 0, 0, 0.54%, 0, 0, 11, 1499.32
1775287056, 2368, 385, 433, 0, 0, 0.54%, 0, 0, 11, 1405.12
1775287061, 2369, 79, 433, 0, 0, 0.54%, 0, 0, 11, 1394.98
1775287066, 2369, 147, 433, 0, 0, 0.54%, 0, 0, 11, 1498.53
1775287071, 2369, 186, 433, 0, 0, 0.54%, 0, 0, 11, 1457.16
1775287077, 2369, 297, 433, 0, 0, 0.54%, 0, 0, 11, 1453.27
1775287082, 2369, 357, 433, 0, 0, 0.54%, 0, 0, 11, 1356.26
1775287087, 2370, 42, 433, 0, 0, 0.54%, 0, 0, 11, 1375.92
1775287092, 2370, 87, 433, 0, 0, 0.54%, 0, 0, 11, 1516.02
1775287097, 2370, 147, 433, 0, 0, 0.54%, 0, 0, 11, 1465.12
1775287102, 2370, 193, 433, 0, 0, 0.54%, 0, 0, 11, 1512.06
1775287107, 2370, 232, 433, 0, 0, 0.54%, 0, 0, 11, 1361.51
1775287112, 2370, 285, 433, 0, 0, 0.54%, 0, 0, 11, 1405.44
1775287117, 2370, 354, 433, 0, 0, 0.54%, 0, 0, 11, 1431.78
1775287122, 2370, 399, 433, 0, 0, 0.54%, 0, 0, 11, 1271.75
1775287128, 2371, 80, 433, 0, 0, 0.54%, 0, 0, 11, 1442.30
1775287133, 2371, 116, 433, 0, 0, 0.54%, 0, 0, 11, 1604.87
1775287138, 2371, 258, 433, 0, 0, 0.54%, 0, 0, 11, 1570.17
1775287143, 2371, 310, 433, 0, 0, 0.54%, 0, 0, 11, 1318.08
1775287148, 2371, 354, 433, 0, 0, 0.54%, 0, 0, 11, 1315.14
1775287153, 2372, 55, 433, 0, 0, 0.54%, 0, 0, 11, 1431.94
1775287158, 2372, 86, 433, 0, 0, 0.54%, 0, 0, 11, 1505.77
1775287163, 2372, 147, 433, 0, 0, 0.54%, 0, 0, 11, 1549.88
1775287168, 2372, 314, 433, 0, 0, 0.54%, 0, 0, 11, 1531.34
1775287173, 2372, 354, 433, 0, 0, 0.54%, 0, 0, 11, 1436.04
1775287178, 2372, 422, 433, 0, 0, 0.54%, 0, 0, 11, 1329.76
1775287183, 2373, 85, 433, 0, 0, 0.54%, 0, 0, 11, 1422.55
1775287188, 2373, 147, 433, 0, 0, 0.54%, 0, 0, 11, 1482.44
1775287193, 2373, 196, 433, 0, 0, 0.54%, 0, 0, 11, 1535.57
1775287198, 2373, 354, 433, 0, 0, 0.54%, 0, 0, 11, 1430.03
1775287203, 2373, 385, 433, 0, 0, 0.54%, 0, 0, 11, 1246.17
1775287209, 2374, 63, 433, 0, 0, 0.54%, 0, 0, 11, 1735.45
1775287214, 2374, 91, 433, 0, 0, 0.54%, 0, 0, 11, 1590.40
1775287219, 2374, 147, 433, 0, 0, 0.54%, 0, 0, 11, 1569.06
1775287224, 2374, 291, 433, 0, 0, 0.54%, 0, 0, 11, 1495.86
1775287229, 2374, 371, 433, 0, 0, 0.54%, 0, 0, 11, 1478.82
1775287234, 2375, 22, 433, 0, 0, 0.54%, 0, 0, 11, 1095.76
1775287239, 2375, 86, 433, 0, 0, 0.54%, 0, 0, 11, 1444.61
1775287244, 2375, 147, 433, 0, 0, 0.54%, 0, 0, 11, 1482.77
1775287249, 2375, 285, 433, 0, 0, 0.54%, 0, 0, 11, 1509.61
1775287254, 2375, 354, 433, 0, 0, 0.54%, 0, 0, 11, 1427.64
1775287259, 2375, 422, 433, 0, 0, 0.54%, 0, 0, 11, 1285.41
1775287265, 2376, 63, 433, 0, 0, 0.54%, 0, 0, 11, 1476.22
1775287270, 2376, 111, 433, 0, 0, 0.54%, 0, 0, 11, 1477.50
1775287275, 2376, 189, 433, 0, 0, 0.54%, 0, 0, 11, 1489.89
1775287280, 2376, 240, 433, 0, 0, 0.54%, 0, 0, 11, 1498.25
1775287285, 2376, 346, 433, 0, 0, 0.54%, 0, 0, 11, 1409.42
1775287290, 2376, 385, 433, 0, 0, 0.54%, 0, 0, 11, 1406.64
1775287295, 2377, 80, 433, 0, 0, 0.54%, 0, 0, 11, 1609.81
1775287300, 2377, 111, 433, 0, 0, 0.54%, 0, 0, 11, 1551.80
1775287305, 2377, 196, 433, 0, 0, 0.54%, 0, 0, 11, 1437.25
1775287310, 2377, 297, 433, 0, 0, 0.54%, 0, 0, 11, 1414.74
1775287315, 2377, 357, 433, 0, 0, 0.54%, 0, 0, 11, 1296.19
1775287321, 2377, 400, 433, 0, 0, 0.54%, 0, 0, 11, 1071.88
1775287326, 2378, 20, 433, 0, 0, 0.54%, 0, 0, 11, 1110.04
1775287331, 2378, 80, 433, 0, 0, 0.54%, 0, 0, 11, 1419.53
1775287336, 2378, 111, 433, 0, 0, 0.54%, 0, 0, 11, 1445.87
1775287341, 2378, 323, 433, 0, 0, 0.54%, 0, 0, 11, 1485.11
1775287346, 2378, 360, 433, 0, 0, 0.54%, 0, 0, 11, 1392.37
1775287351, 2379, 1, 434, 1, 0, 0.54%, 0, 0, 11, 1244.64
1775287356, 2379, 79, 434, 1, 0, 0.54%, 0, 0, 11, 1531.37
1775287362, 2379, 147, 434, 1, 0, 0.54%, 0, 0, 11, 1722.10
1775287367, 2379, 266, 434, 1, 0, 0.54%, 0, 0, 11, 1583.20
1775287372, 2379, 349, 434, 1, 0, 0.54%, 0, 0, 11, 1379.02
1775287377, 2380, 7, 434, 1, 0, 0.54%, 0, 0, 11, 1173.38
1775287382, 2380, 63, 434, 1, 0, 0.54%, 0, 0, 11, 1431.79
1775287387, 2380, 102, 434, 1, 0, 0.54%, 0, 0, 11, 1601.70
1775287392, 2380, 178, 434, 1, 0, 0.54%, 0, 0, 11, 1484.62
1775287397, 2380, 270, 434, 1, 0, 0.54%, 0, 0, 11, 1375.29
1775287403, 2380, 352, 434, 1, 0, 0.54%, 0, 0, 11, 1407.28
1775287408, 2380, 407, 434, 1, 0, 0.54%, 0, 0, 11, 1307.76
1775287413, 2381, 79, 434, 1, 0, 0.54%, 0, 0, 11, 1429.75
1775287418, 2381, 111, 434, 1, 0, 0.54%, 0, 0, 11, 1499.74
1775287423, 2381, 196, 434, 1, 0, 0.54%, 0, 0, 11, 1507.97
1775287428, 2381, 354, 434, 1, 0, 0.54%, 0, 0, 11, 1471.48
1775287433, 2381, 433, 434, 1, 0, 0.54%, 0, 0, 11, 1414.38
1775287438, 2382, 12, 435, 1, 0, 0.54%, 0, 0, 11, 1455.49
1775287443, 2382, 79, 435, 1, 0, 0.54%, 0, 0, 11, 1569.76
1775287448, 2382, 100, 435, 1, 0, 0.54%, 0, 0, 11, 1473.08
1775287453, 2382, 166, 435, 1, 0, 0.54%, 0, 0, 11, 1545.34
1775287459, 2382, 188, 435, 1, 0, 0.54%, 0, 0, 11, 1600.19
1775287464, 2382, 268, 435, 1, 0, 0.54%, 0, 0, 11, 1491.31
1775287469, 2382, 333, 435, 1, 0, 0.54%, 0, 0, 11, 1329.55
1775287474, 2382, 385, 435, 1, 0, 0.54%, 0, 0, 11, 1368.06
1775287479, 2383, 80, 435, 1, 0, 0.54%, 0, 0, 11, 1539.80
1775287484, 2383, 142, 435, 1, 0, 0.54%, 0, 0, 11, 1444.62
1775287489, 2383, 231, 435, 1, 0, 0.54%, 0, 0, 11, 1490.10
1775287494, 2383, 323, 435, 1, 0, 0.54%, 0, 0, 11, 1373.37
1775287499, 2383, 385, 435, 1, 0, 0.54%, 0, 0, 11, 1329.86
1775287505, 2383, 434, 435, 1, 0, 0.54%, 0, 0, 11, 1323.83
1775287510, 2384, 79, 435, 0, 0, 0.54%, 0, 0, 11, 1469.35
1775287515, 2384, 111, 435, 0, 0, 0.54%, 0, 0, 11, 1524.58
1775287520, 2384, 253, 435, 0, 0, 0.54%, 0, 0, 11, 1503.01
1775287525, 2384, 371, 435, 0, 0, 0.54%, 0, 0, 11, 1420.38
1775287530, 2384, 431, 435, 0, 0, 0.54%, 0, 0, 11, 1454.24
1775287535, 2385, 45, 435, 0, 0, 0.54%, 0, 0, 11, 1410.19
1775287540, 2385, 91, 435, 0, 0, 0.54%, 0, 0, 11, 1493.58
1775287545, 2385, 130, 435, 0, 0, 0.54%, 0, 0, 11, 1641.32
1775287550, 2385, 204, 435, 0, 0, 0.54%, 0, 0, 11, 1595.31
1775287555, 2385, 289, 435, 0, 0, 0.54%, 0, 0, 11, 1416.06
1775287561, 2385, 302, 435, 0, 0, 0.54%, 0, 0, 11, 1499.60
1775287566, 2385, 387, 435, 0, 0, 0.54%, 0, 0, 11, 1343.25
1775287571, 2386, 63, 435, 0, 0, 0.54%, 0, 0, 11, 1350.16
1775287576, 2386, 91, 435, 0, 0, 0.54%, 0, 0, 11, 1529.24
1775287581, 2386, 156, 435, 0, 0, 0.54%, 0, 0, 11, 1457.35
1775287586, 2386, 246, 435, 0, 0, 0.54%, 0, 0, 11, 1440.00
1775287591, 2386, 324, 435, 0, 0, 0.54%, 0, 0, 11, 1546.36
1775287596, 2386, 371, 435, 0, 0, 0.54%, 0, 0, 11, 1342.61
1775287602, 2387, 42, 435, 0, 0, 0.54%, 0, 0, 11, 1480.41
1775287607, 2387, 80, 435, 0, 0, 0.54%, 0, 0, 11, 1422.70
1775287612, 2387, 100, 435, 0, 0, 0.54%, 0, 0, 11, 1377.18
1775287617, 2387, 187, 435, 0, 0, 0.54%, 0, 0, 11, 1415.91
1775287622, 2387, 289, 435, 0, 0, 0.54%, 0, 0, 11, 1479.71
1775287627, 2387, 385, 435, 0, 0, 0.54%, 0, 0, 11, 1421.05
1775287632, 2388, 79, 435, 0, 0, 0.54%, 0, 0, 11, 1429.42
1775287637, 2388, 111, 435, 0, 0, 0.54%, 0, 0, 11, 1528.95
1775287642, 2388, 196, 435, 0, 0, 0.54%, 0, 0, 11, 1450.27
1775287647, 2388, 305, 435, 0, 0, 0.54%, 0, 0, 11, 1448.48
1775287653, 2388, 354, 435, 0, 0, 0.54%, 0, 0, 11, 1315.42
1775287658, 2389, 7, 435, 0, 0, 0.54%, 0, 0, 11, 1214.14
1775287663, 2389, 79, 435, 0, 0, 0.54%, 0, 0, 11, 1471.13
1775287668, 2389, 91, 435, 0, 0, 0.54%, 0, 0, 11, 1458.59
1775287673, 2389, 213, 435, 0, 0, 0.54%, 0, 0, 11, 1533.09
1775287678, 2389, 349, 435, 0, 0, 0.54%, 0, 0, 11, 1718.27
1775287683, 2389, 416, 435, 0, 0, 0.54%, 0, 0, 11, 1561.04
1775287688, 2390, 79, 435, 0, 0, 0.54%, 0, 0, 11, 1503.03
1775287693, 2390, 111, 435, 0, 0, 0.54%, 0, 0, 11, 1484.85
1775287699, 2390, 186, 435, 0, 0, 0.54%, 0, 0, 11, 1418.31
1775287704, 2390, 266, 435, 0, 0, 0.54%, 0, 0, 11, 1451.06
1775287709, 2390, 354, 435, 0, 0, 0.54%, 0, 0, 11, 1322.86
1775287714, 2391, 34, 435, 0, 0, 0.54%, 0, 0, 11, 1201.09
1775287719, 2391, 79, 435, 0, 0, 0.54%, 0, 0, 11, 1398.87
1775287724, 2391, 111, 435, 0, 0, 0.54%, 0, 0, 11, 1475.15
1775287729, 2391, 189, 435, 0, 0, 0.54%, 0, 0, 11, 1414.47
1775287734, 2391, 199, 435, 0, 0, 0.54%, 0, 0, 11, 1421.58
1775287739, 2391, 349, 435, 0, 0, 0.54%, 0, 0, 11, 1494.02
1775287744, 2391, 392, 435, 0, 0, 0.54%, 0, 0, 11, 1410.81
1775287749, 2392, 36, 435, 0, 0, 0.54%, 0, 0, 11, 1490.07
1775287755, 2392, 80, 435, 0, 0, 0.54%, 0, 0, 11, 1554.34
1775287760, 2392, 150, 435, 0, 0, 0.54%, 0, 0, 11, 1552.04
1775287765, 2392, 244, 435, 0, 0, 0.54%, 0, 0, 11, 1530.98
1775287770, 2392, 354, 435, 0, 0, 0.54%, 0, 0, 11, 1486.28
1775287775, 2393, 22, 435, 0, 0, 0.54%, 0, 0, 11, 1511.24
1775287780, 2393, 86, 435, 0, 0, 0.54%, 0, 0, 11, 1445.88
1775287785, 2393, 109, 435, 0, 0, 0.54%, 0, 0, 11, 1522.27
1775287790, 2393, 196, 435, 0, 0, 0.54%, 0, 0, 11, 1367.14
1775287796, 2393, 325, 435, 0, 0, 0.54%, 0, 0, 11, 1397.07
1775287801, 2393, 385, 435, 0, 0, 0.54%, 0, 0, 11, 1341.36
1775287806, 2394, 74, 435, 0, 0, 0.54%, 0, 0, 11, 1481.91
1775287811, 2394, 92, 435, 0, 0, 0.54%, 0, 0, 11, 1455.25
1775287816, 2394, 145, 435, 0, 0, 0.54%, 0, 0, 11, 1493.44
1775287821, 2394, 206, 435, 0, 0, 0.54%, 0, 0, 11, 1498.68
1775287826, 2394, 349, 435, 0, 0, 0.54%, 0, 0, 11, 1538.80
1775287831, 2395, 22, 435, 0, 0, 0.54%, 0, 0, 11, 1406.91
1775287836, 2395, 80, 435, 0, 0, 0.54%, 0, 0, 11, 1539.60
1775287841, 2395, 136, 435, 0, 0, 0.54%, 0, 0, 11, 1577.17
1775287846, 2395, 219, 435, 0, 0, 0.54%, 0, 0, 11, 1573.40
1775287851, 2395, 354, 435, 0, 0, 0.54%, 0, 0, 11, 1511.11
1775287857, 2395, 390, 435, 0, 0, 0.54%, 0, 0, 11, 1221.09
1775287862, 2396, 63, 435, 0, 0, 0.54%, 0, 0, 11, 1499.47
1775287867, 2396, 102, 435, 0, 0, 0.54%, 0, 0, 11, 1501.93
1775287872, 2396, 169, 435, 0, 0, 0.54%, 0, 0, 11, 1429.27
1775287877, 2396, 238, 435, 0, 0, 0.54%, 0, 0, 11, 1390.17
1775287882, 2396, 377, 435, 0, 0, 0.54%, 0, 0, 11, 1457.98
1775287887, 2397, 28, 435, 0, 0, 0.54%, 0, 0, 11, 1413.85
1775287892, 2397, 67, 435, 0, 0, 0.54%, 0, 0, 11, 1472.79
1775287897, 2397, 108, 435, 0, 0, 0.54%, 0, 0, 11, 1490.58
1775287902, 2397, 153, 435, 0, 0, 0.54%, 0, 0, 11, 1530.02
1775287907, 2397, 220, 435, 0, 0, 0.54%, 0, 0, 11, 1427.72
1775287912, 2397, 311, 435, 0, 0, 0.54%, 0, 0, 11, 1321.19
1775287918, 2397, 375, 435, 0, 0, 0.54%, 0, 0, 11, 1395.27
1775287923, 2398, 46, 435, 0, 0, 0.54%, 0, 0, 11, 1597.86
1775287928, 2398, 85, 435, 0, 0, 0.54%, 0, 0, 11, 1606.71
1775287933, 2398, 147, 435, 0, 0, 0.54%, 0, 0, 11, 1522.55
1775287938, 2398, 266, 435, 0, 0, 0.54%, 0, 0, 11, 1453.10
1775287943, 2398, 354, 435, 0, 0, 0.54%, 0, 0, 11, 1392.24
1775287948, 2398, 431, 435, 0, 0, 0.54%, 0, 0, 11, 1289.37
1775287953, 2399, 86, 435, 0, 0, 0.54%, 0, 0, 11, 1533.54
1775287958, 2399, 111, 435, 0, 0, 0.54%, 0, 0, 11, 1455.47
1775287963, 2399, 175, 435, 0, 0, 0.54%, 0, 0, 11, 1400.35
1775287968, 2399, 319, 435, 0, 0, 0.54%, 0, 0, 11, 1473.54
1775287974, 2399, 358, 435, 0, 0, 0.54%, 0, 0, 11, 1447.90
1775287979, 2399, 423, 435, 0, 0, 0.54%, 0, 0, 11, 1169.44
1775287984, 2400, 42, 435, 0, 0, 0.54%, 0, 0, 11, 1345.90
1775287989, 2400, 80, 435, 0, 0, 0.54%, 0, 0, 11, 1404.69
1775287994, 2400, 126, 435, 0, 0, 0.54%, 0, 0, 11, 1532.69
1775287999, 2400, 224, 435, 0, 0, 0.54%, 0, 0, 11, 1491.16
1775288004, 2400, 293, 435, 0, 0, 0.54%, 0, 0, 11, 1380.72
1775288009, 2400, 357, 435, 0, 0, 0.54%, 0, 0, 11, 1375.73
1775288014, 2400, 412, 435, 0, 0, 0.54%, 0, 0, 11, 1187.72
1775288020, 2401, 80, 435, 0, 0, 0.54%, 0, 0, 11, 1383.13
1775288025, 2401, 122, 435, 0, 0, 0.54%, 0, 0, 11, 1586.31
1775288030, 2401, 189, 435, 0, 0, 0.54%, 0, 0, 11, 1424.56
1775288035, 2401, 309, 435, 0, 0, 0.54%, 0, 0, 11, 1565.18
1775288040, 2401, 371, 435, 0, 0, 0.54%, 0, 0, 11, 1485.06
1775288045, 2402, 63, 435, 0, 0, 0.54%, 0, 0, 11, 1435.54
1775288050, 2402, 90, 435, 0, 0, 0.54%, 0, 0, 11, 1496.73
1775288055, 2402, 184, 435, 0, 0, 0.54%, 0, 0, 11, 1578.72
1775288060, 2402, 270, 435, 0, 0, 0.54%, 0, 0, 11, 1325.90
1775288065, 2402, 357, 435, 0, 0, 0.54%, 0, 0, 11, 1337.67
1775288070, 2402, 415, 435, 0, 0, 0.54%, 0, 0, 11, 1142.06
1775288076, 2403, 80, 435, 0, 0, 0.54%, 0, 0, 11, 1450.76
1775288081, 2403, 131, 435, 0, 0, 0.54%, 0, 0, 11, 1461.82
1775288086, 2403, 272, 435, 0, 0, 0.54%, 0, 0, 11, 1466.40
1775288091, 2403, 371, 435, 0, 0, 0.54%, 0, 0, 11, 1400.28
1775288096, 2404, 63, 435, 0, 0, 0.54%, 0, 0, 11, 1427.96
1775288101, 2404, 91, 435, 0, 0, 0.54%, 0, 0, 11, 1422.16
1775288106, 2404, 159, 435, 0, 0, 0.54%, 0, 0, 11, 1462.24
1775288111, 2404, 349, 435, 0, 0, 0.54%, 0, 0, 11, 1447.94
1775288116, 2404, 385, 435, 0, 0, 0.54%, 0, 0, 11, 1403.36
1775288121, 2405, 36, 435, 0, 0, 0.54%, 0, 0, 11, 1146.54
1775288126, 2405, 100, 435, 0, 0, 0.54%, 0, 0, 11, 1453.67
1775288131, 2405, 147, 435, 0, 0, 0.54%, 0, 0, 11, 1442.42
1775288136, 2405, 200, 435, 0, 0, 0.54%, 0, 0, 11, 1377.17
1775288141, 2405, 294, 435, 0, 0, 0.54%, 0, 0, 11, 1494.85
1775288147, 2405, 349, 435, 0, 0, 0.54%, 0, 0, 11, 1446.69
1775288152, 2405, 385, 435, 0, 0, 0.54%, 0, 0, 11, 1252.91
1775288157, 2405, 433, 435, 0, 0, 0.54%, 0, 0, 11, 1417.26
1775288162, 2406, 79, 435, 0, 0, 0.54%, 0, 0, 11, 1609.39
1775288167, 2406, 147, 435, 0, 0, 0.54%, 0, 0, 11, 1563.73
1775288172, 2406, 294, 435, 0, 0, 0.54%, 0, 0, 11, 1550.26
1775288177, 2406, 369, 435, 0, 0, 0.54%, 0, 0, 11, 1436.58
1775288182, 2406, 429, 435, 0, 0, 0.54%, 0, 0, 11, 1352.65
1775288187, 2407, 12, 435, 0, 0, 0.54%, 0, 0, 11, 1334.80
1775288192, 2407, 73, 435, 0, 0, 0.54%, 0, 0, 11, 1380.01
1775288197, 2407, 100, 435, 0, 0, 0.54%, 0, 0, 11, 1429.68
1775288203, 2407, 185, 435, 0, 0, 0.54%, 0, 0, 11, 1502.03
1775288208, 2407, 236, 435, 0, 0, 0.54%, 0, 0, 11, 1425.87
1775288213, 2407, 304, 435, 0, 0, 0.54%, 0, 0, 11, 1499.49
1775288218, 2407, 354, 435, 0, 0, 0.54%, 0, 0, 11, 1353.96
1775288223, 2408, 20, 435, 0, 0, 0.54%, 0, 0, 11, 1298.54
1775288228, 2408, 79, 435, 0, 0, 0.54%, 0, 0, 11, 1475.80
1775288233, 2408, 111, 435, 0, 0, 0.54%, 0, 0, 11, 1486.66
1775288238, 2408, 190, 435, 0, 0, 0.54%, 0, 0, 11, 1458.07
1775288244, 2408, 323, 435, 0, 0, 0.54%, 0, 0, 11, 1544.23
1775288249, 2408, 359, 435, 0, 0, 0.54%, 0, 0, 11, 1409.64
1775288254, 2409, 17, 435, 0, 0, 0.54%, 0, 0, 11, 1421.32
1775288259, 2409, 80, 435, 0, 0, 0.54%, 0, 0, 11, 765.26
1775288264, 2409, 120, 435, 0, 0, 0.54%, 0, 0, 11, 1391.80
1775288269, 2409, 253, 435, 0, 0, 0.54%, 0, 0, 11, 1395.16
1775288274, 2409, 354, 435, 0, 0, 0.54%, 0, 0, 11, 1343.79
1775288279, 2410, 40, 435, 0, 0, 0.54%, 0, 0, 11, 1351.76
1775288284, 2410, 80, 435, 0, 0, 0.54%, 0, 0, 11, 1522.33
1775288289, 2410, 111, 435, 0, 0, 0.54%, 0, 0, 11, 1503.76
1775288294, 2410, 213, 435, 0, 0, 0.54%, 0, 0, 11, 1410.99
1775288300, 2410, 347, 435, 0, 0, 0.54%, 0, 0, 11, 1513.08
1775288305, 2410, 418, 435, 0, 0, 0.54%, 0, 0, 11, 1223.01
1775288310, 2411, 84, 435, 0, 0, 0.54%, 0, 0, 11, 1477.11
1775288315, 2411, 147, 435, 0, 0, 0.54%, 0, 0, 11, 1543.76
1775288320, 2411, 253, 435, 0, 0, 0.54%, 0, 0, 11, 1422.74
1775288325, 2411, 371, 435, 0, 0, 0.54%, 0, 0, 11, 1483.21
1775288330, 2412, 79, 435, 0, 0, 0.54%, 0, 0, 11, 1390.32
1775288335, 2412, 96, 435, 0, 0, 0.54%, 0, 0, 11, 1480.31
1775288341, 2412, 174, 435, 0, 0, 0.54%, 0, 0, 11, 1542.11
1775288346, 2412, 291, 435, 0, 0, 0.54%, 0, 0, 11, 1612.37
1775288351, 2412, 341, 435, 0, 0, 0.54%, 0, 0, 11, 1347.91
1775288356, 2412, 385, 435, 0, 0, 0.54%, 0, 0, 11, 1278.87
1775288361, 2413, 80, 435, 0, 0, 0.54%, 0, 0, 11, 1488.88
1775288366, 2413, 109, 435, 0, 0, 0.54%, 0, 0, 11, 1389.23
1775288371, 2413, 218, 435, 0, 0, 0.54%, 0, 0, 11, 1553.75
1775288376, 2413, 273, 435, 0, 0, 0.54%, 0, 0, 11, 1413.81
1775288381, 2413, 353, 435, 0, 0, 0.54%, 0, 0, 11, 1460.47
1775288387, 2413, 391, 435, 0, 0, 0.54%, 0, 0, 11, 1336.45
1775288392, 2414, 63, 435, 0, 0, 0.54%, 0, 0, 11, 1489.82
1775288397, 2414, 91, 435, 0, 0, 0.54%, 0, 0, 11, 1484.21
1775288402, 2414, 147, 435, 0, 0, 0.54%, 0, 0, 11, 1418.40
1775288407, 2414, 231, 435, 0, 0, 0.54%, 0, 0, 11, 1497.61
1775288412, 2414, 306, 435, 0, 0, 0.54%, 0, 0, 11, 1461.30
1775288417, 2414, 363, 435, 0, 0, 0.54%, 0, 0, 11, 1504.86
1775288422, 2415, 24, 435, 0, 0, 0.54%, 0, 0, 11, 1441.91
1775288427, 2415, 75, 435, 0, 0, 0.54%, 0, 0, 11, 1417.66
1775288432, 2415, 95, 435, 0, 0, 0.54%, 0, 0, 11, 1473.51
1775288437, 2415, 197, 435, 0, 0, 0.54%, 0, 0, 11, 1554.11
1775288442, 2415, 349, 435, 0, 0, 0.54%, 0, 0, 11, 1493.65
1775288448, 2415, 400, 435, 0, 0, 0.54%, 0, 0, 11, 1237.78
1775288453, 2416, 74, 435, 0, 0, 0.54%, 0, 0, 11, 1366.32
1775288458, 2416, 87, 435, 0, 0, 0.54%, 0, 0, 11, 1462.05
1775288463, 2416, 147, 435, 0, 0, 0.54%, 0, 0, 11, 1582.75
1775288468, 2416, 197, 435, 0, 0, 0.54%, 0, 0, 11, 1444.29
1775288473, 2416, 285, 435, 0, 0, 0.54%, 0, 0, 11, 1493.45
1775288478, 2416, 385, 435, 0, 0, 0.54%, 0, 0, 11, 1394.74
1775288483, 2417, 36, 435, 0, 0, 0.54%, 0, 0, 11, 1430.56
1775288488, 2417, 100, 435, 0, 0, 0.54%, 0, 0, 11, 1546.42
1775288493, 2417, 198, 435, 0, 0, 0.54%, 0, 0, 11, 1511.95
1775288498, 2417, 349, 435, 0, 0, 0.54%, 0, 0, 11, 1528.55
1775288504, 2417, 390, 435, 0, 0, 0.54%, 0, 0, 11, 1358.40
1775288509, 2418, 57, 435, 0, 0, 0.54%, 0, 0, 11, 1340.65
1775288514, 2418, 80, 435, 0, 0, 0.54%, 0, 0, 11, 1434.50
1775288519, 2418, 116, 435, 0, 0, 0.54%, 0, 0, 11, 1529.02
1775288524, 2418, 164, 435, 0, 0, 0.54%, 0, 0, 11, 1509.89
1775288529, 2418, 193, 435, 0, 0, 0.54%, 0, 0, 11, 1603.70
1775288534, 2418, 329, 435, 0, 0, 0.54%, 0, 0, 11, 1550.31
1775288539, 2418, 385, 435, 0, 0, 0.54%, 0, 0, 11, 1391.13
1775288544, 2419, 79, 435, 0, 0, 0.54%, 0, 0, 11, 1452.50
1775288550, 2419, 111, 435, 0, 0, 0.54%, 0, 0, 11, 1584.69
1775288555, 2419, 201, 435, 0, 0, 0.54%, 0, 0, 11, 1618.61
1775288560, 2419, 349, 435, 0, 0, 0.54%, 0, 0, 11, 1523.48
1775288565, 2419, 410, 435, 0, 0, 0.54%, 0, 0, 11, 1331.27
1775288570, 2420, 79, 435, 0, 0, 0.54%, 0, 0, 11, 1600.76
1775288575, 2420, 100, 435, 0, 0, 0.54%, 0, 0, 11, 1480.37
1775288580, 2420, 149, 435, 0, 0, 0.54%, 0, 0, 11, 1503.57
1775288585, 2420, 274, 435, 0, 0, 0.54%, 0, 0, 11, 1471.35
1775288590, 2420, 349, 435, 0, 0, 0.54%, 0, 0, 11, 1468.33
1775288595, 2421, 24, 435, 0, 0, 0.54%, 0, 0, 11, 1502.03
1775288601, 2421, 80, 435, 0, 0, 0.54%, 0, 0, 11, 1573.43
1775288606, 2421, 149, 435, 0, 0, 0.54%, 0, 0, 11, 1523.32
1775288611, 2421, 325, 435, 0, 0, 0.54%, 0, 0, 11, 1472.11
1775288616, 2421, 388, 435, 0, 0, 0.54%, 0, 0, 11, 1422.44
1775288621, 2422, 22, 435, 0, 0, 0.54%, 0, 0, 11, 1636.20
1775288626, 2422, 86, 435, 0, 0, 0.54%, 0, 0, 11, 1642.11
1775288631, 2422, 147, 435, 0, 0, 0.54%, 0, 0, 11, 1585.79
1775288636, 2422, 272, 435, 0, 0, 0.54%, 0, 0, 11, 1513.98
1775288642, 2422, 331, 435, 0, 0, 0.54%, 0, 0, 11, 1516.72
1775288647, 2422, 430, 435, 0, 0, 0.54%, 0, 0, 11, 1353.41
1775288652, 2423, 63, 435, 0, 0, 0.54%, 0, 0, 11, 1587.22
1775288657, 2423, 91, 435, 0, 0, 0.54%, 0, 0, 11, 1507.75
1775288662, 2423, 174, 435, 0, 0, 0.54%, 0, 0, 11, 1370.83
1775288667, 2423, 196, 435, 0, 0, 0.54%, 0, 0, 11, 1347.84
1775288672, 2423, 328, 435, 0, 0, 0.54%, 0, 0, 11, 1415.65
1775288677, 2423, 415, 435, 0, 0, 0.54%, 0, 0, 11, 1304.67
1775288682, 2424, 74, 435, 0, 0, 0.54%, 0, 0, 11, 1565.67
1775288687, 2424, 98, 435, 0, 0, 0.54%, 0, 0, 11, 1573.71
1775288693, 2424, 147, 435, 0, 0, 0.54%, 0, 0, 11, 1509.39
1775288698, 2424, 209, 435, 0, 0, 0.54%, 0, 0, 11, 1539.71
1775288703, 2424, 291, 435, 0, 0, 0.54%, 0, 0, 11, 1556.70
1775288708, 2424, 324, 435, 0, 0, 0.54%, 0, 0, 11, 1678.54
1775288713, 2424, 378, 435, 0, 0, 0.54%, 0, 0, 11, 1476.49
1775288718, 2425, 71, 435, 0, 0, 0.54%, 0, 0, 11, 1423.25
1775288723, 2425, 91, 435, 0, 0, 0.54%, 0, 0, 11, 1515.59
1775288728, 2425, 119, 435, 0, 0, 0.54%, 0, 0, 11, 1371.29
1775288733, 2425, 171, 435, 0, 0, 0.54%, 0, 0, 11, 1560.80
1775288738, 2425, 297, 435, 0, 0, 0.54%, 0, 0, 11, 1498.69
1775288743, 2425, 337, 435, 0, 0, 0.54%, 0, 0, 11, 1414.16
1775288748, 2425, 385, 435, 0, 0, 0.54%, 0, 0, 11, 1387.31
1775288753, 2426, 63, 435, 0, 0, 0.54%, 0, 0, 11, 1389.30
1775288759, 2426, 91, 435, 0, 0, 0.54%, 0, 0, 11, 1448.17
1775288764, 2426, 131, 435, 0, 0, 0.54%, 0, 0, 11, 1488.93
1775288769, 2426, 211, 435, 0, 0, 0.54%, 0, 0, 11, 1530.54
1775288774, 2426, 325, 435, 0, 0, 0.54%, 0, 0, 11, 1424.12
1775288779, 2426, 392, 435, 0, 0, 0.54%, 0, 0, 11, 1292.05
1775288784, 2427, 63, 435, 0, 0, 0.54%, 0, 0, 11, 1646.65
1775288789, 2427, 100, 435, 0, 0, 0.54%, 0, 0, 11, 1660.20
1775288794, 2427, 196, 435, 0, 0, 0.54%, 0, 0, 11, 1477.93
1775288799, 2427, 313, 435, 0, 0, 0.54%, 0, 0, 11, 1440.41
1775288804, 2427, 373, 435, 0, 0, 0.54%, 0, 0, 11, 1407.40
1775288809, 2428, 63, 435, 0, 0, 0.54%, 0, 0, 11, 1506.50
1775288814, 2428, 106, 435, 0, 0, 0.54%, 0, 0, 11, 1587.48
1775288819, 2428, 145, 435, 0, 0, 0.54%, 0, 0, 11, 1478.33
1775288824, 2428, 187, 435, 0, 0, 0.54%, 0, 0, 11, 1544.51
1775288829, 2428, 268, 435, 0, 0, 0.54%, 0, 0, 11, 1445.99
1775288835, 2428, 385, 435, 0, 0, 0.54%, 0, 0, 11, 1329.78
1775288840, 2429, 22, 435, 0, 0, 0.54%, 0, 0, 11, 1444.50
1775288845, 2429, 79, 435, 0, 0, 0.54%, 0, 0, 11, 1575.80
1775288850, 2429, 107, 435, 0, 0, 0.54%, 0, 0, 11, 1558.94
1775288855, 2429, 247, 435, 0, 0, 0.54%, 0, 0, 11, 1623.10
1775288860, 2429, 354, 435, 0, 0, 0.54%, 0, 0, 11, 1533.02
1775288865, 2430, 29, 435, 0, 0, 0.54%, 0, 0, 11, 1441.42
1775288870, 2430, 80, 435, 0, 0, 0.54%, 0, 0, 11, 1576.23
1775288875, 2430, 147, 435, 0, 0, 0.54%, 0, 0, 11, 1557.74
1775288880, 2430, 185, 435, 0, 0, 0.54%, 0, 0, 11, 1423.59
1775288886, 2430, 268, 435, 0, 0, 0.54%, 0, 0, 11, 1334.57
1775288891, 2430, 327, 435, 0, 0, 0.54%, 0, 0, 11, 1417.94
1775288896, 2430, 371, 435, 0, 0, 0.54%, 0, 0, 11, 1359.92
1775288901, 2431, 75, 435, 0, 0, 0.54%, 0, 0, 11, 1409.39
1775288906, 2431, 100, 435, 0, 0, 0.54%, 0, 0, 11, 1499.55
1775288911, 2431, 196, 435, 0, 0, 0.54%, 0, 0, 11, 1412.48
1775288916, 2431, 287, 435, 0, 0, 0.54%, 0, 0, 11, 1520.86
1775288921, 2431, 357, 435, 0, 0, 0.54%, 0, 0, 11, 1397.25
1775288926, 2431, 434, 435, 0, 0, 0.54%, 0, 0, 11, 1371.03
1775288931, 2432, 80, 435, 0, 0, 0.54%, 0, 0, 11, 1522.26
1775288936, 2432, 115, 435, 0, 0, 0.54%, 0, 0, 11, 1426.78
1775288942, 2432, 172, 435, 0, 0, 0.54%, 0, 0, 11, 1589.89
1775288947, 2432, 240, 435, 0, 0, 0.54%, 0, 0, 11, 1535.54
1775288952, 2432, 320, 435, 0, 0, 0.54%, 0, 0, 11, 1592.50
1775288957, 2432, 378, 435, 0, 0, 0.54%, 0, 0, 11, 1433.93
1775288962, 2433, 36, 435, 0, 0, 0.54%, 0, 0, 11, 1378.86
1775288967, 2433, 79, 435, 0, 0, 0.54%, 0, 0, 11, 1215.15
1775288972, 2433, 111, 435, 0, 0, 0.54%, 0, 0, 11, 1498.17
1775288977, 2433, 197, 435, 0, 0, 0.54%, 0, 0, 11, 1603.96
1775288982, 2433, 300, 435, 0, 0, 0.54%, 0, 0, 11, 1493.59
1775288987, 2433, 385, 435, 0, 0, 0.54%, 0, 0, 11, 1445.39
1775288992, 2434, 79, 435, 0, 0, 0.54%, 0, 0, 11, 1502.15
1775288997, 2434, 111, 435, 0, 0, 0.54%, 0, 0, 11, 1559.62
1775289002, 2434, 234, 435, 0, 0, 0.54%, 0, 0, 11, 1524.20
1775289007, 2434, 354, 435, 0, 0, 0.54%, 0, 0, 11, 1415.20
1775289013, 2434, 418, 435, 0, 0, 0.54%, 0, 0, 11, 1247.99
1775289018, 2435, 79, 435, 0, 0, 0.54%, 0, 0, 11, 1677.53
1775289023, 2435, 100, 435, 0, 0, 0.54%, 0, 0, 11, 1577.64
1775289028, 2435, 159, 435, 0, 0, 0.54%, 0, 0, 11, 1462.86
1775289033, 2435, 325, 435, 0, 0, 0.54%, 0, 0, 11, 1487.12
1775289038, 2435, 385, 435, 0, 0, 0.54%, 0, 0, 11, 1384.83
1775289043, 2436, 14, 435, 0, 0, 0.54%, 0, 0, 11, 1374.19
1775289048, 2436, 61, 435, 0, 0, 0.54%, 0, 0, 11, 1565.20
1775289053, 2436, 91, 435, 0, 0, 0.54%, 0, 0, 11, 1475.76
1775289058, 2436, 147, 435, 0, 0, 0.54%, 0, 0, 11, 1480.11
1775289063, 2436, 268, 435, 0, 0, 0.54%, 0, 0, 11, 1536.63
1775289068, 2436, 359, 435, 0, 0, 0.54%, 0, 0, 11, 1480.09
1775289073, 2436, 434, 435, 0, 0, 0.54%, 0, 0, 11, 1494.06
1775289078, 2437, 63, 435, 0, 0, 0.54%, 0, 0, 11, 1605.31
1775289083, 2437, 100, 435, 0, 0, 0.54%, 0, 0, 11, 1437.65
1775289088, 2437, 145, 435, 0, 0, 0.54%, 0, 0, 11, 1452.33
1775289093, 2437, 229, 435, 0, 0, 0.54%, 0, 0, 11, 1428.47
1775289098, 2437, 325, 435, 0, 0, 0.54%, 0, 0, 11, 1409.71
1775289104, 2437, 366, 435, 0, 0, 0.54%, 0, 0, 11, 1453.08
1775289109, 2438, 63, 435, 0, 0, 0.54%, 0, 0, 11, 1314.96
1775289114, 2438, 87, 435, 0, 0, 0.54%, 0, 0, 11, 1425.46
1775289119, 2438, 147, 435, 0, 0, 0.54%, 0, 0, 11, 1581.55
1775289124, 2438, 243, 435, 0, 0, 0.54%, 0, 0, 11, 1529.98
1775289129, 2438, 349, 435, 0, 0, 0.54%, 0, 0, 11, 1497.06
1775289134, 2439, 36, 435, 0, 0, 0.54%, 0, 0, 11, 1341.14
1775289139, 2439, 92, 435, 0, 0, 0.54%, 0, 0, 11, 1573.23
1775289144, 2439, 136, 435, 0, 0, 0.54%, 0, 0, 11, 1510.76
1775289149, 2439, 225, 435, 0, 0, 0.54%, 0, 0, 11, 1528.40
1775289155, 2439, 325, 435, 0, 0, 0.54%, 0, 0, 11, 1431.83
1775289160, 2439, 385, 435, 0, 0, 0.54%, 0, 0, 11, 1397.91
1775289165, 2440, 73, 435, 0, 0, 0.54%, 0, 0, 11, 1467.28
1775289170, 2440, 91, 435, 0, 0, 0.54%, 0, 0, 11, 1603.56
1775289175, 2440, 125, 435, 0, 0, 0.54%, 0, 0, 11, 1402.66
1775289180, 2440, 196, 435, 0, 0, 0.54%, 0, 0, 11, 1287.87
1775289185, 2440, 354, 435, 0, 0, 0.54%, 0, 0, 11, 1378.49
1775289190, 2440, 431, 435, 0, 0, 0.54%, 0, 0, 11, 1510.40
1775289195, 2441, 79, 435, 0, 0, 0.54%, 0, 0, 11, 1421.19
1775289200, 2441, 108, 435, 0, 0, 0.54%, 0, 0, 11, 1487.47
1775289206, 2441, 175, 435, 0, 0, 0.54%, 0, 0, 11, 1501.94
1775289211, 2441, 229, 435, 0, 0, 0.54%, 0, 0, 11, 1501.65
1775289216, 2441, 325, 435, 0, 0, 0.54%, 0, 0, 11, 1338.81
1775289221, 2441, 385, 435, 0, 0, 0.54%, 0, 0, 11, 1246.91
1775289226, 2442, 46, 435, 0, 0, 0.54%, 0, 0, 11, 1305.27
1775289231, 2442, 100, 435, 0, 0, 0.54%, 0, 0, 11, 1482.32
1775289236, 2442, 161, 435, 0, 0, 0.54%, 0, 0, 11, 1492.38
1775289241, 2442, 241, 435, 0, 0, 0.54%, 0, 0, 11, 1481.33
1775289246, 2442, 335, 435, 0, 0, 0.54%, 0, 0, 11, 1326.64
1775289252, 2442, 385, 435, 0, 0, 0.54%, 0, 0, 11, 1328.60
1775289257, 2443, 63, 435, 0, 0, 0.54%, 0, 0, 11, 1539.74
1775289262, 2443, 91, 435, 0, 0, 0.54%, 0, 0, 11, 1431.28
1775289267, 2443, 148, 435, 0, 0, 0.54%, 0, 0, 11, 1446.97
1775289272, 2443, 261, 435, 0, 0, 0.54%, 0, 0, 11, 1388.28
1775289277, 2443, 371, 435, 0, 0, 0.54%, 0, 0, 11, 1451.61
1775289282, 2443, 430, 435, 0, 0, 0.54%, 0, 0, 11, 1187.96
1775289287, 2444, 79, 435, 0, 0, 0.54%, 0, 0, 11, 1486.45
1775289292, 2444, 139, 435, 0, 0, 0.54%, 0, 0, 11, 1526.32
1775289297, 2444, 325, 435, 0, 0, 0.54%, 0, 0, 11, 1459.20
1775289302, 2444, 385, 435, 0, 0, 0.54%, 0, 0, 11, 1322.87
1775289307, 2445, 58, 435, 0, 0, 0.54%, 0, 0, 11, 1360.73
1775289312, 2445, 95, 435, 0, 0, 0.54%, 0, 0, 11, 1407.95
1775289317, 2445, 172, 435, 0, 0, 0.54%, 0, 0, 11, 1427.47
1775289323, 2445, 190, 435, 0, 0, 0.54%, 0, 0, 11, 1822.63
1775289328, 2445, 308, 435, 0, 0, 0.54%, 0, 0, 11, 1578.86
1775289333, 2445, 385, 435, 0, 0, 0.54%, 0, 0, 11, 1361.86
1775289338, 2446, 63, 435, 0, 0, 0.54%, 0, 0, 11, 1490.68
1775289343, 2446, 111, 435, 0, 0, 0.54%, 0, 0, 11, 1554.27
1775289348, 2446, 161, 435, 0, 0, 0.54%, 0, 0, 11, 1389.13
1775289353, 2446, 270, 435, 0, 0, 0.54%, 0, 0, 11, 1374.10
1775289358, 2446, 299, 435, 0, 0, 0.54%, 0, 0, 11, 1405.00
1775289363, 2446, 354, 435, 0, 0, 0.54%, 0, 0, 11, 1399.30
1775289368, 2446, 406, 435, 0, 0, 0.54%, 0, 0, 11, 1212.88
1775289374, 2447, 29, 435, 0, 0, 0.54%, 0, 0, 11, 1437.16
1775289379, 2447, 80, 435, 0, 0, 0.54%, 0, 0, 11, 1563.54
1775289384, 2447, 111, 435, 0, 0, 0.54%, 0, 0, 11, 1452.57
1775289389, 2447, 191, 435, 0, 0, 0.54%, 0, 0, 11, 1522.90
1775289394, 2447, 308, 435, 0, 0, 0.54%, 0, 0, 11, 1471.04
1775289399, 2447, 357, 435, 0, 0, 0.54%, 0, 0, 11, 1356.73
1775289404, 2448, 3, 435, 0, 0, 0.54%, 0, 0, 11, 1174.06
1775289409, 2448, 63, 435, 0, 0, 0.54%, 0, 0, 11, 1442.76
1775289414, 2448, 100, 435, 0, 0, 0.54%, 0, 0, 11, 1398.83
1775289419, 2448, 175, 435, 0, 0, 0.54%, 0, 0, 11, 1577.61
1775289424, 2448, 196, 435, 0, 0, 0.54%, 0, 0, 11, 1527.75
1775289429, 2448, 325, 435, 0, 0, 0.54%, 0, 0, 11, 1491.05
1775289434, 2448, 385, 435, 0, 0, 0.54%, 0, 0, 11, 1434.50
1775289440, 2449, 24, 435, 0, 0, 0.54%, 0, 0, 11, 1553.72
1775289445, 2449, 80, 435, 0, 0, 0.54%, 0, 0, 11, 1540.21
1775289450, 2449, 112, 435, 0, 0, 0.54%, 0, 0, 11, 1316.30
1775289455, 2449, 147, 435, 0, 0, 0.54%, 0, 0, 11, 1431.14
1775289460, 2449, 186, 435, 0, 0, 0.54%, 0, 0, 11, 1601.99
1775289465, 2449, 235, 435, 0, 0, 0.54%, 0, 0, 11, 810.89
1775289470, 2449, 310, 435, 0, 0, 0.54%, 0, 0, 11, 1309.98
1775289475, 2449, 362, 435, 0, 0, 0.54%, 0, 0, 11, 1300.59
1775289480, 2449, 412, 435, 0, 0, 0.54%, 0, 0, 11, 1189.42
1775289486, 2450, 21, 435, 0, 0, 0.54%, 0, 0, 11, 1462.28
1775289491, 2450, 80, 435, 0, 0, 0.54%, 0, 0, 11, 1592.48
1775289496, 2450, 111, 435, 0, 0, 0.54%, 0, 0, 11, 1538.04
1775289501, 2450, 176, 435, 0, 0, 0.54%, 0, 0, 11, 1456.00
1775289506, 2450, 271, 435, 0, 0, 0.54%, 0, 0, 11, 1571.70
1775289511, 2450, 325, 435, 0, 0, 0.54%, 0, 0, 11, 1487.74
1775289516, 2450, 382, 435, 0, 0, 0.54%, 0, 0, 11, 1368.89
1775289521, 2451, 7, 435, 0, 0, 0.54%, 0, 0, 11, 1514.25
1775289526, 2451, 80, 435, 0, 0, 0.54%, 0, 0, 11, 1383.84
1775289532, 2451, 114, 435, 0, 0, 0.54%, 0, 0, 11, 1519.84
1775289537, 2451, 188, 435, 0, 0, 0.54%, 0, 0, 11, 1520.44
1775289542, 2451, 334, 435, 0, 0, 0.54%, 0, 0, 11, 1536.29
1775289547, 2451, 385, 435, 0, 0, 0.54%, 0, 0, 11, 1445.78
1775289552, 2452, 56, 435, 0, 0, 0.54%, 0, 0, 11, 1390.25
1775289557, 2452, 91, 435, 0, 0, 0.54%, 0, 0, 11, 1369.35
1775289562, 2452, 136, 435, 0, 0, 0.54%, 0, 0, 11, 1449.13
1775289567, 2452, 197, 435, 0, 0, 0.54%, 0, 0, 11, 1457.91
1775289572, 2452, 282, 435, 0, 0, 0.54%, 0, 0, 11, 1374.13
1775289577, 2452, 354, 435, 0, 0, 0.54%, 0, 0, 11, 1291.51
1775289583, 2453, 36, 435, 0, 0, 0.54%, 0, 0, 11, 1428.17
1775289588, 2453, 83, 435, 0, 0, 0.54%, 0, 0, 11, 1556.74
1775289593, 2453, 130, 435, 0, 0, 0.54%, 0, 0, 11, 1542.91
1775289598, 2453, 184, 435, 0, 0, 0.54%, 0, 0, 11, 1416.65
1775289603, 2453, 289, 435, 0, 0, 0.54%, 0, 0, 11, 1454.95
1775289608, 2453, 385, 435, 0, 0, 0.54%, 0, 0, 11, 1328.60
1775289613, 2454, 79, 435, 0, 0, 0.54%, 0, 0, 11, 1444.52
1775289618, 2454, 91, 435, 0, 0, 0.54%, 0, 0, 11, 1446.85
1775289623, 2454, 146, 435, 0, 0, 0.54%, 0, 0, 11, 1500.39
1775289628, 2454, 185, 435, 0, 0, 0.54%, 0, 0, 11, 1423.85
1775289633, 2454, 265, 435, 0, 0, 0.54%, 0, 0, 11, 1453.64
1775289639, 2454, 354, 435, 0, 0, 0.54%, 0, 0, 11, 1440.99
1775289644, 2455, 22, 435, 0, 0, 0.54%, 0, 0, 11, 1324.82
1775289649, 2455, 79, 435, 0, 0, 0.54%, 0, 0, 11, 1483.57
1775289654, 2455, 123, 435, 0, 0, 0.54%, 0, 0, 11, 1471.02
1775289659, 2455, 210, 435, 0, 0, 0.54%, 0, 0, 11, 1536.69
1775289664, 2455, 332, 435, 0, 0, 0.54%, 0, 0, 11, 1780.49
1775289669, 2455, 385, 435, 0, 0, 0.54%, 0, 0, 11, 1497.23
1775289674, 2455, 431, 435, 0, 0, 0.54%, 0, 0, 11, 1590.95
1775289679, 2456, 80, 435, 0, 0, 0.54%, 0, 0, 11, 1541.06
1775289684, 2456, 109, 435, 0, 0, 0.54%, 0, 0, 11, 1498.65
1775289689, 2456, 193, 435, 0, 0, 0.54%, 0, 0, 11, 1350.03
1775289694, 2456, 325, 435, 0, 0, 0.54%, 0, 0, 11, 1502.28
1775289700, 2456, 385, 435, 0, 0, 0.54%, 0, 0, 11, 1346.68
1775289705, 2457, 79, 435, 0, 0, 0.54%, 0, 0, 11, 1390.12
1775289710, 2457, 125, 435, 0, 0, 0.54%, 0, 0, 11, 1455.22
1775289715, 2457, 188, 435, 0, 0, 0.54%, 0, 0, 11, 1537.61
1775289720, 2457, 261, 435, 0, 0, 0.54%, 0, 0, 11, 1399.46
1775289725, 2457, 349, 435, 0, 0, 0.54%, 0, 0, 11, 1406.09
1775289730, 2458, 63, 435, 0, 0, 0.54%, 0, 0, 11, 1517.98
1775289735, 2458, 100, 435, 0, 0, 0.54%, 0, 0, 11, 1598.23
1775289740, 2458, 156, 435, 0, 0, 0.54%, 0, 0, 11, 1581.52
1775289746, 2458, 180, 435, 0, 0, 0.54%, 0, 0, 11, 1559.01
1775289751, 2458, 255, 435, 0, 0, 0.54%, 0, 0, 11, 1558.46
1775289756, 2458, 354, 435, 0, 0, 0.54%, 0, 0, 11, 1447.62
1775289761, 2458, 430, 435, 0, 0, 0.54%, 0, 0, 11, 1352.21
1775289766, 2459, 63, 435, 0, 0, 0.54%, 0, 0, 11, 1522.69
1775289771, 2459, 100, 435, 0, 0, 0.54%, 0, 0, 11, 1548.35
1775289776, 2459, 213, 435, 0, 0, 0.54%, 0, 0, 11, 1541.25
1775289781, 2459, 354, 435, 0, 0, 0.54%, 0, 0, 11, 1482.46
1775289786, 2460, 50, 435, 0, 0, 0.54%, 0, 0, 11, 1547.05
1775289791, 2460, 79, 435, 0, 0, 0.54%, 0, 0, 11, 1557.28
1775289796, 2460, 111, 435, 0, 0, 0.54%, 0, 0, 11, 1554.52
1775289801, 2460, 196, 435, 0, 0, 0.54%, 0, 0, 11, 1462.90
1775289807, 2460, 325, 435, 0, 0, 0.54%, 0, 0, 11, 1495.22
1775289812, 2460, 371, 435, 0, 0, 0.54%, 0, 0, 11, 1432.62
1775289817, 2461, 42, 435, 0, 0, 0.54%, 0, 0, 11, 1424.21
1775289822, 2461, 86, 435, 0, 0, 0.54%, 0, 0, 11, 1436.81
1775289827, 2461, 147, 435, 0, 0, 0.54%, 0, 0, 11, 1378.77
1775289832, 2461, 265, 435, 0, 0, 0.54%, 0, 0, 11, 1439.86
1775289837, 2461, 300, 435, 0, 0, 0.54%, 0, 0, 11, 1422.02
1775289842, 2461, 385, 435, 0, 0, 0.54%, 0, 0, 11, 1344.39
1775289847, 2462, 63, 435, 0, 0, 0.54%, 0, 0, 11, 1472.54
1775289852, 2462, 100, 435, 0, 0, 0.54%, 0, 0, 11, 1433.06
1775289857, 2462, 163, 435, 0, 0, 0.54%, 0, 0, 11, 224.30
1775289863, 2462, 201, 435, 0, 0, 0.54%, 0, 0, 11, 659.91
1775289868, 2462, 274, 435, 0, 0, 0.54%, 0, 0, 11, 1338.96
1775289873, 2462, 367, 435, 0, 0, 0.54%, 0, 0, 11, 1370.45
1775289878, 2463, 8, 435, 0, 0, 0.54%, 0, 0, 11, 1852.69
1775289883, 2463, 79, 435, 0, 0, 0.54%, 0, 0, 11, 1654.51
1775289888, 2463, 100, 435, 0, 0, 0.54%, 0, 0, 11, 1554.58
1775289893, 2463, 147, 435, 0, 0, 0.54%, 0, 0, 11, 1383.69
1775289898, 2463, 357, 435, 0, 0, 0.54%, 0, 0, 11, 1362.94
1775289903, 2463, 432, 435, 0, 0, 0.54%, 0, 0, 11, 1146.51
1775289908, 2464, 51, 435, 0, 0, 0.54%, 0, 0, 11, 1351.88
1775289914, 2464, 91, 435, 0, 0, 0.54%, 0, 0, 11, 1424.35
1775289919, 2464, 147, 435, 0, 0, 0.54%, 0, 0, 11, 1532.90
1775289924, 2464, 190, 435, 0, 0, 0.54%, 0, 0, 11, 1400.49
1775289929, 2464, 349, 435, 0, 0, 0.54%, 0, 0, 11, 1432.92
1775289934, 2464, 409, 435, 0, 0, 0.54%, 0, 0, 11, 1193.00
1775289939, 2465, 63, 435, 0, 0, 0.54%, 0, 0, 11, 1390.55
1775289944, 2465, 100, 435, 0, 0, 0.54%, 0, 0, 11, 1539.45
1775289949, 2465, 227, 435, 0, 0, 0.54%, 0, 0, 11, 1542.64
1775289954, 2465, 298, 435, 0, 0, 0.54%, 0, 0, 11, 1351.36
1775289960, 2465, 385, 435, 0, 0, 0.54%, 0, 0, 11, 1385.65
1775289965, 2466, 63, 435, 0, 0, 0.54%, 0, 0, 11, 1471.96
1775289970, 2466, 111, 435, 0, 0, 0.54%, 0, 0, 11, 1385.13
1775289975, 2466, 229, 435, 0, 0, 0.54%, 0, 0, 11, 1500.90
1775289980, 2466, 278, 435, 0, 0, 0.54%, 0, 0, 11, 1457.88
1775289985, 2466, 357, 435, 0, 0, 0.54%, 0, 0, 11, 1382.82
1775289990, 2467, 49, 435, 0, 0, 0.54%, 0, 0, 11, 1494.46
1775289995, 2467, 80, 435, 0, 0, 0.54%, 0, 0, 11, 1424.73
1775290000, 2467, 109, 435, 0, 0, 0.54%, 0, 0, 11, 1477.78
1775290006, 2467, 196, 435, 0, 0, 0.54%, 0, 0, 11, 1547.27
1775290011, 2467, 349, 435, 0, 0, 0.54%, 0, 0, 11, 1607.02
1775290016, 2468, 41, 435, 0, 0, 0.54%, 0, 0, 11, 1452.16
1775290021, 2468, 83, 435, 0, 0, 0.54%, 0, 0, 11, 1452.64
1775290026, 2468, 106, 435, 0, 0, 0.54%, 0, 0, 11, 1489.19
1775290031, 2468, 181, 435, 0, 0, 0.54%, 0, 0, 11, 1561.39
1775290036, 2468, 243, 435, 0, 0, 0.54%, 0, 0, 11, 1517.36
1775290041, 2468, 354, 435, 0, 0, 0.54%, 0, 0, 11, 1437.12
1775290046, 2469, 32, 435, 0, 0, 0.54%, 0, 0, 11, 1241.78
1775290051, 2469, 91, 435, 0, 0, 0.54%, 0, 0, 11, 1511.03
1775290057, 2469, 125, 435, 0, 0, 0.54%, 0, 0, 11, 1489.45
1775290062, 2469, 189, 435, 0, 0, 0.54%, 0, 0, 11, 1659.77
1775290067, 2469, 226, 435, 0, 0, 0.54%, 0, 0, 11, 1593.52
1775290072, 2469, 325, 435, 0, 0, 0.54%, 0, 0, 11, 1445.61
1775290077, 2469, 434, 435, 0, 0, 0.54%, 0, 0, 11, 1447.98
1775290082, 2470, 38, 435, 0, 0, 0.54%, 0, 0, 11, 1541.82
1775290087, 2470, 80, 435, 0, 0, 0.54%, 0, 0, 11, 1495.77
1775290092, 2470, 157, 435, 0, 0, 0.54%, 0, 0, 11, 1593.64
1775290097, 2470, 203, 435, 0, 0, 0.54%, 0, 0, 11, 1587.43
1775290102, 2470, 325, 435, 0, 0, 0.54%, 0, 0, 11, 1441.78
1775290107, 2470, 420, 435, 0, 0, 0.54%, 0, 0, 11, 1301.12
1775290113, 2471, 80, 435, 0, 0, 0.54%, 0, 0, 11, 1489.50
1775290118, 2471, 141, 435, 0, 0, 0.54%, 0, 0, 11, 1593.52
1775290123, 2471, 292, 435, 0, 0, 0.54%, 0, 0, 11, 1373.62
1775290128, 2471, 371, 435, 0, 0, 0.54%, 0, 0, 11, 1317.64
1775290133, 2471, 429, 435, 0, 0, 0.54%, 0, 0, 11, 1311.63
1775290138, 2472, 80, 435, 0, 0, 0.54%, 0, 0, 11, 1587.46
1775290143, 2472, 145, 435, 0, 0, 0.54%, 0, 0, 11, 921.19
1775290148, 2472, 180, 435, 0, 0, 0.54%, 0, 0, 11, 1383.06
1775290153, 2472, 242, 435, 0, 0, 0.54%, 0, 0, 11, 1520.05
1775290158, 2472, 349, 435, 0, 0, 0.54%, 0, 0, 11, 1473.40
1775290164, 2472, 402, 435, 0, 0, 0.54%, 0, 0, 11, 1261.97
1775290169, 2473, 78, 435, 0, 0, 0.54%, 0, 0, 11, 1541.41
1775290174, 2473, 91, 435, 0, 0, 0.54%, 0, 0, 11, 1483.86
1775290179, 2473, 147, 435, 0, 0, 0.54%, 0, 0, 11, 1447.88
1775290184, 2473, 196, 435, 0, 0, 0.54%, 0, 0, 11, 1561.10
1775290189, 2473, 349, 435, 0, 0, 0.54%, 0, 0, 11, 1484.83
1775290194, 2473, 391, 435, 0, 0, 0.54%, 0, 0, 11, 1410.20
1775290199, 2474, 37, 435, 0, 0, 0.54%, 0, 0, 11, 1294.61
1775290204, 2474, 80, 435, 0, 0, 0.54%, 0, 0, 11, 1460.44
1775290209, 2474, 111, 435, 0, 0, 0.54%, 0, 0, 11, 1608.77
1775290214, 2474, 200, 435, 0, 0, 0.54%, 0, 0, 11, 1427.97
1775290219, 2474, 301, 435, 0, 0, 0.54%, 0, 0, 11, 1518.82
1775290224, 2474, 371, 435, 0, 0, 0.54%, 0, 0, 11, 1490.85
1775290229, 2475, 56, 435, 0, 0, 0.54%, 0, 0, 11, 1383.20
1775290234, 2475, 100, 435, 0, 0, 0.54%, 0, 0, 11, 1549.24
1775290240, 2475, 184, 435, 0, 0, 0.54%, 0, 0, 11, 1465.76
1775290245, 2475, 354, 435, 0, 0, 0.54%, 0, 0, 11, 1412.59
1775290250, 2476, 4, 435, 0, 0, 0.54%, 0, 0, 11, 1343.20
1775290255, 2476, 67, 435, 0, 0, 0.54%, 0, 0, 11, 1508.81
1775290260, 2476, 87, 435, 0, 0, 0.54%, 0, 0, 11, 1477.47
1775290265, 2476, 123, 435, 0, 0, 0.54%, 0, 0, 11, 1419.10
1775290270, 2476, 187, 435, 0, 0, 0.54%, 0, 0, 11, 1396.14
1775290275, 2476, 234, 435, 0, 0, 0.54%, 0, 0, 11, 1448.81
1775290280, 2476, 354, 435, 0, 0, 0.54%, 0, 0, 11, 1378.81
1775290285, 2476, 402, 435, 0, 0, 0.54%, 0, 0, 11, 1156.08
1775290291, 2477, 79, 435, 0, 0, 0.54%, 0, 0, 11, 1495.47
1775290296, 2477, 100, 435, 0, 0, 0.54%, 0, 0, 11, 1490.40
1775290301, 2477, 186, 435, 0, 0, 0.54%, 0, 0, 11, 1528.78
1775290306, 2477, 259, 435, 0, 0, 0.54%, 0, 0, 11, 1583.07
1775290311, 2477, 354, 435, 0, 0, 0.54%, 0, 0, 11, 1541.52
1775290316, 2478, 79, 435, 0, 0, 0.54%, 0, 0, 11, 1469.10
1775290321, 2478, 147, 435, 0, 0, 0.54%, 0, 0, 11, 1484.98
1775290326, 2478, 262, 435, 0, 0, 0.54%, 0, 0, 11, 1451.44
1775290331, 2478, 349, 435, 0, 0, 0.54%, 0, 0, 11, 1407.40
1775290336, 2478, 399, 435, 0, 0, 0.54%, 0, 0, 11, 1327.50
1775290341, 2479, 79, 435, 0, 0, 0.54%, 0, 0, 11, 1560.21
1775290346, 2479, 111, 435, 0, 0, 0.54%, 0, 0, 11, 1535.13
1775290351, 2479, 181, 435, 0, 0, 0.54%, 0, 0, 11, 1543.69
1775290356, 2479, 196, 435, 0, 0, 0.54%, 0, 0, 11, 1708.94
1775290361, 2479, 325, 435, 0, 0, 0.54%, 0, 0, 11, 1554.69
1775290367, 2479, 427, 435, 0, 0, 0.54%, 0, 0, 11, 399.16
1775290372, 2480, 79, 435, 0, 0, 0.54%, 0, 0, 11, 1163.18
1775290377, 2480, 92, 435, 0, 0, 0.54%, 0, 0, 11, 1447.03
1775290382, 2480, 173, 435, 0, 0, 0.54%, 0, 0, 11, 1511.20
1775290387, 2480, 249, 435, 0, 0, 0.54%, 0, 0, 11, 1462.52
1775290392, 2480, 354, 435, 0, 0, 0.54%, 0, 0, 11, 1436.35
1775290397, 2480, 433, 435, 0, 0, 0.54%, 0, 0, 11, 1360.27
1775290402, 2481, 72, 435, 0, 0, 0.54%, 0, 0, 11, 1563.80
1775290407, 2481, 100, 435, 0, 0, 0.54%, 0, 0, 11, 1441.59
1775290412, 2481, 196, 435, 0, 0, 0.54%, 0, 0, 11, 1337.75
1775290417, 2481, 282, 435, 0, 0, 0.54%, 0, 0, 11, 1392.41
1775290422, 2481, 385, 435, 0, 0, 0.54%, 0, 0, 11, 1411.49
1775290428, 2482, 16, 435, 0, 0, 0.54%, 0, 0, 11, 1242.34
1775290433, 2482, 63, 435, 0, 0, 0.54%, 0, 0, 11, 1379.39
1775290438, 2482, 80, 435, 0, 0, 0.54%, 0, 0, 11, 1390.90
1775290443, 2482, 147, 435, 0, 0, 0.54%, 0, 0, 11, 1434.65
1775290448, 2482, 217, 435, 0, 0, 0.54%, 0, 0, 11, 1387.32
1775290453, 2482, 325, 435, 0, 0, 0.54%, 0, 0, 11, 1557.47
1775290458, 2483, 16, 435, 0, 0, 0.54%, 0, 0, 11, 1399.99
1775290463, 2483, 80, 435, 0, 0, 0.54%, 0, 0, 11, 1540.51
1775290468, 2483, 142, 435, 0, 0, 0.54%, 0, 0, 11, 1489.72
1775290474, 2483, 227, 435, 0, 0, 0.54%, 0, 0, 11, 1590.88
1775290479, 2483, 325, 435, 0, 0, 0.54%, 0, 0, 11, 1670.51
1775290484, 2483, 385, 435, 0, 0, 0.54%, 0, 0, 11, 1412.38
1775290489, 2484, 80, 435, 0, 0, 0.54%, 0, 0, 11, 1561.63
1775290494, 2484, 119, 435, 0, 0, 0.54%, 0, 0, 11, 1444.37
1775290499, 2484, 199, 435, 0, 0, 0.54%, 0, 0, 11, 1518.50
1775290504, 2484, 264, 435, 0, 0, 0.54%, 0, 0, 11, 1521.23
1775290509, 2484, 357, 435, 0, 0, 0.54%, 0, 0, 11, 1402.37
1775290514, 2484, 429, 435, 0, 0, 0.54%, 0, 0, 11, 1383.19
1775290519, 2485, 79, 435, 0, 0, 0.54%, 0, 0, 11, 1510.40
1775290524, 2485, 111, 435, 0, 0, 0.54%, 0, 0, 11, 1529.96
1775290529, 2485, 213, 435, 0, 0, 0.54%, 0, 0, 11, 1514.11
1775290534, 2485, 315, 435, 0, 0, 0.54%, 0, 0, 11, 1582.52
1775290539, 2485, 385, 435, 0, 0, 0.54%, 0, 0, 11, 1441.39
1775290545, 2486, 69, 435, 0, 0, 0.54%, 0, 0, 11, 1348.14
1775290550, 2486, 111, 435, 0, 0, 0.54%, 0, 0, 11, 1541.54
1775290555, 2486, 201, 435, 0, 0, 0.54%, 0, 0, 11, 1439.00
1775290560, 2486, 296, 435, 0, 0, 0.54%, 0, 0, 11, 1506.51
1775290565, 2486, 385, 435, 0, 0, 0.54%, 0, 0, 11, 1402.02
1775290570, 2487, 63, 435, 0, 0, 0.54%, 0, 0, 11, 1381.65
1775290575, 2487, 100, 435, 0, 0, 0.54%, 0, 0, 11, 1472.53
1775290580, 2487, 136, 435, 0, 0, 0.54%, 0, 0, 11, 1504.47
1775290585, 2487, 185, 435, 0, 0, 0.54%, 0, 0, 11, 1262.53
1775290591, 2487, 236, 435, 0, 0, 0.54%, 0, 0, 11, 1493.43
1775290596, 2487, 349, 435, 0, 0, 0.54%, 0, 0, 11, 1389.76
1775290601, 2487, 387, 435, 0, 0, 0.54%, 0, 0, 11, 1229.83
1775290606, 2488, 44, 435, 0, 0, 0.54%, 0, 0, 11, 1433.41
1775290611, 2488, 80, 435, 0, 0, 0.54%, 0, 0, 11, 1458.84
1775290616, 2488, 125, 435, 0, 0, 0.54%, 0, 0, 11, 230.77
1775290621, 2488, 196, 435, 0, 0, 0.54%, 0, 0, 11, 1577.58
1775290626, 2488, 325, 435, 0, 0, 0.54%, 0, 0, 11, 1493.04
1775290631, 2488, 375, 435, 0, 0, 0.54%, 0, 0, 11, 438.78
1775290636, 2489, 22, 435, 0, 0, 0.54%, 0, 0, 11, 1137.43
1775290641, 2489, 80, 435, 0, 0, 0.54%, 0, 0, 11, 1392.46
1775290646, 2489, 146, 435, 0, 0, 0.54%, 0, 0, 11, 1496.82
1775290652, 2489, 230, 435, 0, 0, 0.54%, 0, 0, 11, 1506.20
1775290657, 2489, 349, 435, 0, 0, 0.54%, 0, 0, 11, 1524.21
1775290662, 2489, 385, 435, 0, 0, 0.54%, 0, 0, 11, 1231.12
1775290667, 2490, 79, 435, 0, 0, 0.54%, 0, 0, 11, 1392.19
1775290672, 2490, 147, 435, 0, 0, 0.54%, 0, 0, 11, 1532.70
1775290677, 2490, 190, 435, 0, 0, 0.54%, 0, 0, 11, 1514.71
1775290682, 2490, 325, 435, 0, 0, 0.54%, 0, 0, 11, 1472.14
1775290687, 2490, 385, 435, 0, 0, 0.54%, 0, 0, 11, 1374.02
1775290693, 2491, 56, 435, 0, 0, 0.54%, 0, 0, 11, 1281.54
1775290698, 2491, 100, 435, 0, 0, 0.54%, 0, 0, 11, 1472.14
1775290703, 2491, 189, 435, 0, 0, 0.54%, 0, 0, 11, 1578.21
1775290708, 2491, 205, 435, 0, 0, 0.54%, 0, 0, 11, 1479.75
1775290713, 2491, 290, 435, 0, 0, 0.54%, 0, 0, 11, 1539.08
1775290718, 2491, 357, 435, 0, 0, 0.54%, 0, 0, 11, 1429.33
1775290723, 2492, 3, 435, 0, 0, 0.54%, 0, 0, 11, 1377.43
1775290728, 2492, 29, 435, 0, 0, 0.54%, 0, 0, 11, 1401.50
1775290733, 2492, 91, 435, 0, 0, 0.54%, 0, 0, 11, 1453.16
1775290738, 2492, 143, 435, 0, 0, 0.54%, 0, 0, 11, 1451.15
1775290743, 2492, 188, 435, 0, 0, 0.54%, 0, 0, 11, 1521.16
1775290749, 2492, 196, 435, 0, 0, 0.54%, 0, 0, 11, 1454.32
1775290754, 2492, 354, 435, 0, 0, 0.54%, 0, 0, 11, 1427.78
1775290759, 2493, 51, 435, 0, 0, 0.54%, 0, 0, 11, 1402.15
1775290764, 2493, 100, 435, 0, 0, 0.54%, 0, 0, 11, 1495.82
1775290769, 2493, 196, 435, 0, 0, 0.54%, 0, 0, 11, 1448.76
1775290774, 2493, 306, 435, 0, 0, 0.54%, 0, 0, 11, 1522.42
1775290779, 2493, 371, 435, 0, 0, 0.54%, 0, 0, 11, 1379.20
1775290784, 2494, 27, 435, 0, 0, 0.54%, 0, 0, 11, 1230.75
1775290789, 2494, 100, 435, 0, 0, 0.54%, 0, 0, 11, 1489.06
1775290794, 2494, 148, 435, 0, 0, 0.54%, 0, 0, 11, 1518.52
1775290799, 2494, 220, 435, 0, 0, 0.54%, 0, 0, 11, 1372.84
1775290804, 2494, 339, 435, 0, 0, 0.54%, 0, 0, 11, 1470.00
1775290809, 2494, 386, 435, 0, 0, 0.54%, 0, 0, 11, 1286.04
1775290815, 2494, 429, 435, 0, 0, 0.54%, 0, 0, 11, 1716.42
1775290820, 2495, 79, 435, 0, 0, 0.54%, 0, 0, 11, 1566.00
1775290825, 2495, 147, 435, 0, 0, 0.54%, 0, 0, 11, 1538.10
1775290830, 2495, 203, 435, 0, 0, 0.54%, 0, 0, 11, 1519.25
1775290835, 2495, 317, 435, 0, 0, 0.54%, 0, 0, 11, 1351.61
1775290840, 2495, 354, 435, 0, 0, 0.54%, 0, 0, 11, 1333.12
1775290845, 2495, 406, 435, 0, 0, 0.54%, 0, 0, 11, 1202.58
1775290850, 2496, 75, 435, 0, 0, 0.54%, 0, 0, 11, 1399.42
1775290855, 2496, 92, 435, 0, 0, 0.54%, 0, 0, 11, 1522.66
1775290861, 2496, 142, 435, 0, 0, 0.54%, 0, 0, 11, 1411.01
1775290866, 2496, 207, 435, 0, 0, 0.54%, 0, 0, 11, 1478.52
1775290871, 2496, 307, 435, 0, 0, 0.54%, 0, 0, 11, 1528.88
1775290876, 2496, 349, 435, 0, 0, 0.54%, 0, 0, 11, 1502.29
1775290881, 2496, 402, 435, 0, 0, 0.54%, 0, 0, 11, 1185.91
1775290886, 2497, 79, 435, 0, 0, 0.54%, 0, 0, 11, 1406.48
1775290891, 2497, 124, 435, 0, 0, 0.54%, 0, 0, 11, 1432.16
1775290896, 2497, 155, 435, 0, 0, 0.54%, 0, 0, 11, 1385.37
1775290901, 2497, 251, 435, 0, 0, 0.54%, 0, 0, 11, 1486.73
1775290906, 2497, 320, 435, 0, 0, 0.54%, 0, 0, 11, 1354.98
1775290911, 2497, 371, 435, 0, 0, 0.54%, 0, 0, 11, 1367.29
1775290916, 2498, 39, 435, 0, 0, 0.54%, 0, 0, 11, 1368.82
1775290921, 2498, 91, 435, 0, 0, 0.54%, 0, 0, 11, 1525.99
1775290926, 2498, 147, 435, 0, 0, 0.54%, 0, 0, 11, 1471.20
1775290932, 2498, 325, 435, 0, 0, 0.54%, 0, 0, 11, 1344.42
1775290937, 2498, 368, 435, 0, 0, 0.54%, 0, 0, 11, 1450.97
1775290942, 2498, 427, 435, 0, 0, 0.54%, 0, 0, 11, 1031.32
1775290947, 2499, 47, 435, 0, 0, 0.54%, 0, 0, 11, 1679.55
1775290952, 2499, 86, 435, 0, 0, 0.54%, 0, 0, 11, 1526.06
1775290957, 2499, 140, 435, 0, 0, 0.54%, 0, 0, 11, 1582.99
1775290962, 2499, 264, 435, 0, 0, 0.54%, 0, 0, 11, 1557.31
1775290967, 2499, 357, 435, 0, 0, 0.54%, 0, 0, 11, 1365.41
1775290972, 2499, 430, 435, 0, 0, 0.54%, 0, 0, 11, 1285.20
1775290977, 2500, 86, 435, 0, 0, 0.54%, 0, 0, 11, 1545.90
1775290982, 2500, 147, 435, 0, 0, 0.54%, 0, 0, 11, 1538.02
1775290987, 2500, 281, 435, 0, 0, 0.54%, 0, 0, 11, 1279.31
1775290992, 2500, 356, 435, 0, 0, 0.54%, 0, 0, 11, 1402.16
1775290998, 2501, 11, 435, 0, 0, 0.54%, 0, 0, 11, 1489.05
1775291003, 2501, 70, 435, 0, 0, 0.54%, 0, 0, 11, 1496.47
1775291008, 2501, 91, 435, 0, 0, 0.54%, 0, 0, 11, 1447.44
1775291013, 2501, 179, 435, 0, 0, 0.54%, 0, 0, 11, 1514.79
1775291018, 2501, 262, 435, 0, 0, 0.54%, 0, 0, 11, 1589.57
1775291023, 2501, 349, 435, 0, 0, 0.54%, 0, 0, 11, 1504.62
1775291028, 2502, 63, 435, 0, 0, 0.54%, 0, 0, 11, 1462.70
1775291033, 2502, 91, 435, 0, 0, 0.54%, 0, 0, 11, 1433.43
1775291038, 2502, 119, 435, 0, 0, 0.54%, 0, 0, 11, 1371.45
1775291043, 2502, 194, 435, 0, 0, 0.54%, 0, 0, 11, 1454.55
1775291049, 2502, 306, 435, 0, 0, 0.54%, 0, 0, 11, 1428.45
1775291054, 2502, 371, 435, 0, 0, 0.54%, 0, 0, 11, 1434.79
1775291059, 2503, 22, 435, 0, 0, 0.54%, 0, 0, 11, 1495.66
1775291064, 2503, 71, 435, 0, 0, 0.54%, 0, 0, 11, 1556.73
1775291069, 2503, 100, 435, 0, 0, 0.54%, 0, 0, 11, 1582.68
1775291074, 2503, 196, 435, 0, 0, 0.54%, 0, 0, 11, 1581.12
1775291079, 2503, 325, 435, 0, 0, 0.54%, 0, 0, 11, 1544.11
1775291084, 2503, 372, 435, 0, 0, 0.54%, 0, 0, 11, 1380.83
1775291089, 2504, 32, 435, 0, 0, 0.54%, 0, 0, 11, 1399.08
1775291094, 2504, 79, 435, 0, 0, 0.54%, 0, 0, 11, 1503.40
1775291100, 2504, 111, 435, 0, 0, 0.54%, 0, 0, 11, 1524.10
1775291105, 2504, 189, 435, 0, 0, 0.54%, 0, 0, 11, 1550.08
1775291110, 2504, 324, 435, 0, 0, 0.54%, 0, 0, 11, 1472.91
1775291115, 2504, 385, 435, 0, 0, 0.54%, 0, 0, 11, 1322.25
1775291120, 2505, 63, 435, 0, 0, 0.54%, 0, 0, 11, 1425.95
1775291125, 2505, 100, 435, 0, 0, 0.54%, 0, 0, 11, 1540.12
1775291130, 2505, 179, 435, 0, 0, 0.54%, 0, 0, 11, 1488.29
1775291135, 2505, 238, 435, 0, 0, 0.54%, 0, 0, 11, 1412.65
1775291141, 2505, 311, 435, 0, 0, 0.54%, 0, 0, 11, 1439.95
1775291146, 2505, 354, 435, 0, 0, 0.54%, 0, 0, 11, 1493.99
1775291151, 2506, 6, 435, 0, 0, 0.54%, 0, 0, 11, 1234.35
1775291156, 2506, 79, 435, 0, 0, 0.54%, 0, 0, 11, 1525.43
1775291161, 2506, 100, 435, 0, 0, 0.54%, 0, 0, 11, 1420.06
1775291166, 2506, 279, 435, 0, 0, 0.54%, 0, 0, 11, 1468.07
1775291172, 2506, 354, 435, 0, 0, 0.54%, 0, 0, 11, 1360.87
1775291177, 2506, 402, 435, 0, 0, 0.54%, 0, 0, 11, 1190.10
1775291182, 2507, 63, 435, 0, 0, 0.54%, 0, 0, 11, 1397.68
1775291187, 2507, 111, 435, 0, 0, 0.54%, 0, 0, 11, 1473.51
1775291192, 2507, 199, 435, 0, 0, 0.54%, 0, 0, 11, 1535.46
1775291197, 2507, 283, 435, 0, 0, 0.54%, 0, 0, 11, 1455.13
1775291202, 2507, 371, 435, 0, 0, 0.54%, 0, 0, 11, 1438.95
1775291207, 2507, 429, 435, 0, 0, 0.54%, 0, 0, 11, 1377.34
1775291213, 2508, 80, 435, 0, 0, 0.54%, 0, 0, 11, 1553.55
1775291218, 2508, 153, 435, 0, 0, 0.54%, 0, 0, 11, 1593.06
1775291223, 2508, 244, 435, 0, 0, 0.54%, 0, 0, 11, 1474.46
1775291228, 2508, 325, 435, 0, 0, 0.54%, 0, 0, 11, 1470.00
1775291233, 2508, 388, 435, 0, 0, 0.54%, 0, 0, 11, 1222.01
1775291238, 2509, 80, 435, 0, 0, 0.54%, 0, 0, 11, 1473.42
1775291243, 2509, 111, 435, 0, 0, 0.54%, 0, 0, 11, 1529.36
1775291248, 2509, 195, 435, 0, 0, 0.54%, 0, 0, 11, 1493.48
1775291253, 2509, 303, 435, 0, 0, 0.54%, 0, 0, 11, 1453.69
1775291258, 2509, 378, 435, 0, 0, 0.54%, 0, 0, 11, 1344.12
1775291263, 2510, 64, 435, 0, 0, 0.54%, 0, 0, 11, 1393.63
1775291269, 2510, 100, 435, 0, 0, 0.54%, 0, 0, 11, 1559.16
1775291274, 2510, 147, 435, 0, 0, 0.54%, 0, 0, 11, 1390.10
1775291279, 2510, 256, 435, 0, 0, 0.54%, 0, 0, 11, 1449.31
1775291284, 2510, 375, 435, 0, 0, 0.54%, 0, 0, 11, 1451.97
1775291289, 2511, 36, 435, 0, 0, 0.54%, 0, 0, 11, 1422.53
1775291294, 2511, 91, 435, 0, 0, 0.54%, 0, 0, 11, 1555.13
1775291299, 2511, 166, 435, 0, 0, 0.54%, 0, 0, 11, 1611.93
1775291304, 2511, 325, 435, 0, 0, 0.54%, 0, 0, 11, 1560.99
1775291309, 2511, 385, 435, 0, 0, 0.54%, 0, 0, 11, 1390.02
1775291314, 2512, 70, 435, 0, 0, 0.54%, 0, 0, 11, 1397.72
1775291319, 2512, 91, 435, 0, 0, 0.54%, 0, 0, 11, 1455.47
1775291324, 2512, 147, 435, 0, 0, 0.54%, 0, 0, 11, 1345.61
1775291330, 2512, 244, 435, 0, 0, 0.54%, 0, 0, 11, 1404.31
1775291335, 2512, 299, 435, 0, 0, 0.54%, 0, 0, 11, 1464.89
1775291340, 2512, 357, 435, 0, 0, 0.54%, 0, 0, 11, 1365.95
1775291345, 2513, 30, 435, 0, 0, 0.54%, 0, 0, 11, 1322.84
1775291350, 2513, 78, 435, 0, 0, 0.54%, 0, 0, 11, 1494.33
1775291355, 2513, 88, 435, 0, 0, 0.54%, 0, 0, 11, 1423.23
1775291360, 2513, 147, 435, 0, 0, 0.54%, 0, 0, 11, 1446.07
1775291365, 2513, 265, 435, 0, 0, 0.54%, 0, 0, 11, 1404.78
1775291370, 2513, 335, 435, 0, 0, 0.54%, 0, 0, 11, 1463.91
1775291375, 2513, 385, 435, 0, 0, 0.54%, 0, 0, 11, 1315.44
1775291380, 2514, 63, 435, 0, 0, 0.54%, 0, 0, 11, 1472.38
1775291385, 2514, 84, 435, 0, 0, 0.54%, 0, 0, 11, 1539.94
1775291391, 2514, 120, 435, 0, 0, 0.54%, 0, 0, 11, 1473.88
1775291396, 2514, 147, 435, 0, 0, 0.54%, 0, 0, 11, 1515.75
1775291401, 2514, 289, 435, 0, 0, 0.54%, 0, 0, 11, 1621.74
1775291406, 2514, 357, 435, 0, 0, 0.54%, 0, 0, 11, 1453.20
1775291411, 2515, 32, 435, 0, 0, 0.54%, 0, 0, 11, 1481.84
1775291416, 2515, 86, 435, 0, 0, 0.54%, 0, 0, 11, 1632.36
1775291421, 2515, 147, 435, 0, 0, 0.54%, 0, 0, 11, 1558.31
1775291426, 2515, 200, 435, 0, 0, 0.54%, 0, 0, 11, 1592.60
1775291431, 2515, 264, 435, 0, 0, 0.54%, 0, 0, 11, 1374.95
1775291436, 2515, 340, 435, 0, 0, 0.54%, 0, 0, 11, 1458.51
1775291441, 2516, 11, 435, 0, 0, 0.54%, 0, 0, 11, 1362.62
1775291446, 2516, 86, 435, 0, 0, 0.54%, 0, 0, 11, 1526.41
1775291452, 2516, 158, 435, 0, 0, 0.54%, 0, 0, 11, 1436.65
1775291457, 2516, 294, 435, 0, 0, 0.54%, 0, 0, 11, 1572.36
1775291462, 2516, 331, 435, 0, 0, 0.54%, 0, 0, 11, 1532.16
1775291467, 2516, 390, 435, 0, 0, 0.54%, 0, 0, 11, 1280.98
1775291472, 2517, 79, 435, 0, 0, 0.54%, 0, 0, 11, 1447.93
1775291477, 2517, 109, 435, 0, 0, 0.54%, 0, 0, 11, 1752.02
1775291482, 2517, 235, 435, 0, 0, 0.54%, 0, 0, 11, 1535.92
1775291487, 2517, 349, 435, 0, 0, 0.54%, 0, 0, 11, 1513.50
1775291492, 2517, 381, 435, 0, 0, 0.54%, 0, 0, 11, 1372.15
1775291498, 2518, 29, 435, 0, 0, 0.54%, 0, 0, 11, 288.29
1775291503, 2518, 80, 435, 0, 0, 0.54%, 0, 0, 11, 1587.93
1775291508, 2518, 121, 435, 0, 0, 0.54%, 0, 0, 11, 1441.24
1775291513, 2518, 269, 435, 0, 0, 0.54%, 0, 0, 11, 1480.09
1775291518, 2518, 366, 435, 0, 0, 0.54%, 0, 0, 11, 1444.79
1775291523, 2519, 22, 435, 0, 0, 0.54%, 0, 0, 11, 1420.45
1775291528, 2519, 80, 435, 0, 0, 0.54%, 0, 0, 11, 1406.71
1775291534, 2519, 147, 435, 0, 0, 0.54%, 0, 0, 11, 1507.06
1775291539, 2519, 196, 435, 0, 0, 0.54%, 0, 0, 11, 310.68
1775291544, 2519, 311, 435, 0, 0, 0.54%, 0, 0, 11, 1175.18
1775291549, 2519, 370, 435, 0, 0, 0.54%, 0, 0, 11, 1357.20
1775291554, 2520, 48, 435, 0, 0, 0.54%, 0, 0, 11, 1495.65
1775291559, 2520, 80, 435, 0, 0, 0.54%, 0, 0, 11, 1517.62
1775291564, 2520, 111, 435, 0, 0, 0.54%, 0, 0, 11, 1544.55
1775291569, 2520, 147, 435, 0, 0, 0.54%, 0, 0, 11, 1468.78
1775291574, 2520, 274, 435, 0, 0, 0.54%, 0, 0, 11, 1516.72
1775291579, 2520, 385, 435, 0, 0, 0.54%, 0, 0, 11, 1419.31
1775291585, 2521, 79, 435, 0, 0, 0.54%, 0, 0, 11, 1539.69
1775291590, 2521, 111, 435, 0, 0, 0.54%, 0, 0, 11, 1519.89
1775291595, 2521, 163, 435, 0, 0, 0.54%, 0, 0, 11, 320.48
1775291600, 2521, 196, 435, 0, 0, 0.54%, 0, 0, 11, 1188.05
1775291605, 2521, 325, 435, 0, 0, 0.54%, 0, 0, 11, 1417.47
1775291610, 2522, 19, 435, 0, 0, 0.54%, 0, 0, 11, 1321.50
1775291615, 2522, 80, 435, 0, 0, 0.54%, 0, 0, 11, 1537.16
1775291620, 2522, 147, 435, 0, 0, 0.54%, 0, 0, 11, 1589.25
1775291625, 2522, 233, 435, 0, 0, 0.54%, 0, 0, 11, 1586.87
1775291630, 2522, 354, 435, 0, 0, 0.54%, 0, 0, 11, 1527.42
1775291635, 2522, 405, 435, 0, 0, 0.54%, 0, 0, 11, 1233.77
1775291640, 2523, 63, 435, 0, 0, 0.54%, 0, 0, 11, 1406.69
1775291646, 2523, 91, 435, 0, 0, 0.54%, 0, 0, 11, 1554.89
1775291651, 2523, 145, 435, 0, 0, 0.54%, 0, 0, 11, 1545.81
1775291656, 2523, 229, 435, 0, 0, 0.54%, 0, 0, 11, 1425.76
1775291661, 2523, 292, 435, 0, 0, 0.54%, 0, 0, 11, 1362.50
1775291666, 2523, 385, 435, 0, 0, 0.54%, 0, 0, 11, 1424.22
1775291671, 2524, 79, 435, 0, 0, 0.54%, 0, 0, 11, 1444.96
1775291676, 2524, 111, 435, 0, 0, 0.54%, 0, 0, 11, 1517.98
1775291681, 2524, 230, 435, 0, 0, 0.54%, 0, 0, 11, 1467.06
1775291686, 2524, 326, 435, 0, 0, 0.54%, 0, 0, 11, 1567.66
1775291692, 2524, 385, 435, 0, 0, 0.54%, 0, 0, 11, 1411.36
1775291697, 2525, 51, 435, 0, 0, 0.54%, 0, 0, 11, 1425.88
1775291702, 2525, 94, 435, 0, 0, 0.54%, 0, 0, 11, 1470.84
1775291707, 2525, 168, 435, 0, 0, 0.54%, 0, 0, 11, 1520.64
1775291712, 2525, 220, 435, 0, 0, 0.54%, 0, 0, 11, 1511.21
1775291717, 2525, 354, 435, 0, 0, 0.54%, 0, 0, 11, 1422.49
1775291722, 2526, 18, 435, 0, 0, 0.54%, 0, 0, 11, 1326.04
1775291727, 2526, 79, 435, 0, 0, 0.54%, 0, 0, 11, 1479.55
1775291732, 2526, 103, 435, 0, 0, 0.54%, 0, 0, 11, 1549.51
1775291737, 2526, 228, 435, 0, 0, 0.54%, 0, 0, 11, 1475.65
1775291743, 2526, 329, 435, 0, 0, 0.54%, 0, 0, 11, 1430.85
1775291748, 2526, 385, 435, 0, 0, 0.54%, 0, 0, 11, 1414.66
1775291753, 2527, 71, 435, 0, 0, 0.54%, 0, 0, 11, 1613.83
1775291758, 2527, 100, 435, 0, 0, 0.54%, 0, 0, 11, 1553.57
1775291763, 2527, 147, 435, 0, 0, 0.54%, 0, 0, 11, 1506.71
1775291768, 2527, 191, 435, 0, 0, 0.54%, 0, 0, 11, 1534.35
1775291773, 2527, 217, 435, 0, 0, 0.54%, 0, 0, 11, 1528.38
1775291778, 2527, 325, 435, 0, 0, 0.54%, 0, 0, 11, 1590.64
1775291784, 2527, 404, 435, 0, 0, 0.54%, 0, 0, 11, 1228.46
1775291789, 2528, 31, 435, 0, 0, 0.54%, 0, 0, 11, 1417.26
1775291794, 2528, 91, 435, 0, 0, 0.54%, 0, 0, 11, 1567.29
1775291799, 2528, 149, 435, 0, 0, 0.54%, 0, 0, 11, 1459.01
1775291804, 2528, 224, 435, 0, 0, 0.54%, 0, 0, 11, 1505.04
1775291809, 2528, 325, 435, 0, 0, 0.54%, 0, 0, 11, 1388.88
1775291814, 2528, 385, 435, 0, 0, 0.54%, 0, 0, 11, 1314.96
1775291819, 2529, 80, 435, 0, 0, 0.54%, 0, 0, 11, 1526.63
1775291824, 2529, 147, 435, 0, 0, 0.54%, 0, 0, 11, 1601.32
1775291829, 2529, 223, 435, 0, 0, 0.54%, 0, 0, 11, 1561.23
1775291835, 2529, 325, 435, 0, 0, 0.54%, 0, 0, 11, 1369.02
1775291840, 2530, 18, 435, 0, 0, 0.54%, 0, 0, 11, 1249.04
1775291845, 2530, 81, 435, 0, 0, 0.54%, 0, 0, 11, 1403.17
1775291850, 2530, 111, 435, 0, 0, 0.54%, 0, 0, 11, 1453.83
1775291855, 2530, 294, 435, 0, 0, 0.54%, 0, 0, 11, 1429.14
1775291860, 2530, 368, 435, 0, 0, 0.54%, 0, 0, 11, 1466.71
1775291865, 2531, 44, 435, 0, 0, 0.54%, 0, 0, 11, 1463.05
1775291870, 2531, 80, 435, 0, 0, 0.54%, 0, 0, 11, 1600.67
1775291876, 2531, 117, 435, 0, 0, 0.54%, 0, 0, 11, 1619.80
1775291881, 2531, 233, 435, 0, 0, 0.54%, 0, 0, 11, 1477.68
1775291886, 2531, 354, 435, 0, 0, 0.54%, 0, 0, 11, 1515.55
1775291891, 2531, 387, 435, 0, 0, 0.54%, 0, 0, 11, 1309.67
1775291896, 2532, 63, 435, 0, 0, 0.54%, 0, 0, 11, 1515.77
1775291901, 2532, 100, 435, 0, 0, 0.54%, 0, 0, 11, 1445.22
1775291906, 2532, 171, 435, 0, 0, 0.54%, 0, 0, 11, 1513.73
1775291911, 2532, 283, 435, 0, 0, 0.54%, 0, 0, 11, 1386.09
1775291916, 2532, 354, 435, 0, 0, 0.54%, 0, 0, 11, 1422.79
1775291921, 2532, 429, 435, 0, 0, 0.54%, 0, 0, 11, 1411.16
1775291926, 2533, 80, 435, 0, 0, 0.54%, 0, 0, 11, 1380.43
1775291931, 2533, 111, 435, 0, 0, 0.54%, 0, 0, 11, 1527.75
1775291936, 2533, 196, 435, 0, 0, 0.54%, 0, 0, 11, 1567.62
1775291941, 2533, 255, 435, 0, 0, 0.54%, 0, 0, 11, 1547.08
1775291946, 2533, 385, 435, 0, 0, 0.54%, 0, 0, 11, 1371.78
1775291952, 2534, 79, 435, 0, 0, 0.54%, 0, 0, 11, 1458.44
1775291957, 2534, 100, 435, 0, 0, 0.54%, 0, 0, 11, 1526.66
1775291962, 2534, 163, 435, 0, 0, 0.54%, 0, 0, 11, 1427.23
1775291967, 2534, 246, 435, 0, 0, 0.54%, 0, 0, 11, 1451.23
1775291972, 2534, 332, 435, 0, 0, 0.54%, 0, 0, 11, 1399.37
1775291977, 2534, 385, 435, 0, 0, 0.54%, 0, 0, 11, 1312.99
1775291982, 2535, 64, 435, 0, 0, 0.54%, 0, 0, 11, 1524.53
1775291987, 2535, 97, 435, 0, 0, 0.54%, 0, 0, 11, 1487.48
1775291992, 2535, 147, 435, 0, 0, 0.54%, 0, 0, 11, 1516.82
1775291997, 2535, 231, 435, 0, 0, 0.54%, 0, 0, 11, 1486.22
1775292003, 2535, 354, 435, 0, 0, 0.54%, 0, 0, 11, 1449.18
1775292008, 2536, 22, 435, 0, 0, 0.54%, 0, 0, 11, 1218.76
1775292013, 2536, 82, 435, 0, 0, 0.54%, 0, 0, 11, 1409.06
1775292018, 2536, 147, 435, 0, 0, 0.54%, 0, 0, 11, 1474.14
1775292023, 2536, 186, 435, 0, 0, 0.54%, 0, 0, 11, 1492.69
1775292028, 2536, 293, 435, 0, 0, 0.54%, 0, 0, 11, 1458.42
1775292033, 2536, 366, 435, 0, 0, 0.54%, 0, 0, 11, 1393.80
1775292038, 2537, 80, 435, 0, 0, 0.54%, 0, 0, 11, 1464.52
1775292044, 2537, 162, 435, 0, 0, 0.54%, 0, 0, 11, 1432.60
1775292049, 2537, 270, 435, 0, 0, 0.54%, 0, 0, 11, 1473.41
1775292054, 2537, 367, 435, 0, 0, 0.54%, 0, 0, 11, 1466.41
1775292059, 2538, 61, 435, 0, 0, 0.54%, 0, 0, 11, 1374.69
1775292064, 2538, 100, 435, 0, 0, 0.54%, 0, 0, 11, 1554.14
1775292069, 2538, 172, 435, 0, 0, 0.54%, 0, 0, 11, 1508.58
1775292074, 2538, 354, 435, 0, 0, 0.54%, 0, 0, 11, 1407.52
1775292079, 2539, 11, 435, 0, 0, 0.54%, 0, 0, 11, 1382.62
1775292084, 2539, 59, 435, 0, 0, 0.54%, 0, 0, 11, 1466.82
1775292090, 2539, 100, 435, 0, 0, 0.54%, 0, 0, 11, 1510.32
1775292095, 2539, 148, 435, 0, 0, 0.54%, 0, 0, 11, 1445.31
1775292100, 2539, 274, 435, 0, 0, 0.54%, 0, 0, 11, 1563.30
1775292105, 2539, 354, 435, 0, 0, 0.54%, 0, 0, 11, 1484.43
1775292110, 2539, 428, 435, 0, 0, 0.54%, 0, 0, 11, 1258.71
1775292115, 2540, 57, 435, 0, 0, 0.54%, 0, 0, 11, 1442.51
1775292120, 2540, 86, 435, 0, 0, 0.54%, 0, 0, 11, 1439.71
1775292125, 2540, 116, 435, 0, 0, 0.54%, 0, 0, 11, 1512.40
1775292131, 2540, 195, 435, 0, 0, 0.54%, 0, 0, 11, 1454.47
1775292136, 2540, 325, 435, 0, 0, 0.54%, 0, 0, 11, 1825.87
1775292141, 2540, 385, 435, 0, 0, 0.54%, 0, 0, 11, 1424.65
1775292146, 2541, 59, 435, 0, 0, 0.54%, 0, 0, 11, 1365.26
1775292151, 2541, 100, 435, 0, 0, 0.54%, 0, 0, 11, 1465.79
1775292156, 2541, 139, 435, 0, 0, 0.54%, 0, 0, 11, 1457.61
1775292161, 2541, 185, 435, 0, 0, 0.54%, 0, 0, 11, 1508.16
1775292166, 2541, 222, 435, 0, 0, 0.54%, 0, 0, 11, 1312.80
1775292171, 2541, 349, 435, 0, 0, 0.54%, 0, 0, 11, 1456.52
1775292176, 2541, 390, 435, 0, 0, 0.54%, 0, 0, 11, 1307.44
1775292181, 2542, 55, 435, 0, 0, 0.54%, 0, 0, 11, 1435.70
1775292186, 2542, 91, 435, 0, 0, 0.54%, 0, 0, 11, 1582.25
1775292192, 2542, 177, 435, 0, 0, 0.54%, 0, 0, 11, 1459.68
1775292197, 2542, 224, 435, 0, 0, 0.54%, 0, 0, 11, 1523.94
1775292202, 2542, 287, 435, 0, 0, 0.54%, 0, 0, 11, 1565.88
1775292207, 2542, 381, 435, 0, 0, 0.54%, 0, 0, 11, 1454.62
1775292212, 2543, 63, 435, 0, 0, 0.54%, 0, 0, 11, 1497.08
1775292217, 2543, 100, 435, 0, 0, 0.54%, 0, 0, 11, 1515.69
1775292222, 2543, 196, 435, 0, 0, 0.54%, 0, 0, 11, 1532.99
1775292227, 2543, 244, 435, 0, 0, 0.54%, 0, 0, 11, 1492.24
1775292232, 2543, 354, 435, 0, 0, 0.54%, 0, 0, 11, 1489.47
1775292238, 2544, 34, 435, 0, 0, 0.54%, 0, 0, 11, 1506.07
1775292243, 2544, 91, 435, 0, 0, 0.54%, 0, 0, 11, 1522.72
1775292248, 2544, 182, 435, 0, 0, 0.54%, 0, 0, 11, 1591.44
1775292253, 2544, 289, 435, 0, 0, 0.54%, 0, 0, 11, 1465.02
1775292258, 2544, 385, 435, 0, 0, 0.54%, 0, 0, 11, 1406.43
1775292263, 2545, 45, 435, 0, 0, 0.54%, 0, 0, 11, 1416.09
1775292268, 2545, 80, 435, 0, 0, 0.54%, 0, 0, 11, 1503.95
1775292273, 2545, 119, 435, 0, 0, 0.54%, 0, 0, 11, 1577.84
1775292278, 2545, 180, 435, 0, 0, 0.54%, 0, 0, 11, 1607.67
1775292283, 2545, 325, 435, 0, 0, 0.54%, 0, 0, 11, 1493.05
1775292288, 2545, 385, 435, 0, 0, 0.54%, 0, 0, 11, 1362.15
1775292294, 2546, 41, 435, 0, 0, 0.54%, 0, 0, 11, 1279.18
1775292299, 2546, 80, 435, 0, 0, 0.54%, 0, 0, 11, 1421.13
1775292304, 2546, 118, 435, 0, 0, 0.54%, 0, 0, 11, 1580.88
1775292309, 2546, 203, 435, 0, 0, 0.54%, 0, 0, 11, 1537.50
1775292314, 2546, 305, 435, 0, 0, 0.54%, 0, 0, 11, 1442.42
1775292319, 2546, 354, 435, 0, 0, 0.54%, 0, 0, 11, 1441.06
1775292324, 2547, 18, 435, 0, 0, 0.54%, 0, 0, 11, 1326.49
1775292329, 2547, 79, 435, 0, 0, 0.54%, 0, 0, 11, 1596.55
1775292334, 2547, 100, 435, 0, 0, 0.54%, 0, 0, 11, 1545.23
1775292339, 2547, 191, 435, 0, 0, 0.54%, 0, 0, 11, 1350.84
1775292344, 2547, 249, 435, 0, 0, 0.54%, 0, 0, 11, 1489.51
1775292350, 2547, 354, 435, 0, 0, 0.54%, 0, 0, 11, 1427.54
1775292355, 2547, 393, 435, 0, 0, 0.54%, 0, 0, 11, 1168.36
1775292360, 2548, 54, 435, 0, 0, 0.54%, 0, 0, 11, 1380.94
1775292365, 2548, 86, 435, 0, 0, 0.54%, 0, 0, 11, 1468.37
1775292370, 2548, 147, 435, 0, 0, 0.54%, 0, 0, 11, 1471.13
1775292375, 2548, 304, 435, 0, 0, 0.54%, 0, 0, 11, 1436.33
1775292380, 2548, 361, 435, 0, 0, 0.54%, 0, 0, 11, 1356.54
1775292385, 2548, 428, 435, 0, 0, 0.54%, 0, 0, 11, 1401.41
1775292390, 2549, 79, 435, 0, 0, 0.54%, 0, 0, 11, 1531.61
1775292395, 2549, 111, 435, 0, 0, 0.54%, 0, 0, 11, 1490.82
1775292401, 2549, 196, 435, 0, 0, 0.54%, 0, 0, 11, 1491.80
1775292406, 2549, 294, 435, 0, 0, 0.54%, 0, 0, 11, 1472.08
1775292411, 2549, 349, 435, 0, 0, 0.54%, 0, 0, 11, 1399.57
1775292416, 2549, 385, 435, 0, 0, 0.54%, 0, 0, 11, 1297.47
1775292421, 2550, 45, 435, 0, 0, 0.54%, 0, 0, 11, 1425.44
1775292426, 2550, 86, 435, 0, 0, 0.54%, 0, 0, 11, 1506.83
1775292431, 2550, 120, 435, 0, 0, 0.54%, 0, 0, 11, 1481.22
1775292436, 2550, 153, 435, 0, 0, 0.54%, 0, 0, 11, 1605.19
1775292441, 2550, 232, 435, 0, 0, 0.54%, 0, 0, 11, 1524.65
1775292446, 2550, 292, 435, 0, 0, 0.54%, 0, 0, 11, 1580.23
1775292452, 2550, 371, 435, 0, 0, 0.54%, 0, 0, 11, 1514.45
1775292457, 2551, 22, 435, 0, 0, 0.54%, 0, 0, 11, 1465.97
1775292462, 2551, 86, 435, 0, 0, 0.54%, 0, 0, 11, 1546.23
1775292467, 2551, 111, 435, 0, 0, 0.54%, 0, 0, 11, 1355.78
1775292472, 2551, 150, 435, 0, 0, 0.54%, 0, 0, 11, 1524.46
1775292477, 2551, 196, 435, 0, 0, 0.54%, 0, 0, 11, 1422.18
1775292482, 2551, 306, 435, 0, 0, 0.54%, 0, 0, 11, 1526.74
1775292487, 2551, 354, 435, 0, 0, 0.54%, 0, 0, 11, 1493.01
1775292492, 2551, 395, 435, 0, 0, 0.54%, 0, 0, 11, 1283.75
1775292497, 2552, 37, 435, 0, 0, 0.54%, 0, 0, 11, 1512.63
1775292502, 2552, 91, 435, 0, 0, 0.54%, 0, 0, 11, 1565.28
1775292507, 2552, 141, 435, 0, 0, 0.54%, 0, 0, 11, 1433.55
1775292512, 2552, 169, 435, 0, 0, 0.54%, 0, 0, 11, 1422.34
1775292517, 2552, 251, 435, 0, 0, 0.54%, 0, 0, 11, 1426.82
1775292523, 2552, 338, 435, 0, 0, 0.54%, 0, 0, 11, 1437.82
1775292528, 2552, 385, 435, 0, 0, 0.54%, 0, 0, 11, 1341.49
1775292533, 2553, 63, 435, 0, 0, 0.54%, 0, 0, 11, 1326.46
1775292538, 2553, 100, 435, 0, 0, 0.54%, 0, 0, 11, 1479.01
1775292543, 2553, 134, 435, 0, 0, 0.54%, 0, 0, 11, 1457.80
1775292548, 2553, 217, 435, 0, 0, 0.54%, 0, 0, 11, 1539.51
1775292553, 2553, 295, 435, 0, 0, 0.54%, 0, 0, 11, 1412.97
1775292558, 2553, 354, 435, 0, 0, 0.54%, 0, 0, 11, 1382.66
1775292563, 2554, 57, 435, 0, 0, 0.54%, 0, 0, 11, 1401.11
1775292568, 2554, 82, 435, 0, 0, 0.54%, 0, 0, 11, 1527.26
1775292574, 2554, 112, 435, 0, 0, 0.54%, 0, 0, 11, 1406.29
1775292579, 2554, 216, 435, 0, 0, 0.54%, 0, 0, 11, 1478.76
1775292584, 2554, 325, 435, 0, 0, 0.54%, 0, 0, 11, 1463.13
1775292589, 2554, 385, 435, 0, 0, 0.54%, 0, 0, 11, 1406.09
1775292594, 2555, 53, 435, 0, 0, 0.54%, 0, 0, 11, 1469.59
1775292599, 2555, 91, 435, 0, 0, 0.54%, 0, 0, 11, 1535.84
1775292604, 2555, 127, 435, 0, 0, 0.54%, 0, 0, 11, 1201.72
1775292609, 2555, 188, 435, 0, 0, 0.54%, 0, 0, 11, 1430.47
1775292614, 2555, 265, 435, 0, 0, 0.54%, 0, 0, 11, 1327.60
1775292619, 2555, 283, 435, 0, 0, 0.54%, 0, 0, 11, 1431.17
1775292624, 2555, 357, 435, 0, 0, 0.54%, 0, 0, 11, 1405.36
1775292629, 2556, 2, 435, 0, 0, 0.54%, 0, 0, 11, 1224.32
1775292634, 2556, 64, 435, 0, 0, 0.54%, 0, 0, 11, 1546.49
1775292639, 2556, 92, 435, 0, 0, 0.54%, 0, 0, 11, 1567.05
1775292645, 2556, 144, 435, 0, 0, 0.54%, 0, 0, 11, 1459.82
1775292650, 2556, 196, 435, 0, 0, 0.54%, 0, 0, 11, 1490.92
1775292655, 2556, 275, 435, 0, 0, 0.54%, 0, 0, 11, 865.31
1775292660, 2556, 354, 435, 0, 0, 0.54%, 0, 0, 11, 1319.55
1775292665, 2557, 34, 435, 0, 0, 0.54%, 0, 0, 11, 1453.01
1775292670, 2557, 86, 435, 0, 0, 0.54%, 0, 0, 11, 1489.16
1775292675, 2557, 141, 435, 0, 0, 0.54%, 0, 0, 11, 1563.06
1775292680, 2557, 188, 435, 0, 0, 0.54%, 0, 0, 11, 1524.57
1775292685, 2557, 236, 435, 0, 0, 0.54%, 0, 0, 11, 1421.71
1775292690, 2557, 354, 435, 0, 0, 0.54%, 0, 0, 11, 1413.83
1775292696, 2557, 432, 435, 0, 0, 0.54%, 0, 0, 11, 1281.85
1775292701, 2558, 86, 435, 0, 0, 0.54%, 0, 0, 11, 1514.20
1775292706, 2558, 147, 435, 0, 0, 0.54%, 0, 0, 11, 1524.04
1775292711, 2558, 249, 435, 0, 0, 0.54%, 0, 0, 11, 1502.50
1775292716, 2558, 325, 435, 0, 0, 0.54%, 0, 0, 11, 1500.59
1775292721, 2558, 385, 435, 0, 0, 0.54%, 0, 0, 11, 1400.63
1775292726, 2559, 72, 435, 0, 0, 0.54%, 0, 0, 11, 1445.45
1775292731, 2559, 100, 435, 0, 0, 0.54%, 0, 0, 11, 1516.32
1775292736, 2559, 202, 435, 0, 0, 0.54%, 0, 0, 11, 1571.47
1775292741, 2559, 267, 435, 0, 0, 0.54%, 0, 0, 11, 1462.12
1775292746, 2559, 304, 435, 0, 0, 0.54%, 0, 0, 11, 1401.50
1775292751, 2559, 354, 435, 0, 0, 0.54%, 0, 0, 11, 1429.20
1775292757, 2560, 40, 435, 0, 0, 0.54%, 0, 0, 11, 1410.87
1775292762, 2560, 91, 435, 0, 0, 0.54%, 0, 0, 11, 1476.48
1775292767, 2560, 147, 435, 0, 0, 0.54%, 0, 0, 11, 1478.52
1775292772, 2560, 204, 435, 0, 0, 0.54%, 0, 0, 11, 1502.04
1775292777, 2560, 293, 435, 0, 0, 0.54%, 0, 0, 11, 1406.92
1775292782, 2560, 371, 435, 0, 0, 0.54%, 0, 0, 11, 1379.18
1775292787, 2561, 26, 435, 0, 0, 0.54%, 0, 0, 11, 1209.56
1775292792, 2561, 91, 435, 0, 0, 0.54%, 0, 0, 11, 1571.14
1775292797, 2561, 150, 435, 0, 0, 0.54%, 0, 0, 11, 1065.26
1775292802, 2561, 205, 435, 0, 0, 0.54%, 0, 0, 11, 1539.73
1775292807, 2561, 338, 435, 0, 0, 0.54%, 0, 0, 11, 1416.24
1775292812, 2562, 9, 435, 0, 0, 0.54%, 0, 0, 11, 1294.47
1775292818, 2562, 80, 435, 0, 0, 0.54%, 0, 0, 11, 1573.10
1775292823, 2562, 147, 435, 0, 0, 0.54%, 0, 0, 11, 1552.26
1775292828, 2562, 221, 435, 0, 0, 0.54%, 0, 0, 11, 1572.90
1775292833, 2562, 283, 435, 0, 0, 0.54%, 0, 0, 11, 1515.70
1775292838, 2562, 354, 435, 0, 0, 0.54%, 0, 0, 11, 1376.74
1775292843, 2563, 18, 435, 0, 0, 0.54%, 0, 0, 11, 1310.55
1775292848, 2563, 86, 435, 0, 0, 0.54%, 0, 0, 11, 1364.78
1775292853, 2563, 147, 435, 0, 0, 0.54%, 0, 0, 11, 1492.52
1775292858, 2563, 303, 435, 0, 0, 0.54%, 0, 0, 11, 1422.99
1775292864, 2563, 354, 435, 0, 0, 0.54%, 0, 0, 11, 1378.12
1775292869, 2563, 402, 435, 0, 0, 0.54%, 0, 0, 11, 1224.08
1775292874, 2564, 86, 435, 0, 0, 0.54%, 0, 0, 11, 1417.94
1775292879, 2564, 128, 435, 0, 0, 0.54%, 0, 0, 11, 1517.49
1775292884, 2564, 165, 435, 0, 0, 0.54%, 0, 0, 11, 1550.92
1775292889, 2564, 280, 435, 0, 0, 0.54%, 0, 0, 11, 1460.30
1775292894, 2564, 350, 435, 0, 0, 0.54%, 0, 0, 11, 1525.66
1775292899, 2565, 40, 435, 0, 0, 0.54%, 0, 0, 11, 1388.73
1775292904, 2565, 86, 435, 0, 0, 0.54%, 0, 0, 11, 1458.95
1775292909, 2565, 147, 435, 0, 0, 0.54%, 0, 0, 11, 1474.22
1775292915, 2565, 236, 435, 0, 0, 0.54%, 0, 0, 11, 1433.01
1775292920, 2565, 339, 435, 0, 0, 0.54%, 0, 0, 11, 1490.62
1775292925, 2566, 14, 435, 0, 0, 0.54%, 0, 0, 11, 1358.93
1775292930, 2566, 79, 435, 0, 0, 0.54%, 0, 0, 11, 1493.29
1775292935, 2566, 111, 435, 0, 0, 0.54%, 0, 0, 11, 1398.65
1775292940, 2566, 196, 435, 0, 0, 0.54%, 0, 0, 11, 1494.19
1775292945, 2566, 268, 435, 0, 0, 0.54%, 0, 0, 11, 1493.77
1775292950, 2566, 337, 435, 0, 0, 0.54%, 0, 0, 11, 1408.84
1775292955, 2566, 385, 435, 0, 0, 0.54%, 0, 0, 11, 1438.54
1775292960, 2567, 80, 435, 0, 0, 0.54%, 0, 0, 11, 1429.60
1775292966, 2567, 115, 435, 0, 0, 0.54%, 0, 0, 11, 1577.32
1775292971, 2567, 180, 435, 0, 0, 0.54%, 0, 0, 11, 1328.78
1775292976, 2567, 225, 435, 0, 0, 0.54%, 0, 0, 11, 1550.51
1775292981, 2567, 296, 435, 0, 0, 0.54%, 0, 0, 11, 1457.54
1775292986, 2567, 385, 435, 0, 0, 0.54%, 0, 0, 11, 1399.83
1775292991, 2568, 46, 435, 0, 0, 0.54%, 0, 0, 11, 1391.23
1775292996, 2568, 79, 435, 0, 0, 0.54%, 0, 0, 11, 1582.33
1775293001, 2568, 100, 435, 0, 0, 0.54%, 0, 0, 11, 1446.26
1775293006, 2568, 230, 435, 0, 0, 0.54%, 0, 0, 11, 1566.02
1775293011, 2568, 334, 435, 0, 0, 0.54%, 0, 0, 11, 1412.93
1775293017, 2568, 385, 435, 0, 0, 0.54%, 0, 0, 11, 1394.76
1775293022, 2569, 55, 435, 0, 0, 0.54%, 0, 0, 11, 1363.34
1775293027, 2569, 91, 435, 0, 0, 0.54%, 0, 0, 11, 1479.97
1775293032, 2569, 184, 435, 0, 0, 0.54%, 0, 0, 11, 1372.95
1775293037, 2569, 196, 435, 0, 0, 0.54%, 0, 0, 11, 1516.37
1775293042, 2569, 342, 435, 0, 0, 0.54%, 0, 0, 11, 1495.32
1775293047, 2569, 371, 435, 0, 0, 0.54%, 0, 0, 11, 1398.34
1775293052, 2570, 63, 435, 0, 0, 0.54%, 0, 0, 11, 1468.36
1775293057, 2570, 101, 435, 0, 0, 0.54%, 0, 0, 11, 1465.11
1775293062, 2570, 172, 435, 0, 0, 0.54%, 0, 0, 11, 1381.57
1775293067, 2570, 351, 435, 0, 0, 0.54%, 0, 0, 11, 1480.03
1775293073, 2570, 416, 435, 0, 0, 0.54%, 0, 0, 11, 1294.29
1775293078, 2571, 37, 435, 0, 0, 0.54%, 0, 0, 11, 1334.22
1775293083, 2571, 91, 435, 0, 0, 0.54%, 0, 0, 11, 1492.98
1775293088, 2571, 127, 435, 0, 0, 0.54%, 0, 0, 11, 1589.80
1775293093, 2571, 184, 435, 0, 0, 0.54%, 0, 0, 11, 1354.29
1775293098, 2571, 200, 435, 0, 0, 0.54%, 0, 0, 11, 1477.93
1775293103, 2571, 262, 435, 0, 0, 0.54%, 0, 0, 11, 1429.35
1775293108, 2571, 325, 435, 0, 0, 0.54%, 0, 0, 11, 1439.91
1775293114, 2571, 385, 435, 0, 0, 0.54%, 0, 0, 11, 1395.78
1775293119, 2572, 67, 435, 0, 0, 0.54%, 0, 0, 11, 1575.51
1775293124, 2572, 111, 435, 0, 0, 0.54%, 0, 0, 11, 1542.75
1775293129, 2572, 235, 435, 0, 0, 0.54%, 0, 0, 11, 1500.82
1775293134, 2572, 354, 435, 0, 0, 0.54%, 0, 0, 11, 1426.38
1775293139, 2572, 433, 435, 0, 0, 0.54%, 0, 0, 11, 1296.99
1775293144, 2573, 63, 435, 0, 0, 0.54%, 0, 0, 11, 1466.05
1775293149, 2573, 111, 435, 0, 0, 0.54%, 0, 0, 11, 1468.99
1775293154, 2573, 147, 435, 0, 0, 0.54%, 0, 0, 11, 1476.53
1775293159, 2573, 244, 435, 0, 0, 0.54%, 0, 0, 11, 1506.04
1775293164, 2573, 349, 435, 0, 0, 0.54%, 0, 0, 11, 1398.48
1775293169, 2573, 403, 435, 0, 0, 0.54%, 0, 0, 11, 1173.73
1775293174, 2574, 36, 435, 0, 0, 0.54%, 0, 0, 11, 1569.20
1775293180, 2574, 85, 435, 0, 0, 0.54%, 0, 0, 11, 1613.72
1775293185, 2574, 124, 435, 0, 0, 0.54%, 0, 0, 11, 1414.97
1775293190, 2574, 196, 435, 0, 0, 0.54%, 0, 0, 11, 1387.52
1775293195, 2574, 299, 435, 0, 0, 0.54%, 0, 0, 11, 1380.51
1775293200, 2574, 385, 435, 0, 0, 0.54%, 0, 0, 11, 1374.61
1775293205, 2575, 80, 435, 0, 0, 0.54%, 0, 0, 11, 1488.94
1775293210, 2575, 147, 435, 0, 0, 0.54%, 0, 0, 11, 1490.88
1775293215, 2575, 166, 435, 0, 0, 0.54%, 0, 0, 11, 1467.81
1775293220, 2575, 207, 435, 0, 0, 0.54%, 0, 0, 11, 1425.98
1775293225, 2575, 305, 435, 0, 0, 0.54%, 0, 0, 11, 1368.86
1775293231, 2575, 366, 435, 0, 0, 0.54%, 0, 0, 11, 1329.55
1775293236, 2576, 49, 435, 0, 0, 0.54%, 0, 0, 11, 1482.63
1775293241, 2576, 86, 435, 0, 0, 0.54%, 0, 0, 11, 1484.82
1775293246, 2576, 138, 435, 0, 0, 0.54%, 0, 0, 11, 1743.28
1775293251, 2576, 173, 435, 0, 0, 0.54%, 0, 0, 11, 1456.76
1775293256, 2576, 349, 435, 0, 0, 0.54%, 0, 0, 11, 1534.38
1775293261, 2577, 11, 435, 0, 0, 0.54%, 0, 0, 11, 1452.82
1775293266, 2577, 86, 435, 0, 0, 0.54%, 0, 0, 11, 1479.92
1775293272, 2577, 147, 435, 0, 0, 0.54%, 0, 0, 11, 1562.66
1775293277, 2577, 241, 435, 0, 0, 0.54%, 0, 0, 11, 1497.47
1775293282, 2577, 320, 435, 0, 0, 0.54%, 0, 0, 11, 1469.58
1775293287, 2577, 371, 435, 0, 0, 0.54%, 0, 0, 11, 1335.49
1775293292, 2577, 423, 435, 0, 0, 0.54%, 0, 0, 11, 1186.66
1775293297, 2578, 49, 435, 0, 0, 0.54%, 0, 0, 11, 1340.42
1775293302, 2578, 87, 435, 0, 0, 0.54%, 0, 0, 11, 1385.38
1775293307, 2578, 128, 435, 0, 0, 0.54%, 0, 0, 11, 1476.70
1775293312, 2578, 244, 435, 0, 0, 0.54%, 0, 0, 11, 1452.40
1775293317, 2578, 334, 435, 0, 0, 0.54%, 0, 0, 11, 1404.39
1775293322, 2578, 385, 435, 0, 0, 0.54%, 0, 0, 11, 1287.02
1775293327, 2578, 431, 435, 0, 0, 0.54%, 0, 0, 11, 1513.21
1775293332, 2579, 53, 435, 0, 0, 0.54%, 0, 0, 11, 1373.40
1775293338, 2579, 89, 435, 0, 0, 0.54%, 0, 0, 11, 1424.15
1775293343, 2579, 143, 435, 0, 0, 0.54%, 0, 0, 11, 1558.83
1775293348, 2579, 207, 435, 0, 0, 0.54%, 0, 0, 11, 1447.10
1775293353, 2579, 357, 435, 0, 0, 0.54%, 0, 0, 11, 1464.22
1775293358, 2579, 429, 435, 0, 0, 0.54%, 0, 0, 11, 1562.17
1775293363, 2580, 71, 435, 0, 0, 0.54%, 0, 0, 11, 1550.84
1775293368, 2580, 111, 435, 0, 0, 0.54%, 0, 0, 11, 1605.08
1775293373, 2580, 284, 435, 0, 0, 0.54%, 0, 0, 11, 1547.27
1775293378, 2580, 354, 435, 0, 0, 0.54%, 0, 0, 11, 1413.76
1775293383, 2581, 35, 435, 0, 0, 0.54%, 0, 0, 11, 1395.03
1775293388, 2581, 81, 435, 0, 0, 0.54%, 0, 0, 11, 1504.31
1775293394, 2581, 120, 435, 0, 0, 0.54%, 0, 0, 11, 1498.54
1775293399, 2581, 196, 435, 0, 0, 0.54%, 0, 0, 11, 1545.77
1775293404, 2581, 277, 435, 0, 0, 0.54%, 0, 0, 11, 1457.43
1775293409, 2581, 324, 435, 0, 0, 0.54%, 0, 0, 11, 1354.13
1775293414, 2581, 385, 435, 0, 0, 0.54%, 0, 0, 11, 1437.45
1775293419, 2582, 63, 435, 0, 0, 0.54%, 0, 0, 11, 1469.72
1775293424, 2582, 91, 435, 0, 0, 0.54%, 0, 0, 11, 1507.76
1775293429, 2582, 142, 435, 0, 0, 0.54%, 0, 0, 11, 1556.76
1775293434, 2582, 196, 435, 0, 0, 0.54%, 0, 0, 11, 1515.13
1775293439, 2582, 325, 435, 0, 0, 0.54%, 0, 0, 11, 1475.18
1775293445, 2583, 22, 435, 0, 0, 0.54%, 0, 0, 11, 1325.81
1775293450, 2583, 79, 435, 0, 0, 0.54%, 0, 0, 11, 1357.54
1775293455, 2583, 105, 435, 0, 0, 0.54%, 0, 0, 11, 1388.87
1775293460, 2583, 147, 435, 0, 0, 0.54%, 0, 0, 11, 1394.90
1775293465, 2583, 238, 435, 0, 0, 0.54%, 0, 0, 11, 1447.42
1775293470, 2583, 319, 435, 0, 0, 0.54%, 0, 0, 11, 1456.85
1775293475, 2583, 366, 435, 0, 0, 0.54%, 0, 0, 11, 1477.44
1775293480, 2584, 49, 435, 0, 0, 0.54%, 0, 0, 11, 1427.00
1775293486, 2584, 86, 435, 0, 0, 0.54%, 0, 0, 11, 1477.49
1775293491, 2584, 119, 435, 0, 0, 0.54%, 0, 0, 11, 1460.22
1775293496, 2584, 178, 435, 0, 0, 0.54%, 0, 0, 11, 1447.39
1775293501, 2584, 211, 435, 0, 0, 0.54%, 0, 0, 11, 1577.86
1775293506, 2584, 328, 435, 0, 0, 0.54%, 0, 0, 11, 1433.60
1775293511, 2584, 384, 435, 0, 0, 0.54%, 0, 0, 11, 1381.13
1775293516, 2585, 5, 435, 0, 0, 0.54%, 0, 0, 11, 1242.25
1775293521, 2585, 63, 435, 0, 0, 0.54%, 0, 0, 11, 1544.97
1775293526, 2585, 100, 435, 0, 0, 0.54%, 0, 0, 11, 1504.36
1775293532, 2585, 165, 435, 0, 0, 0.54%, 0, 0, 11, 1498.32
1775293537, 2585, 330, 435, 0, 0, 0.54%, 0, 0, 11, 1441.61
1775293542, 2585, 385, 435, 0, 0, 0.54%, 0, 0, 11, 1425.07
1775293547, 2585, 431, 435, 0, 0, 0.54%, 0, 0, 11, 1439.52
1775293552, 2586, 63, 435, 0, 0, 0.54%, 0, 0, 11, 1671.18
1775293557, 2586, 91, 435, 0, 0, 0.54%, 0, 0, 11, 1631.77
1775293562, 2586, 184, 435, 0, 0, 0.54%, 0, 0, 11, 1496.99
1775293567, 2586, 291, 435, 0, 0, 0.54%, 0, 0, 11, 1444.68
1775293572, 2586, 354, 435, 0, 0, 0.54%, 0, 0, 11, 1288.35
1775293577, 2587, 4, 435, 0, 0, 0.54%, 0, 0, 11, 1105.71
1775293582, 2587, 76, 435, 0, 0, 0.54%, 0, 0, 11, 1487.19
1775293587, 2587, 93, 435, 0, 0, 0.54%, 0, 0, 11, 1521.02
1775293592, 2587, 169, 435, 0, 0, 0.54%, 0, 0, 11, 1772.72
1775293598, 2587, 291, 435, 0, 0, 0.54%, 0, 0, 11, 1391.66
1775293603, 2587, 354, 435, 0, 0, 0.54%, 0, 0, 11, 1370.96
1775293608, 2588, 22, 435, 0, 0, 0.54%, 0, 0, 11, 1318.70
1775293613, 2588, 80, 435, 0, 0, 0.54%, 0, 0, 11, 1550.82
1775293618, 2588, 100, 435, 0, 0, 0.54%, 0, 0, 11, 1403.26
1775293623, 2588, 141, 435, 0, 0, 0.54%, 0, 0, 11, 1415.58
1775293628, 2588, 218, 435, 0, 0, 0.54%, 0, 0, 11, 1539.66
1775293633, 2588, 354, 435, 0, 0, 0.54%, 0, 0, 11, 1367.43
1775293638, 2589, 10, 435, 0, 0, 0.54%, 0, 0, 11, 1242.21
1775293643, 2589, 79, 435, 0, 0, 0.54%, 0, 0, 11, 1662.17
1775293649, 2589, 117, 435, 0, 0, 0.54%, 0, 0, 11, 1532.92
1775293654, 2589, 254, 435, 0, 0, 0.54%, 0, 0, 11, 1535.97
1775293659, 2589, 354, 435, 0, 0, 0.54%, 0, 0, 11, 1525.89
1775293664, 2589, 432, 435, 0, 0, 0.54%, 0, 0, 11, 1269.74
1775293669, 2590, 63, 435, 0, 0, 0.54%, 0, 0, 11, 1486.41
1775293674, 2590, 80, 435, 0, 0, 0.54%, 0, 0, 11, 1328.59
1775293679, 2590, 101, 435, 0, 0, 0.54%, 0, 0, 11, 1535.59
1775293684, 2590, 155, 435, 0, 0, 0.54%, 0, 0, 11, 1407.57
1775293689, 2590, 236, 435, 0, 0, 0.54%, 0, 0, 11, 1508.51
1775293694, 2590, 346, 435, 0, 0, 0.54%, 0, 0, 11, 1445.70
1775293699, 2591, 17, 435, 0, 0, 0.54%, 0, 0, 11, 1485.91
1775293704, 2591, 77, 435, 0, 0, 0.54%, 0, 0, 11, 1606.12
1775293710, 2591, 100, 435, 0, 0, 0.54%, 0, 0, 11, 1672.82
1775293715, 2591, 237, 435, 0, 0, 0.54%, 0, 0, 11, 1482.86
1775293720, 2591, 310, 435, 0, 0, 0.54%, 0, 0, 11, 1492.55
1775293725, 2591, 385, 435, 0, 0, 0.54%, 0, 0, 11, 1391.91
1775293730, 2592, 51, 435, 0, 0, 0.54%, 0, 0, 11, 1348.14
1775293735, 2592, 81, 435, 0, 0, 0.54%, 0, 0, 11, 1460.89
1775293740, 2592, 119, 435, 0, 0, 0.54%, 0, 0, 11, 1467.73
1775293745, 2592, 222, 435, 0, 0, 0.54%, 0, 0, 11, 1431.73
1775293750, 2592, 323, 435, 0, 0, 0.54%, 0, 0, 11, 1459.12
1775293755, 2592, 404, 435, 0, 0, 0.54%, 0, 0, 11, 1376.02
1775293761, 2593, 45, 435, 0, 0, 0.54%, 0, 0, 11, 1480.92
1775293766, 2593, 80, 435, 0, 0, 0.54%, 0, 0, 11, 1542.57
1775293771, 2593, 100, 435, 0, 0, 0.54%, 0, 0, 11, 1375.27
1775293776, 2593, 147, 435, 0, 0, 0.54%, 0, 0, 11, 1445.93
1775293781, 2593, 248, 435, 0, 0, 0.54%, 0, 0, 11, 1485.02
1775293786, 2593, 325, 435, 0, 0, 0.54%, 0, 0, 11, 1410.18
1775293791, 2593, 385, 435, 0, 0, 0.54%, 0, 0, 11, 1404.08
1775293796, 2594, 40, 435, 0, 0, 0.54%, 0, 0, 11, 1389.66
1775293801, 2594, 91, 435, 0, 0, 0.54%, 0, 0, 11, 1528.57
1775293806, 2594, 148, 435, 0, 0, 0.54%, 0, 0, 11, 1406.30
1775293811, 2594, 208, 435, 0, 0, 0.54%, 0, 0, 11, 1296.71
1775293816, 2594, 291, 435, 0, 0, 0.54%, 0, 0, 11, 1417.89
1775293822, 2594, 354, 435, 0, 0, 0.54%, 0, 0, 11, 1425.61
1775293827, 2595, 40, 435, 0, 0, 0.54%, 0, 0, 11, 1453.21
1775293832, 2595, 80, 435, 0, 0, 0.54%, 0, 0, 11, 1462.67
1775293837, 2595, 147, 435, 0, 0, 0.54%, 0, 0, 11, 1506.26
1775293842, 2595, 247, 435, 0, 0, 0.54%, 0, 0, 11, 1485.66
1775293847, 2595, 329, 435, 0, 0, 0.54%, 0, 0, 11, 1422.56
1775293852, 2595, 387, 435, 0, 0, 0.54%, 0, 0, 11, 1245.51
1775293857, 2596, 29, 435, 0, 0, 0.54%, 0, 0, 11, 1450.66
1775293863, 2596, 80, 435, 0, 0, 0.54%, 0, 0, 11, 1431.27
1775293868, 2596, 126, 435, 0, 0, 0.54%, 0, 0, 11, 1496.90
1775293873, 2596, 252, 435, 0, 0, 0.54%, 0, 0, 11, 1618.12
1775293878, 2596, 354, 435, 0, 0, 0.54%, 0, 0, 11, 1423.31
1775293883, 2597, 31, 435, 0, 0, 0.54%, 0, 0, 11, 1312.57
1775293888, 2597, 86, 435, 0, 0, 0.54%, 0, 0, 11, 1571.20
1775293893, 2597, 130, 435, 0, 0, 0.54%, 0, 0, 11, 1458.15
1775293898, 2597, 349, 435, 0, 0, 0.54%, 0, 0, 11, 1431.09
1775293903, 2597, 385, 435, 0, 0, 0.54%, 0, 0, 11, 1335.51
1775293908, 2598, 61, 435, 0, 0, 0.54%, 0, 0, 11, 1418.01
1775293913, 2598, 80, 435, 0, 0, 0.54%, 0, 0, 11, 1453.78
1775293919, 2598, 147, 435, 0, 0, 0.54%, 0, 0, 11, 1528.54
1775293924, 2598, 214, 435, 0, 0, 0.54%, 0, 0, 11, 1450.64
1775293929, 2598, 349, 435, 0, 0, 0.54%, 0, 0, 11, 1455.77
1775293934, 2598, 385, 435, 0, 0, 0.54%, 0, 0, 11, 1288.08
1775293939, 2599, 75, 435, 0, 0, 0.54%, 0, 0, 11, 1426.56
1775293944, 2599, 100, 435, 0, 0, 0.54%, 0, 0, 11, 1448.55
1775293949, 2599, 146, 435, 0, 0, 0.54%, 0, 0, 11, 1522.62
1775293954, 2599, 183, 435, 0, 0, 0.54%, 0, 0, 11, 1287.97
1775293960, 2599, 267, 435, 0, 0, 0.54%, 0, 0, 11, 1509.78
1775293965, 2599, 354, 435, 0, 0, 0.54%, 0, 0, 11, 1574.67
1775293970, 2599, 390, 435, 0, 0, 0.54%, 0, 0, 11, 1263.43
1775293975, 2600, 86, 435, 0, 0, 0.54%, 0, 0, 11, 1512.88
1775293980, 2600, 129, 435, 0, 0, 0.54%, 0, 0, 11, 1465.79
1775293985, 2600, 230, 435, 0, 0, 0.54%, 0, 0, 11, 1403.68
1775293990, 2600, 371, 435, 0, 0, 0.54%, 0, 0, 11, 1444.95
1775293995, 2601, 63, 435, 0, 0, 0.54%, 0, 0, 11, 1494.40
1775294000, 2601, 100, 435, 0, 0, 0.54%, 0, 0, 11, 1497.04
1775294005, 2601, 196, 435, 0, 0, 0.54%, 0, 0, 11, 1582.01
1775294010, 2601, 275, 435, 0, 0, 0.54%, 0, 0, 11, 1367.60
1775294016, 2601, 385, 435, 0, 0, 0.54%, 0, 0, 11, 1441.05
1775294021, 2601, 429, 435, 0, 0, 0.54%, 0, 0, 11, 1434.22
1775294026, 2602, 79, 435, 0, 0, 0.54%, 0, 0, 11, 1534.26
1775294031, 2602, 111, 435, 0, 0, 0.54%, 0, 0, 11, 1448.06
1775294036, 2602, 147, 435, 0, 0, 0.54%, 0, 0, 11, 1379.20
1775294041, 2602, 228, 435, 0, 0, 0.54%, 0, 0, 11, 1460.99
1775294046, 2602, 349, 435, 0, 0, 0.54%, 0, 0, 11, 1458.73
1775294051, 2602, 385, 435, 0, 0, 0.54%, 0, 0, 11, 1221.33
1775294057, 2603, 63, 435, 0, 0, 0.54%, 0, 0, 11, 1394.44
1775294062, 2603, 100, 435, 0, 0, 0.54%, 0, 0, 11, 1514.63
1775294067, 2603, 174, 435, 0, 0, 0.54%, 0, 0, 11, 1526.18
1775294072, 2603, 242, 435, 0, 0, 0.54%, 0, 0, 11, 1537.61
1775294077, 2603, 328, 435, 0, 0, 0.54%, 0, 0, 11, 1452.09
1775294082, 2603, 385, 435, 0, 0, 0.54%, 0, 0, 11, 1269.02
1775294087, 2604, 64, 435, 0, 0, 0.54%, 0, 0, 11, 1463.56
1775294092, 2604, 91, 435, 0, 0, 0.54%, 0, 0, 11, 1542.34
1775294097, 2604, 146, 435, 0, 0, 0.54%, 0, 0, 11, 1546.43
1775294102, 2604, 190, 435, 0, 0, 0.54%, 0, 0, 11, 1546.15
1775294107, 2604, 315, 435, 0, 0, 0.54%, 0, 0, 11, 1525.37
1775294112, 2604, 382, 435, 0, 0, 0.54%, 0, 0, 11, 1385.95
1775294117, 2605, 13, 435, 0, 0, 0.54%, 0, 0, 11, 1409.95
1775294122, 2605, 72, 435, 0, 0, 0.54%, 0, 0, 11, 1553.52
1775294127, 2605, 106, 435, 0, 0, 0.54%, 0, 0, 11, 1487.51
1775294133, 2605, 147, 435, 0, 0, 0.54%, 0, 0, 11, 1474.87
1775294138, 2605, 196, 435, 0, 0, 0.54%, 0, 0, 11, 1500.03
1775294143, 2605, 297, 435, 0, 0, 0.54%, 0, 0, 11, 1435.33
1775294148, 2605, 357, 435, 0, 0, 0.54%, 0, 0, 11, 1415.44
1775294153, 2606, 60, 435, 0, 0, 0.54%, 0, 0, 11, 1376.25
1775294158, 2606, 82, 435, 0, 0, 0.54%, 0, 0, 11, 1385.01
1775294163, 2606, 111, 435, 0, 0, 0.54%, 0, 0, 11, 1511.65
1775294168, 2606, 183, 435, 0, 0, 0.54%, 0, 0, 11, 1323.45
1775294173, 2606, 248, 435, 0, 0, 0.54%, 0, 0, 11, 1498.87
1775294178, 2606, 354, 435, 0, 0, 0.54%, 0, 0, 11, 1456.62
1775294183, 2607, 79, 435, 0, 0, 0.54%, 0, 0, 11, 1518.79
1775294188, 2607, 105, 435, 0, 0, 0.54%, 0, 0, 11, 1468.04
1775294193, 2607, 181, 435, 0, 0, 0.54%, 0, 0, 11, 1538.65
1775294199, 2607, 196, 435, 0, 0, 0.54%, 0, 0, 11, 1451.75
1775294204, 2607, 331, 435, 0, 0, 0.54%, 0, 0, 11, 1275.29
1775294209, 2608, 36, 435, 0, 0, 0.54%, 0, 0, 11, 1486.34
1775294214, 2608, 91, 435, 0, 0, 0.54%, 0, 0, 11, 1481.49
1775294219, 2608, 157, 435, 0, 0, 0.54%, 0, 0, 11, 1484.96
1775294224, 2608, 205, 435, 0, 0, 0.54%, 0, 0, 11, 1485.37
1775294229, 2608, 261, 435, 0, 0, 0.54%, 0, 0, 11, 1407.78
1775294234, 2608, 349, 435, 0, 0, 0.54%, 0, 0, 11, 1487.26
1775294239, 2608, 391, 435, 0, 0, 0.54%, 0, 0, 11, 1334.11
1775294244, 2609, 47, 435, 0, 0, 0.54%, 0, 0, 11, 1416.62
1775294249, 2609, 86, 435, 0, 0, 0.54%, 0, 0, 11, 1385.99
1775294255, 2609, 132, 435, 0, 0, 0.54%, 0, 0, 11, 1374.05
1775294260, 2609, 200, 435, 0, 0, 0.54%, 0, 0, 11, 1487.89
1775294265, 2609, 325, 435, 0, 0, 0.54%, 0, 0, 11, 1559.19
1775294270, 2609, 385, 435, 0, 0, 0.54%, 0, 0, 11, 1342.26
1775294275, 2610, 34, 435, 0, 0, 0.54%, 0, 0, 11, 1440.52
1775294280, 2610, 86, 435, 0, 0, 0.54%, 0, 0, 11, 1473.80
1775294285, 2610, 130, 435, 0, 0, 0.54%, 0, 0, 11, 1463.62
1775294290, 2610, 266, 435, 0, 0, 0.54%, 0, 0, 11, 1666.45
1775294295, 2610, 354, 435, 0, 0, 0.54%, 0, 0, 11, 1476.14
1775294300, 2611, 61, 435, 0, 0, 0.54%, 0, 0, 11, 1526.08
1775294306, 2611, 88, 435, 0, 0, 0.54%, 0, 0, 11, 1617.45
1775294311, 2611, 190, 435, 0, 0, 0.54%, 0, 0, 11, 1534.27
1775294316, 2611, 282, 435, 0, 0, 0.54%, 0, 0, 11, 1540.53
1775294321, 2611, 358, 435, 0, 0, 0.54%, 0, 0, 11, 1478.28
1775294326, 2611, 428, 435, 0, 0, 0.54%, 0, 0, 11, 1300.40
1775294331, 2612, 79, 435, 0, 0, 0.54%, 0, 0, 11, 1467.76
1775294336, 2612, 105, 435, 0, 0, 0.54%, 0, 0, 11, 1428.44
1775294341, 2612, 221, 435, 0, 0, 0.54%, 0, 0, 11, 1362.53
1775294346, 2612, 325, 435, 0, 0, 0.54%, 0, 0, 11, 1504.53
1775294351, 2612, 373, 435, 0, 0, 0.54%, 0, 0, 11, 1426.85
1775294357, 2613, 49, 435, 0, 0, 0.54%, 0, 0, 11, 1424.61
1775294362, 2613, 87, 435, 0, 0, 0.54%, 0, 0, 11, 1461.45
1775294367, 2613, 147, 435, 0, 0, 0.54%, 0, 0, 11, 1484.90
1775294372, 2613, 217, 435, 0, 0, 0.54%, 0, 0, 11, 1518.12
1775294377, 2613, 325, 435, 0, 0, 0.54%, 0, 0, 11, 1448.82
1775294382, 2613, 385, 435, 0, 0, 0.54%, 0, 0, 11, 1459.51
1775294387, 2614, 80, 435, 0, 0, 0.54%, 0, 0, 11, 1526.39
1775294392, 2614, 170, 435, 0, 0, 0.54%, 0, 0, 11, 1456.65
1775294397, 2614, 219, 435, 0, 0, 0.54%, 0, 0, 11, 1438.91
1775294402, 2614, 354, 435, 0, 0, 0.54%, 0, 0, 11, 1463.98
1775294407, 2614, 407, 435, 0, 0, 0.54%, 0, 0, 11, 1229.87
1775294412, 2615, 3, 435, 0, 0, 0.54%, 0, 0, 11, 1344.98
1775294417, 2615, 72, 435, 0, 0, 0.54%, 0, 0, 11, 1560.59
1775294422, 2615, 91, 435, 0, 0, 0.54%, 0, 0, 11, 1529.35
1775294427, 2615, 145, 435, 0, 0, 0.54%, 0, 0, 11, 1475.72
1775294433, 2615, 200, 435, 0, 0, 0.54%, 0, 0, 11, 1520.93
1775294438, 2615, 349, 435, 0, 0, 0.54%, 0, 0, 11, 1527.10
1775294443, 2615, 421, 435, 0, 0, 0.54%, 0, 0, 11, 1298.97
1775294448, 2616, 69, 435, 0, 0, 0.54%, 0, 0, 11, 1558.81
1775294453, 2616, 111, 435, 0, 0, 0.54%, 0, 0, 11, 1585.95
1775294458, 2616, 196, 435, 0, 0, 0.54%, 0, 0, 11, 1462.46
1775294463, 2616, 231, 435, 0, 0, 0.54%, 0, 0, 11, 1427.17
1775294468, 2616, 304, 435, 0, 0, 0.54%, 0, 0, 11, 1447.15
1775294473, 2616, 372, 435, 0, 0, 0.54%, 0, 0, 11, 1416.05
1775294478, 2616, 418, 435, 0, 0, 0.54%, 0, 0, 11, 1025.53
1775294483, 2617, 63, 435, 0, 0, 0.54%, 0, 0, 11, 1454.43
1775294488, 2617, 109, 435, 0, 0, 0.54%, 0, 0, 11, 1528.34
1775294494, 2617, 184, 435, 0, 0, 0.54%, 0, 0, 11, 1518.55
1775294499, 2617, 218, 435, 0, 0, 0.54%, 0, 0, 11, 1465.91
1775294504, 2617, 312, 435, 0, 0, 0.54%, 0, 0, 11, 1434.71
1775294509, 2617, 373, 435, 0, 0, 0.54%, 0, 0, 11, 1417.27
1775294514, 2618, 16, 435, 0, 0, 0.54%, 0, 0, 11, 1261.93
1775294519, 2618, 79, 435, 0, 0, 0.54%, 0, 0, 11, 1448.97
1775294524, 2618, 111, 435, 0, 0, 0.54%, 0, 0, 11, 1326.13
1775294529, 2618, 170, 435, 0, 0, 0.54%, 0, 0, 11, 1476.35
1775294534, 2618, 234, 435, 0, 0, 0.54%, 0, 0, 11, 1520.17
1775294539, 2618, 293, 435, 0, 0, 0.54%, 0, 0, 11, 1413.97
1775294544, 2618, 349, 435, 0, 0, 0.54%, 0, 0, 11, 1476.15
1775294549, 2618, 385, 435, 0, 0, 0.54%, 0, 0, 11, 1329.98
1775294554, 2619, 56, 435, 0, 0, 0.54%, 0, 0, 11, 1452.80
1775294560, 2619, 86, 435, 0, 0, 0.54%, 0, 0, 11, 1490.21
1775294565, 2619, 111, 435, 0, 0, 0.54%, 0, 0, 11, 1500.58
1775294570, 2619, 271, 435, 0, 0, 0.54%, 0, 0, 11, 1388.01
1775294575, 2619, 364, 435, 0, 0, 0.54%, 0, 0, 11, 1350.54
1775294580, 2619, 429, 435, 0, 0, 0.54%, 0, 0, 11, 1291.34
1775294585, 2620, 63, 435, 0, 0, 0.54%, 0, 0, 11, 1429.03
1775294590, 2620, 104, 435, 0, 0, 0.54%, 0, 0, 11, 1518.00
1775294595, 2620, 147, 435, 0, 0, 0.54%, 0, 0, 11, 1440.51
1775294600, 2620, 268, 435, 0, 0, 0.54%, 0, 0, 11, 1524.11
1775294605, 2620, 357, 435, 0, 0, 0.54%, 0, 0, 11, 1417.37
1775294611, 2621, 48, 435, 0, 0, 0.54%, 0, 0, 11, 1265.24
1775294616, 2621, 87, 435, 0, 0, 0.54%, 0, 0, 11, 1413.11
1775294621, 2621, 147, 435, 0, 0, 0.54%, 0, 0, 11, 1524.44
1775294626, 2621, 196, 435, 0, 0, 0.54%, 0, 0, 11, 1385.39
1775294631, 2621, 345, 435, 0, 0, 0.54%, 0, 0, 11, 1511.52
1775294636, 2621, 403, 435, 0, 0, 0.54%, 0, 0, 11, 1313.17
1775294641, 2622, 79, 435, 0, 0, 0.54%, 0, 0, 11, 1362.77
1775294646, 2622, 111, 435, 0, 0, 0.54%, 0, 0, 11, 1373.01
1775294651, 2622, 191, 435, 0, 0, 0.54%, 0, 0, 11, 272.37
1775294656, 2622, 325, 435, 0, 0, 0.54%, 0, 0, 11, 1489.71
1775294661, 2622, 385, 435, 0, 0, 0.54%, 0, 0, 11, 1440.60
1775294667, 2623, 63, 435, 0, 0, 0.54%, 0, 0, 11, 1490.63
1775294672, 2623, 91, 435, 0, 0, 0.54%, 0, 0, 11, 1502.70
1775294677, 2623, 186, 435, 0, 0, 0.54%, 0, 0, 11, 1493.39
1775294682, 2623, 298, 435, 0, 0, 0.54%, 0, 0, 11, 1495.06
1775294687, 2623, 357, 435, 0, 0, 0.54%, 0, 0, 11, 1360.62
1775294692, 2624, 17, 435, 0, 0, 0.54%, 0, 0, 11, 1420.34
1775294697, 2624, 70, 435, 0, 0, 0.54%, 0, 0, 11, 1622.80
1775294703, 2624, 111, 435, 0, 0, 0.54%, 0, 0, 11, 1542.61
1775294708, 2624, 234, 435, 0, 0, 0.54%, 0, 0, 11, 1465.11
1775294713, 2624, 333, 435, 0, 0, 0.54%, 0, 0, 11, 1402.82
1775294718, 2624, 398, 435, 0, 0, 0.54%, 0, 0, 11, 1294.56
1775294723, 2625, 79, 435, 0, 0, 0.54%, 0, 0, 11, 1424.18
1775294728, 2625, 105, 435, 0, 0, 0.54%, 0, 0, 11, 1529.66
1775294733, 2625, 166, 435, 0, 0, 0.54%, 0, 0, 11, 679.74
1775294738, 2625, 290, 435, 0, 0, 0.54%, 0, 0, 11, 1269.81
1775294743, 2625, 354, 435, 0, 0, 0.54%, 0, 0, 11, 1463.58
1775294748, 2626, 5, 435, 0, 0, 0.54%, 0, 0, 11, 679.52
1775294754, 2626, 86, 435, 0, 0, 0.54%, 0, 0, 11, 1347.03
1775294759, 2626, 119, 435, 0, 0, 0.54%, 0, 0, 11, 1405.83
1775294764, 2626, 196, 435, 0, 0, 0.54%, 0, 0, 11, 1482.22
1775294769, 2626, 282, 435, 0, 0, 0.54%, 0, 0, 11, 1436.02
1775294774, 2626, 325, 435, 0, 0, 0.54%, 0, 0, 11, 1401.32
1775294779, 2626, 385, 435, 0, 0, 0.54%, 0, 0, 11, 281.69
1775294784, 2627, 75, 435, 0, 0, 0.54%, 0, 0, 11, 1206.80
1775294789, 2627, 100, 435, 0, 0, 0.54%, 0, 0, 11, 1413.89
1775294794, 2627, 196, 435, 0, 0, 0.54%, 0, 0, 11, 1518.99
1775294799, 2627, 292, 435, 0, 0, 0.54%, 0, 0, 11, 1479.11
1775294805, 2627, 349, 435, 0, 0, 0.54%, 0, 0, 11, 1462.19
1775294810, 2627, 373, 435, 0, 0, 0.54%, 0, 0, 11, 1317.28
1775294815, 2628, 46, 435, 0, 0, 0.54%, 0, 0, 11, 1428.90
1775294820, 2628, 80, 435, 0, 0, 0.54%, 0, 0, 11, 1519.05
1775294825, 2628, 112, 435, 0, 0, 0.54%, 0, 0, 11, 1380.56
1775294830, 2628, 157, 435, 0, 0, 0.54%, 0, 0, 11, 1471.56
1775294835, 2628, 230, 435, 0, 0, 0.54%, 0, 0, 11, 1489.18
1775294840, 2628, 258, 435, 0, 0, 0.54%, 0, 0, 11, 1436.28
1775294845, 2628, 385, 435, 0, 0, 0.54%, 0, 0, 11, 1447.86
1775294850, 2629, 62, 435, 0, 0, 0.54%, 0, 0, 11, 1410.95
1775294855, 2629, 80, 435, 0, 0, 0.54%, 0, 0, 11, 1553.52
1775294860, 2629, 175, 435, 0, 0, 0.54%, 0, 0, 11, 1588.45
1775294866, 2629, 275, 435, 0, 0, 0.54%, 0, 0, 11, 1474.52
1775294871, 2629, 354, 435, 0, 0, 0.54%, 0, 0, 11, 1356.02
1775294876, 2629, 402, 435, 0, 0, 0.54%, 0, 0, 11, 1139.48
1775294881, 2630, 63, 435, 0, 0, 0.54%, 0, 0, 11, 1432.22
1775294886, 2630, 102, 435, 0, 0, 0.54%, 0, 0, 11, 1542.42
1775294891, 2630, 174, 435, 0, 0, 0.54%, 0, 0, 11, 1418.12
1775294896, 2630, 290, 435, 0, 0, 0.54%, 0, 0, 11, 1481.51
1775294901, 2630, 299, 435, 0, 0, 0.54%, 0, 0, 11, 1519.74
1775294906, 2630, 349, 435, 0, 0, 0.54%, 0, 0, 11, 1164.27
1775294912, 2631, 38, 435, 0, 0, 0.54%, 0, 0, 11, 1424.21
1775294917, 2631, 91, 435, 0, 0, 0.54%, 0, 0, 11, 1524.36
1775294922, 2631, 146, 435, 0, 0, 0.54%, 0, 0, 11, 1439.84
1775294927, 2631, 200, 435, 0, 0, 0.54%, 0, 0, 11, 1460.63
1775294932, 2631, 319, 435, 0, 0, 0.54%, 0, 0, 11, 1508.59
1775294937, 2631, 385, 435, 0, 0, 0.54%, 0, 0, 11, 1461.10
1775294942, 2632, 36, 435, 0, 0, 0.54%, 0, 0, 11, 1405.76
1775294947, 2632, 80, 435, 0, 0, 0.54%, 0, 0, 11, 1435.57
1775294952, 2632, 118, 435, 0, 0, 0.54%, 0, 0, 11, 1380.70
1775294957, 2632, 196, 435, 0, 0, 0.54%, 0, 0, 11, 1499.71
1775294962, 2632, 267, 435, 0, 0, 0.54%, 0, 0, 11, 1436.61
1775294968, 2632, 385, 435, 0, 0, 0.54%, 0, 0, 11, 1341.10
1775294973, 2633, 63, 435, 0, 0, 0.54%, 0, 0, 11, 1432.24
1775294978, 2633, 100, 435, 0, 0, 0.54%, 0, 0, 11, 1503.15
1775294983, 2633, 148, 435, 0, 0, 0.54%, 0, 0, 11, 1422.59
1775294988, 2633, 251, 435, 0, 0, 0.54%, 0, 0, 11, 1426.42
1775294993, 2633, 357, 435, 0, 0, 0.54%, 0, 0, 11, 1384.49
1775294998, 2634, 63, 435, 0, 0, 0.54%, 0, 0, 11, 1406.30
1775295003, 2634, 92, 435, 0, 0, 0.54%, 0, 0, 11, 1495.31
1775295008, 2634, 199, 435, 0, 0, 0.54%, 0, 0, 11, 1479.05
1775295013, 2634, 302, 435, 0, 0, 0.54%, 0, 0, 11, 1375.43
1775295018, 2634, 378, 435, 0, 0, 0.54%, 0, 0, 11, 1412.83
1775295023, 2635, 37, 435, 0, 0, 0.54%, 0, 0, 11, 1502.26
1775295028, 2635, 75, 435, 0, 0, 0.54%, 0, 0, 11, 1533.23
1775295034, 2635, 100, 435, 0, 0, 0.54%, 0, 0, 11, 1369.88
1775295039, 2635, 147, 435, 0, 0, 0.54%, 0, 0, 11, 1380.47
1775295044, 2635, 300, 435, 0, 0, 0.54%, 0, 0, 11, 1464.75
1775295049, 2635, 364, 435, 0, 0, 0.54%, 0, 0, 11, 1286.07
1775295054, 2636, 8, 435, 0, 0, 0.54%, 0, 0, 11, 1276.94
1775295059, 2636, 79, 435, 0, 0, 0.54%, 0, 0, 11, 1532.70
1775295064, 2636, 111, 435, 0, 0, 0.54%, 0, 0, 11, 1570.21
1775295069, 2636, 196, 435, 0, 0, 0.54%, 0, 0, 11, 1467.84
1775295074, 2636, 346, 435, 0, 0, 0.54%, 0, 0, 11, 1347.68
1775295079, 2636, 385, 435, 0, 0, 0.54%, 0, 0, 11, 1414.07
1775295085, 2637, 86, 435, 0, 0, 0.54%, 0, 0, 11, 1509.28
1775295090, 2637, 196, 435, 0, 0, 0.54%, 0, 0, 11, 1564.37
1775295095, 2637, 325, 435, 0, 0, 0.54%, 0, 0, 11, 1425.54
1775295100, 2637, 385, 435, 0, 0, 0.54%, 0, 0, 11, 1391.86
1775295105, 2638, 22, 435, 0, 0, 0.54%, 0, 0, 11, 1392.44
1775295110, 2638, 79, 435, 0, 0, 0.54%, 0, 0, 11, 1505.30
1775295115, 2638, 100, 435, 0, 0, 0.54%, 0, 0, 11, 1408.34
1775295120, 2638, 196, 435, 0, 0, 0.54%, 0, 0, 11, 1421.15
1775295125, 2638, 325, 435, 0, 0, 0.54%, 0, 0, 11, 1461.70
1775295130, 2638, 395, 435, 0, 0, 0.54%, 0, 0, 11, 1378.96
1775295135, 2639, 80, 435, 0, 0, 0.54%, 0, 0, 11, 1525.21
1775295141, 2639, 130, 435, 0, 0, 0.54%, 0, 0, 11, 1437.71
1775295146, 2639, 172, 435, 0, 0, 0.54%, 0, 0, 11, 1472.64
1775295151, 2639, 325, 435, 0, 0, 0.54%, 0, 0, 11, 1541.96
1775295156, 2639, 363, 435, 0, 0, 0.54%, 0, 0, 11, 1418.21
1775295161, 2640, 30, 435, 0, 0, 0.54%, 0, 0, 11, 1268.09
1775295166, 2640, 86, 435, 0, 0, 0.54%, 0, 0, 11, 1400.16
1775295171, 2640, 125, 435, 0, 0, 0.54%, 0, 0, 11, 1460.23
1775295176, 2640, 185, 435, 0, 0, 0.54%, 0, 0, 11, 1448.80
1775295181, 2640, 274, 435, 0, 0, 0.54%, 0, 0, 11, 1572.75
1775295187, 2640, 349, 435, 0, 0, 0.54%, 0, 0, 11, 1482.54
1775295192, 2640, 403, 435, 0, 0, 0.54%, 0, 0, 11, 1225.74
1775295197, 2641, 80, 435, 0, 0, 0.54%, 0, 0, 11, 1516.76
1775295202, 2641, 106, 435, 0, 0, 0.54%, 0, 0, 11, 1521.11
1775295207, 2641, 161, 435, 0, 0, 0.54%, 0, 0, 11, 1374.45
1775295212, 2641, 260, 435, 0, 0, 0.54%, 0, 0, 11, 1395.03
1775295217, 2641, 325, 435, 0, 0, 0.54%, 0, 0, 11, 1409.70
1775295222, 2641, 385, 435, 0, 0, 0.54%, 0, 0, 11, 1340.83
1775295227, 2642, 79, 435, 0, 0, 0.54%, 0, 0, 11, 1463.26
1775295232, 2642, 111, 435, 0, 0, 0.54%, 0, 0, 11, 1484.04
1775295237, 2642, 196, 435, 0, 0, 0.54%, 0, 0, 11, 1489.87
1775295242, 2642, 297, 435, 0, 0, 0.54%, 0, 0, 11, 1506.41
1775295248, 2642, 354, 435, 0, 0, 0.54%, 0, 0, 11, 1381.68
1775295253, 2643, 15, 435, 0, 0, 0.54%, 0, 0, 11, 1142.77
1775295258, 2643, 80, 435, 0, 0, 0.54%, 0, 0, 11, 1438.34
1775295263, 2643, 120, 435, 0, 0, 0.54%, 0, 0, 11, 1579.10
1775295268, 2643, 196, 435, 0, 0, 0.54%, 0, 0, 11, 1483.63
1775295273, 2643, 270, 435, 0, 0, 0.54%, 0, 0, 11, 1367.07
1775295278, 2643, 325, 435, 0, 0, 0.54%, 0, 0, 11, 1422.13
1775295283, 2643, 378, 435, 0, 0, 0.54%, 0, 0, 11, 1413.95
1775295288, 2644, 59, 435, 0, 0, 0.54%, 0, 0, 11, 1514.12
1775295293, 2644, 85, 435, 0, 0, 0.54%, 0, 0, 11, 1542.96
1775295299, 2644, 168, 435, 0, 0, 0.54%, 0, 0, 11, 1491.27
1775295304, 2644, 242, 435, 0, 0, 0.54%, 0, 0, 11, 1471.79
1775295309, 2644, 325, 435, 0, 0, 0.54%, 0, 0, 11, 1420.28
1775295314, 2644, 372, 435, 0, 0, 0.54%, 0, 0, 11, 1378.00
1775295319, 2645, 34, 435, 0, 0, 0.54%, 0, 0, 11, 1036.68
1775295324, 2645, 86, 435, 0, 0, 0.54%, 0, 0, 11, 1417.04
1775295329, 2645, 165, 435, 0, 0, 0.54%, 0, 0, 11, 1427.87
1775295334, 2645, 349, 435, 0, 0, 0.54%, 0, 0, 11, 1418.66
1775295339, 2646, 3, 435, 0, 0, 0.54%, 0, 0, 11, 1315.83
1775295344, 2646, 49, 435, 0, 0, 0.54%, 0, 0, 11, 1430.33
1775295349, 2646, 87, 435, 0, 0, 0.54%, 0, 0, 11, 1504.81
1775295354, 2646, 142, 435, 0, 0, 0.54%, 0, 0, 11, 1407.20
1775295360, 2646, 224, 435, 0, 0, 0.54%, 0, 0, 11, 1343.69
1775295365, 2646, 354, 435, 0, 0, 0.54%, 0, 0, 11, 1372.24
1775295370, 2647, 37, 435, 0, 0, 0.54%, 0, 0, 11, 1218.64
1775295375, 2647, 88, 435, 0, 0, 0.54%, 0, 0, 11, 1514.01
1775295380, 2647, 138, 435, 0, 0, 0.54%, 0, 0, 11, 1424.10
1775295385, 2647, 223, 435, 0, 0, 0.54%, 0, 0, 11, 1456.26
1775295390, 2647, 310, 435, 0, 0, 0.54%, 0, 0, 11, 1466.83
1775295395, 2647, 358, 435, 0, 0, 0.54%, 0, 0, 11, 1526.95
1775295401, 2648, 63, 435, 0, 0, 0.54%, 0, 0, 11, 1451.40
1775295406, 2648, 91, 435, 0, 0, 0.54%, 0, 0, 11, 1446.31
1775295411, 2648, 196, 435, 0, 0, 0.54%, 0, 0, 11, 1521.04
1775295416, 2648, 267, 435, 0, 0, 0.54%, 0, 0, 11, 1399.92
1775295421, 2648, 354, 435, 0, 0, 0.54%, 0, 0, 11, 1486.40
1775295426, 2648, 433, 435, 0, 0, 0.54%, 0, 0, 11, 1383.53
1775295431, 2649, 71, 435, 0, 0, 0.54%, 0, 0, 11, 1509.03
1775295437, 2649, 111, 435, 0, 0, 0.54%, 0, 0, 11, 1618.94
1775295442, 2649, 201, 435, 0, 0, 0.54%, 0, 0, 11, 1460.92
1775295447, 2649, 289, 435, 0, 0, 0.54%, 0, 0, 11, 1524.55
1775295452, 2649, 357, 435, 0, 0, 0.54%, 0, 0, 11, 1327.16
1775295457, 2649, 433, 435, 0, 0, 0.54%, 0, 0, 11, 1345.22
1775295462, 2650, 29, 435, 0, 0, 0.54%, 0, 0, 11, 1491.69
1775295467, 2650, 91, 435, 0, 0, 0.54%, 0, 0, 11, 1534.71
1775295472, 2650, 147, 435, 0, 0, 0.54%, 0, 0, 11, 1523.27
1775295477, 2650, 192, 435, 0, 0, 0.54%, 0, 0, 11, 1378.32
1775295482, 2650, 313, 435, 0, 0, 0.54%, 0, 0, 11, 1414.80
1775295487, 2650, 385, 435, 0, 0, 0.54%, 0, 0, 11, 1460.81
1775295492, 2651, 52, 435, 0, 0, 0.54%, 0, 0, 11, 1426.24
1775295497, 2651, 86, 435, 0, 0, 0.54%, 0, 0, 11, 1553.85
1775295502, 2651, 165, 435, 0, 0, 0.54%, 0, 0, 11, 1566.23
1775295507, 2651, 269, 435, 0, 0, 0.54%, 0, 0, 11, 1587.51
1775295512, 2651, 385, 435, 0, 0, 0.54%, 0, 0, 11, 1313.04
1775295518, 2652, 80, 435, 0, 0, 0.54%, 0, 0, 11, 1464.36
1775295523, 2652, 106, 435, 0, 0, 0.54%, 0, 0, 11, 1474.52
1775295528, 2652, 147, 435, 0, 0, 0.54%, 0, 0, 11, 1410.49
1775295533, 2652, 286, 435, 0, 0, 0.54%, 0, 0, 11, 1478.04
1775295538, 2652, 354, 435, 0, 0, 0.54%, 0, 0, 11, 1385.63
1775295543, 2652, 418, 435, 0, 0, 0.54%, 0, 0, 11, 1123.07
1775295548, 2653, 64, 435, 0, 0, 0.54%, 0, 0, 11, 1386.36
1775295553, 2653, 93, 435, 0, 0, 0.54%, 0, 0, 11, 1478.23
1775295558, 2653, 138, 435, 0, 0, 0.54%, 0, 0, 11, 1387.27
1775295564, 2653, 241, 435, 0, 0, 0.54%, 0, 0, 11, 1503.75
1775295569, 2653, 349, 435, 0, 0, 0.54%, 0, 0, 11, 1422.03
1775295574, 2653, 392, 435, 0, 0, 0.54%, 0, 0, 11, 1340.29
1775295579, 2654, 56, 435, 0, 0, 0.54%, 0, 0, 11, 1453.39
1775295584, 2654, 86, 435, 0, 0, 0.54%, 0, 0, 11, 1479.03
1775295589, 2654, 118, 435, 0, 0, 0.54%, 0, 0, 11, 1403.21
1775295594, 2654, 145, 435, 0, 0, 0.54%, 0, 0, 11, 1384.55
1775295599, 2654, 312, 435, 0, 0, 0.54%, 0, 0, 11, 1549.85
1775295604, 2654, 371, 435, 0, 0, 0.54%, 0, 0, 11, 1394.65
1775295609, 2655, 63, 435, 0, 0, 0.54%, 0, 0, 11, 1474.65
1775295615, 2655, 82, 435, 0, 0, 0.54%, 0, 0, 11, 1470.72
1775295620, 2655, 137, 435, 0, 0, 0.54%, 0, 0, 11, 1525.11
1775295625, 2655, 196, 435, 0, 0, 0.54%, 0, 0, 11, 1498.35
1775295630, 2655, 299, 435, 0, 0, 0.54%, 0, 0, 11, 1398.12
1775295635, 2655, 325, 435, 0, 0, 0.54%, 0, 0, 11, 1310.78
1775295640, 2655, 385, 435, 0, 0, 0.54%, 0, 0, 11, 1234.88
1775295645, 2656, 55, 435, 0, 0, 0.54%, 0, 0, 11, 1308.55
1775295650, 2656, 87, 435, 0, 0, 0.54%, 0, 0, 11, 1578.30
1775295656, 2656, 169, 435, 0, 0, 0.54%, 0, 0, 11, 1441.48
1775295661, 2656, 303, 435, 0, 0, 0.54%, 0, 0, 11, 1355.89
1775295666, 2656, 357, 435, 0, 0, 0.54%, 0, 0, 11, 1339.61
1775295671, 2656, 429, 435, 0, 0, 0.54%, 0, 0, 11, 1470.03
1775295676, 2657, 80, 435, 0, 0, 0.54%, 0, 0, 11, 1536.69
1775295681, 2657, 147, 435, 0, 0, 0.54%, 0, 0, 11, 1510.43
1775295686, 2657, 196, 435, 0, 0, 0.54%, 0, 0, 11, 1469.90
1775295691, 2657, 278, 435, 0, 0, 0.54%, 0, 0, 11, 1436.34
1775295696, 2657, 371, 435, 0, 0, 0.54%, 0, 0, 11, 1391.35
1775295701, 2657, 402, 435, 0, 0, 0.54%, 0, 0, 11, 1048.53
1775295706, 2658, 58, 435, 0, 0, 0.54%, 0, 0, 11, 1458.28
1775295711, 2658, 91, 435, 0, 0, 0.54%, 0, 0, 11, 1531.01
1775295716, 2658, 143, 435, 0, 0, 0.54%, 0, 0, 11, 1437.37
1775295722, 2658, 218, 435, 0, 0, 0.54%, 0, 0, 11, 1533.89
1775295727, 2658, 306, 435, 0, 0, 0.54%, 0, 0, 11, 1372.42
1775295732, 2658, 357, 435, 0, 0, 0.54%, 0, 0, 11, 1342.88
1775295737, 2659, 0, 435, 0, 0, 0.54%, 0, 0, 11, 1312.63
1775295742, 2659, 79, 435, 0, 0, 0.54%, 0, 0, 11, 1544.23
1775295747, 2659, 100, 435, 0, 0, 0.54%, 0, 0, 11, 1502.87
1775295752, 2659, 155, 435, 0, 0, 0.54%, 0, 0, 11, 1452.62
1775295757, 2659, 206, 435, 0, 0, 0.54%, 0, 0, 11, 1486.41
1775295762, 2659, 277, 435, 0, 0, 0.54%, 0, 0, 11, 1316.80
1775295767, 2659, 357, 435, 0, 0, 0.54%, 0, 0, 11, 1408.03
1775295772, 2660, 36, 435, 0, 0, 0.54%, 0, 0, 11, 1377.19
1775295777, 2660, 86, 435, 0, 0, 0.54%, 0, 0, 11, 1498.42
1775295782, 2660, 196, 435, 0, 0, 0.54%, 0, 0, 11, 1537.08
1775295787, 2660, 312, 435, 0, 0, 0.54%, 0, 0, 11, 1568.79
1775295793, 2660, 370, 435, 0, 0, 0.54%, 0, 0, 11, 1460.56
1775295798, 2661, 4, 435, 0, 0, 0.54%, 0, 0, 11, 1260.85
1775295803, 2661, 86, 435, 0, 0, 0.54%, 0, 0, 11, 1398.07
1775295808, 2661, 111, 435, 0, 0, 0.54%, 0, 0, 11, 1550.51
1775295813, 2661, 202, 435, 0, 0, 0.54%, 0, 0, 11, 1594.25
1775295818, 2661, 306, 435, 0, 0, 0.54%, 0, 0, 11, 1546.15
1775295823, 2661, 371, 435, 0, 0, 0.54%, 0, 0, 11, 1309.54
1775295828, 2662, 60, 435, 0, 0, 0.54%, 0, 0, 11, 1393.79
1775295833, 2662, 100, 435, 0, 0, 0.54%, 0, 0, 11, 1665.89
1775295839, 2662, 147, 435, 0, 0, 0.54%, 0, 0, 11, 1404.97
1775295844, 2662, 274, 435, 0, 0, 0.54%, 0, 0, 11, 1389.71
1775295849, 2662, 325, 435, 0, 0, 0.54%, 0, 0, 11, 1531.29
1775295854, 2662, 385, 435, 0, 0, 0.54%, 0, 0, 11, 1462.86
1775295859, 2663, 79, 435, 0, 0, 0.54%, 0, 0, 11, 1543.43
1775295864, 2663, 111, 435, 0, 0, 0.54%, 0, 0, 11, 1503.50
1775295869, 2663, 176, 435, 0, 0, 0.54%, 0, 0, 11, 1469.84
1775295874, 2663, 323, 435, 0, 0, 0.54%, 0, 0, 11, 1418.03
1775295879, 2663, 373, 435, 0, 0, 0.54%, 0, 0, 11, 1435.04
1775295885, 2663, 422, 435, 0, 0, 0.54%, 0, 0, 11, 1080.16
1775295890, 2664, 63, 435, 0, 0, 0.54%, 0, 0, 11, 1463.67
1775295895, 2664, 91, 435, 0, 0, 0.54%, 0, 0, 11, 1548.71
1775295900, 2664, 139, 435, 0, 0, 0.54%, 0, 0, 11, 1410.90
1775295905, 2664, 246, 435, 0, 0, 0.54%, 0, 0, 11, 1348.02
1775295910, 2664, 354, 435, 0, 0, 0.54%, 0, 0, 11, 1410.65
1775295915, 2665, 44, 435, 0, 0, 0.54%, 0, 0, 11, 1406.77
1775295920, 2665, 80, 435, 0, 0, 0.54%, 0, 0, 11, 1312.25
1775295926, 2665, 147, 435, 0, 0, 0.54%, 0, 0, 11, 1486.71
1775295931, 2665, 195, 435, 0, 0, 0.54%, 0, 0, 11, 1531.10
1775295936, 2665, 325, 435, 0, 0, 0.54%, 0, 0, 11, 1417.20
1775295941, 2665, 382, 435, 0, 0, 0.54%, 0, 0, 11, 1412.70
1775295946, 2666, 39, 435, 0, 0, 0.54%, 0, 0, 11, 1408.01
1775295951, 2666, 84, 435, 0, 0, 0.54%, 0, 0, 11, 1465.46
1775295956, 2666, 175, 435, 0, 0, 0.54%, 0, 0, 11, 1527.93
1775295961, 2666, 240, 435, 0, 0, 0.54%, 0, 0, 11, 1500.27
1775295966, 2666, 349, 435, 0, 0, 0.54%, 0, 0, 11, 1453.62
1775295971, 2667, 0, 435, 0, 0, 0.54%, 0, 0, 11, 1345.15
1775295977, 2667, 63, 435, 0, 0, 0.54%, 0, 0, 11, 1498.17
1775295982, 2667, 111, 435, 0, 0, 0.54%, 0, 0, 11, 1587.53
1775295987, 2667, 180, 435, 0, 0, 0.54%, 0, 0, 11, 1447.97
1775295992, 2667, 295, 435, 0, 0, 0.54%, 0, 0, 11, 1509.79
1775295997, 2667, 371, 435, 0, 0, 0.54%, 0, 0, 11, 1390.27
1775296002, 2668, 79, 435, 0, 0, 0.54%, 0, 0, 11, 1530.06
1775296007, 2668, 107, 435, 0, 0, 0.54%, 0, 0, 11, 1593.87
1775296012, 2668, 214, 435, 0, 0, 0.54%, 0, 0, 11, 1576.67
1775296017, 2668, 290, 435, 0, 0, 0.54%, 0, 0, 11, 1489.92
1775296022, 2668, 354, 435, 0, 0, 0.54%, 0, 0, 11, 1483.98
1775296027, 2668, 418, 435, 0, 0, 0.54%, 0, 0, 11, 1268.46
1775296032, 2669, 61, 435, 0, 0, 0.54%, 0, 0, 11, 1389.89
1775296037, 2669, 91, 435, 0, 0, 0.54%, 0, 0, 11, 1484.28
1775296042, 2669, 147, 435, 0, 0, 0.54%, 0, 0, 11, 1528.48
1775296047, 2669, 172, 435, 0, 0, 0.54%, 0, 0, 11, 1227.08
1775296053, 2669, 259, 435, 0, 0, 0.54%, 0, 0, 11, 1479.35
1775296058, 2669, 354, 435, 0, 0, 0.54%, 0, 0, 11, 1423.04
1775296063, 2669, 416, 435, 0, 0, 0.54%, 0, 0, 11, 1416.80
1775296068, 2670, 36, 435, 0, 0, 0.54%, 0, 0, 11, 1416.44
1775296073, 2670, 82, 435, 0, 0, 0.54%, 0, 0, 11, 1495.29
1775296078, 2670, 118, 435, 0, 0, 0.54%, 0, 0, 11, 1542.97
1775296083, 2670, 250, 435, 0, 0, 0.54%, 0, 0, 11, 1558.72
1775296088, 2670, 371, 435, 0, 0, 0.54%, 0, 0, 11, 1502.37
1775296093, 2671, 63, 435, 0, 0, 0.54%, 0, 0, 11, 1455.63
1775296098, 2671, 91, 435, 0, 0, 0.54%, 0, 0, 11, 1401.89
1775296104, 2671, 125, 435, 0, 0, 0.54%, 0, 0, 11, 1569.32
1775296109, 2671, 162, 435, 0, 0, 0.54%, 0, 0, 11, 1598.82
1775296114, 2671, 325, 435, 0, 0, 0.54%, 0, 0, 11, 1551.97
1775296119, 2671, 383, 435, 0, 0, 0.54%, 0, 0, 11, 1411.68
1775296124, 2672, 38, 435, 0, 0, 0.54%, 0, 0, 11, 1237.97
1775296129, 2672, 86, 435, 0, 0, 0.54%, 0, 0, 11, 1484.72
1775296134, 2672, 128, 435, 0, 0, 0.54%, 0, 0, 11, 1478.65
1775296139, 2672, 196, 435, 0, 0, 0.54%, 0, 0, 11, 1563.91
1775296144, 2672, 325, 435, 0, 0, 0.54%, 0, 0, 11, 1458.14
1775296149, 2672, 385, 435, 0, 0, 0.54%, 0, 0, 11, 1299.39
1775296154, 2673, 63, 435, 0, 0, 0.54%, 0, 0, 11, 1350.62
1775296160, 2673, 91, 435, 0, 0, 0.54%, 0, 0, 11, 1465.49
1775296165, 2673, 140, 435, 0, 0, 0.54%, 0, 0, 11, 1580.17
1775296170, 2673, 202, 435, 0, 0, 0.54%, 0, 0, 11, 1549.31
1775296175, 2673, 292, 435, 0, 0, 0.54%, 0, 0, 11, 1529.11
1775296180, 2673, 357, 435, 0, 0, 0.54%, 0, 0, 11, 1402.49
1775296185, 2673, 429, 435, 0, 0, 0.54%, 0, 0, 11, 1427.59
1775296190, 2674, 72, 435, 0, 0, 0.54%, 0, 0, 11, 1600.49
1775296195, 2674, 93, 435, 0, 0, 0.54%, 0, 0, 11, 1576.92
1775296201, 2674, 145, 435, 0, 0, 0.54%, 0, 0, 11, 1436.67
1775296206, 2674, 207, 435, 0, 0, 0.54%, 0, 0, 11, 1533.95
1775296211, 2674, 330, 435, 0, 0, 0.54%, 0, 0, 11, 1393.71
1775296216, 2674, 385, 435, 0, 0, 0.54%, 0, 0, 11, 1364.10
1775296221, 2675, 44, 435, 0, 0, 0.54%, 0, 0, 11, 1407.20
1775296226, 2675, 84, 435, 0, 0, 0.54%, 0, 0, 11, 1502.02
1775296231, 2675, 114, 435, 0, 0, 0.54%, 0, 0, 11, 1555.61
1775296236, 2675, 192, 435, 0, 0, 0.54%, 0, 0, 11, 1518.91
1775296241, 2675, 371, 435, 0, 0, 0.54%, 0, 0, 11, 1502.61
1775296246, 2676, 24, 435, 0, 0, 0.54%, 0, 0, 11, 1320.03
1775296251, 2676, 63, 435, 0, 0, 0.54%, 0, 0, 11, 1445.55
1775296256, 2676, 80, 435, 0, 0, 0.54%, 0, 0, 11, 1520.34
1775296261, 2676, 134, 435, 0, 0, 0.54%, 0, 0, 11, 1403.75
1775296267, 2676, 199, 435, 0, 0, 0.54%, 0, 0, 11, 1477.61
1775296272, 2676, 349, 435, 0, 0, 0.54%, 0, 0, 11, 1530.14
1775296277, 2676, 385, 435, 0, 0, 0.54%, 0, 0, 11, 1391.61
1775296282, 2677, 80, 435, 0, 0, 0.54%, 0, 0, 11, 1514.79
1775296287, 2677, 147, 435, 0, 0, 0.54%, 0, 0, 11, 1531.12
1775296292, 2677, 310, 435, 0, 0, 0.54%, 0, 0, 11, 1529.88
1775296297, 2677, 367, 435, 0, 0, 0.54%, 0, 0, 11, 1371.71
1775296302, 2677, 430, 435, 0, 0, 0.54%, 0, 0, 11, 1169.72
1775296307, 2678, 66, 435, 0, 0, 0.54%, 0, 0, 11, 1524.81
1775296312, 2678, 91, 435, 0, 0, 0.54%, 0, 0, 11, 1454.95
1775296318, 2678, 136, 435, 0, 0, 0.54%, 0, 0, 11, 1455.13
1775296323, 2678, 290, 435, 0, 0, 0.54%, 0, 0, 11, 1550.70
1775296328, 2678, 311, 435, 0, 0, 0.54%, 0, 0, 11, 1315.99
1775296333, 2678, 371, 435, 0, 0, 0.54%, 0, 0, 11, 1297.34
1775296338, 2679, 13, 435, 0, 0, 0.54%, 0, 0, 11, 1426.14
1775296343, 2679, 61, 435, 0, 0, 0.54%, 0, 0, 11, 1516.13
1775296348, 2679, 94, 435, 0, 0, 0.54%, 0, 0, 11, 1524.15
1775296353, 2679, 140, 435, 0, 0, 0.54%, 0, 0, 11, 1570.93
1775296358, 2679, 251, 435, 0, 0, 0.54%, 0, 0, 11, 1522.63
1775296363, 2679, 357, 435, 0, 0, 0.54%, 0, 0, 11, 1324.98
1775296368, 2679, 428, 435, 0, 0, 0.54%, 0, 0, 11, 1378.84
1775296374, 2680, 79, 435, 0, 0, 0.54%, 0, 0, 11, 1560.27
1775296379, 2680, 111, 435, 0, 0, 0.54%, 0, 0, 11, 1460.55
1775296384, 2680, 201, 435, 0, 0, 0.54%, 0, 0, 11, 1488.92
1775296389, 2680, 354, 435, 0, 0, 0.54%, 0, 0, 11, 1480.61
1775296394, 2680, 423, 435, 0, 0, 0.54%, 0, 0, 11, 1329.33
1775296399, 2681, 79, 435, 0, 0, 0.54%, 0, 0, 11, 1496.28
1775296404, 2681, 100, 435, 0, 0, 0.54%, 0, 0, 11, 1425.76
1775296409, 2681, 196, 435, 0, 0, 0.54%, 0, 0, 11, 1542.54
1775296414, 2681, 302, 435, 0, 0, 0.54%, 0, 0, 11, 1434.50
1775296420, 2681, 371, 435, 0, 0, 0.54%, 0, 0, 11, 1498.47
1775296425, 2682, 45, 435, 0, 0, 0.54%, 0, 0, 11, 1464.46
1775296430, 2682, 91, 435, 0, 0, 0.54%, 0, 0, 11, 1474.59
1775296435, 2682, 121, 435, 0, 0, 0.54%, 0, 0, 11, 1501.36
1775296440, 2682, 186, 435, 0, 0, 0.54%, 0, 0, 11, 1638.45
1775296445, 2682, 259, 435, 0, 0, 0.54%, 0, 0, 11, 1525.29
1775296450, 2682, 310, 435, 0, 0, 0.54%, 0, 0, 11, 1452.86
1775296455, 2682, 357, 435, 0, 0, 0.54%, 0, 0, 11, 1379.95
1775296460, 2683, 63, 435, 0, 0, 0.54%, 0, 0, 11, 1480.31
1775296465, 2683, 100, 435, 0, 0, 0.54%, 0, 0, 11, 1618.41
1775296470, 2683, 196, 435, 0, 0, 0.54%, 0, 0, 11, 1390.54
1775296475, 2683, 297, 435, 0, 0, 0.54%, 0, 0, 11, 1496.67
1775296480, 2683, 354, 435, 0, 0, 0.54%, 0, 0, 11, 1340.85
1775296485, 2684, 3, 435, 0, 0, 0.54%, 0, 0, 11, 1382.47
1775296490, 2684, 68, 435, 0, 0, 0.54%, 0, 0, 11, 1588.97
1775296496, 2684, 100, 435, 0, 0, 0.54%, 0, 0, 11, 1455.67
1775296501, 2684, 145, 435, 0, 0, 0.54%, 0, 0, 11, 1532.97
1775296506, 2684, 202, 435, 0, 0, 0.54%, 0, 0, 11, 1462.15
1775296511, 2684, 325, 435, 0, 0, 0.54%, 0, 0, 11, 1493.09
1775296516, 2684, 383, 435, 0, 0, 0.54%, 0, 0, 11, 1361.92
1775296521, 2685, 28, 435, 0, 0, 0.54%, 0, 0, 11, 1254.44
1775296526, 2685, 80, 435, 0, 0, 0.54%, 0, 0, 11, 1458.06
1775296531, 2685, 111, 435, 0, 0, 0.54%, 0, 0, 11, 1496.10
1775296536, 2685, 196, 435, 0, 0, 0.54%, 0, 0, 11, 1540.27
1775296541, 2685, 310, 435, 0, 0, 0.54%, 0, 0, 11, 1576.75
1775296546, 2685, 385, 435, 0, 0, 0.54%, 0, 0, 11, 1484.72
1775296552, 2686, 34, 435, 0, 0, 0.54%, 0, 0, 11, 1645.74
1775296557, 2686, 95, 435, 0, 0, 0.54%, 0, 0, 11, 1513.75
1775296562, 2686, 162, 435, 0, 0, 0.54%, 0, 0, 11, 1542.00
1775296567, 2686, 354, 435, 0, 0, 0.54%, 0, 0, 11, 1493.98
1775296572, 2686, 421, 435, 0, 0, 0.54%, 0, 0, 11, 1295.94
1775296577, 2687, 86, 435, 0, 0, 0.54%, 0, 0, 11, 1481.70
1775296582, 2687, 125, 435, 0, 0, 0.54%, 0, 0, 11, 1549.05
1775296587, 2687, 196, 435, 0, 0, 0.54%, 0, 0, 11, 1582.65
1775296593, 2687, 305, 435, 0, 0, 0.54%, 0, 0, 11, 1473.85
1775296598, 2687, 342, 435, 0, 0, 0.54%, 0, 0, 11, 1423.80
1775296603, 2687, 371, 435, 0, 0, 0.54%, 0, 0, 11, 1423.02
1775296608, 2688, 11, 435, 0, 0, 0.54%, 0, 0, 11, 1404.95
1775296613, 2688, 88, 435, 0, 0, 0.54%, 0, 0, 11, 1455.95
1775296618, 2688, 125, 435, 0, 0, 0.54%, 0, 0, 11, 1461.64
1775296623, 2688, 163, 435, 0, 0, 0.54%, 0, 0, 11, 1431.95
1775296628, 2688, 205, 435, 0, 0, 0.54%, 0, 0, 11, 1470.91
1775296633, 2688, 290, 435, 0, 0, 0.54%, 0, 0, 11, 1490.07
1775296638, 2688, 301, 435, 0, 0, 0.54%, 0, 0, 11, 1517.83
1775296643, 2688, 378, 435, 0, 0, 0.54%, 0, 0, 11, 1352.41
1775296648, 2689, 22, 435, 0, 0, 0.54%, 0, 0, 11, 1424.09
1775296654, 2689, 86, 435, 0, 0, 0.54%, 0, 0, 11, 1518.46
1775296659, 2689, 141, 435, 0, 0, 0.54%, 0, 0, 11, 1537.60
1775296664, 2689, 243, 435, 0, 0, 0.54%, 0, 0, 11, 1499.54
1775296669, 2689, 293, 435, 0, 0, 0.54%, 0, 0, 11, 1324.56
1775296674, 2689, 354, 435, 0, 0, 0.54%, 0, 0, 11, 1397.88
1775296679, 2689, 429, 435, 0, 0, 0.54%, 0, 0, 11, 1509.76
1775296684, 2690, 80, 435, 0, 0, 0.54%, 0, 0, 11, 1548.95
1775296689, 2690, 111, 435, 0, 0, 0.54%, 0, 0, 11, 1580.58
1775296694, 2690, 151, 435, 0, 0, 0.54%, 0, 0, 11, 1529.70
1775296699, 2690, 196, 435, 0, 0, 0.54%, 0, 0, 11, 1456.94
1775296705, 2690, 303, 435, 0, 0, 0.54%, 0, 0, 11, 1440.91
1775296710, 2690, 371, 435, 0, 0, 0.54%, 0, 0, 11, 1463.88
1775296715, 2691, 63, 435, 0, 0, 0.54%, 0, 0, 11, 1305.05
1775296720, 2691, 100, 435, 0, 0, 0.54%, 0, 0, 11, 1440.38
1775296725, 2691, 185, 435, 0, 0, 0.54%, 0, 0, 11, 1427.61
1775296730, 2691, 300, 435, 0, 0, 0.54%, 0, 0, 11, 1526.68
1775296735, 2691, 357, 435, 0, 0, 0.54%, 0, 0, 11, 1442.15
1775296740, 2692, 12, 435, 0, 0, 0.54%, 0, 0, 11, 1480.28
1775296745, 2692, 78, 435, 0, 0, 0.54%, 0, 0, 11, 1422.95
1775296751, 2692, 97, 435, 0, 0, 0.54%, 0, 0, 11, 1531.57
1775296756, 2692, 196, 435, 0, 0, 0.54%, 0, 0, 11, 1388.68
1775296761, 2692, 354, 435, 0, 0, 0.54%, 0, 0, 11, 1440.28
1775296766, 2692, 430, 435, 0, 0, 0.54%, 0, 0, 11, 1171.97
1775296771, 2693, 60, 435, 0, 0, 0.54%, 0, 0, 11, 1522.38
1775296777, 2693, 100, 435, 0, 0, 0.54%, 0, 0, 11, 1570.06
1775296782, 2693, 147, 435, 0, 0, 0.54%, 0, 0, 11, 1405.05
1775296787, 2693, 206, 435, 0, 0, 0.54%, 0, 0, 11, 1486.11
1775296792, 2693, 315, 435, 0, 0, 0.54%, 0, 0, 11, 1495.06
1775296797, 2693, 385, 435, 0, 0, 0.54%, 0, 0, 11, 1450.93
1775296802, 2694, 17, 435, 0, 0, 0.54%, 0, 0, 11, 1458.63
1775296807, 2694, 80, 435, 0, 0, 0.54%, 0, 0, 11, 1552.47
1775296812, 2694, 109, 435, 0, 0, 0.54%, 0, 0, 11, 1471.17
1775296817, 2694, 147, 435, 0, 0, 0.54%, 0, 0, 11, 1493.08
1775296822, 2694, 205, 435, 0, 0, 0.54%, 0, 0, 11, 1461.09
1775296827, 2694, 267, 435, 0, 0, 0.54%, 0, 0, 11, 1450.41
1775296832, 2694, 376, 435, 0, 0, 0.54%, 0, 0, 11, 1413.75
1775296838, 2695, 30, 435, 0, 0, 0.54%, 0, 0, 11, 1293.39
1775296843, 2695, 80, 435, 0, 0, 0.54%, 0, 0, 11, 1503.03
1775296848, 2695, 132, 435, 0, 0, 0.54%, 0, 0, 11, 1513.41
1775296853, 2695, 236, 435, 0, 0, 0.54%, 0, 0, 11, 1498.90
1775296858, 2695, 354, 435, 0, 0, 0.54%, 0, 0, 11, 1495.89
1775296863, 2695, 393, 435, 0, 0, 0.54%, 0, 0, 11, 1333.61
1775296868, 2696, 51, 435, 0, 0, 0.54%, 0, 0, 11, 1505.95
1775296873, 2696, 79, 435, 0, 0, 0.54%, 0, 0, 11, 1453.81
1775296878, 2696, 111, 435, 0, 0, 0.54%, 0, 0, 11, 1532.70
1775296883, 2696, 173, 435, 0, 0, 0.54%, 0, 0, 11, 1414.70
1775296888, 2696, 196, 435, 0, 0, 0.54%, 0, 0, 11, 1615.48
1775296894, 2696, 241, 435, 0, 0, 0.54%, 0, 0, 11, 1439.90
1775296899, 2696, 337, 435, 0, 0, 0.54%, 0, 0, 11, 1450.08
1775296904, 2696, 386, 435, 0, 0, 0.54%, 0, 0, 11, 1336.05
1775296909, 2697, 4, 435, 0, 0, 0.54%, 0, 0, 11, 1368.86
1775296914, 2697, 29, 435, 0, 0, 0.54%, 0, 0, 11, 1288.85
1775296919, 2697, 80, 435, 0, 0, 0.54%, 0, 0, 11, 1477.54
1775296924, 2697, 124, 435, 0, 0, 0.54%, 0, 0, 11, 1524.97
1775296929, 2697, 207, 435, 0, 0, 0.54%, 0, 0, 11, 1458.81
1775296934, 2697, 318, 435, 0, 0, 0.54%, 0, 0, 11, 1415.09
1775296939, 2697, 371, 435, 0, 0, 0.54%, 0, 0, 11, 1346.81
1775296945, 2698, 22, 435, 0, 0, 0.54%, 0, 0, 11, 1118.26
1775296950, 2698, 69, 435, 0, 0, 0.54%, 0, 0, 11, 1344.78
1775296955, 2698, 91, 435, 0, 0, 0.54%, 0, 0, 11, 1504.34
1775296960, 2698, 156, 435, 0, 0, 0.54%, 0, 0, 11, 1389.59
1775296965, 2698, 294, 435, 0, 0, 0.54%, 0, 0, 11, 1421.94
1775296970, 2698, 385, 435, 0, 0, 0.54%, 0, 0, 11, 1364.56
1775296975, 2699, 79, 435, 0, 0, 0.54%, 0, 0, 11, 1553.09
1775296980, 2699, 100, 435, 0, 0, 0.54%, 0, 0, 11, 1554.59
1775296985, 2699, 164, 435, 0, 0, 0.54%, 0, 0, 11, 1478.90
1775296990, 2699, 295, 435, 0, 0, 0.54%, 0, 0, 11, 1409.25
1775296996, 2699, 358, 435, 0, 0, 0.54%, 0, 0, 11, 1391.01
1775297001, 2699, 433, 435, 0, 0, 0.54%, 0, 0, 11, 1293.81
1775297006, 2700, 63, 435, 0, 0, 0.54%, 0, 0, 11, 1373.48
1775297011, 2700, 100, 435, 0, 0, 0.54%, 0, 0, 11, 1492.99
1775297016, 2700, 173, 435, 0, 0, 0.54%, 0, 0, 11, 1496.67
1775297021, 2700, 289, 435, 0, 0, 0.54%, 0, 0, 11, 1494.87
1775297026, 2700, 354, 435, 0, 0, 0.54%, 0, 0, 11, 1455.05
1775297031, 2701, 42, 435, 0, 0, 0.54%, 0, 0, 11, 1363.63
1775297036, 2701, 80, 435, 0, 0, 0.54%, 0, 0, 11, 1449.89
1775297042, 2701, 163, 435, 0, 0, 0.54%, 0, 0, 11, 1505.52
1775297047, 2701, 218, 435, 0, 0, 0.54%, 0, 0, 11, 1490.63
1775297052, 2701, 325, 435, 0, 0, 0.54%, 0, 0, 11, 1400.46
1775297057, 2701, 415, 435, 0, 0, 0.54%, 0, 0, 11, 1206.63
1775297062, 2702, 80, 435, 0, 0, 0.54%, 0, 0, 11, 1470.63
1775297067, 2702, 120, 435, 0, 0, 0.54%, 0, 0, 11, 1477.36
1775297072, 2702, 188, 435, 0, 0, 0.54%, 0, 0, 11, 1463.60
1775297077, 2702, 268, 435, 0, 0, 0.54%, 0, 0, 11, 1425.00
1775297082, 2702, 341, 435, 0, 0, 0.54%, 0, 0, 11, 1365.99
1775297087, 2703, 28, 435, 0, 0, 0.54%, 0, 0, 11, 1436.47
1775297092, 2703, 83, 435, 0, 0, 0.54%, 0, 0, 11, 1511.71
1775297097, 2703, 100, 435, 0, 0, 0.54%, 0, 0, 11, 1476.68
1775297102, 2703, 139, 435, 0, 0, 0.54%, 0, 0, 11, 1344.46
1775297107, 2703, 183, 435, 0, 0, 0.54%, 0, 0, 11, 1390.30
1775297113, 2703, 235, 435, 0, 0, 0.54%, 0, 0, 11, 1288.57
1775297118, 2703, 308, 435, 0, 0, 0.54%, 0, 0, 11, 1370.82
1775297123, 2703, 385, 435, 0, 0, 0.54%, 0, 0, 11, 1357.03
1775297128, 2704, 27, 435, 0, 0, 0.54%, 0, 0, 11, 1319.69
1775297133, 2704, 84, 435, 0, 0, 0.54%, 0, 0, 11, 1348.06
1775297138, 2704, 111, 435, 0, 0, 0.54%, 0, 0, 11, 1275.70
1775297143, 2704, 155, 435, 0, 0, 0.54%, 0, 0, 11, 1345.22
1775297148, 2704, 243, 435, 0, 0, 0.54%, 0, 0, 11, 1497.29
1775297153, 2704, 324, 435, 0, 0, 0.54%, 0, 0, 11, 1477.92
1775297159, 2704, 385, 435, 0, 0, 0.54%, 0, 0, 11, 1400.80
1775297164, 2705, 63, 435, 0, 0, 0.54%, 0, 0, 11, 1462.13
1775297169, 2705, 98, 435, 0, 0, 0.54%, 0, 0, 11, 1508.25
1775297174, 2705, 155, 435, 0, 0, 0.54%, 0, 0, 11, 1438.18
1775297179, 2705, 195, 435, 0, 0, 0.54%, 0, 0, 11, 1296.20
1775297184, 2705, 302, 435, 0, 0, 0.54%, 0, 0, 11, 1300.51
1775297189, 2705, 371, 435, 0, 0, 0.54%, 0, 0, 11, 1331.38
1775297194, 2705, 429, 435, 0, 0, 0.54%, 0, 0, 11, 1341.52
1775297199, 2706, 80, 435, 0, 0, 0.54%, 0, 0, 11, 1518.80
1775297204, 2706, 100, 435, 0, 0, 0.54%, 0, 0, 11, 1464.15
1775297209, 2706, 147, 435, 0, 0, 0.54%, 0, 0, 11, 1448.91
1775297215, 2706, 196, 435, 0, 0, 0.54%, 0, 0, 11, 1543.46
1775297220, 2706, 305, 435, 0, 0, 0.54%, 0, 0, 11, 1523.20
1775297225, 2706, 385, 435, 0, 0, 0.54%, 0, 0, 11, 1467.61
1775297230, 2706, 429, 435, 0, 0, 0.54%, 0, 0, 11, 1406.82
1775297235, 2707, 80, 435, 0, 0, 0.54%, 0, 0, 11, 1565.45
1775297240, 2707, 196, 435, 0, 0, 0.54%, 0, 0, 11, 1423.38
1775297245, 2707, 309, 435, 0, 0, 0.54%, 0, 0, 11, 1529.41
1775297250, 2707, 371, 435, 0, 0, 0.54%, 0, 0, 11, 1437.18
1775297256, 2708, 36, 435, 0, 0, 0.54%, 0, 0, 11, 1538.52
1775297261, 2708, 91, 435, 0, 0, 0.54%, 0, 0, 11, 1529.16
1775297266, 2708, 150, 435, 0, 0, 0.54%, 0, 0, 11, 1472.70
1775297271, 2708, 299, 435, 0, 0, 0.54%, 0, 0, 11, 1490.92
1775297276, 2708, 357, 435, 0, 0, 0.54%, 0, 0, 11, 1385.00
1775297281, 2709, 25, 435, 0, 0, 0.54%, 0, 0, 11, 1427.41
1775297286, 2709, 79, 435, 0, 0, 0.54%, 0, 0, 11, 1546.60
1775297291, 2709, 111, 435, 0, 0, 0.54%, 0, 0, 11, 1529.45
1775297296, 2709, 171, 435, 0, 0, 0.54%, 0, 0, 11, 1444.00
1775297301, 2709, 220, 435, 0, 0, 0.54%, 0, 0, 11, 1235.61
1775297306, 2709, 354, 435, 0, 0, 0.54%, 0, 0, 11, 1191.94
1775297311, 2709, 376, 435, 0, 0, 0.54%, 0, 0, 11, 1173.99
1775297316, 2710, 4, 435, 0, 0, 0.54%, 0, 0, 11, 1151.14
1775297322, 2710, 63, 435, 0, 0, 0.54%, 0, 0, 11, 1366.19
1775297327, 2710, 98, 435, 0, 0, 0.54%, 0, 0, 11, 1429.02
1775297332, 2710, 146, 435, 0, 0, 0.54%, 0, 0, 11, 1384.02
1775297337, 2710, 224, 435, 0, 0, 0.54%, 0, 0, 11, 1467.54
1775297342, 2710, 275, 435, 0, 0, 0.54%, 0, 0, 11, 1505.33
1775297347, 2710, 297, 435, 0, 0, 0.54%, 0, 0, 11, 972.86
1775297352, 2710, 355, 435, 0, 0, 0.54%, 0, 0, 11, 1230.91
1775297357, 2710, 431, 435, 0, 0, 0.54%, 0, 0, 11, 1189.04
1775297363, 2711, 79, 435, 0, 0, 0.54%, 0, 0, 11, 1531.21
1775297368, 2711, 111, 435, 0, 0, 0.54%, 0, 0, 11, 1512.41
1775297373, 2711, 181, 435, 0, 0, 0.54%, 0, 0, 11, 1463.11
1775297378, 2711, 325, 435, 0, 0, 0.54%, 0, 0, 11, 1462.25
1775297383, 2712, 27, 435, 0, 0, 0.54%, 0, 0, 11, 1471.26
1775297388, 2712, 86, 435, 0, 0, 0.54%, 0, 0, 11, 1518.59
1775297393, 2712, 147, 435, 0, 0, 0.54%, 0, 0, 11, 1385.45
1775297398, 2712, 325, 435, 0, 0, 0.54%, 0, 0, 11, 1448.14
1775297403, 2712, 385, 435, 0, 0, 0.54%, 0, 0, 11, 1376.27
1775297409, 2713, 63, 435, 0, 0, 0.54%, 0, 0, 11, 1479.32
1775297414, 2713, 100, 435, 0, 0, 0.54%, 0, 0, 11, 1499.16
1775297419, 2713, 156, 435, 0, 0, 0.54%, 0, 0, 11, 1455.69
1775297424, 2713, 354, 435, 0, 0, 0.54%, 0, 0, 11, 1466.17
1775297429, 2713, 405, 435, 0, 0, 0.54%, 0, 0, 11, 1256.50
1775297434, 2714, 79, 435, 0, 0, 0.54%, 0, 0, 11, 1472.59
1775297439, 2714, 103, 435, 0, 0, 0.54%, 0, 0, 11, 1561.09
1775297444, 2714, 196, 435, 0, 0, 0.54%, 0, 0, 11, 1454.59
1775297449, 2714, 309, 435, 0, 0, 0.54%, 0, 0, 11, 1487.34
1775297454, 2714, 385, 435, 0, 0, 0.54%, 0, 0, 11, 1460.93
1775297459, 2715, 79, 435, 0, 0, 0.54%, 0, 0, 11, 1478.34
1775297464, 2715, 106, 435, 0, 0, 0.54%, 0, 0, 11, 1479.60
1775297469, 2715, 224, 435, 0, 0, 0.54%, 0, 0, 11, 1638.61
1775297475, 2715, 307, 435, 0, 0, 0.54%, 0, 0, 11, 1384.66
1775297480, 2715, 354, 435, 0, 0, 0.54%, 0, 0, 11, 1332.23
1775297485, 2716, 9, 435, 0, 0, 0.54%, 0, 0, 11, 1317.57
1775297490, 2716, 86, 435, 0, 0, 0.54%, 0, 0, 11, 1422.73
1775297495, 2716, 147, 435, 0, 0, 0.54%, 0, 0, 11, 1516.41
1775297500, 2716, 287, 435, 0, 0, 0.54%, 0, 0, 11, 1614.07
1775297505, 2716, 325, 435, 0, 0, 0.54%, 0, 0, 11, 1011.32
1775297510, 2716, 385, 435, 0, 0, 0.54%, 0, 0, 11, 1298.49
1775297516, 2717, 44, 435, 0, 0, 0.54%, 0, 0, 11, 1528.98
1775297521, 2717, 100, 435, 0, 0, 0.54%, 0, 0, 11, 1513.06
1775297526, 2717, 165, 435, 0, 0, 0.54%, 0, 0, 11, 1469.74
1775297531, 2717, 325, 435, 0, 0, 0.54%, 0, 0, 11, 1428.20
1775297536, 2717, 385, 435, 0, 0, 0.54%, 0, 0, 11, 1314.66
1775297541, 2718, 6, 435, 0, 0, 0.54%, 0, 0, 11, 1442.52
1775297546, 2718, 86, 435, 0, 0, 0.54%, 0, 0, 11, 1371.21
1775297551, 2718, 147, 435, 0, 0, 0.54%, 0, 0, 11, 1400.65
1775297556, 2718, 257, 435, 0, 0, 0.54%, 0, 0, 11, 1455.42
1775297561, 2718, 322, 435, 0, 0, 0.54%, 0, 0, 11, 1424.50
1775297567, 2718, 385, 435, 0, 0, 0.54%, 0, 0, 11, 1294.96
1775297572, 2719, 79, 435, 0, 0, 0.54%, 0, 0, 11, 1556.49
1775297577, 2719, 105, 435, 0, 0, 0.54%, 0, 0, 11, 1402.14
1775297582, 2719, 133, 435, 0, 0, 0.54%, 0, 0, 11, 1417.19
1775297587, 2719, 151, 435, 0, 0, 0.54%, 0, 0, 11, 1422.87
1775297592, 2719, 303, 435, 0, 0, 0.54%, 0, 0, 11, 1372.78
1775297597, 2719, 383, 435, 0, 0, 0.54%, 0, 0, 11, 1241.97
1775297602, 2719, 398, 435, 0, 0, 0.54%, 0, 0, 11, 723.26
1775297608, 2720, 12, 435, 0, 0, 0.54%, 0, 0, 11, 657.05
1775297613, 2720, 73, 435, 0, 0, 0.54%, 0, 0, 11, 1077.95
1775297618, 2720, 100, 435, 0, 0, 0.54%, 0, 0, 11, 1317.76
1775297623, 2720, 184, 435, 0, 0, 0.54%, 0, 0, 11, 1429.58
1775297628, 2720, 217, 435, 0, 0, 0.54%, 0, 0, 11, 1476.68
1775297633, 2720, 325, 435, 0, 0, 0.54%, 0, 0, 11, 1363.01
1775297638, 2720, 385, 435, 0, 0, 0.54%, 0, 0, 11, 1182.44
1775297643, 2721, 63, 435, 0, 0, 0.54%, 0, 0, 11, 1146.10
1775297648, 2721, 100, 435, 0, 0, 0.54%, 0, 0, 11, 1390.17
1775297654, 2721, 172, 435, 0, 0, 0.54%, 0, 0, 11, 1321.84
1775297659, 2721, 214, 435, 0, 0, 0.54%, 0, 0, 11, 249.63
1775297664, 2721, 265, 435, 0, 0, 0.54%, 0, 0, 11, 341.65
1775297669, 2721, 276, 435, 0, 0, 0.54%, 0, 0, 11, 333.38
1775297674, 2721, 321, 435, 0, 0, 0.54%, 0, 0, 11, 310.31
1775297679, 2721, 349, 435, 0, 0, 0.54%, 0, 0, 11, 292.10
1775297684, 2721, 354, 435, 0, 0, 0.54%, 0, 0, 11, 283.91
1775297689, 2721, 398, 435, 0, 0, 0.54%, 0, 0, 11, 1238.58
1775297694, 2722, 36, 435, 0, 0, 0.54%, 0, 0, 11, 1407.47
1775297699, 2722, 91, 435, 0, 0, 0.54%, 0, 0, 11, 1458.81
1775297704, 2722, 139, 435, 0, 0, 0.54%, 0, 0, 11, 1417.60
1775297709, 2722, 177, 435, 0, 0, 0.54%, 0, 0, 11, 1413.57
1775297715, 2722, 325, 435, 0, 0, 0.54%, 0, 0, 11, 1464.82
1775297720, 2722, 385, 435, 0, 0, 0.54%, 0, 0, 11, 1391.09
1775297725, 2723, 19, 435, 0, 0, 0.54%, 0, 0, 11, 1288.74
1775297730, 2723, 86, 435, 0, 0, 0.54%, 0, 0, 11, 1499.72
1775297735, 2723, 123, 435, 0, 0, 0.54%, 0, 0, 11, 1487.80
1775297740, 2723, 185, 435, 0, 0, 0.54%, 0, 0, 11, 1461.89
1775297745, 2723, 307, 435, 0, 0, 0.54%, 0, 0, 11, 1461.54
1775297750, 2723, 385, 435, 0, 0, 0.54%, 0, 0, 11, 1387.73
1775297755, 2724, 52, 435, 0, 0, 0.54%, 0, 0, 11, 1420.55
1775297760, 2724, 86, 435, 0, 0, 0.54%, 0, 0, 11, 1347.19
1775297765, 2724, 121, 435, 0, 0, 0.54%, 0, 0, 11, 1458.61
1775297771, 2724, 177, 435, 0, 0, 0.54%, 0, 0, 11, 1497.68
1775297776, 2724, 325, 435, 0, 0, 0.54%, 0, 0, 11, 1449.61
1775297781, 2724, 391, 435, 0, 0, 0.54%, 0, 0, 11, 1425.57
1775297786, 2725, 58, 435, 0, 0, 0.54%, 0, 0, 11, 1404.49
1775297791, 2725, 91, 435, 0, 0, 0.54%, 0, 0, 11, 1497.15
1775297796, 2725, 121, 435, 0, 0, 0.54%, 0, 0, 11, 1485.34
1775297801, 2725, 240, 435, 0, 0, 0.54%, 0, 0, 11, 1539.80
1775297806, 2725, 349, 435, 0, 0, 0.54%, 0, 0, 11, 1553.31
1775297811, 2725, 430, 435, 0, 0, 0.54%, 0, 0, 11, 1288.51
1775297817, 2726, 80, 435, 0, 0, 0.54%, 0, 0, 11, 1433.60
1775297822, 2726, 100, 435, 0, 0, 0.54%, 0, 0, 11, 1450.39
1775297827, 2726, 163, 435, 0, 0, 0.54%, 0, 0, 11, 1524.18
1775297832, 2726, 274, 435, 0, 0, 0.54%, 0, 0, 11, 1461.92
1775297837, 2726, 354, 435, 0, 0, 0.54%, 0, 0, 11, 1325.98
1775297842, 2727, 22, 435, 0, 0, 0.54%, 0, 0, 11, 1308.38
1775297847, 2727, 66, 435, 0, 0, 0.54%, 0, 0, 11, 1458.40
1775297852, 2727, 100, 435, 0, 0, 0.54%, 0, 0, 11, 1533.92
1775297857, 2727, 177, 435, 0, 0, 0.54%, 0, 0, 11, 1579.62
1775297862, 2727, 233, 435, 0, 0, 0.54%, 0, 0, 11, 1549.82
1775297868, 2727, 337, 435, 0, 0, 0.54%, 0, 0, 11, 1396.75
1775297873, 2727, 393, 435, 0, 0, 0.54%, 0, 0, 11, 1231.31
1775297878, 2728, 80, 435, 0, 0, 0.54%, 0, 0, 11, 1394.15
1775297883, 2728, 149, 435, 0, 0, 0.54%, 0, 0, 11, 1441.69
1775297888, 2728, 354, 435, 0, 0, 0.54%, 0, 0, 11, 1492.32
1775297893, 2728, 431, 435, 0, 0, 0.54%, 0, 0, 11, 1312.52
1775297898, 2729, 29, 435, 0, 0, 0.54%, 0, 0, 11, 1426.49
1775297903, 2729, 80, 435, 0, 0, 0.54%, 0, 0, 11, 1536.79
1775297908, 2729, 147, 435, 0, 0, 0.54%, 0, 0, 11, 1518.19
1775297913, 2729, 230, 435, 0, 0, 0.54%, 0, 0, 11, 1414.36
1775297919, 2729, 349, 435, 0, 0, 0.54%, 0, 0, 11, 1476.53
1775297924, 2730, 4, 435, 0, 0, 0.54%, 0, 0, 11, 1309.57
1775297929, 2730, 86, 435, 0, 0, 0.54%, 0, 0, 11, 1540.16
1775297934, 2730, 155, 435, 0, 0, 0.54%, 0, 0, 11, 1491.12
1775297939, 2730, 284, 435, 0, 0, 0.54%, 0, 0, 11, 1461.11
1775297944, 2730, 357, 435, 0, 0, 0.54%, 0, 0, 11, 1446.66
1775297949, 2730, 433, 435, 0, 0, 0.54%, 0, 0, 11, 1214.41
1775297954, 2731, 79, 435, 0, 0, 0.54%, 0, 0, 11, 1508.39
1775297959, 2731, 111, 435, 0, 0, 0.54%, 0, 0, 11, 1562.75
1775297964, 2731, 274, 435, 0, 0, 0.54%, 0, 0, 11, 1352.66
1775297970, 2731, 354, 435, 0, 0, 0.54%, 0, 0, 11, 1382.22
1775297975, 2732, 0, 435, 0, 0, 0.54%, 0, 0, 11, 1262.18
1775297980, 2732, 63, 435, 0, 0, 0.54%, 0, 0, 11, 1486.82
1775297985, 2732, 99, 435, 0, 0, 0.54%, 0, 0, 11, 1460.63
1775297990, 2732, 140, 435, 0, 0, 0.54%, 0, 0, 11, 1462.11
1775297995, 2732, 206, 435, 0, 0, 0.54%, 0, 0, 11, 1440.92
1775298000, 2732, 271, 435, 0, 0, 0.54%, 0, 0, 11, 1516.76
1775298005, 2732, 349, 435, 0, 0, 0.54%, 0, 0, 11, 1442.20
1775298010, 2732, 394, 435, 0, 0, 0.54%, 0, 0, 11, 1350.45
1775298016, 2733, 19, 435, 0, 0, 0.54%, 0, 0, 11, 1296.05
1775298021, 2733, 76, 435, 0, 0, 0.54%, 0, 0, 11, 1343.70
1775298026, 2733, 100, 435, 0, 0, 0.54%, 0, 0, 11, 1339.20
1775298031, 2733, 181, 435, 0, 0, 0.54%, 0, 0, 11, 1528.91
1775298036, 2733, 215, 435, 0, 0, 0.54%, 0, 0, 11, 1547.61
1775298041, 2733, 308, 435, 0, 0, 0.54%, 0, 0, 11, 1547.13
1775298046, 2733, 386, 435, 0, 0, 0.54%, 0, 0, 11, 1365.13
1775298051, 2734, 57, 435, 0, 0, 0.54%, 0, 0, 11, 1398.26
1775298056, 2734, 79, 435, 0, 0, 0.54%, 0, 0, 11, 1478.42
1775298061, 2734, 132, 435, 0, 0, 0.54%, 0, 0, 11, 1506.51
1775298066, 2734, 289, 435, 0, 0, 0.54%, 0, 0, 11, 1520.13
1775298072, 2734, 357, 435, 0, 0, 0.54%, 0, 0, 11, 1127.75
1775298077, 2735, 2, 435, 0, 0, 0.54%, 0, 0, 11, 1309.70
1775298082, 2735, 91, 435, 0, 0, 0.54%, 0, 0, 11, 1485.11
1775298087, 2735, 170, 435, 0, 0, 0.54%, 0, 0, 11, 1748.77
1775298092, 2735, 235, 435, 0, 0, 0.54%, 0, 0, 11, 1670.11
1775298097, 2735, 306, 435, 0, 0, 0.54%, 0, 0, 11, 1534.44
1775298102, 2735, 398, 435, 0, 0, 0.54%, 0, 0, 11, 1497.75
1775298107, 2736, 63, 435, 0, 0, 0.54%, 0, 0, 11, 1494.17
1775298112, 2736, 100, 435, 0, 0, 0.54%, 0, 0, 11, 1630.93
1775298117, 2736, 196, 435, 0, 0, 0.54%, 0, 0, 11, 1647.46
1775298123, 2736, 270, 435, 0, 0, 0.54%, 0, 0, 11, 1583.58
1775298128, 2736, 371, 435, 0, 0, 0.54%, 0, 0, 11, 1493.18
1775298133, 2736, 433, 435, 0, 0, 0.54%, 0, 0, 11, 1431.73
1775298138, 2737, 80, 435, 0, 0, 0.54%, 0, 0, 11, 1627.93
1775298143, 2737, 118, 435, 0, 0, 0.54%, 0, 0, 11, 1783.14
1775298148, 2737, 289, 435, 0, 0, 0.54%, 0, 0, 11, 1760.03
1775298153, 2737, 371, 435, 0, 0, 0.54%, 0, 0, 11, 1630.21
1775298158, 2738, 79, 435, 0, 0, 0.54%, 0, 0, 11, 1724.02
1775298163, 2738, 111, 435, 0, 0, 0.54%, 0, 0, 11, 1713.08
1775298168, 2738, 202, 435, 0, 0, 0.54%, 0, 0, 11, 1816.54
1775298174, 2738, 275, 435, 0, 0, 0.54%, 0, 0, 11, 1574.93
1775298179, 2738, 349, 435, 0, 0, 0.54%, 0, 0, 11, 1630.20
1775298184, 2739, 63, 435, 0, 0, 0.54%, 0, 0, 11, 1453.55
1775298189, 2739, 101, 435, 0, 0, 0.54%, 0, 0, 11, 1759.93
1775298194, 2739, 137, 435, 0, 0, 0.54%, 0, 0, 11, 1603.14
1775298199, 2739, 205, 435, 0, 0, 0.54%, 0, 0, 11, 1702.96
1775298204, 2739, 385, 435, 0, 0, 0.54%, 0, 0, 11, 1691.73
1775298209, 2740, 79, 435, 0, 0, 0.54%, 0, 0, 11, 1529.48
1775298214, 2740, 121, 435, 0, 0, 0.54%, 0, 0, 11, 1713.52
1775298219, 2740, 231, 435, 0, 0, 0.54%, 0, 0, 11, 1672.82
1775298225, 2740, 353, 435, 0, 0, 0.54%, 0, 0, 11, 1708.05
1775298230, 2741, 14, 435, 0, 0, 0.54%, 0, 0, 11, 609.91
1775298235, 2741, 86, 435, 0, 0, 0.54%, 0, 0, 11, 1506.70
1775298240, 2741, 147, 435, 0, 0, 0.54%, 0, 0, 11, 1677.14
1775298245, 2741, 325, 435, 0, 0, 0.54%, 0, 0, 11, 1677.81
1775298250, 2741, 417, 435, 0, 0, 0.54%, 0, 0, 11, 1470.43
1775298255, 2742, 99, 435, 0, 0, 0.54%, 0, 0, 11, 1681.53
1775298260, 2742, 159, 435, 0, 0, 0.54%, 0, 0, 11, 1695.37
1775298265, 2742, 278, 435, 0, 0, 0.54%, 0, 0, 11, 1730.79
1775298270, 2742, 371, 435, 0, 0, 0.54%, 0, 0, 11, 1616.65
1775298275, 2743, 80, 435, 0, 0, 0.54%, 0, 0, 11, 1731.76
1775298280, 2743, 147, 435, 0, 0, 0.54%, 0, 0, 11, 1762.53
1775298285, 2743, 325, 435, 0, 0, 0.54%, 0, 0, 11, 1665.90
1775298290, 2743, 375, 435, 0, 0, 0.54%, 0, 0, 11, 1641.74
1775298295, 2744, 79, 435, 0, 0, 0.54%, 0, 0, 11, 1714.79
1775298301, 2744, 100, 435, 0, 0, 0.54%, 0, 0, 11, 1704.44
1775298306, 2744, 160, 435, 0, 0, 0.54%, 0, 0, 11, 1701.81
1775298311, 2744, 349, 435, 0, 0, 0.54%, 0, 0, 11, 1632.81
1775298316, 2745, 6, 435, 0, 0, 0.54%, 0, 0, 11, 1434.13
1775298321, 2745, 80, 435, 0, 0, 0.54%, 0, 0, 11, 1586.13
1775298326, 2745, 129, 435, 0, 0, 0.54%, 0, 0, 11, 1739.22
1775298331, 2745, 238, 435, 0, 0, 0.54%, 0, 0, 11, 1807.67
1775298336, 2745, 354, 435, 0, 0, 0.54%, 0, 0, 11, 1616.66
1775298341, 2746, 35, 435, 0, 0, 0.54%, 0, 0, 11, 1541.92
1775298346, 2746, 93, 435, 0, 0, 0.54%, 0, 0, 11, 1709.27
1775298352, 2746, 147, 435, 0, 0, 0.54%, 0, 0, 11, 1698.21
1775298357, 2746, 196, 435, 0, 0, 0.54%, 0, 0, 11, 1704.76
1775298362, 2746, 373, 435, 0, 0, 0.54%, 0, 0, 11, 1733.29
1775298367, 2747, 10, 435, 0, 0, 0.54%, 0, 0, 11, 1696.53
1775298372, 2747, 79, 435, 0, 0, 0.54%, 0, 0, 11, 1651.84
1775298377, 2747, 147, 435, 0, 0, 0.54%, 0, 0, 11, 1744.85
1775298382, 2747, 222, 435, 0, 0, 0.54%, 0, 0, 11, 1647.68
1775298387, 2747, 357, 435, 0, 0, 0.54%, 0, 0, 11, 1604.59
1775298392, 2748, 29, 435, 0, 0, 0.54%, 0, 0, 11, 1637.01
1775298397, 2748, 80, 435, 0, 0, 0.54%, 0, 0, 11, 1794.77
1775298402, 2748, 116, 435, 0, 0, 0.54%, 0, 0, 11, 1964.81
1775298408, 2748, 190, 435, 0, 0, 0.54%, 0, 0, 11, 1666.15
1775298413, 2748, 254, 435, 0, 0, 0.54%, 0, 0, 11, 1848.98
1775298418, 2748, 354, 435, 0, 0, 0.54%, 0, 0, 11, 1761.89
1775298423, 2749, 50, 435, 0, 0, 0.54%, 0, 0, 11, 1704.51
1775298428, 2749, 82, 435, 0, 0, 0.54%, 0, 0, 11, 1708.82
1775298433, 2749, 157, 435, 0, 0, 0.54%, 0, 0, 11, 1639.79
1775298438, 2749, 244, 435, 0, 0, 0.54%, 0, 0, 11, 1683.29
1775298443, 2749, 354, 435, 0, 0, 0.54%, 0, 0, 11, 1529.87
1775298448, 2750, 36, 435, 0, 0, 0.54%, 0, 0, 11, 1683.16
1775298453, 2750, 86, 435, 0, 0, 0.54%, 0, 0, 11, 1794.73
1775298458, 2750, 147, 435, 0, 0, 0.54%, 0, 0, 11, 1739.38
1775298463, 2750, 220, 435, 0, 0, 0.54%, 0, 0, 11, 1777.46
1775298469, 2750, 354, 435, 0, 0, 0.54%, 0, 0, 11, 1654.92
1775298474, 2751, 63, 435, 0, 0, 0.54%, 0, 0, 11, 1562.90
1775298479, 2751, 111, 435, 0, 0, 0.54%, 0, 0, 11, 1711.76
1775298484, 2751, 284, 435, 0, 0, 0.54%, 0, 0, 11, 1613.70
1775298489, 2751, 354, 435, 0, 0, 0.54%, 0, 0, 11, 1455.32
1775298494, 2752, 36, 435, 0, 0, 0.54%, 0, 0, 11, 1638.56
1775298499, 2752, 81, 435, 0, 0, 0.54%, 0, 0, 11, 1621.38
1775298504, 2752, 135, 435, 0, 0, 0.54%, 0, 0, 11, 1657.27
1775298509, 2752, 236, 435, 0, 0, 0.54%, 0, 0, 11, 1746.23
1775298515, 2752, 347, 435, 0, 0, 0.54%, 0, 0, 11, 1612.01
1775298520, 2752, 403, 435, 0, 0, 0.54%, 0, 0, 11, 1317.52
1775298525, 2753, 79, 435, 0, 0, 0.54%, 0, 0, 11, 1490.05
1775298530, 2753, 111, 435, 0, 0, 0.54%, 0, 0, 11, 1651.32
1775298535, 2753, 185, 435, 0, 0, 0.54%, 0, 0, 11, 1606.48
1775298540, 2753, 340, 435, 0, 0, 0.54%, 0, 0, 11, 1652.50
1775298545, 2753, 394, 435, 0, 0, 0.54%, 0, 0, 11, 1498.93
1775298550, 2754, 77, 435, 0, 0, 0.54%, 0, 0, 11, 1744.53
1775298555, 2754, 111, 435, 0, 0, 0.54%, 0, 0, 11, 1710.14
1775298560, 2754, 196, 435, 0, 0, 0.54%, 0, 0, 11, 1653.39
1775298565, 2754, 354, 435, 0, 0, 0.54%, 0, 0, 11, 1693.73
1775298570, 2755, 0, 435, 0, 0, 0.54%, 0, 0, 11, 1357.92
1775298575, 2755, 86, 435, 0, 0, 0.54%, 0, 0, 11, 1708.74
1775298580, 2755, 184, 435, 0, 0, 0.54%, 0, 0, 11, 1818.00
1775298586, 2755, 244, 435, 0, 0, 0.54%, 0, 0, 11, 1733.29
1775298591, 2755, 371, 435, 0, 0, 0.54%, 0, 0, 11, 1599.07
1775298596, 2756, 50, 435, 0, 0, 0.54%, 0, 0, 11, 1562.94
1775298601, 2756, 87, 435, 0, 0, 0.54%, 0, 0, 11, 1740.82
1775298606, 2756, 142, 435, 0, 0, 0.54%, 0, 0, 11, 1676.73
1775298611, 2756, 179, 435, 0, 0, 0.54%, 0, 0, 11, 1537.80
1775298616, 2756, 249, 435, 0, 0, 0.54%, 0, 0, 11, 1682.51
1775298621, 2756, 352, 435, 0, 0, 0.54%, 0, 0, 11, 1581.48
1775298627, 2756, 429, 435, 0, 0, 0.54%, 0, 0, 11, 1666.89
1775298632, 2757, 65, 435, 0, 0, 0.54%, 0, 0, 11, 1733.39
1775298637, 2757, 86, 435, 0, 0, 0.54%, 0, 0, 11, 1692.56
1775298642, 2757, 132, 435, 0, 0, 0.54%, 0, 0, 11, 1671.60
1775298647, 2757, 256, 435, 0, 0, 0.54%, 0, 0, 11, 1590.19
1775298652, 2757, 377, 435, 0, 0, 0.54%, 0, 0, 11, 1538.19
1775298657, 2758, 61, 435, 0, 0, 0.54%, 0, 0, 11, 1538.28
1775298662, 2758, 100, 435, 0, 0, 0.54%, 0, 0, 11, 1769.80
1775298667, 2758, 196, 435, 0, 0, 0.54%, 0, 0, 11, 1632.20
1775298672, 2758, 325, 435, 0, 0, 0.54%, 0, 0, 11, 1785.41
1775298677, 2758, 392, 435, 0, 0, 0.54%, 0, 0, 11, 1456.14
1775298682, 2759, 36, 435, 0, 0, 0.54%, 0, 0, 11, 1624.92
1775298687, 2759, 97, 435, 0, 0, 0.54%, 0, 0, 11, 1692.51
1775298692, 2759, 171, 435, 0, 0, 0.54%, 0, 0, 11, 1871.26
1775298698, 2759, 204, 435, 0, 0, 0.54%, 0, 0, 11, 1559.99
1775298703, 2759, 296, 435, 0, 0, 0.54%, 0, 0, 11, 1689.49
1775298708, 2759, 385, 435, 0, 0, 0.54%, 0, 0, 11, 1606.62
1775298713, 2760, 80, 435, 0, 0, 0.54%, 0, 0, 11, 1750.24
1775298718, 2760, 126, 435, 0, 0, 0.54%, 0, 0, 11, 1567.78
1775298723, 2760, 193, 435, 0, 0, 0.54%, 0, 0, 11, 1697.55
1775298728, 2760, 282, 435, 0, 0, 0.54%, 0, 0, 11, 1644.65
1775298733, 2760, 385, 435, 0, 0, 0.54%, 0, 0, 11, 1589.21
1775298738, 2761, 68, 435, 0, 0, 0.54%, 0, 0, 11, 1737.74
1775298743, 2761, 100, 435, 0, 0, 0.54%, 0, 0, 11, 1813.26
1775298749, 2761, 196, 435, 0, 0, 0.54%, 0, 0, 11, 1721.33
1775298754, 2761, 296, 435, 0, 0, 0.54%, 0, 0, 11, 1584.81
1775298759, 2761, 388, 435, 0, 0, 0.54%, 0, 0, 11, 1508.40
1775298764, 2762, 87, 435, 0, 0, 0.54%, 0, 0, 11, 1744.90
1775298769, 2762, 147, 435, 0, 0, 0.54%, 0, 0, 11, 1735.62
1775298774, 2762, 236, 435, 0, 0, 0.54%, 0, 0, 11, 1734.64
1775298779, 2762, 357, 435, 0, 0, 0.54%, 0, 0, 11, 1602.11
1775298784, 2762, 430, 435, 0, 0, 0.54%, 0, 0, 11, 1518.80
1775298789, 2763, 64, 435, 0, 0, 0.54%, 0, 0, 11, 1728.98
1775298794, 2763, 91, 435, 0, 0, 0.54%, 0, 0, 11, 1705.97
1775298799, 2763, 196, 435, 0, 0, 0.54%, 0, 0, 11, 1683.13
1775298804, 2763, 299, 435, 0, 0, 0.54%, 0, 0, 11, 1634.46
1775298809, 2763, 433, 435, 0, 0, 0.54%, 0, 0, 11, 1678.15
1775298815, 2764, 79, 435, 0, 0, 0.54%, 0, 0, 11, 1732.95
1775298820, 2764, 124, 435, 0, 0, 0.54%, 0, 0, 11, 1835.06
1775298825, 2764, 264, 435, 0, 0, 0.54%, 0, 0, 11, 1723.77
1775298830, 2764, 354, 435, 0, 0, 0.54%, 0, 0, 11, 1329.65
1775298835, 2765, 22, 435, 0, 0, 0.54%, 0, 0, 11, 1283.27
1775298840, 2765, 86, 435, 0, 0, 0.54%, 0, 0, 11, 1715.22
1775298845, 2765, 147, 435, 0, 0, 0.54%, 0, 0, 11, 1688.97
1775298850, 2765, 194, 435, 0, 0, 0.54%, 0, 0, 11, 1601.38
1775298855, 2765, 283, 435, 0, 0, 0.54%, 0, 0, 11, 1695.22
1775298860, 2765, 349, 435, 0, 0, 0.54%, 0, 0, 11, 1598.49
1775298866, 2765, 407, 435, 0, 0, 0.54%, 0, 0, 11, 1408.43
1775298871, 2766, 100, 435, 0, 0, 0.54%, 0, 0, 11, 1561.04
1775298876, 2766, 180, 435, 0, 0, 0.54%, 0, 0, 11, 1626.01
1775298881, 2766, 291, 435, 0, 0, 0.54%, 0, 0, 11, 1738.79
1775298886, 2766, 357, 435, 0, 0, 0.54%, 0, 0, 11, 1594.11
1775298891, 2767, 24, 435, 0, 0, 0.54%, 0, 0, 11, 1473.92
1775298896, 2767, 80, 435, 0, 0, 0.54%, 0, 0, 11, 1669.23
1775298901, 2767, 111, 435, 0, 0, 0.54%, 0, 0, 11, 1641.33
1775298906, 2767, 174, 435, 0, 0, 0.54%, 0, 0, 11, 1686.89
1775298912, 2767, 283, 435, 0, 0, 0.54%, 0, 0, 11, 1656.36
1775298917, 2767, 370, 435, 0, 0, 0.54%, 0, 0, 11, 1565.10
1775298922, 2768, 16, 435, 0, 0, 0.54%, 0, 0, 11, 1536.93
1775298927, 2768, 80, 435, 0, 0, 0.54%, 0, 0, 11, 1545.29
1775298932, 2768, 125, 435, 0, 0, 0.54%, 0, 0, 11, 1613.15
1775298937, 2768, 264, 435, 0, 0, 0.54%, 0, 0, 11, 1622.93
1775298942, 2768, 355, 435, 0, 0, 0.54%, 0, 0, 11, 1595.64
1775298947, 2769, 26, 435, 0, 0, 0.54%, 0, 0, 11, 1632.42
1775298952, 2769, 91, 435, 0, 0, 0.54%, 0, 0, 11, 1703.72
1775298958, 2769, 196, 435, 0, 0, 0.54%, 0, 0, 11, 1707.50
1775298963, 2769, 354, 435, 0, 0, 0.54%, 0, 0, 11, 1687.32
1775298968, 2769, 391, 435, 0, 0, 0.54%, 0, 0, 11, 1590.50
1775298973, 2770, 80, 435, 0, 0, 0.54%, 0, 0, 11, 1758.14
1775298978, 2770, 111, 435, 0, 0, 0.54%, 0, 0, 11, 1733.39
1775298983, 2770, 205, 435, 0, 0, 0.54%, 0, 0, 11, 1720.13
1775298988, 2770, 284, 435, 0, 0, 0.54%, 0, 0, 11, 1713.74
1775298993, 2770, 385, 435, 0, 0, 0.54%, 0, 0, 11, 1520.20
1775298999, 2771, 63, 435, 0, 0, 0.54%, 0, 0, 11, 1609.38
1775299004, 2771, 111, 435, 0, 0, 0.54%, 0, 0, 11, 1679.00
1775299009, 2771, 182, 435, 0, 0, 0.54%, 0, 0, 11, 1649.25
1775299014, 2771, 267, 435, 0, 0, 0.54%, 0, 0, 11, 1656.30
1775299019, 2771, 357, 435, 0, 0, 0.54%, 0, 0, 11, 1635.17
1775299024, 2772, 56, 435, 0, 0, 0.54%, 0, 0, 11, 1548.76
1775299029, 2772, 86, 435, 0, 0, 0.54%, 0, 0, 11, 1615.11
1775299034, 2772, 152, 435, 0, 0, 0.54%, 0, 0, 11, 1732.25
1775299039, 2772, 285, 435, 0, 0, 0.54%, 0, 0, 11, 1610.62
1775299044, 2772, 383, 435, 0, 0, 0.54%, 0, 0, 11, 1516.13
1775299049, 2773, 63, 435, 0, 0, 0.54%, 0, 0, 11, 1508.39
1775299055, 2773, 111, 435, 0, 0, 0.54%, 0, 0, 11, 1621.86
1775299060, 2773, 253, 435, 0, 0, 0.54%, 0, 0, 11, 1588.84
1775299065, 2773, 314, 435, 0, 0, 0.54%, 0, 0, 11, 1597.47
1775299070, 2773, 377, 435, 0, 0, 0.54%, 0, 0, 11, 1452.08
1775299075, 2773, 429, 435, 0, 0, 0.54%, 0, 0, 11, 1347.34
1775299080, 2774, 61, 435, 0, 0, 0.54%, 0, 0, 11, 1541.21
1775299085, 2774, 86, 435, 0, 0, 0.54%, 0, 0, 11, 1706.71
1775299090, 2774, 147, 435, 0, 0, 0.54%, 0, 0, 11, 1754.65
1775299095, 2774, 216, 435, 0, 0, 0.54%, 0, 0, 11, 1703.98
1775299100, 2774, 322, 435, 0, 0, 0.54%, 0, 0, 11, 1709.13
1775299105, 2774, 372, 435, 0, 0, 0.54%, 0, 0, 11, 1625.73
1775299111, 2774, 430, 435, 0, 0, 0.54%, 0, 0, 11, 1382.28
1775299116, 2775, 63, 435, 0, 0, 0.54%, 0, 0, 11, 1698.26
1775299121, 2775, 100, 435, 0, 0, 0.54%, 0, 0, 11, 1612.54
1775299126, 2775, 243, 435, 0, 0, 0.54%, 0, 0, 11, 1667.43
1775299131, 2775, 349, 435, 0, 0, 0.54%, 0, 0, 11, 1726.19
1775299136, 2775, 406, 435, 0, 0, 0.54%, 0, 0, 11, 1473.81
1775299141, 2776, 91, 435, 0, 0, 0.54%, 0, 0, 11, 1702.36
1775299146, 2776, 196, 435, 0, 0, 0.54%, 0, 0, 11, 1759.62
1775299152, 2776, 325, 435, 0, 0, 0.54%, 0, 0, 11, 1769.48
1775299157, 2776, 385, 435, 0, 0, 0.54%, 0, 0, 11, 1522.83
1775299162, 2777, 72, 435, 0, 0, 0.54%, 0, 0, 11, 1712.60
1775299167, 2777, 100, 435, 0, 0, 0.54%, 0, 0, 11, 1720.14
1775299172, 2777, 191, 435, 0, 0, 0.54%, 0, 0, 11, 1948.69
1775299177, 2777, 250, 435, 0, 0, 0.54%, 0, 0, 11, 1686.90
1775299182, 2777, 349, 435, 0, 0, 0.54%, 0, 0, 11, 1664.75
1775299187, 2777, 434, 435, 0, 0, 0.54%, 0, 0, 11, 1614.10
1775299192, 2778, 80, 435, 0, 0, 0.54%, 0, 0, 11, 1713.13
1775299197, 2778, 133, 435, 0, 0, 0.54%, 0, 0, 11, 1663.09
1775299202, 2778, 196, 435, 0, 0, 0.54%, 0, 0, 11, 1703.77
1775299207, 2778, 287, 435, 0, 0, 0.54%, 0, 0, 11, 1713.98
1775299213, 2778, 373, 435, 0, 0, 0.54%, 0, 0, 11, 1666.11
1775299218, 2779, 79, 435, 0, 0, 0.54%, 0, 0, 11, 1709.57
1775299223, 2779, 134, 435, 0, 0, 0.54%, 0, 0, 11, 1664.47
1775299228, 2779, 190, 435, 0, 0, 0.54%, 0, 0, 11, 1544.56
1775299233, 2779, 207, 435, 0, 0, 0.54%, 0, 0, 11, 1490.20
1775299238, 2779, 282, 435, 0, 0, 0.54%, 0, 0, 11, 1519.70
1775299243, 2779, 338, 435, 0, 0, 0.54%, 0, 0, 11, 1669.36
1775299248, 2779, 388, 435, 0, 0, 0.54%, 0, 0, 11, 1430.25
1775299253, 2780, 86, 435, 0, 0, 0.54%, 0, 0, 11, 1700.74
1775299258, 2780, 164, 435, 0, 0, 0.54%, 0, 0, 11, 1679.74
1775299264, 2780, 218, 435, 0, 0, 0.54%, 0, 0, 11, 1670.54
1775299269, 2780, 349, 435, 0, 0, 0.54%, 0, 0, 11, 1685.76
1775299274, 2780, 385, 435, 0, 0, 0.54%, 0, 0, 11, 1605.92
1775299279, 2781, 79, 435, 0, 0, 0.54%, 0, 0, 11, 1671.40
1775299284, 2781, 104, 435, 0, 0, 0.54%, 0, 0, 11, 1645.78
1775299289, 2781, 147, 435, 0, 0, 0.54%, 0, 0, 11, 1546.23
1775299294, 2781, 276, 435, 0, 0, 0.54%, 0, 0, 11, 1645.56
1775299299, 2781, 354, 435, 0, 0, 0.54%, 0, 0, 11, 1658.59
1775299304, 2782, 7, 435, 0, 0, 0.54%, 0, 0, 11, 1534.44
1775299309, 2782, 69, 435, 0, 0, 0.54%, 0, 0, 11, 1766.01
1775299314, 2782, 111, 435, 0, 0, 0.54%, 0, 0, 11, 1751.27
1775299320, 2782, 227, 435, 0, 0, 0.54%, 0, 0, 11, 1624.85
1775299325, 2782, 349, 435, 0, 0, 0.54%, 0, 0, 11, 1619.24
1775299330, 2783, 36, 435, 0, 0, 0.54%, 0, 0, 11, 1567.39
1775299335, 2783, 100, 435, 0, 0, 0.54%, 0, 0, 11, 1758.58
1775299340, 2783, 185, 435, 0, 0, 0.54%, 0, 0, 11, 1773.41
1775299345, 2783, 349, 435, 0, 0, 0.54%, 0, 0, 11, 1725.85
1775299350, 2783, 385, 435, 0, 0, 0.54%, 0, 0, 11, 1653.72
1775299355, 2784, 69, 435, 0, 0, 0.54%, 0, 0, 11, 1760.26
1775299360, 2784, 130, 435, 0, 0, 0.54%, 0, 0, 11, 1628.42
1775299365, 2784, 235, 435, 0, 0, 0.54%, 0, 0, 11, 1337.56
1775299371, 2784, 349, 435, 0, 0, 0.54%, 0, 0, 11, 1551.38
1775299376, 2784, 385, 435, 0, 0, 0.54%, 0, 0, 11, 1537.97
1775299381, 2785, 57, 435, 0, 0, 0.54%, 0, 0, 11, 1303.23
1775299386, 2785, 100, 435, 0, 0, 0.54%, 0, 0, 11, 1603.90
1775299391, 2785, 208, 435, 0, 0, 0.54%, 0, 0, 11, 1658.95
1775299396, 2785, 349, 435, 0, 0, 0.54%, 0, 0, 11, 1572.06
1775299401, 2785, 385, 435, 0, 0, 0.54%, 0, 0, 11, 1593.63
1775299406, 2786, 69, 435, 0, 0, 0.54%, 0, 0, 11, 1743.19
1775299411, 2786, 111, 435, 0, 0, 0.54%, 0, 0, 11, 1663.60
1775299416, 2786, 196, 435, 0, 0, 0.54%, 0, 0, 11, 1716.27
1775299421, 2786, 325, 435, 0, 0, 0.54%, 0, 0, 11, 1698.52
1775299426, 2786, 371, 435, 0, 0, 0.54%, 0, 0, 11, 1545.31
1775299431, 2787, 63, 435, 0, 0, 0.54%, 0, 0, 11, 1530.79
1775299437, 2787, 100, 435, 0, 0, 0.54%, 0, 0, 11, 1641.82
1775299442, 2787, 147, 435, 0, 0, 0.54%, 0, 0, 11, 1637.24
1775299447, 2787, 229, 435, 0, 0, 0.54%, 0, 0, 11, 1663.33
1775299452, 2787, 291, 435, 0, 0, 0.54%, 0, 0, 11, 1742.65
1775299457, 2787, 371, 435, 0, 0, 0.54%, 0, 0, 11, 1592.85
1775299462, 2788, 63, 435, 0, 0, 0.54%, 0, 0, 11, 1676.89
1775299467, 2788, 91, 435, 0, 0, 0.54%, 0, 0, 11, 1684.30
1775299472, 2788, 196, 435, 0, 0, 0.54%, 0, 0, 11, 1730.86
1775299477, 2788, 325, 435, 0, 0, 0.54%, 0, 0, 11, 1684.42
1775299482, 2788, 385, 435, 0, 0, 0.54%, 0, 0, 11, 1494.21
1775299488, 2789, 33, 435, 0, 0, 0.54%, 0, 0, 11, 1488.05
1775299493, 2789, 107, 435, 0, 0, 0.54%, 0, 0, 11, 1700.55
1775299498, 2789, 189, 435, 0, 0, 0.54%, 0, 0, 11, 1655.18
1775299503, 2789, 322, 435, 0, 0, 0.54%, 0, 0, 11, 1708.36
1775299508, 2789, 385, 435, 0, 0, 0.54%, 0, 0, 11, 1538.18
1775299513, 2790, 86, 435, 0, 0, 0.54%, 0, 0, 11, 1589.16
1775299518, 2790, 151, 435, 0, 0, 0.54%, 0, 0, 11, 1623.31
1775299523, 2790, 349, 435, 0, 0, 0.54%, 0, 0, 11, 1720.65
1775299528, 2790, 385, 435, 0, 0, 0.54%, 0, 0, 11, 1522.83
1775299533, 2791, 79, 435, 0, 0, 0.54%, 0, 0, 11, 1627.85
1775299538, 2791, 100, 435, 0, 0, 0.54%, 0, 0, 11, 1630.26
1775299543, 2791, 240, 435, 0, 0, 0.54%, 0, 0, 11, 1677.49
1775299548, 2791, 324, 435, 0, 0, 0.54%, 0, 0, 11, 1789.51
1775299553, 2791, 385, 435, 0, 0, 0.54%, 0, 0, 11, 1599.77
1775299559, 2792, 63, 435, 0, 0, 0.54%, 0, 0, 11, 1621.50
1775299564, 2792, 111, 435, 0, 0, 0.54%, 0, 0, 11, 1735.12
1775299569, 2792, 148, 435, 0, 0, 0.54%, 0, 0, 11, 1666.22
1775299574, 2792, 274, 435, 0, 0, 0.54%, 0, 0, 11, 1637.87
1775299579, 2792, 385, 435, 0, 0, 0.54%, 0, 0, 11, 1560.28
1775299584, 2793, 40, 435, 0, 0, 0.54%, 0, 0, 11, 1646.27
1775299589, 2793, 91, 435, 0, 0, 0.54%, 0, 0, 11, 1642.95
1775299594, 2793, 180, 435, 0, 0, 0.54%, 0, 0, 11, 1638.15
1775299599, 2793, 268, 435, 0, 0, 0.54%, 0, 0, 11, 1573.11
1775299605, 2793, 385, 435, 0, 0, 0.54%, 0, 0, 11, 1688.72
1775299610, 2794, 11, 435, 0, 0, 0.54%, 0, 0, 11, 1776.47
1775299615, 2794, 86, 435, 0, 0, 0.54%, 0, 0, 11, 1596.24
1775299620, 2794, 126, 435, 0, 0, 0.54%, 0, 0, 11, 1701.80
1775299625, 2794, 200, 435, 0, 0, 0.54%, 0, 0, 11, 1615.17
1775299630, 2794, 273, 435, 0, 0, 0.54%, 0, 0, 11, 1668.26
1775299635, 2794, 349, 435, 0, 0, 0.54%, 0, 0, 11, 1573.85
1775299640, 2795, 33, 435, 0, 0, 0.54%, 0, 0, 11, 1461.28
1775299645, 2795, 87, 435, 0, 0, 0.54%, 0, 0, 11, 1690.08
1775299650, 2795, 133, 435, 0, 0, 0.54%, 0, 0, 11, 1559.84
1775299655, 2795, 196, 435, 0, 0, 0.54%, 0, 0, 11, 1675.75
1775299660, 2795, 349, 435, 0, 0, 0.54%, 0, 0, 11, 1519.82
1775299666, 2796, 31, 435, 0, 0, 0.54%, 0, 0, 11, 1518.66
1775299671, 2796, 80, 435, 0, 0, 0.54%, 0, 0, 11, 1735.34
1775299676, 2796, 167, 435, 0, 0, 0.54%, 0, 0, 11, 1709.85
1775299681, 2796, 297, 435, 0, 0, 0.54%, 0, 0, 11, 1774.81
1775299686, 2796, 429, 435, 0, 0, 0.54%, 0, 0, 11, 1723.42
1775299691, 2796, 432, 435, 0, 0, 0.54%, 0, 0, 11, 1659.91
1775299696, 2797, 63, 435, 0, 0, 0.54%, 0, 0, 11, 1616.92
1775299701, 2797, 81, 435, 0, 0, 0.54%, 0, 0, 11, 1710.56
1775299706, 2797, 136, 435, 0, 0, 0.54%, 0, 0, 11, 1688.16
1775299712, 2797, 209, 435, 0, 0, 0.54%, 0, 0, 11, 1688.94
1775299717, 2797, 289, 435, 0, 0, 0.54%, 0, 0, 11, 1621.78
1775299722, 2797, 349, 435, 0, 0, 0.54%, 0, 0, 11, 1582.21
1775299727, 2798, 1, 435, 0, 0, 0.54%, 0, 0, 11, 1502.26
1775299732, 2798, 63, 435, 0, 0, 0.54%, 0, 0, 11, 1708.69
1775299737, 2798, 100, 435, 0, 0, 0.54%, 0, 0, 11, 1678.19
1775299742, 2798, 151, 435, 0, 0, 0.54%, 0, 0, 11, 1609.68
1775299747, 2798, 349, 435, 0, 0, 0.54%, 0, 0, 11, 1616.79
1775299753, 2799, 11, 435, 0, 0, 0.54%, 0, 0, 11, 1438.78
1775299758, 2799, 86, 435, 0, 0, 0.54%, 0, 0, 11, 1753.35
1775299763, 2799, 127, 435, 0, 0, 0.54%, 0, 0, 11, 1679.12
1775299768, 2799, 325, 435, 0, 0, 0.54%, 0, 0, 11, 1767.78
1775299773, 2799, 402, 435, 0, 0, 0.54%, 0, 0, 11, 1435.45
1775299778, 2800, 36, 435, 0, 0, 0.54%, 0, 0, 11, 1664.82
1775299783, 2800, 111, 435, 0, 0, 0.54%, 0, 0, 11, 1776.85
1775299788, 2800, 236, 435, 0, 0, 0.54%, 0, 0, 11, 1674.34
1775299793, 2800, 357, 435, 0, 0, 0.54%, 0, 0, 11, 1509.27
1775299798, 2800, 431, 435, 0, 0, 0.54%, 0, 0, 11, 1496.71
1775299804, 2801, 80, 435, 0, 0, 0.54%, 0, 0, 11, 1717.53
1775299809, 2801, 147, 435, 0, 0, 0.54%, 0, 0, 11, 1753.26
1775299814, 2801, 202, 435, 0, 0, 0.54%, 0, 0, 11, 1722.64
1775299819, 2801, 257, 435, 0, 0, 0.54%, 0, 0, 11, 1602.77
1775299824, 2801, 349, 435, 0, 0, 0.54%, 0, 0, 11, 1642.66
1775299829, 2801, 385, 435, 0, 0, 0.54%, 0, 0, 11, 1585.86
1775299834, 2802, 67, 435, 0, 0, 0.54%, 0, 0, 11, 1681.52
1775299839, 2802, 109, 435, 0, 0, 0.54%, 0, 0, 11, 1720.72
1775299844, 2802, 228, 435, 0, 0, 0.54%, 0, 0, 11, 1775.46
1775299850, 2802, 354, 435, 0, 0, 0.54%, 0, 0, 11, 1603.13
1775299855, 2802, 429, 435, 0, 0, 0.54%, 0, 0, 11, 1422.80
1775299860, 2803, 63, 435, 0, 0, 0.54%, 0, 0, 11, 1872.20
1775299865, 2803, 139, 435, 0, 0, 0.54%, 0, 0, 11, 1854.63
1775299870, 2803, 267, 435, 0, 0, 0.54%, 0, 0, 11, 1728.61
1775299876, 2803, 354, 435, 0, 0, 0.54%, 0, 0, 11, 1580.32
1775299881, 2804, 22, 435, 0, 0, 0.54%, 0, 0, 11, 1607.42
1775299886, 2804, 71, 435, 0, 0, 0.54%, 0, 0, 11, 1677.68
1775299891, 2804, 100, 435, 0, 0, 0.54%, 0, 0, 11, 1725.93
1775299896, 2804, 192, 435, 0, 0, 0.54%, 0, 0, 11, 1748.92
1775299901, 2804, 357, 435, 0, 0, 0.54%, 0, 0, 11, 1633.23
1775299906, 2804, 433, 435, 0, 0, 0.54%, 0, 0, 11, 1455.98
1775299911, 2805, 43, 435, 0, 0, 0.54%, 0, 0, 11, 1651.47
1775299916, 2805, 100, 435, 0, 0, 0.54%, 0, 0, 11, 1682.81
1775299921, 2805, 147, 435, 0, 0, 0.54%, 0, 0, 11, 1740.52
1775299926, 2805, 275, 435, 0, 0, 0.54%, 0, 0, 11, 1764.54
1775299931, 2805, 297, 435, 0, 0, 0.54%, 0, 0, 11, 1645.65
1775299937, 2805, 357, 435, 0, 0, 0.54%, 0, 0, 11, 1478.78
1775299942, 2806, 78, 435, 0, 0, 0.54%, 0, 0, 11, 1743.91
1775299947, 2806, 100, 435, 0, 0, 0.54%, 0, 0, 11, 1630.21
1775299952, 2806, 184, 435, 0, 0, 0.54%, 0, 0, 11, 1541.11
1775299957, 2806, 290, 435, 0, 0, 0.54%, 0, 0, 11, 1614.09
1775299962, 2806, 327, 435, 0, 0, 0.54%, 0, 0, 11, 1644.74
1775299967, 2807, 3, 435, 0, 0, 0.54%, 0, 0, 11, 1558.15
1775299972, 2807, 86, 435, 0, 0, 0.54%, 0, 0, 11, 1657.04
1775299977, 2807, 143, 435, 0, 0, 0.54%, 0, 0, 11, 1738.27
1775299982, 2807, 189, 435, 0, 0, 0.54%, 0, 0, 11, 1605.71
1775299987, 2807, 280, 435, 0, 0, 0.54%, 0, 0, 11, 1680.66
1775299993, 2807, 357, 435, 0, 0, 0.54%, 0, 0, 11, 1628.05
1775299998, 2808, 63, 435, 0, 0, 0.54%, 0, 0, 11, 1620.23
1775300003, 2808, 97, 435, 0, 0, 0.54%, 0, 0, 11, 1725.67
1775300008, 2808, 196, 435, 0, 0, 0.54%, 0, 0, 11, 1679.36
1775300013, 2808, 311, 435, 0, 0, 0.54%, 0, 0, 11, 1749.85
1775300018, 2808, 354, 435, 0, 0, 0.54%, 0, 0, 11, 1660.90
1775300023, 2808, 431, 435, 0, 0, 0.54%, 0, 0, 11, 1573.65
1775300028, 2809, 61, 435, 0, 0, 0.54%, 0, 0, 11, 1764.31
1775300033, 2809, 111, 435, 0, 0, 0.54%, 0, 0, 11, 1745.02
1775300038, 2809, 196, 435, 0, 0, 0.54%, 0, 0, 11, 1673.24
1775300043, 2809, 312, 435, 0, 0, 0.54%, 0, 0, 11, 1848.57
1775300049, 2809, 371, 435, 0, 0, 0.54%, 0, 0, 11, 1629.08
1775300054, 2810, 63, 435, 0, 0, 0.54%, 0, 0, 11, 1607.27
1775300059, 2810, 93, 435, 0, 0, 0.54%, 0, 0, 11, 1712.84
1775300064, 2810, 119, 435, 0, 0, 0.54%, 0, 0, 11, 1606.66
1775300069, 2810, 220, 435, 0, 0, 0.54%, 0, 0, 11, 1670.07
1775300074, 2810, 363, 435, 0, 0, 0.54%, 0, 0, 11, 1664.14
1775300079, 2811, 53, 435, 0, 0, 0.54%, 0, 0, 11, 1788.36
1775300084, 2811, 91, 435, 0, 0, 0.54%, 0, 0, 11, 1537.71
1775300089, 2811, 188, 435, 0, 0, 0.54%, 0, 0, 11, 1588.65
1775300094, 2811, 256, 435, 0, 0, 0.54%, 0, 0, 11, 1681.08
1775300100, 2811, 325, 435, 0, 0, 0.54%, 0, 0, 11, 1661.92
1775300105, 2811, 385, 435, 0, 0, 0.54%, 0, 0, 11, 1665.48
1775300110, 2812, 40, 435, 0, 0, 0.54%, 0, 0, 11, 1465.82
1775300115, 2812, 81, 435, 0, 0, 0.54%, 0, 0, 11, 1568.81
1775300120, 2812, 111, 435, 0, 0, 0.54%, 0, 0, 11, 1722.67
1775300125, 2812, 196, 435, 0, 0, 0.54%, 0, 0, 11, 1639.23
1775300130, 2812, 243, 435, 0, 0, 0.54%, 0, 0, 11, 1608.79
1775300135, 2812, 349, 435, 0, 0, 0.54%, 0, 0, 11, 1798.55
1775300140, 2813, 59, 435, 0, 0, 0.54%, 0, 0, 11, 1692.83
1775300146, 2813, 80, 435, 0, 0, 0.54%, 0, 0, 11, 1709.37
1775300151, 2813, 116, 435, 0, 0, 0.54%, 0, 0, 11, 1726.86
1775300156, 2813, 193, 435, 0, 0, 0.54%, 0, 0, 11, 1583.04
1775300161, 2813, 340, 435, 0, 0, 0.54%, 0, 0, 11, 1777.47
1775300166, 2813, 408, 435, 0, 0, 0.54%, 0, 0, 11, 1453.44
1775300171, 2814, 72, 435, 0, 0, 0.54%, 0, 0, 11, 1738.28
1775300176, 2814, 91, 435, 0, 0, 0.54%, 0, 0, 11, 1785.63
1775300181, 2814, 207, 435, 0, 0, 0.54%, 0, 0, 11, 1715.39
1775300186, 2814, 354, 435, 0, 0, 0.54%, 0, 0, 11, 1692.24
1775300191, 2815, 32, 435, 0, 0, 0.54%, 0, 0, 11, 1591.69
1775300197, 2815, 94, 435, 0, 0, 0.54%, 0, 0, 11, 1703.15
1775300202, 2815, 121, 435, 0, 0, 0.54%, 0, 0, 11, 1659.77
1775300207, 2815, 196, 435, 0, 0, 0.54%, 0, 0, 11, 1656.51
1775300212, 2815, 354, 435, 0, 0, 0.54%, 0, 0, 11, 1718.95
1775300217, 2816, 30, 435, 0, 0, 0.54%, 0, 0, 11, 1656.43
1775300222, 2816, 91, 435, 0, 0, 0.54%, 0, 0, 11, 1670.06
1775300227, 2816, 170, 435, 0, 0, 0.54%, 0, 0, 11, 1642.64
1775300232, 2816, 234, 435, 0, 0, 0.54%, 0, 0, 11, 1518.55
1775300238, 2816, 349, 435, 0, 0, 0.54%, 0, 0, 11, 1559.55
1775300243, 2816, 399, 435, 0, 0, 0.54%, 0, 0, 11, 1284.97
1775300248, 2817, 80, 435, 0, 0, 0.54%, 0, 0, 11, 1605.76
1775300253, 2817, 147, 435, 0, 0, 0.54%, 0, 0, 11, 1695.62
1775300258, 2817, 222, 435, 0, 0, 0.54%, 0, 0, 11, 1581.34
1775300263, 2817, 325, 435, 0, 0, 0.54%, 0, 0, 11, 1524.60
1775300268, 2817, 385, 435, 0, 0, 0.54%, 0, 0, 11, 1512.95
1775300273, 2818, 40, 435, 0, 0, 0.54%, 0, 0, 11, 1508.61
1775300278, 2818, 86, 435, 0, 0, 0.54%, 0, 0, 11, 1709.88
1775300283, 2818, 120, 435, 0, 0, 0.54%, 0, 0, 11, 1730.17
1775300288, 2818, 196, 435, 0, 0, 0.54%, 0, 0, 11, 1641.00
1775300293, 2818, 354, 435, 0, 0, 0.54%, 0, 0, 11, 1633.21
1775300298, 2818, 431, 435, 0, 0, 0.54%, 0, 0, 11, 1658.05
1775300303, 2819, 68, 435, 0, 0, 0.54%, 0, 0, 11, 1821.36
1775300308, 2819, 94, 435, 0, 0, 0.54%, 0, 0, 11, 1642.05
1775300314, 2819, 145, 435, 0, 0, 0.54%, 0, 0, 11, 1619.62
1775300319, 2819, 215, 435, 0, 0, 0.54%, 0, 0, 11, 1682.59
1775300324, 2819, 349, 435, 0, 0, 0.54%, 0, 0, 11, 1665.08
1775300329, 2819, 418, 435, 0, 0, 0.54%, 0, 0, 11, 1391.89
1775300334, 2820, 79, 435, 0, 0, 0.54%, 0, 0, 11, 1580.63
1775300339, 2820, 110, 435, 0, 0, 0.54%, 0, 0, 11, 1159.58
1775300344, 2820, 161, 435, 0, 0, 0.54%, 0, 0, 11, 1551.48
1775300349, 2820, 287, 435, 0, 0, 0.54%, 0, 0, 11, 1659.77
1775300354, 2820, 371, 435, 0, 0, 0.54%, 0, 0, 11, 1644.66
1775300360, 2821, 33, 435, 0, 0, 0.54%, 0, 0, 11, 1463.29
1775300365, 2821, 86, 435, 0, 0, 0.54%, 0, 0, 11, 1620.94
1775300370, 2821, 196, 435, 0, 0, 0.54%, 0, 0, 11, 1731.64
1775300375, 2821, 302, 435, 0, 0, 0.54%, 0, 0, 11, 1674.68
1775300380, 2821, 385, 435, 0, 0, 0.54%, 0, 0, 11, 1523.02
1775300385, 2822, 79, 435, 0, 0, 0.54%, 0, 0, 11, 1539.07
1775300390, 2822, 111, 435, 0, 0, 0.54%, 0, 0, 11, 1721.90
1775300396, 2822, 232, 435, 0, 0, 0.54%, 0, 0, 11, 244.27
1775300401, 2822, 354, 435, 0, 0, 0.54%, 0, 0, 11, 1599.57
1775300406, 2823, 44, 435, 0, 0, 0.54%, 0, 0, 11, 1592.80
1775300411, 2823, 82, 435, 0, 0, 0.54%, 0, 0, 11, 1718.82
1775300416, 2823, 154, 435, 0, 0, 0.54%, 0, 0, 11, 1676.42
1775300421, 2823, 279, 435, 0, 0, 0.54%, 0, 0, 11, 1670.00
1775300426, 2823, 344, 435, 0, 0, 0.54%, 0, 0, 11, 1472.38
1775300431, 2823, 385, 435, 0, 0, 0.54%, 0, 0, 11, 1589.58
1775300436, 2824, 63, 435, 0, 0, 0.54%, 0, 0, 11, 1715.68
1775300441, 2824, 111, 435, 0, 0, 0.54%, 0, 0, 11, 1733.08
1775300446, 2824, 187, 435, 0, 0, 0.54%, 0, 0, 11, 1642.13
1775300451, 2824, 307, 435, 0, 0, 0.54%, 0, 0, 11, 1598.11
1775300456, 2824, 377, 435, 0, 0, 0.54%, 0, 0, 11, 1560.47
1775300461, 2825, 77, 435, 0, 0, 0.54%, 0, 0, 11, 1608.17
1775300467, 2825, 110, 435, 0, 0, 0.54%, 0, 0, 11, 1740.64
1775300472, 2825, 196, 435, 0, 0, 0.54%, 0, 0, 11, 1680.01
1775300477, 2825, 323, 435, 0, 0, 0.54%, 0, 0, 11, 1773.16
1775300482, 2825, 378, 435, 0, 0, 0.54%, 0, 0, 11, 1631.62
1775300487, 2826, 79, 435, 0, 0, 0.54%, 0, 0, 11, 1699.07
1775300492, 2826, 159, 435, 0, 0, 0.54%, 0, 0, 11, 1711.08
1775300497, 2826, 246, 435, 0, 0, 0.54%, 0, 0, 11, 1607.74
1775300502, 2826, 357, 435, 0, 0, 0.54%, 0, 0, 11, 1557.73
1775300507, 2826, 429, 435, 0, 0, 0.54%, 0, 0, 11, 1771.64
1775300513, 2827, 80, 435, 0, 0, 0.54%, 0, 0, 11, 1642.59
1775300518, 2827, 133, 435, 0, 0, 0.54%, 0, 0, 11, 1641.86
1775300523, 2827, 188, 435, 0, 0, 0.54%, 0, 0, 11, 1739.40
1775300528, 2827, 268, 435, 0, 0, 0.54%, 0, 0, 11, 1593.50
1775300533, 2827, 361, 435, 0, 0, 0.54%, 0, 0, 11, 1651.78
1775300538, 2828, 67, 435, 0, 0, 0.54%, 0, 0, 11, 1611.08
1775300543, 2828, 111, 435, 0, 0, 0.54%, 0, 0, 11, 1714.84
1775300548, 2828, 189, 435, 0, 0, 0.54%, 0, 0, 11, 1731.86
1775300554, 2828, 331, 435, 0, 0, 0.54%, 0, 0, 11, 1590.87
1775300559, 2829, 22, 435, 0, 0, 0.54%, 0, 0, 11, 1586.55
1775300564, 2829, 111, 435, 0, 0, 0.54%, 0, 0, 11, 1746.35
1775300569, 2829, 179, 435, 0, 0, 0.54%, 0, 0, 11, 1719.62
1775300574, 2829, 263, 435, 0, 0, 0.54%, 0, 0, 11, 1574.41
1775300579, 2829, 354, 435, 0, 0, 0.54%, 0, 0, 11, 1588.06
1775300584, 2830, 22, 435, 0, 0, 0.54%, 0, 0, 11, 1587.82
1775300589, 2830, 79, 435, 0, 0, 0.54%, 0, 0, 11, 1679.76
1775300594, 2830, 111, 435, 0, 0, 0.54%, 0, 0, 11, 1618.81
1775300600, 2830, 193, 435, 0, 0, 0.54%, 0, 0, 11, 1566.59
1775300605, 2830, 298, 435, 0, 0, 0.54%, 0, 0, 11, 1616.35
1775300610, 2830, 357, 435, 0, 0, 0.54%, 0, 0, 11, 1600.25
1775300615, 2830, 434, 435, 0, 0, 0.54%, 0, 0, 11, 1436.49
1775300620, 2831, 79, 435, 0, 0, 0.54%, 0, 0, 11, 1691.21
1775300625, 2831, 105, 435, 0, 0, 0.54%, 0, 0, 11, 1620.37
1775300630, 2831, 181, 435, 0, 0, 0.54%, 0, 0, 11, 1609.75
1775300635, 2831, 273, 435, 0, 0, 0.54%, 0, 0, 11, 1533.28
1775300640, 2831, 371, 435, 0, 0, 0.54%, 0, 0, 11, 1573.53
1775300645, 2832, 50, 435, 0, 0, 0.54%, 0, 0, 11, 1456.80
1775300650, 2832, 86, 435, 0, 0, 0.54%, 0, 0, 11, 1643.91
1775300655, 2832, 147, 435, 0, 0, 0.54%, 0, 0, 11, 1591.34
1775300660, 2832, 325, 435, 0, 0, 0.54%, 0, 0, 11, 1598.45
1775300666, 2832, 377, 435, 0, 0, 0.54%, 0, 0, 11, 1620.01
1775300671, 2833, 51, 435, 0, 0, 0.54%, 0, 0, 11, 1717.24
1775300676, 2833, 100, 435, 0, 0, 0.54%, 0, 0, 11, 1735.92
1775300681, 2833, 144, 435, 0, 0, 0.54%, 0, 0, 11, 1676.58
1775300686, 2833, 196, 435, 0, 0, 0.54%, 0, 0, 11, 1676.70
1775300691, 2833, 371, 435, 0, 0, 0.54%, 0, 0, 11, 1657.06
1775300696, 2834, 22, 435, 0, 0, 0.54%, 0, 0, 11, 1715.87
1775300701, 2834, 86, 435, 0, 0, 0.54%, 0, 0, 11, 1718.84
1775300706, 2834, 147, 435, 0, 0, 0.54%, 0, 0, 11, 1700.45
1775300711, 2834, 205, 435, 0, 0, 0.54%, 0, 0, 11, 1592.64
1775300717, 2834, 328, 435, 0, 0, 0.54%, 0, 0, 11, 1600.96
1775300722, 2834, 418, 435, 0, 0, 0.54%, 0, 0, 11, 1360.00
1775300727, 2835, 91, 435, 0, 0, 0.54%, 0, 0, 11, 1579.85
1775300732, 2835, 173, 435, 0, 0, 0.54%, 0, 0, 11, 1628.28
1775300737, 2835, 223, 435, 0, 0, 0.54%, 0, 0, 11, 1654.87
1775300742, 2835, 325, 435, 0, 0, 0.54%, 0, 0, 11, 1564.49
1775300747, 2835, 373, 435, 0, 0, 0.54%, 0, 0, 11, 1462.12
1775300752, 2836, 79, 435, 0, 0, 0.54%, 0, 0, 11, 1643.32
1775300757, 2836, 100, 435, 0, 0, 0.54%, 0, 0, 11, 1587.33
1775300762, 2836, 232, 435, 0, 0, 0.54%, 0, 0, 11, 1662.61
1775300767, 2836, 354, 435, 0, 0, 0.54%, 0, 0, 11, 1518.33
1775300772, 2837, 63, 435, 0, 0, 0.54%, 0, 0, 11, 1600.44
1775300777, 2837, 91, 435, 0, 0, 0.54%, 0, 0, 11, 1665.34
1775300783, 2837, 218, 435, 0, 0, 0.54%, 0, 0, 11, 1944.25
1775300788, 2837, 354, 435, 0, 0, 0.54%, 0, 0, 11, 1643.95
1775300793, 2837, 405, 435, 0, 0, 0.54%, 0, 0, 11, 1253.94
1775300798, 2838, 41, 435, 0, 0, 0.54%, 0, 0, 11, 1746.85
1775300803, 2838, 100, 435, 0, 0, 0.54%, 0, 0, 11, 1665.97
1775300808, 2838, 191, 435, 0, 0, 0.54%, 0, 0, 11, 1540.74
1775300813, 2838, 297, 435, 0, 0, 0.54%, 0, 0, 11, 1816.88
1775300818, 2838, 357, 435, 0, 0, 0.54%, 0, 0, 11, 1643.30
1775300823, 2839, 22, 435, 0, 0, 0.54%, 0, 0, 11, 1497.09
1775300828, 2839, 86, 435, 0, 0, 0.54%, 0, 0, 11, 1660.02
1775300833, 2839, 147, 435, 0, 0, 0.54%, 0, 0, 11, 793.05
1775300838, 2839, 263, 435, 0, 0, 0.54%, 0, 0, 11, 1455.79
1775300844, 2839, 354, 435, 0, 0, 0.54%, 0, 0, 11, 1535.56
1775300849, 2840, 10, 435, 0, 0, 0.54%, 0, 0, 11, 1620.66
1775300854, 2840, 91, 435, 0, 0, 0.54%, 0, 0, 11, 1749.29
1775300859, 2840, 219, 435, 0, 0, 0.54%, 0, 0, 11, 1897.41
1775300864, 2840, 349, 435, 0, 0, 0.54%, 0, 0, 11, 1678.13
1775300869, 2840, 385, 435, 0, 0, 0.54%, 0, 0, 11, 1610.52
1775300874, 2841, 79, 435, 0, 0, 0.54%, 0, 0, 11, 1746.29
1775300879, 2841, 100, 435, 0, 0, 0.54%, 0, 0, 11, 1812.81
1775300884, 2841, 219, 435, 0, 0, 0.54%, 0, 0, 11, 1640.75
1775300890, 2841, 371, 435, 0, 0, 0.54%, 0, 0, 11, 1702.57
1775300895, 2842, 27, 435, 0, 0, 0.54%, 0, 0, 11, 1579.46
1775300900, 2842, 86, 435, 0, 0, 0.54%, 0, 0, 11, 1723.39
1775300905, 2842, 155, 435, 0, 0, 0.54%, 0, 0, 11, 1680.56
1775300910, 2842, 289, 435, 0, 0, 0.54%, 0, 0, 11, 1751.72
1775300915, 2842, 357, 435, 0, 0, 0.54%, 0, 0, 11, 1710.33
1775300920, 2843, 30, 435, 0, 0, 0.54%, 0, 0, 11, 1604.65
1775300925, 2843, 80, 435, 0, 0, 0.54%, 0, 0, 11, 1630.70
1775300931, 2843, 139, 435, 0, 0, 0.54%, 0, 0, 11, 1507.80
1775300936, 2843, 191, 435, 0, 0, 0.54%, 0, 0, 11, 1508.42
1775300941, 2843, 353, 435, 0, 0, 0.54%, 0, 0, 11, 1703.22
1775300946, 2844, 24, 435, 0, 0, 0.54%, 0, 0, 11, 1561.58
1775300951, 2844, 80, 435, 0, 0, 0.54%, 0, 0, 11, 1603.22
1775300956, 2844, 111, 435, 0, 0, 0.54%, 0, 0, 11, 1621.33
1775300961, 2844, 256, 435, 0, 0, 0.54%, 0, 0, 11, 1676.24
1775300966, 2844, 381, 435, 0, 0, 0.54%, 0, 0, 11, 1555.16
1775300971, 2845, 41, 435, 0, 0, 0.54%, 0, 0, 11, 1595.61
1775300976, 2845, 91, 435, 0, 0, 0.54%, 0, 0, 11, 1690.42
1775300981, 2845, 190, 435, 0, 0, 0.54%, 0, 0, 11, 1691.35
1775300987, 2845, 325, 435, 0, 0, 0.54%, 0, 0, 11, 1597.00
1775300992, 2845, 390, 435, 0, 0, 0.54%, 0, 0, 11, 1572.37
1775300997, 2846, 80, 435, 0, 0, 0.54%, 0, 0, 11, 1680.21
1775301002, 2846, 141, 435, 0, 0, 0.54%, 0, 0, 11, 1654.72
1775301007, 2846, 218, 435, 0, 0, 0.54%, 0, 0, 11, 1697.50
1775301012, 2846, 326, 435, 0, 0, 0.54%, 0, 0, 11, 1627.45
1775301017, 2846, 385, 435, 0, 0, 0.54%, 0, 0, 11, 1528.05
1775301022, 2847, 39, 435, 0, 0, 0.54%, 0, 0, 11, 1597.11
1775301027, 2847, 80, 435, 0, 0, 0.54%, 0, 0, 11, 1792.28
1775301032, 2847, 139, 435, 0, 0, 0.54%, 0, 0, 11, 1710.61
1775301037, 2847, 236, 435, 0, 0, 0.54%, 0, 0, 11, 1716.86
1775301043, 2847, 357, 435, 0, 0, 0.54%, 0, 0, 11, 1670.41
1775301048, 2847, 434, 435, 0, 0, 0.54%, 0, 0, 11, 1540.42
1775301053, 2848, 86, 435, 0, 0, 0.54%, 0, 0, 11, 1756.87
1775301058, 2848, 142, 435, 0, 0, 0.54%, 0, 0, 11, 1728.83
1775301063, 2848, 270, 435, 0, 0, 0.54%, 0, 0, 11, 1618.00
1775301068, 2848, 371, 435, 0, 0, 0.54%, 0, 0, 11, 1617.52
1775301073, 2849, 61, 435, 0, 0, 0.54%, 0, 0, 11, 1479.78
1775301078, 2849, 91, 435, 0, 0, 0.54%, 0, 0, 11, 1665.28
1775301083, 2849, 145, 435, 0, 0, 0.54%, 0, 0, 11, 1749.52
1775301089, 2849, 182, 435, 0, 0, 0.54%, 0, 0, 11, 1635.99
1775301094, 2849, 230, 435, 0, 0, 0.54%, 0, 0, 11, 1609.93
1775301099, 2849, 325, 435, 0, 0, 0.54%, 0, 0, 11, 1610.46
1775301104, 2849, 385, 435, 0, 0, 0.54%, 0, 0, 11, 1524.97
1775301109, 2850, 63, 435, 0, 0, 0.54%, 0, 0, 11, 1853.43
1775301114, 2850, 92, 435, 0, 0, 0.54%, 0, 0, 11, 1637.84
1775301119, 2850, 116, 435, 0, 0, 0.54%, 0, 0, 11, 1641.44
1775301124, 2850, 167, 435, 0, 0, 0.54%, 0, 0, 11, 1632.40
1775301129, 2850, 296, 435, 0, 0, 0.54%, 0, 0, 11, 1693.27
1775301135, 2850, 385, 435, 0, 0, 0.54%, 0, 0, 11, 1555.93
1775301140, 2851, 37, 435, 0, 0, 0.54%, 0, 0, 11, 1354.90
1775301145, 2851, 80, 435, 0, 0, 0.54%, 0, 0, 11, 1748.83
1775301150, 2851, 147, 435, 0, 0, 0.54%, 0, 0, 11, 1160.04
1775301155, 2851, 325, 435, 0, 0, 0.54%, 0, 0, 11, 1591.48
1775301160, 2852, 1, 435, 0, 0, 0.54%, 0, 0, 11, 1626.00
1775301165, 2852, 80, 435, 0, 0, 0.54%, 0, 0, 11, 744.06
1775301170, 2852, 178, 435, 0, 0, 0.54%, 0, 0, 11, 1501.44
1775301175, 2852, 294, 435, 0, 0, 0.54%, 0, 0, 11, 1640.77
1775301180, 2852, 361, 435, 0, 0, 0.54%, 0, 0, 11, 1511.64
1775301186, 2852, 431, 435, 0, 0, 0.54%, 0, 0, 11, 1502.52
1775301191, 2853, 27, 435, 0, 0, 0.54%, 0, 0, 11, 1655.30
1775301196, 2853, 100, 435, 0, 0, 0.54%, 0, 0, 11, 1629.51
1775301201, 2853, 173, 435, 0, 0, 0.54%, 0, 0, 11, 1642.23
1775301206, 2853, 219, 435, 0, 0, 0.54%, 0, 0, 11, 1698.69
1775301211, 2853, 295, 435, 0, 0, 0.54%, 0, 0, 11, 1703.20
1775301216, 2853, 354, 435, 0, 0, 0.54%, 0, 0, 11, 1653.11
1775301221, 2853, 433, 435, 0, 0, 0.54%, 0, 0, 11, 1673.91
1775301226, 2854, 80, 435, 0, 0, 0.54%, 0, 0, 11, 1702.52
1775301231, 2854, 147, 435, 0, 0, 0.54%, 0, 0, 11, 1792.35
1775301237, 2854, 196, 435, 0, 0, 0.54%, 0, 0, 11, 1787.89
1775301242, 2854, 335, 435, 0, 0, 0.54%, 0, 0, 11, 1727.90
1775301247, 2854, 386, 435, 0, 0, 0.54%, 0, 0, 11, 1631.24
1775301252, 2855, 61, 435, 0, 0, 0.54%, 0, 0, 11, 1637.51
1775301257, 2855, 90, 435, 0, 0, 0.54%, 0, 0, 11, 1596.33
1775301262, 2855, 146, 435, 0, 0, 0.54%, 0, 0, 11, 1658.97
1775301267, 2855, 198, 435, 0, 0, 0.54%, 0, 0, 11, 1755.47
1775301272, 2855, 271, 435, 0, 0, 0.54%, 0, 0, 11, 1670.30
1775301277, 2855, 385, 435, 0, 0, 0.54%, 0, 0, 11, 1602.20
1775301282, 2856, 79, 435, 0, 0, 0.54%, 0, 0, 11, 1672.36
1775301287, 2856, 111, 435, 0, 0, 0.54%, 0, 0, 11, 1724.17
1775301292, 2856, 222, 435, 0, 0, 0.54%, 0, 0, 11, 1759.86
1775301297, 2856, 353, 435, 0, 0, 0.54%, 0, 0, 11, 1723.11
1775301302, 2857, 7, 435, 0, 0, 0.54%, 0, 0, 11, 1527.58
1775301308, 2857, 86, 435, 0, 0, 0.54%, 0, 0, 11, 1645.88
1775301313, 2857, 147, 435, 0, 0, 0.54%, 0, 0, 11, 1681.62
1775301318, 2857, 226, 435, 0, 0, 0.54%, 0, 0, 11, 1724.18
1775301323, 2857, 295, 435, 0, 0, 0.54%, 0, 0, 11, 1683.51
1775301328, 2857, 366, 435, 0, 0, 0.54%, 0, 0, 11, 1573.58
1775301333, 2858, 59, 435, 0, 0, 0.54%, 0, 0, 11, 1677.67
1775301338, 2858, 91, 435, 0, 0, 0.54%, 0, 0, 11, 1717.44
1775301343, 2858, 146, 435, 0, 0, 0.54%, 0, 0, 11, 1659.17
1775301348, 2858, 273, 435, 0, 0, 0.54%, 0, 0, 11, 1668.95
1775301353, 2858, 357, 435, 0, 0, 0.54%, 0, 0, 11, 1603.10
1775301358, 2859, 22, 435, 0, 0, 0.54%, 0, 0, 11, 1399.29
1775301363, 2859, 80, 435, 0, 0, 0.54%, 0, 0, 11, 1616.49
1775301368, 2859, 111, 435, 0, 0, 0.54%, 0, 0, 11, 1612.19
1775301373, 2859, 229, 435, 0, 0, 0.54%, 0, 0, 11, 1682.75
1775301379, 2859, 297, 435, 0, 0, 0.54%, 0, 0, 11, 1493.90
1775301384, 2859, 357, 435, 0, 0, 0.54%, 0, 0, 11, 1471.78
1775301389, 2860, 40, 435, 0, 0, 0.54%, 0, 0, 11, 1471.39
1775301394, 2860, 80, 435, 0, 0, 0.54%, 0, 0, 11, 1580.83
1775301399, 2860, 152, 435, 0, 0, 0.54%, 0, 0, 11, 1546.28
1775301404, 2860, 216, 435, 0, 0, 0.54%, 0, 0, 11, 1624.33
1775301409, 2860, 275, 435, 0, 0, 0.54%, 0, 0, 11, 1650.83
1775301414, 2860, 357, 435, 0, 0, 0.54%, 0, 0, 11, 1521.10
1775301420, 2860, 422, 435, 0, 0, 0.54%, 0, 0, 11, 1367.57
1775301425, 2861, 63, 435, 0, 0, 0.54%, 0, 0, 11, 1591.50
1775301430, 2861, 113, 435, 0, 0, 0.54%, 0, 0, 11, 1682.33
1775301435, 2861, 209, 435, 0, 0, 0.54%, 0, 0, 11, 1598.28
1775301440, 2861, 351, 435, 0, 0, 0.54%, 0, 0, 11, 1609.84
1775301445, 2862, 62, 435, 0, 0, 0.54%, 0, 0, 11, 1531.38
1775301450, 2862, 100, 435, 0, 0, 0.54%, 0, 0, 11, 1609.64
1775301455, 2862, 175, 435, 0, 0, 0.54%, 0, 0, 11, 1513.32
1775301460, 2862, 217, 435, 0, 0, 0.54%, 0, 0, 11, 2023.08
1775301465, 2862, 354, 435, 0, 0, 0.54%, 0, 0, 11, 1607.71
1775301470, 2862, 404, 435, 0, 0, 0.54%, 0, 0, 11, 1425.22
1775301476, 2863, 80, 435, 0, 0, 0.54%, 0, 0, 11, 1703.84
1775301481, 2863, 100, 435, 0, 0, 0.54%, 0, 0, 11, 1689.14
1775301486, 2863, 200, 435, 0, 0, 0.54%, 0, 0, 11, 1659.66
1775301491, 2863, 278, 435, 0, 0, 0.54%, 0, 0, 11, 1569.35
1775301496, 2863, 349, 435, 0, 0, 0.54%, 0, 0, 11, 1603.58
1775301501, 2864, 63, 435, 0, 0, 0.54%, 0, 0, 11, 1648.51
1775301506, 2864, 111, 435, 0, 0, 0.54%, 0, 0, 11, 1665.49
1775301511, 2864, 217, 435, 0, 0, 0.54%, 0, 0, 11, 1621.70
1775301516, 2864, 371, 435, 0, 0, 0.54%, 0, 0, 11, 1595.43
1775301521, 2865, 16, 435, 0, 0, 0.54%, 0, 0, 11, 1354.89
1775301527, 2865, 91, 435, 0, 0, 0.54%, 0, 0, 11, 1722.96
1775301532, 2865, 186, 435, 0, 0, 0.54%, 0, 0, 11, 1721.35
1775301537, 2865, 278, 435, 0, 0, 0.54%, 0, 0, 11, 1632.82
1775301542, 2865, 366, 435, 0, 0, 0.54%, 0, 0, 11, 1660.34
1775301547, 2866, 66, 435, 0, 0, 0.54%, 0, 0, 11, 1626.62
1775301552, 2866, 100, 435, 0, 0, 0.54%, 0, 0, 11, 1793.81
1775301557, 2866, 196, 435, 0, 0, 0.54%, 0, 0, 11, 1657.24
1775301563, 2866, 290, 435, 0, 0, 0.54%, 0, 0, 11, 233.33
1775301568, 2866, 371, 435, 0, 0, 0.54%, 0, 0, 11, 1583.93
1775301573, 2867, 15, 435, 0, 0, 0.54%, 0, 0, 11, 1502.55
1775301578, 2867, 91, 435, 0, 0, 0.54%, 0, 0, 11, 1736.33
1775301583, 2867, 147, 435, 0, 0, 0.54%, 0, 0, 11, 1620.66
1775301588, 2867, 234, 435, 0, 0, 0.54%, 0, 0, 11, 1646.19
1775301593, 2867, 349, 435, 0, 0, 0.54%, 0, 0, 11, 1613.14
1775301598, 2868, 52, 435, 0, 0, 0.54%, 0, 0, 11, 1528.09
1775301603, 2868, 100, 435, 0, 0, 0.54%, 0, 0, 11, 1623.83
1775301608, 2868, 196, 435, 0, 0, 0.54%, 0, 0, 11, 1666.11
1775301614, 2868, 287, 435, 0, 0, 0.54%, 0, 0, 11, 1662.42
1775301619, 2868, 366, 435, 0, 0, 0.54%, 0, 0, 11, 1479.39
1775301624, 2869, 44, 435, 0, 0, 0.54%, 0, 0, 11, 1571.16
1775301629, 2869, 79, 435, 0, 0, 0.54%, 0, 0, 11, 1543.07
1775301634, 2869, 111, 435, 0, 0, 0.54%, 0, 0, 11, 1678.11
1775301639, 2869, 219, 435, 0, 0, 0.54%, 0, 0, 11, 1648.46
1775301644, 2869, 311, 435, 0, 0, 0.54%, 0, 0, 11, 1663.42
1775301649, 2869, 360, 435, 0, 0, 0.54%, 0, 0, 11, 1575.00
1775301654, 2870, 66, 435, 0, 0, 0.54%, 0, 0, 11, 1715.06
1775301659, 2870, 100, 435, 0, 0, 0.54%, 0, 0, 11, 1763.83
1775301665, 2870, 185, 435, 0, 0, 0.54%, 0, 0, 11, 1766.05
1775301670, 2870, 325, 435, 0, 0, 0.54%, 0, 0, 11, 1566.68
1775301675, 2870, 390, 435, 0, 0, 0.54%, 0, 0, 11, 1468.88
1775301680, 2871, 75, 435, 0, 0, 0.54%, 0, 0, 11, 1632.87
1775301685, 2871, 111, 435, 0, 0, 0.54%, 0, 0, 11, 1716.18
1775301690, 2871, 155, 435, 0, 0, 0.54%, 0, 0, 11, 1753.69
1775301695, 2871, 189, 435, 0, 0, 0.54%, 0, 0, 11, 1672.02
1775301700, 2871, 282, 435, 0, 0, 0.54%, 0, 0, 11, 1731.90
1775301705, 2871, 349, 435, 0, 0, 0.54%, 0, 0, 11, 1665.88
1775301710, 2871, 394, 435, 0, 0, 0.54%, 0, 0, 11, 1432.65
1775301716, 2872, 4, 435, 0, 0, 0.54%, 0, 0, 11, 1519.50
1775301721, 2872, 80, 435, 0, 0, 0.54%, 0, 0, 11, 247.06
1775301726, 2872, 156, 435, 0, 0, 0.54%, 0, 0, 11, 1902.04
1775301731, 2872, 265, 435, 0, 0, 0.54%, 0, 0, 11, 1708.42
1775301736, 2872, 314, 435, 0, 0, 0.54%, 0, 0, 11, 1729.90
1775301741, 2872, 385, 435, 0, 0, 0.54%, 0, 0, 11, 1543.45
1775301746, 2873, 78, 435, 0, 0, 0.54%, 0, 0, 11, 1632.55
1775301751, 2873, 111, 435, 0, 0, 0.54%, 0, 0, 11, 1735.38
1775301756, 2873, 184, 435, 0, 0, 0.54%, 0, 0, 11, 1742.41
1775301761, 2873, 265, 435, 0, 0, 0.54%, 0, 0, 11, 1640.00
1775301766, 2873, 354, 435, 0, 0, 0.54%, 0, 0, 11, 1573.10
1775301771, 2873, 385, 435, 0, 0, 0.54%, 0, 0, 11, 1472.82
1775301776, 2874, 86, 435, 0, 0, 0.54%, 0, 0, 11, 1656.27
1775301781, 2874, 151, 435, 0, 0, 0.54%, 0, 0, 11, 1570.59
1775301786, 2874, 196, 435, 0, 0, 0.54%, 0, 0, 11, 1642.73
1775301792, 2874, 340, 435, 0, 0, 0.54%, 0, 0, 11, 1562.56
1775301797, 2874, 399, 435, 0, 0, 0.54%, 0, 0, 11, 1398.17
1775301802, 2875, 63, 435, 0, 0, 0.54%, 0, 0, 11, 1649.76
1775301807, 2875, 111, 435, 0, 0, 0.54%, 0, 0, 11, 1763.52
1775301812, 2875, 196, 435, 0, 0, 0.54%, 0, 0, 11, 1688.76
1775301817, 2875, 334, 435, 0, 0, 0.54%, 0, 0, 11, 1642.69
1775301822, 2876, 5, 435, 0, 0, 0.54%, 0, 0, 11, 1778.39
1775301827, 2876, 79, 435, 0, 0, 0.54%, 0, 0, 11, 1727.77
1775301832, 2876, 100, 435, 0, 0, 0.54%, 0, 0, 11, 1643.96
1775301838, 2876, 196, 435, 0, 0, 0.54%, 0, 0, 11, 1701.45
1775301843, 2876, 278, 435, 0, 0, 0.54%, 0, 0, 11, 1629.84
1775301848, 2876, 349, 435, 0, 0, 0.54%, 0, 0, 11, 1597.59
1775301853, 2876, 390, 435, 0, 0, 0.54%, 0, 0, 11, 1458.71
1775301858, 2877, 86, 435, 0, 0, 0.54%, 0, 0, 11, 1664.79
1775301863, 2877, 192, 435, 0, 0, 0.54%, 0, 0, 11, 1598.35
1775301868, 2877, 331, 435, 0, 0, 0.54%, 0, 0, 11, 1568.51
1775301873, 2877, 389, 435, 0, 0, 0.54%, 0, 0, 11, 1385.88
1775301878, 2878, 80, 435, 0, 0, 0.54%, 0, 0, 11, 1618.25
1775301883, 2878, 147, 435, 0, 0, 0.54%, 0, 0, 11, 1594.31
1775301888, 2878, 315, 435, 0, 0, 0.54%, 0, 0, 11, 1698.58
1775301893, 2878, 381, 435, 0, 0, 0.54%, 0, 0, 11, 1583.73
1775301898, 2879, 86, 435, 0, 0, 0.54%, 0, 0, 11, 1668.76
1775301904, 2879, 134, 435, 0, 0, 0.54%, 0, 0, 11, 1637.81
1775301909, 2879, 214, 435, 0, 0, 0.54%, 0, 0, 11, 1697.58
1775301914, 2879, 325, 435, 0, 0, 0.54%, 0, 0, 11, 1567.97
1775301919, 2879, 385, 435, 0, 0, 0.54%, 0, 0, 11, 1439.75
1775301924, 2880, 91, 435, 0, 0, 0.54%, 0, 0, 11, 1722.21
1775301929, 2880, 175, 435, 0, 0, 0.54%, 0, 0, 11, 1554.61
1775301934, 2880, 267, 435, 0, 0, 0.54%, 0, 0, 11, 1703.22
1775301939, 2880, 357, 435, 0, 0, 0.54%, 0, 0, 11, 1593.30
1775301944, 2881, 13, 435, 0, 0, 0.54%, 0, 0, 11, 1566.20
1775301949, 2881, 100, 435, 0, 0, 0.54%, 0, 0, 11, 1735.25
1775301954, 2881, 203, 435, 0, 0, 0.54%, 0, 0, 11, 1547.47
1775301959, 2881, 290, 435, 0, 0, 0.54%, 0, 0, 11, 1681.71
1775301964, 2881, 354, 435, 0, 0, 0.54%, 0, 0, 11, 1569.34
1775301969, 2882, 20, 435, 0, 0, 0.54%, 0, 0, 11, 1662.09
1775301974, 2882, 80, 435, 0, 0, 0.54%, 0, 0, 11, 1622.21
1775301979, 2882, 132, 435, 0, 0, 0.54%, 0, 0, 11, 1726.82
1775301984, 2882, 307, 435, 0, 0, 0.54%, 0, 0, 11, 1758.06
1775301990, 2882, 375, 435, 0, 0, 0.54%, 0, 0, 11, 1592.29
1775301995, 2883, 36, 435, 0, 0, 0.54%, 0, 0, 11, 1630.42
1775302000, 2883, 80, 435, 0, 0, 0.54%, 0, 0, 11, 1597.14
1775302005, 2883, 175, 435, 0, 0, 0.54%, 0, 0, 11, 1621.89
1775302010, 2883, 280, 435, 0, 0, 0.54%, 0, 0, 11, 1704.44
1775302015, 2883, 356, 435, 0, 0, 0.54%, 0, 0, 11, 1650.09
1775302020, 2883, 431, 435, 0, 0, 0.54%, 0, 0, 11, 1603.57
1775302025, 2884, 36, 435, 0, 0, 0.54%, 0, 0, 11, 1621.45
1775302030, 2884, 86, 435, 0, 0, 0.54%, 0, 0, 11, 1593.12
1775302035, 2884, 147, 435, 0, 0, 0.54%, 0, 0, 11, 1690.70
1775302040, 2884, 236, 435, 0, 0, 0.54%, 0, 0, 11, 1652.10
1775302045, 2884, 347, 435, 0, 0, 0.54%, 0, 0, 11, 1596.22
1775302051, 2884, 386, 435, 0, 0, 0.54%, 0, 0, 11, 1505.90
1775302056, 2885, 61, 435, 0, 0, 0.54%, 0, 0, 11, 1495.79
1775302061, 2885, 100, 435, 0, 0, 0.54%, 0, 0, 11, 1634.98
1775302066, 2885, 189, 435, 0, 0, 0.54%, 0, 0, 11, 1678.45
1775302071, 2885, 292, 435, 0, 0, 0.54%, 0, 0, 11, 1755.29
1775302076, 2886, 27, 435, 0, 0, 0.54%, 0, 0, 11, 1628.86
1775302081, 2886, 80, 435, 0, 0, 0.54%, 0, 0, 11, 1690.31
1775302086, 2886, 126, 435, 0, 0, 0.54%, 0, 0, 11, 1662.84
1775302091, 2886, 203, 435, 0, 0, 0.54%, 0, 0, 11, 1670.60
1775302097, 2886, 349, 435, 0, 0, 0.54%, 0, 0, 11, 1655.08
1775302102, 2887, 38, 435, 0, 0, 0.54%, 0, 0, 11, 1603.94
1775302107, 2887, 86, 435, 0, 0, 0.54%, 0, 0, 11, 1649.63
1775302112, 2887, 118, 435, 0, 0, 0.54%, 0, 0, 11, 1526.75
1775302117, 2887, 325, 435, 0, 0, 0.54%, 0, 0, 11, 1675.55
1775302122, 2887, 385, 435, 0, 0, 0.54%, 0, 0, 11, 1597.58
1775302127, 2888, 18, 435, 0, 0, 0.54%, 0, 0, 11, 1499.02
1775302132, 2888, 86, 435, 0, 0, 0.54%, 0, 0, 11, 1569.24
1775302137, 2888, 196, 435, 0, 0, 0.54%, 0, 0, 11, 1657.97
1775302142, 2888, 291, 435, 0, 0, 0.54%, 0, 0, 11, 1560.64
1775302147, 2888, 385, 435, 0, 0, 0.54%, 0, 0, 11, 1562.46
1775302152, 2889, 79, 435, 0, 0, 0.54%, 0, 0, 11, 1617.17
1775302157, 2889, 138, 435, 0, 0, 0.54%, 0, 0, 11, 1675.48
1775302163, 2889, 238, 435, 0, 0, 0.54%, 0, 0, 11, 1651.26
1775302168, 2889, 357, 435, 0, 0, 0.54%, 0, 0, 11, 1511.93
1775302173, 2890, 60, 435, 0, 0, 0.54%, 0, 0, 11, 1528.66
1775302178, 2890, 89, 435, 0, 0, 0.54%, 0, 0, 11, 1693.83
1775302183, 2890, 187, 435, 0, 0, 0.54%, 0, 0, 11, 351.65
1775302188, 2890, 327, 435, 0, 0, 0.54%, 0, 0, 11, 1640.70
1775302193, 2890, 424, 435, 0, 0, 0.54%, 0, 0, 11, 1479.21
1775302198, 2891, 84, 435, 0, 0, 0.54%, 0, 0, 11, 1552.79
1775302203, 2891, 150, 435, 0, 0, 0.54%, 0, 0, 11, 1617.26
1775302208, 2891, 235, 435, 0, 0, 0.54%, 0, 0, 11, 1604.83
1775302213, 2891, 349, 435, 0, 0, 0.54%, 0, 0, 11, 1693.93
1775302219, 2892, 2, 435, 0, 0, 0.54%, 0, 0, 11, 1601.77
1775302224, 2892, 80, 435, 0, 0, 0.54%, 0, 0, 11, 1563.94
1775302229, 2892, 146, 435, 0, 0, 0.54%, 0, 0, 11, 1562.82
1775302234, 2892, 224, 435, 0, 0, 0.54%, 0, 0, 11, 1670.65
1775302239, 2892, 332, 435, 0, 0, 0.54%, 0, 0, 11, 1610.72
1775302244, 2892, 385, 435, 0, 0, 0.54%, 0, 0, 11, 1303.14
1775302249, 2893, 80, 435, 0, 0, 0.54%, 0, 0, 11, 1559.61
1775302254, 2893, 118, 435, 0, 0, 0.54%, 0, 0, 11, 1633.36
1775302260, 2893, 206, 435, 0, 0, 0.54%, 0, 0, 11, 1602.40
1775302265, 2893, 354, 435, 0, 0, 0.54%, 0, 0, 11, 1573.76
1775302270, 2894, 43, 435, 0, 0, 0.54%, 0, 0, 11, 1550.95
1775302275, 2894, 91, 435, 0, 0, 0.54%, 0, 0, 11, 1615.14
1775302280, 2894, 147, 435, 0, 0, 0.54%, 0, 0, 11, 1604.37
1775302285, 2894, 270, 435, 0, 0, 0.54%, 0, 0, 11, 1461.25
1775302290, 2894, 349, 435, 0, 0, 0.54%, 0, 0, 11, 1513.81
1775302295, 2894, 405, 435, 0, 0, 0.54%, 0, 0, 11, 1323.37
1775302300, 2895, 79, 435, 0, 0, 0.54%, 0, 0, 11, 1645.76
1775302306, 2895, 161, 435, 0, 0, 0.54%, 0, 0, 11, 1704.35
1775302311, 2895, 210, 435, 0, 0, 0.54%, 0, 0, 11, 1601.94
1775302316, 2895, 249, 435, 0, 0, 0.54%, 0, 0, 11, 1556.25
1775302321, 2895, 371, 435, 0, 0, 0.54%, 0, 0, 11, 1549.93
1775302326, 2896, 0, 435, 0, 0, 0.54%, 0, 0, 11, 1542.68
1775302331, 2896, 86, 435, 0, 0, 0.54%, 0, 0, 11, 1709.24
1775302336, 2896, 145, 435, 0, 0, 0.54%, 0, 0, 11, 1615.61
1775302341, 2896, 189, 435, 0, 0, 0.54%, 0, 0, 11, 1647.53
1775302346, 2896, 214, 435, 0, 0, 0.54%, 0, 0, 11, 1533.34
1775302351, 2896, 357, 435, 0, 0, 0.54%, 0, 0, 11, 1541.67
1775302356, 2897, 18, 435, 0, 0, 0.54%, 0, 0, 11, 1399.77
1775302362, 2897, 88, 435, 0, 0, 0.54%, 0, 0, 11, 1642.66
1775302367, 2897, 146, 435, 0, 0, 0.54%, 0, 0, 11, 1663.28
1775302372, 2897, 190, 435, 0, 0, 0.54%, 0, 0, 11, 1695.93
1775302377, 2897, 351, 435, 0, 0, 0.54%, 0, 0, 11, 1604.74
1775302382, 2898, 33, 435, 0, 0, 0.54%, 0, 0, 11, 1555.92
1775302387, 2898, 91, 435, 0, 0, 0.54%, 0, 0, 11, 1782.18
1775302392, 2898, 184, 435, 0, 0, 0.54%, 0, 0, 11, 1703.84
1775302397, 2898, 325, 435, 0, 0, 0.54%, 0, 0, 11, 1635.93
1775302402, 2898, 388, 435, 0, 0, 0.54%, 0, 0, 11, 1494.49
1775302407, 2899, 63, 435, 0, 0, 0.54%, 0, 0, 11, 1718.95
1775302412, 2899, 91, 435, 0, 0, 0.54%, 0, 0, 11, 1809.52
1775302417, 2899, 186, 435, 0, 0, 0.54%, 0, 0, 11, 1630.08
1775302422, 2899, 239, 435, 0, 0, 0.54%, 0, 0, 11, 1606.83
1775302427, 2899, 357, 435, 0, 0, 0.54%, 0, 0, 11, 1476.12
1775302433, 2900, 31, 435, 0, 0, 0.54%, 0, 0, 11, 1437.00
1775302438, 2900, 86, 435, 0, 0, 0.54%, 0, 0, 11, 1554.38
1775302443, 2900, 134, 435, 0, 0, 0.54%, 0, 0, 11, 1593.85
1775302448, 2900, 261, 435, 0, 0, 0.54%, 0, 0, 11, 1570.45
1775302453, 2900, 381, 435, 0, 0, 0.54%, 0, 0, 11, 1605.87
1775302458, 2901, 18, 435, 0, 0, 0.54%, 0, 0, 11, 1175.66
1775302463, 2901, 80, 435, 0, 0, 0.54%, 0, 0, 11, 1529.85
1775302468, 2901, 147, 435, 0, 0, 0.54%, 0, 0, 11, 1626.31
1775302473, 2901, 292, 435, 0, 0, 0.54%, 0, 0, 11, 612.63
1775302478, 2901, 349, 435, 0, 0, 0.54%, 0, 0, 11, 1351.76
1775302483, 2901, 428, 435, 0, 0, 0.54%, 0, 0, 11, 1467.39
1775302489, 2902, 15, 435, 0, 0, 0.54%, 0, 0, 11, 1564.13
1775302494, 2902, 86, 435, 0, 0, 0.54%, 0, 0, 11, 1633.33
1775302499, 2902, 147, 435, 0, 0, 0.54%, 0, 0, 11, 1553.22
1775302504, 2902, 294, 435, 0, 0, 0.54%, 0, 0, 11, 1575.45
1775302509, 2902, 354, 435, 0, 0, 0.54%, 0, 0, 11, 1432.92
1775302514, 2903, 23, 435, 0, 0, 0.54%, 0, 0, 11, 1390.29
1775302519, 2903, 79, 435, 0, 0, 0.54%, 0, 0, 11, 1579.20
1775302524, 2903, 106, 435, 0, 0, 0.54%, 0, 0, 11, 1669.88
1775302529, 2903, 176, 435, 0, 0, 0.54%, 0, 0, 11, 1637.50
1775302534, 2903, 268, 435, 0, 0, 0.54%, 0, 0, 11, 1793.16
1775302539, 2903, 336, 435, 0, 0, 0.54%, 0, 0, 11, 1605.12
1775302545, 2903, 394, 435, 0, 0, 0.54%, 0, 0, 11, 1419.06
1775302550, 2904, 91, 435, 0, 0, 0.54%, 0, 0, 11, 1591.00
1775302555, 2904, 121, 435, 0, 0, 0.54%, 0, 0, 11, 1745.80
1775302560, 2904, 282, 435, 0, 0, 0.54%, 0, 0, 11, 1568.55
1775302565, 2904, 371, 435, 0, 0, 0.54%, 0, 0, 11, 1646.47
1775302570, 2904, 430, 435, 0, 0, 0.54%, 0, 0, 11, 1134.28
1775302575, 2905, 79, 435, 0, 0, 0.54%, 0, 0, 11, 1525.97
1775302580, 2905, 100, 435, 0, 0, 0.54%, 0, 0, 11, 1616.53
1775302585, 2905, 165, 435, 0, 0, 0.54%, 0, 0, 11, 1534.54
1775302591, 2905, 329, 435, 0, 0, 0.54%, 0, 0, 11, 1529.89
1775302596, 2905, 412, 435, 0, 0, 0.54%, 0, 0, 11, 1482.99
1775302601, 2906, 86, 435, 0, 0, 0.54%, 0, 0, 11, 1610.09
1775302606, 2906, 121, 435, 0, 0, 0.54%, 0, 0, 11, 1606.75
1775302611, 2906, 236, 435, 0, 0, 0.54%, 0, 0, 11, 1639.64
1775302616, 2906, 354, 435, 0, 0, 0.54%, 0, 0, 11, 1521.06
1775302621, 2907, 29, 435, 0, 0, 0.54%, 0, 0, 11, 1529.33
1775302626, 2907, 91, 435, 0, 0, 0.54%, 0, 0, 11, 1720.15
1775302632, 2907, 126, 435, 0, 0, 0.54%, 0, 0, 11, 1629.16
1775302637, 2907, 168, 435, 0, 0, 0.54%, 0, 0, 11, 1561.69
1775302642, 2907, 349, 435, 0, 0, 0.54%, 0, 0, 11, 1632.28
1775302647, 2907, 407, 435, 0, 0, 0.54%, 0, 0, 11, 1391.99
1775302652, 2908, 80, 435, 0, 0, 0.54%, 0, 0, 11, 1571.66
1775302657, 2908, 100, 435, 0, 0, 0.54%, 0, 0, 11, 1592.78
1775302662, 2908, 244, 435, 0, 0, 0.54%, 0, 0, 11, 1671.38
1775302667, 2908, 297, 435, 0, 0, 0.54%, 0, 0, 11, 1597.19
1775302672, 2908, 357, 435, 0, 0, 0.54%, 0, 0, 11, 1560.84
1775302678, 2909, 25, 435, 0, 0, 0.54%, 0, 0, 11, 1530.56
1775302683, 2909, 100, 435, 0, 0, 0.54%, 0, 0, 11, 1683.83
1775302688, 2909, 206, 435, 0, 0, 0.54%, 0, 0, 11, 1660.68
1775302693, 2909, 326, 435, 0, 0, 0.54%, 0, 0, 11, 1624.77
1775302698, 2909, 385, 435, 0, 0, 0.54%, 0, 0, 11, 1584.53
1775302703, 2910, 37, 435, 0, 0, 0.54%, 0, 0, 11, 1624.10
1775302708, 2910, 80, 435, 0, 0, 0.54%, 0, 0, 11, 1678.19
1775302713, 2910, 147, 435, 0, 0, 0.54%, 0, 0, 11, 1688.36
1775302718, 2910, 273, 435, 0, 0, 0.54%, 0, 0, 11, 1703.49
1775302723, 2910, 357, 435, 0, 0, 0.54%, 0, 0, 11, 1580.07
1775302728, 2911, 61, 435, 0, 0, 0.54%, 0, 0, 11, 1505.49
1775302733, 2911, 90, 435, 0, 0, 0.54%, 0, 0, 11, 1504.32
1775302738, 2911, 161, 435, 0, 0, 0.54%, 0, 0, 11, 1722.05
1775302743, 2911, 214, 435, 0, 0, 0.54%, 0, 0, 11, 1608.52
1775302749, 2911, 354, 435, 0, 0, 0.54%, 0, 0, 11, 1500.91
1775302754, 2912, 63, 435, 0, 0, 0.54%, 0, 0, 11, 1571.63
1775302759, 2912, 94, 435, 0, 0, 0.54%, 0, 0, 11, 1641.35
1775302764, 2912, 178, 435, 0, 0, 0.54%, 0, 0, 11, 1572.76
1775302769, 2912, 231, 435, 0, 0, 0.54%, 0, 0, 11, 1453.90
1775302774, 2912, 323, 435, 0, 0, 0.54%, 0, 0, 11, 1704.72
1775302779, 2912, 385, 435, 0, 0, 0.54%, 0, 0, 11, 1577.92
1775302784, 2913, 79, 435, 0, 0, 0.54%, 0, 0, 11, 1576.73
1775302789, 2913, 100, 435, 0, 0, 0.54%, 0, 0, 11, 1606.01
1775302795, 2913, 181, 435, 0, 0, 0.54%, 0, 0, 11, 1791.84
1775302800, 2913, 283, 435, 0, 0, 0.54%, 0, 0, 11, 1681.80
1775302805, 2913, 349, 435, 0, 0, 0.54%, 0, 0, 11, 1553.37
1775302810, 2914, 22, 435, 0, 0, 0.54%, 0, 0, 11, 1573.43
1775302815, 2914, 84, 435, 0, 0, 0.54%, 0, 0, 11, 1720.21
1775302820, 2914, 136, 435, 0, 0, 0.54%, 0, 0, 11, 1703.93
1775302825, 2914, 187, 435, 0, 0, 0.54%, 0, 0, 11, 1574.50
1775302830, 2914, 246, 435, 0, 0, 0.54%, 0, 0, 11, 1613.68
1775302835, 2914, 324, 435, 0, 0, 0.54%, 0, 0, 11, 1695.95
1775302840, 2914, 371, 435, 0, 0, 0.54%, 0, 0, 11, 1587.26
1775302845, 2915, 79, 435, 0, 0, 0.54%, 0, 0, 11, 1626.36
1775302850, 2915, 117, 435, 0, 0, 0.54%, 0, 0, 11, 1628.21
1775302855, 2915, 186, 435, 0, 0, 0.54%, 0, 0, 11, 1735.54
1775302861, 2915, 320, 435, 0, 0, 0.54%, 0, 0, 11, 1734.07
1775302866, 2915, 383, 435, 0, 0, 0.54%, 0, 0, 11, 1601.81
1775302871, 2915, 431, 435, 0, 0, 0.54%, 0, 0, 11, 1660.34
1775302876, 2916, 61, 435, 0, 0, 0.54%, 0, 0, 11, 1636.98
1775302881, 2916, 100, 435, 0, 0, 0.54%, 0, 0, 11, 1780.34
1775302886, 2916, 325, 435, 0, 0, 0.54%, 0, 0, 11, 1835.15
1775302891, 2916, 404, 435, 0, 0, 0.54%, 0, 0, 11, 1544.58
1775302896, 2917, 63, 435, 0, 0, 0.54%, 0, 0, 11, 1646.28
1775302901, 2917, 100, 435, 0, 0, 0.54%, 0, 0, 11, 1618.68
1775302906, 2917, 196, 435, 0, 0, 0.54%, 0, 0, 11, 1737.26
1775302912, 2917, 299, 435, 0, 0, 0.54%, 0, 0, 11, 1591.84
1775302917, 2917, 371, 435, 0, 0, 0.54%, 0, 0, 11, 1581.70
1775302922, 2917, 428, 435, 0, 0, 0.54%, 0, 0, 11, 1321.06
1775302927, 2918, 22, 435, 0, 0, 0.54%, 0, 0, 11, 1513.99
1775302932, 2918, 100, 435, 0, 0, 0.54%, 0, 0, 11, 1709.04
1775302937, 2918, 180, 435, 0, 0, 0.54%, 0, 0, 11, 1673.64
1775302942, 2918, 214, 435, 0, 0, 0.54%, 0, 0, 11, 1697.59
1775302947, 2918, 357, 435, 0, 0, 0.54%, 0, 0, 11, 1632.35
1775302952, 2919, 40, 435, 0, 0, 0.54%, 0, 0, 11, 1446.47
1775302957, 2919, 91, 435, 0, 0, 0.54%, 0, 0, 11, 1710.15
1775302962, 2919, 136, 435, 0, 0, 0.54%, 0, 0, 11, 1759.54
1775302967, 2919, 193, 435, 0, 0, 0.54%, 0, 0, 11, 1690.11
1775302972, 2919, 238, 435, 0, 0, 0.54%, 0, 0, 11, 1590.80
1775302978, 2919, 354, 435, 0, 0, 0.54%, 0, 0, 11, 1503.03
1775302983, 2919, 428, 435, 0, 0, 0.54%, 0, 0, 11, 1365.68
1775302988, 2920, 79, 435, 0, 0, 0.54%, 0, 0, 11, 1708.29
1775302993, 2920, 111, 435, 0, 0, 0.54%, 0, 0, 11, 1702.18
1775302998, 2920, 189, 435, 0, 0, 0.54%, 0, 0, 11, 1757.19
1775303003, 2920, 323, 435, 0, 0, 0.54%, 0, 0, 11, 1695.15
1775303008, 2920, 385, 435, 0, 0, 0.54%, 0, 0, 11, 1574.53
1775303013, 2921, 22, 435, 0, 0, 0.54%, 0, 0, 11, 1512.43
1775303018, 2921, 91, 435, 0, 0, 0.54%, 0, 0, 11, 1682.72
1775303023, 2921, 144, 435, 0, 0, 0.54%, 0, 0, 11, 1721.87
1775303028, 2921, 192, 435, 0, 0, 0.54%, 0, 0, 11, 1542.85
1775303033, 2921, 322, 435, 0, 0, 0.54%, 0, 0, 11, 1608.63
1775303038, 2921, 385, 435, 0, 0, 0.54%, 0, 0, 11, 1613.96
1775303044, 2922, 63, 435, 0, 0, 0.54%, 0, 0, 11, 1645.07
1775303049, 2922, 105, 435, 0, 0, 0.54%, 0, 0, 11, 1657.92
1775303054, 2922, 160, 435, 0, 0, 0.54%, 0, 0, 11, 1514.57
1775303059, 2922, 274, 435, 0, 0, 0.54%, 0, 0, 11, 1616.62
1775303064, 2922, 349, 435, 0, 0, 0.54%, 0, 0, 11, 1683.88
1775303069, 2923, 18, 435, 0, 0, 0.54%, 0, 0, 11, 1458.10
1775303074, 2923, 91, 435, 0, 0, 0.54%, 0, 0, 11, 1599.37
1775303079, 2923, 177, 435, 0, 0, 0.54%, 0, 0, 11, 1692.27
1775303084, 2923, 282, 435, 0, 0, 0.54%, 0, 0, 11, 1601.61
1775303089, 2923, 385, 435, 0, 0, 0.54%, 0, 0, 11, 1487.26
1775303094, 2924, 86, 435, 0, 0, 0.54%, 0, 0, 11, 1627.24
1775303099, 2924, 140, 435, 0, 0, 0.54%, 0, 0, 11, 1698.94
1775303105, 2924, 229, 435, 0, 0, 0.54%, 0, 0, 11, 1617.52
1775303110, 2924, 325, 435, 0, 0, 0.54%, 0, 0, 11, 1603.52
1775303115, 2924, 385, 435, 0, 0, 0.54%, 0, 0, 11, 1504.06
1775303120, 2925, 63, 435, 0, 0, 0.54%, 0, 0, 11, 1636.49
1775303125, 2925, 100, 435, 0, 0, 0.54%, 0, 0, 11, 1739.27
1775303130, 2925, 177, 435, 0, 0, 0.54%, 0, 0, 11, 310.68
1775303135, 2925, 292, 435, 0, 0, 0.54%, 0, 0, 11, 1771.33
1775303140, 2925, 349, 435, 0, 0, 0.54%, 0, 0, 11, 1702.74
1775303145, 2926, 79, 435, 0, 0, 0.54%, 0, 0, 11, 1667.76
1775303150, 2926, 118, 435, 0, 0, 0.54%, 0, 0, 11, 1750.78
1775303156, 2926, 242, 435, 0, 0, 0.54%, 0, 0, 11, 1628.76
1775303161, 2926, 349, 435, 0, 0, 0.54%, 0, 0, 11, 1552.78
1775303166, 2926, 392, 435, 0, 0, 0.54%, 0, 0, 11, 1476.00
1775303171, 2927, 63, 435, 0, 0, 0.54%, 0, 0, 11, 1545.72
1775303176, 2927, 111, 435, 0, 0, 0.54%, 0, 0, 11, 1523.41
1775303181, 2927, 186, 435, 0, 0, 0.54%, 0, 0, 11, 1596.04
1775303186, 2927, 271, 435, 0, 0, 0.54%, 0, 0, 11, 1549.89
1775303191, 2927, 371, 435, 0, 0, 0.54%, 0, 0, 11, 1657.12
1775303196, 2928, 28, 435, 0, 0, 0.54%, 0, 0, 11, 1511.92
1775303202, 2928, 91, 435, 0, 0, 0.54%, 0, 0, 11, 1711.06
1775303207, 2928, 216, 435, 0, 0, 0.54%, 0, 0, 11, 1773.78
1775303212, 2928, 325, 435, 0, 0, 0.54%, 0, 0, 11, 1643.38
1775303217, 2928, 385, 435, 0, 0, 0.54%, 0, 0, 11, 1515.87
1775303222, 2929, 80, 435, 0, 0, 0.54%, 0, 0, 11, 1651.31
1775303227, 2929, 147, 435, 0, 0, 0.54%, 0, 0, 11, 1591.97
1775303232, 2929, 331, 435, 0, 0, 0.54%, 0, 0, 11, 1589.47
1775303237, 2929, 394, 435, 0, 0, 0.54%, 0, 0, 11, 1460.97
1775303242, 2930, 36, 435, 0, 0, 0.54%, 0, 0, 11, 1670.06
1775303247, 2930, 86, 435, 0, 0, 0.54%, 0, 0, 11, 1559.50
1775303252, 2930, 139, 435, 0, 0, 0.54%, 0, 0, 11, 1542.08
1775303258, 2930, 196, 435, 0, 0, 0.54%, 0, 0, 11, 1693.79
1775303263, 2930, 325, 435, 0, 0, 0.54%, 0, 0, 11, 1752.84
1775303268, 2930, 407, 435, 0, 0, 0.54%, 0, 0, 11, 1510.95
1775303273, 2931, 63, 435, 0, 0, 0.54%, 0, 0, 11, 1573.84
1775303278, 2931, 92, 435, 0, 0, 0.54%, 0, 0, 11, 1615.90
1775303283, 2931, 189, 435, 0, 0, 0.54%, 0, 0, 11, 1675.98
1775303288, 2931, 262, 435, 0, 0, 0.54%, 0, 0, 11, 1583.21
1775303293, 2931, 385, 435, 0, 0, 0.54%, 0, 0, 11, 1555.58
1775303298, 2932, 11, 435, 0, 0, 0.54%, 0, 0, 11, 1557.39
1775303303, 2932, 76, 435, 0, 0, 0.54%, 0, 0, 11, 1755.84
1775303309, 2932, 111, 435, 0, 0, 0.54%, 0, 0, 11, 1743.73
1775303314, 2932, 168, 435, 0, 0, 0.54%, 0, 0, 11, 1642.60
1775303319, 2932, 264, 435, 0, 0, 0.54%, 0, 0, 11, 1772.77
1775303324, 2932, 349, 435, 0, 0, 0.54%, 0, 0, 11, 1644.27
1775303329, 2932, 385, 435, 0, 0, 0.54%, 0, 0, 11, 1577.14
1775303334, 2933, 79, 435, 0, 0, 0.54%, 0, 0, 11, 1547.30
1775303339, 2933, 101, 435, 0, 0, 0.54%, 0, 0, 11, 1742.34
1775303344, 2933, 183, 435, 0, 0, 0.54%, 0, 0, 11, 1808.14
1775303349, 2933, 271, 435, 0, 0, 0.54%, 0, 0, 11, 1689.36
1775303354, 2933, 325, 435, 0, 0, 0.54%, 0, 0, 11, 1607.49
1775303359, 2933, 385, 435, 0, 0, 0.54%, 0, 0, 11, 1526.91
1775303364, 2934, 16, 435, 0, 0, 0.54%, 0, 0, 11, 1593.70
1775303369, 2934, 89, 435, 0, 0, 0.54%, 0, 0, 11, 1812.13
1775303374, 2934, 146, 435, 0, 0, 0.54%, 0, 0, 11, 1823.00
1775303379, 2934, 349, 435, 0, 0, 0.54%, 0, 0, 11, 1815.59
1775303384, 2934, 398, 435, 0, 0, 0.54%, 0, 0, 11, 1455.66
1775303389, 2935, 76, 435, 0, 0, 0.54%, 0, 0, 11, 1747.65
1775303395, 2935, 111, 435, 0, 0, 0.54%, 0, 0, 11, 1644.59
1775303400, 2935, 174, 435, 0, 0, 0.54%, 0, 0, 11, 1725.85
1775303405, 2935, 255, 435, 0, 0, 0.54%, 0, 0, 11, 1620.57
1775303410, 2935, 381, 435, 0, 0, 0.54%, 0, 0, 11, 1593.16
1775303415, 2936, 69, 435, 0, 0, 0.54%, 0, 0, 11, 1720.42
1775303420, 2936, 108, 435, 0, 0, 0.54%, 0, 0, 11, 1846.63
1775303425, 2936, 186, 435, 0, 0, 0.54%, 0, 0, 11, 1813.69
1775303430, 2936, 325, 435, 0, 0, 0.54%, 0, 0, 11, 1654.67
1775303435, 2936, 407, 435, 0, 0, 0.54%, 0, 0, 11, 1535.77
1775303440, 2937, 100, 435, 0, 0, 0.54%, 0, 0, 11, 1790.25
1775303446, 2937, 196, 435, 0, 0, 0.54%, 0, 0, 11, 1680.57
1775303451, 2937, 297, 435, 0, 0, 0.54%, 0, 0, 11, 1723.51
1775303456, 2937, 367, 435, 0, 0, 0.54%, 0, 0, 11, 1621.05
1775303461, 2938, 63, 435, 0, 0, 0.54%, 0, 0, 11, 1699.16
1775303466, 2938, 100, 435, 0, 0, 0.54%, 0, 0, 11, 1758.70
1775303471, 2938, 172, 435, 0, 0, 0.54%, 0, 0, 11, 1758.65
1775303476, 2938, 243, 435, 0, 0, 0.54%, 0, 0, 11, 1796.46
1775303481, 2938, 371, 435, 0, 0, 0.54%, 0, 0, 11, 1765.04
1775303486, 2939, 63, 435, 0, 0, 0.54%, 0, 0, 11, 1628.14
1775303491, 2939, 91, 435, 0, 0, 0.54%, 0, 0, 11, 1741.35
1775303496, 2939, 147, 435, 0, 0, 0.54%, 0, 0, 11, 1681.41
1775303501, 2939, 338, 435, 0, 0, 0.54%, 0, 0, 11, 1801.60
1775303506, 2939, 431, 435, 0, 0, 0.54%, 0, 0, 11, 1671.64
1775303512, 2940, 42, 435, 0, 0, 0.54%, 0, 0, 11, 1802.59
1775303517, 2940, 98, 435, 0, 0, 0.54%, 0, 0, 11, 1868.20
1775303522, 2940, 156, 435, 0, 0, 0.54%, 0, 0, 11, 1763.01
1775303527, 2940, 354, 435, 0, 0, 0.54%, 0, 0, 11, 1831.50
1775303532, 2941, 49, 435, 0, 0, 0.54%, 0, 0, 11, 1692.87
1775303537, 2941, 91, 435, 0, 0, 0.54%, 0, 0, 11, 1927.43
1775303542, 2941, 147, 435, 0, 0, 0.54%, 0, 0, 11, 1924.16
