# unix_time, cycles_done, cur_path, paths_total, pending_total, pending_favs, map_size, unique_crashes, unique_hangs, max_depth, execs_per_sec
1775217180, 0, 0, 1, 1, 1, 0.33%, 0, 0, 1, 1333.33
1775217185, 0, 1, 135, 134, 15, 0.53%, 0, 0, 2, 1893.73
1775217190, 0, 108, 141, 127, 2, 0.53%, 0, 0, 2, 2016.57
1775217196, 1, 89, 148, 125, 0, 0.53%, 0, 0, 3, 2063.01
1775217201, 2, 1, 150, 119, 0, 0.53%, 0, 0, 3, 2043.91
1775217206, 2, 58, 156, 115, 0, 0.53%, 0, 0, 3, 2086.55
1775217211, 2, 103, 165, 117, 0, 0.53%, 0, 0, 3, 2079.95
1775217216, 2, 147, 167, 110, 0, 0.53%, 0, 0, 3, 2052.70
1775217221, 3, 11, 171, 108, 0, 0.53%, 0, 0, 4, 1984.38
1775217226, 3, 71, 174, 101, 0, 0.53%, 0, 0, 4, 2015.03
1775217231, 3, 101, 179, 98, 0, 0.53%, 0, 0, 4, 2000.16
1775217236, 3, 149, 180, 90, 0, 0.53%, 0, 0, 4, 2030.19
1775217241, 3, 176, 183, 88, 0, 0.53%, 0, 0, 4, 2025.62
1775217247, 4, 1, 186, 89, 0, 0.53%, 0, 0, 4, 2009.17
1775217252, 4, 59, 186, 80, 0, 0.53%, 0, 0, 4, 2014.24
1775217257, 4, 103, 188, 76, 0, 0.53%, 0, 0, 4, 1969.52
1775217262, 4, 166, 189, 71, 0, 0.53%, 0, 0, 4, 2009.27
1775217267, 4, 186, 189, 67, 0, 0.53%, 0, 0, 4, 2058.51
1775217272, 5, 58, 193, 64, 0, 0.53%, 0, 0, 4, 1980.09
1775217277, 5, 103, 194, 62, 0, 0.53%, 0, 0, 4, 1969.60
1775217282, 5, 162, 194, 57, 0, 0.53%, 0, 0, 4, 1952.69
1775217287, 5, 184, 195, 53, 0, 0.53%, 0, 0, 4, 1940.78
1775217292, 6, 29, 196, 49, 0, 0.53%, 0, 0, 4, 1959.96
1775217298, 6, 122, 196, 48, 0, 0.53%, 0, 0, 4, 1929.79
1775217303, 6, 195, 197, 44, 0, 0.53%, 0, 0, 4, 1976.42
1775217308, 7, 103, 199, 42, 0, 0.53%, 0, 0, 4, 2073.10
1775217313, 7, 185, 199, 38, 0, 0.53%, 0, 0, 4, 2027.29
1775217318, 8, 71, 199, 34, 0, 0.53%, 0, 0, 4, 2017.61
1775217323, 8, 168, 200, 34, 0, 0.53%, 0, 0, 4, 2130.97
1775217328, 9, 19, 200, 32, 0, 0.53%, 0, 0, 4, 2182.98
1775217333, 9, 126, 203, 33, 0, 0.53%, 0, 0, 4, 2147.67
1775217339, 9, 198, 204, 31, 0, 0.53%, 0, 0, 4, 2135.13
1775217344, 9, 203, 207, 32, 0, 0.53%, 0, 0, 4, 2156.33
1775217349, 10, 1, 208, 30, 0, 0.53%, 0, 0, 4, 2161.14
1775217354, 10, 73, 211, 29, 0, 0.53%, 0, 0, 4, 2190.72
1775217359, 10, 161, 212, 27, 0, 0.53%, 0, 0, 4, 2159.23
1775217364, 10, 212, 215, 28, 0, 0.53%, 0, 0, 4, 2162.37
1775217369, 11, 86, 219, 31, 0, 0.53%, 0, 0, 4, 2213.12
1775217374, 11, 208, 220, 30, 0, 0.53%, 0, 0, 4, 2177.27
1775217379, 11, 215, 221, 28, 0, 0.53%, 0, 0, 4, 2164.08
1775217384, 12, 41, 222, 26, 0, 0.53%, 0, 0, 4, 2155.65
1775217390, 12, 138, 222, 23, 0, 0.53%, 0, 0, 4, 2157.53
1775217395, 12, 213, 222, 20, 0, 0.53%, 0, 0, 4, 2178.77
1775217400, 12, 217, 222, 19, 0, 0.53%, 0, 0, 4, 2135.22
1775217405, 13, 92, 225, 20, 0, 0.53%, 0, 0, 4, 2156.60
1775217410, 13, 179, 225, 19, 0, 0.53%, 0, 0, 4, 2081.83
1775217415, 13, 210, 228, 19, 0, 0.53%, 0, 0, 4, 2092.19
1775217420, 14, 29, 229, 19, 0, 0.53%, 0, 0, 4, 2077.62
1775217426, 14, 155, 229, 19, 0, 0.53%, 0, 0, 4, 2126.91
1775217431, 14, 216, 229, 18, 0, 0.53%, 0, 0, 4, 2124.05
1775217436, 15, 31, 229, 15, 0, 0.53%, 0, 0, 4, 2077.39
1775217441, 15, 171, 229, 14, 0, 0.53%, 0, 0, 4, 2119.19
1775217446, 16, 31, 230, 12, 0, 0.53%, 0, 0, 4, 2083.78
1775217451, 16, 103, 230, 12, 0, 0.53%, 0, 0, 4, 2066.93
1775217456, 17, 9, 230, 11, 0, 0.53%, 0, 0, 4, 2120.51
1775217461, 17, 108, 230, 11, 0, 0.53%, 0, 0, 4, 1997.27
1775217466, 18, 89, 231, 12, 0, 0.53%, 0, 0, 4, 1958.13
1775217471, 18, 191, 233, 13, 0, 0.53%, 0, 0, 4, 2099.45
1775217476, 18, 224, 233, 11, 0, 0.53%, 0, 0, 4, 2129.36
1775217482, 18, 231, 234, 10, 0, 0.53%, 0, 0, 4, 2141.00
1775217487, 19, 56, 235, 9, 0, 0.53%, 0, 0, 4, 2101.09
1775217492, 19, 194, 235, 9, 0, 0.53%, 0, 0, 4, 2132.08
1775217497, 20, 56, 235, 8, 0, 0.53%, 0, 0, 4, 2130.95
1775217502, 20, 128, 235, 8, 0, 0.53%, 0, 0, 4, 2167.46
1775217507, 20, 234, 235, 7, 0, 0.53%, 0, 0, 4, 2159.41
1775217512, 21, 103, 235, 6, 0, 0.53%, 0, 0, 4, 2149.04
1775217517, 21, 220, 235, 6, 0, 0.53%, 0, 0, 4, 2139.59
1775217522, 22, 31, 235, 4, 0, 0.53%, 0, 0, 4, 2209.52
1775217528, 22, 124, 235, 4, 0, 0.53%, 0, 0, 4, 2172.71
1775217533, 23, 58, 235, 3, 0, 0.53%, 0, 0, 4, 2201.21
1775217538, 23, 153, 235, 3, 0, 0.53%, 0, 0, 4, 2217.94
1775217543, 24, 9, 235, 2, 0, 0.53%, 0, 0, 4, 2156.21
1775217548, 24, 188, 235, 2, 0, 0.53%, 0, 0, 4, 2216.11
1775217553, 25, 73, 236, 3, 0, 0.53%, 0, 0, 4, 2179.66
1775217558, 25, 227, 236, 3, 0, 0.53%, 0, 0, 4, 2195.08
1775217563, 25, 235, 239, 5, 0, 0.53%, 0, 0, 4, 2151.15
1775217568, 25, 239, 244, 9, 0, 0.53%, 0, 0, 4, 2142.43
1775217573, 26, 49, 244, 8, 0, 0.53%, 0, 0, 4, 2124.43
1775217578, 26, 134, 244, 8, 0, 0.53%, 0, 0, 4, 2082.60
1775217584, 26, 222, 244, 8, 0, 0.53%, 0, 0, 4, 2089.12
1775217589, 27, 31, 244, 5, 0, 0.53%, 0, 0, 4, 2054.38
1775217594, 27, 108, 244, 5, 0, 0.53%, 0, 0, 4, 2092.47
1775217599, 27, 238, 244, 5, 0, 0.53%, 0, 0, 4, 2079.35
1775217604, 28, 64, 244, 3, 0, 0.53%, 0, 0, 4, 2149.45
1775217609, 28, 185, 244, 3, 0, 0.53%, 0, 0, 4, 2035.24
1775217614, 29, 58, 244, 3, 0, 0.53%, 0, 0, 4, 2141.19
1775217620, 29, 153, 244, 3, 0, 0.53%, 0, 0, 4, 2205.88
1775217625, 29, 237, 244, 3, 0, 0.53%, 0, 0, 4, 2197.85
1775217630, 30, 73, 244, 2, 0, 0.53%, 0, 0, 4, 2116.92
1775217635, 30, 180, 244, 2, 0, 0.53%, 0, 0, 4, 2199.14
1775217640, 31, 33, 244, 2, 0, 0.53%, 0, 0, 4, 2184.24
1775217645, 31, 188, 244, 2, 0, 0.53%, 0, 0, 4, 2183.60
1775217650, 31, 230, 244, 2, 0, 0.53%, 0, 0, 4, 2150.09
1775217655, 32, 58, 244, 2, 0, 0.53%, 0, 0, 4, 2198.33
1775217661, 32, 236, 244, 2, 0, 0.53%, 0, 0, 4, 2176.10
1775217666, 33, 73, 244, 1, 0, 0.53%, 0, 0, 4, 2198.34
1775217671, 33, 203, 244, 1, 0, 0.53%, 0, 0, 4, 2200.62
1775217676, 33, 232, 244, 1, 0, 0.53%, 0, 0, 4, 2222.04
1775217681, 34, 73, 244, 1, 0, 0.53%, 0, 0, 4, 2176.12
1775217686, 34, 208, 244, 1, 0, 0.53%, 0, 0, 4, 2222.45
1775217691, 35, 31, 244, 1, 0, 0.53%, 0, 0, 4, 2197.95
1775217696, 35, 156, 244, 1, 0, 0.53%, 0, 0, 4, 2219.24
1775217701, 36, 29, 244, 0, 0, 0.53%, 0, 0, 4, 2245.66
1775217706, 36, 149, 244, 0, 0, 0.53%, 0, 0, 4, 2255.35
1775217712, 37, 14, 244, 0, 0, 0.53%, 0, 0, 4, 2229.34
1775217717, 37, 89, 244, 0, 0, 0.53%, 0, 0, 4, 2241.43
1775217722, 38, 31, 244, 0, 0, 0.53%, 0, 0, 4, 2226.86
1775217727, 38, 172, 244, 0, 0, 0.53%, 0, 0, 4, 2270.77
1775217732, 39, 46, 244, 0, 0, 0.53%, 0, 0, 4, 2277.19
1775217737, 39, 149, 244, 0, 0, 0.53%, 0, 0, 4, 2287.50
1775217742, 40, 9, 246, 2, 0, 0.53%, 0, 0, 4, 2230.47
1775217747, 40, 249, 261, 16, 2, 0.54%, 0, 0, 4, 2101.71
1775217752, 40, 251, 269, 23, 5, 0.54%, 0, 0, 4, 363.10
1775217757, 40, 251, 273, 27, 5, 0.54%, 0, 0, 4, 692.83
1775217762, 40, 257, 274, 26, 3, 0.54%, 0, 0, 4, 1647.02
1775217767, 40, 261, 282, 32, 3, 0.54%, 0, 0, 4, 1971.66
1775217772, 40, 275, 282, 30, 2, 0.54%, 0, 0, 4, 2115.03
1775217778, 40, 278, 282, 28, 0, 0.54%, 0, 0, 4, 1640.18
1775217783, 41, 58, 286, 30, 0, 0.54%, 0, 0, 4, 1964.24
1775217788, 41, 190, 286, 30, 0, 0.54%, 0, 0, 4, 2176.28
1775217793, 41, 248, 288, 32, 0, 0.54%, 0, 0, 4, 2213.76
1775217798, 41, 256, 288, 30, 0, 0.54%, 0, 0, 4, 2071.11
1775217803, 41, 265, 288, 27, 0, 0.54%, 0, 0, 4, 2068.55
1775217808, 41, 275, 292, 30, 0, 0.54%, 0, 0, 4, 1967.21
1775217813, 41, 279, 292, 30, 0, 0.54%, 0, 0, 4, 244.18
1775217819, 41, 285, 293, 29, 0, 0.54%, 0, 0, 4, 1960.81
1775217824, 42, 63, 294, 29, 0, 0.54%, 0, 0, 4, 2094.90
1775217829, 42, 252, 294, 28, 0, 0.54%, 0, 0, 4, 2113.13
1775217834, 42, 270, 294, 27, 0, 0.54%, 0, 0, 4, 1860.39
1775217839, 42, 276, 294, 26, 0, 0.54%, 0, 0, 4, 1972.99
1775217844, 42, 293, 294, 25, 0, 0.54%, 0, 0, 4, 709.80
1775217849, 42, 293, 306, 37, 0, 0.54%, 0, 0, 4, 1822.37
1775217854, 42, 296, 311, 41, 0, 0.54%, 0, 0, 4, 1926.76
1775217859, 42, 300, 314, 42, 0, 0.54%, 0, 0, 4, 1832.28
1775217864, 42, 302, 316, 43, 0, 0.54%, 0, 0, 4, 1828.63
1775217869, 42, 310, 318, 42, 0, 0.54%, 0, 0, 4, 1729.14
1775217874, 42, 315, 318, 40, 0, 0.54%, 0, 0, 4, 1599.61
1775217879, 43, 38, 322, 43, 0, 0.54%, 0, 0, 4, 1866.63
1775217885, 43, 175, 322, 43, 0, 0.54%, 0, 0, 4, 2094.44
1775217890, 43, 243, 322, 43, 0, 0.54%, 0, 0, 4, 2128.91
1775217895, 43, 265, 322, 41, 0, 0.54%, 0, 0, 4, 2098.96
1775217900, 43, 277, 322, 41, 0, 0.54%, 0, 0, 4, 1796.71
1775217905, 43, 284, 322, 40, 0, 0.54%, 0, 0, 4, 907.01
1775217910, 43, 294, 322, 38, 0, 0.54%, 0, 0, 4, 1579.57
1775217915, 43, 301, 322, 36, 0, 0.54%, 0, 0, 4, 1651.58
1775217920, 43, 313, 322, 35, 0, 0.54%, 0, 0, 4, 1571.27
1775217926, 44, 69, 322, 34, 0, 0.54%, 0, 0, 4, 2021.98
1775217931, 44, 206, 322, 34, 0, 0.54%, 0, 0, 4, 2134.74
1775217936, 44, 259, 322, 33, 0, 0.54%, 0, 0, 4, 2145.50
1775217941, 44, 266, 322, 32, 0, 0.54%, 0, 0, 4, 2016.70
1775217946, 44, 275, 322, 30, 0, 0.54%, 0, 0, 4, 2145.03
1775217951, 44, 285, 322, 29, 0, 0.54%, 0, 0, 4, 1943.50
1775217956, 45, 63, 322, 28, 0, 0.54%, 0, 0, 4, 1968.57
1775217961, 45, 198, 322, 28, 0, 0.54%, 0, 0, 4, 2055.87
1775217966, 45, 261, 322, 27, 0, 0.54%, 0, 0, 4, 2152.99
1775217971, 45, 275, 322, 27, 0, 0.54%, 0, 0, 4, 2116.13
1775217976, 45, 282, 322, 26, 0, 0.54%, 0, 0, 4, 1614.58
1775217982, 45, 308, 322, 25, 0, 0.54%, 0, 0, 4, 1489.44
1775217987, 45, 320, 322, 23, 0, 0.54%, 0, 0, 4, 1146.55
1775217992, 46, 69, 322, 22, 0, 0.54%, 0, 0, 4, 1743.12
1775217997, 46, 186, 322, 22, 0, 0.54%, 0, 0, 4, 2004.08
1775218002, 46, 253, 322, 21, 0, 0.54%, 0, 0, 4, 1931.99
1775218007, 46, 274, 322, 20, 0, 0.54%, 0, 0, 4, 2093.00
1775218012, 46, 285, 322, 20, 0, 0.54%, 0, 0, 4, 1994.82
1775218017, 46, 291, 322, 19, 0, 0.54%, 0, 0, 4, 1331.41
1775218022, 46, 306, 322, 17, 0, 0.54%, 0, 0, 4, 1623.86
1775218027, 47, 96, 323, 16, 1, 0.54%, 0, 0, 4, 1690.90
1775218032, 48, 17, 323, 15, 0, 0.54%, 0, 0, 4, 1659.69
1775218038, 48, 127, 323, 15, 0, 0.54%, 0, 0, 4, 1952.65
1775218043, 48, 229, 323, 15, 0, 0.54%, 0, 0, 4, 1807.97
1775218048, 48, 261, 323, 15, 0, 0.54%, 0, 0, 4, 1952.35
1775218053, 48, 272, 323, 14, 0, 0.54%, 0, 0, 4, 1713.83
1775218058, 48, 276, 323, 14, 0, 0.54%, 0, 0, 4, 1692.49
1775218063, 48, 308, 324, 15, 0, 0.54%, 0, 0, 4, 1829.54
1775218068, 49, 9, 324, 14, 0, 0.54%, 0, 0, 4, 1648.31
1775218073, 49, 97, 324, 14, 0, 0.54%, 0, 0, 4, 1933.85
1775218078, 49, 246, 324, 14, 0, 0.54%, 0, 0, 4, 1973.31
1775218084, 49, 269, 324, 14, 0, 0.54%, 0, 0, 4, 1443.53
1775218089, 49, 275, 324, 13, 0, 0.54%, 0, 0, 4, 1606.44
1775218094, 49, 307, 324, 11, 0, 0.54%, 0, 0, 4, 1757.89
1775218099, 50, 63, 324, 10, 0, 0.54%, 0, 0, 4, 1916.75
1775218104, 50, 254, 324, 10, 0, 0.54%, 0, 0, 4, 1985.54
1775218109, 50, 266, 324, 10, 0, 0.54%, 0, 0, 4, 2085.02
1775218114, 50, 298, 324, 10, 0, 0.54%, 0, 0, 4, 1967.56
1775218119, 51, 33, 324, 10, 0, 0.54%, 0, 0, 4, 2054.17
1775218124, 51, 159, 324, 10, 0, 0.54%, 0, 0, 4, 2111.03
1775218129, 51, 279, 324, 10, 0, 0.54%, 0, 0, 4, 2099.05
1775218134, 51, 317, 324, 8, 0, 0.54%, 0, 0, 4, 1548.76
1775218140, 52, 33, 324, 7, 0, 0.54%, 0, 0, 4, 1716.35
1775218145, 52, 234, 324, 7, 0, 0.54%, 0, 0, 4, 1985.71
1775218150, 52, 274, 324, 6, 0, 0.54%, 0, 0, 4, 1542.07
1775218155, 53, 54, 324, 6, 0, 0.54%, 0, 0, 4, 1941.54
1775218160, 53, 207, 324, 6, 0, 0.54%, 0, 0, 4, 2052.24
1775218165, 53, 262, 324, 6, 0, 0.54%, 0, 0, 4, 2048.63
1775218170, 54, 1, 324, 6, 0, 0.54%, 0, 0, 4, 1969.32
1775218175, 54, 89, 324, 6, 0, 0.54%, 0, 0, 4, 2046.25
1775218180, 54, 241, 324, 6, 0, 0.54%, 0, 0, 4, 2054.51
1775218185, 54, 274, 324, 6, 0, 0.54%, 0, 0, 4, 2071.61
1775218190, 54, 306, 324, 5, 0, 0.54%, 0, 0, 4, 1834.85
1775218196, 54, 321, 324, 4, 0, 0.54%, 0, 0, 4, 1161.43
1775218201, 55, 63, 324, 3, 0, 0.54%, 0, 0, 4, 1797.42
1775218206, 55, 234, 324, 3, 0, 0.54%, 0, 0, 4, 2009.01
1775218211, 55, 297, 324, 3, 0, 0.54%, 0, 0, 4, 1853.60
1775218216, 55, 306, 324, 2, 0, 0.54%, 0, 0, 4, 1870.58
1775218221, 56, 64, 324, 2, 0, 0.54%, 0, 0, 4, 1810.52
1775218226, 56, 229, 324, 2, 0, 0.54%, 0, 0, 4, 1857.27
1775218231, 56, 270, 324, 2, 0, 0.54%, 0, 0, 4, 1879.98
1775218236, 57, 33, 324, 2, 0, 0.54%, 0, 0, 4, 2004.07
1775218241, 57, 126, 324, 2, 0, 0.54%, 0, 0, 4, 2070.81
1775218247, 57, 270, 324, 2, 0, 0.54%, 0, 0, 4, 2064.95
1775218252, 57, 314, 324, 1, 0, 0.54%, 0, 0, 4, 1881.63
1775218257, 58, 64, 324, 1, 0, 0.54%, 0, 0, 4, 2035.59
1775218262, 58, 189, 324, 1, 0, 0.54%, 0, 0, 4, 2065.39
1775218267, 58, 261, 324, 1, 0, 0.54%, 0, 0, 4, 2081.97
1775218272, 58, 318, 324, 1, 0, 0.54%, 0, 0, 4, 1947.49
1775218277, 59, 89, 324, 1, 0, 0.54%, 0, 0, 4, 2048.87
1775218282, 59, 228, 324, 1, 0, 0.54%, 0, 0, 4, 2088.73
1775218287, 60, 1, 324, 1, 0, 0.54%, 0, 0, 4, 1947.27
1775218292, 60, 107, 324, 1, 0, 0.54%, 0, 0, 4, 2052.31
1775218297, 60, 254, 324, 1, 0, 0.54%, 0, 0, 4, 2081.32
1775218302, 60, 282, 324, 1, 0, 0.54%, 0, 0, 4, 1918.59
1775218307, 61, 9, 324, 1, 0, 0.54%, 0, 0, 4, 1964.26
1775218313, 61, 127, 324, 1, 0, 0.54%, 0, 0, 4, 2110.06
1775218318, 61, 275, 324, 1, 0, 0.54%, 0, 0, 4, 2054.17
1775218323, 62, 9, 324, 1, 0, 0.54%, 0, 0, 4, 1988.86
1775218328, 62, 135, 324, 1, 0, 0.54%, 0, 0, 4, 2067.86
1775218333, 62, 288, 324, 1, 0, 0.54%, 0, 0, 4, 1995.00
1775218338, 63, 58, 324, 1, 0, 0.54%, 0, 0, 4, 2035.20
1775218343, 63, 204, 324, 1, 0, 0.54%, 0, 0, 4, 2082.95
1775218349, 63, 260, 324, 1, 0, 0.54%, 0, 0, 4, 2097.65
1775218354, 63, 286, 324, 1, 0, 0.54%, 0, 0, 4, 2058.30
1775218359, 64, 108, 324, 1, 0, 0.54%, 0, 0, 4, 2118.15
1775218364, 64, 244, 324, 1, 0, 0.54%, 0, 0, 4, 2095.07
1775218369, 64, 266, 324, 1, 0, 0.54%, 0, 0, 4, 2075.72
1775218374, 64, 283, 324, 0, 0, 0.54%, 0, 0, 4, 2013.34
1775218379, 64, 324, 325, 1, 0, 0.54%, 0, 0, 4, 1003.96
1775218384, 65, 87, 325, 0, 0, 0.54%, 0, 0, 4, 1781.38
1775218390, 65, 220, 325, 0, 0, 0.54%, 0, 0, 4, 1962.31
1775218395, 65, 249, 325, 0, 0, 0.54%, 0, 0, 4, 1962.35
1775218400, 65, 281, 327, 2, 0, 0.54%, 0, 0, 4, 1906.45
1775218405, 66, 64, 331, 6, 0, 0.54%, 0, 0, 4, 1925.05
1775218410, 66, 250, 331, 6, 0, 0.54%, 0, 0, 4, 1877.55
1775218415, 66, 311, 331, 6, 0, 0.54%, 0, 0, 4, 1717.34
1775218420, 66, 326, 331, 6, 0, 0.54%, 0, 0, 4, 1028.01
1775218425, 67, 33, 331, 5, 0, 0.54%, 0, 0, 4, 1362.84
1775218430, 67, 174, 331, 5, 0, 0.54%, 0, 0, 4, 1676.98
1775218435, 67, 274, 331, 5, 0, 0.54%, 0, 0, 4, 1675.95
1775218440, 67, 328, 331, 5, 0, 0.54%, 0, 0, 4, 257.69
1775218445, 68, 9, 332, 5, 0, 0.54%, 0, 0, 4, 1589.89
1775218450, 68, 89, 332, 5, 0, 0.54%, 0, 0, 4, 1632.48
1775218455, 68, 193, 332, 5, 0, 0.54%, 0, 0, 4, 1626.12
1775218461, 68, 318, 332, 5, 0, 0.54%, 0, 0, 4, 1506.35
1775218466, 69, 93, 333, 6, 0, 0.54%, 0, 0, 4, 1679.19
1775218471, 69, 261, 333, 6, 0, 0.54%, 0, 0, 4, 1697.73
1775218476, 69, 322, 333, 6, 0, 0.54%, 0, 0, 4, 1533.58
1775218481, 70, 9, 333, 5, 0, 0.54%, 0, 0, 4, 834.55
1775218486, 70, 73, 333, 5, 0, 0.54%, 0, 0, 4, 1458.49
1775218491, 70, 251, 333, 5, 0, 0.54%, 0, 0, 4, 1569.35
1775218496, 70, 329, 333, 5, 0, 0.54%, 0, 0, 4, 1090.82
1775218501, 70, 330, 333, 4, 0, 0.54%, 0, 0, 4, 596.28
1775218506, 71, 33, 333, 3, 0, 0.54%, 0, 0, 4, 1021.40
1775218511, 71, 138, 333, 3, 0, 0.54%, 0, 0, 4, 1464.76
1775218516, 71, 248, 333, 3, 0, 0.54%, 0, 0, 4, 1556.30
1775218522, 71, 276, 333, 3, 0, 0.54%, 0, 0, 4, 1516.00
1775218527, 71, 331, 334, 4, 0, 0.54%, 0, 0, 4, 200.82
1775218532, 72, 33, 337, 6, 0, 0.54%, 0, 0, 4, 1490.68
1775218537, 72, 136, 338, 7, 0, 0.54%, 0, 0, 4, 1569.54
1775218542, 72, 276, 339, 8, 0, 0.54%, 0, 0, 4, 1566.67
1775218547, 72, 335, 339, 8, 0, 0.54%, 0, 0, 4, 216.66
1775218557, 72, 336, 339, 7, 0, 0.54%, 0, 0, 4, 257.05
1775218562, 73, 31, 340, 7, 0, 0.54%, 0, 0, 4, 1609.69
1775218568, 73, 113, 340, 7, 0, 0.54%, 0, 0, 4, 1621.99
1775218573, 73, 240, 340, 7, 0, 0.54%, 0, 0, 4, 1541.51
1775218578, 73, 270, 343, 10, 0, 0.54%, 0, 0, 4, 1524.60
1775218583, 73, 280, 343, 10, 0, 0.54%, 0, 0, 4, 1360.10
1775218588, 73, 322, 343, 10, 0, 0.54%, 0, 0, 4, 1342.70
1775218593, 73, 333, 343, 10, 0, 0.54%, 0, 0, 4, 203.83
1775218598, 73, 340, 343, 9, 0, 0.54%, 0, 0, 4, 131.60
1775218614, 73, 343, 345, 10, 0, 0.54%, 0, 0, 4, 330.78
1775218624, 73, 344, 345, 9, 0, 0.54%, 0, 0, 4, 106.30
1775218639, 73, 344, 346, 10, 0, 0.54%, 0, 0, 4, 120.78
1775218644, 74, 58, 346, 9, 0, 0.54%, 0, 0, 4, 1516.52
1775218650, 74, 103, 348, 11, 0, 0.54%, 0, 0, 4, 1414.18
1775218655, 74, 248, 348, 11, 0, 0.54%, 0, 0, 4, 1621.93
1775218660, 74, 261, 348, 11, 0, 0.54%, 0, 0, 4, 1479.68
1775218665, 74, 329, 348, 11, 0, 0.54%, 0, 0, 4, 1260.49
1775218670, 74, 332, 348, 11, 0, 0.54%, 0, 0, 4, 194.06
1775218675, 75, 29, 348, 10, 0, 0.54%, 0, 0, 4, 1410.14
1775218680, 75, 103, 348, 10, 0, 0.54%, 0, 0, 4, 1565.72
1775218685, 75, 275, 349, 11, 0, 0.54%, 0, 0, 4, 1630.69
1775218690, 75, 312, 349, 11, 0, 0.54%, 0, 0, 4, 1416.47
1775218696, 75, 339, 350, 12, 0, 0.54%, 0, 0, 4, 129.00
1775218711, 75, 342, 350, 11, 0, 0.54%, 0, 0, 4, 109.96
1775218721, 75, 345, 350, 10, 0, 0.54%, 0, 0, 4, 93.66
1775218742, 75, 347, 350, 9, 0, 0.54%, 0, 0, 4, 91.01
1775218757, 76, 63, 350, 8, 0, 0.54%, 0, 0, 4, 1429.47
1775218762, 76, 182, 350, 8, 0, 0.54%, 0, 0, 4, 1586.27
1775218767, 76, 237, 350, 8, 0, 0.54%, 0, 0, 4, 1544.20
1775218773, 76, 271, 350, 8, 0, 0.54%, 0, 0, 4, 1564.96
1775218778, 76, 280, 351, 9, 0, 0.54%, 0, 0, 4, 1474.64
1775218783, 76, 327, 351, 9, 0, 0.54%, 0, 0, 4, 243.01
1775218793, 76, 337, 351, 8, 0, 0.54%, 0, 0, 4, 368.05
1775218803, 77, 20, 351, 7, 0, 0.54%, 0, 0, 4, 1378.87
1775218808, 77, 63, 351, 7, 0, 0.54%, 0, 0, 4, 1576.37
1775218813, 77, 103, 351, 7, 0, 0.54%, 0, 0, 4, 1551.00
1775218818, 77, 214, 351, 7, 0, 0.54%, 0, 0, 4, 1577.02
1775218823, 77, 274, 351, 7, 0, 0.54%, 0, 0, 4, 1604.88
1775218828, 77, 338, 351, 7, 0, 0.54%, 0, 0, 4, 199.83
1775218833, 77, 341, 351, 6, 0, 0.54%, 0, 0, 4, 323.05
1775218848, 77, 346, 351, 5, 0, 0.54%, 0, 0, 4, 1220.38
1775218859, 77, 348, 351, 4, 0, 0.54%, 0, 0, 4, 93.78
1775218874, 78, 9, 351, 3, 0, 0.54%, 0, 0, 4, 1228.96
1775218879, 78, 53, 351, 3, 0, 0.54%, 0, 0, 4, 1539.77
1775218884, 78, 101, 351, 3, 0, 0.54%, 0, 0, 4, 1554.78
1775218889, 78, 261, 351, 3, 0, 0.54%, 0, 0, 4, 1523.21
1775218894, 78, 274, 351, 3, 0, 0.54%, 0, 0, 4, 1621.57
1775218900, 78, 319, 351, 3, 0, 0.54%, 0, 0, 4, 1332.51
1775218905, 78, 349, 351, 3, 0, 0.54%, 0, 0, 4, 144.29
1775218920, 79, 49, 351, 2, 0, 0.54%, 0, 0, 4, 1687.54
1775218925, 79, 103, 351, 2, 0, 0.54%, 0, 0, 4, 1587.36
1775218930, 79, 226, 351, 2, 0, 0.54%, 0, 0, 4, 1562.03
1775218935, 79, 248, 351, 2, 0, 0.54%, 0, 0, 4, 1655.04
1775218940, 79, 275, 351, 2, 0, 0.54%, 0, 0, 4, 1689.21
1775218946, 79, 318, 351, 2, 0, 0.54%, 0, 0, 4, 1404.70
1775218951, 79, 350, 351, 2, 0, 0.54%, 0, 0, 4, 132.98
1775218971, 80, 33, 351, 1, 0, 0.54%, 0, 0, 4, 1389.92
1775218976, 80, 79, 351, 1, 0, 0.54%, 0, 0, 4, 1525.87
1775218981, 80, 148, 351, 1, 0, 0.54%, 0, 0, 4, 1501.73
1775218987, 80, 223, 351, 1, 0, 0.54%, 0, 0, 4, 1480.67
1775218992, 80, 274, 351, 1, 0, 0.54%, 0, 0, 4, 1530.54
1775218997, 80, 334, 351, 1, 0, 0.54%, 0, 0, 4, 211.49
1775219007, 81, 33, 351, 0, 0, 0.54%, 0, 0, 4, 1574.29
1775219012, 81, 104, 351, 0, 0, 0.54%, 0, 0, 4, 1518.36
1775219017, 81, 214, 351, 0, 0, 0.54%, 0, 0, 4, 1526.95
1775219022, 81, 281, 351, 0, 0, 0.54%, 0, 0, 4, 1558.19
1775219027, 81, 298, 351, 0, 0, 0.54%, 0, 0, 4, 1565.38
1775219032, 82, 46, 351, 0, 0, 0.54%, 0, 0, 4, 1611.98
1775219037, 82, 103, 351, 0, 0, 0.54%, 0, 0, 4, 1589.75
1775219042, 82, 165, 351, 0, 0, 0.54%, 0, 0, 4, 1590.20
1775219047, 82, 197, 351, 0, 0, 0.54%, 0, 0, 4, 1578.87
1775219053, 82, 300, 351, 0, 0, 0.54%, 0, 0, 4, 1526.10
1775219058, 82, 337, 351, 0, 0, 0.54%, 0, 0, 4, 1585.47
1775219063, 83, 33, 351, 0, 0, 0.54%, 0, 0, 4, 1539.40
1775219068, 83, 90, 351, 0, 0, 0.54%, 0, 0, 4, 1659.92
1775219073, 83, 221, 351, 0, 0, 0.54%, 0, 0, 4, 1597.06
1775219078, 83, 312, 351, 0, 0, 0.54%, 0, 0, 4, 1407.44
1775219083, 84, 14, 351, 0, 0, 0.54%, 0, 0, 4, 1538.70
1775219088, 84, 89, 351, 0, 0, 0.54%, 0, 0, 4, 1564.85
1775219093, 84, 209, 351, 0, 0, 0.54%, 0, 0, 4, 1566.04
1775219098, 84, 268, 351, 0, 0, 0.54%, 0, 0, 4, 1539.04
1775219103, 85, 1, 351, 0, 0, 0.54%, 0, 0, 4, 1487.32
1775219108, 85, 54, 351, 0, 0, 0.54%, 0, 0, 4, 1561.71
1775219113, 85, 103, 351, 0, 0, 0.54%, 0, 0, 4, 1504.12
1775219118, 85, 217, 351, 0, 0, 0.54%, 0, 0, 4, 1625.72
1775219124, 85, 265, 351, 0, 0, 0.54%, 0, 0, 4, 1462.00
1775219129, 85, 287, 351, 0, 0, 0.54%, 0, 0, 4, 1492.14
1775219134, 85, 299, 351, 0, 0, 0.54%, 0, 0, 4, 1461.13
1775219139, 86, 7, 351, 0, 0, 0.54%, 0, 0, 4, 1260.60
1775219144, 86, 58, 351, 0, 0, 0.54%, 0, 0, 4, 1478.27
1775219149, 86, 103, 351, 0, 0, 0.54%, 0, 0, 4, 1589.57
1775219154, 86, 189, 351, 0, 0, 0.54%, 0, 0, 4, 1509.24
1775219159, 86, 274, 351, 0, 0, 0.54%, 0, 0, 4, 1472.97
1775219164, 86, 290, 351, 0, 0, 0.54%, 0, 0, 4, 1383.99
1775219169, 86, 326, 351, 0, 0, 0.54%, 0, 0, 4, 1432.71
1775219174, 87, 32, 351, 0, 0, 0.54%, 0, 0, 4, 1501.70
1775219180, 87, 103, 351, 0, 0, 0.54%, 0, 0, 4, 1522.63
1775219185, 87, 223, 351, 0, 0, 0.54%, 0, 0, 4, 1530.25
1775219190, 87, 244, 351, 0, 0, 0.54%, 0, 0, 4, 1552.49
1775219195, 87, 288, 351, 0, 0, 0.54%, 0, 0, 4, 1535.98
1775219200, 87, 314, 351, 0, 0, 0.54%, 0, 0, 4, 1467.49
1775219205, 88, 31, 351, 0, 0, 0.54%, 0, 0, 4, 1448.27
1775219210, 88, 84, 351, 0, 0, 0.54%, 0, 0, 4, 1518.90
1775219215, 88, 186, 351, 0, 0, 0.54%, 0, 0, 4, 1542.43
1775219220, 88, 274, 351, 0, 0, 0.54%, 0, 0, 4, 1517.33
1775219226, 88, 296, 351, 0, 0, 0.54%, 0, 0, 4, 1424.49
1775219231, 89, 11, 351, 0, 0, 0.54%, 0, 0, 4, 1399.57
1775219236, 89, 52, 351, 0, 0, 0.54%, 0, 0, 4, 1469.33
1775219241, 89, 100, 351, 0, 0, 0.54%, 0, 0, 4, 1549.05
1775219246, 89, 206, 351, 0, 0, 0.54%, 0, 0, 4, 1421.81
1775219251, 89, 243, 351, 0, 0, 0.54%, 0, 0, 4, 1438.39
1775219256, 89, 268, 351, 0, 0, 0.54%, 0, 0, 4, 1546.03
1775219261, 89, 337, 351, 0, 0, 0.54%, 0, 0, 4, 1416.59
1775219267, 90, 42, 351, 0, 0, 0.54%, 0, 0, 4, 1499.94
1775219272, 90, 103, 351, 0, 0, 0.54%, 0, 0, 4, 1587.91
1775219277, 90, 233, 351, 0, 0, 0.54%, 0, 0, 4, 1507.52
1775219282, 90, 265, 351, 0, 0, 0.54%, 0, 0, 4, 1577.70
1775219287, 90, 275, 351, 0, 0, 0.54%, 0, 0, 4, 1510.64
1775219292, 90, 285, 351, 0, 0, 0.54%, 0, 0, 4, 1421.12
1775219297, 90, 315, 351, 0, 0, 0.54%, 0, 0, 4, 1409.68
1775219302, 91, 33, 351, 0, 0, 0.54%, 0, 0, 4, 1585.52
1775219307, 91, 102, 351, 0, 0, 0.54%, 0, 0, 4, 1607.65
1775219312, 91, 228, 351, 0, 0, 0.54%, 0, 0, 4, 1587.61
1775219317, 91, 244, 351, 0, 0, 0.54%, 0, 0, 4, 1597.40
1775219322, 91, 265, 351, 0, 0, 0.54%, 0, 0, 4, 1588.04
1775219327, 91, 330, 351, 0, 0, 0.54%, 0, 0, 4, 1413.48
1775219333, 92, 69, 351, 0, 0, 0.54%, 0, 0, 4, 1573.79
1775219338, 92, 149, 351, 0, 0, 0.54%, 0, 0, 4, 1622.58
1775219343, 92, 256, 351, 0, 0, 0.54%, 0, 0, 4, 1569.66
1775219348, 92, 265, 351, 0, 0, 0.54%, 0, 0, 4, 1586.47
1775219353, 92, 303, 351, 0, 0, 0.54%, 0, 0, 4, 1590.48
1775219358, 93, 10, 351, 0, 0, 0.54%, 0, 0, 4, 1571.14
1775219363, 93, 52, 351, 0, 0, 0.54%, 0, 0, 4, 1597.20
1775219368, 93, 101, 351, 0, 0, 0.54%, 0, 0, 4, 1640.52
1775219373, 93, 208, 351, 0, 0, 0.54%, 0, 0, 4, 1553.28
1775219378, 93, 265, 351, 0, 0, 0.54%, 0, 0, 4, 1549.78
1775219383, 93, 311, 351, 0, 0, 0.54%, 0, 0, 4, 1436.00
1775219388, 94, 29, 351, 0, 0, 0.54%, 0, 0, 4, 1531.52
1775219394, 94, 89, 351, 0, 0, 0.54%, 0, 0, 4, 1561.95
1775219399, 94, 191, 351, 0, 0, 0.54%, 0, 0, 4, 1550.05
1775219404, 94, 258, 351, 0, 0, 0.54%, 0, 0, 4, 1621.37
1775219409, 94, 274, 351, 0, 0, 0.54%, 0, 0, 4, 1537.58
1775219414, 94, 288, 351, 0, 0, 0.54%, 0, 0, 4, 1373.82
1775219419, 94, 319, 351, 0, 0, 0.54%, 0, 0, 4, 1393.43
1775219424, 95, 33, 351, 0, 0, 0.54%, 0, 0, 4, 1519.52
1775219429, 95, 101, 351, 0, 0, 0.54%, 0, 0, 4, 1604.53
1775219434, 95, 199, 351, 0, 0, 0.54%, 0, 0, 4, 1521.73
1775219439, 95, 265, 351, 0, 0, 0.54%, 0, 0, 4, 922.57
1775219445, 95, 286, 351, 0, 0, 0.54%, 0, 0, 4, 1274.44
1775219450, 95, 296, 352, 1, 0, 0.54%, 0, 0, 4, 1482.33
1775219455, 96, 33, 352, 1, 0, 0.54%, 0, 0, 4, 1472.76
1775219460, 96, 75, 352, 1, 0, 0.54%, 0, 0, 4, 1551.82
1775219465, 96, 197, 352, 1, 0, 0.54%, 0, 0, 4, 1628.06
1775219470, 96, 265, 352, 1, 0, 0.54%, 0, 0, 4, 1516.47
1775219475, 96, 351, 352, 1, 0, 0.54%, 0, 0, 4, 229.54
1775219485, 97, 33, 352, 0, 0, 0.54%, 0, 0, 4, 1717.14
1775219491, 97, 89, 352, 0, 0, 0.54%, 0, 0, 4, 1516.23
1775219496, 97, 197, 352, 0, 0, 0.54%, 0, 0, 4, 1533.10
1775219501, 97, 244, 352, 0, 0, 0.54%, 0, 0, 4, 1480.12
1775219506, 97, 273, 352, 0, 0, 0.54%, 0, 0, 4, 1616.74
1775219511, 97, 298, 352, 0, 0, 0.54%, 0, 0, 4, 1472.09
1775219516, 97, 308, 352, 0, 0, 0.54%, 0, 0, 4, 1330.56
1775219521, 98, 1, 352, 0, 0, 0.54%, 0, 0, 4, 1273.18
1775219526, 98, 63, 352, 0, 0, 0.54%, 0, 0, 4, 1525.92
1775219531, 98, 103, 352, 0, 0, 0.54%, 0, 0, 4, 1475.29
1775219536, 98, 192, 352, 0, 0, 0.54%, 0, 0, 4, 1542.51
1775219541, 98, 261, 352, 0, 0, 0.54%, 0, 0, 4, 1466.52
1775219547, 98, 278, 352, 0, 0, 0.54%, 0, 0, 4, 1438.90
1775219552, 98, 322, 352, 0, 0, 0.54%, 0, 0, 4, 1485.84
1775219557, 99, 18, 352, 0, 0, 0.54%, 0, 0, 4, 1264.87
1775219562, 99, 64, 352, 0, 0, 0.54%, 0, 0, 4, 1487.90
1775219567, 99, 126, 352, 0, 0, 0.54%, 0, 0, 4, 1546.52
1775219572, 99, 247, 352, 0, 0, 0.54%, 0, 0, 4, 270.99
1775219577, 99, 280, 352, 0, 0, 0.54%, 0, 0, 4, 1541.97
1775219582, 99, 322, 352, 0, 0, 0.54%, 0, 0, 4, 1401.73
1775219587, 100, 29, 352, 0, 0, 0.54%, 0, 0, 4, 1390.91
1775219592, 100, 88, 352, 0, 0, 0.54%, 0, 0, 4, 1482.79
1775219597, 100, 187, 352, 0, 0, 0.54%, 0, 0, 4, 1500.75
1775219602, 100, 274, 352, 0, 0, 0.54%, 0, 0, 4, 1628.03
1775219607, 101, 5, 352, 0, 0, 0.54%, 0, 0, 4, 1307.06
1775219612, 101, 63, 352, 0, 0, 0.54%, 0, 0, 4, 1535.61
1775219618, 101, 127, 352, 0, 0, 0.54%, 0, 0, 4, 1535.45
1775219623, 101, 215, 352, 0, 0, 0.54%, 0, 0, 4, 1567.41
1775219628, 101, 265, 352, 0, 0, 0.54%, 0, 0, 4, 1442.40
1775219633, 101, 324, 352, 0, 0, 0.54%, 0, 0, 4, 1331.06
1775219638, 102, 44, 352, 0, 0, 0.54%, 0, 0, 4, 1486.71
1775219643, 102, 103, 352, 0, 0, 0.54%, 0, 0, 4, 1565.10
1775219648, 102, 255, 352, 0, 0, 0.54%, 0, 0, 4, 1532.26
1775219653, 102, 274, 352, 0, 0, 0.54%, 0, 0, 4, 1524.37
1775219658, 102, 301, 352, 0, 0, 0.54%, 0, 0, 4, 1498.80
1775219664, 102, 322, 352, 0, 0, 0.54%, 0, 0, 4, 1371.78
1775219669, 103, 31, 352, 0, 0, 0.54%, 0, 0, 4, 1334.32
1775219674, 103, 101, 352, 0, 0, 0.54%, 0, 0, 4, 1505.18
1775219679, 103, 160, 352, 0, 0, 0.54%, 0, 0, 4, 1475.92
1775219684, 103, 263, 352, 0, 0, 0.54%, 0, 0, 4, 1506.25
1775219689, 103, 284, 352, 0, 0, 0.54%, 0, 0, 4, 1451.25
1775219694, 103, 305, 352, 0, 0, 0.54%, 0, 0, 4, 1443.06
1775219699, 103, 348, 352, 0, 0, 0.54%, 0, 0, 4, 1053.04
1775219704, 104, 31, 352, 0, 0, 0.54%, 0, 0, 4, 1383.73
1775219709, 104, 87, 352, 0, 0, 0.54%, 0, 0, 4, 1451.79
1775219714, 104, 153, 352, 0, 0, 0.54%, 0, 0, 4, 1485.74
1775219720, 104, 231, 352, 0, 0, 0.54%, 0, 0, 4, 1499.08
1775219725, 104, 255, 352, 0, 0, 0.54%, 0, 0, 4, 1476.05
1775219730, 104, 288, 353, 1, 0, 0.54%, 0, 0, 4, 1536.00
1775219735, 105, 9, 353, 1, 0, 0.54%, 0, 0, 4, 1684.75
1775219740, 105, 64, 353, 1, 0, 0.54%, 0, 0, 4, 1556.20
1775219745, 105, 141, 353, 1, 0, 0.54%, 0, 0, 4, 1519.14
1775219750, 105, 225, 353, 1, 0, 0.54%, 0, 0, 4, 1496.70
1775219755, 105, 276, 353, 1, 0, 0.54%, 0, 0, 4, 1497.40
1775219760, 106, 4, 353, 1, 0, 0.54%, 0, 0, 4, 1312.87
1775219765, 106, 33, 353, 1, 0, 0.54%, 0, 0, 4, 1446.84
1775219770, 106, 103, 353, 1, 0, 0.54%, 0, 0, 4, 1546.73
1775219776, 106, 232, 353, 1, 0, 0.54%, 0, 0, 4, 1617.67
1775219781, 106, 275, 353, 1, 0, 0.54%, 0, 0, 4, 1555.80
1775219786, 106, 322, 353, 1, 0, 0.54%, 0, 0, 4, 1398.38
1775219791, 107, 63, 353, 1, 0, 0.54%, 0, 0, 4, 1541.79
1775219796, 107, 130, 353, 1, 0, 0.54%, 0, 0, 4, 1563.33
1775219801, 107, 239, 353, 1, 0, 0.54%, 0, 0, 4, 1462.30
1775219806, 107, 265, 353, 1, 0, 0.54%, 0, 0, 4, 1537.29
1775219811, 107, 308, 353, 1, 0, 0.54%, 0, 0, 4, 1406.89
1775219816, 108, 31, 353, 1, 0, 0.54%, 0, 0, 4, 1484.80
1775219821, 108, 101, 354, 2, 0, 0.54%, 0, 0, 4, 1579.53
1775219826, 108, 166, 354, 2, 0, 0.54%, 0, 0, 4, 1535.39
1775219832, 108, 244, 354, 2, 0, 0.54%, 0, 0, 4, 1456.27
1775219837, 108, 275, 354, 2, 0, 0.54%, 0, 0, 4, 1511.53
1775219842, 108, 352, 354, 2, 0, 0.54%, 0, 0, 4, 1287.50
1775219847, 108, 353, 354, 1, 0, 0.54%, 0, 0, 4, 242.97
1775219852, 109, 29, 354, 0, 0, 0.54%, 0, 0, 4, 967.82
1775219857, 109, 63, 354, 0, 0, 0.54%, 0, 0, 4, 1377.26
1775219862, 109, 89, 354, 0, 0, 0.54%, 0, 0, 4, 1532.83
1775219867, 109, 242, 354, 0, 0, 0.54%, 0, 0, 4, 1514.37
1775219872, 109, 250, 354, 0, 0, 0.54%, 0, 0, 4, 1371.05
1775219877, 109, 265, 354, 0, 0, 0.54%, 0, 0, 4, 1502.05
1775219883, 109, 284, 354, 0, 0, 0.54%, 0, 0, 4, 1346.33
1775219888, 109, 329, 354, 0, 0, 0.54%, 0, 0, 4, 1404.27
1775219893, 110, 29, 354, 0, 0, 0.54%, 0, 0, 4, 1356.21
1775219898, 110, 89, 354, 0, 0, 0.54%, 0, 0, 4, 1504.94
1775219903, 110, 133, 354, 0, 0, 0.54%, 0, 0, 4, 1459.31
1775219908, 110, 250, 354, 0, 0, 0.54%, 0, 0, 4, 1540.15
1775219913, 110, 265, 354, 0, 0, 0.54%, 0, 0, 4, 1477.65
1775219918, 110, 312, 354, 0, 0, 0.54%, 0, 0, 4, 1401.62
1775219923, 110, 331, 354, 0, 0, 0.54%, 0, 0, 4, 1308.35
1775219928, 111, 33, 354, 0, 0, 0.54%, 0, 0, 4, 1463.77
1775219933, 111, 101, 354, 0, 0, 0.54%, 0, 0, 4, 1463.51
1775219938, 111, 198, 354, 0, 0, 0.54%, 0, 0, 4, 1561.68
1775219943, 111, 255, 354, 0, 0, 0.54%, 0, 0, 4, 1421.05
1775219949, 111, 275, 354, 0, 0, 0.54%, 0, 0, 4, 1478.51
1775219954, 112, 29, 354, 0, 0, 0.54%, 0, 0, 4, 1371.09
1775219959, 112, 80, 354, 0, 0, 0.54%, 0, 0, 4, 1511.33
1775219964, 112, 130, 354, 0, 0, 0.54%, 0, 0, 4, 1319.89
1775219969, 112, 208, 354, 0, 0, 0.54%, 0, 0, 4, 1303.33
1775219974, 112, 265, 354, 0, 0, 0.54%, 0, 0, 4, 1191.52
1775219979, 112, 276, 354, 0, 0, 0.54%, 0, 0, 4, 1332.51
1775219984, 113, 28, 354, 0, 0, 0.54%, 0, 0, 4, 1404.99
1775219989, 113, 63, 354, 0, 0, 0.54%, 0, 0, 4, 1487.30
1775219994, 113, 103, 354, 0, 0, 0.54%, 0, 0, 4, 1483.48
1775219999, 113, 201, 354, 0, 0, 0.54%, 0, 0, 4, 1396.32
1775220004, 113, 254, 354, 0, 0, 0.54%, 0, 0, 4, 1468.31
1775220009, 113, 274, 354, 0, 0, 0.54%, 0, 0, 4, 1641.45
1775220014, 114, 29, 354, 0, 0, 0.54%, 0, 0, 4, 1570.87
1775220019, 114, 65, 354, 0, 0, 0.54%, 0, 0, 4, 1435.69
1775220025, 114, 135, 354, 0, 0, 0.54%, 0, 0, 4, 1332.09
1775220030, 114, 245, 354, 0, 0, 0.54%, 0, 0, 4, 1460.38
1775220035, 114, 255, 354, 0, 0, 0.54%, 0, 0, 4, 1479.16
1775220040, 114, 275, 354, 0, 0, 0.54%, 0, 0, 4, 1579.66
1775220045, 115, 9, 354, 0, 0, 0.54%, 0, 0, 4, 1329.35
1775220050, 115, 58, 354, 0, 0, 0.54%, 0, 0, 4, 1454.68
1775220055, 115, 103, 354, 0, 0, 0.54%, 0, 0, 4, 1429.96
1775220061, 115, 259, 354, 0, 0, 0.54%, 0, 0, 4, 1605.40
1775220066, 115, 274, 354, 0, 0, 0.54%, 0, 0, 4, 1473.80
1775220071, 116, 9, 354, 0, 0, 0.54%, 0, 0, 4, 1397.93
1775220076, 116, 58, 354, 0, 0, 0.54%, 0, 0, 4, 1456.04
1775220081, 116, 101, 354, 0, 0, 0.54%, 0, 0, 4, 1580.88
1775220086, 116, 158, 354, 0, 0, 0.54%, 0, 0, 4, 1582.88
1775220091, 116, 249, 354, 0, 0, 0.54%, 0, 0, 4, 1522.69
1775220096, 116, 275, 354, 0, 0, 0.54%, 0, 0, 4, 1499.02
1775220101, 116, 311, 354, 0, 0, 0.54%, 0, 0, 4, 1447.03
1775220106, 117, 31, 354, 0, 0, 0.54%, 0, 0, 4, 1458.78
1775220111, 117, 89, 354, 0, 0, 0.54%, 0, 0, 4, 1516.36
1775220116, 117, 116, 354, 0, 0, 0.54%, 0, 0, 4, 1452.99
1775220121, 117, 228, 354, 0, 0, 0.54%, 0, 0, 4, 1517.96
1775220126, 117, 282, 354, 0, 0, 0.54%, 0, 0, 4, 1462.01
1775220132, 117, 335, 354, 0, 0, 0.54%, 0, 0, 4, 1244.04
1775220137, 118, 9, 354, 0, 0, 0.54%, 0, 0, 4, 1205.56
1775220142, 118, 58, 354, 0, 0, 0.54%, 0, 0, 4, 1419.96
1775220147, 118, 114, 354, 0, 0, 0.54%, 0, 0, 4, 1422.25
1775220152, 118, 214, 354, 0, 0, 0.54%, 0, 0, 4, 1455.39
1775220157, 118, 275, 354, 0, 0, 0.54%, 0, 0, 4, 1531.00
1775220162, 118, 309, 354, 0, 0, 0.54%, 0, 0, 4, 1511.61
1775220167, 118, 342, 354, 0, 0, 0.54%, 0, 0, 4, 1165.58
1775220172, 119, 39, 354, 0, 0, 0.54%, 0, 0, 4, 1409.33
1775220177, 119, 97, 354, 0, 0, 0.54%, 0, 0, 4, 1465.23
1775220183, 119, 156, 354, 0, 0, 0.54%, 0, 0, 4, 1442.82
1775220188, 119, 231, 354, 0, 0, 0.54%, 0, 0, 4, 1460.13
1775220193, 119, 282, 354, 0, 0, 0.54%, 0, 0, 4, 1376.54
1775220198, 119, 347, 354, 0, 0, 0.54%, 0, 0, 4, 1118.95
1775220203, 120, 57, 354, 0, 0, 0.54%, 0, 0, 4, 1434.56
1775220208, 120, 103, 354, 0, 0, 0.54%, 0, 0, 4, 1378.35
1775220213, 120, 261, 354, 0, 0, 0.54%, 0, 0, 4, 1476.62
1775220218, 120, 294, 354, 0, 0, 0.54%, 0, 0, 4, 1493.25
1775220223, 121, 29, 354, 0, 0, 0.54%, 0, 0, 4, 1476.32
1775220229, 121, 69, 354, 0, 0, 0.54%, 0, 0, 4, 1487.44
1775220234, 121, 156, 354, 0, 0, 0.54%, 0, 0, 4, 1512.52
1775220239, 121, 275, 354, 0, 0, 0.54%, 0, 0, 4, 1571.08
1775220244, 121, 283, 354, 0, 0, 0.54%, 0, 0, 4, 1480.27
1775220249, 121, 308, 354, 0, 0, 0.54%, 0, 0, 4, 1322.37
1775220254, 122, 1, 354, 0, 0, 0.54%, 0, 0, 4, 1200.34
1775220259, 122, 33, 354, 0, 0, 0.54%, 0, 0, 4, 1471.34
1775220264, 122, 89, 354, 0, 0, 0.54%, 0, 0, 4, 1413.48
1775220270, 122, 157, 354, 0, 0, 0.54%, 0, 0, 4, 1310.74
1775220275, 122, 255, 354, 0, 0, 0.54%, 0, 0, 4, 1336.95
1775220280, 122, 261, 354, 0, 0, 0.54%, 0, 0, 4, 1424.26
1775220285, 122, 276, 354, 0, 0, 0.54%, 0, 0, 4, 1517.35
1775220290, 122, 322, 354, 0, 0, 0.54%, 0, 0, 4, 1432.69
1775220295, 123, 23, 354, 0, 0, 0.54%, 0, 0, 4, 1398.43
1775220300, 123, 64, 354, 0, 0, 0.54%, 0, 0, 4, 1476.81
1775220305, 123, 123, 354, 0, 0, 0.54%, 0, 0, 4, 1380.21
1775220310, 123, 239, 354, 0, 0, 0.54%, 0, 0, 4, 1502.80
1775220315, 123, 268, 354, 0, 0, 0.54%, 0, 0, 4, 1591.96
1775220320, 123, 276, 354, 0, 0, 0.54%, 0, 0, 4, 1395.36
1775220326, 123, 314, 354, 0, 0, 0.54%, 0, 0, 4, 1477.97
1775220331, 124, 29, 354, 0, 0, 0.54%, 0, 0, 4, 1364.93
1775220336, 124, 65, 354, 0, 0, 0.54%, 0, 0, 4, 1529.65
1775220341, 124, 106, 354, 0, 0, 0.54%, 0, 0, 4, 1462.45
1775220346, 124, 275, 354, 0, 0, 0.54%, 0, 0, 4, 1522.74
1775220351, 125, 9, 354, 0, 0, 0.54%, 0, 0, 4, 1365.87
1775220356, 125, 44, 354, 0, 0, 0.54%, 0, 0, 4, 1492.08
1775220361, 125, 108, 354, 0, 0, 0.54%, 0, 0, 4, 1517.59
1775220366, 125, 180, 354, 0, 0, 0.54%, 0, 0, 4, 1520.37
1775220371, 125, 240, 354, 0, 0, 0.54%, 0, 0, 4, 1521.83
1775220376, 125, 260, 354, 0, 0, 0.54%, 0, 0, 4, 1557.72
1775220381, 125, 280, 354, 0, 0, 0.54%, 0, 0, 4, 1579.74
1775220386, 125, 296, 354, 0, 0, 0.54%, 0, 0, 4, 1491.14
1775220391, 126, 29, 354, 0, 0, 0.54%, 0, 0, 4, 1316.34
1775220397, 126, 82, 354, 0, 0, 0.54%, 0, 0, 4, 1477.37
1775220402, 126, 132, 354, 0, 0, 0.54%, 0, 0, 4, 1480.97
1775220407, 126, 225, 354, 0, 0, 0.54%, 0, 0, 4, 1553.08
1775220412, 126, 248, 354, 0, 0, 0.54%, 0, 0, 4, 1536.80
1775220417, 126, 265, 354, 0, 0, 0.54%, 0, 0, 4, 1531.17
1775220422, 126, 303, 354, 0, 0, 0.54%, 0, 0, 4, 1433.11
1775220427, 126, 308, 354, 0, 0, 0.54%, 0, 0, 4, 1484.39
1775220432, 127, 38, 354, 0, 0, 0.54%, 0, 0, 4, 1526.32
1775220437, 127, 101, 354, 0, 0, 0.54%, 0, 0, 4, 1561.00
1775220442, 127, 189, 354, 0, 0, 0.54%, 0, 0, 4, 1549.33
1775220447, 127, 286, 354, 0, 0, 0.54%, 0, 0, 4, 1577.64
1775220452, 128, 0, 354, 0, 0, 0.54%, 0, 0, 4, 1489.84
1775220457, 128, 55, 354, 0, 0, 0.54%, 0, 0, 4, 1522.71
1775220462, 128, 101, 354, 0, 0, 0.54%, 0, 0, 4, 1505.24
1775220467, 128, 203, 354, 0, 0, 0.54%, 0, 0, 4, 1504.55
1775220472, 128, 247, 354, 0, 0, 0.54%, 0, 0, 4, 1532.66
1775220478, 128, 250, 354, 0, 0, 0.54%, 0, 0, 4, 1562.43
1775220483, 128, 275, 354, 0, 0, 0.54%, 0, 0, 4, 1589.01
1775220488, 129, 24, 354, 0, 0, 0.54%, 0, 0, 4, 1424.15
1775220493, 129, 58, 354, 0, 0, 0.54%, 0, 0, 4, 1536.72
1775220498, 129, 108, 354, 0, 0, 0.54%, 0, 0, 4, 1594.58
1775220503, 129, 261, 354, 0, 0, 0.54%, 0, 0, 4, 1484.06
1775220508, 129, 280, 354, 0, 0, 0.54%, 0, 0, 4, 1495.87
1775220513, 129, 296, 354, 0, 0, 0.54%, 0, 0, 4, 1488.44
1775220518, 129, 340, 354, 0, 0, 0.54%, 0, 0, 4, 1178.18
1775220523, 130, 33, 354, 0, 0, 0.54%, 0, 0, 4, 1478.93
1775220528, 130, 103, 354, 0, 0, 0.54%, 0, 0, 4, 1575.46
1775220533, 130, 261, 354, 0, 0, 0.54%, 0, 0, 4, 1517.07
1775220538, 130, 276, 354, 0, 0, 0.54%, 0, 0, 4, 1470.77
1775220543, 131, 9, 354, 0, 0, 0.54%, 0, 0, 4, 1455.74
1775220549, 131, 41, 354, 0, 0, 0.54%, 0, 0, 4, 1566.61
1775220554, 131, 91, 354, 0, 0, 0.54%, 0, 0, 4, 1614.56
1775220559, 131, 133, 354, 0, 0, 0.54%, 0, 0, 4, 1604.67
1775220564, 131, 275, 354, 0, 0, 0.54%, 0, 0, 4, 1523.80
1775220569, 131, 318, 354, 0, 0, 0.54%, 0, 0, 4, 1479.57
1775220574, 132, 28, 354, 0, 0, 0.54%, 0, 0, 4, 1350.92
1775220579, 132, 64, 354, 0, 0, 0.54%, 0, 0, 4, 1484.06
1775220584, 132, 166, 354, 0, 0, 0.54%, 0, 0, 4, 1534.94
1775220589, 132, 228, 354, 0, 0, 0.54%, 0, 0, 4, 1505.02
1775220594, 132, 301, 354, 0, 0, 0.54%, 0, 0, 4, 1436.44
1775220599, 133, 0, 354, 0, 0, 0.54%, 0, 0, 4, 1270.07
1775220604, 133, 58, 354, 0, 0, 0.54%, 0, 0, 4, 1493.02
1775220609, 133, 117, 354, 0, 0, 0.54%, 0, 0, 4, 1472.21
1775220614, 133, 178, 354, 0, 0, 0.54%, 0, 0, 4, 1398.84
1775220620, 133, 298, 354, 0, 0, 0.54%, 0, 0, 4, 1504.69
1775220625, 134, 31, 354, 0, 0, 0.54%, 0, 0, 4, 1501.94
1775220630, 134, 89, 354, 0, 0, 0.54%, 0, 0, 4, 1548.18
1775220635, 134, 142, 354, 0, 0, 0.54%, 0, 0, 4, 1474.34
1775220640, 134, 252, 354, 0, 0, 0.54%, 0, 0, 4, 1530.59
1775220645, 134, 276, 354, 0, 0, 0.54%, 0, 0, 4, 1534.50
1775220650, 134, 335, 354, 0, 0, 0.54%, 0, 0, 4, 1547.03
1775220655, 135, 31, 354, 0, 0, 0.54%, 0, 0, 4, 1473.52
1775220660, 135, 64, 354, 0, 0, 0.54%, 0, 0, 4, 1587.92
1775220666, 135, 120, 354, 0, 0, 0.54%, 0, 0, 4, 1498.82
1775220671, 135, 214, 354, 0, 0, 0.54%, 0, 0, 4, 1545.16
1775220676, 135, 278, 354, 0, 0, 0.54%, 0, 0, 4, 1594.75
1775220681, 135, 330, 354, 0, 0, 0.54%, 0, 0, 4, 1348.96
1775220686, 136, 31, 354, 0, 0, 0.54%, 0, 0, 4, 1351.40
1775220691, 136, 108, 354, 0, 0, 0.54%, 0, 0, 4, 1514.03
1775220696, 136, 219, 354, 0, 0, 0.54%, 0, 0, 4, 1448.52
1775220701, 136, 266, 354, 0, 0, 0.54%, 0, 0, 4, 1559.70
1775220706, 136, 278, 354, 0, 0, 0.54%, 0, 0, 4, 1507.32
1775220711, 136, 290, 354, 0, 0, 0.54%, 0, 0, 4, 1518.51
1775220716, 137, 9, 354, 0, 0, 0.54%, 0, 0, 4, 1396.40
1775220721, 137, 61, 354, 0, 0, 0.54%, 0, 0, 4, 1554.31
1775220726, 137, 101, 354, 0, 0, 0.54%, 0, 0, 4, 1449.92
1775220731, 137, 176, 354, 0, 0, 0.54%, 0, 0, 4, 1529.97
1775220736, 137, 243, 354, 0, 0, 0.54%, 0, 0, 4, 1581.11
1775220741, 137, 260, 354, 0, 0, 0.54%, 0, 0, 4, 1483.32
1775220746, 137, 322, 354, 0, 0, 0.54%, 0, 0, 4, 1460.28
1775220751, 138, 35, 354, 0, 0, 0.54%, 0, 0, 4, 1546.30
1775220756, 138, 89, 354, 0, 0, 0.54%, 0, 0, 4, 1472.05
1775220761, 138, 218, 354, 0, 0, 0.54%, 0, 0, 4, 1445.37
1775220767, 138, 274, 354, 0, 0, 0.54%, 0, 0, 4, 1486.99
1775220772, 138, 317, 354, 0, 0, 0.54%, 0, 0, 4, 1392.61
1775220777, 139, 31, 354, 0, 0, 0.54%, 0, 0, 4, 1311.49
1775220782, 139, 64, 354, 0, 0, 0.54%, 0, 0, 4, 1418.90
1775220787, 139, 125, 354, 0, 0, 0.54%, 0, 0, 4, 1417.14
1775220792, 139, 203, 354, 0, 0, 0.54%, 0, 0, 4, 1333.68
1775220797, 139, 274, 354, 0, 0, 0.54%, 0, 0, 4, 1351.24
1775220802, 139, 342, 354, 0, 0, 0.54%, 0, 0, 4, 1185.35
1775220807, 140, 9, 354, 0, 0, 0.54%, 0, 0, 4, 1394.90
1775220812, 140, 29, 354, 0, 0, 0.54%, 0, 0, 4, 1257.97
1775220817, 140, 63, 354, 0, 0, 0.54%, 0, 0, 4, 1303.90
1775220822, 140, 108, 354, 0, 0, 0.54%, 0, 0, 4, 1268.37
1775220827, 140, 265, 354, 0, 0, 0.54%, 0, 0, 4, 1347.59
1775220832, 140, 312, 354, 0, 0, 0.54%, 0, 0, 4, 1247.47
1775220838, 140, 318, 354, 0, 0, 0.54%, 0, 0, 4, 1179.07
1775220843, 141, 27, 354, 0, 0, 0.54%, 0, 0, 4, 1221.45
1775220848, 141, 63, 354, 0, 0, 0.54%, 0, 0, 4, 1369.77
1775220853, 141, 108, 354, 0, 0, 0.54%, 0, 0, 4, 1273.32
1775220858, 141, 242, 354, 0, 0, 0.54%, 0, 0, 4, 1417.24
1775220863, 141, 275, 354, 0, 0, 0.54%, 0, 0, 4, 1500.39
1775220868, 141, 322, 354, 0, 0, 0.54%, 0, 0, 4, 1388.55
1775220873, 142, 22, 354, 0, 0, 0.54%, 0, 0, 4, 1307.43
1775220879, 142, 63, 354, 0, 0, 0.54%, 0, 0, 4, 1463.07
1775220884, 142, 103, 354, 0, 0, 0.54%, 0, 0, 4, 1361.68
1775220889, 142, 184, 354, 0, 0, 0.54%, 0, 0, 4, 1371.34
1775220894, 142, 250, 354, 0, 0, 0.54%, 0, 0, 4, 1277.63
1775220899, 142, 275, 354, 0, 0, 0.54%, 0, 0, 4, 1378.70
1775220904, 142, 323, 354, 0, 0, 0.54%, 0, 0, 4, 1243.91
1775220909, 143, 9, 354, 0, 0, 0.54%, 0, 0, 4, 1279.44
1775220914, 143, 58, 354, 0, 0, 0.54%, 0, 0, 4, 1295.49
1775220919, 143, 116, 354, 0, 0, 0.54%, 0, 0, 4, 1337.72
1775220924, 143, 190, 354, 0, 0, 0.54%, 0, 0, 4, 1422.70
1775220929, 143, 247, 354, 0, 0, 0.54%, 0, 0, 4, 1399.47
1775220934, 143, 272, 354, 0, 0, 0.54%, 0, 0, 4, 1444.63
1775220939, 143, 307, 354, 0, 0, 0.54%, 0, 0, 4, 1338.12
1775220945, 143, 337, 354, 0, 0, 0.54%, 0, 0, 4, 1130.10
1775220950, 144, 58, 354, 0, 0, 0.54%, 0, 0, 4, 1396.47
1775220955, 144, 101, 354, 0, 0, 0.54%, 0, 0, 4, 1424.23
1775220960, 144, 246, 354, 0, 0, 0.54%, 0, 0, 4, 1437.49
1775220965, 144, 276, 354, 0, 0, 0.54%, 0, 0, 4, 1367.57
1775220970, 144, 321, 354, 0, 0, 0.54%, 0, 0, 4, 1253.51
1775220975, 145, 1, 354, 0, 0, 0.54%, 0, 0, 4, 1182.57
1775220980, 145, 33, 354, 0, 0, 0.54%, 0, 0, 4, 1435.00
1775220985, 145, 96, 354, 0, 0, 0.54%, 0, 0, 4, 1357.56
1775220990, 145, 178, 354, 0, 0, 0.54%, 0, 0, 4, 1246.88
1775220995, 145, 238, 354, 0, 0, 0.54%, 0, 0, 4, 1296.22
1775221000, 145, 261, 354, 0, 0, 0.54%, 0, 0, 4, 1353.14
1775221005, 145, 271, 354, 0, 0, 0.54%, 0, 0, 4, 1245.66
1775221010, 145, 313, 354, 0, 0, 0.54%, 0, 0, 4, 1341.26
1775221015, 146, 8, 354, 0, 0, 0.54%, 0, 0, 4, 1159.10
1775221020, 146, 38, 354, 0, 0, 0.54%, 0, 0, 4, 1371.25
1775221025, 146, 91, 354, 0, 0, 0.54%, 0, 0, 4, 1372.21
1775221031, 146, 181, 354, 0, 0, 0.54%, 0, 0, 4, 1363.13
1775221036, 146, 265, 354, 0, 0, 0.54%, 0, 0, 4, 1375.31
1775221041, 146, 274, 354, 0, 0, 0.54%, 0, 0, 4, 1309.03
1775221046, 147, 9, 355, 1, 0, 0.54%, 0, 0, 4, 1296.97
1775221051, 147, 63, 355, 1, 0, 0.54%, 0, 0, 4, 1431.72
1775221056, 147, 103, 355, 1, 0, 0.54%, 0, 0, 4, 1419.19
1775221061, 147, 225, 355, 1, 0, 0.54%, 0, 0, 4, 1315.56
1775221066, 147, 249, 355, 1, 0, 0.54%, 0, 0, 4, 1441.38
1775221071, 147, 261, 355, 1, 0, 0.54%, 0, 0, 4, 1408.23
1775221076, 147, 294, 355, 1, 0, 0.54%, 0, 0, 4, 1372.27
1775221082, 148, 9, 355, 1, 0, 0.54%, 0, 0, 4, 1114.81
1775221087, 148, 48, 355, 1, 0, 0.54%, 0, 0, 4, 1347.59
1775221092, 148, 89, 355, 1, 0, 0.54%, 0, 0, 4, 1368.31
1775221097, 148, 166, 355, 1, 0, 0.54%, 0, 0, 4, 1308.92
1775221102, 148, 244, 355, 1, 0, 0.54%, 0, 0, 4, 1456.20
1775221107, 148, 262, 355, 1, 0, 0.54%, 0, 0, 4, 1409.95
1775221112, 148, 264, 355, 1, 0, 0.54%, 0, 0, 4, 1505.91
1775221117, 148, 278, 355, 1, 0, 0.54%, 0, 0, 4, 1374.65
1775221122, 148, 281, 355, 1, 0, 0.54%, 0, 0, 4, 1372.98
1775221127, 148, 293, 355, 1, 0, 0.54%, 0, 0, 4, 1331.08
1775221132, 148, 313, 355, 1, 0, 0.54%, 0, 0, 4, 1418.41
1775221138, 148, 324, 355, 1, 0, 0.54%, 0, 0, 4, 1261.20
1775221143, 148, 352, 355, 1, 0, 0.54%, 0, 0, 4, 1268.56
1775221148, 149, 34, 356, 2, 0, 0.54%, 0, 0, 4, 1378.28
1775221153, 149, 98, 356, 2, 0, 0.54%, 0, 0, 4, 1490.01
1775221158, 149, 176, 356, 2, 0, 0.54%, 0, 0, 4, 1361.06
1775221163, 149, 252, 356, 2, 0, 0.54%, 0, 0, 4, 1428.12
1775221168, 149, 264, 356, 2, 0, 0.54%, 0, 0, 4, 1401.67
1775221173, 149, 286, 356, 2, 0, 0.54%, 0, 0, 4, 1307.18
1775221178, 149, 305, 356, 2, 0, 0.54%, 0, 0, 4, 1385.15
1775221184, 149, 318, 356, 2, 0, 0.54%, 0, 0, 4, 1303.22
1775221189, 150, 31, 356, 2, 0, 0.54%, 0, 0, 4, 1322.19
1775221194, 150, 64, 356, 2, 0, 0.54%, 0, 0, 4, 1388.90
1775221199, 150, 133, 356, 2, 0, 0.54%, 0, 0, 4, 1335.15
1775221204, 150, 201, 356, 2, 0, 0.54%, 0, 0, 4, 1344.15
1775221209, 150, 279, 356, 2, 0, 0.54%, 0, 0, 4, 1198.31
1775221214, 150, 327, 356, 2, 0, 0.54%, 0, 0, 4, 1194.56
1775221219, 151, 9, 356, 2, 0, 0.54%, 0, 0, 4, 1132.39
1775221225, 151, 44, 356, 2, 0, 0.54%, 0, 0, 4, 1362.09
1775221230, 151, 101, 356, 2, 0, 0.54%, 0, 0, 4, 1410.67
1775221235, 151, 261, 356, 2, 0, 0.54%, 0, 0, 4, 1384.93
1775221240, 151, 289, 356, 2, 0, 0.54%, 0, 0, 4, 1298.72
1775221245, 151, 336, 356, 2, 0, 0.54%, 0, 0, 4, 828.00
1775221250, 151, 354, 356, 2, 0, 0.54%, 0, 0, 4, 106.65
1775221266, 152, 9, 356, 1, 0, 0.54%, 0, 0, 4, 1100.06
1775221271, 152, 44, 356, 1, 0, 0.54%, 0, 0, 4, 1404.61
1775221276, 152, 101, 356, 1, 0, 0.54%, 0, 0, 4, 1396.28
1775221281, 152, 202, 356, 1, 0, 0.54%, 0, 0, 4, 1323.06
1775221286, 152, 275, 356, 1, 0, 0.54%, 0, 0, 4, 1383.75
1775221291, 153, 9, 356, 1, 0, 0.54%, 0, 0, 4, 1398.90
1775221296, 153, 63, 356, 1, 0, 0.54%, 0, 0, 4, 1420.69
1775221301, 153, 108, 356, 1, 0, 0.54%, 0, 0, 4, 1324.13
1775221306, 153, 251, 356, 1, 0, 0.54%, 0, 0, 4, 1319.52
1775221311, 153, 264, 356, 1, 0, 0.54%, 0, 0, 4, 1432.06
1775221316, 153, 304, 356, 1, 0, 0.54%, 0, 0, 4, 1410.93
1775221322, 153, 326, 356, 1, 0, 0.54%, 0, 0, 4, 1396.19
1775221327, 153, 349, 356, 1, 0, 0.54%, 0, 0, 4, 990.42
1775221332, 154, 58, 356, 1, 0, 0.54%, 0, 0, 4, 1331.92
1775221337, 154, 108, 356, 1, 0, 0.54%, 0, 0, 4, 1488.26
1775221342, 154, 268, 356, 1, 0, 0.54%, 0, 0, 4, 1477.72
1775221347, 154, 278, 356, 1, 0, 0.54%, 0, 0, 4, 1434.94
1775221352, 154, 283, 356, 1, 0, 0.54%, 0, 0, 4, 1313.97
1775221357, 155, 8, 356, 1, 0, 0.54%, 0, 0, 4, 1368.09
1775221362, 155, 31, 356, 1, 0, 0.54%, 0, 0, 4, 1423.77
1775221367, 155, 63, 356, 1, 0, 0.54%, 0, 0, 4, 1437.79
1775221372, 155, 103, 356, 1, 0, 0.54%, 0, 0, 4, 1414.77
1775221377, 155, 163, 356, 1, 0, 0.54%, 0, 0, 4, 1401.64
1775221382, 155, 258, 356, 1, 0, 0.54%, 0, 0, 4, 1447.20
1775221387, 155, 268, 356, 1, 0, 0.54%, 0, 0, 4, 1467.44
1775221392, 155, 280, 356, 1, 0, 0.54%, 0, 0, 4, 1397.18
1775221398, 155, 297, 357, 2, 0, 0.54%, 0, 0, 4, 1367.61
1775221403, 155, 322, 357, 2, 0, 0.54%, 0, 0, 4, 1399.16
1775221408, 156, 31, 357, 2, 0, 0.54%, 0, 0, 4, 811.11
1775221413, 156, 63, 357, 2, 0, 0.54%, 0, 0, 4, 1345.26
1775221418, 156, 108, 357, 2, 0, 0.54%, 0, 0, 4, 1392.06
1775221423, 156, 261, 357, 2, 0, 0.54%, 0, 0, 4, 1472.45
1775221428, 156, 305, 357, 2, 0, 0.54%, 0, 0, 4, 1367.63
1775221433, 157, 9, 357, 2, 0, 0.54%, 0, 0, 4, 1249.89
1775221438, 157, 33, 357, 2, 0, 0.54%, 0, 0, 4, 1314.85
1775221443, 157, 83, 357, 2, 0, 0.54%, 0, 0, 4, 1372.29
1775221448, 157, 118, 357, 2, 0, 0.54%, 0, 0, 4, 1357.37
1775221453, 157, 223, 357, 2, 0, 0.54%, 0, 0, 4, 1387.83
1775221459, 157, 282, 357, 2, 0, 0.54%, 0, 0, 4, 1306.04
1775221464, 158, 9, 357, 2, 0, 0.54%, 0, 0, 4, 1239.44
1775221469, 158, 49, 357, 2, 0, 0.54%, 0, 0, 4, 1279.71
1775221474, 158, 103, 357, 2, 0, 0.54%, 0, 0, 4, 1381.32
1775221479, 158, 214, 357, 2, 0, 0.54%, 0, 0, 4, 1442.82
1775221484, 158, 274, 357, 2, 0, 0.54%, 0, 0, 4, 1386.97
1775221489, 159, 2, 357, 2, 0, 0.54%, 0, 0, 4, 1340.92
1775221494, 159, 33, 357, 2, 0, 0.54%, 0, 0, 4, 1401.39
1775221499, 159, 97, 357, 2, 0, 0.54%, 0, 0, 4, 1471.33
1775221504, 159, 187, 357, 2, 0, 0.54%, 0, 0, 4, 1411.48
1775221509, 159, 259, 357, 2, 0, 0.54%, 0, 0, 4, 1499.10
1775221515, 159, 301, 357, 2, 0, 0.54%, 0, 0, 4, 1364.65
1775221520, 159, 341, 357, 2, 0, 0.54%, 0, 0, 4, 1206.25
1775221525, 160, 31, 357, 2, 0, 0.54%, 0, 0, 4, 1371.18
1775221530, 160, 101, 357, 2, 0, 0.54%, 0, 0, 4, 1400.26
1775221535, 160, 263, 357, 2, 0, 0.54%, 0, 0, 4, 1444.57
1775221540, 160, 277, 357, 2, 0, 0.54%, 0, 0, 4, 1326.79
1775221545, 160, 322, 357, 2, 0, 0.54%, 0, 0, 4, 1241.92
1775221550, 161, 33, 357, 2, 0, 0.54%, 0, 0, 4, 1407.40
1775221555, 161, 74, 357, 2, 0, 0.54%, 0, 0, 4, 1380.11
1775221560, 161, 129, 357, 2, 0, 0.54%, 0, 0, 4, 1367.61
1775221565, 161, 248, 357, 2, 0, 0.54%, 0, 0, 4, 1420.13
1775221570, 161, 275, 357, 2, 0, 0.54%, 0, 0, 4, 1413.92
1775221576, 161, 317, 357, 2, 0, 0.54%, 0, 0, 4, 1273.59
1775221581, 161, 356, 357, 2, 0, 0.54%, 0, 0, 4, 87.60
1775221601, 162, 29, 357, 1, 0, 0.54%, 0, 0, 4, 1328.03
1775221606, 162, 64, 357, 1, 0, 0.54%, 0, 0, 4, 1425.36
1775221611, 162, 158, 357, 1, 0, 0.54%, 0, 0, 4, 1487.29
1775221616, 162, 248, 357, 1, 0, 0.54%, 0, 0, 4, 1538.64
1775221621, 162, 261, 357, 1, 0, 0.54%, 0, 0, 4, 1533.67
1775221626, 162, 281, 357, 1, 0, 0.54%, 0, 0, 4, 1390.23
1775221631, 162, 315, 357, 1, 0, 0.54%, 0, 0, 4, 1241.93
1775221637, 163, 9, 357, 1, 0, 0.54%, 0, 0, 4, 1223.59
1775221642, 163, 64, 357, 1, 0, 0.54%, 0, 0, 4, 1381.83
1775221647, 163, 103, 357, 1, 0, 0.54%, 0, 0, 4, 1439.48
1775221652, 163, 208, 357, 1, 0, 0.54%, 0, 0, 4, 1390.33
1775221657, 163, 261, 357, 1, 0, 0.54%, 0, 0, 4, 1411.36
1775221662, 163, 329, 357, 1, 0, 0.54%, 0, 0, 4, 1340.04
1775221667, 164, 31, 357, 1, 0, 0.54%, 0, 0, 4, 1385.23
1775221672, 164, 66, 357, 1, 0, 0.54%, 0, 0, 4, 1454.87
1775221677, 164, 168, 357, 1, 0, 0.54%, 0, 0, 4, 1522.84
1775221682, 164, 244, 357, 1, 0, 0.54%, 0, 0, 4, 1314.68
1775221688, 164, 276, 357, 1, 0, 0.54%, 0, 0, 4, 1451.33
1775221693, 164, 306, 357, 1, 0, 0.54%, 0, 0, 4, 1457.65
1775221698, 164, 355, 357, 1, 0, 0.54%, 0, 0, 4, 111.71
1775221713, 165, 9, 357, 0, 0, 0.54%, 0, 0, 4, 1042.31
1775221718, 165, 63, 357, 0, 0, 0.54%, 0, 0, 4, 1437.37
1775221724, 165, 118, 357, 0, 0, 0.54%, 0, 0, 4, 1336.04
1775221729, 165, 232, 357, 0, 0, 0.54%, 0, 0, 4, 1356.92
1775221734, 165, 265, 357, 0, 0, 0.54%, 0, 0, 4, 1475.53
1775221739, 165, 305, 357, 0, 0, 0.54%, 0, 0, 4, 1240.16
1775221744, 165, 322, 357, 0, 0, 0.54%, 0, 0, 4, 1316.90
1775221749, 166, 45, 357, 0, 0, 0.54%, 0, 0, 4, 1353.54
1775221754, 166, 100, 357, 0, 0, 0.54%, 0, 0, 4, 1403.98
1775221759, 166, 140, 357, 0, 0, 0.54%, 0, 0, 4, 1392.87
1775221764, 166, 257, 357, 0, 0, 0.54%, 0, 0, 4, 1389.37
1775221769, 166, 275, 357, 0, 0, 0.54%, 0, 0, 4, 1545.80
1775221774, 166, 300, 357, 0, 0, 0.54%, 0, 0, 4, 1351.86
1775221779, 167, 16, 357, 0, 0, 0.54%, 0, 0, 4, 1227.15
1775221784, 167, 55, 357, 0, 0, 0.54%, 0, 0, 4, 1402.99
1775221790, 167, 89, 357, 0, 0, 0.54%, 0, 0, 4, 1426.75
1775221795, 167, 265, 357, 0, 0, 0.54%, 0, 0, 4, 1424.65
1775221800, 167, 287, 357, 0, 0, 0.54%, 0, 0, 4, 1391.21
1775221805, 167, 340, 357, 0, 0, 0.54%, 0, 0, 4, 1097.45
1775221810, 168, 29, 357, 0, 0, 0.54%, 0, 0, 4, 1287.90
1775221815, 168, 63, 357, 0, 0, 0.54%, 0, 0, 4, 1404.36
1775221820, 168, 159, 357, 0, 0, 0.54%, 0, 0, 4, 1391.44
1775221825, 168, 229, 357, 0, 0, 0.54%, 0, 0, 4, 1334.53
1775221830, 168, 264, 357, 0, 0, 0.54%, 0, 0, 4, 1304.63
1775221835, 168, 310, 357, 0, 0, 0.54%, 0, 0, 4, 1266.74
1775221840, 168, 352, 357, 0, 0, 0.54%, 0, 0, 4, 1123.39
1775221845, 169, 9, 357, 0, 0, 0.54%, 0, 0, 4, 1313.50
1775221851, 169, 44, 357, 0, 0, 0.54%, 0, 0, 4, 1473.60
1775221856, 169, 89, 357, 0, 0, 0.54%, 0, 0, 4, 1469.16
1775221861, 169, 150, 357, 0, 0, 0.54%, 0, 0, 4, 1416.89
1775221866, 169, 261, 357, 0, 0, 0.54%, 0, 0, 4, 1505.07
1775221871, 169, 340, 357, 0, 0, 0.54%, 0, 0, 4, 1205.46
1775221876, 170, 54, 357, 0, 0, 0.54%, 0, 0, 4, 1412.26
1775221881, 170, 101, 357, 0, 0, 0.54%, 0, 0, 4, 1509.07
1775221886, 170, 199, 357, 0, 0, 0.54%, 0, 0, 4, 1432.88
1775221891, 170, 265, 357, 0, 0, 0.54%, 0, 0, 4, 1429.77
1775221896, 170, 278, 357, 0, 0, 0.54%, 0, 0, 4, 1423.70
1775221902, 170, 293, 357, 0, 0, 0.54%, 0, 0, 4, 1210.93
1775221907, 171, 9, 357, 0, 0, 0.54%, 0, 0, 4, 1388.32
1775221912, 171, 48, 357, 0, 0, 0.54%, 0, 0, 4, 1526.41
1775221917, 171, 79, 357, 0, 0, 0.54%, 0, 0, 4, 1509.30
1775221922, 171, 161, 357, 0, 0, 0.54%, 0, 0, 4, 1377.46
1775221927, 171, 261, 357, 0, 0, 0.54%, 0, 0, 4, 1427.00
1775221932, 171, 295, 357, 0, 0, 0.54%, 0, 0, 4, 1430.01
1775221937, 172, 9, 357, 0, 0, 0.54%, 0, 0, 4, 1352.28
1775221942, 172, 58, 357, 0, 0, 0.54%, 0, 0, 4, 1490.31
1775221947, 172, 100, 357, 0, 0, 0.54%, 0, 0, 4, 1489.15
1775221952, 172, 142, 357, 0, 0, 0.54%, 0, 0, 4, 1474.53
1775221957, 172, 265, 357, 0, 0, 0.54%, 0, 0, 4, 1418.79
1775221962, 172, 306, 357, 0, 0, 0.54%, 0, 0, 4, 1452.67
1775221967, 172, 331, 357, 0, 0, 0.54%, 0, 0, 4, 1225.64
1775221973, 173, 15, 357, 0, 0, 0.54%, 0, 0, 4, 1231.07
1775221978, 173, 37, 357, 0, 0, 0.54%, 0, 0, 4, 1409.77
1775221983, 173, 89, 357, 0, 0, 0.54%, 0, 0, 4, 1491.78
1775221988, 173, 193, 357, 0, 0, 0.54%, 0, 0, 4, 1454.46
1775221993, 173, 265, 357, 0, 0, 0.54%, 0, 0, 4, 1508.90
1775221998, 173, 336, 357, 0, 0, 0.54%, 0, 0, 4, 1247.45
1775222003, 174, 33, 357, 0, 0, 0.54%, 0, 0, 4, 1378.35
1775222008, 174, 101, 357, 0, 0, 0.54%, 0, 0, 4, 1488.14
1775222013, 174, 186, 357, 0, 0, 0.54%, 0, 0, 4, 1430.51
1775222018, 174, 248, 357, 0, 0, 0.54%, 0, 0, 4, 1496.62
1775222023, 174, 289, 357, 0, 0, 0.54%, 0, 0, 4, 1467.40
1775222029, 174, 315, 357, 0, 0, 0.54%, 0, 0, 4, 1252.71
1775222034, 174, 334, 357, 0, 0, 0.54%, 0, 0, 4, 1092.19
1775222039, 175, 29, 357, 0, 0, 0.54%, 0, 0, 4, 1223.79
1775222044, 175, 89, 357, 0, 0, 0.54%, 0, 0, 4, 1475.07
1775222049, 175, 222, 357, 0, 0, 0.54%, 0, 0, 4, 1463.84
1775222054, 175, 274, 357, 0, 0, 0.54%, 0, 0, 4, 1387.69
1775222059, 175, 293, 357, 0, 0, 0.54%, 0, 0, 4, 1352.80
1775222064, 175, 354, 357, 0, 0, 0.54%, 0, 0, 4, 1109.43
1775222069, 176, 33, 357, 0, 0, 0.54%, 0, 0, 4, 1299.40
1775222074, 176, 70, 357, 0, 0, 0.54%, 0, 0, 4, 1378.74
1775222079, 176, 104, 357, 0, 0, 0.54%, 0, 0, 4, 1481.62
1775222085, 176, 157, 357, 0, 0, 0.54%, 0, 0, 4, 1463.90
1775222090, 176, 263, 357, 0, 0, 0.54%, 0, 0, 4, 1117.16
1775222095, 176, 276, 357, 0, 0, 0.54%, 0, 0, 4, 1394.31
1775222100, 177, 29, 357, 0, 0, 0.54%, 0, 0, 4, 1489.29
1775222105, 177, 64, 357, 0, 0, 0.54%, 0, 0, 4, 1539.88
1775222110, 177, 108, 357, 0, 0, 0.54%, 0, 0, 4, 1495.07
1775222115, 177, 247, 357, 0, 0, 0.54%, 0, 0, 4, 1461.29
1775222120, 177, 260, 357, 0, 0, 0.54%, 0, 0, 4, 1442.58
1775222125, 177, 287, 357, 0, 0, 0.54%, 0, 0, 4, 1460.35
1775222130, 177, 298, 357, 0, 0, 0.54%, 0, 0, 4, 1399.20
1775222135, 177, 350, 357, 0, 0, 0.54%, 0, 0, 4, 1083.03
1775222140, 178, 50, 357, 0, 0, 0.54%, 0, 0, 4, 1358.24
1775222145, 178, 87, 357, 0, 0, 0.54%, 0, 0, 4, 1376.65
1775222151, 178, 108, 357, 0, 0, 0.54%, 0, 0, 4, 1409.41
1775222156, 178, 186, 357, 0, 0, 0.54%, 0, 0, 4, 1423.82
1775222161, 178, 258, 357, 0, 0, 0.54%, 0, 0, 4, 1481.97
1775222166, 178, 311, 357, 0, 0, 0.54%, 0, 0, 4, 1443.32
1775222171, 178, 340, 357, 0, 0, 0.54%, 0, 0, 4, 1176.65
1775222176, 179, 31, 357, 0, 0, 0.54%, 0, 0, 4, 1343.05
1775222181, 179, 101, 357, 0, 0, 0.54%, 0, 0, 4, 1490.53
1775222186, 179, 144, 357, 0, 0, 0.54%, 0, 0, 4, 1424.46
1775222191, 179, 239, 357, 0, 0, 0.54%, 0, 0, 4, 1434.69
1775222196, 179, 247, 357, 0, 0, 0.54%, 0, 0, 4, 1457.85
1775222202, 179, 262, 358, 1, 0, 0.54%, 0, 0, 4, 1400.56
1775222207, 179, 267, 358, 1, 0, 0.54%, 0, 0, 4, 1306.79
1775222212, 179, 310, 358, 1, 0, 0.54%, 0, 0, 4, 1439.14
1775222217, 179, 323, 358, 1, 0, 0.54%, 0, 0, 4, 1364.14
1775222222, 180, 33, 358, 1, 0, 0.54%, 0, 0, 4, 1476.12
1775222227, 180, 103, 358, 1, 0, 0.54%, 0, 0, 4, 1462.64
1775222232, 180, 176, 358, 1, 0, 0.54%, 0, 0, 4, 1476.13
1775222237, 180, 264, 358, 1, 0, 0.54%, 0, 0, 4, 1565.62
1775222242, 180, 274, 358, 1, 0, 0.54%, 0, 0, 4, 1488.97
1775222247, 180, 318, 358, 1, 0, 0.54%, 0, 0, 4, 1399.96
1775222252, 180, 357, 358, 1, 0, 0.54%, 0, 0, 4, 957.49
1775222263, 181, 29, 358, 0, 0, 0.54%, 0, 0, 4, 1294.81
1775222268, 181, 84, 358, 0, 0, 0.54%, 0, 0, 4, 1388.59
1775222273, 181, 108, 358, 0, 0, 0.54%, 0, 0, 4, 1416.58
1775222278, 181, 239, 358, 0, 0, 0.54%, 0, 0, 4, 1359.18
1775222283, 181, 275, 358, 0, 0, 0.54%, 0, 0, 4, 1448.21
1775222288, 181, 357, 358, 0, 0, 0.54%, 0, 0, 4, 1264.84
1775222293, 182, 33, 358, 0, 0, 0.54%, 0, 0, 4, 1423.68
1775222298, 182, 79, 358, 0, 0, 0.54%, 0, 0, 4, 1373.33
1775222303, 182, 108, 358, 0, 0, 0.54%, 0, 0, 4, 1293.39
1775222308, 182, 229, 358, 0, 0, 0.54%, 0, 0, 4, 1478.65
1775222313, 182, 265, 358, 0, 0, 0.54%, 0, 0, 4, 1406.45
1775222319, 182, 283, 358, 0, 0, 0.54%, 0, 0, 4, 1400.27
1775222324, 182, 309, 358, 0, 0, 0.54%, 0, 0, 4, 1373.76
1775222329, 183, 52, 358, 0, 0, 0.54%, 0, 0, 4, 1469.90
1775222334, 183, 103, 358, 0, 0, 0.54%, 0, 0, 4, 1468.95
1775222339, 183, 169, 358, 0, 0, 0.54%, 0, 0, 4, 1548.82
1775222344, 183, 245, 358, 0, 0, 0.54%, 0, 0, 4, 1570.91
1775222349, 183, 265, 358, 0, 0, 0.54%, 0, 0, 4, 1514.22
1775222354, 183, 272, 358, 0, 0, 0.54%, 0, 0, 4, 1400.42
1775222359, 184, 1, 358, 0, 0, 0.54%, 0, 0, 4, 1266.37
1775222364, 184, 38, 358, 0, 0, 0.54%, 0, 0, 4, 1470.45
1775222369, 184, 89, 358, 0, 0, 0.54%, 0, 0, 4, 1455.78
1775222374, 184, 168, 358, 0, 0, 0.54%, 0, 0, 4, 1469.26
1775222379, 184, 273, 358, 0, 0, 0.54%, 0, 0, 4, 1483.08
1775222384, 184, 296, 358, 0, 0, 0.54%, 0, 0, 4, 1374.41
1775222390, 184, 327, 358, 0, 0, 0.54%, 0, 0, 4, 1160.25
1775222395, 185, 31, 358, 0, 0, 0.54%, 0, 0, 4, 1325.01
1775222400, 185, 89, 358, 0, 0, 0.54%, 0, 0, 4, 1514.04
1775222405, 185, 131, 358, 0, 0, 0.54%, 0, 0, 4, 1443.33
1775222410, 185, 243, 358, 0, 0, 0.54%, 0, 0, 4, 1482.43
1775222415, 185, 265, 358, 0, 0, 0.54%, 0, 0, 4, 1263.92
1775222420, 185, 283, 358, 0, 0, 0.54%, 0, 0, 4, 1365.74
1775222425, 185, 313, 358, 0, 0, 0.54%, 0, 0, 4, 1369.60
1775222430, 185, 325, 358, 0, 0, 0.54%, 0, 0, 4, 1223.60
1775222435, 186, 31, 358, 0, 0, 0.54%, 0, 0, 4, 1382.43
1775222440, 186, 63, 358, 0, 0, 0.54%, 0, 0, 4, 1450.68
1775222445, 186, 103, 358, 0, 0, 0.54%, 0, 0, 4, 1511.17
1775222450, 186, 221, 358, 0, 0, 0.54%, 0, 0, 4, 1469.98
1775222456, 186, 265, 358, 0, 0, 0.54%, 0, 0, 4, 1515.13
1775222461, 186, 276, 358, 0, 0, 0.54%, 0, 0, 4, 1365.73
1775222466, 187, 4, 358, 0, 0, 0.54%, 0, 0, 4, 1220.66
1775222471, 187, 48, 358, 0, 0, 0.54%, 0, 0, 4, 1496.13
1775222476, 187, 92, 358, 0, 0, 0.54%, 0, 0, 4, 1554.84
1775222481, 187, 131, 358, 0, 0, 0.54%, 0, 0, 4, 1538.86
1775222486, 187, 219, 358, 0, 0, 0.54%, 0, 0, 4, 1452.45
1775222492, 187, 265, 358, 0, 0, 0.54%, 0, 0, 4, 1504.42
1775222497, 187, 297, 358, 0, 0, 0.54%, 0, 0, 4, 1405.00
1775222502, 188, 9, 358, 0, 0, 0.54%, 0, 0, 4, 1227.70
1775222507, 188, 58, 358, 0, 0, 0.54%, 0, 0, 4, 1481.99
1775222512, 188, 107, 358, 0, 0, 0.54%, 0, 0, 4, 1470.47
1775222517, 188, 167, 358, 0, 0, 0.54%, 0, 0, 4, 1486.94
1775222522, 188, 275, 358, 0, 0, 0.54%, 0, 0, 4, 1452.65
1775222527, 188, 332, 358, 0, 0, 0.54%, 0, 0, 4, 1211.55
1775222532, 189, 31, 358, 0, 0, 0.54%, 0, 0, 4, 1379.06
1775222537, 189, 95, 358, 0, 0, 0.54%, 0, 0, 4, 1475.73
1775222542, 189, 253, 358, 0, 0, 0.54%, 0, 0, 4, 1434.45
1775222547, 189, 274, 358, 0, 0, 0.54%, 0, 0, 4, 1058.71
1775222553, 189, 322, 358, 0, 0, 0.54%, 0, 0, 4, 1243.28
1775222558, 190, 16, 358, 0, 0, 0.54%, 0, 0, 4, 1263.87
1775222563, 190, 58, 358, 0, 0, 0.54%, 0, 0, 4, 1369.28
1775222568, 190, 108, 358, 0, 0, 0.54%, 0, 0, 4, 1424.92
1775222573, 190, 245, 358, 0, 0, 0.54%, 0, 0, 4, 1407.20
1775222578, 190, 252, 358, 0, 0, 0.54%, 0, 0, 4, 1583.80
1775222583, 190, 275, 358, 0, 0, 0.54%, 0, 0, 4, 1539.76
1775222588, 190, 294, 358, 0, 0, 0.54%, 0, 0, 4, 1389.87
1775222593, 190, 304, 358, 0, 0, 0.54%, 0, 0, 4, 1346.33
1775222598, 190, 352, 358, 0, 0, 0.54%, 0, 0, 4, 1385.67
1775222603, 191, 29, 358, 0, 0, 0.54%, 0, 0, 4, 1556.24
1775222608, 191, 48, 358, 0, 0, 0.54%, 0, 0, 4, 1492.18
1775222614, 191, 103, 358, 0, 0, 0.54%, 0, 0, 4, 1498.30
1775222619, 191, 138, 358, 0, 0, 0.54%, 0, 0, 4, 1485.62
1775222624, 191, 210, 358, 0, 0, 0.54%, 0, 0, 4, 1447.99
1775222629, 191, 261, 358, 0, 0, 0.54%, 0, 0, 4, 1250.79
1775222634, 191, 287, 358, 0, 0, 0.54%, 0, 0, 4, 1240.31
1775222639, 191, 311, 358, 0, 0, 0.54%, 0, 0, 4, 1252.18
1775222644, 192, 9, 358, 0, 0, 0.54%, 0, 0, 4, 1256.34
1775222649, 192, 53, 358, 0, 0, 0.54%, 0, 0, 4, 1415.45
1775222654, 192, 89, 358, 0, 0, 0.54%, 0, 0, 4, 1356.67
1775222659, 192, 129, 358, 0, 0, 0.54%, 0, 0, 4, 1346.41
1775222664, 192, 247, 358, 0, 0, 0.54%, 0, 0, 4, 1456.23
1775222669, 192, 265, 358, 0, 0, 0.54%, 0, 0, 4, 1426.11
1775222674, 192, 277, 358, 0, 0, 0.54%, 0, 0, 4, 1332.20
1775222680, 192, 344, 358, 0, 0, 0.54%, 0, 0, 4, 237.03
1775222685, 193, 31, 358, 0, 0, 0.54%, 0, 0, 4, 1348.64
1775222690, 193, 61, 358, 0, 0, 0.54%, 0, 0, 4, 1436.12
1775222695, 193, 108, 358, 0, 0, 0.54%, 0, 0, 4, 1420.29
1775222700, 193, 214, 358, 0, 0, 0.54%, 0, 0, 4, 1363.80
1775222705, 193, 258, 358, 0, 0, 0.54%, 0, 0, 4, 1414.53
1775222710, 193, 294, 358, 0, 0, 0.54%, 0, 0, 4, 1416.33
1775222715, 193, 333, 358, 0, 0, 0.54%, 0, 0, 4, 1311.88
1775222720, 194, 33, 358, 0, 0, 0.54%, 0, 0, 4, 1406.17
1775222725, 194, 101, 358, 0, 0, 0.54%, 0, 0, 4, 1387.78
1775222730, 194, 264, 358, 0, 0, 0.54%, 0, 0, 4, 1394.94
1775222736, 194, 300, 358, 0, 0, 0.54%, 0, 0, 4, 1491.95
1775222741, 195, 29, 358, 0, 0, 0.54%, 0, 0, 4, 1341.52
1775222746, 195, 60, 358, 0, 0, 0.54%, 0, 0, 4, 1480.32
1775222751, 195, 106, 358, 0, 0, 0.54%, 0, 0, 4, 1439.47
1775222756, 195, 175, 358, 0, 0, 0.54%, 0, 0, 4, 1430.64
1775222761, 195, 248, 358, 0, 0, 0.54%, 0, 0, 4, 1477.57
1775222767, 195, 313, 358, 0, 0, 0.54%, 0, 0, 4, 1460.83
1775222772, 196, 9, 358, 0, 0, 0.54%, 0, 0, 4, 1163.48
1775222777, 196, 59, 358, 0, 0, 0.54%, 0, 0, 4, 1394.46
1775222782, 196, 89, 358, 0, 0, 0.54%, 0, 0, 4, 1418.68
1775222787, 196, 165, 358, 0, 0, 0.54%, 0, 0, 4, 1476.84
1775222792, 196, 265, 358, 0, 0, 0.54%, 0, 0, 4, 1490.72
1775222797, 196, 275, 358, 0, 0, 0.54%, 0, 0, 4, 1493.70
1775222802, 196, 322, 358, 0, 0, 0.54%, 0, 0, 4, 1380.01
1775222807, 197, 31, 358, 0, 0, 0.54%, 0, 0, 4, 1382.78
1775222812, 197, 103, 358, 0, 0, 0.54%, 0, 0, 4, 1513.74
1775222817, 197, 214, 358, 0, 0, 0.54%, 0, 0, 4, 1386.37
1775222822, 197, 241, 359, 1, 0, 0.54%, 0, 0, 4, 1448.63
1775222827, 197, 265, 359, 1, 0, 0.54%, 0, 0, 4, 1538.25
1775222833, 197, 275, 359, 1, 0, 0.54%, 0, 0, 4, 1354.33
1775222838, 197, 338, 359, 1, 0, 0.54%, 0, 0, 4, 1157.77
1775222843, 198, 58, 359, 1, 0, 0.54%, 0, 0, 4, 1389.75
1775222848, 198, 89, 359, 1, 0, 0.54%, 0, 0, 4, 1371.78
1775222853, 198, 142, 359, 1, 0, 0.54%, 0, 0, 4, 1385.81
1775222858, 198, 227, 359, 1, 0, 0.54%, 0, 0, 4, 1443.22
1775222863, 198, 275, 359, 1, 0, 0.54%, 0, 0, 4, 1376.91
1775222868, 199, 22, 359, 1, 0, 0.54%, 0, 0, 4, 1239.95
1775222874, 199, 58, 359, 1, 0, 0.54%, 0, 0, 4, 1378.45
1775222879, 199, 108, 359, 1, 0, 0.54%, 0, 0, 4, 1436.43
1775222884, 199, 203, 359, 1, 0, 0.54%, 0, 0, 4, 1492.68
1775222889, 199, 247, 359, 1, 0, 0.54%, 0, 0, 4, 1334.62
1775222894, 199, 316, 359, 1, 0, 0.54%, 0, 0, 4, 1317.75
1775222899, 199, 352, 359, 1, 0, 0.54%, 0, 0, 4, 1354.85
1775222904, 200, 29, 359, 1, 0, 0.54%, 0, 0, 4, 1449.16
1775222909, 200, 63, 359, 1, 0, 0.54%, 0, 0, 4, 1471.58
1775222914, 200, 103, 359, 1, 0, 0.54%, 0, 0, 4, 1455.19
1775222919, 200, 169, 359, 1, 0, 0.54%, 0, 0, 4, 1298.88
1775222924, 200, 273, 359, 1, 0, 0.54%, 0, 0, 4, 1379.48
1775222929, 200, 293, 359, 1, 0, 0.54%, 0, 0, 4, 1367.55
1775222934, 201, 29, 359, 1, 0, 0.54%, 0, 0, 4, 1435.58
1775222940, 201, 96, 359, 1, 0, 0.54%, 0, 0, 4, 1477.58
1775222945, 201, 172, 359, 1, 0, 0.54%, 0, 0, 4, 1395.87
1775222950, 201, 297, 359, 1, 0, 0.54%, 0, 0, 4, 1421.37
1775222955, 202, 9, 359, 1, 0, 0.54%, 0, 0, 4, 1129.69
1775222960, 202, 58, 359, 1, 0, 0.54%, 0, 0, 4, 1387.41
1775222965, 202, 108, 359, 1, 0, 0.54%, 0, 0, 4, 1358.47
1775222970, 202, 275, 359, 1, 0, 0.54%, 0, 0, 4, 1483.44
1775222975, 202, 313, 359, 1, 0, 0.54%, 0, 0, 4, 1489.02
1775222980, 203, 9, 359, 1, 0, 0.54%, 0, 0, 4, 1279.22
1775222985, 203, 58, 359, 1, 0, 0.54%, 0, 0, 4, 1461.08
1775222991, 203, 101, 359, 1, 0, 0.54%, 0, 0, 4, 1508.04
1775222996, 203, 219, 359, 1, 0, 0.54%, 0, 0, 4, 1374.56
1775223001, 203, 275, 359, 1, 0, 0.54%, 0, 0, 4, 1288.08
1775223006, 204, 9, 359, 1, 0, 0.54%, 0, 0, 4, 1221.83
1775223011, 204, 45, 359, 1, 0, 0.54%, 0, 0, 4, 1733.99
1775223016, 204, 101, 359, 1, 0, 0.54%, 0, 0, 4, 1491.79
1775223021, 204, 246, 359, 1, 0, 0.54%, 0, 0, 4, 1331.27
1775223026, 204, 265, 359, 1, 0, 0.54%, 0, 0, 4, 1330.66
1775223031, 204, 326, 359, 1, 0, 0.54%, 0, 0, 4, 1225.14
1775223036, 205, 20, 359, 1, 0, 0.54%, 0, 0, 4, 1335.28
1775223041, 205, 71, 359, 1, 0, 0.54%, 0, 0, 4, 1444.16
1775223046, 205, 108, 359, 1, 0, 0.54%, 0, 0, 4, 1351.62
1775223051, 205, 275, 359, 1, 0, 0.54%, 0, 0, 4, 1416.43
1775223057, 206, 18, 359, 1, 0, 0.54%, 0, 0, 4, 1234.74
1775223062, 206, 74, 359, 1, 0, 0.54%, 0, 0, 4, 1375.06
1775223067, 206, 122, 359, 1, 0, 0.54%, 0, 0, 4, 1352.48
1775223072, 206, 256, 359, 1, 0, 0.54%, 0, 0, 4, 1361.43
1775223077, 206, 265, 359, 1, 0, 0.54%, 0, 0, 4, 1356.92
1775223082, 206, 320, 359, 1, 0, 0.54%, 0, 0, 4, 1231.86
1775223087, 207, 33, 359, 1, 0, 0.54%, 0, 0, 4, 1370.78
1775223092, 207, 89, 359, 1, 0, 0.54%, 0, 0, 4, 1435.80
1775223097, 207, 139, 359, 1, 0, 0.54%, 0, 0, 4, 1394.77
1775223102, 207, 257, 359, 1, 0, 0.54%, 0, 0, 4, 1340.95
1775223107, 207, 279, 359, 1, 0, 0.54%, 0, 0, 4, 1443.66
1775223112, 207, 323, 359, 1, 0, 0.54%, 0, 0, 4, 1291.88
1775223118, 208, 29, 359, 1, 0, 0.54%, 0, 0, 4, 1206.28
1775223123, 208, 89, 359, 1, 0, 0.54%, 0, 0, 4, 1345.90
1775223128, 208, 154, 359, 1, 0, 0.54%, 0, 0, 4, 1447.74
1775223133, 208, 246, 359, 1, 0, 0.54%, 0, 0, 4, 1397.27
1775223138, 208, 301, 359, 1, 0, 0.54%, 0, 0, 4, 1435.66
1775223143, 208, 309, 359, 1, 0, 0.54%, 0, 0, 4, 1369.54
1775223148, 209, 9, 359, 1, 0, 0.54%, 0, 0, 4, 1391.30
1775223153, 209, 63, 359, 1, 0, 0.54%, 0, 0, 4, 1427.54
1775223158, 209, 118, 359, 1, 0, 0.54%, 0, 0, 4, 1421.29
1775223163, 209, 265, 359, 1, 0, 0.54%, 0, 0, 4, 1453.04
1775223168, 210, 9, 359, 1, 0, 0.54%, 0, 0, 4, 1400.26
1775223174, 210, 58, 359, 1, 0, 0.54%, 0, 0, 4, 1396.06
1775223179, 210, 108, 359, 1, 0, 0.54%, 0, 0, 4, 1376.48
1775223184, 210, 259, 359, 1, 0, 0.54%, 0, 0, 4, 1474.04
1775223189, 210, 272, 359, 1, 0, 0.54%, 0, 0, 4, 1390.35
1775223194, 210, 300, 359, 1, 0, 0.54%, 0, 0, 4, 1337.70
1775223199, 210, 321, 359, 1, 0, 0.54%, 0, 0, 4, 1162.40
1775223204, 211, 1, 360, 1, 0, 0.54%, 0, 0, 4, 1312.64
1775223209, 211, 30, 360, 1, 0, 0.54%, 0, 0, 4, 1271.46
1775223214, 211, 63, 360, 1, 0, 0.54%, 0, 0, 4, 1385.55
1775223219, 211, 121, 360, 1, 0, 0.54%, 0, 0, 4, 1345.25
1775223224, 211, 186, 360, 1, 0, 0.54%, 0, 0, 4, 1403.31
1775223229, 211, 267, 360, 1, 0, 0.54%, 0, 0, 4, 1459.62
1775223234, 211, 290, 360, 1, 0, 0.54%, 0, 0, 4, 1349.08
1775223240, 211, 334, 360, 1, 0, 0.54%, 0, 0, 4, 1220.04
1775223245, 212, 9, 360, 0, 0, 0.54%, 0, 0, 4, 1235.70
1775223250, 212, 58, 360, 0, 0, 0.54%, 0, 0, 4, 1392.76
1775223255, 212, 89, 360, 0, 0, 0.54%, 0, 0, 4, 1460.53
1775223260, 212, 191, 360, 0, 0, 0.54%, 0, 0, 4, 1452.51
1775223265, 212, 250, 360, 0, 0, 0.54%, 0, 0, 4, 1449.29
1775223270, 212, 289, 360, 0, 0, 0.54%, 0, 0, 4, 1389.77
1775223275, 213, 14, 360, 0, 0, 0.54%, 0, 0, 4, 1384.56
1775223280, 213, 45, 360, 0, 0, 0.54%, 0, 0, 4, 1434.94
1775223285, 213, 100, 360, 0, 0, 0.54%, 0, 0, 4, 1413.10
1775223290, 213, 132, 360, 0, 0, 0.54%, 0, 0, 4, 1457.73
1775223295, 213, 272, 360, 0, 0, 0.54%, 0, 0, 4, 1429.86
1775223301, 214, 9, 360, 0, 0, 0.54%, 0, 0, 4, 1395.19
1775223306, 214, 33, 360, 0, 0, 0.54%, 0, 0, 4, 1425.67
1775223311, 214, 75, 360, 0, 0, 0.54%, 0, 0, 4, 1454.46
1775223316, 214, 236, 360, 0, 0, 0.54%, 0, 0, 4, 1469.15
1775223321, 214, 259, 360, 0, 0, 0.54%, 0, 0, 4, 1567.73
1775223326, 214, 275, 360, 0, 0, 0.54%, 0, 0, 4, 1390.81
1775223331, 215, 31, 360, 0, 0, 0.54%, 0, 0, 4, 1308.02
1775223336, 215, 64, 360, 0, 0, 0.54%, 0, 0, 4, 1414.85
1775223341, 215, 108, 360, 0, 0, 0.54%, 0, 0, 4, 1393.52
1775223346, 215, 215, 360, 0, 0, 0.54%, 0, 0, 4, 1320.83
1775223351, 215, 261, 360, 0, 0, 0.54%, 0, 0, 4, 1483.47
1775223356, 215, 272, 360, 0, 0, 0.54%, 0, 0, 4, 1489.63
1775223362, 215, 309, 360, 0, 0, 0.54%, 0, 0, 4, 1237.65
1775223367, 216, 29, 360, 0, 0, 0.54%, 0, 0, 4, 1342.61
1775223372, 216, 70, 360, 0, 0, 0.54%, 0, 0, 4, 1427.58
1775223377, 216, 150, 360, 0, 0, 0.54%, 0, 0, 4, 1465.06
1775223382, 216, 265, 360, 0, 0, 0.54%, 0, 0, 4, 1503.11
1775223387, 216, 316, 360, 0, 0, 0.54%, 0, 0, 4, 1339.54
1775223392, 217, 9, 360, 0, 0, 0.54%, 0, 0, 4, 1307.34
1775223397, 217, 38, 360, 0, 0, 0.54%, 0, 0, 4, 1433.28
1775223402, 217, 101, 360, 0, 0, 0.54%, 0, 0, 4, 1470.40
1775223407, 217, 261, 360, 0, 0, 0.54%, 0, 0, 4, 1479.84
1775223413, 217, 304, 360, 0, 0, 0.54%, 0, 0, 4, 1292.56
1775223418, 217, 358, 360, 0, 0, 0.54%, 0, 0, 4, 1311.69
1775223423, 218, 31, 360, 0, 0, 0.54%, 0, 0, 4, 1446.27
1775223428, 218, 64, 360, 0, 0, 0.54%, 0, 0, 4, 1327.39
1775223433, 218, 104, 360, 0, 0, 0.54%, 0, 0, 4, 1347.40
1775223438, 218, 259, 360, 0, 0, 0.54%, 0, 0, 4, 1382.01
1775223443, 218, 271, 360, 0, 0, 0.54%, 0, 0, 4, 1340.39
1775223448, 218, 321, 360, 0, 0, 0.54%, 0, 0, 4, 1296.77
1775223453, 219, 31, 360, 0, 0, 0.54%, 0, 0, 4, 1271.82
1775223458, 219, 76, 360, 0, 0, 0.54%, 0, 0, 4, 1437.85
1775223463, 219, 108, 360, 0, 0, 0.54%, 0, 0, 4, 1367.87
1775223469, 219, 237, 360, 0, 0, 0.54%, 0, 0, 4, 1451.94
1775223474, 219, 280, 360, 0, 0, 0.54%, 0, 0, 4, 1428.03
1775223479, 220, 29, 360, 0, 0, 0.54%, 0, 0, 4, 1419.63
1775223484, 220, 63, 360, 0, 0, 0.54%, 0, 0, 4, 1481.25
1775223489, 220, 117, 360, 0, 0, 0.54%, 0, 0, 4, 1455.15
1775223494, 220, 200, 360, 0, 0, 0.54%, 0, 0, 4, 1355.20
1775223499, 220, 256, 360, 0, 0, 0.54%, 0, 0, 4, 1293.55
1775223504, 220, 275, 360, 0, 0, 0.54%, 0, 0, 4, 1326.96
1775223509, 220, 318, 360, 0, 0, 0.54%, 0, 0, 4, 1353.15
1775223514, 221, 29, 360, 0, 0, 0.54%, 0, 0, 4, 1282.56
1775223519, 221, 58, 360, 0, 0, 0.54%, 0, 0, 4, 1289.23
1775223525, 221, 103, 360, 0, 0, 0.54%, 0, 0, 4, 1304.85
1775223530, 221, 167, 360, 0, 0, 0.54%, 0, 0, 4, 1300.30
1775223535, 221, 247, 360, 0, 0, 0.54%, 0, 0, 4, 1275.34
1775223540, 221, 265, 360, 0, 0, 0.54%, 0, 0, 4, 1410.90
1775223545, 221, 309, 360, 0, 0, 0.54%, 0, 0, 4, 1281.44
1775223550, 222, 6, 360, 0, 0, 0.54%, 0, 0, 4, 1224.16
1775223555, 222, 42, 360, 0, 0, 0.54%, 0, 0, 4, 1436.58
1775223560, 222, 89, 360, 0, 0, 0.54%, 0, 0, 4, 1455.29
1775223565, 222, 130, 360, 0, 0, 0.54%, 0, 0, 4, 1486.14
1775223571, 222, 265, 360, 0, 0, 0.54%, 0, 0, 4, 1357.94
1775223576, 222, 287, 360, 0, 0, 0.54%, 0, 0, 4, 1362.15
1775223581, 223, 13, 360, 0, 0, 0.54%, 0, 0, 4, 1432.20
1775223586, 223, 53, 360, 0, 0, 0.54%, 0, 0, 4, 1458.72
1775223591, 223, 103, 360, 0, 0, 0.54%, 0, 0, 4, 1432.38
1775223596, 223, 228, 360, 0, 0, 0.54%, 0, 0, 4, 1448.14
1775223601, 223, 299, 360, 0, 0, 0.54%, 0, 0, 4, 1447.58
1775223606, 224, 24, 360, 0, 0, 0.54%, 0, 0, 4, 1462.71
1775223611, 224, 58, 360, 0, 0, 0.54%, 0, 0, 4, 1384.15
1775223617, 224, 108, 360, 0, 0, 0.54%, 0, 0, 4, 1345.97
1775223622, 224, 171, 360, 0, 0, 0.54%, 0, 0, 4, 1399.59
1775223627, 224, 246, 360, 0, 0, 0.54%, 0, 0, 4, 1444.03
1775223632, 225, 9, 360, 0, 0, 0.54%, 0, 0, 4, 1462.49
1775223637, 225, 55, 360, 0, 0, 0.54%, 0, 0, 4, 1462.97
1775223642, 225, 103, 360, 0, 0, 0.54%, 0, 0, 4, 1418.44
1775223647, 225, 213, 360, 0, 0, 0.54%, 0, 0, 4, 1407.72
1775223652, 225, 276, 360, 0, 0, 0.54%, 0, 0, 4, 1397.93
1775223657, 225, 328, 360, 0, 0, 0.54%, 0, 0, 4, 1214.12
1775223662, 226, 31, 360, 0, 0, 0.54%, 0, 0, 4, 1394.42
1775223668, 226, 101, 360, 0, 0, 0.54%, 0, 0, 4, 1397.69
1775223673, 226, 165, 360, 0, 0, 0.54%, 0, 0, 4, 1294.74
1775223678, 226, 275, 360, 0, 0, 0.54%, 0, 0, 4, 1403.96
1775223683, 226, 349, 360, 0, 0, 0.54%, 0, 0, 4, 1121.91
1775223688, 227, 31, 360, 0, 0, 0.54%, 0, 0, 4, 1347.94
1775223693, 227, 89, 360, 0, 0, 0.54%, 0, 0, 4, 1458.41
1775223698, 227, 158, 360, 0, 0, 0.54%, 0, 0, 4, 1402.28
1775223703, 227, 265, 360, 0, 0, 0.54%, 0, 0, 4, 1394.00
1775223708, 227, 289, 360, 0, 0, 0.54%, 0, 0, 4, 1370.37
1775223713, 228, 9, 360, 0, 0, 0.54%, 0, 0, 4, 1248.18
1775223719, 228, 58, 360, 0, 0, 0.54%, 0, 0, 4, 1436.62
1775223724, 228, 103, 360, 0, 0, 0.54%, 0, 0, 4, 1527.54
1775223729, 228, 145, 360, 0, 0, 0.54%, 0, 0, 4, 1449.40
1775223734, 228, 274, 360, 0, 0, 0.54%, 0, 0, 4, 1508.13
1775223739, 228, 298, 360, 0, 0, 0.54%, 0, 0, 4, 1447.05
1775223744, 228, 347, 360, 0, 0, 0.54%, 0, 0, 4, 1174.97
1775223749, 229, 32, 360, 0, 0, 0.54%, 0, 0, 4, 1298.61
1775223754, 229, 89, 360, 0, 0, 0.54%, 0, 0, 4, 1407.03
1775223759, 229, 265, 360, 0, 0, 0.54%, 0, 0, 4, 1532.47
1775223764, 229, 297, 360, 0, 0, 0.54%, 0, 0, 4, 1303.38
1775223769, 229, 339, 360, 0, 0, 0.54%, 0, 0, 4, 1170.54
1775223774, 230, 33, 360, 0, 0, 0.54%, 0, 0, 4, 1370.20
1775223780, 230, 89, 360, 0, 0, 0.54%, 0, 0, 4, 1379.68
1775223785, 230, 189, 360, 0, 0, 0.54%, 0, 0, 4, 1422.73
1775223790, 230, 265, 360, 0, 0, 0.54%, 0, 0, 4, 1460.30
1775223795, 230, 325, 360, 0, 0, 0.54%, 0, 0, 4, 1183.29
1775223800, 231, 33, 360, 0, 0, 0.54%, 0, 0, 4, 1382.37
1775223805, 231, 90, 360, 0, 0, 0.54%, 0, 0, 4, 1447.11
1775223810, 231, 169, 360, 0, 0, 0.54%, 0, 0, 4, 1409.44
1775223815, 231, 274, 360, 0, 0, 0.54%, 0, 0, 4, 1414.32
1775223820, 231, 353, 360, 0, 0, 0.54%, 0, 0, 4, 1104.58
1775223825, 232, 12, 360, 0, 0, 0.54%, 0, 0, 4, 1278.95
1775223830, 232, 58, 360, 0, 0, 0.54%, 0, 0, 4, 1405.32
1775223835, 232, 101, 360, 0, 0, 0.54%, 0, 0, 4, 1410.94
1775223841, 232, 189, 360, 0, 0, 0.54%, 0, 0, 4, 1402.65
1775223846, 232, 275, 360, 0, 0, 0.54%, 0, 0, 4, 1489.78
1775223851, 232, 314, 360, 0, 0, 0.54%, 0, 0, 4, 1297.44
1775223856, 233, 9, 360, 0, 0, 0.54%, 0, 0, 4, 1190.54
1775223861, 233, 58, 360, 0, 0, 0.54%, 0, 0, 4, 1394.30
1775223866, 233, 103, 360, 0, 0, 0.54%, 0, 0, 4, 1398.86
1775223871, 233, 127, 360, 0, 0, 0.54%, 0, 0, 4, 1406.68
1775223876, 233, 271, 360, 0, 0, 0.54%, 0, 0, 4, 1508.91
1775223881, 233, 319, 360, 0, 0, 0.54%, 0, 0, 4, 1336.83
1775223887, 234, 29, 360, 0, 0, 0.54%, 0, 0, 4, 1292.27
1775223892, 234, 101, 360, 0, 0, 0.54%, 0, 0, 4, 1470.35
1775223897, 234, 169, 360, 0, 0, 0.54%, 0, 0, 4, 1425.93
1775223902, 234, 277, 360, 0, 0, 0.54%, 0, 0, 4, 1366.63
1775223907, 234, 322, 360, 0, 0, 0.54%, 0, 0, 4, 1396.21
1775223912, 235, 31, 360, 0, 0, 0.54%, 0, 0, 4, 1396.97
1775223917, 235, 87, 360, 0, 0, 0.54%, 0, 0, 4, 1442.11
1775223922, 235, 138, 360, 0, 0, 0.54%, 0, 0, 4, 1381.32
1775223927, 235, 259, 360, 0, 0, 0.54%, 0, 0, 4, 1382.62
1775223932, 235, 269, 360, 0, 0, 0.54%, 0, 0, 4, 1423.41
1775223937, 235, 322, 360, 0, 0, 0.54%, 0, 0, 4, 1204.04
1775223942, 236, 9, 360, 0, 0, 0.54%, 0, 0, 4, 1159.64
1775223948, 236, 33, 360, 0, 0, 0.54%, 0, 0, 4, 1341.93
1775223953, 236, 101, 360, 0, 0, 0.54%, 0, 0, 4, 1638.91
1775223958, 236, 199, 360, 0, 0, 0.54%, 0, 0, 4, 1438.21
1775223963, 236, 281, 360, 0, 0, 0.54%, 0, 0, 4, 1265.15
1775223968, 237, 31, 360, 0, 0, 0.54%, 0, 0, 4, 1330.08
1775223973, 237, 79, 360, 0, 0, 0.54%, 0, 0, 4, 1430.43
1775223978, 237, 134, 360, 0, 0, 0.54%, 0, 0, 4, 1406.09
1775223983, 237, 236, 360, 0, 0, 0.54%, 0, 0, 4, 1268.44
1775223988, 237, 267, 360, 0, 0, 0.54%, 0, 0, 4, 1416.75
1775223993, 237, 347, 360, 0, 0, 0.54%, 0, 0, 4, 1155.52
1775223998, 238, 63, 360, 0, 0, 0.54%, 0, 0, 4, 1505.14
1775224004, 238, 141, 360, 0, 0, 0.54%, 0, 0, 4, 1419.72
1775224009, 238, 234, 360, 0, 0, 0.54%, 0, 0, 4, 1349.06
1775224014, 238, 276, 360, 0, 0, 0.54%, 0, 0, 4, 1376.36
1775224019, 238, 345, 360, 0, 0, 0.54%, 0, 0, 4, 1263.08
1775224024, 239, 29, 360, 0, 0, 0.54%, 0, 0, 4, 1398.87
1775224029, 239, 58, 360, 0, 0, 0.54%, 0, 0, 4, 1366.81
1775224034, 239, 103, 360, 0, 0, 0.54%, 0, 0, 4, 1423.63
1775224039, 239, 199, 360, 0, 0, 0.54%, 0, 0, 4, 1358.48
1775224044, 239, 275, 360, 0, 0, 0.54%, 0, 0, 4, 1429.60
1775224049, 239, 352, 360, 0, 0, 0.54%, 0, 0, 4, 1419.53
1775224054, 240, 31, 360, 0, 0, 0.54%, 0, 0, 4, 1443.65
1775224060, 240, 86, 360, 0, 0, 0.54%, 0, 0, 4, 1488.82
1775224065, 240, 166, 360, 0, 0, 0.54%, 0, 0, 4, 1474.02
1775224070, 240, 236, 360, 0, 0, 0.54%, 0, 0, 4, 1495.48
1775224075, 240, 275, 360, 0, 0, 0.54%, 0, 0, 4, 1402.22
1775224080, 240, 337, 360, 0, 0, 0.54%, 0, 0, 4, 1301.05
1775224085, 241, 29, 360, 0, 0, 0.54%, 0, 0, 4, 1336.11
1775224090, 241, 80, 360, 0, 0, 0.54%, 0, 0, 4, 1424.77
1775224095, 241, 112, 360, 0, 0, 0.54%, 0, 0, 4, 1342.42
1775224100, 241, 265, 360, 0, 0, 0.54%, 0, 0, 4, 1342.19
1775224105, 242, 9, 360, 0, 0, 0.54%, 0, 0, 4, 1434.21
1775224111, 242, 58, 360, 0, 0, 0.54%, 0, 0, 4, 1344.68
1775224116, 242, 108, 360, 0, 0, 0.54%, 0, 0, 4, 1418.59
1775224121, 242, 190, 360, 0, 0, 0.54%, 0, 0, 4, 1403.41
1775224126, 242, 261, 360, 0, 0, 0.54%, 0, 0, 4, 1458.22
1775224131, 242, 301, 360, 0, 0, 0.54%, 0, 0, 4, 1349.05
1775224136, 243, 6, 360, 0, 0, 0.54%, 0, 0, 4, 1211.07
1775224141, 243, 33, 360, 0, 0, 0.54%, 0, 0, 4, 1363.78
1775224146, 243, 89, 360, 0, 0, 0.54%, 0, 0, 4, 1373.05
1775224151, 243, 202, 360, 0, 0, 0.54%, 0, 0, 4, 1479.87
1775224156, 243, 265, 360, 0, 0, 0.54%, 0, 0, 4, 1403.56
1775224161, 243, 302, 360, 0, 0, 0.54%, 0, 0, 4, 1432.42
1775224166, 244, 31, 360, 0, 0, 0.54%, 0, 0, 4, 1384.16
1775224172, 244, 78, 360, 0, 0, 0.54%, 0, 0, 4, 1530.65
1775224177, 244, 105, 360, 0, 0, 0.54%, 0, 0, 4, 1371.02
1775224182, 244, 165, 360, 0, 0, 0.54%, 0, 0, 4, 1431.26
1775224187, 244, 255, 360, 0, 0, 0.54%, 0, 0, 4, 1410.44
1775224192, 244, 265, 360, 0, 0, 0.54%, 0, 0, 4, 1525.15
1775224197, 244, 323, 360, 0, 0, 0.54%, 0, 0, 4, 1399.79
1775224202, 245, 9, 360, 0, 0, 0.54%, 0, 0, 4, 1070.24
1775224207, 245, 33, 360, 0, 0, 0.54%, 0, 0, 4, 1419.52
1775224213, 245, 89, 360, 0, 0, 0.54%, 0, 0, 4, 1451.74
1775224218, 245, 140, 360, 0, 0, 0.54%, 0, 0, 4, 1358.01
1775224223, 245, 252, 360, 0, 0, 0.54%, 0, 0, 4, 1476.45
1775224228, 245, 276, 360, 0, 0, 0.54%, 0, 0, 4, 1365.54
1775224233, 245, 336, 360, 0, 0, 0.54%, 0, 0, 4, 1116.44
1775224238, 246, 22, 360, 0, 0, 0.54%, 0, 0, 4, 1279.71
1775224243, 246, 73, 360, 0, 0, 0.54%, 0, 0, 4, 1388.64
1775224248, 246, 172, 360, 0, 0, 0.54%, 0, 0, 4, 1481.68
1775224253, 246, 274, 360, 0, 0, 0.54%, 0, 0, 4, 1433.18
1775224258, 247, 29, 360, 0, 0, 0.54%, 0, 0, 4, 1373.88
1775224263, 247, 88, 360, 0, 0, 0.54%, 0, 0, 4, 1458.08
1775224269, 247, 201, 360, 0, 0, 0.54%, 0, 0, 4, 1498.42
1775224274, 247, 265, 360, 0, 0, 0.54%, 0, 0, 4, 1529.24
1775224279, 247, 323, 360, 0, 0, 0.54%, 0, 0, 4, 1491.75
1775224284, 248, 33, 360, 0, 0, 0.54%, 0, 0, 4, 1413.92
1775224289, 248, 101, 360, 0, 0, 0.54%, 0, 0, 4, 1451.50
1775224294, 248, 174, 360, 0, 0, 0.54%, 0, 0, 4, 1530.77
1775224299, 248, 296, 360, 0, 0, 0.54%, 0, 0, 4, 1446.87
1775224304, 249, 31, 360, 0, 0, 0.54%, 0, 0, 4, 1567.42
1775224309, 249, 101, 360, 0, 0, 0.54%, 0, 0, 4, 1508.34
1775224314, 249, 231, 360, 0, 0, 0.54%, 0, 0, 4, 1540.08
1775224319, 249, 281, 360, 0, 0, 0.54%, 0, 0, 4, 1473.17
1775224324, 250, 29, 360, 0, 0, 0.54%, 0, 0, 4, 1496.57
1775224329, 250, 100, 360, 0, 0, 0.54%, 0, 0, 4, 1589.52
1775224334, 250, 218, 360, 0, 0, 0.54%, 0, 0, 4, 1530.46
1775224339, 250, 276, 360, 0, 0, 0.54%, 0, 0, 4, 1443.23
1775224344, 250, 322, 360, 0, 0, 0.54%, 0, 0, 4, 1460.83
1775224349, 251, 9, 360, 0, 0, 0.54%, 0, 0, 4, 1387.88
1775224355, 251, 49, 360, 0, 0, 0.54%, 0, 0, 4, 1390.96
1775224360, 251, 108, 360, 0, 0, 0.54%, 0, 0, 4, 1467.75
1775224365, 251, 268, 360, 0, 0, 0.54%, 0, 0, 4, 1381.00
1775224370, 251, 302, 360, 0, 0, 0.54%, 0, 0, 4, 1379.64
1775224375, 252, 9, 360, 0, 0, 0.54%, 0, 0, 4, 1087.53
1775224380, 252, 58, 360, 0, 0, 0.54%, 0, 0, 4, 1493.31
1775224385, 252, 103, 360, 0, 0, 0.54%, 0, 0, 4, 1560.66
1775224390, 252, 242, 360, 0, 0, 0.54%, 0, 0, 4, 1427.30
1775224395, 252, 285, 360, 0, 0, 0.54%, 0, 0, 4, 1356.91
1775224400, 252, 343, 360, 0, 0, 0.54%, 0, 0, 4, 1090.16
1775224405, 253, 45, 360, 0, 0, 0.54%, 0, 0, 4, 1382.74
1775224411, 253, 102, 360, 0, 0, 0.54%, 0, 0, 4, 1432.44
1775224416, 253, 164, 360, 0, 0, 0.54%, 0, 0, 4, 1375.99
1775224421, 253, 244, 360, 0, 0, 0.54%, 0, 0, 4, 1417.32
1775224426, 253, 266, 360, 0, 0, 0.54%, 0, 0, 4, 1401.57
1775224431, 254, 9, 360, 0, 0, 0.54%, 0, 0, 4, 1457.55
1775224436, 254, 31, 360, 0, 0, 0.54%, 0, 0, 4, 1265.93
1775224441, 254, 89, 360, 0, 0, 0.54%, 0, 0, 4, 1423.21
1775224446, 254, 193, 360, 0, 0, 0.54%, 0, 0, 4, 1388.34
1775224451, 254, 253, 360, 0, 0, 0.54%, 0, 0, 4, 1514.79
1775224456, 254, 261, 360, 0, 0, 0.54%, 0, 0, 4, 1465.68
1775224461, 254, 334, 360, 0, 0, 0.54%, 0, 0, 4, 1235.16
1775224466, 255, 29, 360, 0, 0, 0.54%, 0, 0, 4, 1125.23
1775224471, 255, 64, 360, 0, 0, 0.54%, 0, 0, 4, 1410.33
1775224477, 255, 128, 360, 0, 0, 0.54%, 0, 0, 4, 1405.37
1775224482, 255, 209, 360, 0, 0, 0.54%, 0, 0, 4, 1442.44
1775224487, 255, 245, 360, 0, 0, 0.54%, 0, 0, 4, 1558.70
1775224492, 255, 278, 360, 0, 0, 0.54%, 0, 0, 4, 1458.83
1775224497, 255, 316, 360, 0, 0, 0.54%, 0, 0, 4, 1376.58
1775224502, 256, 29, 360, 0, 0, 0.54%, 0, 0, 4, 1328.78
1775224507, 256, 63, 360, 0, 0, 0.54%, 0, 0, 4, 1478.50
1775224512, 256, 156, 360, 0, 0, 0.54%, 0, 0, 4, 1456.43
1775224517, 256, 261, 360, 0, 0, 0.54%, 0, 0, 4, 1418.58
1775224522, 257, 1, 360, 0, 0, 0.54%, 0, 0, 4, 1312.40
1775224527, 257, 51, 360, 0, 0, 0.54%, 0, 0, 4, 1409.00
1775224532, 257, 108, 360, 0, 0, 0.54%, 0, 0, 4, 1025.92
1775224538, 257, 251, 360, 0, 0, 0.54%, 0, 0, 4, 1336.33
1775224543, 257, 278, 360, 0, 0, 0.54%, 0, 0, 4, 1411.52
1775224548, 257, 358, 360, 0, 0, 0.54%, 0, 0, 4, 1264.26
1775224553, 258, 29, 360, 0, 0, 0.54%, 0, 0, 4, 1353.34
1775224558, 258, 50, 360, 0, 0, 0.54%, 0, 0, 4, 1375.37
1775224563, 258, 89, 360, 0, 0, 0.54%, 0, 0, 4, 1374.26
1775224568, 258, 191, 360, 0, 0, 0.54%, 0, 0, 4, 1341.89
1775224573, 258, 267, 360, 0, 0, 0.54%, 0, 0, 4, 1340.08
1775224578, 259, 9, 360, 0, 0, 0.54%, 0, 0, 4, 1331.26
1775224584, 259, 63, 360, 0, 0, 0.54%, 0, 0, 4, 1395.12
1775224589, 259, 103, 360, 0, 0, 0.54%, 0, 0, 4, 1369.94
1775224594, 259, 184, 360, 0, 0, 0.54%, 0, 0, 4, 1434.43
1775224599, 259, 275, 360, 0, 0, 0.54%, 0, 0, 4, 1410.34
1775224604, 259, 321, 360, 0, 0, 0.54%, 0, 0, 4, 1198.53
1775224609, 260, 58, 360, 0, 0, 0.54%, 0, 0, 4, 1451.33
1775224614, 260, 101, 360, 0, 0, 0.54%, 0, 0, 4, 1301.90
1775224619, 260, 174, 360, 0, 0, 0.54%, 0, 0, 4, 1343.47
1775224624, 260, 276, 360, 0, 0, 0.54%, 0, 0, 4, 1408.75
1775224629, 260, 354, 360, 0, 0, 0.54%, 0, 0, 4, 1119.36
1775224634, 261, 55, 360, 0, 0, 0.54%, 0, 0, 4, 1500.40
1775224640, 261, 101, 360, 0, 0, 0.54%, 0, 0, 4, 1507.56
1775224645, 261, 171, 360, 0, 0, 0.54%, 0, 0, 4, 1474.98
1775224650, 261, 265, 360, 0, 0, 0.54%, 0, 0, 4, 1433.16
1775224655, 261, 307, 360, 0, 0, 0.54%, 0, 0, 4, 1373.95
1775224660, 262, 9, 360, 0, 0, 0.54%, 0, 0, 4, 1283.61
1775224665, 262, 39, 360, 0, 0, 0.54%, 0, 0, 4, 1372.54
1775224670, 262, 93, 360, 0, 0, 0.54%, 0, 0, 4, 1427.30
1775224675, 262, 201, 360, 0, 0, 0.54%, 0, 0, 4, 1513.49
1775224680, 262, 265, 360, 0, 0, 0.54%, 0, 0, 4, 1471.21
1775224686, 263, 9, 360, 0, 0, 0.54%, 0, 0, 4, 1417.41
1775224691, 263, 42, 360, 0, 0, 0.54%, 0, 0, 4, 1407.19
1775224696, 263, 103, 360, 0, 0, 0.54%, 0, 0, 4, 1484.49
1775224701, 263, 209, 360, 0, 0, 0.54%, 0, 0, 4, 1447.75
1775224706, 263, 275, 360, 0, 0, 0.54%, 0, 0, 4, 1410.19
1775224711, 264, 9, 360, 0, 0, 0.54%, 0, 0, 4, 1221.07
1775224716, 264, 33, 360, 0, 0, 0.54%, 0, 0, 4, 1418.19
1775224721, 264, 89, 360, 0, 0, 0.54%, 0, 0, 4, 1459.91
1775224726, 264, 132, 360, 0, 0, 0.54%, 0, 0, 4, 1451.48
1775224731, 264, 261, 360, 0, 0, 0.54%, 0, 0, 4, 1417.59
1775224736, 264, 300, 360, 0, 0, 0.54%, 0, 0, 4, 1349.42
1775224741, 265, 29, 360, 0, 0, 0.54%, 0, 0, 4, 1367.21
1775224746, 265, 58, 360, 0, 0, 0.54%, 0, 0, 4, 1391.31
1775224752, 265, 108, 360, 0, 0, 0.54%, 0, 0, 4, 1351.86
1775224757, 265, 261, 360, 0, 0, 0.54%, 0, 0, 4, 1436.13
1775224762, 265, 287, 360, 0, 0, 0.54%, 0, 0, 4, 1406.73
1775224767, 265, 357, 360, 0, 0, 0.54%, 0, 0, 4, 1050.22
1775224772, 266, 40, 360, 0, 0, 0.54%, 0, 0, 4, 1321.28
1775224777, 266, 61, 360, 0, 0, 0.54%, 0, 0, 4, 1289.93
1775224782, 266, 108, 360, 0, 0, 0.54%, 0, 0, 4, 1385.02
1775224787, 266, 221, 360, 0, 0, 0.54%, 0, 0, 4, 1489.79
1775224792, 266, 275, 360, 0, 0, 0.54%, 0, 0, 4, 1604.72
1775224797, 266, 327, 360, 0, 0, 0.54%, 0, 0, 4, 1205.88
1775224802, 266, 356, 360, 0, 0, 0.54%, 0, 0, 4, 993.68
1775224808, 267, 49, 360, 0, 0, 0.54%, 0, 0, 4, 1359.11
1775224813, 267, 101, 360, 0, 0, 0.54%, 0, 0, 4, 1403.37
1775224818, 267, 183, 360, 0, 0, 0.54%, 0, 0, 4, 1462.28
1775224823, 267, 275, 360, 0, 0, 0.54%, 0, 0, 4, 1433.67
1775224828, 268, 31, 360, 0, 0, 0.54%, 0, 0, 4, 1497.10
1775224833, 268, 101, 360, 0, 0, 0.54%, 0, 0, 4, 1484.44
1775224838, 268, 202, 360, 0, 0, 0.54%, 0, 0, 4, 1471.19
1775224843, 268, 270, 360, 0, 0, 0.54%, 0, 0, 4, 1495.84
1775224848, 268, 347, 360, 0, 0, 0.54%, 0, 0, 4, 1202.09
1775224853, 269, 31, 360, 0, 0, 0.54%, 0, 0, 4, 1402.98
1775224858, 269, 63, 360, 0, 0, 0.54%, 0, 0, 4, 1314.71
1775224864, 269, 108, 360, 0, 0, 0.54%, 0, 0, 4, 1324.93
1775224869, 269, 239, 360, 0, 0, 0.54%, 0, 0, 4, 1450.95
1775224874, 269, 273, 360, 0, 0, 0.54%, 0, 0, 4, 1538.33
1775224879, 269, 330, 360, 0, 0, 0.54%, 0, 0, 4, 1324.49
1775224884, 270, 31, 360, 0, 0, 0.54%, 0, 0, 4, 1375.11
1775224889, 270, 101, 360, 0, 0, 0.54%, 0, 0, 4, 1416.55
1775224894, 270, 162, 360, 0, 0, 0.54%, 0, 0, 4, 1307.63
1775224899, 270, 273, 360, 0, 0, 0.54%, 0, 0, 4, 1510.12
1775224904, 270, 322, 360, 0, 0, 0.54%, 0, 0, 4, 1420.73
1775224909, 271, 29, 360, 0, 0, 0.54%, 0, 0, 4, 1365.58
1775224914, 271, 63, 360, 0, 0, 0.54%, 0, 0, 4, 1486.78
1775224919, 271, 101, 360, 0, 0, 0.54%, 0, 0, 4, 1315.83
1775224924, 271, 161, 360, 0, 0, 0.54%, 0, 0, 4, 1459.06
1775224930, 271, 261, 360, 0, 0, 0.54%, 0, 0, 4, 1480.79
1775224935, 271, 322, 360, 0, 0, 0.54%, 0, 0, 4, 1496.95
1775224940, 272, 29, 360, 0, 0, 0.54%, 0, 0, 4, 1384.03
1775224945, 272, 63, 360, 0, 0, 0.54%, 0, 0, 4, 1421.11
1775224950, 272, 131, 360, 0, 0, 0.54%, 0, 0, 4, 1327.60
1775224955, 272, 274, 360, 0, 0, 0.54%, 0, 0, 4, 1493.87
1775224960, 272, 322, 360, 0, 0, 0.54%, 0, 0, 4, 1399.65
1775224965, 273, 63, 360, 0, 0, 0.54%, 0, 0, 4, 1465.81
1775224970, 273, 121, 360, 0, 0, 0.54%, 0, 0, 4, 1458.36
1775224976, 273, 265, 360, 0, 0, 0.54%, 0, 0, 4, 1466.62
1775224981, 274, 1, 360, 0, 0, 0.54%, 0, 0, 4, 1332.70
1775224986, 274, 58, 360, 0, 0, 0.54%, 0, 0, 4, 1471.47
1775224991, 274, 108, 360, 0, 0, 0.54%, 0, 0, 4, 1512.20
1775224996, 274, 154, 360, 0, 0, 0.54%, 0, 0, 4, 1258.81
1775225001, 274, 250, 360, 0, 0, 0.54%, 0, 0, 4, 1387.13
1775225006, 274, 310, 360, 0, 0, 0.54%, 0, 0, 4, 1455.82
1775225011, 275, 28, 360, 0, 0, 0.54%, 0, 0, 4, 1364.74
1775225016, 275, 64, 360, 0, 0, 0.54%, 0, 0, 4, 1513.56
1775225021, 275, 123, 360, 0, 0, 0.54%, 0, 0, 4, 1420.12
1775225026, 275, 252, 360, 0, 0, 0.54%, 0, 0, 4, 1414.70
1775225032, 275, 274, 360, 0, 0, 0.54%, 0, 0, 4, 1473.95
1775225037, 276, 0, 360, 0, 0, 0.54%, 0, 0, 4, 1399.11
1775225042, 276, 58, 360, 0, 0, 0.54%, 0, 0, 4, 1523.97
1775225047, 276, 103, 360, 0, 0, 0.54%, 0, 0, 4, 1475.24
1775225052, 276, 221, 360, 0, 0, 0.54%, 0, 0, 4, 1468.32
1775225057, 276, 299, 360, 0, 0, 0.54%, 0, 0, 4, 1485.18
1775225062, 277, 1, 360, 0, 0, 0.54%, 0, 0, 4, 1331.69
1775225067, 277, 39, 360, 0, 0, 0.54%, 0, 0, 4, 1353.86
1775225072, 277, 103, 360, 0, 0, 0.54%, 0, 0, 4, 1445.21
1775225077, 277, 160, 360, 0, 0, 0.54%, 0, 0, 4, 1388.47
1775225083, 277, 242, 360, 0, 0, 0.54%, 0, 0, 4, 1360.51
1775225088, 277, 299, 360, 0, 0, 0.54%, 0, 0, 4, 1471.95
1775225093, 278, 31, 360, 0, 0, 0.54%, 0, 0, 4, 1430.22
1775225098, 278, 72, 360, 0, 0, 0.54%, 0, 0, 4, 1500.58
1775225103, 278, 125, 360, 0, 0, 0.54%, 0, 0, 4, 1460.66
1775225108, 278, 203, 360, 0, 0, 0.54%, 0, 0, 4, 1490.72
1775225113, 278, 271, 360, 0, 0, 0.54%, 0, 0, 4, 1506.79
1775225118, 278, 282, 360, 0, 0, 0.54%, 0, 0, 4, 1288.68
1775225123, 279, 26, 360, 0, 0, 0.54%, 0, 0, 4, 1358.31
1775225128, 279, 64, 360, 0, 0, 0.54%, 0, 0, 4, 1454.27
1775225133, 279, 103, 360, 0, 0, 0.54%, 0, 0, 4, 1467.97
1775225139, 279, 160, 360, 0, 0, 0.54%, 0, 0, 4, 1459.03
1775225144, 279, 265, 360, 0, 0, 0.54%, 0, 0, 4, 1522.15
1775225149, 279, 322, 360, 0, 0, 0.54%, 0, 0, 4, 1470.03
1775225154, 280, 31, 360, 0, 0, 0.54%, 0, 0, 4, 1442.62
1775225159, 280, 87, 360, 0, 0, 0.54%, 0, 0, 4, 1452.07
1775225164, 280, 147, 360, 0, 0, 0.54%, 0, 0, 4, 1454.46
1775225169, 280, 243, 360, 0, 0, 0.54%, 0, 0, 4, 1369.53
1775225174, 280, 275, 360, 0, 0, 0.54%, 0, 0, 4, 1441.91
1775225179, 281, 22, 360, 0, 0, 0.54%, 0, 0, 4, 1390.71
1775225184, 281, 58, 360, 0, 0, 0.54%, 0, 0, 4, 1383.55
1775225189, 281, 108, 360, 0, 0, 0.54%, 0, 0, 4, 1450.12
1775225195, 281, 232, 360, 0, 0, 0.54%, 0, 0, 4, 1382.47
1775225200, 281, 274, 360, 0, 0, 0.54%, 0, 0, 4, 1488.52
1775225205, 281, 331, 360, 0, 0, 0.54%, 0, 0, 4, 1290.93
1775225210, 282, 36, 360, 0, 0, 0.54%, 0, 0, 4, 1445.04
1775225215, 282, 101, 360, 0, 0, 0.54%, 0, 0, 4, 1422.89
1775225220, 282, 133, 360, 0, 0, 0.54%, 0, 0, 4, 1404.96
1775225225, 282, 233, 360, 0, 0, 0.54%, 0, 0, 4, 1419.29
1775225230, 282, 281, 360, 0, 0, 0.54%, 0, 0, 4, 1379.34
1775225235, 282, 350, 360, 0, 0, 0.54%, 0, 0, 4, 1077.37
1775225240, 283, 21, 360, 0, 0, 0.54%, 0, 0, 4, 1330.11
1775225245, 283, 58, 360, 0, 0, 0.54%, 0, 0, 4, 1360.78
1775225250, 283, 89, 360, 0, 0, 0.54%, 0, 0, 4, 1449.54
1775225255, 283, 153, 360, 0, 0, 0.54%, 0, 0, 4, 1387.19
1775225260, 283, 265, 360, 0, 0, 0.54%, 0, 0, 4, 1417.19
1775225265, 283, 316, 360, 0, 0, 0.54%, 0, 0, 4, 1328.98
1775225271, 283, 354, 360, 0, 0, 0.54%, 0, 0, 4, 931.96
1775225276, 284, 9, 360, 0, 0, 0.54%, 0, 0, 4, 1362.89
1775225281, 284, 58, 360, 0, 0, 0.54%, 0, 0, 4, 1364.72
1775225286, 284, 131, 360, 0, 0, 0.54%, 0, 0, 4, 1463.15
1775225291, 284, 195, 360, 0, 0, 0.54%, 0, 0, 4, 1379.12
1775225296, 284, 274, 360, 0, 0, 0.54%, 0, 0, 4, 1491.08
1775225301, 285, 7, 360, 0, 0, 0.54%, 0, 0, 4, 1312.04
1775225306, 285, 54, 360, 0, 0, 0.54%, 0, 0, 4, 1405.40
1775225312, 285, 101, 360, 0, 0, 0.54%, 0, 0, 4, 1415.50
1775225317, 285, 176, 360, 0, 0, 0.54%, 0, 0, 4, 1438.38
1775225322, 285, 265, 360, 0, 0, 0.54%, 0, 0, 4, 1319.54
1775225327, 285, 292, 360, 0, 0, 0.54%, 0, 0, 4, 1310.77
1775225332, 286, 5, 360, 0, 0, 0.54%, 0, 0, 4, 1157.93
1775225337, 286, 58, 360, 0, 0, 0.54%, 0, 0, 4, 1382.76
1775225342, 286, 103, 360, 0, 0, 0.54%, 0, 0, 4, 1451.80
1775225347, 286, 265, 360, 0, 0, 0.54%, 0, 0, 4, 1374.58
1775225352, 286, 310, 360, 0, 0, 0.54%, 0, 0, 4, 1391.27
1775225357, 287, 31, 360, 0, 0, 0.54%, 0, 0, 4, 1407.46
1775225363, 287, 97, 360, 0, 0, 0.54%, 0, 0, 4, 1490.11
1775225368, 287, 156, 360, 0, 0, 0.54%, 0, 0, 4, 1482.97
1775225373, 287, 274, 360, 0, 0, 0.54%, 0, 0, 4, 1427.18
1775225378, 288, 29, 360, 0, 0, 0.54%, 0, 0, 4, 1489.11
1775225383, 288, 64, 360, 0, 0, 0.54%, 0, 0, 4, 1508.86
1775225388, 288, 107, 360, 0, 0, 0.54%, 0, 0, 4, 1449.28
1775225393, 288, 164, 360, 0, 0, 0.54%, 0, 0, 4, 1415.22
1775225398, 288, 218, 360, 0, 0, 0.54%, 0, 0, 4, 1314.10
1775225403, 288, 274, 360, 0, 0, 0.54%, 0, 0, 4, 1498.24
1775225408, 289, 29, 360, 0, 0, 0.54%, 0, 0, 4, 1395.42
1775225413, 289, 64, 360, 0, 0, 0.54%, 0, 0, 4, 1416.71
1775225419, 289, 173, 360, 0, 0, 0.54%, 0, 0, 4, 1422.55
1775225424, 289, 231, 360, 0, 0, 0.54%, 0, 0, 4, 1389.15
1775225429, 289, 342, 360, 0, 0, 0.54%, 0, 0, 4, 1340.80
1775225434, 290, 29, 360, 0, 0, 0.54%, 0, 0, 4, 1302.21
1775225439, 290, 63, 360, 0, 0, 0.54%, 0, 0, 4, 1481.84
1775225444, 290, 108, 360, 0, 0, 0.54%, 0, 0, 4, 1425.33
1775225449, 290, 238, 360, 0, 0, 0.54%, 0, 0, 4, 1445.14
1775225454, 290, 287, 360, 0, 0, 0.54%, 0, 0, 4, 1390.17
1775225459, 290, 326, 360, 0, 0, 0.54%, 0, 0, 4, 1199.97
1775225465, 291, 13, 360, 0, 0, 0.54%, 0, 0, 4, 1261.79
1775225470, 291, 58, 360, 0, 0, 0.54%, 0, 0, 4, 1477.11
1775225475, 291, 103, 360, 0, 0, 0.54%, 0, 0, 4, 1388.38
1775225480, 291, 162, 360, 0, 0, 0.54%, 0, 0, 4, 1362.65
1775225485, 291, 245, 360, 0, 0, 0.54%, 0, 0, 4, 1406.02
1775225490, 291, 261, 360, 0, 0, 0.54%, 0, 0, 4, 1522.82
1775225495, 291, 322, 360, 0, 0, 0.54%, 0, 0, 4, 1401.83
1775225500, 292, 9, 360, 0, 0, 0.54%, 0, 0, 4, 1139.22
1775225505, 292, 64, 360, 0, 0, 0.54%, 0, 0, 4, 1489.88
1775225510, 292, 103, 360, 0, 0, 0.54%, 0, 0, 4, 1479.97
1775225515, 292, 235, 360, 0, 0, 0.54%, 0, 0, 4, 1481.19
1775225521, 292, 275, 360, 0, 0, 0.54%, 0, 0, 4, 1450.43
1775225526, 293, 29, 360, 0, 0, 0.54%, 0, 0, 4, 1376.71
1775225531, 293, 71, 360, 0, 0, 0.54%, 0, 0, 4, 1432.67
1775225536, 293, 103, 360, 0, 0, 0.54%, 0, 0, 4, 1412.62
1775225541, 293, 196, 360, 0, 0, 0.54%, 0, 0, 4, 1302.30
1775225546, 293, 265, 360, 0, 0, 0.54%, 0, 0, 4, 1416.89
1775225551, 294, 1, 360, 0, 0, 0.54%, 0, 0, 4, 1428.00
1775225556, 294, 33, 360, 0, 0, 0.54%, 0, 0, 4, 1440.30
1775225562, 294, 88, 360, 0, 0, 0.54%, 0, 0, 4, 1470.47
1775225567, 294, 117, 360, 0, 0, 0.54%, 0, 0, 4, 1434.60
1775225572, 294, 261, 360, 0, 0, 0.54%, 0, 0, 4, 1347.75
1775225577, 294, 276, 360, 0, 0, 0.54%, 0, 0, 4, 1333.28
1775225582, 294, 330, 360, 0, 0, 0.54%, 0, 0, 4, 1355.77
1775225587, 295, 28, 360, 0, 0, 0.54%, 0, 0, 4, 1309.92
1775225592, 295, 63, 360, 0, 0, 0.54%, 0, 0, 4, 1312.52
1775225597, 295, 115, 360, 0, 0, 0.54%, 0, 0, 4, 1377.58
1775225602, 295, 194, 360, 0, 0, 0.54%, 0, 0, 4, 1399.63
1775225607, 295, 299, 360, 0, 0, 0.54%, 0, 0, 4, 1366.63
1775225613, 296, 31, 360, 0, 0, 0.54%, 0, 0, 4, 1287.99
1775225618, 296, 94, 360, 0, 0, 0.54%, 0, 0, 4, 1550.60
1775225623, 296, 179, 360, 0, 0, 0.54%, 0, 0, 4, 1399.68
1775225628, 296, 264, 360, 0, 0, 0.54%, 0, 0, 4, 1302.85
1775225633, 296, 321, 360, 0, 0, 0.54%, 0, 0, 4, 1213.69
1775225638, 297, 29, 360, 0, 0, 0.54%, 0, 0, 4, 1423.31
1775225643, 297, 75, 360, 0, 0, 0.54%, 0, 0, 4, 1372.79
1775225649, 297, 118, 360, 0, 0, 0.54%, 0, 0, 4, 1304.06
1775225654, 297, 265, 360, 0, 0, 0.54%, 0, 0, 4, 1411.02
1775225659, 297, 334, 360, 0, 0, 0.54%, 0, 0, 4, 1133.30
1775225664, 298, 31, 360, 0, 0, 0.54%, 0, 0, 4, 1293.08
1775225669, 298, 58, 360, 0, 0, 0.54%, 0, 0, 4, 1404.22
1775225674, 298, 108, 360, 0, 0, 0.54%, 0, 0, 4, 1345.40
1775225679, 298, 140, 360, 0, 0, 0.54%, 0, 0, 4, 1293.09
1775225684, 298, 218, 360, 0, 0, 0.54%, 0, 0, 4, 1338.05
1775225689, 298, 276, 360, 0, 0, 0.54%, 0, 0, 4, 1334.43
1775225694, 299, 26, 360, 0, 0, 0.54%, 0, 0, 4, 1447.48
1775225699, 299, 58, 360, 0, 0, 0.54%, 0, 0, 4, 1442.59
1775225704, 299, 101, 360, 0, 0, 0.54%, 0, 0, 4, 1461.18
1775225709, 299, 124, 360, 0, 0, 0.54%, 0, 0, 4, 1547.08
1775225715, 299, 245, 360, 0, 0, 0.54%, 0, 0, 4, 1438.70
1775225720, 299, 269, 360, 0, 0, 0.54%, 0, 0, 4, 1527.74
1775225725, 299, 295, 360, 0, 0, 0.54%, 0, 0, 4, 1303.40
1775225730, 300, 29, 360, 0, 0, 0.54%, 0, 0, 4, 1251.11
1775225735, 300, 58, 360, 0, 0, 0.54%, 0, 0, 4, 1481.54
1775225740, 300, 118, 360, 0, 0, 0.54%, 0, 0, 4, 1551.65
1775225745, 300, 215, 360, 0, 0, 0.54%, 0, 0, 4, 1472.07
1775225750, 300, 276, 360, 0, 0, 0.54%, 0, 0, 4, 1395.97
1775225755, 301, 29, 360, 0, 0, 0.54%, 0, 0, 4, 1353.09
1775225761, 301, 89, 360, 0, 0, 0.54%, 0, 0, 4, 1473.23
1775225766, 301, 208, 360, 0, 0, 0.54%, 0, 0, 4, 1459.89
1775225771, 301, 274, 360, 0, 0, 0.54%, 0, 0, 4, 1500.64
1775225776, 301, 345, 360, 0, 0, 0.54%, 0, 0, 4, 1164.98
1775225781, 302, 33, 360, 0, 0, 0.54%, 0, 0, 4, 1376.08
1775225786, 302, 89, 360, 0, 0, 0.54%, 0, 0, 4, 1466.49
1775225791, 302, 189, 360, 0, 0, 0.54%, 0, 0, 4, 1376.09
1775225796, 302, 276, 360, 0, 0, 0.54%, 0, 0, 4, 1380.79
1775225801, 302, 341, 360, 0, 0, 0.54%, 0, 0, 4, 1057.33
1775225806, 303, 52, 360, 0, 0, 0.54%, 0, 0, 4, 1462.50
1775225812, 303, 108, 360, 0, 0, 0.54%, 0, 0, 4, 1474.17
1775225817, 303, 173, 360, 0, 0, 0.54%, 0, 0, 4, 1520.47
1775225822, 303, 274, 360, 0, 0, 0.54%, 0, 0, 4, 1467.08
1775225827, 304, 9, 360, 0, 0, 0.54%, 0, 0, 4, 1308.15
1775225832, 304, 61, 360, 0, 0, 0.54%, 0, 0, 4, 1470.93
1775225837, 304, 108, 360, 0, 0, 0.54%, 0, 0, 4, 1438.97
1775225842, 304, 261, 360, 0, 0, 0.54%, 0, 0, 4, 1419.18
1775225847, 304, 334, 360, 0, 0, 0.54%, 0, 0, 4, 1225.87
1775225853, 305, 23, 360, 0, 0, 0.54%, 0, 0, 4, 1407.32
1775225858, 305, 64, 360, 0, 0, 0.54%, 0, 0, 4, 1551.83
1775225863, 305, 130, 360, 0, 0, 0.54%, 0, 0, 4, 1356.47
1775225868, 305, 235, 360, 0, 0, 0.54%, 0, 0, 4, 1412.14
1775225873, 305, 287, 360, 0, 0, 0.54%, 0, 0, 4, 1420.58
1775225878, 306, 29, 360, 0, 0, 0.54%, 0, 0, 4, 1331.49
1775225883, 306, 76, 360, 0, 0, 0.54%, 0, 0, 4, 1428.12
1775225888, 306, 122, 360, 0, 0, 0.54%, 0, 0, 4, 1520.89
1775225893, 306, 261, 360, 0, 0, 0.54%, 0, 0, 4, 1353.38
1775225898, 306, 323, 360, 0, 0, 0.54%, 0, 0, 4, 1420.36
1775225903, 307, 29, 360, 0, 0, 0.54%, 0, 0, 4, 1287.41
1775225909, 307, 64, 360, 0, 0, 0.54%, 0, 0, 4, 1497.21
1775225914, 307, 103, 360, 0, 0, 0.54%, 0, 0, 4, 1504.04
1775225919, 307, 184, 360, 0, 0, 0.54%, 0, 0, 4, 1496.49
1775225924, 307, 275, 360, 0, 0, 0.54%, 0, 0, 4, 1444.84
1775225929, 307, 352, 360, 0, 0, 0.54%, 0, 0, 4, 1292.52
1775225934, 308, 31, 360, 0, 0, 0.54%, 0, 0, 4, 1441.45
1775225939, 308, 58, 360, 0, 0, 0.54%, 0, 0, 4, 1444.07
1775225944, 308, 101, 360, 0, 0, 0.54%, 0, 0, 4, 1434.02
1775225949, 308, 239, 360, 0, 0, 0.54%, 0, 0, 4, 1423.77
1775225954, 308, 275, 360, 0, 0, 0.54%, 0, 0, 4, 1453.06
1775225959, 309, 31, 360, 0, 0, 0.54%, 0, 0, 4, 1347.31
1775225964, 309, 84, 360, 0, 0, 0.54%, 0, 0, 4, 1332.08
1775225969, 309, 143, 360, 0, 0, 0.54%, 0, 0, 4, 1455.62
1775225975, 309, 275, 360, 0, 0, 0.54%, 0, 0, 4, 1474.86
1775225980, 309, 345, 360, 0, 0, 0.54%, 0, 0, 4, 256.76
1775225985, 310, 11, 360, 0, 0, 0.54%, 0, 0, 4, 1178.21
1775225990, 310, 58, 360, 0, 0, 0.54%, 0, 0, 4, 1460.07
1775225995, 310, 103, 360, 0, 0, 0.54%, 0, 0, 4, 1508.38
1775226000, 310, 157, 360, 0, 0, 0.54%, 0, 0, 4, 1473.11
1775226005, 310, 265, 360, 0, 0, 0.54%, 0, 0, 4, 1428.01
1775226010, 310, 319, 360, 0, 0, 0.54%, 0, 0, 4, 1374.98
1775226015, 311, 8, 360, 0, 0, 0.54%, 0, 0, 4, 1238.36
1775226021, 311, 41, 360, 0, 0, 0.54%, 0, 0, 4, 1429.79
1775226026, 311, 101, 360, 0, 0, 0.54%, 0, 0, 4, 1508.81
1775226031, 311, 176, 360, 0, 0, 0.54%, 0, 0, 4, 1527.19
1775226036, 311, 245, 360, 0, 0, 0.54%, 0, 0, 4, 1523.99
1775226041, 311, 274, 360, 0, 0, 0.54%, 0, 0, 4, 1577.49
1775226046, 311, 357, 360, 0, 0, 0.54%, 0, 0, 4, 1247.86
1775226051, 312, 44, 360, 0, 0, 0.54%, 0, 0, 4, 1470.59
1775226056, 312, 89, 360, 0, 0, 0.54%, 0, 0, 4, 1441.28
1775226061, 312, 108, 360, 0, 0, 0.54%, 0, 0, 4, 1306.84
1775226066, 312, 176, 360, 0, 0, 0.54%, 0, 0, 4, 1435.61
1775226071, 312, 255, 360, 0, 0, 0.54%, 0, 0, 4, 1402.70
1775226076, 312, 285, 360, 0, 0, 0.54%, 0, 0, 4, 1385.78
1775226082, 313, 7, 360, 0, 0, 0.54%, 0, 0, 4, 1503.14
1775226087, 313, 32, 360, 0, 0, 0.54%, 0, 0, 4, 1512.63
1775226092, 313, 79, 360, 0, 0, 0.54%, 0, 0, 4, 1422.78
1775226097, 313, 141, 360, 0, 0, 0.54%, 0, 0, 4, 1408.96
1775226102, 313, 265, 360, 0, 0, 0.54%, 0, 0, 4, 1467.74
1775226107, 313, 322, 360, 0, 0, 0.54%, 0, 0, 4, 1241.68
1775226112, 314, 31, 360, 0, 0, 0.54%, 0, 0, 4, 1342.07
1775226117, 314, 103, 360, 0, 0, 0.54%, 0, 0, 4, 1477.53
1775226122, 314, 227, 360, 0, 0, 0.54%, 0, 0, 4, 1440.82
1775226127, 314, 265, 360, 0, 0, 0.54%, 0, 0, 4, 1366.28
1775226132, 314, 356, 360, 0, 0, 0.54%, 0, 0, 4, 1159.67
1775226137, 315, 58, 360, 0, 0, 0.54%, 0, 0, 4, 1226.48
1775226142, 315, 101, 360, 0, 0, 0.54%, 0, 0, 4, 1372.25
1775226147, 315, 118, 360, 0, 0, 0.54%, 0, 0, 4, 1387.92
1775226153, 315, 265, 360, 0, 0, 0.54%, 0, 0, 4, 1432.34
1775226158, 315, 309, 360, 0, 0, 0.54%, 0, 0, 4, 1309.61
1775226163, 316, 29, 360, 0, 0, 0.54%, 0, 0, 4, 1413.92
1775226168, 316, 64, 360, 0, 0, 0.54%, 0, 0, 4, 1454.88
1775226173, 316, 135, 360, 0, 0, 0.54%, 0, 0, 4, 1443.05
1775226178, 316, 261, 360, 0, 0, 0.54%, 0, 0, 4, 1415.59
1775226183, 316, 312, 360, 0, 0, 0.54%, 0, 0, 4, 1365.39
1775226188, 317, 58, 360, 0, 0, 0.54%, 0, 0, 4, 1404.54
1775226193, 317, 101, 360, 0, 0, 0.54%, 0, 0, 4, 1408.60
1775226198, 317, 151, 360, 0, 0, 0.54%, 0, 0, 4, 1337.61
1775226203, 317, 214, 360, 0, 0, 0.54%, 0, 0, 4, 1400.53
1775226209, 317, 297, 360, 0, 0, 0.54%, 0, 0, 4, 1423.83
1775226214, 318, 16, 360, 0, 0, 0.54%, 0, 0, 4, 1391.92
1775226219, 318, 58, 360, 0, 0, 0.54%, 0, 0, 4, 1488.23
1775226224, 318, 103, 360, 0, 0, 0.54%, 0, 0, 4, 1426.14
1775226229, 318, 191, 360, 0, 0, 0.54%, 0, 0, 4, 1345.27
1775226234, 318, 274, 360, 0, 0, 0.54%, 0, 0, 4, 1428.69
1775226239, 318, 322, 360, 0, 0, 0.54%, 0, 0, 4, 1319.90
1775226244, 319, 58, 360, 0, 0, 0.54%, 0, 0, 4, 1422.49
1775226249, 319, 108, 360, 0, 0, 0.54%, 0, 0, 4, 1468.38
1775226254, 319, 192, 360, 0, 0, 0.54%, 0, 0, 4, 1386.73
1775226260, 319, 276, 360, 0, 0, 0.54%, 0, 0, 4, 1395.20
1775226265, 319, 322, 360, 0, 0, 0.54%, 0, 0, 4, 1201.68
1775226270, 320, 33, 360, 0, 0, 0.54%, 0, 0, 4, 1433.52
1775226275, 320, 101, 360, 0, 0, 0.54%, 0, 0, 4, 1489.69
1775226280, 320, 167, 360, 0, 0, 0.54%, 0, 0, 4, 1368.04
1775226285, 320, 274, 360, 0, 0, 0.54%, 0, 0, 4, 1406.13
1775226290, 321, 1, 360, 0, 0, 0.54%, 0, 0, 4, 1318.95
1775226295, 321, 58, 360, 0, 0, 0.54%, 0, 0, 4, 1441.44
1775226300, 321, 103, 360, 0, 0, 0.54%, 0, 0, 4, 1447.08
1775226305, 321, 197, 360, 0, 0, 0.54%, 0, 0, 4, 1529.29
1775226310, 321, 261, 360, 0, 0, 0.54%, 0, 0, 4, 1449.95
1775226315, 321, 294, 360, 0, 0, 0.54%, 0, 0, 4, 1426.16
1775226320, 321, 353, 360, 0, 0, 0.54%, 0, 0, 4, 1106.32
1775226326, 322, 29, 360, 0, 0, 0.54%, 0, 0, 4, 1417.71
1775226331, 322, 67, 360, 0, 0, 0.54%, 0, 0, 4, 1490.32
1775226336, 322, 103, 360, 0, 0, 0.54%, 0, 0, 4, 1433.18
1775226341, 322, 202, 360, 0, 0, 0.54%, 0, 0, 4, 1430.95
1775226346, 322, 252, 360, 0, 0, 0.54%, 0, 0, 4, 1353.53
1775226351, 322, 306, 360, 0, 0, 0.54%, 0, 0, 4, 1402.99
1775226356, 323, 29, 360, 0, 0, 0.54%, 0, 0, 4, 1456.16
1775226361, 323, 62, 360, 0, 0, 0.54%, 0, 0, 4, 1477.84
1775226366, 323, 108, 360, 0, 0, 0.54%, 0, 0, 4, 1428.10
1775226371, 323, 261, 360, 0, 0, 0.54%, 0, 0, 4, 1389.69
1775226376, 323, 327, 360, 0, 0, 0.54%, 0, 0, 4, 1295.79
1775226381, 324, 29, 360, 0, 0, 0.54%, 0, 0, 4, 1295.67
1775226386, 324, 101, 360, 0, 0, 0.54%, 0, 0, 4, 1451.23
1775226391, 324, 151, 360, 0, 0, 0.54%, 0, 0, 4, 1401.94
1775226397, 324, 225, 360, 0, 0, 0.54%, 0, 0, 4, 1381.16
1775226402, 324, 275, 360, 0, 0, 0.54%, 0, 0, 4, 1498.10
1775226407, 325, 31, 360, 0, 0, 0.54%, 0, 0, 4, 1493.97
1775226412, 325, 89, 360, 0, 0, 0.54%, 0, 0, 4, 1473.13
1775226417, 325, 108, 360, 0, 0, 0.54%, 0, 0, 4, 1372.75
1775226422, 325, 261, 360, 0, 0, 0.54%, 0, 0, 4, 1374.36
1775226427, 325, 307, 360, 0, 0, 0.54%, 0, 0, 4, 1384.78
1775226432, 326, 14, 360, 0, 0, 0.54%, 0, 0, 4, 1251.30
1775226437, 326, 38, 360, 0, 0, 0.54%, 0, 0, 4, 1354.00
1775226442, 326, 101, 360, 0, 0, 0.54%, 0, 0, 4, 1362.69
1775226447, 326, 258, 360, 0, 0, 0.54%, 0, 0, 4, 1371.61
1775226452, 326, 322, 360, 0, 0, 0.54%, 0, 0, 4, 1382.62
1775226457, 327, 18, 360, 0, 0, 0.54%, 0, 0, 4, 1322.18
1775226462, 327, 64, 360, 0, 0, 0.54%, 0, 0, 4, 1432.30
1775226468, 327, 127, 360, 0, 0, 0.54%, 0, 0, 4, 1339.42
1775226473, 327, 265, 360, 0, 0, 0.54%, 0, 0, 4, 1379.58
1775226478, 327, 348, 360, 0, 0, 0.54%, 0, 0, 4, 1099.85
1775226483, 328, 58, 360, 0, 0, 0.54%, 0, 0, 4, 1435.78
1775226488, 328, 101, 360, 0, 0, 0.54%, 0, 0, 4, 1466.70
1775226493, 328, 261, 360, 0, 0, 0.54%, 0, 0, 4, 1412.15
1775226498, 328, 322, 360, 0, 0, 0.54%, 0, 0, 4, 1420.65
1775226504, 329, 33, 360, 0, 0, 0.54%, 0, 0, 4, 1435.13
1775226509, 329, 82, 360, 0, 0, 0.54%, 0, 0, 4, 1469.87
1775226514, 329, 163, 360, 0, 0, 0.54%, 0, 0, 4, 1513.19
1775226519, 329, 259, 360, 0, 0, 0.54%, 0, 0, 4, 1447.92
1775226524, 329, 290, 360, 0, 0, 0.54%, 0, 0, 4, 1503.90
1775226529, 330, 24, 360, 0, 0, 0.54%, 0, 0, 4, 1366.63
1775226534, 330, 54, 360, 0, 0, 0.54%, 0, 0, 4, 1474.24
1775226539, 330, 108, 360, 0, 0, 0.54%, 0, 0, 4, 1466.55
1775226544, 330, 254, 360, 0, 0, 0.54%, 0, 0, 4, 1523.35
1775226550, 330, 290, 360, 0, 0, 0.54%, 0, 0, 4, 1470.18
1775226555, 330, 330, 360, 0, 0, 0.54%, 0, 0, 4, 1151.98
1775226560, 331, 31, 360, 0, 0, 0.54%, 0, 0, 4, 1467.71
1775226565, 331, 72, 360, 0, 0, 0.54%, 0, 0, 4, 1523.82
1775226570, 331, 112, 360, 0, 0, 0.54%, 0, 0, 4, 1535.59
1775226575, 331, 238, 360, 0, 0, 0.54%, 0, 0, 4, 1502.84
1775226580, 331, 274, 360, 0, 0, 0.54%, 0, 0, 4, 1459.18
1775226585, 331, 319, 360, 0, 0, 0.54%, 0, 0, 4, 1413.35
1775226590, 332, 31, 360, 0, 0, 0.54%, 0, 0, 4, 1434.67
1775226595, 332, 75, 361, 1, 0, 0.54%, 0, 0, 4, 1417.04
1775226600, 332, 116, 361, 1, 0, 0.54%, 0, 0, 4, 1388.43
1775226605, 332, 262, 361, 1, 0, 0.54%, 0, 0, 4, 1416.63
1775226611, 332, 349, 361, 1, 0, 0.54%, 0, 0, 4, 1292.01
1775226616, 333, 33, 361, 1, 0, 0.54%, 0, 0, 4, 1310.39
1775226621, 333, 73, 361, 1, 0, 0.54%, 0, 0, 4, 1465.22
1775226626, 333, 136, 361, 1, 0, 0.54%, 0, 0, 4, 1522.19
1775226631, 333, 222, 361, 1, 0, 0.54%, 0, 0, 4, 1435.41
1775226636, 333, 275, 361, 1, 0, 0.54%, 0, 0, 4, 1437.96
1775226641, 333, 353, 361, 1, 0, 0.54%, 0, 0, 4, 1165.47
1775226647, 334, 9, 361, 0, 0, 0.54%, 0, 0, 4, 1409.57
1775226652, 334, 63, 361, 0, 0, 0.54%, 0, 0, 4, 1471.96
1775226657, 334, 101, 361, 0, 0, 0.54%, 0, 0, 4, 1469.49
1775226662, 334, 164, 361, 0, 0, 0.54%, 0, 0, 4, 1368.48
1775226667, 334, 245, 361, 0, 0, 0.54%, 0, 0, 4, 1393.41
1775226672, 334, 265, 361, 0, 0, 0.54%, 0, 0, 4, 1518.22
1775226677, 334, 308, 361, 0, 0, 0.54%, 0, 0, 4, 1415.53
1775226682, 335, 33, 361, 0, 0, 0.54%, 0, 0, 4, 1480.22
1775226687, 335, 86, 361, 0, 0, 0.54%, 0, 0, 4, 1374.17
1775226692, 335, 131, 361, 0, 0, 0.54%, 0, 0, 4, 1458.60
1775226697, 335, 261, 361, 0, 0, 0.54%, 0, 0, 4, 1424.17
1775226702, 335, 290, 361, 0, 0, 0.54%, 0, 0, 4, 1425.80
1775226707, 335, 332, 361, 0, 0, 0.54%, 0, 0, 4, 1118.53
1775226713, 336, 13, 361, 0, 0, 0.54%, 0, 0, 4, 1218.97
1775226718, 336, 48, 361, 0, 0, 0.54%, 0, 0, 4, 1348.73
1775226723, 336, 89, 361, 0, 0, 0.54%, 0, 0, 4, 1470.42
1775226728, 336, 136, 361, 0, 0, 0.54%, 0, 0, 4, 1404.63
1775226733, 336, 212, 361, 0, 0, 0.54%, 0, 0, 4, 1339.79
1775226738, 336, 265, 361, 0, 0, 0.54%, 0, 0, 4, 1338.02
1775226743, 336, 357, 361, 0, 0, 0.54%, 0, 0, 4, 1197.84
1775226748, 337, 31, 361, 0, 0, 0.54%, 0, 0, 4, 1402.28
1775226753, 337, 89, 361, 0, 0, 0.54%, 0, 0, 4, 1449.56
1775226758, 337, 241, 361, 0, 0, 0.54%, 0, 0, 4, 1435.15
1775226763, 337, 276, 361, 0, 0, 0.54%, 0, 0, 4, 1479.48
1775226768, 337, 310, 361, 0, 0, 0.54%, 0, 0, 4, 1279.28
1775226773, 338, 33, 361, 0, 0, 0.54%, 0, 0, 4, 1414.61
1775226779, 338, 68, 361, 0, 0, 0.54%, 0, 0, 4, 1425.29
1775226784, 338, 89, 361, 0, 0, 0.54%, 0, 0, 4, 1406.89
1775226789, 338, 156, 361, 0, 0, 0.54%, 0, 0, 4, 1420.50
1775226794, 338, 274, 361, 0, 0, 0.54%, 0, 0, 4, 1514.89
1775226799, 338, 359, 361, 0, 0, 0.54%, 0, 0, 4, 1322.75
1775226804, 339, 31, 361, 0, 0, 0.54%, 0, 0, 4, 1392.10
1775226809, 339, 59, 361, 0, 0, 0.54%, 0, 0, 4, 1482.18
1775226814, 339, 108, 361, 0, 0, 0.54%, 0, 0, 4, 1475.29
1775226819, 339, 220, 361, 0, 0, 0.54%, 0, 0, 4, 1467.04
1775226824, 339, 284, 361, 0, 0, 0.54%, 0, 0, 4, 1492.76
1775226830, 340, 9, 361, 0, 0, 0.54%, 0, 0, 4, 1259.03
1775226835, 340, 57, 361, 0, 0, 0.54%, 0, 0, 4, 1334.76
1775226840, 340, 101, 361, 0, 0, 0.54%, 0, 0, 4, 1379.76
1775226845, 340, 146, 361, 0, 0, 0.54%, 0, 0, 4, 1423.05
1775226850, 340, 268, 361, 0, 0, 0.54%, 0, 0, 4, 1465.70
1775226855, 340, 340, 361, 0, 0, 0.54%, 0, 0, 4, 1212.36
1775226860, 341, 29, 361, 0, 0, 0.54%, 0, 0, 4, 1459.95
1775226865, 341, 63, 361, 0, 0, 0.54%, 0, 0, 4, 1470.32
1775226870, 341, 108, 361, 0, 0, 0.54%, 0, 0, 4, 1527.81
1775226875, 341, 252, 361, 0, 0, 0.54%, 0, 0, 4, 1372.65
1775226880, 341, 298, 361, 0, 0, 0.54%, 0, 0, 4, 1432.80
1775226885, 342, 15, 361, 0, 0, 0.54%, 0, 0, 4, 1428.07
1775226890, 342, 58, 361, 0, 0, 0.54%, 0, 0, 4, 1483.62
1775226896, 342, 108, 361, 0, 0, 0.54%, 0, 0, 4, 1522.19
1775226901, 342, 208, 361, 0, 0, 0.54%, 0, 0, 4, 1455.08
1775226906, 342, 276, 361, 0, 0, 0.54%, 0, 0, 4, 1441.48
1775226911, 343, 9, 361, 0, 0, 0.54%, 0, 0, 4, 1413.73
1775226916, 343, 33, 361, 0, 0, 0.54%, 0, 0, 4, 1347.91
1775226921, 343, 101, 361, 0, 0, 0.54%, 0, 0, 4, 1402.59
1775226926, 343, 243, 361, 0, 0, 0.54%, 0, 0, 4, 1407.81
1775226931, 343, 261, 361, 0, 0, 0.54%, 0, 0, 4, 1405.09
1775226936, 344, 2, 361, 0, 0, 0.54%, 0, 0, 4, 1447.68
1775226941, 344, 31, 361, 0, 0, 0.54%, 0, 0, 4, 1384.07
1775226946, 344, 89, 361, 0, 0, 0.54%, 0, 0, 4, 1406.32
1775226951, 344, 140, 361, 0, 0, 0.54%, 0, 0, 4, 1435.16
1775226957, 344, 265, 361, 0, 0, 0.54%, 0, 0, 4, 1382.89
1775226962, 344, 347, 361, 0, 0, 0.54%, 0, 0, 4, 1091.73
1775226967, 345, 31, 361, 0, 0, 0.54%, 0, 0, 4, 1406.07
1775226972, 345, 89, 361, 0, 0, 0.54%, 0, 0, 4, 1495.71
1775226977, 345, 118, 361, 0, 0, 0.54%, 0, 0, 4, 1440.04
1775226982, 345, 251, 361, 0, 0, 0.54%, 0, 0, 4, 1370.95
1775226987, 345, 312, 361, 0, 0, 0.54%, 0, 0, 4, 1349.41
1775226992, 345, 351, 361, 0, 0, 0.54%, 0, 0, 4, 1018.13
1775226997, 346, 20, 361, 0, 0, 0.54%, 0, 0, 4, 1400.69
1775227002, 346, 63, 361, 0, 0, 0.54%, 0, 0, 4, 1429.26
1775227007, 346, 107, 361, 0, 0, 0.54%, 0, 0, 4, 1411.07
1775227012, 346, 156, 361, 0, 0, 0.54%, 0, 0, 4, 1388.11
1775227018, 346, 274, 361, 0, 0, 0.54%, 0, 0, 4, 1381.78
1775227023, 346, 342, 361, 0, 0, 0.54%, 0, 0, 4, 1205.52
1775227028, 347, 31, 361, 0, 0, 0.54%, 0, 0, 4, 1314.05
1775227033, 347, 63, 361, 0, 0, 0.54%, 0, 0, 4, 1332.10
1775227038, 347, 108, 361, 0, 0, 0.54%, 0, 0, 4, 1356.34
1775227043, 347, 265, 361, 0, 0, 0.54%, 0, 0, 4, 1421.68
1775227048, 347, 315, 361, 0, 0, 0.54%, 0, 0, 4, 1319.83
1775227053, 348, 9, 361, 0, 0, 0.54%, 0, 0, 4, 1144.09
1775227058, 348, 58, 361, 0, 0, 0.54%, 0, 0, 4, 1314.50
1775227063, 348, 109, 361, 0, 0, 0.54%, 0, 0, 4, 1490.76
1775227069, 348, 274, 361, 0, 0, 0.54%, 0, 0, 4, 1491.14
1775227074, 348, 325, 361, 0, 0, 0.54%, 0, 0, 4, 1270.30
1775227079, 349, 19, 361, 0, 0, 0.54%, 0, 0, 4, 1375.95
1775227084, 349, 57, 361, 0, 0, 0.54%, 0, 0, 4, 1464.80
1775227089, 349, 100, 361, 0, 0, 0.54%, 0, 0, 4, 1432.61
1775227094, 349, 182, 361, 0, 0, 0.54%, 0, 0, 4, 1376.13
1775227099, 349, 275, 361, 0, 0, 0.54%, 0, 0, 4, 1499.07
1775227104, 349, 351, 361, 0, 0, 0.54%, 0, 0, 4, 1120.70
1775227109, 350, 29, 361, 0, 0, 0.54%, 0, 0, 4, 1361.37
1775227114, 350, 64, 361, 0, 0, 0.54%, 0, 0, 4, 1380.72
1775227119, 350, 111, 361, 0, 0, 0.54%, 0, 0, 4, 1396.78
1775227124, 350, 261, 361, 0, 0, 0.54%, 0, 0, 4, 1318.20
1775227130, 351, 9, 361, 0, 0, 0.54%, 0, 0, 4, 1297.73
1775227135, 351, 64, 361, 0, 0, 0.54%, 0, 0, 4, 1411.71
1775227140, 351, 162, 361, 0, 0, 0.54%, 0, 0, 4, 1378.45
1775227145, 351, 275, 361, 0, 0, 0.54%, 0, 0, 4, 1503.17
1775227150, 351, 346, 361, 0, 0, 0.54%, 0, 0, 4, 1135.32
1775227155, 352, 33, 361, 0, 0, 0.54%, 0, 0, 4, 1262.76
1775227160, 352, 95, 361, 0, 0, 0.54%, 0, 0, 4, 1534.36
1775227165, 352, 189, 361, 0, 0, 0.54%, 0, 0, 4, 1511.78
1775227170, 352, 261, 361, 0, 0, 0.54%, 0, 0, 4, 1411.59
1775227175, 352, 283, 361, 0, 0, 0.54%, 0, 0, 4, 1320.41
1775227180, 352, 326, 361, 0, 0, 0.54%, 0, 0, 4, 1238.02
1775227186, 353, 31, 361, 0, 0, 0.54%, 0, 0, 4, 1458.16
1775227191, 353, 95, 361, 0, 0, 0.54%, 0, 0, 4, 1418.06
1775227196, 353, 139, 361, 0, 0, 0.54%, 0, 0, 4, 1386.80
1775227201, 353, 268, 361, 0, 0, 0.54%, 0, 0, 4, 1444.92
1775227206, 353, 337, 361, 0, 0, 0.54%, 0, 0, 4, 1312.06
1775227211, 354, 13, 361, 0, 0, 0.54%, 0, 0, 4, 1336.89
1775227216, 354, 57, 361, 0, 0, 0.54%, 0, 0, 4, 1400.43
1775227221, 354, 92, 361, 0, 0, 0.54%, 0, 0, 4, 1389.14
1775227226, 354, 138, 361, 0, 0, 0.54%, 0, 0, 4, 1343.20
1775227232, 354, 223, 361, 0, 0, 0.54%, 0, 0, 4, 1451.29
1775227237, 354, 276, 361, 0, 0, 0.54%, 0, 0, 4, 1420.06
1775227242, 355, 31, 361, 0, 0, 0.54%, 0, 0, 4, 1368.20
1775227247, 355, 77, 361, 0, 0, 0.54%, 0, 0, 4, 1383.67
1775227252, 355, 142, 361, 0, 0, 0.54%, 0, 0, 4, 1376.96
1775227257, 355, 274, 361, 0, 0, 0.54%, 0, 0, 4, 1416.75
1775227262, 356, 17, 361, 0, 0, 0.54%, 0, 0, 4, 1399.34
1775227267, 356, 45, 361, 0, 0, 0.54%, 0, 0, 4, 1377.33
1775227272, 356, 103, 361, 0, 0, 0.54%, 0, 0, 4, 1433.43
1775227277, 356, 239, 361, 0, 0, 0.54%, 0, 0, 4, 1440.54
1775227282, 357, 1, 361, 0, 0, 0.54%, 0, 0, 4, 1377.77
1775227287, 357, 29, 361, 0, 0, 0.54%, 1, 0, 4, 1265.41
1775227293, 357, 63, 361, 0, 0, 0.54%, 1, 0, 4, 1343.90
1775227298, 357, 108, 361, 0, 0, 0.54%, 1, 0, 4, 1367.47
1775227303, 357, 244, 361, 0, 0, 0.54%, 1, 0, 4, 1345.36
1775227308, 357, 309, 361, 0, 0, 0.54%, 1, 0, 4, 1334.46
1775227313, 358, 31, 361, 0, 0, 0.54%, 1, 0, 4, 1054.57
1775227318, 358, 89, 361, 0, 0, 0.54%, 1, 0, 4, 1299.09
1775227323, 358, 171, 361, 0, 0, 0.54%, 1, 0, 4, 1384.63
1775227328, 358, 274, 361, 0, 0, 0.54%, 1, 0, 4, 1457.54
1775227333, 359, 15, 361, 0, 0, 0.54%, 1, 0, 4, 1342.56
1775227339, 359, 63, 361, 0, 0, 0.54%, 1, 0, 4, 1425.45
1775227344, 359, 103, 361, 0, 0, 0.54%, 1, 0, 4, 1411.10
1775227349, 359, 146, 361, 0, 0, 0.54%, 1, 0, 4, 1434.74
1775227354, 359, 261, 361, 0, 0, 0.54%, 1, 0, 4, 1381.74
1775227359, 359, 302, 361, 0, 0, 0.54%, 1, 0, 4, 1343.94
1775227364, 360, 31, 361, 0, 0, 0.54%, 1, 0, 4, 1413.55
1775227369, 360, 69, 361, 0, 0, 0.54%, 1, 0, 4, 1490.47
1775227374, 360, 146, 361, 0, 0, 0.54%, 1, 0, 4, 1380.81
1775227379, 360, 261, 361, 0, 0, 0.54%, 1, 0, 4, 1449.78
1775227384, 361, 9, 361, 0, 0, 0.54%, 1, 0, 4, 1402.76
1775227390, 361, 49, 361, 0, 0, 0.54%, 1, 0, 4, 1294.13
1775227395, 361, 103, 361, 0, 0, 0.54%, 1, 0, 4, 1483.08
1775227400, 361, 201, 361, 0, 0, 0.54%, 1, 0, 4, 1525.45
1775227405, 361, 290, 361, 0, 0, 0.54%, 1, 0, 4, 1442.77
1775227410, 362, 29, 361, 0, 0, 0.54%, 1, 0, 4, 1364.20
1775227415, 362, 75, 361, 0, 0, 0.54%, 1, 0, 4, 1467.29
1775227420, 362, 108, 361, 0, 0, 0.54%, 1, 0, 4, 1437.89
1775227425, 362, 261, 361, 0, 0, 0.54%, 1, 0, 4, 1459.01
1775227430, 362, 298, 361, 0, 0, 0.54%, 1, 0, 4, 1496.14
1775227435, 363, 9, 361, 0, 0, 0.54%, 1, 0, 4, 1316.80
1775227441, 363, 33, 361, 0, 0, 0.54%, 1, 0, 4, 1390.06
1775227446, 363, 103, 361, 0, 0, 0.54%, 1, 0, 4, 1325.72
1775227451, 363, 213, 361, 0, 0, 0.54%, 1, 0, 4, 1362.76
1775227456, 363, 275, 361, 0, 0, 0.54%, 1, 0, 4, 1531.05
1775227461, 364, 31, 361, 0, 0, 0.54%, 1, 0, 4, 1439.08
1775227466, 364, 64, 361, 0, 0, 0.54%, 1, 0, 4, 1423.55
1775227471, 364, 106, 361, 0, 0, 0.54%, 1, 0, 4, 1416.92
1775227476, 364, 180, 361, 0, 0, 0.54%, 1, 0, 4, 1434.27
1775227481, 364, 265, 361, 0, 0, 0.54%, 1, 0, 4, 1512.18
1775227486, 365, 9, 361, 0, 0, 0.54%, 1, 0, 4, 1290.20
1775227491, 365, 58, 361, 0, 0, 0.54%, 1, 0, 4, 1436.79
1775227497, 365, 94, 361, 0, 0, 0.54%, 1, 0, 4, 1365.39
1775227502, 365, 121, 361, 0, 0, 0.54%, 1, 0, 4, 1433.81
1775227507, 365, 275, 361, 0, 0, 0.54%, 1, 0, 4, 1483.52
1775227512, 366, 9, 361, 0, 0, 0.54%, 1, 0, 4, 1250.36
1775227517, 366, 58, 361, 0, 0, 0.54%, 1, 0, 4, 1415.64
1775227522, 366, 107, 361, 0, 0, 0.54%, 1, 0, 4, 1393.77
1775227527, 366, 179, 361, 0, 0, 0.54%, 1, 0, 4, 1415.93
1775227532, 366, 275, 361, 0, 0, 0.54%, 1, 0, 4, 1474.20
1775227537, 367, 9, 361, 0, 0, 0.54%, 1, 0, 4, 1378.55
1775227542, 367, 58, 361, 0, 0, 0.54%, 1, 0, 4, 1490.93
1775227548, 367, 103, 361, 0, 0, 0.54%, 1, 0, 4, 1692.68
1775227553, 367, 152, 361, 0, 0, 0.54%, 1, 0, 4, 1371.91
1775227558, 367, 226, 361, 0, 0, 0.54%, 1, 0, 4, 1336.00
1775227563, 367, 274, 361, 0, 0, 0.54%, 1, 0, 4, 1418.99
1775227568, 367, 356, 361, 0, 0, 0.54%, 1, 0, 4, 1072.72
1775227573, 368, 63, 361, 0, 0, 0.54%, 1, 0, 4, 1455.90
1775227578, 368, 101, 361, 0, 0, 0.54%, 1, 0, 4, 1443.86
1775227583, 368, 172, 361, 0, 0, 0.54%, 1, 0, 4, 1569.41
1775227588, 368, 272, 361, 0, 0, 0.54%, 1, 0, 4, 1507.59
1775227593, 368, 329, 361, 0, 0, 0.54%, 1, 0, 4, 1361.24
1775227598, 369, 9, 361, 0, 0, 0.54%, 1, 0, 4, 1184.66
1775227604, 369, 89, 361, 0, 0, 0.54%, 1, 0, 4, 1395.45
1775227609, 369, 108, 361, 0, 0, 0.54%, 1, 0, 4, 1435.01
1775227614, 369, 186, 361, 0, 0, 0.54%, 1, 0, 4, 1334.71
1775227619, 369, 274, 361, 0, 0, 0.54%, 1, 0, 4, 1410.00
1775227624, 369, 352, 361, 0, 0, 0.54%, 1, 0, 4, 1418.72
1775227629, 370, 31, 361, 0, 0, 0.54%, 1, 0, 4, 1436.79
1775227634, 370, 101, 361, 0, 0, 0.54%, 1, 0, 4, 1506.91
1775227639, 370, 195, 361, 0, 0, 0.54%, 1, 0, 4, 1498.06
1775227644, 370, 274, 361, 0, 0, 0.54%, 1, 0, 4, 1448.14
1775227650, 370, 322, 361, 0, 0, 0.54%, 1, 0, 4, 1358.35
1775227655, 370, 360, 361, 0, 0, 0.54%, 1, 0, 4, 1179.44
1775227660, 371, 31, 361, 0, 0, 0.54%, 1, 0, 4, 1455.61
1775227665, 371, 65, 361, 0, 0, 0.54%, 1, 0, 4, 1426.60
1775227670, 371, 108, 361, 0, 0, 0.54%, 1, 0, 4, 1399.14
1775227675, 371, 275, 361, 0, 0, 0.54%, 1, 0, 4, 1381.72
1775227680, 371, 350, 361, 0, 0, 0.54%, 1, 0, 4, 934.87
1775227685, 372, 9, 361, 0, 0, 0.54%, 1, 0, 4, 1249.50
1775227690, 372, 53, 361, 0, 0, 0.54%, 1, 0, 4, 1482.59
1775227695, 372, 101, 361, 0, 0, 0.54%, 1, 0, 4, 1421.50
1775227700, 372, 142, 361, 0, 0, 0.54%, 1, 0, 4, 1313.88
1775227705, 372, 265, 361, 0, 0, 0.54%, 1, 0, 4, 1360.23
1775227711, 372, 345, 361, 0, 0, 0.54%, 1, 0, 4, 1128.25
1775227716, 373, 31, 361, 0, 0, 0.54%, 1, 0, 4, 1295.53
1775227721, 373, 64, 361, 0, 0, 0.54%, 1, 0, 4, 1425.44
1775227726, 373, 148, 361, 0, 0, 0.54%, 1, 0, 4, 1409.54
1775227731, 373, 267, 361, 0, 0, 0.54%, 1, 0, 4, 1446.06
1775227736, 373, 307, 361, 0, 0, 0.54%, 1, 0, 4, 1299.58
1775227741, 373, 352, 361, 0, 0, 0.54%, 1, 0, 4, 1389.38
1775227746, 374, 31, 361, 0, 0, 0.54%, 1, 0, 4, 1483.78
1775227751, 374, 85, 361, 0, 0, 0.54%, 1, 0, 4, 1428.54
1775227757, 374, 136, 361, 0, 0, 0.54%, 1, 0, 4, 1380.13
1775227762, 374, 216, 361, 0, 0, 0.54%, 1, 0, 4, 1451.19
1775227767, 374, 275, 361, 0, 0, 0.54%, 1, 0, 4, 1504.41
1775227772, 374, 358, 361, 0, 0, 0.54%, 1, 0, 4, 1325.58
1775227777, 375, 31, 361, 0, 0, 0.54%, 1, 0, 4, 1299.22
1775227782, 375, 89, 361, 0, 0, 0.54%, 1, 0, 4, 1370.60
1775227787, 375, 154, 361, 0, 0, 0.54%, 1, 0, 4, 1470.32
1775227792, 375, 274, 361, 0, 0, 0.54%, 1, 0, 4, 1524.91
1775227798, 375, 326, 361, 0, 0, 0.54%, 1, 0, 4, 1274.57
1775227803, 376, 16, 361, 0, 0, 0.54%, 1, 0, 4, 1357.86
1775227808, 376, 63, 361, 0, 0, 0.54%, 1, 0, 4, 1468.10
1775227813, 376, 144, 361, 0, 0, 0.54%, 1, 0, 4, 1455.10
1775227818, 376, 247, 361, 0, 0, 0.54%, 1, 0, 4, 1435.56
1775227823, 376, 267, 361, 0, 0, 0.54%, 1, 0, 4, 1505.91
1775227828, 376, 359, 361, 0, 0, 0.54%, 1, 0, 4, 1213.29
1775227833, 377, 28, 361, 0, 0, 0.54%, 1, 0, 4, 1325.10
1775227838, 377, 64, 361, 0, 0, 0.54%, 1, 0, 4, 1493.91
1775227843, 377, 101, 361, 0, 0, 0.54%, 1, 0, 4, 1455.63
1775227848, 377, 156, 361, 0, 0, 0.54%, 1, 0, 4, 1408.69
1775227853, 377, 275, 361, 0, 0, 0.54%, 1, 0, 4, 1510.82
1775227858, 377, 335, 361, 0, 0, 0.54%, 1, 0, 4, 1178.77
1775227864, 378, 52, 361, 0, 0, 0.54%, 1, 0, 4, 1360.48
1775227869, 378, 103, 361, 0, 0, 0.54%, 1, 0, 4, 1490.00
1775227874, 378, 199, 361, 0, 0, 0.54%, 1, 0, 4, 1415.49
1775227879, 378, 275, 361, 0, 0, 0.54%, 1, 0, 4, 1447.53
1775227884, 379, 19, 361, 0, 0, 0.54%, 1, 0, 4, 1484.47
1775227889, 379, 63, 361, 0, 0, 0.54%, 1, 0, 4, 1461.73
1775227894, 379, 108, 361, 0, 0, 0.54%, 1, 0, 4, 1495.92
1775227899, 379, 179, 361, 0, 0, 0.54%, 1, 0, 4, 1436.12
1775227904, 379, 264, 361, 0, 0, 0.54%, 1, 0, 4, 1440.58
1775227909, 379, 283, 361, 0, 0, 0.54%, 1, 0, 4, 1403.93
1775227915, 380, 29, 361, 0, 0, 0.54%, 1, 0, 4, 1282.29
1775227920, 380, 63, 361, 0, 0, 0.54%, 1, 0, 4, 1460.69
1775227925, 380, 131, 361, 0, 0, 0.54%, 1, 0, 4, 1468.21
1775227930, 380, 248, 361, 0, 0, 0.54%, 1, 0, 4, 1412.20
1775227935, 380, 275, 361, 0, 0, 0.54%, 1, 0, 4, 1367.96
1775227940, 380, 352, 361, 0, 0, 0.54%, 1, 0, 4, 1307.37
1775227945, 381, 31, 361, 0, 0, 0.54%, 1, 0, 4, 1325.91
1775227950, 381, 89, 361, 0, 0, 0.54%, 1, 0, 4, 1465.50
1775227955, 381, 145, 361, 0, 0, 0.54%, 1, 0, 4, 1303.94
1775227960, 381, 261, 361, 0, 0, 0.54%, 1, 0, 4, 1329.05
1775227965, 381, 307, 361, 0, 0, 0.54%, 1, 0, 4, 1209.98
1775227971, 382, 29, 361, 0, 0, 0.54%, 1, 0, 4, 1278.57
1775227976, 382, 68, 361, 0, 0, 0.54%, 1, 0, 4, 1418.97
1775227981, 382, 164, 361, 0, 0, 0.54%, 1, 0, 4, 1393.88
1775227986, 382, 261, 361, 0, 0, 0.54%, 1, 0, 4, 1383.54
1775227991, 382, 322, 361, 0, 0, 0.54%, 1, 0, 4, 1286.67
1775227996, 383, 9, 361, 0, 0, 0.54%, 1, 0, 4, 1317.60
1775228001, 383, 58, 361, 0, 0, 0.54%, 1, 0, 4, 1447.33
1775228006, 383, 103, 361, 0, 0, 0.54%, 1, 0, 4, 1464.50
1775228011, 383, 154, 361, 0, 0, 0.54%, 1, 0, 4, 1459.84
1775228016, 383, 229, 361, 0, 0, 0.54%, 1, 0, 4, 1344.48
1775228021, 383, 265, 361, 0, 0, 0.54%, 1, 0, 4, 1479.21
1775228026, 383, 338, 361, 0, 0, 0.54%, 1, 0, 4, 1239.25
1775228031, 384, 33, 361, 0, 0, 0.54%, 1, 0, 4, 1314.01
1775228036, 384, 101, 361, 0, 0, 0.54%, 1, 0, 4, 1398.81
1775228042, 384, 160, 362, 1, 0, 0.54%, 1, 0, 4, 1472.95
1775228047, 384, 261, 362, 1, 0, 0.54%, 1, 0, 4, 1459.63
1775228052, 384, 287, 362, 1, 0, 0.54%, 1, 0, 4, 1399.51
1775228057, 385, 20, 362, 1, 0, 0.54%, 1, 0, 4, 1312.53
1775228062, 385, 42, 362, 1, 0, 0.54%, 1, 0, 4, 1391.55
1775228067, 385, 89, 362, 1, 0, 0.54%, 1, 0, 4, 1474.75
1775228072, 385, 121, 362, 1, 0, 0.54%, 1, 0, 4, 1446.21
1775228077, 385, 261, 362, 1, 0, 0.54%, 1, 0, 4, 1437.52
1775228082, 385, 296, 362, 1, 0, 0.54%, 1, 0, 4, 1368.55
1775228087, 386, 29, 362, 1, 0, 0.54%, 1, 0, 4, 1280.11
1775228092, 386, 68, 362, 1, 0, 0.54%, 1, 0, 4, 1390.28
1775228097, 386, 103, 362, 1, 0, 0.54%, 1, 0, 4, 1344.95
1775228102, 386, 193, 362, 1, 0, 0.54%, 1, 0, 4, 1457.57
1775228107, 386, 274, 362, 1, 0, 0.54%, 1, 0, 4, 1432.62
1775228112, 386, 346, 362, 1, 0, 0.54%, 1, 0, 4, 1237.52
1775228117, 386, 361, 362, 1, 0, 0.54%, 1, 0, 4, 62.31
1775228133, 387, 29, 362, 0, 0, 0.54%, 1, 0, 4, 1274.39
1775228138, 387, 63, 362, 0, 0, 0.54%, 1, 0, 4, 1474.21
1775228143, 387, 103, 362, 0, 0, 0.54%, 1, 0, 4, 1382.54
1775228148, 387, 250, 362, 0, 0, 0.54%, 1, 0, 4, 1357.10
1775228153, 387, 275, 362, 0, 0, 0.54%, 1, 0, 4, 1431.59
1775228158, 388, 3, 362, 0, 0, 0.54%, 1, 0, 4, 1219.09
1775228163, 388, 31, 362, 0, 0, 0.54%, 1, 0, 4, 1340.97
1775228168, 388, 101, 362, 0, 0, 0.54%, 1, 0, 4, 1482.82
1775228173, 388, 132, 362, 0, 0, 0.54%, 1, 0, 4, 1384.67
1775228178, 388, 208, 362, 0, 0, 0.54%, 1, 0, 4, 1398.77
1775228184, 388, 276, 362, 0, 0, 0.54%, 1, 0, 4, 1413.55
1775228189, 389, 31, 362, 0, 0, 0.54%, 1, 0, 4, 1474.29
1775228194, 389, 88, 362, 0, 0, 0.54%, 1, 0, 4, 1430.57
1775228199, 389, 117, 362, 0, 0, 0.54%, 1, 0, 4, 1429.96
1775228204, 389, 250, 362, 0, 0, 0.54%, 1, 0, 4, 1408.14
1775228209, 389, 276, 362, 0, 0, 0.54%, 1, 0, 4, 1415.46
1775228214, 390, 9, 362, 0, 0, 0.54%, 1, 0, 4, 1401.80
1775228219, 390, 61, 362, 0, 0, 0.54%, 1, 0, 4, 1466.95
1775228224, 390, 96, 362, 0, 0, 0.54%, 1, 0, 4, 1395.90
1775228230, 390, 188, 362, 0, 0, 0.54%, 1, 0, 4, 1392.07
1775228235, 390, 265, 362, 0, 0, 0.54%, 1, 0, 4, 1400.51
1775228240, 391, 5, 362, 0, 0, 0.54%, 1, 0, 4, 1384.37
1775228245, 391, 33, 362, 0, 0, 0.54%, 1, 0, 4, 1391.71
1775228250, 391, 82, 362, 0, 0, 0.54%, 1, 0, 4, 1375.21
1775228255, 391, 135, 362, 0, 0, 0.54%, 1, 0, 4, 1408.39
1775228260, 391, 229, 362, 0, 0, 0.54%, 1, 0, 4, 1396.32
1775228265, 391, 261, 362, 0, 0, 0.54%, 1, 0, 4, 1379.97
1775228270, 391, 297, 362, 0, 0, 0.54%, 1, 0, 4, 1342.61
1775228275, 391, 352, 362, 0, 0, 0.54%, 1, 0, 4, 1354.64
1775228280, 392, 58, 362, 0, 0, 0.54%, 1, 0, 4, 1495.31
1775228285, 392, 89, 362, 0, 0, 0.54%, 1, 0, 4, 1401.71
1775228291, 392, 176, 362, 0, 0, 0.54%, 1, 0, 4, 1397.55
1775228296, 392, 248, 362, 0, 0, 0.54%, 1, 0, 4, 1484.70
1775228301, 392, 290, 362, 0, 0, 0.54%, 1, 0, 4, 1364.94
1775228306, 393, 9, 362, 0, 0, 0.54%, 1, 0, 4, 1058.79
1775228311, 393, 39, 362, 0, 0, 0.54%, 1, 0, 4, 1362.45
1775228316, 393, 101, 362, 0, 0, 0.54%, 1, 0, 4, 1513.21
1775228321, 393, 261, 362, 0, 0, 0.54%, 1, 0, 4, 1403.83
1775228326, 393, 281, 362, 0, 0, 0.54%, 1, 0, 4, 1387.31
1775228331, 394, 29, 362, 0, 0, 0.54%, 1, 0, 4, 1316.22
1775228337, 394, 64, 362, 0, 0, 0.54%, 1, 0, 4, 1437.96
1775228342, 394, 198, 362, 0, 0, 0.54%, 1, 0, 4, 1358.19
1775228347, 394, 274, 362, 0, 0, 0.54%, 1, 0, 4, 1473.32
1775228352, 395, 29, 362, 0, 0, 0.54%, 1, 0, 4, 1431.43
1775228357, 395, 44, 362, 0, 0, 0.54%, 1, 0, 4, 1475.68
1775228362, 395, 89, 362, 0, 0, 0.54%, 1, 0, 4, 1457.98
1775228367, 395, 171, 362, 0, 0, 0.54%, 1, 0, 4, 1505.52
1775228372, 395, 265, 362, 0, 0, 0.54%, 1, 0, 4, 1519.28
1775228377, 396, 1, 362, 0, 0, 0.54%, 1, 0, 4, 1300.41
1775228382, 396, 32, 362, 0, 0, 0.54%, 1, 0, 4, 1383.82
1775228387, 396, 101, 362, 0, 0, 0.54%, 1, 0, 4, 1392.35
1775228392, 396, 175, 362, 0, 0, 0.54%, 1, 0, 4, 1403.41
1775228398, 396, 274, 362, 0, 0, 0.54%, 1, 0, 4, 1453.29
1775228403, 396, 322, 362, 0, 0, 0.54%, 1, 0, 4, 1398.24
1775228408, 397, 33, 362, 0, 0, 0.54%, 1, 0, 4, 1464.31
1775228413, 397, 89, 362, 0, 0, 0.54%, 1, 0, 4, 1447.97
1775228418, 397, 108, 362, 0, 0, 0.54%, 1, 0, 4, 1460.80
1775228423, 397, 183, 362, 0, 0, 0.54%, 1, 0, 4, 1414.30
1775228428, 397, 274, 362, 0, 0, 0.54%, 1, 0, 4, 1374.95
1775228433, 397, 332, 362, 0, 0, 0.54%, 1, 0, 4, 1139.42
1775228438, 398, 21, 362, 0, 0, 0.54%, 1, 0, 4, 1296.59
1775228443, 398, 64, 362, 0, 0, 0.54%, 1, 0, 4, 1363.86
1775228448, 398, 108, 362, 0, 0, 0.54%, 1, 0, 4, 1401.00
1775228453, 398, 151, 362, 0, 0, 0.54%, 1, 0, 4, 1406.82
1775228459, 398, 207, 362, 0, 0, 0.54%, 1, 0, 4, 1248.69
1775228464, 398, 310, 362, 0, 0, 0.54%, 1, 0, 4, 1353.27
1775228469, 399, 9, 362, 0, 0, 0.54%, 1, 0, 4, 1184.64
1775228474, 399, 59, 362, 0, 0, 0.54%, 1, 0, 4, 1438.76
1775228479, 399, 108, 362, 0, 0, 0.54%, 1, 0, 4, 1324.98
1775228484, 399, 257, 362, 0, 0, 0.54%, 1, 0, 4, 1429.63
1775228489, 399, 275, 362, 0, 0, 0.54%, 1, 0, 4, 1372.82
1775228494, 399, 342, 362, 0, 0, 0.54%, 1, 0, 4, 1121.98
1775228499, 400, 39, 362, 0, 0, 0.54%, 1, 0, 4, 1317.46
1775228504, 400, 77, 362, 0, 0, 0.54%, 1, 0, 4, 1387.09
1775228509, 400, 128, 362, 0, 0, 0.54%, 1, 0, 4, 1330.99
1775228515, 400, 274, 362, 0, 0, 0.54%, 1, 0, 4, 1469.06
1775228520, 401, 4, 362, 0, 0, 0.54%, 1, 0, 4, 1273.23
1775228525, 401, 31, 362, 0, 0, 0.54%, 1, 0, 4, 1468.93
1775228530, 401, 101, 362, 0, 0, 0.54%, 1, 0, 4, 1432.07
1775228535, 401, 197, 362, 0, 0, 0.54%, 1, 0, 4, 1366.60
1775228540, 401, 275, 362, 0, 0, 0.54%, 1, 0, 4, 1476.67
1775228545, 402, 9, 362, 0, 0, 0.54%, 1, 0, 4, 1379.82
1775228550, 402, 63, 362, 0, 0, 0.54%, 1, 0, 4, 1455.11
1775228555, 402, 103, 362, 0, 0, 0.54%, 1, 0, 4, 1364.30
1775228561, 402, 231, 362, 0, 0, 0.54%, 1, 0, 4, 1403.30
1775228566, 402, 276, 362, 0, 0, 0.54%, 1, 0, 4, 1436.64
1775228571, 403, 9, 362, 0, 0, 0.54%, 1, 0, 4, 1404.08
1775228576, 403, 54, 362, 0, 0, 0.54%, 1, 0, 4, 1443.85
1775228581, 403, 101, 362, 0, 0, 0.54%, 1, 0, 4, 1414.07
1775228586, 403, 148, 362, 0, 0, 0.54%, 1, 0, 4, 1386.19
1775228591, 403, 275, 362, 0, 0, 0.54%, 1, 0, 4, 1468.22
1775228596, 404, 9, 362, 0, 0, 0.54%, 1, 0, 4, 1244.72
1775228601, 404, 60, 362, 0, 0, 0.54%, 1, 0, 4, 1378.94
1775228607, 404, 158, 362, 0, 0, 0.54%, 1, 0, 4, 1425.64
1775228612, 404, 261, 362, 0, 0, 0.54%, 1, 0, 4, 1389.96
1775228617, 404, 282, 362, 0, 0, 0.54%, 1, 0, 4, 1376.93
1775228622, 405, 29, 362, 0, 0, 0.54%, 1, 0, 4, 1245.93
1775228627, 405, 87, 362, 0, 0, 0.54%, 1, 0, 4, 1386.86
1775228632, 405, 108, 362, 0, 0, 0.54%, 1, 0, 4, 1461.85
1775228637, 405, 265, 362, 0, 0, 0.54%, 1, 0, 4, 1507.70
1775228642, 405, 300, 362, 0, 0, 0.54%, 1, 0, 4, 1395.28
1775228647, 406, 56, 362, 0, 0, 0.54%, 1, 0, 4, 1497.87
1775228652, 406, 100, 362, 0, 0, 0.54%, 1, 0, 4, 1444.92
1775228658, 406, 171, 362, 0, 0, 0.54%, 1, 0, 4, 1382.35
1775228663, 406, 274, 362, 0, 0, 0.54%, 1, 0, 4, 1436.94
1775228668, 406, 350, 362, 0, 0, 0.54%, 1, 0, 4, 1139.77
1775228673, 407, 1, 362, 0, 0, 0.54%, 1, 0, 4, 1323.48
1775228678, 407, 33, 362, 0, 0, 0.54%, 1, 0, 4, 1383.94
1775228683, 407, 76, 362, 0, 0, 0.54%, 1, 0, 4, 1502.26
1775228688, 407, 144, 362, 0, 0, 0.54%, 1, 0, 4, 1424.10
1775228693, 407, 218, 362, 0, 0, 0.54%, 1, 0, 4, 1419.22
1775228698, 407, 274, 362, 0, 0, 0.54%, 1, 0, 4, 1429.59
1775228703, 407, 325, 362, 0, 0, 0.54%, 1, 0, 4, 1297.39
1775228709, 408, 22, 362, 0, 0, 0.54%, 1, 0, 4, 1213.08
1775228714, 408, 39, 362, 0, 0, 0.54%, 1, 0, 4, 1361.42
1775228719, 408, 89, 362, 0, 0, 0.54%, 1, 0, 4, 1390.55
1775228724, 408, 121, 362, 0, 0, 0.54%, 1, 0, 4, 1462.92
1775228729, 408, 164, 362, 0, 0, 0.54%, 1, 0, 4, 1401.90
1775228734, 408, 276, 362, 0, 0, 0.54%, 1, 0, 4, 1439.23
1775228739, 409, 29, 362, 0, 0, 0.54%, 1, 0, 4, 1467.32
1775228744, 409, 64, 362, 0, 0, 0.54%, 1, 0, 4, 1531.96
1775228749, 409, 118, 362, 0, 0, 0.54%, 1, 0, 4, 1517.41
1775228754, 409, 204, 362, 0, 0, 0.54%, 1, 0, 4, 1280.84
1775228760, 409, 268, 362, 0, 0, 0.54%, 1, 0, 4, 1455.85
1775228765, 409, 316, 362, 0, 0, 0.54%, 1, 0, 4, 1345.87
1775228770, 410, 31, 362, 0, 0, 0.54%, 1, 0, 4, 1435.86
1775228775, 410, 89, 362, 0, 0, 0.54%, 1, 0, 4, 1435.52
1775228780, 410, 179, 362, 0, 0, 0.54%, 1, 0, 4, 1357.58
1775228785, 410, 274, 362, 0, 0, 0.54%, 1, 0, 4, 1394.18
1775228790, 410, 345, 362, 0, 0, 0.54%, 1, 0, 4, 1145.07
1775228795, 411, 17, 362, 0, 0, 0.54%, 1, 0, 4, 1303.75
1775228801, 411, 58, 362, 0, 0, 0.54%, 1, 0, 4, 1409.45
1775228806, 411, 107, 362, 0, 0, 0.54%, 1, 0, 4, 1527.56
1775228811, 411, 159, 362, 0, 0, 0.54%, 1, 0, 4, 1499.73
1775228816, 411, 265, 362, 0, 0, 0.54%, 1, 0, 4, 1541.51
1775228821, 411, 322, 362, 0, 0, 0.54%, 1, 0, 4, 1376.21
1775228826, 412, 58, 362, 0, 0, 0.54%, 1, 0, 4, 1496.65
1775228831, 412, 103, 362, 0, 0, 0.54%, 1, 0, 4, 1377.10
1775228836, 412, 242, 362, 0, 0, 0.54%, 1, 0, 4, 1433.99
1775228841, 412, 287, 362, 0, 0, 0.54%, 1, 0, 4, 1422.13
1775228846, 413, 9, 362, 0, 0, 0.54%, 1, 0, 4, 1228.72
1775228851, 413, 54, 362, 0, 0, 0.54%, 1, 0, 4, 1358.34
1775228857, 413, 101, 362, 0, 0, 0.54%, 1, 0, 4, 1399.53
1775228862, 413, 119, 362, 0, 0, 0.54%, 1, 0, 4, 1367.34
1775228867, 413, 255, 362, 0, 0, 0.54%, 1, 0, 4, 1294.41
1775228872, 413, 275, 362, 0, 0, 0.54%, 1, 0, 4, 1455.83
1775228877, 414, 9, 362, 0, 0, 0.54%, 1, 0, 4, 1268.96
1775228882, 414, 49, 362, 0, 0, 0.54%, 1, 0, 4, 1313.91
1775228887, 414, 101, 362, 0, 0, 0.54%, 1, 0, 4, 1397.54
1775228892, 414, 189, 362, 0, 0, 0.54%, 1, 0, 4, 1401.53
1775228897, 414, 265, 362, 0, 0, 0.54%, 1, 0, 4, 1411.04
1775228902, 414, 312, 362, 0, 0, 0.54%, 1, 0, 4, 1234.61
1775228907, 414, 360, 362, 0, 0, 0.54%, 1, 0, 4, 1314.79
1775228912, 415, 29, 362, 0, 0, 0.54%, 1, 0, 4, 1418.89
1775228917, 415, 63, 362, 0, 0, 0.54%, 1, 0, 4, 1476.90
1775228923, 415, 103, 362, 0, 0, 0.54%, 1, 0, 4, 1434.94
1775228928, 415, 138, 362, 0, 0, 0.54%, 1, 0, 4, 1422.03
1775228933, 415, 261, 362, 0, 0, 0.54%, 1, 0, 4, 1304.48
1775228938, 415, 325, 362, 0, 0, 0.54%, 1, 0, 4, 1229.31
1775228943, 416, 29, 362, 0, 0, 0.54%, 1, 0, 4, 1396.49
1775228948, 416, 64, 362, 0, 0, 0.54%, 1, 0, 4, 1420.09
1775228953, 416, 106, 362, 0, 0, 0.54%, 1, 0, 4, 1420.52
1775228958, 416, 187, 362, 0, 0, 0.54%, 1, 0, 4, 1365.77
1775228963, 416, 265, 362, 0, 0, 0.54%, 1, 0, 4, 1379.10
1775228968, 416, 360, 362, 0, 0, 0.54%, 1, 0, 4, 1334.20
1775228974, 417, 9, 363, 1, 0, 0.54%, 1, 0, 4, 1323.25
1775228979, 417, 56, 363, 1, 0, 0.54%, 1, 0, 4, 1399.91
1775228984, 417, 103, 363, 1, 0, 0.54%, 1, 0, 4, 1505.23
1775228989, 417, 170, 363, 1, 0, 0.54%, 1, 0, 4, 1472.71
1775228994, 417, 265, 363, 1, 0, 0.54%, 1, 0, 4, 1465.54
1775228999, 417, 307, 363, 1, 0, 0.54%, 1, 0, 4, 1343.90
1775229004, 418, 9, 363, 1, 0, 0.54%, 1, 0, 4, 1085.71
1775229009, 418, 63, 363, 1, 0, 0.54%, 1, 0, 4, 1333.16
1775229014, 418, 108, 363, 1, 0, 0.54%, 1, 0, 4, 1426.57
1775229020, 418, 261, 363, 1, 0, 0.54%, 1, 0, 4, 1360.73
1775229025, 418, 278, 363, 1, 0, 0.54%, 1, 0, 4, 1441.73
1775229030, 418, 362, 363, 1, 0, 0.54%, 1, 0, 4, 66.04
1775229045, 419, 1, 363, 0, 0, 0.54%, 1, 0, 4, 508.30
1775229050, 419, 52, 363, 0, 0, 0.54%, 1, 0, 4, 1271.78
1775229055, 419, 103, 363, 0, 0, 0.54%, 1, 0, 4, 1311.02
1775229061, 419, 190, 363, 0, 0, 0.54%, 1, 0, 4, 1284.06
1775229066, 419, 261, 363, 0, 0, 0.54%, 1, 0, 4, 1267.15
1775229071, 419, 354, 363, 0, 0, 0.54%, 1, 0, 4, 1296.77
1775229076, 420, 31, 363, 0, 0, 0.54%, 1, 0, 4, 1299.19
1775229081, 420, 63, 363, 0, 0, 0.54%, 1, 0, 4, 1486.94
1775229086, 420, 167, 363, 0, 0, 0.54%, 1, 0, 4, 1453.11
1775229091, 420, 250, 363, 0, 0, 0.54%, 1, 0, 4, 1396.11
1775229096, 420, 274, 363, 0, 0, 0.54%, 1, 0, 4, 1459.77
1775229101, 420, 343, 363, 0, 0, 0.54%, 1, 0, 4, 1206.19
1775229107, 421, 31, 363, 0, 0, 0.54%, 1, 0, 4, 1318.33
1775229112, 421, 89, 363, 0, 0, 0.54%, 1, 0, 4, 1440.13
1775229117, 421, 189, 363, 0, 0, 0.54%, 1, 0, 4, 1411.56
1775229122, 421, 274, 363, 0, 0, 0.54%, 1, 0, 4, 1433.24
1775229127, 422, 1, 363, 0, 0, 0.54%, 1, 0, 4, 1180.03
1775229132, 422, 35, 363, 0, 0, 0.54%, 1, 0, 4, 1406.72
1775229137, 422, 89, 363, 0, 0, 0.54%, 1, 0, 4, 1395.17
1775229142, 422, 122, 363, 0, 0, 0.54%, 1, 0, 4, 1401.88
1775229147, 422, 155, 363, 0, 0, 0.54%, 1, 0, 4, 1421.87
1775229152, 422, 265, 363, 0, 0, 0.54%, 1, 0, 4, 1499.53
1775229157, 422, 322, 363, 0, 0, 0.54%, 1, 0, 4, 1372.70
1775229163, 422, 359, 363, 0, 0, 0.54%, 1, 0, 4, 1471.64
1775229168, 423, 31, 363, 0, 0, 0.54%, 1, 0, 4, 1497.54
1775229173, 423, 94, 363, 0, 0, 0.54%, 1, 0, 4, 1590.48
1775229178, 423, 151, 363, 0, 0, 0.54%, 1, 0, 4, 1508.60
1775229183, 423, 270, 363, 0, 0, 0.54%, 1, 0, 4, 1476.63
1775229188, 423, 341, 363, 0, 0, 0.54%, 1, 0, 4, 1221.68
1775229193, 424, 58, 363, 0, 0, 0.54%, 1, 0, 4, 1386.48
1775229199, 424, 100, 363, 0, 0, 0.54%, 1, 0, 4, 1412.94
1775229204, 424, 167, 363, 0, 0, 0.54%, 1, 0, 4, 1405.17
1775229209, 424, 274, 363, 0, 0, 0.54%, 1, 0, 4, 1402.93
1775229214, 424, 331, 363, 0, 0, 0.54%, 1, 0, 4, 1180.87
1775229219, 425, 9, 363, 0, 0, 0.54%, 1, 0, 4, 1179.27
1775229224, 425, 55, 363, 0, 0, 0.54%, 1, 0, 4, 1337.37
1775229229, 425, 94, 363, 0, 0, 0.54%, 1, 0, 4, 1374.52
1775229234, 425, 133, 363, 0, 0, 0.54%, 1, 0, 4, 1435.03
1775229239, 425, 252, 363, 0, 0, 0.54%, 1, 0, 4, 1438.60
1775229244, 425, 290, 363, 0, 0, 0.54%, 1, 0, 4, 1388.09
1775229250, 426, 8, 363, 0, 0, 0.54%, 1, 0, 4, 1238.24
1775229255, 426, 63, 363, 0, 0, 0.54%, 1, 0, 4, 1427.21
1775229260, 426, 108, 363, 0, 0, 0.54%, 1, 0, 4, 1293.52
1775229265, 426, 157, 363, 0, 0, 0.54%, 1, 0, 4, 1319.91
1775229270, 426, 261, 363, 0, 0, 0.54%, 1, 0, 4, 1314.16
1775229275, 426, 303, 363, 0, 0, 0.54%, 1, 0, 4, 1370.29
1775229280, 427, 9, 363, 0, 0, 0.54%, 1, 0, 4, 1217.34
1775229286, 427, 63, 363, 0, 0, 0.54%, 1, 0, 4, 1427.67
1775229291, 427, 103, 363, 0, 0, 0.54%, 1, 0, 4, 1416.61
1775229296, 427, 160, 363, 0, 0, 0.54%, 1, 0, 4, 1389.30
1775229301, 427, 261, 363, 0, 0, 0.54%, 1, 0, 4, 1383.47
1775229306, 427, 322, 363, 0, 0, 0.54%, 1, 0, 4, 1433.78
1775229311, 428, 33, 363, 0, 0, 0.54%, 1, 0, 4, 1493.78
1775229316, 428, 71, 363, 0, 0, 0.54%, 1, 0, 4, 1466.60
1775229321, 428, 132, 363, 0, 0, 0.54%, 1, 0, 4, 1526.86
1775229326, 428, 206, 363, 0, 0, 0.54%, 1, 0, 4, 1425.73
1775229332, 428, 274, 363, 0, 0, 0.54%, 1, 0, 4, 1382.83
1775229337, 429, 11, 363, 0, 0, 0.54%, 1, 0, 4, 1376.71
1775229342, 429, 64, 363, 0, 0, 0.54%, 1, 0, 4, 1440.13
1775229347, 429, 185, 363, 0, 0, 0.54%, 1, 0, 4, 1391.63
1775229352, 429, 277, 363, 0, 0, 0.54%, 1, 0, 4, 1370.79
1775229357, 429, 354, 363, 0, 0, 0.54%, 1, 0, 4, 1249.19
1775229363, 430, 5, 363, 0, 0, 0.54%, 1, 0, 4, 1472.19
1775229368, 430, 49, 363, 0, 0, 0.54%, 1, 0, 4, 1418.40
1775229373, 430, 105, 363, 0, 0, 0.54%, 1, 0, 4, 1487.65
1775229378, 430, 151, 363, 0, 0, 0.54%, 1, 0, 4, 1464.77
1775229383, 430, 205, 363, 0, 0, 0.54%, 1, 0, 4, 1460.68
1775229388, 430, 265, 363, 0, 0, 0.54%, 1, 0, 4, 1497.69
1775229393, 430, 338, 363, 0, 0, 0.54%, 1, 0, 4, 1351.04
1775229398, 431, 27, 363, 0, 0, 0.54%, 1, 0, 4, 1348.73
1775229403, 431, 63, 363, 0, 0, 0.54%, 1, 0, 4, 1495.20
1775229408, 431, 107, 363, 0, 0, 0.54%, 1, 0, 4, 1389.98
1775229413, 431, 183, 363, 0, 0, 0.54%, 1, 0, 4, 1382.13
1775229419, 431, 274, 363, 0, 0, 0.54%, 1, 0, 4, 1487.09
1775229424, 431, 327, 363, 0, 0, 0.54%, 1, 0, 4, 1316.01
1775229429, 432, 1, 363, 0, 0, 0.54%, 1, 0, 4, 1023.90
1775229434, 432, 48, 363, 0, 0, 0.54%, 1, 0, 4, 1315.47
1775229439, 432, 94, 363, 0, 0, 0.54%, 1, 0, 4, 1420.25
1775229444, 432, 129, 363, 0, 0, 0.54%, 1, 0, 4, 1451.18
1775229449, 432, 220, 363, 0, 0, 0.54%, 1, 0, 4, 1369.29
1775229454, 432, 275, 363, 0, 0, 0.54%, 1, 0, 4, 1432.87
1775229460, 433, 9, 363, 0, 0, 0.54%, 1, 0, 4, 1188.33
1775229465, 433, 42, 363, 0, 0, 0.54%, 1, 0, 4, 1374.54
1775229470, 433, 103, 363, 0, 0, 0.54%, 1, 0, 4, 1444.53
1775229475, 433, 153, 363, 0, 0, 0.54%, 1, 0, 4, 1507.63
1775229480, 433, 274, 363, 0, 0, 0.54%, 1, 0, 4, 1447.42
1775229485, 434, 4, 363, 0, 0, 0.54%, 1, 0, 4, 1404.47
1775229490, 434, 33, 363, 0, 0, 0.54%, 1, 0, 4, 1505.25
1775229495, 434, 87, 363, 0, 0, 0.54%, 1, 0, 4, 1502.52
1775229500, 434, 152, 363, 0, 0, 0.54%, 1, 0, 4, 1478.64
1775229505, 434, 265, 363, 0, 0, 0.54%, 1, 0, 4, 1383.42
1775229511, 434, 312, 363, 0, 0, 0.54%, 1, 0, 4, 1325.56
1775229516, 435, 3, 363, 0, 0, 0.54%, 1, 0, 4, 1144.42
1775229521, 435, 31, 363, 0, 0, 0.54%, 1, 0, 4, 1400.11
1775229526, 435, 63, 363, 0, 0, 0.54%, 1, 0, 4, 1455.40
1775229531, 435, 108, 363, 0, 0, 0.54%, 1, 0, 4, 1374.86
1775229536, 435, 203, 363, 0, 0, 0.54%, 1, 0, 4, 1467.65
1775229541, 435, 265, 363, 0, 0, 0.54%, 1, 0, 4, 1393.53
1775229546, 435, 330, 363, 0, 0, 0.54%, 1, 0, 4, 1282.34
1775229551, 436, 9, 363, 0, 0, 0.54%, 1, 0, 4, 1480.28
1775229557, 436, 33, 363, 0, 0, 0.54%, 1, 0, 4, 1489.45
1775229562, 436, 89, 363, 0, 0, 0.54%, 1, 0, 4, 1630.45
1775229567, 436, 183, 363, 0, 0, 0.54%, 1, 0, 4, 1416.53
1775229572, 436, 265, 363, 0, 0, 0.54%, 1, 0, 4, 1373.44
1775229577, 437, 8, 363, 0, 0, 0.54%, 1, 0, 4, 1422.62
1775229582, 437, 33, 363, 0, 0, 0.54%, 1, 0, 4, 1428.33
1775229587, 437, 89, 363, 0, 0, 0.54%, 1, 0, 4, 1440.95
1775229592, 437, 108, 363, 0, 0, 0.54%, 1, 0, 4, 1401.82
1775229597, 437, 265, 363, 0, 0, 0.54%, 1, 0, 4, 1396.55
1775229602, 437, 353, 363, 0, 0, 0.54%, 1, 0, 4, 1263.65
1775229607, 438, 31, 363, 0, 0, 0.54%, 1, 0, 4, 1451.23
1775229613, 438, 85, 363, 0, 0, 0.54%, 1, 0, 4, 1453.02
1775229618, 438, 165, 363, 0, 0, 0.54%, 1, 0, 4, 1474.15
1775229623, 438, 217, 363, 0, 0, 0.54%, 1, 0, 4, 1403.67
1775229628, 438, 262, 363, 0, 0, 0.54%, 1, 0, 4, 1454.81
1775229633, 438, 312, 363, 0, 0, 0.54%, 1, 0, 4, 1427.16
1775229638, 439, 29, 363, 0, 0, 0.54%, 1, 0, 4, 1249.52
1775229643, 439, 64, 363, 0, 0, 0.54%, 1, 0, 4, 1354.56
1775229648, 439, 130, 363, 0, 0, 0.54%, 1, 0, 4, 1391.99
1775229653, 439, 229, 363, 0, 0, 0.54%, 1, 0, 4, 1331.93
1775229658, 439, 282, 363, 0, 0, 0.54%, 1, 0, 4, 1415.44
1775229664, 440, 31, 363, 0, 0, 0.54%, 1, 0, 4, 1345.77
1775229669, 440, 101, 363, 0, 0, 0.54%, 1, 0, 4, 1486.79
1775229674, 440, 178, 363, 0, 0, 0.54%, 1, 0, 4, 1466.33
1775229679, 440, 265, 363, 0, 0, 0.54%, 1, 0, 4, 1367.56
1775229684, 440, 356, 363, 0, 0, 0.54%, 1, 0, 4, 1343.36
1775229689, 441, 31, 363, 0, 0, 0.54%, 1, 0, 4, 1400.64
1775229694, 441, 82, 363, 0, 0, 0.54%, 1, 0, 4, 1473.93
1775229699, 441, 148, 363, 0, 0, 0.54%, 1, 0, 4, 1413.76
1775229704, 441, 243, 363, 0, 0, 0.54%, 1, 0, 4, 1416.12
1775229710, 441, 291, 363, 0, 0, 0.54%, 1, 0, 4, 1203.52
1775229715, 442, 8, 363, 0, 0, 0.54%, 1, 0, 4, 1135.56
1775229720, 442, 58, 363, 0, 0, 0.54%, 1, 0, 4, 1394.87
1775229725, 442, 103, 363, 0, 0, 0.54%, 1, 0, 4, 1370.63
1775229730, 442, 141, 363, 0, 0, 0.54%, 1, 0, 4, 1404.67
1775229735, 442, 214, 363, 0, 0, 0.54%, 1, 0, 4, 1288.44
1775229740, 442, 274, 363, 0, 0, 0.54%, 1, 0, 4, 1463.35
1775229745, 442, 352, 363, 0, 0, 0.54%, 1, 0, 4, 1471.39
1775229750, 443, 29, 363, 0, 0, 0.54%, 1, 0, 4, 1660.95
1775229755, 443, 63, 363, 0, 0, 0.54%, 1, 0, 4, 1461.89
1775229760, 443, 103, 363, 0, 0, 0.54%, 1, 0, 4, 1447.04
1775229766, 443, 186, 363, 0, 0, 0.54%, 1, 0, 4, 548.38
1775229771, 443, 261, 363, 0, 0, 0.54%, 1, 0, 4, 1264.17
1775229776, 443, 291, 363, 0, 0, 0.54%, 1, 0, 4, 1339.17
1775229781, 444, 31, 363, 0, 0, 0.54%, 1, 0, 4, 1413.45
1775229786, 444, 101, 363, 0, 0, 0.54%, 1, 0, 4, 1482.80
1775229791, 444, 169, 363, 0, 0, 0.54%, 1, 0, 4, 1436.86
1775229796, 444, 257, 363, 0, 0, 0.54%, 1, 0, 4, 1466.08
1775229801, 444, 319, 363, 0, 0, 0.54%, 1, 0, 4, 1437.25
1775229806, 445, 17, 363, 0, 0, 0.54%, 1, 0, 4, 1299.35
1775229812, 445, 53, 363, 0, 0, 0.54%, 1, 0, 4, 1350.41
1775229817, 445, 102, 363, 0, 0, 0.54%, 1, 0, 4, 1454.58
1775229822, 445, 265, 363, 0, 0, 0.54%, 1, 0, 4, 1562.27
1775229827, 445, 356, 363, 0, 0, 0.54%, 1, 0, 4, 1264.07
1775229832, 446, 31, 363, 0, 0, 0.54%, 1, 0, 4, 1490.50
1775229837, 446, 87, 363, 0, 0, 0.54%, 1, 0, 4, 1584.27
1775229842, 446, 146, 363, 0, 0, 0.54%, 1, 0, 4, 1533.70
1775229847, 446, 265, 363, 0, 0, 0.54%, 1, 0, 4, 1534.99
1775229852, 446, 317, 363, 0, 0, 0.54%, 1, 0, 4, 1422.44
1775229858, 447, 33, 363, 0, 0, 0.54%, 1, 0, 4, 1672.07
1775229863, 447, 63, 363, 0, 0, 0.54%, 1, 0, 4, 1539.90
1775229868, 447, 101, 363, 0, 0, 0.54%, 1, 0, 4, 1590.98
1775229873, 447, 208, 363, 0, 0, 0.54%, 1, 0, 4, 1587.13
1775229878, 447, 261, 363, 0, 0, 0.54%, 1, 0, 4, 1483.66
1775229883, 447, 322, 363, 0, 0, 0.54%, 1, 0, 4, 1414.11
1775229888, 448, 29, 363, 0, 0, 0.54%, 1, 0, 4, 1465.21
1775229893, 448, 74, 363, 0, 0, 0.54%, 1, 0, 4, 1540.65
1775229898, 448, 127, 363, 0, 0, 0.54%, 1, 0, 4, 1579.64
1775229904, 448, 212, 363, 0, 0, 0.54%, 1, 0, 4, 1448.84
1775229909, 448, 304, 363, 0, 0, 0.54%, 1, 0, 4, 1398.82
1775229914, 449, 31, 363, 0, 0, 0.54%, 1, 0, 4, 1374.93
1775229919, 449, 89, 363, 0, 0, 0.54%, 1, 0, 4, 1488.76
1775229924, 449, 144, 363, 0, 0, 0.54%, 1, 0, 4, 1521.14
1775229929, 449, 224, 363, 0, 0, 0.54%, 1, 0, 4, 1456.69
1775229934, 449, 275, 363, 0, 0, 0.54%, 1, 0, 4, 1489.75
1775229939, 449, 353, 363, 0, 0, 0.54%, 1, 0, 4, 1268.07
1775229944, 450, 30, 363, 0, 0, 0.54%, 1, 0, 4, 1381.09
1775229950, 450, 78, 363, 0, 0, 0.54%, 1, 0, 4, 1431.74
1775229955, 450, 137, 363, 0, 0, 0.54%, 1, 0, 4, 1507.69
1775229960, 450, 253, 363, 0, 0, 0.54%, 1, 0, 4, 1473.71
1775229965, 450, 275, 363, 0, 0, 0.54%, 1, 0, 4, 1467.97
1775229970, 450, 346, 363, 0, 0, 0.54%, 1, 0, 4, 1292.47
1775229975, 451, 45, 363, 0, 0, 0.54%, 1, 0, 4, 1483.43
1775229980, 451, 89, 363, 0, 0, 0.54%, 1, 0, 4, 1523.00
1775229985, 451, 131, 363, 0, 0, 0.54%, 1, 0, 4, 1293.70
1775229990, 451, 185, 363, 0, 0, 0.54%, 1, 0, 4, 1475.86
1775229995, 451, 263, 363, 0, 0, 0.54%, 1, 0, 4, 1418.48
1775230000, 451, 322, 363, 0, 0, 0.54%, 1, 0, 4, 1431.90
1775230005, 452, 33, 363, 0, 0, 0.54%, 1, 0, 4, 1519.77
1775230010, 452, 108, 363, 0, 0, 0.54%, 1, 0, 4, 1544.87
1775230015, 452, 275, 363, 0, 0, 0.54%, 1, 0, 4, 1579.11
1775230021, 453, 29, 363, 0, 0, 0.54%, 1, 0, 4, 1300.22
1775230026, 453, 78, 363, 0, 0, 0.54%, 1, 0, 4, 1425.09
1775230031, 453, 118, 363, 0, 0, 0.54%, 1, 0, 4, 1505.62
1775230036, 453, 177, 363, 0, 0, 0.54%, 1, 0, 4, 1520.17
1775230041, 453, 262, 363, 0, 0, 0.54%, 1, 0, 4, 1407.47
1775230046, 453, 322, 363, 0, 0, 0.54%, 1, 0, 4, 1360.92
1775230051, 454, 29, 363, 0, 0, 0.54%, 1, 0, 4, 1216.02
1775230056, 454, 89, 363, 0, 0, 0.54%, 1, 0, 4, 1468.76
1775230062, 454, 167, 363, 0, 0, 0.54%, 1, 0, 4, 1507.00
1775230067, 454, 265, 363, 0, 0, 0.54%, 1, 0, 4, 1567.30
1775230072, 454, 316, 363, 0, 0, 0.54%, 1, 0, 4, 1429.04
1775230077, 455, 31, 363, 0, 0, 0.54%, 1, 0, 4, 1434.06
1775230082, 455, 89, 363, 0, 0, 0.54%, 1, 0, 4, 1410.08
1775230087, 455, 108, 363, 0, 0, 0.54%, 1, 0, 4, 1451.47
1775230092, 455, 265, 363, 0, 0, 0.54%, 1, 0, 4, 1400.30
1775230097, 455, 339, 363, 0, 0, 0.54%, 1, 0, 4, 1132.79
1775230102, 456, 31, 363, 0, 0, 0.54%, 1, 0, 4, 1297.55
1775230107, 456, 63, 363, 0, 0, 0.54%, 1, 0, 4, 1359.44
1775230112, 456, 103, 363, 0, 0, 0.54%, 1, 0, 4, 1414.55
1775230117, 456, 174, 363, 0, 0, 0.54%, 1, 0, 4, 1424.88
1775230123, 456, 274, 363, 0, 0, 0.54%, 1, 0, 4, 1486.09
1775230128, 456, 322, 363, 0, 0, 0.54%, 1, 0, 4, 1310.24
1775230133, 457, 31, 363, 0, 0, 0.54%, 1, 0, 4, 1388.73
1775230138, 457, 76, 363, 0, 0, 0.54%, 1, 0, 4, 1524.58
1775230143, 457, 108, 363, 0, 0, 0.54%, 1, 0, 4, 1424.16
1775230148, 457, 265, 363, 0, 0, 0.54%, 1, 0, 4, 1424.54
1775230153, 457, 324, 363, 0, 0, 0.54%, 1, 0, 4, 1290.07
1775230159, 457, 360, 363, 0, 0, 0.54%, 1, 0, 4, 1135.65
1775230164, 458, 33, 363, 0, 0, 0.54%, 1, 0, 4, 1374.49
1775230169, 458, 101, 363, 0, 0, 0.54%, 1, 0, 4, 1511.43
1775230174, 458, 129, 363, 0, 0, 0.54%, 1, 0, 4, 1375.09
1775230179, 458, 210, 363, 0, 0, 0.54%, 1, 0, 4, 1378.25
1775230184, 458, 265, 363, 0, 0, 0.54%, 1, 0, 4, 1393.53
1775230189, 458, 317, 363, 0, 0, 0.54%, 1, 0, 4, 1355.40
1775230194, 459, 26, 363, 0, 0, 0.54%, 1, 0, 4, 1275.06
1775230199, 459, 58, 363, 0, 0, 0.54%, 1, 0, 4, 1508.44
1775230204, 459, 103, 363, 0, 0, 0.54%, 1, 0, 4, 1474.64
1775230209, 459, 219, 363, 0, 0, 0.54%, 1, 0, 4, 1423.49
1775230214, 459, 306, 363, 0, 0, 0.54%, 1, 0, 4, 1409.11
1775230220, 460, 9, 363, 0, 0, 0.54%, 1, 0, 4, 1289.18
1775230225, 460, 58, 363, 0, 0, 0.54%, 1, 0, 4, 1439.65
1775230230, 460, 103, 363, 0, 0, 0.54%, 1, 0, 4, 1396.45
1775230235, 460, 218, 363, 0, 0, 0.54%, 1, 0, 4, 1321.02
1775230240, 460, 274, 363, 0, 0, 0.54%, 1, 0, 4, 1449.52
1775230245, 461, 21, 363, 0, 0, 0.54%, 1, 0, 4, 1463.63
1775230250, 461, 67, 363, 0, 0, 0.54%, 1, 0, 4, 1478.40
1775230255, 461, 108, 363, 0, 0, 0.54%, 1, 0, 4, 1483.68
1775230260, 461, 238, 363, 0, 0, 0.54%, 1, 0, 4, 1468.95
1775230265, 461, 275, 363, 0, 0, 0.54%, 1, 0, 4, 1515.32
1775230270, 462, 27, 363, 0, 0, 0.54%, 1, 0, 4, 1431.16
1775230275, 462, 58, 363, 0, 0, 0.54%, 1, 0, 4, 1666.67
1775230280, 462, 105, 363, 0, 0, 0.54%, 1, 0, 4, 1485.57
1775230285, 462, 196, 363, 0, 0, 0.54%, 1, 0, 4, 1483.16
1775230290, 462, 274, 363, 0, 0, 0.54%, 1, 0, 4, 1398.58
1775230295, 463, 1, 363, 0, 0, 0.54%, 1, 0, 4, 1293.53
1775230301, 463, 58, 363, 0, 0, 0.54%, 1, 0, 4, 1401.67
1775230306, 463, 103, 363, 0, 0, 0.54%, 1, 0, 4, 1472.73
1775230311, 463, 159, 363, 0, 0, 0.54%, 1, 0, 4, 1382.82
1775230316, 463, 204, 363, 0, 0, 0.54%, 1, 0, 4, 1394.39
1775230321, 463, 265, 363, 0, 0, 0.54%, 1, 0, 4, 1401.44
1775230326, 463, 322, 363, 0, 0, 0.54%, 1, 0, 4, 1314.20
1775230331, 464, 31, 363, 0, 0, 0.54%, 1, 0, 4, 1499.65
1775230336, 464, 64, 363, 0, 0, 0.54%, 1, 0, 4, 1427.90
1775230341, 464, 173, 363, 0, 0, 0.54%, 1, 0, 4, 1493.90
1775230346, 464, 255, 363, 0, 0, 0.54%, 1, 0, 4, 1533.86
1775230351, 464, 276, 363, 0, 0, 0.54%, 1, 0, 4, 1449.78
1775230356, 465, 29, 363, 0, 0, 0.54%, 1, 0, 4, 1378.42
1775230361, 465, 78, 363, 0, 0, 0.54%, 1, 0, 4, 1483.20
1775230367, 465, 113, 363, 0, 0, 0.54%, 1, 0, 4, 1444.70
1775230372, 465, 217, 363, 0, 0, 0.54%, 1, 0, 4, 1359.17
1775230377, 465, 274, 363, 0, 0, 0.54%, 1, 0, 4, 1411.80
1775230382, 466, 9, 363, 0, 0, 0.54%, 1, 0, 4, 1333.89
1775230387, 466, 63, 363, 0, 0, 0.54%, 1, 0, 4, 1433.44
1775230392, 466, 108, 363, 0, 0, 0.54%, 1, 0, 4, 1487.67
1775230397, 466, 214, 363, 0, 0, 0.54%, 1, 0, 4, 1277.77
1775230402, 466, 265, 363, 0, 0, 0.54%, 1, 0, 4, 1345.16
1775230407, 466, 331, 363, 0, 0, 0.54%, 1, 0, 4, 1277.59
1775230413, 467, 23, 363, 0, 0, 0.54%, 1, 0, 4, 1415.58
1775230418, 467, 41, 363, 0, 0, 0.54%, 1, 0, 4, 1336.34
1775230423, 467, 89, 363, 0, 0, 0.54%, 1, 0, 4, 1400.89
1775230428, 467, 167, 363, 0, 0, 0.54%, 1, 0, 4, 1515.87
1775230433, 467, 260, 363, 0, 0, 0.54%, 1, 0, 4, 1368.17
1775230438, 467, 276, 363, 0, 0, 0.54%, 1, 0, 4, 1324.82
1775230443, 468, 9, 363, 0, 0, 0.54%, 1, 0, 4, 1316.14
1775230448, 468, 33, 363, 0, 0, 0.54%, 1, 0, 4, 1405.58
1775230453, 468, 91, 363, 0, 0, 0.54%, 1, 0, 4, 1490.91
1775230458, 468, 132, 363, 0, 0, 0.54%, 1, 0, 4, 1389.50
1775230464, 468, 201, 363, 0, 0, 0.54%, 1, 0, 4, 1427.94
1775230469, 468, 275, 363, 0, 0, 0.54%, 1, 0, 4, 1401.00
1775230474, 469, 18, 363, 0, 0, 0.54%, 1, 0, 4, 1283.53
1775230479, 469, 31, 363, 0, 0, 0.54%, 1, 0, 4, 1356.90
1775230484, 469, 75, 363, 0, 0, 0.54%, 1, 0, 4, 1435.05
1775230489, 469, 201, 363, 0, 0, 0.54%, 1, 0, 4, 1366.59
1775230494, 469, 265, 363, 0, 0, 0.54%, 1, 0, 4, 1421.72
1775230499, 469, 322, 363, 0, 0, 0.54%, 1, 0, 4, 1364.09
1775230504, 470, 0, 363, 0, 0, 0.54%, 1, 0, 4, 1318.52
1775230510, 470, 31, 363, 0, 0, 0.54%, 1, 0, 4, 1478.60
1775230515, 470, 63, 363, 0, 0, 0.54%, 1, 0, 4, 1370.98
1775230520, 470, 216, 363, 0, 0, 0.54%, 1, 0, 4, 1453.39
1775230525, 470, 261, 363, 0, 0, 0.54%, 1, 0, 4, 1409.43
1775230530, 470, 322, 363, 0, 0, 0.54%, 1, 0, 4, 1314.54
1775230535, 471, 31, 363, 0, 0, 0.54%, 1, 0, 4, 1291.19
1775230540, 471, 102, 363, 0, 0, 0.54%, 1, 0, 4, 1524.73
1775230545, 471, 187, 363, 0, 0, 0.54%, 1, 0, 4, 1334.52
1775230550, 471, 265, 363, 0, 0, 0.54%, 1, 0, 4, 1425.85
1775230555, 471, 292, 363, 0, 0, 0.54%, 1, 0, 4, 1392.15
1775230560, 472, 18, 363, 0, 0, 0.54%, 1, 0, 4, 1583.08
1775230566, 472, 58, 363, 0, 0, 0.54%, 1, 0, 4, 1435.81
1775230571, 472, 103, 363, 0, 0, 0.54%, 1, 0, 4, 1555.35
1775230576, 472, 209, 363, 0, 0, 0.54%, 1, 0, 4, 1404.06
1775230581, 472, 274, 363, 0, 0, 0.54%, 1, 0, 4, 1407.19
1775230586, 472, 326, 363, 0, 0, 0.54%, 1, 0, 4, 1263.13
1775230591, 473, 13, 363, 0, 0, 0.54%, 1, 0, 4, 1153.38
1775230596, 473, 43, 363, 0, 0, 0.54%, 1, 0, 4, 1267.24
1775230601, 473, 89, 363, 0, 0, 0.54%, 1, 0, 4, 1368.36
1775230606, 473, 178, 364, 1, 0, 0.54%, 1, 0, 4, 1356.10
1775230611, 473, 253, 364, 1, 0, 0.54%, 1, 0, 4, 1420.70
1775230616, 473, 276, 364, 1, 0, 0.54%, 1, 0, 4, 1413.14
1775230621, 474, 1, 364, 1, 0, 0.54%, 1, 0, 4, 1126.84
1775230626, 474, 40, 364, 1, 0, 0.54%, 1, 0, 4, 1485.57
1775230632, 474, 83, 364, 1, 0, 0.54%, 1, 0, 4, 1358.50
1775230637, 474, 118, 364, 1, 0, 0.54%, 1, 0, 4, 1367.95
1775230642, 474, 166, 364, 1, 0, 0.54%, 1, 0, 4, 1317.83
1775230647, 474, 265, 364, 1, 0, 0.54%, 1, 0, 4, 1361.01
1775230652, 474, 340, 364, 1, 0, 0.54%, 1, 0, 4, 1221.67
1775230657, 474, 363, 364, 1, 0, 0.54%, 1, 0, 4, 62.38
1775230672, 475, 21, 364, 0, 0, 0.54%, 1, 0, 4, 1096.45
1775230677, 475, 63, 364, 0, 0, 0.54%, 1, 0, 4, 1368.71
1775230682, 475, 145, 364, 0, 0, 0.54%, 1, 0, 4, 1351.04
1775230688, 475, 213, 364, 0, 0, 0.54%, 1, 0, 4, 1469.22
1775230693, 475, 275, 364, 0, 0, 0.54%, 1, 0, 4, 1557.13
1775230698, 476, 9, 364, 0, 0, 0.54%, 1, 0, 4, 1337.11
1775230703, 476, 37, 364, 0, 0, 0.54%, 1, 0, 4, 1322.11
1775230708, 476, 71, 364, 0, 0, 0.54%, 1, 0, 4, 1503.68
1775230713, 476, 108, 364, 0, 0, 0.54%, 1, 0, 4, 1455.74
1775230718, 476, 261, 364, 0, 0, 0.54%, 1, 0, 4, 1355.90
1775230723, 476, 325, 364, 0, 0, 0.54%, 1, 0, 4, 1311.10
1775230728, 477, 9, 364, 0, 0, 0.54%, 1, 0, 4, 1451.63
1775230733, 477, 33, 364, 0, 0, 0.54%, 1, 0, 4, 1329.38
1775230738, 477, 79, 364, 0, 0, 0.54%, 1, 0, 4, 1364.85
1775230743, 477, 140, 364, 0, 0, 0.54%, 1, 0, 4, 1366.34
1775230749, 477, 267, 364, 0, 0, 0.54%, 1, 0, 4, 1415.96
1775230754, 477, 344, 364, 0, 0, 0.54%, 1, 0, 4, 1292.83
1775230759, 478, 29, 364, 0, 0, 0.54%, 1, 0, 4, 1222.78
1775230764, 478, 74, 364, 0, 0, 0.54%, 1, 0, 4, 1437.75
1775230769, 478, 103, 364, 0, 0, 0.54%, 1, 0, 4, 1385.50
1775230774, 478, 237, 364, 0, 0, 0.54%, 1, 0, 4, 1403.44
1775230779, 478, 267, 364, 0, 0, 0.54%, 1, 0, 4, 1425.51
1775230784, 478, 331, 364, 0, 0, 0.54%, 1, 0, 4, 1207.69
1775230789, 479, 9, 364, 0, 0, 0.54%, 1, 0, 4, 1387.44
1775230794, 479, 43, 364, 0, 0, 0.54%, 1, 0, 4, 1441.84
1775230800, 479, 78, 364, 0, 0, 0.54%, 1, 0, 4, 1473.29
1775230805, 479, 145, 364, 0, 0, 0.54%, 1, 0, 4, 1419.96
1775230810, 479, 231, 364, 0, 0, 0.54%, 1, 0, 4, 1493.32
1775230815, 479, 275, 364, 0, 0, 0.54%, 1, 0, 4, 1370.77
1775230820, 480, 29, 364, 0, 0, 0.54%, 1, 0, 4, 1316.02
1775230825, 480, 63, 364, 0, 0, 0.54%, 1, 0, 4, 1403.55
1775230830, 480, 108, 364, 0, 0, 0.54%, 1, 0, 4, 1436.84
1775230835, 480, 229, 364, 0, 0, 0.54%, 1, 0, 4, 1359.06
1775230840, 480, 275, 364, 0, 0, 0.54%, 1, 0, 4, 1373.43
1775230845, 481, 8, 364, 0, 0, 0.54%, 1, 0, 4, 1393.56
1775230850, 481, 33, 364, 0, 0, 0.54%, 1, 0, 4, 1441.66
1775230855, 481, 97, 364, 0, 0, 0.54%, 1, 0, 4, 1508.56
1775230860, 481, 146, 364, 0, 0, 0.54%, 1, 0, 4, 1387.09
1775230866, 481, 265, 364, 0, 0, 0.54%, 1, 0, 4, 1332.94
1775230871, 481, 310, 364, 0, 0, 0.54%, 1, 0, 4, 1283.84
1775230876, 482, 10, 364, 0, 0, 0.54%, 1, 0, 4, 1294.34
1775230881, 482, 63, 364, 0, 0, 0.54%, 1, 0, 4, 1463.33
1775230886, 482, 118, 364, 0, 0, 0.54%, 1, 0, 4, 1440.28
1775230891, 482, 222, 364, 0, 0, 0.54%, 1, 0, 4, 1494.73
1775230896, 482, 276, 364, 0, 0, 0.54%, 1, 0, 4, 1405.62
1775230901, 483, 31, 364, 0, 0, 0.54%, 1, 0, 4, 1433.63
1775230906, 483, 64, 364, 0, 0, 0.54%, 1, 0, 4, 1488.42
1775230912, 483, 146, 364, 0, 0, 0.54%, 1, 0, 4, 1402.16
1775230917, 483, 265, 364, 0, 0, 0.54%, 1, 0, 4, 1464.07
1775230922, 483, 334, 364, 0, 0, 0.54%, 1, 0, 4, 1209.61
1775230927, 484, 28, 364, 0, 0, 0.54%, 1, 0, 4, 1421.40
1775230932, 484, 51, 364, 0, 0, 0.54%, 1, 0, 4, 1397.43
1775230937, 484, 101, 364, 0, 0, 0.54%, 1, 0, 4, 1504.57
1775230942, 484, 221, 364, 0, 0, 0.54%, 1, 0, 4, 1381.17
1775230947, 484, 274, 364, 0, 0, 0.54%, 1, 0, 4, 1470.66
1775230952, 485, 9, 364, 0, 0, 0.54%, 1, 0, 4, 1180.63
1775230957, 485, 64, 364, 0, 0, 0.54%, 1, 0, 4, 1488.30
1775230962, 485, 108, 364, 0, 0, 0.54%, 1, 0, 4, 1346.08
1775230967, 485, 265, 364, 0, 0, 0.54%, 1, 0, 4, 1371.95
1775230972, 486, 9, 364, 0, 0, 0.54%, 1, 0, 4, 1754.06
1775230977, 486, 63, 364, 0, 0, 0.54%, 1, 0, 4, 1504.74
1775230983, 486, 110, 364, 0, 0, 0.54%, 1, 0, 4, 1392.75
1775230988, 486, 199, 364, 0, 0, 0.54%, 1, 0, 4, 1350.57
1775230993, 486, 275, 364, 0, 0, 0.54%, 1, 0, 4, 1382.09
1775230998, 486, 357, 364, 0, 0, 0.54%, 1, 0, 4, 1219.44
1775231003, 487, 33, 364, 0, 0, 0.54%, 1, 0, 4, 1401.10
1775231008, 487, 93, 364, 0, 0, 0.54%, 1, 0, 4, 1408.16
1775231013, 487, 145, 364, 0, 0, 0.54%, 1, 0, 4, 1419.92
1775231018, 487, 176, 364, 0, 0, 0.54%, 1, 0, 4, 1547.81
1775231023, 487, 261, 364, 0, 0, 0.54%, 1, 0, 4, 1460.70
1775231028, 487, 287, 364, 0, 0, 0.54%, 1, 0, 4, 1466.35
1775231033, 488, 9, 364, 0, 0, 0.54%, 1, 0, 4, 1141.50
1775231038, 488, 71, 364, 0, 0, 0.54%, 1, 0, 4, 1432.74
1775231044, 488, 130, 364, 0, 0, 0.54%, 1, 0, 4, 1408.72
1775231049, 488, 228, 364, 0, 0, 0.54%, 1, 0, 4, 1406.62
1775231054, 488, 274, 364, 0, 0, 0.54%, 1, 0, 4, 1521.56
1775231059, 489, 3, 364, 0, 0, 0.54%, 1, 0, 4, 1310.06
1775231064, 489, 53, 364, 0, 0, 0.54%, 1, 0, 4, 1430.30
1775231069, 489, 108, 364, 0, 0, 0.54%, 1, 0, 4, 1565.48
1775231074, 489, 231, 364, 0, 0, 0.54%, 1, 0, 4, 1491.54
1775231079, 489, 276, 364, 0, 0, 0.54%, 1, 0, 4, 1399.81
1775231084, 489, 352, 364, 0, 0, 0.54%, 1, 0, 4, 1227.14
1775231089, 490, 8, 364, 0, 0, 0.54%, 1, 0, 4, 1338.24
1775231095, 490, 40, 364, 0, 0, 0.54%, 1, 0, 4, 1515.66
1775231100, 490, 103, 364, 0, 0, 0.54%, 1, 0, 4, 1462.11
1775231105, 490, 274, 364, 0, 0, 0.54%, 1, 0, 4, 1376.76
1775231110, 491, 1, 364, 0, 0, 0.54%, 1, 0, 4, 1251.10
1775231115, 491, 33, 364, 0, 0, 0.54%, 1, 0, 4, 1416.34
1775231120, 491, 94, 364, 0, 0, 0.54%, 1, 0, 4, 1391.06
1775231125, 491, 158, 364, 0, 0, 0.54%, 1, 0, 4, 1444.11
1775231130, 491, 193, 364, 0, 0, 0.54%, 1, 0, 4, 1418.48
1775231135, 491, 265, 364, 0, 0, 0.54%, 1, 0, 4, 1407.70
1775231140, 492, 8, 364, 0, 0, 0.54%, 1, 0, 4, 1362.45
1775231145, 492, 58, 364, 0, 0, 0.54%, 1, 0, 4, 1524.64
1775231150, 492, 103, 364, 0, 0, 0.54%, 1, 0, 4, 1444.98
1775231155, 492, 164, 364, 0, 0, 0.54%, 1, 0, 4, 1252.68
1775231161, 492, 275, 364, 0, 0, 0.54%, 1, 0, 4, 1381.36
1775231166, 493, 28, 364, 0, 0, 0.54%, 1, 0, 4, 1478.84
1775231171, 493, 63, 364, 0, 0, 0.54%, 1, 0, 4, 1383.14
1775231176, 493, 103, 364, 0, 0, 0.54%, 1, 0, 4, 1335.54
1775231181, 493, 156, 364, 0, 0, 0.54%, 1, 0, 4, 1339.78
1775231186, 493, 261, 364, 0, 0, 0.54%, 1, 0, 4, 1297.05
1775231191, 493, 286, 364, 0, 0, 0.54%, 1, 0, 4, 1269.97
1775231196, 494, 9, 364, 0, 0, 0.54%, 1, 0, 4, 1404.46
1775231201, 494, 62, 364, 0, 0, 0.54%, 1, 0, 4, 1493.74
1775231206, 494, 101, 364, 0, 0, 0.54%, 1, 0, 4, 1439.54
1775231211, 494, 171, 364, 0, 0, 0.54%, 1, 0, 4, 1365.06
1775231217, 494, 257, 364, 0, 0, 0.54%, 1, 0, 4, 1403.77
1775231222, 494, 276, 364, 0, 0, 0.54%, 1, 0, 4, 1413.01
1775231227, 495, 9, 364, 0, 0, 0.54%, 1, 0, 4, 1350.29
1775231232, 495, 64, 364, 0, 0, 0.54%, 1, 0, 4, 1442.21
1775231237, 495, 108, 364, 0, 0, 0.54%, 1, 0, 4, 1562.07
1775231242, 495, 160, 364, 0, 0, 0.54%, 1, 0, 4, 1506.38
1775231247, 495, 265, 364, 0, 0, 0.54%, 1, 0, 4, 1428.85
1775231252, 496, 11, 364, 0, 0, 0.54%, 1, 0, 4, 1425.56
1775231257, 496, 58, 364, 0, 0, 0.54%, 1, 0, 4, 1470.18
1775231262, 496, 101, 364, 0, 0, 0.54%, 1, 0, 4, 1534.57
1775231267, 496, 255, 364, 0, 0, 0.54%, 1, 0, 4, 1406.55
1775231272, 496, 285, 364, 0, 0, 0.54%, 1, 0, 4, 1352.00
1775231278, 497, 21, 364, 0, 0, 0.54%, 1, 0, 4, 1357.76
1775231283, 497, 60, 364, 0, 0, 0.54%, 1, 0, 4, 1407.43
1775231288, 497, 94, 364, 0, 0, 0.54%, 1, 0, 4, 1413.00
1775231293, 497, 121, 364, 0, 0, 0.54%, 1, 0, 4, 1413.04
1775231298, 497, 233, 364, 0, 0, 0.54%, 1, 0, 4, 1383.23
1775231303, 497, 276, 364, 0, 0, 0.54%, 1, 0, 4, 1447.02
1775231308, 498, 29, 364, 0, 0, 0.54%, 1, 0, 4, 869.24
1775231313, 498, 81, 364, 0, 0, 0.54%, 1, 0, 4, 1262.43
1775231318, 498, 113, 364, 0, 0, 0.54%, 1, 0, 4, 1389.75
1775231323, 498, 255, 364, 0, 0, 0.54%, 1, 0, 4, 1324.27
1775231328, 498, 274, 364, 0, 0, 0.54%, 1, 0, 4, 1423.81
1775231333, 498, 354, 364, 0, 0, 0.54%, 1, 0, 4, 1189.49
1775231338, 499, 9, 364, 0, 0, 0.54%, 1, 0, 4, 1232.98
1775231344, 499, 58, 364, 0, 0, 0.54%, 1, 0, 4, 1358.56
1775231349, 499, 146, 364, 0, 0, 0.54%, 1, 0, 4, 1459.83
1775231354, 499, 274, 364, 0, 0, 0.54%, 1, 0, 4, 1481.46
1775231359, 500, 6, 364, 0, 0, 0.54%, 1, 0, 4, 1476.30
1775231364, 500, 36, 364, 0, 0, 0.54%, 1, 0, 4, 1404.06
1775231369, 500, 95, 364, 0, 0, 0.54%, 1, 0, 4, 1432.56
1775231374, 500, 161, 364, 0, 0, 0.54%, 1, 0, 4, 1503.73
1775231379, 500, 237, 364, 0, 0, 0.54%, 1, 0, 4, 1492.45
1775231384, 500, 322, 364, 0, 0, 0.54%, 1, 0, 4, 1437.31
1775231389, 501, 9, 364, 0, 0, 0.54%, 1, 0, 4, 1408.36
1775231394, 501, 33, 364, 0, 0, 0.54%, 1, 0, 4, 1465.78
1775231399, 501, 101, 364, 0, 0, 0.54%, 1, 0, 4, 1442.72
1775231404, 501, 161, 364, 0, 0, 0.54%, 1, 0, 4, 1398.72
1775231409, 501, 274, 364, 0, 0, 0.54%, 1, 0, 4, 1321.93
1775231414, 502, 1, 364, 0, 0, 0.54%, 1, 0, 4, 1631.84
1775231420, 502, 56, 364, 0, 0, 0.54%, 1, 0, 4, 1526.08
1775231425, 502, 101, 364, 0, 0, 0.54%, 1, 0, 4, 1487.09
1775231430, 502, 156, 364, 0, 0, 0.54%, 1, 0, 4, 1453.49
1775231435, 502, 265, 364, 0, 0, 0.54%, 1, 0, 4, 1388.41
1775231440, 502, 289, 364, 0, 0, 0.54%, 1, 0, 4, 1308.99
1775231445, 503, 31, 364, 0, 0, 0.54%, 1, 0, 4, 1323.90
1775231450, 503, 81, 364, 0, 0, 0.54%, 1, 0, 4, 1402.25
1775231455, 503, 148, 364, 0, 0, 0.54%, 1, 0, 4, 1381.08
1775231460, 503, 238, 364, 0, 0, 0.54%, 1, 0, 4, 1337.65
1775231465, 503, 308, 364, 0, 0, 0.54%, 1, 0, 4, 1316.40
1775231471, 504, 27, 364, 0, 0, 0.54%, 1, 0, 4, 1309.29
1775231476, 504, 63, 364, 0, 0, 0.54%, 1, 0, 4, 1523.12
1775231481, 504, 106, 364, 0, 0, 0.54%, 1, 0, 4, 1372.34
1775231486, 504, 191, 364, 0, 0, 0.54%, 1, 0, 4, 1361.59
1775231491, 504, 265, 364, 0, 0, 0.54%, 1, 0, 4, 1397.66
1775231496, 504, 339, 364, 0, 0, 0.54%, 1, 0, 4, 1404.65
1775231501, 505, 58, 364, 0, 0, 0.54%, 1, 0, 4, 1372.79
1775231506, 505, 103, 364, 0, 0, 0.54%, 1, 0, 4, 1421.01
1775231511, 505, 205, 364, 0, 0, 0.54%, 1, 0, 4, 1447.02
1775231516, 505, 274, 364, 0, 0, 0.54%, 1, 0, 4, 1412.24
1775231522, 506, 1, 364, 0, 0, 0.54%, 1, 0, 4, 1296.14
1775231527, 506, 40, 364, 0, 0, 0.54%, 1, 0, 4, 1408.83
1775231532, 506, 101, 364, 0, 0, 0.54%, 1, 0, 4, 1489.09
1775231537, 506, 261, 364, 0, 0, 0.54%, 1, 0, 4, 1380.25
1775231542, 506, 297, 364, 0, 0, 0.54%, 1, 0, 4, 1446.77
1775231547, 506, 352, 364, 0, 0, 0.54%, 1, 0, 4, 1188.26
1775231552, 507, 33, 364, 0, 0, 0.54%, 1, 0, 4, 1340.29
1775231557, 507, 93, 364, 0, 0, 0.54%, 1, 0, 4, 1486.17
1775231563, 507, 121, 364, 0, 0, 0.54%, 1, 0, 4, 1418.30
1775231568, 507, 261, 364, 0, 0, 0.54%, 1, 0, 4, 1417.48
1775231573, 507, 288, 364, 0, 0, 0.54%, 1, 0, 4, 1433.39
1775231578, 508, 31, 364, 0, 0, 0.54%, 1, 0, 4, 1499.93
1775231583, 508, 64, 364, 0, 0, 0.54%, 1, 0, 4, 1540.36
1775231588, 508, 169, 364, 0, 0, 0.54%, 1, 0, 4, 1502.55
1775231593, 508, 241, 364, 0, 0, 0.54%, 1, 0, 4, 1437.09
1775231598, 508, 276, 364, 0, 0, 0.54%, 1, 0, 4, 1416.61
1775231603, 508, 358, 364, 0, 0, 0.54%, 1, 0, 4, 1517.90
1775231608, 509, 9, 364, 0, 0, 0.54%, 1, 0, 4, 1608.54
1775231614, 509, 50, 364, 0, 0, 0.54%, 1, 0, 4, 1354.88
1775231619, 509, 103, 364, 0, 0, 0.54%, 1, 0, 4, 1469.41
1775231624, 509, 262, 364, 0, 0, 0.54%, 1, 0, 4, 1478.29
1775231629, 509, 301, 364, 0, 0, 0.54%, 1, 0, 4, 1293.17
1775231634, 510, 31, 364, 0, 0, 0.54%, 1, 0, 4, 1426.81
1775231639, 510, 101, 364, 0, 0, 0.54%, 1, 0, 4, 1471.27
1775231644, 510, 167, 364, 0, 0, 0.54%, 1, 0, 4, 1473.80
1775231649, 510, 207, 364, 0, 0, 0.54%, 1, 0, 4, 1266.20
1775231654, 510, 274, 364, 0, 0, 0.54%, 1, 0, 4, 1468.97
1775231660, 511, 17, 364, 0, 0, 0.54%, 1, 0, 4, 1340.99
1775231665, 511, 68, 364, 0, 0, 0.54%, 1, 0, 4, 1518.87
1775231670, 511, 103, 364, 0, 0, 0.54%, 1, 0, 4, 1489.26
1775231675, 511, 274, 364, 0, 0, 0.54%, 1, 0, 4, 1425.19
1775231680, 511, 361, 364, 0, 0, 0.54%, 1, 0, 4, 235.04
1775231685, 512, 27, 364, 0, 0, 0.54%, 1, 0, 4, 1520.91
1775231690, 512, 63, 364, 0, 0, 0.54%, 1, 0, 4, 1529.48
1775231695, 512, 139, 364, 0, 0, 0.54%, 1, 0, 4, 1484.92
1775231700, 512, 261, 364, 0, 0, 0.54%, 1, 0, 4, 1413.67
1775231706, 512, 322, 364, 0, 0, 0.54%, 1, 0, 4, 1406.06
1775231711, 513, 31, 364, 0, 0, 0.54%, 1, 0, 4, 1325.22
1775231716, 513, 71, 364, 0, 0, 0.54%, 1, 0, 4, 1428.90
1775231721, 513, 103, 364, 0, 0, 0.54%, 1, 0, 4, 1445.04
1775231726, 513, 203, 364, 0, 0, 0.54%, 1, 0, 4, 1328.24
1775231731, 513, 274, 364, 0, 0, 0.54%, 1, 0, 4, 1378.33
1775231736, 513, 359, 364, 0, 0, 0.54%, 1, 0, 4, 1291.67
1775231741, 514, 16, 364, 0, 0, 0.54%, 1, 0, 4, 1373.40
1775231746, 514, 31, 364, 0, 0, 0.54%, 1, 0, 4, 1396.35
1775231751, 514, 101, 364, 0, 0, 0.54%, 1, 0, 4, 1478.18
1775231756, 514, 151, 364, 0, 0, 0.54%, 1, 0, 4, 1501.83
1775231761, 514, 253, 364, 0, 0, 0.54%, 1, 0, 4, 1480.05
1775231767, 514, 276, 364, 0, 0, 0.54%, 1, 0, 4, 1512.77
1775231772, 515, 29, 364, 0, 0, 0.54%, 1, 0, 4, 1417.89
1775231777, 515, 65, 364, 0, 0, 0.54%, 1, 0, 4, 1480.24
1775231782, 515, 118, 364, 0, 0, 0.54%, 1, 0, 4, 1452.72
1775231787, 515, 221, 364, 0, 0, 0.54%, 1, 0, 4, 1445.11
1775231792, 515, 274, 364, 0, 0, 0.54%, 1, 0, 4, 1489.25
1775231797, 516, 6, 364, 0, 0, 0.54%, 1, 0, 4, 1430.27
1775231802, 516, 33, 364, 0, 0, 0.54%, 1, 0, 4, 1381.42
1775231807, 516, 101, 364, 0, 0, 0.54%, 1, 0, 4, 1689.03
1775231812, 516, 152, 364, 0, 0, 0.54%, 1, 0, 4, 1563.38
1775231817, 516, 223, 364, 0, 0, 0.54%, 1, 0, 4, 1454.37
1775231822, 516, 322, 364, 0, 0, 0.54%, 1, 0, 4, 1406.61
1775231828, 517, 33, 364, 0, 0, 0.54%, 1, 0, 4, 1417.73
1775231833, 517, 71, 364, 0, 0, 0.54%, 1, 0, 4, 1538.28
1775231838, 517, 108, 364, 0, 0, 0.54%, 1, 0, 4, 1548.73
1775231843, 517, 136, 364, 0, 0, 0.54%, 1, 0, 4, 1473.73
1775231848, 517, 219, 364, 0, 0, 0.54%, 1, 0, 4, 1454.86
1775231853, 517, 276, 364, 0, 0, 0.54%, 1, 0, 4, 1442.49
1775231858, 518, 9, 364, 0, 0, 0.54%, 1, 0, 4, 1318.95
1775231863, 518, 32, 364, 0, 0, 0.54%, 1, 0, 4, 1453.01
1775231869, 518, 76, 364, 0, 0, 0.54%, 1, 0, 4, 1406.42
1775231874, 518, 112, 364, 0, 0, 0.54%, 1, 0, 4, 1486.87
1775231879, 518, 159, 364, 0, 0, 0.54%, 1, 0, 4, 1432.83
1775231884, 518, 265, 364, 0, 0, 0.54%, 1, 0, 4, 1428.71
1775231889, 518, 361, 364, 0, 0, 0.54%, 1, 0, 4, 1341.09
1775231894, 519, 29, 364, 0, 0, 0.54%, 1, 0, 4, 1444.33
1775231899, 519, 63, 364, 0, 0, 0.54%, 1, 0, 4, 1401.85
1775231904, 519, 101, 364, 0, 0, 0.54%, 1, 0, 4, 1493.99
1775231909, 519, 209, 364, 0, 0, 0.54%, 1, 0, 4, 1491.48
1775231914, 519, 275, 364, 0, 0, 0.54%, 1, 0, 4, 1384.36
1775231919, 520, 29, 364, 0, 0, 0.54%, 1, 0, 4, 1414.06
1775231925, 520, 63, 364, 0, 0, 0.54%, 1, 0, 4, 1441.21
1775231930, 520, 177, 364, 0, 0, 0.54%, 1, 0, 4, 1451.53
1775231935, 520, 274, 364, 0, 0, 0.54%, 1, 0, 4, 1486.11
1775231940, 521, 9, 364, 0, 0, 0.54%, 1, 0, 4, 1362.77
1775231945, 521, 34, 364, 0, 0, 0.54%, 1, 0, 4, 1358.49
1775231950, 521, 103, 364, 0, 0, 0.54%, 1, 0, 4, 1434.88
1775231955, 521, 216, 364, 0, 0, 0.54%, 1, 0, 4, 1485.00
1775231960, 521, 286, 364, 0, 0, 0.54%, 1, 0, 4, 1270.64
1775231965, 522, 9, 364, 0, 0, 0.54%, 1, 0, 4, 1310.10
1775231970, 522, 51, 364, 0, 0, 0.54%, 1, 0, 4, 1354.28
1775231975, 522, 89, 364, 0, 0, 0.54%, 1, 0, 4, 1387.24
1775231980, 522, 171, 364, 0, 0, 0.54%, 1, 0, 4, 1329.89
1775231986, 522, 261, 364, 0, 0, 0.54%, 1, 0, 4, 1356.89
1775231991, 522, 304, 364, 0, 0, 0.54%, 1, 0, 4, 1436.91
1775231996, 523, 33, 364, 0, 0, 0.54%, 1, 0, 4, 1462.70
1775232001, 523, 101, 364, 0, 0, 0.54%, 1, 0, 4, 1498.20
1775232006, 523, 219, 364, 0, 0, 0.54%, 1, 0, 4, 1460.14
1775232011, 523, 268, 364, 0, 0, 0.54%, 1, 0, 4, 1439.49
1775232016, 523, 337, 364, 0, 0, 0.54%, 1, 0, 4, 1238.11
1775232021, 524, 31, 364, 0, 0, 0.54%, 1, 0, 4, 1280.87
1775232026, 524, 89, 364, 0, 0, 0.54%, 1, 0, 4, 1389.06
1775232031, 524, 172, 364, 0, 0, 0.54%, 1, 0, 4, 1492.00
1775232037, 524, 242, 364, 0, 0, 0.54%, 1, 0, 4, 1325.40
1775232042, 524, 276, 364, 0, 0, 0.54%, 1, 0, 4, 1382.01
1775232047, 525, 9, 364, 0, 0, 0.54%, 1, 0, 4, 1189.50
1775232052, 525, 64, 364, 0, 0, 0.54%, 1, 0, 4, 1399.88
1775232057, 525, 137, 364, 0, 0, 0.54%, 1, 0, 4, 1458.20
1775232062, 525, 202, 364, 0, 0, 0.54%, 1, 0, 4, 1402.69
1775232067, 525, 274, 364, 0, 0, 0.54%, 1, 0, 4, 1411.75
1775232072, 526, 9, 364, 0, 0, 0.54%, 1, 0, 4, 1485.19
1775232078, 526, 63, 364, 0, 0, 0.54%, 1, 0, 4, 1578.06
1775232083, 526, 108, 364, 0, 0, 0.54%, 1, 0, 4, 1511.97
1775232088, 526, 273, 364, 0, 0, 0.54%, 1, 0, 4, 1491.87
1775232093, 527, 9, 364, 0, 0, 0.54%, 1, 0, 4, 1371.84
1775232098, 527, 38, 364, 0, 0, 0.54%, 1, 0, 4, 1408.03
1775232103, 527, 101, 364, 0, 0, 0.54%, 1, 0, 4, 1272.71
1775232108, 527, 159, 364, 0, 0, 0.54%, 1, 0, 4, 1406.30
1775232113, 527, 207, 364, 0, 0, 0.54%, 1, 0, 4, 1369.48
1775232118, 527, 274, 364, 0, 0, 0.54%, 1, 0, 4, 1402.08
1775232123, 527, 360, 364, 0, 0, 0.54%, 1, 0, 4, 1348.08
1775232128, 528, 33, 364, 0, 0, 0.54%, 1, 0, 4, 1579.81
1775232134, 528, 89, 364, 0, 0, 0.54%, 1, 0, 4, 1459.51
1775232139, 528, 150, 364, 0, 0, 0.54%, 1, 0, 4, 1341.74
1775232144, 528, 261, 364, 0, 0, 0.54%, 1, 0, 4, 1348.24
1775232149, 528, 312, 364, 0, 0, 0.54%, 1, 0, 4, 1377.84
1775232154, 529, 2, 364, 0, 0, 0.54%, 1, 0, 4, 1186.18
1775232159, 529, 31, 364, 0, 0, 0.54%, 1, 0, 4, 1385.02
1775232164, 529, 101, 364, 0, 0, 0.54%, 1, 0, 4, 1508.19
1775232169, 529, 148, 364, 0, 0, 0.54%, 1, 0, 4, 1460.87
1775232174, 529, 275, 364, 0, 0, 0.54%, 1, 0, 4, 1425.89
1775232179, 529, 359, 364, 0, 0, 0.54%, 1, 0, 4, 1404.08
1775232185, 530, 29, 365, 1, 0, 0.54%, 1, 0, 4, 1576.31
1775232190, 530, 63, 365, 1, 0, 0.54%, 1, 0, 4, 1482.19
1775232195, 530, 149, 365, 1, 0, 0.54%, 1, 0, 4, 1418.36
1775232200, 530, 274, 365, 1, 0, 0.54%, 1, 0, 4, 289.59
1775232205, 530, 336, 365, 1, 0, 0.54%, 1, 0, 4, 1016.86
1775232210, 531, 9, 365, 0, 0, 0.54%, 1, 0, 4, 1309.53
1775232215, 531, 64, 365, 0, 0, 0.54%, 1, 0, 4, 1477.03
1775232220, 531, 108, 365, 0, 0, 0.54%, 1, 0, 4, 1454.70
1775232225, 531, 191, 365, 0, 0, 0.54%, 1, 0, 4, 1416.19
1775232230, 531, 265, 365, 0, 0, 0.54%, 1, 0, 4, 1437.49
1775232236, 531, 359, 365, 0, 0, 0.54%, 1, 0, 4, 1466.11
1775232241, 532, 31, 365, 0, 0, 0.54%, 1, 0, 4, 1523.06
1775232246, 532, 90, 365, 0, 0, 0.54%, 1, 0, 4, 1513.16
1775232251, 532, 165, 365, 0, 0, 0.54%, 1, 0, 4, 1551.94
1775232256, 532, 261, 365, 0, 0, 0.54%, 1, 0, 4, 1498.59
1775232261, 532, 276, 365, 0, 0, 0.54%, 1, 0, 4, 1310.93
1775232266, 533, 9, 365, 0, 0, 0.54%, 1, 0, 4, 1366.49
1775232271, 533, 38, 365, 0, 0, 0.54%, 1, 0, 4, 1462.98
1775232276, 533, 89, 365, 0, 0, 0.54%, 1, 0, 4, 1492.97
1775232281, 533, 116, 365, 0, 0, 0.54%, 1, 0, 4, 1424.55
1775232286, 533, 265, 365, 0, 0, 0.54%, 1, 0, 4, 1419.79
1775232291, 533, 322, 365, 0, 0, 0.54%, 1, 0, 4, 1454.14
1775232296, 534, 33, 365, 0, 0, 0.54%, 1, 0, 4, 1017.29
1775232301, 534, 103, 365, 0, 0, 0.54%, 1, 0, 4, 1414.99
1775232307, 534, 184, 365, 0, 0, 0.54%, 1, 0, 4, 1405.91
1775232312, 534, 276, 365, 0, 0, 0.54%, 1, 0, 4, 1363.72
1775232317, 535, 9, 365, 0, 0, 0.54%, 1, 0, 4, 1186.78
1775232322, 535, 63, 365, 0, 0, 0.54%, 1, 0, 4, 1468.56
1775232327, 535, 95, 365, 0, 0, 0.54%, 1, 0, 4, 1475.39
1775232332, 535, 259, 365, 0, 0, 0.54%, 1, 0, 4, 1401.42
1775232337, 535, 277, 365, 0, 0, 0.54%, 1, 0, 4, 1271.87
1775232342, 536, 31, 365, 0, 0, 0.54%, 1, 0, 4, 1327.54
1775232347, 536, 59, 365, 0, 0, 0.54%, 1, 0, 4, 1376.96
1775232353, 536, 103, 365, 0, 0, 0.54%, 1, 0, 4, 1495.99
1775232358, 536, 261, 365, 0, 0, 0.54%, 1, 0, 4, 1359.52
1775232363, 536, 314, 365, 0, 0, 0.54%, 1, 0, 4, 1386.49
1775232368, 536, 360, 365, 0, 0, 0.54%, 1, 0, 4, 1260.00
1775232373, 537, 21, 365, 0, 0, 0.54%, 1, 0, 4, 945.06
1775232378, 537, 64, 365, 0, 0, 0.54%, 1, 0, 4, 1375.52
1775232383, 537, 108, 365, 0, 0, 0.54%, 1, 0, 4, 1385.07
1775232388, 537, 238, 365, 0, 0, 0.54%, 1, 0, 4, 1427.85
1775232393, 537, 275, 365, 0, 0, 0.54%, 1, 0, 4, 1482.88
1775232398, 537, 352, 365, 0, 0, 0.54%, 1, 0, 4, 1280.55
1775232403, 538, 15, 365, 0, 0, 0.54%, 1, 0, 4, 1418.92
1775232409, 538, 63, 365, 0, 0, 0.54%, 1, 0, 4, 1470.79
1775232414, 538, 103, 365, 0, 0, 0.54%, 1, 0, 4, 1410.53
1775232419, 538, 163, 365, 0, 0, 0.54%, 1, 0, 4, 1391.44
1775232424, 538, 265, 365, 0, 0, 0.54%, 1, 0, 4, 1495.29
1775232429, 539, 9, 365, 0, 0, 0.54%, 1, 0, 4, 1313.59
1775232434, 539, 64, 365, 0, 0, 0.54%, 1, 0, 4, 1548.24
1775232439, 539, 108, 365, 0, 0, 0.54%, 1, 0, 4, 1633.95
1775232444, 539, 215, 365, 0, 0, 0.54%, 1, 0, 4, 1409.82
1775232450, 539, 275, 365, 0, 0, 0.54%, 1, 0, 4, 1344.50
1775232455, 540, 9, 365, 0, 0, 0.54%, 1, 0, 4, 1328.60
1775232460, 540, 58, 365, 0, 0, 0.54%, 1, 0, 4, 1368.38
1775232465, 540, 90, 365, 0, 0, 0.54%, 1, 0, 4, 1375.71
1775232470, 540, 129, 365, 0, 0, 0.54%, 1, 0, 4, 1457.12
1775232475, 540, 194, 365, 0, 0, 0.54%, 1, 0, 4, 1501.29
1775232480, 540, 272, 365, 0, 0, 0.54%, 1, 0, 4, 1551.91
1775232485, 540, 322, 365, 0, 0, 0.54%, 1, 0, 4, 1309.99
1775232490, 541, 9, 365, 0, 0, 0.54%, 1, 0, 4, 1219.02
1775232496, 541, 42, 365, 0, 0, 0.54%, 1, 0, 4, 1296.45
1775232501, 541, 89, 365, 0, 0, 0.54%, 1, 0, 4, 1413.34
1775232506, 541, 155, 365, 0, 0, 0.54%, 1, 0, 4, 1367.55
1775232511, 541, 261, 365, 0, 0, 0.54%, 1, 0, 4, 1387.92
1775232516, 541, 303, 365, 0, 0, 0.54%, 1, 0, 4, 1427.92
1775232521, 542, 33, 365, 0, 0, 0.54%, 1, 0, 4, 1353.01
1775232526, 542, 89, 365, 0, 0, 0.54%, 1, 0, 4, 1428.25
1775232531, 542, 118, 365, 0, 0, 0.54%, 1, 0, 4, 1468.54
1775232536, 542, 274, 365, 0, 0, 0.54%, 1, 0, 4, 1484.08
1775232541, 542, 357, 365, 0, 0, 0.54%, 1, 0, 4, 1185.69
1775232547, 543, 34, 365, 0, 0, 0.54%, 1, 0, 4, 1352.27
1775232552, 543, 103, 365, 0, 0, 0.54%, 1, 0, 4, 1465.86
1775232557, 543, 159, 365, 0, 0, 0.54%, 1, 0, 4, 1512.68
1775232562, 543, 274, 365, 0, 0, 0.54%, 1, 0, 4, 1465.48
1775232567, 544, 29, 365, 0, 0, 0.54%, 1, 0, 4, 1406.36
1775232572, 544, 63, 365, 0, 0, 0.54%, 1, 0, 4, 1429.54
1775232577, 544, 103, 365, 0, 0, 0.54%, 1, 0, 4, 1419.84
1775232582, 544, 167, 365, 0, 0, 0.54%, 1, 0, 4, 1312.98
1775232587, 544, 268, 365, 0, 0, 0.54%, 1, 0, 4, 1336.23
1775232592, 544, 327, 365, 0, 0, 0.54%, 1, 0, 4, 1224.30
1775232597, 545, 31, 365, 0, 0, 0.54%, 1, 0, 4, 1361.57
1775232603, 545, 84, 365, 0, 0, 0.54%, 1, 0, 4, 1461.43
1775232608, 545, 122, 365, 0, 0, 0.54%, 1, 0, 4, 1317.71
1775232613, 545, 263, 365, 0, 0, 0.54%, 1, 0, 4, 1325.72
1775232618, 545, 293, 365, 0, 0, 0.54%, 1, 0, 4, 1240.09
1775232623, 546, 30, 365, 0, 0, 0.54%, 1, 0, 4, 1194.10
1775232628, 546, 89, 365, 0, 0, 0.54%, 1, 0, 4, 1362.15
1775232633, 546, 194, 365, 0, 0, 0.54%, 1, 0, 4, 1463.46
1775232638, 546, 274, 365, 0, 0, 0.54%, 1, 0, 4, 1406.30
1775232643, 546, 347, 365, 0, 0, 0.54%, 1, 0, 4, 1349.62
1775232648, 547, 31, 365, 0, 0, 0.54%, 1, 0, 4, 1299.60
1775232654, 547, 64, 365, 0, 0, 0.54%, 1, 0, 4, 1388.28
1775232659, 547, 173, 365, 0, 0, 0.54%, 1, 0, 4, 1473.85
1775232664, 547, 274, 365, 0, 0, 0.54%, 1, 0, 4, 1494.01
1775232669, 548, 24, 365, 0, 0, 0.54%, 1, 0, 4, 1483.04
1775232674, 548, 53, 365, 0, 0, 0.54%, 1, 0, 4, 1371.25
1775232679, 548, 108, 365, 0, 0, 0.54%, 1, 0, 4, 1479.40
1775232684, 548, 231, 365, 0, 0, 0.54%, 1, 0, 4, 1394.10
1775232689, 548, 276, 365, 0, 0, 0.54%, 1, 0, 4, 1397.84
1775232694, 549, 11, 365, 0, 0, 0.54%, 1, 0, 4, 1367.29
1775232699, 549, 57, 365, 0, 0, 0.54%, 1, 0, 4, 1484.84
1775232704, 549, 99, 365, 0, 0, 0.54%, 1, 0, 4, 1449.17
1775232709, 549, 152, 365, 0, 0, 0.54%, 1, 0, 4, 1326.38
1775232714, 549, 228, 365, 0, 0, 0.54%, 1, 0, 4, 1368.06
1775232719, 549, 274, 365, 0, 0, 0.54%, 1, 0, 4, 1442.43
1775232724, 550, 29, 365, 0, 0, 0.54%, 1, 0, 4, 1451.32
1775232730, 550, 89, 365, 0, 0, 0.54%, 1, 0, 4, 1490.86
1775232735, 550, 115, 365, 0, 0, 0.54%, 1, 0, 4, 1411.43
1775232740, 550, 158, 365, 0, 0, 0.54%, 1, 0, 4, 1445.14
1775232745, 550, 232, 365, 0, 0, 0.54%, 1, 0, 4, 1349.62
1775232750, 550, 274, 365, 0, 0, 0.54%, 1, 0, 4, 1371.88
1775232755, 550, 338, 365, 0, 0, 0.54%, 1, 0, 4, 1300.44
1775232760, 551, 31, 365, 0, 0, 0.54%, 1, 0, 4, 1417.84
1775232765, 551, 101, 365, 0, 0, 0.54%, 1, 0, 4, 1474.54
1775232770, 551, 156, 365, 0, 0, 0.54%, 1, 0, 4, 1523.00
1775232775, 551, 265, 365, 0, 0, 0.54%, 1, 0, 4, 1432.15
1775232780, 551, 307, 365, 0, 0, 0.54%, 1, 0, 4, 1354.37
1775232785, 552, 31, 365, 0, 0, 0.54%, 1, 0, 4, 1354.51
1775232790, 552, 89, 365, 0, 0, 0.54%, 1, 0, 4, 1407.04
1775232796, 552, 156, 365, 0, 0, 0.54%, 1, 0, 4, 1438.64
1775232801, 552, 247, 365, 0, 0, 0.54%, 1, 0, 4, 1392.17
1775232806, 552, 275, 365, 0, 0, 0.54%, 1, 0, 4, 1480.81
1775232811, 553, 9, 365, 0, 0, 0.54%, 1, 0, 4, 1341.30
1775232816, 553, 51, 365, 0, 0, 0.54%, 1, 0, 4, 1479.52
1775232821, 553, 101, 365, 0, 0, 0.54%, 1, 0, 4, 1425.46
1775232826, 553, 189, 365, 0, 0, 0.54%, 1, 0, 4, 1363.24
1775232831, 553, 258, 365, 0, 0, 0.54%, 1, 0, 4, 1364.24
1775232836, 553, 276, 365, 0, 0, 0.54%, 1, 0, 4, 1366.85
1775232841, 554, 9, 365, 0, 0, 0.54%, 1, 0, 4, 1402.96
1775232846, 554, 58, 365, 0, 0, 0.54%, 1, 0, 4, 1494.68
1775232851, 554, 103, 365, 0, 0, 0.54%, 1, 0, 4, 1489.76
1775232856, 554, 242, 365, 0, 0, 0.54%, 1, 0, 4, 1397.02
1775232862, 554, 276, 365, 0, 0, 0.54%, 1, 0, 4, 1303.38
1775232867, 555, 0, 365, 0, 0, 0.54%, 1, 0, 4, 1440.83
1775232872, 555, 31, 365, 0, 0, 0.54%, 1, 0, 4, 1459.49
1775232877, 555, 85, 365, 0, 0, 0.54%, 1, 0, 4, 1393.25
1775232882, 555, 109, 365, 0, 0, 0.54%, 1, 0, 4, 1415.97
1775232887, 555, 253, 365, 0, 0, 0.54%, 1, 0, 4, 1334.53
1775232892, 555, 274, 365, 0, 0, 0.54%, 1, 0, 4, 1346.33
1775232897, 556, 29, 365, 0, 0, 0.54%, 1, 0, 4, 1344.90
1775232902, 556, 101, 365, 0, 0, 0.54%, 1, 0, 4, 1503.22
1775232907, 556, 152, 365, 0, 0, 0.54%, 1, 0, 4, 1438.63
1775232913, 556, 274, 365, 0, 0, 0.54%, 1, 0, 4, 1483.78
1775232918, 557, 9, 365, 0, 0, 0.54%, 1, 0, 4, 1267.54
1775232923, 557, 32, 365, 0, 0, 0.54%, 1, 0, 4, 1352.02
1775232928, 557, 67, 365, 0, 0, 0.54%, 1, 0, 4, 1494.26
1775232933, 557, 107, 365, 0, 0, 0.54%, 1, 0, 4, 1453.04
1775232938, 557, 161, 365, 0, 0, 0.54%, 1, 0, 4, 1486.69
1775232943, 557, 274, 365, 0, 0, 0.54%, 1, 0, 4, 1498.99
1775232948, 558, 1, 365, 0, 0, 0.54%, 1, 0, 4, 1233.13
1775232953, 558, 43, 365, 0, 0, 0.54%, 1, 0, 4, 1411.14
1775232958, 558, 64, 365, 0, 0, 0.54%, 1, 0, 4, 1458.54
1775232963, 558, 135, 365, 0, 0, 0.54%, 1, 0, 4, 1382.77
1775232968, 558, 240, 365, 0, 0, 0.54%, 1, 0, 4, 1396.85
1775232973, 558, 275, 365, 0, 0, 0.54%, 1, 0, 4, 1453.92
1775232979, 558, 359, 365, 0, 0, 0.54%, 1, 0, 4, 1439.34
1775232984, 559, 31, 365, 0, 0, 0.54%, 1, 0, 4, 1460.82
1775232989, 559, 101, 365, 0, 0, 0.54%, 1, 0, 4, 1431.27
1775232994, 559, 137, 365, 0, 0, 0.54%, 1, 0, 4, 1220.67
1775232999, 559, 264, 365, 0, 0, 0.54%, 1, 0, 4, 1421.15
1775233004, 559, 286, 365, 0, 0, 0.54%, 1, 0, 4, 1343.67
1775233009, 560, 18, 365, 0, 0, 0.54%, 1, 0, 4, 1425.14
1775233014, 560, 42, 365, 0, 0, 0.54%, 1, 0, 4, 1355.90
1775233020, 560, 103, 365, 0, 0, 0.54%, 1, 0, 4, 1512.86
1775233025, 560, 255, 365, 0, 0, 0.54%, 1, 0, 4, 1478.97
1775233030, 560, 276, 365, 0, 0, 0.54%, 1, 0, 4, 1428.48
1775233035, 561, 9, 365, 0, 0, 0.54%, 1, 0, 4, 1306.36
1775233040, 561, 40, 365, 0, 0, 0.54%, 1, 0, 4, 1325.39
1775233045, 561, 64, 365, 0, 0, 0.54%, 1, 0, 4, 1370.54
1775233050, 561, 108, 365, 0, 0, 0.54%, 1, 0, 4, 1317.21
1775233055, 561, 265, 365, 0, 0, 0.54%, 1, 0, 4, 1408.22
1775233060, 561, 276, 365, 0, 0, 0.54%, 1, 0, 4, 378.88
1775233065, 562, 20, 365, 0, 0, 0.54%, 1, 0, 4, 1114.55
1775233070, 562, 63, 365, 0, 0, 0.54%, 1, 0, 4, 1422.78
1775233075, 562, 105, 365, 0, 0, 0.54%, 1, 0, 4, 1355.39
1775233080, 562, 201, 365, 0, 0, 0.54%, 1, 0, 4, 1446.50
1775233085, 562, 265, 365, 0, 0, 0.54%, 1, 0, 4, 1427.34
1775233091, 562, 322, 365, 0, 0, 0.54%, 1, 0, 4, 1350.77
1775233096, 563, 32, 365, 0, 0, 0.54%, 1, 0, 4, 1415.26
1775233101, 563, 77, 365, 0, 0, 0.54%, 1, 0, 4, 1516.01
1775233106, 563, 130, 365, 0, 0, 0.54%, 1, 0, 4, 1482.65
1775233111, 563, 261, 365, 0, 0, 0.54%, 1, 0, 4, 1459.37
1775233116, 563, 322, 365, 0, 0, 0.54%, 1, 0, 4, 1438.28
1775233121, 564, 23, 365, 0, 0, 0.54%, 1, 0, 4, 1227.69
1775233126, 564, 47, 365, 0, 0, 0.54%, 1, 0, 4, 1344.89
1775233131, 564, 94, 365, 0, 0, 0.54%, 1, 0, 4, 1406.38
1775233136, 564, 231, 365, 0, 0, 0.54%, 1, 0, 4, 1451.41
1775233142, 564, 275, 365, 0, 0, 0.54%, 1, 0, 4, 1382.55
1775233147, 564, 347, 365, 0, 0, 0.54%, 1, 0, 4, 1204.10
1775233152, 565, 31, 365, 0, 0, 0.54%, 1, 0, 4, 1268.32
1775233157, 565, 103, 365, 0, 0, 0.54%, 1, 0, 4, 1397.43
1775233162, 565, 261, 365, 0, 0, 0.54%, 1, 0, 4, 1505.53
1775233167, 565, 287, 365, 0, 0, 0.54%, 1, 0, 4, 1464.44
1775233172, 566, 19, 365, 0, 0, 0.54%, 1, 0, 4, 1267.05
1775233177, 566, 50, 365, 0, 0, 0.54%, 1, 0, 4, 1259.25
1775233182, 566, 101, 365, 0, 0, 0.54%, 1, 0, 4, 1417.91
1775233187, 566, 172, 365, 0, 0, 0.54%, 1, 0, 4, 1383.99
1775233192, 566, 265, 365, 0, 0, 0.54%, 1, 0, 4, 1399.91
1775233197, 566, 357, 365, 0, 0, 0.54%, 1, 0, 4, 1238.01
1775233203, 567, 33, 365, 0, 0, 0.54%, 1, 0, 4, 1326.79
1775233208, 567, 91, 365, 0, 0, 0.54%, 1, 0, 4, 1428.39
1775233213, 567, 111, 365, 0, 0, 0.54%, 1, 0, 4, 1398.43
1775233218, 567, 159, 365, 0, 0, 0.54%, 1, 0, 4, 1446.58
1775233223, 567, 265, 365, 0, 0, 0.54%, 1, 0, 4, 1417.07
1775233228, 567, 322, 365, 0, 0, 0.54%, 1, 0, 4, 1298.97
1775233233, 568, 15, 365, 0, 0, 0.54%, 1, 0, 4, 1126.87
1775233238, 568, 56, 365, 0, 0, 0.54%, 1, 0, 4, 1277.80
1775233243, 568, 77, 365, 0, 0, 0.54%, 1, 0, 4, 1395.71
1775233248, 568, 113, 365, 0, 0, 0.54%, 1, 0, 4, 1459.56
1775233253, 568, 170, 365, 0, 0, 0.54%, 1, 0, 4, 1456.30
1775233259, 568, 245, 365, 0, 0, 0.54%, 1, 0, 4, 1418.88
1775233264, 568, 274, 365, 0, 0, 0.54%, 1, 0, 4, 1485.40
1775233269, 568, 322, 365, 0, 0, 0.54%, 1, 0, 4, 1250.08
1775233274, 569, 29, 365, 0, 0, 0.54%, 1, 0, 4, 1106.53
1775233279, 569, 58, 365, 0, 0, 0.54%, 1, 0, 4, 1429.30
1775233284, 569, 153, 365, 0, 0, 0.54%, 1, 0, 4, 1502.66
1775233289, 569, 257, 365, 0, 0, 0.54%, 1, 0, 4, 1418.61
1775233294, 569, 322, 365, 0, 0, 0.54%, 1, 0, 4, 1334.51
1775233299, 570, 31, 365, 0, 0, 0.54%, 1, 0, 4, 1367.99
1775233304, 570, 96, 365, 0, 0, 0.54%, 1, 0, 4, 1430.00
1775233309, 570, 115, 365, 0, 0, 0.54%, 1, 0, 4, 1442.51
1775233315, 570, 219, 365, 0, 0, 0.54%, 1, 0, 4, 1404.78
1775233320, 570, 265, 365, 0, 0, 0.54%, 1, 0, 4, 1498.64
1775233325, 570, 364, 365, 0, 0, 0.54%, 1, 0, 4, 1275.73
1775233330, 571, 29, 365, 0, 0, 0.54%, 1, 0, 4, 603.58
1775233335, 571, 86, 365, 0, 0, 0.54%, 1, 0, 4, 1305.15
1775233340, 571, 127, 365, 0, 0, 0.54%, 1, 0, 4, 1323.81
1775233345, 571, 223, 365, 0, 0, 0.54%, 1, 0, 4, 1365.98
1775233350, 571, 274, 365, 0, 0, 0.54%, 1, 0, 4, 1486.22
1775233355, 571, 336, 365, 0, 0, 0.54%, 1, 0, 4, 1138.91
1775233360, 572, 24, 365, 0, 0, 0.54%, 1, 0, 4, 1017.87
1775233366, 572, 64, 365, 0, 0, 0.54%, 1, 0, 4, 1354.04
1775233371, 572, 108, 365, 0, 0, 0.54%, 1, 0, 4, 1401.86
1775233376, 572, 225, 365, 0, 0, 0.54%, 1, 0, 4, 1473.71
1775233381, 572, 272, 365, 0, 0, 0.54%, 1, 0, 4, 1460.18
1775233386, 572, 356, 365, 0, 0, 0.54%, 1, 0, 4, 1301.11
1775233391, 573, 31, 365, 0, 0, 0.54%, 1, 0, 4, 1615.70
1775233396, 573, 91, 365, 0, 0, 0.54%, 1, 0, 4, 1500.54
1775233401, 573, 230, 365, 0, 0, 0.54%, 1, 0, 4, 1490.50
1775233406, 573, 274, 365, 0, 0, 0.54%, 1, 0, 4, 1494.18
1775233411, 574, 29, 365, 0, 0, 0.54%, 1, 0, 4, 1012.60
1775233416, 574, 62, 365, 0, 0, 0.54%, 1, 0, 4, 1326.74
1775233421, 574, 108, 365, 0, 0, 0.54%, 1, 0, 4, 1364.14
1775233426, 574, 239, 365, 0, 0, 0.54%, 1, 0, 4, 1399.21
1775233431, 574, 276, 365, 0, 0, 0.54%, 1, 0, 4, 1381.20
1775233436, 575, 8, 365, 0, 0, 0.54%, 1, 0, 4, 1218.80
1775233441, 575, 58, 365, 0, 0, 0.54%, 1, 0, 4, 1310.76
1775233446, 575, 103, 365, 0, 0, 0.54%, 1, 0, 4, 1455.04
1775233452, 575, 201, 365, 0, 0, 0.54%, 1, 0, 4, 1370.18
1775233457, 575, 276, 365, 0, 0, 0.54%, 1, 0, 4, 1399.41
1775233462, 576, 9, 365, 0, 0, 0.54%, 1, 0, 4, 1392.67
1775233467, 576, 64, 365, 0, 0, 0.54%, 1, 0, 4, 1452.55
1775233472, 576, 138, 365, 0, 0, 0.54%, 1, 0, 4, 1473.48
1775233477, 576, 247, 365, 0, 0, 0.54%, 1, 0, 4, 1459.15
1775233482, 576, 276, 365, 0, 0, 0.54%, 1, 0, 4, 1406.94
1775233487, 577, 11, 365, 0, 0, 0.54%, 1, 0, 4, 1357.23
1775233492, 577, 37, 365, 0, 0, 0.54%, 1, 0, 4, 1488.96
1775233497, 577, 107, 365, 0, 0, 0.54%, 1, 0, 4, 1647.50
1775233502, 577, 131, 365, 0, 0, 0.54%, 1, 0, 4, 1407.77
1775233508, 577, 181, 365, 0, 0, 0.54%, 1, 0, 4, 1285.50
1775233513, 577, 295, 365, 0, 0, 0.54%, 1, 0, 4, 1403.87
1775233518, 578, 29, 365, 0, 0, 0.54%, 1, 0, 4, 1484.37
1775233523, 578, 64, 365, 0, 0, 0.54%, 1, 0, 4, 1510.00
1775233528, 578, 114, 365, 0, 0, 0.54%, 1, 0, 4, 1454.65
1775233533, 578, 274, 365, 0, 0, 0.54%, 1, 0, 4, 1464.24
1775233538, 578, 335, 365, 0, 0, 0.54%, 1, 0, 4, 1230.02
1775233543, 579, 33, 365, 0, 0, 0.54%, 1, 0, 4, 1435.49
1775233548, 579, 89, 365, 0, 0, 0.54%, 1, 0, 4, 1376.95
1775233554, 579, 141, 365, 0, 0, 0.54%, 1, 0, 4, 1375.97
1775233559, 579, 231, 365, 0, 0, 0.54%, 1, 0, 4, 1364.81
1775233564, 579, 274, 365, 0, 0, 0.54%, 1, 0, 4, 1359.51
1775233569, 579, 322, 365, 0, 0, 0.54%, 1, 0, 4, 1358.58
1775233574, 580, 9, 365, 0, 0, 0.54%, 1, 0, 4, 1282.78
1775233579, 580, 35, 365, 0, 0, 0.54%, 1, 0, 4, 1375.38
1775233584, 580, 64, 365, 0, 0, 0.54%, 1, 0, 4, 1293.43
1775233589, 580, 166, 365, 0, 0, 0.54%, 1, 0, 4, 1428.87
1775233594, 580, 261, 365, 0, 0, 0.54%, 1, 0, 4, 1451.02
1775233600, 580, 309, 365, 0, 0, 0.54%, 1, 0, 4, 1429.95
1775233605, 581, 31, 365, 0, 0, 0.54%, 1, 0, 4, 1484.44
1775233610, 581, 89, 365, 0, 0, 0.54%, 1, 0, 4, 1476.49
1775233615, 581, 134, 365, 0, 0, 0.54%, 1, 0, 4, 1521.25
1775233620, 581, 211, 365, 0, 0, 0.54%, 1, 0, 4, 1431.56
1775233625, 581, 261, 365, 0, 0, 0.54%, 1, 0, 4, 1381.79
1775233630, 581, 286, 365, 0, 0, 0.54%, 1, 0, 4, 1431.42
1775233636, 582, 29, 365, 0, 0, 0.54%, 1, 0, 4, 1448.40
1775233641, 582, 58, 365, 0, 0, 0.54%, 1, 0, 4, 1411.16
1775233646, 582, 94, 365, 0, 0, 0.54%, 1, 0, 4, 1442.36
1775233651, 582, 152, 365, 0, 0, 0.54%, 1, 0, 4, 1499.50
1775233656, 582, 275, 365, 0, 0, 0.54%, 1, 0, 4, 1511.44
1775233661, 583, 9, 365, 0, 0, 0.54%, 1, 0, 4, 1407.08
1775233666, 583, 31, 365, 0, 0, 0.54%, 1, 0, 4, 1402.05
1775233671, 583, 66, 365, 0, 0, 0.54%, 1, 0, 4, 1344.77
1775233677, 583, 104, 365, 0, 0, 0.54%, 1, 0, 4, 1331.59
1775233682, 583, 169, 365, 0, 0, 0.54%, 1, 0, 4, 1403.25
1775233687, 583, 261, 365, 0, 0, 0.54%, 1, 0, 4, 1458.72
1775233692, 583, 307, 365, 0, 0, 0.54%, 1, 0, 4, 1365.52
1775233697, 584, 29, 365, 0, 0, 0.54%, 1, 0, 4, 1342.26
1775233702, 584, 74, 365, 0, 0, 0.54%, 1, 0, 4, 1519.88
1775233707, 584, 108, 365, 0, 0, 0.54%, 1, 0, 4, 1457.94
1775233712, 584, 238, 365, 0, 0, 0.54%, 1, 0, 4, 1341.21
1775233717, 584, 276, 365, 0, 0, 0.54%, 1, 0, 4, 1401.20
1775233722, 585, 17, 365, 0, 0, 0.54%, 1, 0, 4, 1541.92
1775233727, 585, 63, 365, 0, 0, 0.54%, 1, 0, 4, 1537.84
1775233733, 585, 108, 365, 0, 0, 0.54%, 1, 0, 4, 1462.60
1775233738, 585, 265, 365, 0, 0, 0.54%, 1, 0, 4, 1476.09
1775233743, 586, 3, 365, 0, 0, 0.54%, 1, 0, 4, 1442.40
1775233748, 586, 54, 365, 0, 0, 0.54%, 1, 0, 4, 1504.46
1775233753, 586, 108, 365, 0, 0, 0.54%, 1, 0, 4, 1523.68
1775233758, 586, 244, 365, 0, 0, 0.54%, 1, 0, 4, 1372.30
1775233763, 586, 267, 365, 0, 0, 0.54%, 1, 0, 4, 1485.09
1775233768, 586, 322, 365, 0, 0, 0.54%, 1, 0, 4, 1350.40
1775233773, 587, 18, 365, 0, 0, 0.54%, 1, 0, 4, 1318.62
1775233778, 587, 42, 365, 0, 0, 0.54%, 1, 0, 4, 1247.69
1775233783, 587, 101, 365, 0, 0, 0.54%, 1, 0, 4, 1401.83
1775233788, 587, 184, 365, 0, 0, 0.54%, 1, 0, 4, 1397.49
1775233794, 587, 253, 365, 0, 0, 0.54%, 1, 0, 4, 1400.76
1775233799, 587, 322, 365, 0, 0, 0.54%, 1, 0, 4, 1382.83
1775233804, 588, 31, 365, 0, 0, 0.54%, 1, 0, 4, 1417.07
1775233809, 588, 64, 365, 0, 0, 0.54%, 1, 0, 4, 1365.64
1775233814, 588, 103, 365, 0, 0, 0.54%, 1, 0, 4, 1302.01
1775233819, 588, 156, 365, 0, 0, 0.54%, 1, 0, 4, 1370.55
1775233824, 588, 271, 365, 0, 0, 0.54%, 1, 0, 4, 1339.86
1775233829, 588, 357, 365, 0, 0, 0.54%, 1, 0, 4, 1183.26
1775233834, 589, 31, 365, 0, 0, 0.54%, 1, 0, 4, 1326.16
1775233839, 589, 89, 365, 0, 0, 0.54%, 1, 0, 4, 864.69
1775233844, 589, 156, 365, 0, 0, 0.54%, 1, 0, 4, 1383.31
1775233849, 589, 243, 365, 0, 0, 0.54%, 1, 0, 4, 1350.39
1775233854, 589, 275, 365, 0, 0, 0.54%, 1, 0, 4, 1425.03
1775233859, 590, 29, 365, 0, 0, 0.54%, 1, 0, 4, 1440.20
1775233865, 590, 64, 365, 0, 0, 0.54%, 1, 0, 4, 1368.64
1775233870, 590, 103, 365, 0, 0, 0.54%, 1, 0, 4, 1390.37
1775233875, 590, 223, 365, 0, 0, 0.54%, 1, 0, 4, 1337.99
1775233880, 590, 249, 365, 0, 0, 0.54%, 1, 0, 4, 1342.80
1775233885, 590, 276, 365, 0, 0, 0.54%, 1, 0, 4, 1231.75
1775233890, 591, 29, 365, 0, 0, 0.54%, 1, 0, 4, 1327.28
1775233895, 591, 46, 365, 0, 0, 0.54%, 1, 0, 4, 1383.10
1775233900, 591, 101, 365, 0, 0, 0.54%, 1, 0, 4, 1455.10
1775233905, 591, 183, 365, 0, 0, 0.54%, 1, 0, 4, 1468.85
1775233910, 591, 265, 365, 0, 0, 0.54%, 1, 0, 4, 1453.43
1775233916, 591, 319, 365, 0, 0, 0.54%, 1, 0, 4, 1394.73
1775233921, 592, 18, 365, 0, 0, 0.54%, 1, 0, 4, 1421.37
1775233926, 592, 50, 365, 0, 0, 0.54%, 1, 0, 4, 1369.94
1775233931, 592, 101, 365, 0, 0, 0.54%, 1, 0, 4, 1406.05
1775233936, 592, 207, 365, 0, 0, 0.54%, 1, 0, 4, 1288.28
1775233941, 592, 265, 365, 0, 0, 0.54%, 1, 0, 4, 1395.46
1775233946, 592, 322, 365, 0, 0, 0.54%, 1, 0, 4, 1293.48
1775233951, 593, 29, 365, 0, 0, 0.54%, 1, 0, 4, 1286.51
1775233956, 593, 63, 365, 0, 0, 0.54%, 1, 0, 4, 1444.31
1775233961, 593, 92, 365, 0, 0, 0.54%, 1, 0, 4, 1387.00
1775233966, 593, 131, 365, 0, 0, 0.54%, 1, 0, 4, 1349.12
1775233971, 593, 265, 365, 0, 0, 0.54%, 1, 0, 4, 1507.39
1775233977, 594, 1, 365, 0, 0, 0.54%, 1, 0, 4, 1302.03
1775233982, 594, 33, 365, 0, 0, 0.54%, 1, 0, 4, 1374.78
1775233987, 594, 83, 365, 0, 0, 0.54%, 1, 0, 4, 1285.40
1775233992, 594, 120, 365, 0, 0, 0.54%, 1, 0, 4, 1346.99
1775233997, 594, 276, 365, 0, 0, 0.54%, 1, 0, 4, 1393.31
1775234002, 594, 344, 365, 0, 0, 0.54%, 1, 0, 4, 1261.00
1775234007, 595, 26, 365, 0, 0, 0.54%, 1, 0, 4, 1198.08
1775234012, 595, 48, 365, 0, 0, 0.54%, 1, 0, 4, 1469.39
1775234017, 595, 87, 365, 0, 0, 0.54%, 1, 0, 4, 1468.06
1775234023, 595, 131, 365, 0, 0, 0.54%, 1, 0, 4, 1484.12
1775234028, 595, 274, 365, 0, 0, 0.54%, 1, 0, 4, 1501.99
1775234033, 595, 313, 365, 0, 0, 0.54%, 1, 0, 4, 1352.48
1775234038, 596, 29, 365, 0, 0, 0.54%, 1, 0, 4, 1348.11
1775234043, 596, 63, 365, 0, 0, 0.54%, 1, 0, 4, 1528.01
1775234048, 596, 130, 365, 0, 0, 0.54%, 1, 0, 4, 1460.80
1775234053, 596, 227, 365, 0, 0, 0.54%, 1, 0, 4, 1460.47
1775234058, 596, 276, 365, 0, 0, 0.54%, 1, 0, 4, 1548.75
1775234063, 597, 29, 365, 0, 0, 0.54%, 1, 0, 4, 1511.64
1775234068, 597, 68, 365, 0, 0, 0.54%, 1, 0, 4, 1507.72
1775234073, 597, 108, 365, 0, 0, 0.54%, 1, 0, 4, 1341.76
1775234078, 597, 201, 365, 0, 0, 0.54%, 1, 0, 4, 1477.86
1775234083, 597, 265, 365, 0, 0, 0.54%, 1, 0, 4, 1521.73
1775234089, 597, 354, 365, 0, 0, 0.54%, 1, 0, 4, 1257.55
1775234094, 598, 29, 365, 0, 0, 0.54%, 1, 0, 4, 1279.93
1775234099, 598, 89, 365, 0, 0, 0.54%, 1, 0, 4, 1383.09
1775234104, 598, 201, 365, 0, 0, 0.54%, 1, 0, 4, 1402.85
1775234109, 598, 273, 365, 0, 0, 0.54%, 1, 0, 4, 1407.84
1775234114, 598, 359, 365, 0, 0, 0.54%, 1, 0, 4, 1458.53
1775234119, 599, 31, 365, 0, 0, 0.54%, 1, 0, 4, 1458.53
1775234124, 599, 72, 365, 0, 0, 0.54%, 1, 0, 4, 1467.99
1775234129, 599, 108, 365, 0, 0, 0.54%, 1, 0, 4, 1298.92
1775234134, 599, 247, 365, 0, 0, 0.54%, 1, 0, 4, 1322.38
1775234140, 599, 268, 365, 0, 0, 0.54%, 1, 0, 4, 1409.75
1775234145, 599, 322, 365, 0, 0, 0.54%, 1, 0, 4, 1233.07
1775234150, 600, 29, 365, 0, 0, 0.54%, 1, 0, 4, 1382.39
1775234155, 600, 63, 365, 0, 0, 0.54%, 1, 0, 4, 1540.33
1775234160, 600, 158, 365, 0, 0, 0.54%, 1, 0, 4, 1533.23
1775234165, 600, 274, 365, 0, 0, 0.54%, 1, 0, 4, 1501.43
1775234170, 600, 364, 365, 0, 0, 0.54%, 1, 0, 4, 1313.95
1775234175, 601, 26, 365, 0, 0, 0.54%, 1, 0, 4, 1338.43
1775234180, 601, 58, 365, 0, 0, 0.54%, 1, 0, 4, 1296.54
1775234185, 601, 106, 365, 0, 0, 0.54%, 1, 0, 4, 1449.08
1775234191, 601, 265, 365, 0, 0, 0.54%, 1, 0, 4, 1360.01
1775234196, 601, 315, 365, 0, 0, 0.54%, 1, 0, 4, 1347.88
1775234201, 602, 31, 365, 0, 0, 0.54%, 1, 0, 4, 1323.82
1775234206, 602, 63, 365, 0, 0, 0.54%, 1, 0, 4, 1470.59
1775234211, 602, 108, 365, 0, 0, 0.54%, 1, 0, 4, 1446.23
1775234216, 602, 261, 365, 0, 0, 0.54%, 1, 0, 4, 1334.60
1775234221, 602, 355, 365, 0, 0, 0.54%, 1, 0, 4, 1291.57
1775234226, 603, 31, 365, 0, 0, 0.54%, 1, 0, 4, 1466.70
1775234231, 603, 101, 365, 0, 0, 0.54%, 1, 0, 4, 1513.49
1775234236, 603, 194, 365, 0, 0, 0.54%, 1, 0, 4, 1422.03
1775234241, 603, 275, 365, 0, 0, 0.54%, 1, 0, 4, 1453.66
1775234247, 604, 29, 365, 0, 0, 0.54%, 1, 0, 4, 1522.90
1775234252, 604, 63, 365, 0, 0, 0.54%, 1, 0, 4, 1430.68
1775234257, 604, 138, 365, 0, 0, 0.54%, 1, 0, 4, 1433.36
1775234262, 604, 265, 365, 0, 0, 0.54%, 1, 0, 4, 1479.53
1775234267, 604, 322, 365, 0, 0, 0.54%, 1, 0, 4, 1295.17
1775234272, 605, 29, 365, 0, 0, 0.54%, 1, 0, 4, 1421.50
1775234277, 605, 64, 365, 0, 0, 0.54%, 1, 0, 4, 1399.58
1775234282, 605, 105, 365, 0, 0, 0.54%, 1, 0, 4, 1390.77
1775234288, 605, 198, 365, 0, 0, 0.54%, 1, 0, 4, 1405.44
1775234293, 605, 275, 365, 0, 0, 0.54%, 1, 0, 4, 1575.35
1775234298, 605, 359, 365, 0, 0, 0.54%, 1, 0, 4, 1306.03
1775234303, 606, 9, 365, 0, 0, 0.54%, 1, 0, 4, 1257.88
1775234308, 606, 33, 365, 0, 0, 0.54%, 1, 0, 4, 1321.94
1775234313, 606, 97, 365, 0, 0, 0.54%, 1, 0, 4, 1405.83
1775234318, 606, 145, 365, 0, 0, 0.54%, 1, 0, 4, 1580.07
1775234323, 606, 275, 365, 0, 0, 0.54%, 1, 0, 4, 1477.36
1775234328, 607, 16, 365, 0, 0, 0.54%, 1, 0, 4, 1408.06
1775234333, 607, 64, 365, 0, 0, 0.54%, 1, 0, 4, 1402.85
1775234338, 607, 130, 365, 0, 0, 0.54%, 1, 0, 4, 1442.94
1775234343, 607, 186, 365, 0, 0, 0.54%, 1, 0, 4, 1449.48
1775234348, 607, 261, 365, 0, 0, 0.54%, 1, 0, 4, 1452.00
1775234353, 607, 306, 365, 0, 0, 0.54%, 1, 0, 4, 1425.14
1775234358, 608, 30, 365, 0, 0, 0.54%, 1, 0, 4, 1458.07
1775234363, 608, 89, 365, 0, 0, 0.54%, 1, 0, 4, 1513.44
1775234369, 608, 142, 365, 0, 0, 0.54%, 1, 0, 4, 1339.90
1775234374, 608, 274, 365, 0, 0, 0.54%, 1, 0, 4, 1386.10
1775234379, 609, 9, 365, 0, 0, 0.54%, 1, 0, 4, 1313.47
1775234384, 609, 49, 365, 0, 0, 0.54%, 1, 0, 4, 1348.76
1775234389, 609, 92, 365, 0, 0, 0.54%, 1, 0, 4, 1483.61
1775234394, 609, 201, 365, 0, 0, 0.54%, 1, 0, 4, 1302.03
1775234399, 609, 265, 365, 0, 0, 0.54%, 1, 0, 4, 1403.03
1775234404, 609, 299, 365, 0, 0, 0.54%, 1, 0, 4, 1350.09
1775234409, 610, 29, 365, 0, 0, 0.54%, 1, 0, 4, 1362.39
1775234415, 610, 52, 365, 0, 0, 0.54%, 1, 0, 4, 1438.23
1775234420, 610, 91, 365, 0, 0, 0.54%, 1, 0, 4, 1579.69
1775234425, 610, 261, 365, 0, 0, 0.54%, 1, 0, 4, 1397.48
1775234430, 610, 322, 365, 0, 0, 0.54%, 1, 0, 4, 1278.57
1775234435, 611, 33, 365, 0, 0, 0.54%, 1, 0, 4, 1256.91
1775234440, 611, 75, 365, 0, 0, 0.54%, 1, 0, 4, 1310.77
1775234445, 611, 105, 365, 0, 0, 0.54%, 1, 0, 4, 1308.29
1775234450, 611, 173, 365, 0, 0, 0.54%, 1, 0, 4, 1416.07
1775234455, 611, 265, 365, 0, 0, 0.54%, 1, 0, 4, 1381.43
1775234460, 611, 320, 365, 0, 0, 0.54%, 1, 0, 4, 1305.31
1775234465, 612, 29, 365, 0, 0, 0.54%, 1, 0, 4, 1404.95
1775234470, 612, 101, 365, 0, 0, 0.54%, 1, 0, 4, 1462.24
1775234475, 612, 146, 365, 0, 0, 0.54%, 1, 0, 4, 1390.74
1775234481, 612, 265, 365, 0, 0, 0.54%, 1, 0, 4, 1456.67
1775234486, 612, 333, 365, 0, 0, 0.54%, 1, 0, 4, 1370.98
1775234491, 613, 29, 365, 0, 0, 0.54%, 1, 0, 4, 1372.78
1775234496, 613, 63, 365, 0, 0, 0.54%, 1, 0, 4, 1534.24
1775234501, 613, 148, 365, 0, 0, 0.54%, 1, 0, 4, 1371.11
1775234506, 613, 274, 365, 0, 0, 0.54%, 1, 0, 4, 1459.36
1775234511, 614, 9, 365, 0, 0, 0.54%, 1, 0, 4, 1182.03
1775234516, 614, 63, 365, 0, 0, 0.54%, 1, 0, 4, 1333.11
1775234521, 614, 108, 365, 0, 0, 0.54%, 1, 0, 4, 1779.09
1775234526, 614, 261, 365, 0, 0, 0.54%, 1, 0, 4, 1422.27
1775234531, 614, 312, 365, 0, 0, 0.54%, 1, 0, 4, 1424.05
1775234537, 615, 29, 365, 0, 0, 0.54%, 1, 0, 4, 1424.98
1775234542, 615, 64, 365, 0, 0, 0.54%, 1, 0, 4, 1486.91
1775234547, 615, 131, 365, 0, 0, 0.54%, 1, 0, 4, 1444.63
1775234552, 615, 175, 365, 0, 0, 0.54%, 1, 0, 4, 1268.90
1775234557, 615, 257, 365, 0, 0, 0.54%, 1, 0, 4, 1435.03
1775234562, 615, 304, 365, 0, 0, 0.54%, 1, 0, 4, 1301.38
1775234567, 616, 29, 365, 0, 0, 0.54%, 1, 0, 4, 1400.08
1775234572, 616, 63, 365, 0, 0, 0.54%, 1, 0, 4, 1463.74
1775234577, 616, 101, 365, 0, 0, 0.54%, 1, 0, 4, 1356.11
1775234582, 616, 164, 365, 0, 0, 0.54%, 1, 0, 4, 1408.63
1775234587, 616, 245, 365, 0, 0, 0.54%, 1, 0, 4, 1486.49
1775234592, 616, 327, 365, 0, 0, 0.54%, 1, 0, 4, 1400.80
1775234597, 617, 33, 365, 0, 0, 0.54%, 1, 0, 4, 1452.72
1775234603, 617, 64, 365, 0, 0, 0.54%, 1, 0, 4, 1439.47
1775234608, 617, 153, 365, 0, 0, 0.54%, 1, 0, 4, 1488.73
1775234613, 617, 265, 365, 0, 0, 0.54%, 1, 0, 4, 1476.73
1775234618, 617, 357, 365, 0, 0, 0.54%, 1, 0, 4, 1148.29
1775234623, 618, 29, 365, 0, 0, 0.54%, 1, 0, 4, 1475.43
1775234628, 618, 76, 365, 0, 0, 0.54%, 1, 0, 4, 1461.44
1775234633, 618, 111, 365, 0, 0, 0.54%, 1, 0, 4, 1485.46
1775234638, 618, 142, 365, 0, 0, 0.54%, 1, 0, 4, 1435.12
1775234643, 618, 229, 365, 0, 0, 0.54%, 1, 0, 4, 1254.07
1775234648, 618, 275, 365, 0, 0, 0.54%, 1, 0, 4, 1498.27
1775234654, 619, 7, 365, 0, 0, 0.54%, 1, 0, 4, 1295.90
1775234659, 619, 29, 365, 0, 0, 0.54%, 1, 0, 4, 1415.25
1775234664, 619, 58, 365, 0, 0, 0.54%, 1, 0, 4, 1336.26
1775234669, 619, 103, 365, 0, 0, 0.54%, 1, 0, 4, 1299.11
1775234674, 619, 250, 365, 0, 0, 0.54%, 1, 0, 4, 1440.88
1775234679, 619, 274, 365, 0, 0, 0.54%, 1, 0, 4, 1447.25
1775234684, 620, 9, 365, 0, 0, 0.54%, 1, 0, 4, 1384.68
1775234689, 620, 52, 365, 0, 0, 0.54%, 1, 0, 4, 1340.14
1775234694, 620, 95, 365, 0, 0, 0.54%, 1, 0, 4, 1480.11
1775234700, 620, 112, 365, 0, 0, 0.54%, 1, 0, 4, 1371.03
1775234705, 620, 231, 365, 0, 0, 0.54%, 1, 0, 4, 1408.47
1775234710, 620, 275, 365, 0, 0, 0.54%, 1, 0, 4, 1452.88
1775234715, 621, 9, 365, 0, 0, 0.54%, 1, 0, 4, 1327.90
1775234720, 621, 52, 365, 0, 0, 0.54%, 1, 0, 4, 1424.53
1775234725, 621, 103, 365, 0, 0, 0.54%, 1, 0, 4, 1331.68
1775234730, 621, 210, 365, 0, 0, 0.54%, 1, 0, 4, 1381.37
1775234735, 621, 274, 365, 0, 0, 0.54%, 1, 0, 4, 1385.64
1775234740, 622, 9, 365, 0, 0, 0.54%, 1, 0, 4, 1344.15
1775234745, 622, 50, 365, 0, 0, 0.54%, 1, 0, 4, 1204.51
1775234751, 622, 101, 365, 0, 0, 0.54%, 1, 0, 4, 1329.13
1775234756, 622, 160, 365, 0, 0, 0.54%, 1, 0, 4, 1390.62
1775234761, 622, 274, 365, 0, 0, 0.54%, 1, 0, 4, 1477.20
1775234766, 623, 29, 365, 0, 0, 0.54%, 1, 0, 4, 1422.15
1775234771, 623, 86, 365, 0, 0, 0.54%, 1, 0, 4, 1495.63
1775234776, 623, 103, 365, 0, 0, 0.54%, 1, 0, 4, 1441.07
1775234781, 623, 274, 365, 0, 0, 0.54%, 1, 0, 4, 1461.42
1775234786, 623, 318, 365, 0, 0, 0.54%, 1, 0, 4, 1282.27
1775234791, 624, 31, 365, 0, 0, 0.54%, 1, 0, 4, 1316.00
1775234796, 624, 91, 365, 0, 0, 0.54%, 1, 0, 4, 1484.21
1775234802, 624, 172, 365, 0, 0, 0.54%, 1, 0, 4, 1462.10
1775234807, 624, 265, 365, 0, 0, 0.54%, 1, 0, 4, 1465.53
1775234812, 624, 322, 365, 0, 0, 0.54%, 1, 0, 4, 1365.34
1775234817, 625, 33, 365, 0, 0, 0.54%, 1, 0, 4, 1433.22
1775234822, 625, 89, 365, 0, 0, 0.54%, 1, 0, 4, 1417.03
1775234827, 625, 139, 365, 0, 0, 0.54%, 1, 0, 4, 1415.52
1775234832, 625, 212, 365, 0, 0, 0.54%, 1, 0, 4, 1395.82
1775234837, 625, 274, 365, 0, 0, 0.54%, 1, 0, 4, 1449.91
1775234842, 626, 9, 365, 0, 0, 0.54%, 1, 0, 4, 1526.58
1775234847, 626, 58, 365, 0, 0, 0.54%, 1, 0, 4, 1438.55
1775234852, 626, 103, 365, 0, 0, 0.54%, 1, 0, 4, 1433.96
1775234858, 626, 233, 365, 0, 0, 0.54%, 1, 0, 4, 1472.54
1775234863, 626, 275, 365, 0, 0, 0.54%, 1, 0, 4, 1505.78
1775234868, 626, 349, 365, 0, 0, 0.54%, 1, 0, 4, 1250.17
1775234873, 627, 58, 365, 0, 0, 0.54%, 1, 0, 4, 1451.34
1775234878, 627, 108, 365, 0, 0, 0.54%, 1, 0, 4, 1287.55
1775234883, 627, 232, 365, 0, 0, 0.54%, 1, 0, 4, 1361.11
1775234888, 627, 275, 365, 0, 0, 0.54%, 1, 0, 4, 1567.45
1775234893, 628, 9, 365, 0, 0, 0.54%, 1, 0, 4, 1342.19
1775234898, 628, 64, 365, 0, 0, 0.54%, 1, 0, 4, 1553.34
1775234903, 628, 108, 365, 0, 0, 0.54%, 1, 0, 4, 1432.55
1775234908, 628, 225, 365, 0, 0, 0.54%, 1, 0, 4, 1371.52
1775234914, 628, 265, 365, 0, 0, 0.54%, 1, 0, 4, 1457.57
1775234919, 628, 322, 365, 0, 0, 0.54%, 1, 0, 4, 1397.65
1775234924, 628, 363, 365, 0, 0, 0.54%, 1, 0, 4, 1231.97
1775234929, 629, 33, 365, 0, 0, 0.54%, 1, 0, 4, 1326.12
1775234934, 629, 101, 365, 0, 0, 0.54%, 1, 0, 4, 1524.33
1775234939, 629, 158, 365, 0, 0, 0.54%, 1, 0, 4, 1449.75
1775234944, 629, 211, 365, 0, 0, 0.54%, 1, 0, 4, 1479.68
1775234949, 629, 265, 365, 0, 0, 0.54%, 1, 0, 4, 1470.48
1775234954, 629, 337, 365, 0, 0, 0.54%, 1, 0, 4, 1309.18
1775234959, 630, 9, 365, 0, 0, 0.54%, 1, 0, 4, 1650.04
1775234964, 630, 58, 365, 0, 0, 0.54%, 1, 0, 4, 1524.19
1775234969, 630, 103, 365, 0, 0, 0.54%, 1, 0, 4, 1464.43
1775234974, 630, 176, 365, 0, 0, 0.54%, 1, 0, 4, 1463.21
1775234980, 630, 274, 365, 0, 0, 0.54%, 1, 0, 4, 1407.76
1775234985, 630, 360, 365, 0, 0, 0.54%, 1, 0, 4, 1336.18
1775234990, 631, 1, 365, 0, 0, 0.54%, 1, 0, 4, 1368.72
1775234995, 631, 33, 365, 0, 0, 0.54%, 1, 0, 4, 1355.65
1775235000, 631, 103, 365, 0, 0, 0.54%, 1, 0, 4, 1441.40
1775235005, 631, 237, 365, 0, 0, 0.54%, 1, 0, 4, 1466.08
1775235010, 631, 290, 365, 0, 0, 0.54%, 1, 0, 4, 1457.79
1775235015, 632, 16, 365, 0, 0, 0.54%, 1, 0, 4, 1284.43
1775235020, 632, 37, 365, 0, 0, 0.54%, 1, 0, 4, 1214.00
1775235025, 632, 101, 365, 0, 0, 0.54%, 1, 0, 4, 1301.14
1775235030, 632, 242, 365, 0, 0, 0.54%, 1, 0, 4, 1490.19
1775235035, 632, 285, 365, 0, 0, 0.54%, 1, 0, 4, 1384.28
1775235040, 633, 29, 365, 0, 0, 0.54%, 1, 0, 4, 1379.43
1775235045, 633, 64, 365, 0, 0, 0.54%, 1, 0, 4, 1502.18
1775235051, 633, 101, 365, 0, 0, 0.54%, 1, 0, 4, 1478.99
1775235056, 633, 209, 365, 0, 0, 0.54%, 1, 0, 4, 1435.57
1775235061, 633, 265, 365, 0, 0, 0.54%, 1, 0, 4, 1398.45
1775235066, 633, 310, 365, 0, 0, 0.54%, 1, 0, 4, 1369.91
1775235071, 634, 21, 365, 0, 0, 0.54%, 1, 0, 4, 1310.52
1775235076, 634, 58, 365, 0, 0, 0.54%, 1, 0, 4, 1442.47
1775235081, 634, 103, 365, 0, 0, 0.54%, 1, 0, 4, 1291.03
1775235086, 634, 199, 365, 0, 0, 0.54%, 1, 0, 4, 1401.87
1775235091, 634, 261, 365, 0, 0, 0.54%, 1, 0, 4, 1342.04
1775235096, 634, 347, 365, 0, 0, 0.54%, 1, 0, 4, 1290.32
1775235102, 635, 9, 365, 0, 0, 0.54%, 1, 0, 4, 1417.91
1775235107, 635, 63, 365, 0, 0, 0.54%, 1, 0, 4, 1482.77
1775235112, 635, 101, 365, 0, 0, 0.54%, 1, 0, 4, 1509.89
1775235117, 635, 147, 365, 0, 0, 0.54%, 1, 0, 4, 1445.23
1775235122, 635, 274, 365, 0, 0, 0.54%, 1, 0, 4, 1457.25
1775235127, 635, 332, 365, 0, 0, 0.54%, 1, 0, 4, 1210.55
1775235132, 636, 33, 365, 0, 0, 0.54%, 1, 0, 4, 1376.09
1775235137, 636, 74, 365, 0, 0, 0.54%, 1, 0, 4, 1492.44
1775235142, 636, 136, 365, 0, 0, 0.54%, 1, 0, 4, 1541.53
1775235147, 636, 208, 365, 0, 0, 0.54%, 1, 0, 4, 1465.03
1775235152, 636, 302, 365, 0, 0, 0.54%, 1, 0, 4, 1502.47
1775235157, 637, 9, 365, 0, 0, 0.54%, 1, 0, 4, 1354.91
1775235162, 637, 47, 365, 0, 0, 0.54%, 1, 0, 4, 1474.04
1775235167, 637, 101, 365, 0, 0, 0.54%, 1, 0, 4, 1450.31
1775235173, 637, 231, 365, 0, 0, 0.54%, 1, 0, 4, 1471.85
1775235178, 637, 276, 365, 0, 0, 0.54%, 1, 0, 4, 1454.61
1775235183, 638, 31, 365, 0, 0, 0.54%, 1, 0, 4, 1308.79
1775235188, 638, 101, 365, 0, 0, 0.54%, 1, 0, 4, 1401.39
1775235193, 638, 151, 365, 0, 0, 0.54%, 1, 0, 4, 1384.18
1775235198, 638, 254, 365, 0, 0, 0.54%, 1, 0, 4, 1443.19
1775235203, 638, 274, 365, 0, 0, 0.54%, 1, 0, 4, 1449.79
1775235208, 639, 9, 365, 0, 0, 0.54%, 1, 0, 4, 1344.13
1775235213, 639, 59, 365, 0, 0, 0.54%, 1, 0, 4, 1414.67
1775235218, 639, 103, 365, 0, 0, 0.54%, 1, 0, 4, 1499.14
1775235223, 639, 161, 365, 0, 0, 0.54%, 1, 0, 4, 1384.55
1775235228, 639, 275, 365, 0, 0, 0.54%, 1, 0, 4, 1477.01
1775235234, 640, 29, 365, 0, 0, 0.54%, 1, 0, 4, 1399.48
1775235239, 640, 63, 365, 0, 0, 0.54%, 1, 0, 4, 1483.91
1775235244, 640, 94, 365, 0, 0, 0.54%, 1, 0, 4, 1440.72
1775235249, 640, 214, 365, 0, 0, 0.54%, 1, 0, 4, 1450.32
1775235254, 640, 276, 365, 0, 0, 0.54%, 1, 0, 4, 1411.94
1775235259, 641, 1, 365, 0, 0, 0.54%, 1, 0, 4, 1057.67
1775235264, 641, 57, 365, 0, 0, 0.54%, 1, 0, 4, 1252.54
1775235269, 641, 104, 365, 0, 0, 0.54%, 1, 0, 4, 1408.03
1775235274, 641, 187, 365, 0, 0, 0.54%, 1, 0, 4, 1456.51
1775235280, 641, 266, 365, 0, 0, 0.54%, 1, 0, 4, 1423.63
1775235285, 641, 292, 365, 0, 0, 0.54%, 1, 0, 4, 1305.12
1775235290, 642, 29, 365, 0, 0, 0.54%, 1, 0, 4, 1375.49
1775235295, 642, 89, 365, 0, 0, 0.54%, 1, 0, 4, 1476.46
1775235300, 642, 147, 365, 0, 0, 0.54%, 1, 0, 4, 1424.99
1775235305, 642, 267, 365, 0, 0, 0.54%, 1, 0, 4, 1521.80
1775235310, 642, 318, 365, 0, 0, 0.54%, 1, 0, 4, 1505.05
1775235316, 643, 31, 365, 0, 0, 0.54%, 1, 0, 4, 1501.03
1775235321, 643, 81, 365, 0, 0, 0.54%, 1, 0, 4, 1372.16
1775235326, 643, 115, 365, 0, 0, 0.54%, 1, 0, 4, 1421.92
1775235331, 643, 168, 365, 0, 0, 0.54%, 1, 0, 4, 1365.64
1775235336, 643, 265, 365, 0, 0, 0.54%, 1, 0, 4, 1423.28
1775235341, 643, 359, 365, 0, 0, 0.54%, 1, 0, 4, 1414.23
1775235346, 644, 31, 365, 0, 0, 0.54%, 1, 0, 4, 1580.86
1775235351, 644, 97, 365, 0, 0, 0.54%, 1, 0, 4, 1503.64
1775235356, 644, 163, 365, 0, 0, 0.54%, 1, 0, 4, 1404.57
1775235361, 644, 275, 365, 0, 0, 0.54%, 1, 0, 4, 1416.92
1775235367, 644, 363, 365, 0, 0, 0.54%, 1, 0, 4, 1098.07
1775235372, 645, 36, 365, 0, 0, 0.54%, 1, 0, 4, 1268.30
1775235377, 645, 103, 365, 0, 0, 0.54%, 1, 0, 4, 1384.76
1775235382, 645, 174, 365, 0, 0, 0.54%, 1, 0, 4, 1428.17
1775235387, 645, 252, 365, 0, 0, 0.54%, 1, 0, 4, 1294.66
1775235392, 645, 274, 365, 0, 0, 0.54%, 1, 0, 4, 1411.94
1775235397, 645, 349, 365, 0, 0, 0.54%, 1, 0, 4, 1240.71
1775235402, 646, 9, 365, 0, 0, 0.54%, 1, 0, 4, 1397.04
1775235408, 646, 33, 365, 0, 0, 0.54%, 1, 0, 4, 1347.07
1775235413, 646, 101, 365, 0, 0, 0.54%, 1, 0, 4, 1377.33
1775235418, 646, 132, 365, 0, 0, 0.54%, 1, 0, 4, 1482.02
1775235423, 646, 261, 365, 0, 0, 0.54%, 1, 0, 4, 1486.54
1775235428, 646, 347, 365, 0, 0, 0.54%, 1, 0, 4, 1362.78
1775235433, 647, 61, 365, 0, 0, 0.54%, 1, 0, 4, 1477.23
1775235438, 647, 108, 365, 0, 0, 0.54%, 1, 0, 4, 1383.82
1775235443, 647, 223, 365, 0, 0, 0.54%, 1, 0, 4, 1477.28
1775235448, 647, 274, 365, 0, 0, 0.54%, 1, 0, 4, 1506.10
1775235453, 648, 11, 365, 0, 0, 0.54%, 1, 0, 4, 1369.57
1775235459, 648, 64, 365, 0, 0, 0.54%, 1, 0, 4, 1477.77
1775235464, 648, 112, 365, 0, 0, 0.54%, 1, 0, 4, 1510.91
1775235469, 648, 252, 365, 0, 0, 0.54%, 1, 0, 4, 1472.40
1775235474, 648, 275, 365, 0, 0, 0.54%, 1, 0, 4, 1426.57
1775235479, 649, 29, 365, 0, 0, 0.54%, 1, 0, 4, 1340.73
1775235484, 649, 58, 365, 0, 0, 0.54%, 1, 0, 4, 1480.26
1775235489, 649, 108, 365, 0, 0, 0.54%, 1, 0, 4, 1489.28
1775235494, 649, 266, 365, 0, 0, 0.54%, 1, 0, 4, 1447.16
1775235499, 649, 299, 365, 0, 0, 0.54%, 1, 0, 4, 1328.17
1775235504, 650, 29, 365, 0, 0, 0.54%, 1, 0, 4, 1441.59
1775235509, 650, 101, 365, 0, 0, 0.54%, 1, 0, 4, 1422.28
1775235514, 650, 274, 365, 0, 0, 0.54%, 1, 0, 4, 1494.20
1775235519, 651, 29, 365, 0, 0, 0.54%, 1, 0, 4, 1464.91
1775235524, 651, 89, 365, 0, 0, 0.54%, 1, 0, 4, 1471.64
1775235530, 651, 140, 365, 0, 0, 0.54%, 1, 0, 4, 1032.83
1775235535, 651, 260, 365, 0, 0, 0.54%, 1, 0, 4, 1337.06
1775235540, 651, 275, 365, 0, 0, 0.54%, 1, 0, 4, 1426.47
1775235545, 651, 355, 365, 0, 0, 0.54%, 1, 0, 4, 1160.46
1775235550, 652, 17, 365, 0, 0, 0.54%, 1, 0, 4, 1408.53
1775235555, 652, 64, 365, 0, 0, 0.54%, 1, 0, 4, 1475.80
1775235560, 652, 108, 365, 0, 0, 0.54%, 1, 0, 4, 1305.03
1775235565, 652, 216, 365, 0, 0, 0.54%, 1, 0, 4, 1360.13
1775235570, 652, 265, 365, 0, 0, 0.54%, 1, 0, 4, 1416.81
1775235575, 653, 0, 365, 0, 0, 0.54%, 1, 0, 4, 1269.17
1775235581, 653, 29, 365, 0, 0, 0.54%, 1, 0, 4, 1357.20
1775235586, 653, 68, 365, 0, 0, 0.54%, 1, 0, 4, 1370.22
1775235591, 653, 138, 365, 0, 0, 0.54%, 1, 0, 4, 1375.39
1775235596, 653, 265, 365, 0, 0, 0.54%, 1, 0, 4, 1387.60
1775235601, 653, 315, 365, 0, 0, 0.54%, 1, 0, 4, 1318.03
1775235606, 654, 21, 365, 0, 0, 0.54%, 1, 0, 4, 1345.85
1775235611, 654, 64, 365, 0, 0, 0.54%, 1, 0, 4, 1495.09
1775235616, 654, 109, 365, 0, 0, 0.54%, 1, 0, 4, 1358.06
1775235621, 654, 209, 365, 0, 0, 0.54%, 1, 0, 4, 1422.11
1775235626, 654, 265, 365, 0, 0, 0.54%, 1, 0, 4, 1395.92
1775235631, 654, 322, 365, 0, 0, 0.54%, 1, 0, 4, 1326.49
1775235637, 655, 29, 365, 0, 0, 0.54%, 1, 0, 4, 1360.01
1775235642, 655, 64, 365, 0, 0, 0.54%, 1, 0, 4, 1399.78
1775235647, 655, 124, 365, 0, 0, 0.54%, 1, 0, 4, 1359.49
1775235652, 655, 235, 365, 0, 0, 0.54%, 1, 0, 4, 1438.09
1775235657, 655, 294, 365, 0, 0, 0.54%, 1, 0, 4, 1408.60
1775235662, 656, 27, 365, 0, 0, 0.54%, 1, 0, 4, 1375.58
1775235667, 656, 63, 365, 0, 0, 0.54%, 1, 0, 4, 1350.01
1775235672, 656, 108, 365, 0, 0, 0.54%, 1, 0, 4, 1309.59
1775235677, 656, 156, 365, 0, 0, 0.54%, 1, 0, 4, 1325.22
1775235682, 656, 265, 365, 0, 0, 0.54%, 1, 0, 4, 1397.00
1775235687, 656, 339, 365, 0, 0, 0.54%, 1, 0, 4, 1318.81
1775235692, 657, 58, 365, 0, 0, 0.54%, 1, 0, 4, 1463.84
1775235697, 657, 108, 365, 0, 0, 0.54%, 1, 0, 4, 1452.24
1775235703, 657, 250, 365, 0, 0, 0.54%, 1, 0, 4, 1388.72
1775235708, 657, 274, 365, 0, 0, 0.54%, 1, 0, 4, 1452.10
1775235713, 658, 9, 365, 0, 0, 0.54%, 1, 0, 4, 1217.24
1775235718, 658, 33, 365, 0, 0, 0.54%, 1, 0, 4, 1272.74
1775235723, 658, 75, 365, 0, 0, 0.54%, 1, 0, 4, 1423.03
1775235728, 658, 106, 365, 0, 0, 0.54%, 1, 0, 4, 1391.60
1775235733, 658, 156, 365, 0, 0, 0.54%, 1, 0, 4, 1453.03
1775235738, 658, 208, 365, 0, 0, 0.54%, 1, 0, 4, 1423.07
1775235743, 658, 271, 365, 0, 0, 0.54%, 1, 0, 4, 1461.78
1775235748, 658, 352, 365, 0, 0, 0.54%, 1, 0, 4, 1319.14
1775235753, 659, 33, 365, 0, 0, 0.54%, 1, 0, 4, 1375.84
1775235758, 659, 58, 365, 0, 0, 0.54%, 1, 0, 4, 1413.20
1775235763, 659, 108, 365, 0, 0, 0.54%, 1, 0, 4, 1399.99
1775235769, 659, 168, 365, 0, 0, 0.54%, 1, 0, 4, 1487.01
1775235774, 659, 265, 365, 0, 0, 0.54%, 1, 0, 4, 1513.65
1775235779, 659, 322, 365, 0, 0, 0.54%, 1, 0, 4, 774.48
1775235784, 660, 31, 365, 0, 0, 0.54%, 1, 0, 4, 1273.14
1775235789, 660, 75, 365, 0, 0, 0.54%, 1, 0, 4, 1380.45
1775235794, 660, 101, 365, 0, 0, 0.54%, 1, 0, 4, 1395.61
1775235799, 660, 183, 365, 0, 0, 0.54%, 1, 0, 4, 1368.97
1775235804, 660, 265, 365, 0, 0, 0.54%, 1, 0, 4, 1424.14
1775235809, 660, 364, 365, 0, 0, 0.54%, 1, 0, 4, 1359.33
1775235814, 661, 58, 365, 0, 0, 0.54%, 1, 0, 4, 1472.19
1775235819, 661, 108, 365, 0, 0, 0.54%, 1, 0, 4, 1519.89
1775235824, 661, 267, 365, 0, 0, 0.54%, 1, 0, 4, 1468.79
1775235830, 661, 319, 365, 0, 0, 0.54%, 1, 0, 4, 1345.24
1775235835, 662, 31, 365, 0, 0, 0.54%, 1, 0, 4, 1437.61
1775235840, 662, 103, 365, 0, 0, 0.54%, 1, 0, 4, 1531.11
1775235845, 662, 162, 365, 0, 0, 0.54%, 1, 0, 4, 1390.43
1775235850, 662, 220, 365, 0, 0, 0.54%, 1, 0, 4, 1456.05
1775235855, 662, 263, 365, 0, 0, 0.54%, 1, 0, 4, 1378.47
1775235860, 663, 9, 365, 0, 0, 0.54%, 1, 0, 4, 1347.57
1775235865, 663, 58, 365, 0, 0, 0.54%, 1, 0, 4, 1414.22
1775235870, 663, 103, 365, 0, 0, 0.54%, 1, 0, 4, 1391.78
1775235876, 663, 204, 365, 0, 0, 0.54%, 1, 0, 4, 1381.66
1775235881, 663, 271, 365, 0, 0, 0.54%, 1, 0, 4, 1341.36
1775235886, 664, 29, 365, 0, 0, 0.54%, 1, 0, 4, 1415.91
1775235891, 664, 64, 365, 0, 0, 0.54%, 1, 0, 4, 1512.25
1775235896, 664, 96, 365, 0, 0, 0.54%, 1, 0, 4, 1350.76
1775235901, 664, 147, 365, 0, 0, 0.54%, 1, 0, 4, 1422.09
1775235906, 664, 274, 365, 0, 0, 0.54%, 1, 0, 4, 1459.97
1775235911, 664, 327, 365, 0, 0, 0.54%, 1, 0, 4, 1344.58
1775235916, 665, 11, 365, 0, 0, 0.54%, 1, 0, 4, 1393.95
1775235921, 665, 45, 365, 0, 0, 0.54%, 1, 0, 4, 1460.58
1775235926, 665, 93, 365, 0, 0, 0.54%, 1, 0, 4, 1471.83
1775235931, 665, 125, 365, 0, 0, 0.54%, 1, 0, 4, 1289.23
1775235936, 665, 261, 365, 0, 0, 0.54%, 1, 0, 4, 1383.03
1775235942, 665, 316, 365, 0, 0, 0.54%, 1, 0, 4, 1369.87
1775235947, 666, 9, 365, 0, 0, 0.54%, 1, 0, 4, 1357.88
1775235952, 666, 63, 365, 0, 0, 0.54%, 1, 0, 4, 1439.21
1775235957, 666, 133, 365, 0, 0, 0.54%, 1, 0, 4, 1530.96
1775235962, 666, 261, 365, 0, 0, 0.54%, 1, 0, 4, 1441.13
1775235967, 666, 322, 365, 0, 0, 0.54%, 1, 0, 4, 1351.93
1775235972, 667, 33, 365, 0, 0, 0.54%, 1, 0, 4, 1470.70
1775235977, 667, 89, 365, 0, 0, 0.54%, 1, 0, 4, 1485.42
1775235983, 667, 135, 365, 0, 0, 0.54%, 1, 0, 4, 1371.79
1775235988, 667, 261, 365, 0, 0, 0.54%, 1, 0, 4, 1444.81
1775235993, 667, 276, 365, 0, 0, 0.54%, 1, 0, 4, 1329.73
1775235998, 668, 9, 365, 0, 0, 0.54%, 1, 0, 4, 1314.48
1775236003, 668, 58, 365, 0, 0, 0.54%, 1, 0, 4, 1454.89
1775236008, 668, 103, 365, 0, 0, 0.54%, 1, 0, 4, 1513.78
1775236013, 668, 227, 365, 0, 0, 0.54%, 1, 0, 4, 1479.85
1775236018, 668, 274, 365, 0, 0, 0.54%, 1, 0, 4, 1566.97
1775236023, 668, 359, 365, 0, 0, 0.54%, 1, 0, 4, 1514.61
1775236028, 669, 32, 365, 0, 0, 0.54%, 1, 0, 4, 1513.72
1775236033, 669, 73, 365, 0, 0, 0.54%, 1, 0, 4, 1406.23
1775236038, 669, 140, 365, 0, 0, 0.54%, 1, 0, 4, 1432.66
1775236044, 669, 167, 365, 0, 0, 0.54%, 1, 0, 4, 1490.25
1775236049, 669, 232, 365, 0, 0, 0.54%, 1, 0, 4, 1496.98
1775236054, 669, 275, 365, 0, 0, 0.54%, 1, 0, 4, 1498.58
1775236059, 670, 0, 365, 0, 0, 0.54%, 1, 0, 4, 1394.03
1775236064, 670, 58, 365, 0, 0, 0.54%, 1, 0, 4, 1483.38
1775236069, 670, 106, 365, 0, 0, 0.54%, 1, 0, 4, 1469.79
1775236074, 670, 195, 365, 0, 0, 0.54%, 1, 0, 4, 1330.50
1775236079, 670, 261, 365, 0, 0, 0.54%, 1, 0, 4, 1445.41
1775236084, 670, 291, 365, 0, 0, 0.54%, 1, 0, 4, 1310.98
1775236089, 671, 9, 365, 0, 0, 0.54%, 1, 0, 4, 1447.20
1775236094, 671, 42, 365, 0, 0, 0.54%, 1, 0, 4, 1424.05
1775236099, 671, 101, 365, 0, 0, 0.54%, 1, 0, 4, 1403.69
1775236105, 671, 188, 365, 0, 0, 0.54%, 1, 0, 4, 475.34
1775236110, 671, 266, 365, 0, 0, 0.54%, 1, 0, 4, 1156.26
1775236115, 671, 322, 365, 0, 0, 0.54%, 1, 0, 4, 1297.93
1775236120, 672, 33, 365, 0, 0, 0.54%, 1, 0, 4, 1406.40
1775236125, 672, 89, 365, 0, 0, 0.54%, 1, 0, 4, 1478.95
1775236130, 672, 109, 365, 0, 0, 0.54%, 1, 0, 4, 1384.66
1775236135, 672, 199, 365, 0, 0, 0.54%, 1, 0, 4, 1354.26
1775236140, 672, 265, 365, 0, 0, 0.54%, 1, 0, 4, 1437.67
1775236145, 672, 296, 365, 0, 0, 0.54%, 1, 0, 4, 1419.64
1775236150, 673, 29, 365, 0, 0, 0.54%, 1, 0, 4, 1348.42
1775236155, 673, 64, 365, 0, 0, 0.54%, 1, 0, 4, 1367.23
1775236160, 673, 133, 365, 0, 0, 0.54%, 1, 0, 4, 1397.98
1775236166, 673, 276, 365, 0, 0, 0.54%, 1, 0, 4, 1426.69
1775236171, 674, 9, 365, 0, 0, 0.54%, 1, 0, 4, 1438.48
1775236176, 674, 39, 365, 0, 0, 0.54%, 1, 0, 4, 1469.77
1775236181, 674, 103, 365, 0, 0, 0.54%, 1, 0, 4, 1396.48
1775236186, 674, 189, 365, 0, 0, 0.54%, 1, 0, 4, 1249.29
1775236191, 674, 283, 365, 0, 0, 0.54%, 1, 0, 4, 1334.52
1775236196, 675, 9, 365, 0, 0, 0.54%, 1, 0, 4, 1357.49
1775236201, 675, 33, 365, 0, 0, 0.54%, 1, 0, 4, 1270.87
1775236207, 675, 98, 365, 0, 0, 0.54%, 1, 0, 4, 1483.61
1775236212, 675, 137, 365, 0, 0, 0.54%, 1, 0, 4, 1506.76
1775236217, 675, 265, 365, 0, 0, 0.54%, 1, 0, 4, 1483.99
1775236222, 676, 9, 365, 0, 0, 0.54%, 1, 0, 4, 1362.27
1775236227, 676, 46, 365, 0, 0, 0.54%, 1, 0, 4, 1456.31
1775236232, 676, 108, 365, 0, 0, 0.54%, 1, 0, 4, 1396.94
1775236237, 676, 214, 365, 0, 0, 0.54%, 1, 0, 4, 1366.45
1775236242, 676, 274, 365, 0, 0, 0.54%, 1, 0, 4, 1460.28
1775236247, 676, 340, 365, 0, 0, 0.54%, 1, 0, 4, 1211.42
1775236252, 677, 29, 365, 0, 0, 0.54%, 1, 0, 4, 1326.75
1775236257, 677, 60, 365, 0, 0, 0.54%, 1, 0, 4, 1467.16
1775236262, 677, 129, 365, 0, 0, 0.54%, 1, 0, 4, 1393.19
1775236267, 677, 256, 365, 0, 0, 0.54%, 1, 0, 4, 1389.41
1775236273, 677, 276, 365, 0, 0, 0.54%, 1, 0, 4, 1360.57
1775236278, 678, 1, 365, 0, 0, 0.54%, 1, 0, 4, 1212.91
1775236283, 678, 33, 365, 0, 0, 0.54%, 1, 0, 4, 1330.25
1775236288, 678, 89, 365, 0, 0, 0.54%, 1, 0, 4, 1439.85
1775236293, 678, 165, 365, 0, 0, 0.54%, 1, 0, 4, 1582.31
1775236298, 678, 275, 365, 0, 0, 0.54%, 1, 0, 4, 1556.20
1775236303, 679, 9, 365, 0, 0, 0.54%, 1, 0, 4, 1415.29
1775236308, 679, 45, 365, 0, 0, 0.54%, 1, 0, 4, 1365.00
1775236313, 679, 101, 365, 0, 0, 0.54%, 1, 0, 4, 1455.33
1775236318, 679, 194, 365, 0, 0, 0.54%, 1, 0, 4, 1470.58
1775236323, 679, 261, 365, 0, 0, 0.54%, 1, 0, 4, 1282.92
1775236328, 679, 355, 365, 0, 0, 0.54%, 1, 0, 4, 1230.13
1775236334, 680, 1, 365, 0, 0, 0.54%, 1, 0, 4, 1326.00
1775236339, 680, 33, 365, 0, 0, 0.54%, 1, 0, 4, 1346.78
1775236344, 680, 101, 365, 0, 0, 0.54%, 1, 0, 4, 1428.86
1775236349, 680, 153, 365, 0, 0, 0.54%, 1, 0, 4, 1292.12
1775236354, 680, 195, 365, 0, 0, 0.54%, 1, 0, 4, 1343.61
1775236359, 680, 265, 365, 0, 0, 0.54%, 1, 0, 4, 1359.81
1775236364, 681, 9, 365, 0, 0, 0.54%, 1, 0, 4, 1244.86
1775236369, 681, 58, 365, 0, 0, 0.54%, 1, 0, 4, 1335.31
1775236375, 681, 103, 365, 0, 0, 0.54%, 1, 0, 4, 1436.45
1775236380, 681, 197, 365, 0, 0, 0.54%, 1, 0, 4, 1462.13
1775236385, 681, 265, 365, 0, 0, 0.54%, 1, 0, 4, 1367.04
1775236390, 681, 322, 365, 0, 0, 0.54%, 1, 0, 4, 1309.21
1775236395, 682, 31, 365, 0, 0, 0.54%, 1, 0, 4, 1294.46
1775236400, 682, 63, 365, 0, 0, 0.54%, 1, 0, 4, 1433.72
1775236405, 682, 111, 365, 0, 0, 0.54%, 1, 0, 4, 1500.55
1775236411, 682, 221, 365, 0, 0, 0.54%, 1, 0, 4, 1417.93
1775236416, 682, 275, 365, 0, 0, 0.54%, 1, 0, 4, 1481.57
1775236421, 682, 310, 365, 0, 0, 0.54%, 1, 0, 4, 1402.09
1775236426, 683, 9, 365, 0, 0, 0.54%, 1, 0, 4, 1306.84
1775236431, 683, 58, 365, 0, 0, 0.54%, 1, 0, 4, 1440.28
1775236436, 683, 108, 365, 0, 0, 0.54%, 1, 0, 4, 1571.47
1775236441, 683, 184, 365, 0, 0, 0.54%, 1, 0, 4, 1486.41
1775236446, 683, 240, 365, 0, 0, 0.54%, 1, 0, 4, 1366.38
1775236451, 683, 275, 365, 0, 0, 0.54%, 1, 0, 4, 1436.34
1775236456, 684, 25, 365, 0, 0, 0.54%, 1, 0, 4, 1434.78
1775236461, 684, 42, 365, 0, 0, 0.54%, 1, 0, 4, 1434.18
1775236467, 684, 101, 365, 0, 0, 0.54%, 1, 0, 4, 1444.94
1775236472, 684, 186, 365, 0, 0, 0.54%, 1, 0, 4, 1395.85
1775236477, 684, 261, 365, 0, 0, 0.54%, 1, 0, 4, 1350.32
1775236482, 684, 276, 365, 0, 0, 0.54%, 1, 0, 4, 1410.85
1775236487, 685, 19, 365, 0, 0, 0.54%, 1, 0, 4, 1393.37
1775236492, 685, 64, 365, 0, 0, 0.54%, 1, 0, 4, 1444.97
1775236497, 685, 126, 365, 0, 0, 0.54%, 1, 0, 4, 1391.74
1775236502, 685, 197, 365, 0, 0, 0.54%, 1, 0, 4, 1392.29
1775236507, 685, 261, 365, 0, 0, 0.54%, 1, 0, 4, 1377.55
1775236512, 685, 290, 365, 0, 0, 0.54%, 1, 0, 4, 1328.94
1775236518, 686, 29, 365, 0, 0, 0.54%, 1, 0, 4, 1393.45
1775236523, 686, 64, 365, 0, 0, 0.54%, 1, 0, 4, 1416.92
1775236528, 686, 108, 365, 0, 0, 0.54%, 1, 0, 4, 1450.77
1775236533, 686, 234, 365, 0, 0, 0.54%, 1, 0, 4, 1499.62
1775236538, 686, 276, 365, 0, 0, 0.54%, 1, 0, 4, 1464.65
1775236543, 687, 0, 365, 0, 0, 0.54%, 1, 0, 4, 1497.02
1775236548, 687, 39, 365, 0, 0, 0.54%, 1, 0, 4, 1147.77
1775236553, 687, 89, 365, 0, 0, 0.54%, 1, 0, 4, 1421.19
1775236559, 687, 129, 365, 0, 0, 0.54%, 1, 0, 4, 1467.20
1775236564, 687, 274, 365, 0, 0, 0.54%, 1, 0, 4, 1511.34
1775236569, 687, 358, 365, 0, 0, 0.54%, 1, 0, 4, 1344.23
1775236574, 688, 29, 365, 0, 0, 0.54%, 1, 0, 4, 1375.55
1775236579, 688, 63, 365, 0, 0, 0.54%, 1, 0, 4, 1347.14
1775236584, 688, 147, 365, 0, 0, 0.54%, 1, 0, 4, 1532.60
1775236589, 688, 184, 365, 0, 0, 0.54%, 1, 0, 4, 1531.24
1775236594, 688, 274, 365, 0, 0, 0.54%, 1, 0, 4, 1493.40
1775236599, 688, 328, 365, 0, 0, 0.54%, 1, 0, 4, 1245.43
1775236604, 689, 31, 365, 0, 0, 0.54%, 1, 0, 4, 1280.09
1775236610, 689, 64, 365, 0, 0, 0.54%, 1, 0, 4, 1440.24
1775236615, 689, 130, 365, 0, 0, 0.54%, 1, 0, 4, 1363.85
1775236620, 689, 259, 365, 0, 0, 0.54%, 1, 0, 4, 1592.64
1775236625, 689, 302, 365, 0, 0, 0.54%, 1, 0, 4, 1468.37
1775236630, 690, 5, 365, 0, 0, 0.54%, 1, 0, 4, 1211.23
1775236635, 690, 33, 365, 0, 0, 0.54%, 1, 0, 4, 1378.94
1775236640, 690, 62, 365, 0, 0, 0.54%, 1, 0, 4, 1397.59
1775236646, 690, 103, 365, 0, 0, 0.54%, 1, 0, 4, 1495.93
1775236651, 690, 185, 365, 0, 0, 0.54%, 1, 0, 4, 1396.24
1775236656, 690, 267, 365, 0, 0, 0.54%, 1, 0, 4, 1500.66
1775236661, 690, 331, 365, 0, 0, 0.54%, 1, 0, 4, 1278.84
1775236666, 691, 31, 365, 0, 0, 0.54%, 1, 0, 4, 1322.49
1775236671, 691, 63, 365, 0, 0, 0.54%, 1, 0, 4, 1324.43
1775236676, 691, 96, 365, 0, 0, 0.54%, 1, 0, 4, 1489.53
1775236681, 691, 106, 365, 0, 0, 0.54%, 1, 0, 4, 1377.04
1775236686, 691, 196, 365, 0, 0, 0.54%, 1, 0, 4, 1374.69
1775236691, 691, 275, 365, 0, 0, 0.54%, 1, 0, 4, 1454.94
1775236697, 692, 7, 365, 0, 0, 0.54%, 1, 0, 4, 1209.01
1775236702, 692, 29, 365, 0, 0, 0.54%, 1, 0, 4, 1404.83
1775236707, 692, 76, 365, 0, 0, 0.54%, 1, 0, 4, 1502.72
1775236712, 692, 107, 365, 0, 0, 0.54%, 1, 0, 4, 1347.93
1775236717, 692, 211, 365, 0, 0, 0.54%, 1, 0, 4, 1340.99
1775236722, 692, 274, 365, 0, 0, 0.54%, 1, 0, 4, 1472.00
1775236727, 693, 1, 365, 0, 0, 0.54%, 1, 0, 4, 1394.81
1775236732, 693, 58, 365, 0, 0, 0.54%, 1, 0, 4, 1470.80
1775236737, 693, 108, 365, 0, 0, 0.54%, 1, 0, 4, 1504.03
1775236742, 693, 274, 365, 0, 0, 0.54%, 1, 0, 4, 1500.87
1775236747, 694, 9, 365, 0, 0, 0.54%, 1, 0, 4, 1277.56
1775236752, 694, 33, 365, 0, 0, 0.54%, 1, 0, 4, 1321.84
1775236757, 694, 103, 365, 0, 0, 0.54%, 1, 0, 4, 1481.79
1775236762, 694, 208, 365, 0, 0, 0.54%, 1, 0, 4, 1372.49
1775236768, 694, 261, 365, 0, 0, 0.54%, 1, 0, 4, 1356.05
1775236773, 694, 311, 365, 0, 0, 0.54%, 1, 0, 4, 1397.14
1775236778, 695, 29, 365, 0, 0, 0.54%, 1, 0, 4, 1384.73
1775236783, 695, 45, 365, 0, 0, 0.54%, 1, 0, 4, 1384.87
1775236788, 695, 79, 365, 0, 0, 0.54%, 1, 0, 4, 1482.39
1775236793, 695, 108, 365, 0, 0, 0.54%, 1, 0, 4, 1326.62
1775236798, 695, 190, 365, 0, 0, 0.54%, 1, 0, 4, 1367.16
1775236803, 695, 274, 365, 0, 0, 0.54%, 1, 0, 4, 1459.45
1775236808, 695, 360, 365, 0, 0, 0.54%, 1, 0, 4, 1504.79
1775236814, 696, 58, 365, 0, 0, 0.54%, 1, 0, 4, 1415.55
1775236819, 696, 105, 365, 0, 0, 0.54%, 1, 0, 4, 1434.11
1775236824, 696, 157, 365, 0, 0, 0.54%, 1, 0, 4, 1452.35
1775236829, 696, 258, 365, 0, 0, 0.54%, 1, 0, 4, 1336.57
1775236834, 696, 299, 365, 0, 0, 0.54%, 1, 0, 4, 1359.24
1775236839, 697, 31, 365, 0, 0, 0.54%, 1, 0, 4, 1257.97
1775236844, 697, 101, 365, 0, 0, 0.54%, 1, 0, 4, 1389.72
1775236849, 697, 178, 365, 0, 0, 0.54%, 1, 0, 4, 1455.20
1775236854, 697, 275, 365, 0, 0, 0.54%, 1, 0, 4, 1514.41
1775236859, 698, 1, 365, 0, 0, 0.54%, 1, 0, 4, 1112.69
1775236865, 698, 32, 365, 0, 0, 0.54%, 1, 0, 4, 1388.75
1775236870, 698, 75, 365, 0, 0, 0.54%, 1, 0, 4, 1386.16
1775236875, 698, 135, 365, 0, 0, 0.54%, 1, 0, 4, 1294.90
1775236880, 698, 230, 365, 0, 0, 0.54%, 1, 0, 4, 1398.66
1775236885, 698, 276, 365, 0, 0, 0.54%, 1, 0, 4, 1383.12
1775236890, 699, 9, 365, 0, 0, 0.54%, 1, 0, 4, 1464.02
1775236895, 699, 44, 365, 0, 0, 0.54%, 1, 0, 4, 1393.71
1775236900, 699, 89, 365, 0, 0, 0.54%, 1, 0, 4, 1562.90
1775236905, 699, 113, 365, 0, 0, 0.54%, 1, 0, 4, 1452.24
1775236911, 699, 216, 365, 0, 0, 0.54%, 1, 0, 4, 1315.18
1775236916, 699, 322, 365, 0, 0, 0.54%, 1, 0, 4, 1446.10
1775236921, 700, 9, 365, 0, 0, 0.54%, 1, 0, 4, 1322.55
1775236926, 700, 63, 365, 0, 0, 0.54%, 1, 0, 4, 1508.64
1775236931, 700, 97, 365, 0, 0, 0.54%, 1, 0, 4, 1286.62
1775236936, 700, 165, 365, 0, 0, 0.54%, 1, 0, 4, 1369.65
1775236941, 700, 265, 365, 0, 0, 0.54%, 1, 0, 4, 1444.98
1775236946, 700, 358, 365, 0, 0, 0.54%, 1, 0, 4, 1385.98
1775236952, 701, 31, 365, 0, 0, 0.54%, 1, 0, 4, 1436.81
1775236957, 701, 61, 365, 0, 0, 0.54%, 1, 0, 4, 1372.91
1775236962, 701, 114, 365, 0, 0, 0.54%, 1, 0, 4, 1497.06
1775236967, 701, 187, 365, 0, 0, 0.54%, 1, 0, 4, 1304.42
1775236972, 701, 261, 365, 0, 0, 0.54%, 1, 0, 4, 1271.95
1775236977, 701, 310, 365, 0, 0, 0.54%, 1, 0, 4, 1395.07
1775236982, 702, 29, 365, 0, 0, 0.54%, 1, 0, 4, 1556.40
1775236987, 702, 63, 365, 0, 0, 0.54%, 1, 0, 4, 1455.21
1775236992, 702, 101, 365, 0, 0, 0.54%, 1, 0, 4, 1442.89
1775236997, 702, 190, 365, 0, 0, 0.54%, 1, 0, 4, 1393.07
1775237003, 702, 274, 365, 0, 0, 0.54%, 1, 0, 4, 1439.43
1775237008, 703, 12, 365, 0, 0, 0.54%, 1, 0, 4, 1355.63
1775237013, 703, 63, 365, 0, 0, 0.54%, 1, 0, 4, 1427.92
1775237018, 703, 106, 365, 0, 0, 0.54%, 1, 0, 4, 1511.26
1775237023, 703, 144, 365, 0, 0, 0.54%, 1, 0, 4, 1332.72
1775237028, 703, 246, 365, 0, 0, 0.54%, 1, 0, 4, 1541.26
1775237033, 704, 1, 365, 0, 0, 0.54%, 1, 0, 4, 1480.29
1775237038, 704, 58, 365, 0, 0, 0.54%, 1, 0, 4, 1468.29
1775237043, 704, 148, 365, 0, 0, 0.54%, 1, 0, 4, 1476.71
1775237048, 704, 274, 365, 0, 0, 0.54%, 1, 0, 4, 1530.88
1775237053, 705, 29, 365, 0, 0, 0.54%, 1, 0, 4, 1414.24
1775237058, 705, 63, 365, 0, 0, 0.54%, 1, 0, 4, 1491.57
1775237064, 705, 97, 365, 0, 0, 0.54%, 1, 0, 4, 1522.94
1775237069, 705, 108, 365, 0, 0, 0.54%, 1, 0, 4, 1502.40
1775237074, 705, 225, 365, 0, 0, 0.54%, 1, 0, 4, 1338.80
1775237079, 705, 287, 365, 0, 0, 0.54%, 1, 0, 4, 1391.96
1775237084, 706, 31, 365, 0, 0, 0.54%, 1, 0, 4, 1569.92
1775237089, 706, 63, 365, 0, 0, 0.54%, 1, 0, 4, 1549.22
1775237094, 706, 108, 365, 0, 0, 0.54%, 1, 0, 4, 1587.89
1775237099, 706, 197, 365, 0, 0, 0.54%, 1, 0, 4, 1364.33
1775237104, 706, 265, 365, 0, 0, 0.54%, 1, 0, 4, 1461.07
1775237109, 706, 322, 365, 0, 0, 0.54%, 1, 0, 4, 1303.72
1775237115, 707, 31, 365, 0, 0, 0.54%, 1, 0, 4, 1322.35
1775237120, 707, 63, 365, 0, 0, 0.54%, 1, 0, 4, 1434.06
1775237125, 707, 137, 365, 0, 0, 0.54%, 1, 0, 4, 1438.94
1775237130, 707, 265, 365, 0, 0, 0.54%, 1, 0, 4, 1228.12
1775237135, 707, 283, 365, 0, 0, 0.54%, 1, 0, 4, 1367.97
1775237140, 708, 15, 365, 0, 0, 0.54%, 1, 0, 4, 1341.31
1775237145, 708, 58, 365, 0, 0, 0.54%, 1, 0, 4, 1430.54
1775237150, 708, 116, 365, 0, 0, 0.54%, 1, 0, 4, 1569.87
1775237155, 708, 165, 365, 0, 0, 0.54%, 1, 0, 4, 1628.56
1775237160, 708, 234, 365, 0, 0, 0.54%, 1, 0, 4, 1387.12
1775237166, 708, 265, 365, 0, 0, 0.54%, 1, 0, 4, 1319.71
1775237171, 708, 296, 365, 0, 0, 0.54%, 1, 0, 4, 1261.10
1775237176, 709, 31, 365, 0, 0, 0.54%, 1, 0, 4, 1219.38
1775237181, 709, 63, 365, 0, 0, 0.54%, 1, 0, 4, 1209.01
1775237186, 709, 101, 365, 0, 0, 0.54%, 1, 0, 4, 1301.96
1775237191, 709, 219, 365, 0, 0, 0.54%, 1, 0, 4, 1384.83
1775237196, 709, 275, 365, 0, 0, 0.54%, 1, 0, 4, 1485.81
1775237201, 710, 29, 365, 0, 0, 0.54%, 1, 0, 4, 1367.75
1775237206, 710, 66, 365, 0, 0, 0.54%, 1, 0, 4, 1475.05
1775237212, 710, 108, 365, 0, 0, 0.54%, 1, 0, 4, 1342.77
1775237217, 710, 205, 365, 0, 0, 0.54%, 1, 0, 4, 1398.32
1775237222, 710, 275, 365, 0, 0, 0.54%, 1, 0, 4, 1449.37
1775237227, 710, 358, 365, 0, 0, 0.54%, 1, 0, 4, 1307.88
1775237232, 711, 9, 365, 0, 0, 0.54%, 1, 0, 4, 1427.16
1775237237, 711, 63, 365, 0, 0, 0.54%, 1, 0, 4, 1415.99
1775237242, 711, 108, 365, 0, 0, 0.54%, 1, 0, 4, 1390.77
1775237247, 711, 226, 365, 0, 0, 0.54%, 1, 0, 4, 1528.15
1775237252, 711, 265, 365, 0, 0, 0.54%, 1, 0, 4, 1485.54
1775237258, 712, 1, 365, 0, 0, 0.54%, 1, 0, 4, 1159.08
1775237263, 712, 31, 365, 0, 0, 0.54%, 1, 0, 4, 1402.03
1775237268, 712, 89, 365, 0, 0, 0.54%, 1, 0, 4, 1389.02
1775237273, 712, 122, 365, 0, 0, 0.54%, 1, 0, 4, 1521.35
1775237278, 712, 190, 365, 0, 0, 0.54%, 1, 0, 4, 1314.02
1775237283, 712, 274, 365, 0, 0, 0.54%, 1, 0, 4, 1294.03
1775237288, 712, 363, 365, 0, 0, 0.54%, 1, 0, 4, 1294.46
1775237293, 713, 31, 365, 0, 0, 0.54%, 1, 0, 4, 1489.09
1775237299, 713, 101, 365, 0, 0, 0.54%, 1, 0, 4, 1486.72
1775237304, 713, 171, 365, 0, 0, 0.54%, 1, 0, 4, 1511.71
1775237309, 713, 274, 365, 0, 0, 0.54%, 1, 0, 4, 1386.62
1775237314, 714, 9, 365, 0, 0, 0.54%, 1, 0, 4, 1434.56
1775237319, 714, 58, 365, 0, 0, 0.54%, 1, 0, 4, 1509.58
1775237324, 714, 76, 365, 0, 0, 0.54%, 1, 0, 4, 1370.42
1775237329, 714, 103, 365, 0, 0, 0.54%, 1, 0, 4, 1406.19
1775237334, 714, 171, 365, 0, 0, 0.54%, 1, 0, 4, 1413.22
1775237340, 714, 209, 365, 0, 0, 0.54%, 1, 0, 4, 1368.57
1775237345, 714, 274, 365, 0, 0, 0.54%, 1, 0, 4, 1514.81
1775237350, 714, 357, 365, 0, 0, 0.54%, 1, 0, 4, 1192.00
1775237355, 715, 39, 365, 0, 0, 0.54%, 1, 0, 4, 1463.38
1775237360, 715, 89, 365, 0, 0, 0.54%, 1, 0, 4, 1331.56
1775237365, 715, 140, 365, 0, 0, 0.54%, 1, 0, 4, 1321.02
1775237370, 715, 172, 365, 0, 0, 0.54%, 1, 0, 4, 1356.78
1775237375, 715, 266, 365, 0, 0, 0.54%, 1, 0, 4, 1451.87
1775237380, 715, 322, 365, 0, 0, 0.54%, 1, 0, 4, 1383.32
1775237385, 716, 29, 365, 0, 0, 0.54%, 1, 0, 4, 1281.24
1775237390, 716, 64, 365, 0, 0, 0.54%, 1, 0, 4, 1443.52
1775237395, 716, 210, 365, 0, 0, 0.54%, 1, 0, 4, 1483.40
1775237401, 716, 274, 365, 0, 0, 0.54%, 1, 0, 4, 1427.90
1775237406, 717, 7, 365, 0, 0, 0.54%, 1, 0, 4, 1462.32
1775237411, 717, 33, 365, 0, 0, 0.54%, 1, 0, 4, 1515.98
1775237416, 717, 64, 365, 0, 0, 0.54%, 1, 0, 4, 1387.15
1775237421, 717, 103, 365, 0, 0, 0.54%, 1, 0, 4, 1413.77
1775237426, 717, 184, 365, 0, 0, 0.54%, 1, 0, 4, 1386.73
1775237431, 717, 265, 365, 0, 0, 0.54%, 1, 0, 4, 1408.00
1775237436, 718, 2, 365, 0, 0, 0.54%, 1, 0, 4, 1397.91
1775237441, 718, 31, 365, 0, 0, 0.54%, 1, 0, 4, 1494.06
1775237446, 718, 75, 365, 0, 0, 0.54%, 1, 0, 4, 1521.21
1775237451, 718, 108, 365, 0, 0, 0.54%, 1, 0, 4, 1436.92
1775237456, 718, 167, 365, 0, 0, 0.54%, 1, 0, 4, 1457.10
1775237462, 718, 265, 365, 0, 0, 0.54%, 1, 0, 4, 1473.64
1775237467, 718, 322, 365, 0, 0, 0.54%, 1, 0, 4, 1400.33
1775237472, 719, 31, 365, 0, 0, 0.54%, 1, 0, 4, 1444.94
1775237477, 719, 89, 365, 0, 0, 0.54%, 1, 0, 4, 1474.39
1775237482, 719, 187, 365, 0, 0, 0.54%, 1, 0, 4, 1444.57
1775237487, 719, 274, 365, 0, 0, 0.54%, 1, 0, 4, 1350.32
1775237492, 720, 7, 365, 0, 0, 0.54%, 1, 0, 4, 1446.47
1775237497, 720, 63, 365, 0, 0, 0.54%, 1, 0, 4, 1487.29
1775237502, 720, 101, 365, 0, 0, 0.54%, 1, 0, 4, 1458.89
1775237507, 720, 130, 365, 0, 0, 0.54%, 1, 0, 4, 1365.87
1775237512, 720, 188, 365, 0, 0, 0.54%, 1, 0, 4, 1421.86
1775237517, 720, 274, 365, 0, 0, 0.54%, 1, 0, 4, 1467.15
1775237523, 721, 1, 365, 0, 0, 0.54%, 1, 0, 4, 1316.33
1775237528, 721, 31, 365, 0, 0, 0.54%, 1, 0, 4, 1426.23
1775237533, 721, 97, 365, 0, 0, 0.54%, 1, 0, 4, 887.06
1775237538, 721, 217, 365, 0, 0, 0.54%, 1, 0, 4, 1404.91
1775237543, 721, 274, 365, 0, 0, 0.54%, 1, 0, 4, 1478.13
1775237548, 722, 9, 365, 0, 0, 0.54%, 1, 0, 4, 1369.80
1775237553, 722, 58, 365, 0, 0, 0.54%, 1, 0, 4, 1473.21
1775237558, 722, 104, 365, 0, 0, 0.54%, 1, 0, 4, 1436.18
1775237563, 722, 160, 365, 0, 0, 0.54%, 1, 0, 4, 1402.61
1775237568, 722, 265, 365, 0, 0, 0.54%, 1, 0, 4, 1418.66
1775237573, 723, 9, 365, 0, 0, 0.54%, 1, 0, 4, 1275.71
1775237578, 723, 63, 365, 0, 0, 0.54%, 1, 0, 4, 1520.36
1775237583, 723, 104, 365, 0, 0, 0.54%, 1, 0, 4, 1424.83
1775237588, 723, 141, 365, 0, 0, 0.54%, 1, 0, 4, 1470.74
1775237593, 723, 242, 365, 0, 0, 0.54%, 1, 0, 4, 1525.77
1775237598, 723, 276, 365, 0, 0, 0.54%, 1, 0, 4, 1482.94
1775237604, 724, 31, 365, 0, 0, 0.54%, 1, 0, 4, 1417.21
1775237609, 724, 58, 365, 0, 0, 0.54%, 1, 0, 4, 1522.76
1775237614, 724, 108, 365, 0, 0, 0.54%, 1, 0, 4, 1450.02
1775237619, 724, 237, 365, 0, 0, 0.54%, 1, 0, 4, 1248.28
1775237624, 724, 310, 365, 0, 0, 0.54%, 1, 0, 4, 1393.09
1775237629, 725, 17, 365, 0, 0, 0.54%, 1, 0, 4, 1418.98
1775237634, 725, 58, 365, 0, 0, 0.54%, 1, 0, 4, 1494.99
1775237639, 725, 108, 365, 0, 0, 0.54%, 1, 0, 4, 1483.81
1775237644, 725, 246, 365, 0, 0, 0.54%, 1, 0, 4, 1363.96
1775237649, 725, 276, 365, 0, 0, 0.54%, 1, 0, 4, 1360.79
1775237654, 725, 358, 365, 0, 0, 0.54%, 1, 0, 4, 1143.40
1775237660, 726, 29, 365, 0, 0, 0.54%, 1, 0, 4, 1357.51
1775237665, 726, 63, 365, 0, 0, 0.54%, 1, 0, 4, 1446.92
1775237670, 726, 122, 365, 0, 0, 0.54%, 1, 0, 4, 1384.20
1775237675, 726, 228, 365, 0, 0, 0.54%, 1, 0, 4, 1496.79
1775237680, 726, 275, 365, 0, 0, 0.54%, 1, 0, 4, 1415.14
1775237685, 727, 16, 365, 0, 0, 0.54%, 1, 0, 4, 1404.45
1775237690, 727, 55, 365, 0, 0, 0.54%, 1, 0, 4, 1385.71
1775237695, 727, 98, 365, 0, 0, 0.54%, 1, 0, 4, 1493.89
1775237700, 727, 129, 365, 0, 0, 0.54%, 1, 0, 4, 1280.66
1775237706, 727, 261, 365, 0, 0, 0.54%, 1, 0, 4, 1356.80
1775237711, 727, 292, 365, 0, 0, 0.54%, 1, 0, 4, 1302.25
1775237716, 728, 29, 365, 0, 0, 0.54%, 1, 0, 4, 1299.40
1775237721, 728, 47, 365, 0, 0, 0.54%, 1, 0, 4, 1358.27
1775237726, 728, 106, 365, 0, 0, 0.54%, 1, 0, 4, 1486.16
1775237731, 728, 192, 365, 0, 0, 0.54%, 1, 0, 4, 1306.42
1775237736, 728, 274, 365, 0, 0, 0.54%, 1, 0, 4, 1431.71
1775237741, 728, 356, 365, 0, 0, 0.54%, 1, 0, 4, 1201.48
1775237747, 729, 29, 365, 0, 0, 0.54%, 1, 0, 4, 1215.20
1775237752, 729, 73, 365, 0, 0, 0.54%, 1, 0, 4, 1383.25
1775237757, 729, 126, 365, 0, 0, 0.54%, 1, 0, 4, 1427.13
1775237762, 729, 261, 365, 0, 0, 0.54%, 1, 0, 4, 1591.88
1775237767, 729, 322, 365, 0, 0, 0.54%, 1, 0, 4, 1488.78
1775237772, 730, 35, 365, 0, 0, 0.54%, 1, 0, 4, 1473.32
1775237777, 730, 101, 365, 0, 0, 0.54%, 1, 0, 4, 1388.11
1775237783, 730, 265, 365, 0, 0, 0.54%, 1, 0, 4, 1487.93
1775237788, 730, 322, 365, 0, 0, 0.54%, 1, 0, 4, 1456.83
1775237793, 731, 58, 365, 0, 0, 0.54%, 1, 0, 4, 1486.75
1775237798, 731, 90, 365, 0, 0, 0.54%, 1, 0, 4, 1499.86
1775237803, 731, 135, 365, 0, 0, 0.54%, 1, 0, 4, 1445.77
1775237808, 731, 205, 365, 0, 0, 0.54%, 1, 0, 4, 1415.16
1775237813, 731, 265, 365, 0, 0, 0.54%, 1, 0, 4, 1428.07
1775237818, 731, 322, 365, 0, 0, 0.54%, 1, 0, 4, 1339.24
1775237823, 732, 2, 365, 0, 0, 0.54%, 1, 0, 4, 1467.69
1775237828, 732, 35, 365, 0, 0, 0.54%, 1, 0, 4, 1516.72
1775237834, 732, 101, 365, 0, 0, 0.54%, 1, 0, 4, 1444.62
1775237839, 732, 178, 365, 0, 0, 0.54%, 1, 0, 4, 1419.70
1775237844, 732, 261, 365, 0, 0, 0.54%, 1, 0, 4, 1290.26
1775237849, 732, 312, 365, 0, 0, 0.54%, 1, 0, 4, 1392.67
1775237854, 733, 31, 365, 0, 0, 0.54%, 1, 0, 4, 1377.74
1775237859, 733, 89, 365, 0, 0, 0.54%, 1, 0, 4, 1531.90
1775237864, 733, 174, 365, 0, 0, 0.54%, 1, 0, 4, 1356.48
1775237869, 733, 274, 365, 0, 0, 0.54%, 1, 0, 4, 1433.31
1775237874, 734, 5, 365, 0, 0, 0.54%, 1, 0, 4, 1158.48
1775237879, 734, 44, 365, 0, 0, 0.54%, 1, 0, 4, 1388.78
1775237884, 734, 108, 365, 0, 0, 0.54%, 1, 0, 4, 1503.97
1775237889, 734, 247, 365, 0, 0, 0.54%, 1, 0, 4, 1250.07
1775237894, 734, 274, 365, 0, 0, 0.54%, 1, 0, 4, 1320.10
1775237899, 734, 336, 365, 0, 0, 0.54%, 1, 0, 4, 1292.50
1775237905, 735, 20, 365, 0, 0, 0.54%, 1, 0, 4, 1373.86
1775237910, 735, 63, 365, 0, 0, 0.54%, 1, 0, 4, 1458.82
1775237915, 735, 108, 365, 0, 0, 0.54%, 1, 0, 4, 1450.71
1775237920, 735, 257, 365, 0, 0, 0.54%, 1, 0, 4, 1469.00
1775237925, 735, 276, 365, 0, 0, 0.54%, 1, 0, 4, 1429.35
1775237930, 736, 12, 365, 0, 0, 0.54%, 1, 0, 4, 1423.59
1775237935, 736, 36, 365, 0, 0, 0.54%, 1, 0, 4, 1538.59
1775237940, 736, 103, 365, 0, 0, 0.54%, 1, 0, 4, 1551.91
1775237945, 736, 209, 365, 0, 0, 0.54%, 1, 0, 4, 1507.55
1775237950, 736, 274, 365, 0, 0, 0.54%, 1, 0, 4, 1521.83
1775237955, 736, 296, 365, 0, 0, 0.54%, 1, 0, 4, 1267.44
1775237960, 737, 19, 365, 0, 0, 0.54%, 1, 0, 4, 1357.57
1775237965, 737, 43, 365, 0, 0, 0.54%, 1, 0, 4, 1317.85
1775237970, 737, 89, 365, 0, 0, 0.54%, 1, 0, 4, 1407.37
1775237975, 737, 156, 365, 0, 0, 0.54%, 1, 0, 4, 1245.11
1775237981, 737, 261, 365, 0, 0, 0.54%, 1, 0, 4, 1529.65
1775237986, 737, 295, 365, 0, 0, 0.54%, 1, 0, 4, 1355.93
1775237991, 738, 31, 365, 0, 0, 0.54%, 1, 0, 4, 1345.16
1775237996, 738, 67, 365, 0, 0, 0.54%, 1, 0, 4, 1433.53
1775238001, 738, 146, 365, 0, 0, 0.54%, 1, 0, 4, 1421.75
1775238006, 738, 275, 365, 0, 0, 0.54%, 1, 0, 4, 1486.51
1775238011, 739, 9, 365, 0, 0, 0.54%, 1, 0, 4, 1392.22
1775238016, 739, 63, 365, 0, 0, 0.54%, 1, 0, 4, 1512.63
1775238021, 739, 108, 365, 0, 0, 0.54%, 1, 0, 4, 1426.04
1775238026, 739, 275, 365, 0, 0, 0.54%, 1, 0, 4, 1430.63
1775238031, 740, 31, 365, 0, 0, 0.54%, 1, 0, 4, 1355.06
1775238037, 740, 84, 365, 0, 0, 0.54%, 1, 0, 4, 1412.02
1775238042, 740, 192, 365, 0, 0, 0.54%, 1, 0, 4, 1446.81
1775238047, 740, 257, 365, 0, 0, 0.54%, 1, 0, 4, 1408.79
1775238052, 740, 276, 365, 0, 0, 0.54%, 1, 0, 4, 1340.57
1775238057, 741, 29, 365, 0, 0, 0.54%, 1, 0, 4, 1449.78
1775238063, 741, 66, 365, 0, 0, 0.54%, 1, 0, 4, 1482.65
1775238068, 741, 127, 365, 0, 0, 0.54%, 1, 0, 4, 1450.95
1775238073, 741, 182, 365, 0, 0, 0.54%, 1, 0, 4, 1428.43
1775238078, 741, 261, 365, 0, 0, 0.54%, 1, 0, 4, 1402.34
1775238083, 741, 279, 365, 0, 0, 0.54%, 1, 0, 4, 1240.66
1775238088, 742, 29, 365, 0, 0, 0.54%, 1, 0, 4, 1315.91
1775238093, 742, 64, 365, 0, 0, 0.54%, 1, 0, 4, 1498.71
1775238098, 742, 142, 365, 0, 0, 0.54%, 1, 0, 4, 1283.32
1775238103, 742, 261, 365, 0, 0, 0.54%, 1, 0, 4, 1447.48
1775238108, 743, 9, 365, 0, 0, 0.54%, 1, 0, 4, 1376.57
1775238113, 743, 33, 365, 0, 0, 0.54%, 1, 0, 4, 1357.99
1775238119, 743, 108, 365, 0, 0, 0.54%, 1, 0, 4, 1337.43
1775238124, 743, 154, 365, 0, 0, 0.54%, 1, 0, 4, 1299.93
1775238129, 743, 265, 365, 0, 0, 0.54%, 1, 0, 4, 1407.98
1775238134, 743, 359, 365, 0, 0, 0.54%, 1, 0, 4, 1399.32
1775238139, 744, 30, 365, 0, 0, 0.54%, 1, 0, 4, 1454.05
1775238144, 744, 74, 365, 0, 0, 0.54%, 1, 0, 4, 1426.27
1775238149, 744, 108, 365, 0, 0, 0.54%, 1, 0, 4, 1370.57
1775238154, 744, 166, 365, 0, 0, 0.54%, 1, 0, 4, 1429.71
1775238159, 744, 274, 365, 0, 0, 0.54%, 1, 0, 4, 1443.24
1775238164, 744, 344, 365, 0, 0, 0.54%, 1, 0, 4, 1150.42
1775238170, 745, 29, 365, 0, 0, 0.54%, 1, 0, 4, 1306.05
1775238175, 745, 63, 365, 0, 0, 0.54%, 1, 0, 4, 1401.65
1775238180, 745, 103, 365, 0, 0, 0.54%, 1, 0, 4, 1338.36
1775238185, 745, 230, 365, 0, 0, 0.54%, 1, 0, 4, 1413.88
1775238190, 745, 274, 365, 0, 0, 0.54%, 1, 0, 4, 1454.51
1775238195, 746, 8, 365, 0, 0, 0.54%, 1, 0, 4, 1429.99
1775238200, 746, 58, 365, 0, 0, 0.54%, 1, 0, 4, 1512.12
1775238205, 746, 108, 365, 0, 0, 0.54%, 1, 0, 4, 1520.67
1775238210, 746, 202, 365, 0, 0, 0.54%, 1, 0, 4, 1381.68
1775238215, 746, 265, 365, 0, 0, 0.54%, 1, 0, 4, 1388.33
1775238220, 746, 339, 365, 0, 0, 0.54%, 1, 0, 4, 1323.48
1775238225, 747, 31, 365, 0, 0, 0.54%, 1, 0, 4, 1313.00
1775238230, 747, 89, 365, 0, 0, 0.54%, 1, 0, 4, 1339.96
1775238235, 747, 243, 365, 0, 0, 0.54%, 1, 0, 4, 1439.61
1775238240, 747, 275, 365, 0, 0, 0.54%, 1, 0, 4, 1538.79
1775238246, 748, 28, 365, 0, 0, 0.54%, 1, 0, 4, 1410.54
1775238251, 748, 52, 365, 0, 0, 0.54%, 1, 0, 4, 1027.50
1775238256, 748, 89, 365, 0, 0, 0.54%, 1, 0, 4, 1401.65
1775238261, 748, 261, 365, 0, 0, 0.54%, 1, 0, 4, 1422.66
1775238266, 748, 294, 365, 0, 0, 0.54%, 1, 0, 4, 1344.23
1775238271, 749, 4, 365, 0, 0, 0.54%, 1, 0, 4, 1149.82
1775238276, 749, 29, 365, 0, 0, 0.54%, 1, 0, 4, 1295.35
1775238281, 749, 58, 365, 0, 0, 0.54%, 1, 0, 4, 1454.19
1775238287, 749, 75, 365, 0, 0, 0.54%, 1, 0, 4, 1455.22
1775238292, 749, 106, 365, 0, 0, 0.54%, 1, 0, 4, 1359.02
1775238297, 749, 199, 365, 0, 0, 0.54%, 1, 0, 4, 1433.87
1775238302, 749, 265, 365, 0, 0, 0.54%, 1, 0, 4, 1440.12
1775238307, 749, 364, 365, 0, 0, 0.54%, 1, 0, 4, 1270.73
1775238312, 750, 33, 365, 0, 0, 0.54%, 1, 0, 4, 1402.73
1775238317, 750, 93, 365, 0, 0, 0.54%, 1, 0, 4, 1521.16
1775238322, 750, 161, 365, 0, 0, 0.54%, 1, 0, 4, 218.52
1775238327, 750, 250, 365, 0, 0, 0.54%, 1, 0, 4, 1489.81
1775238332, 750, 276, 365, 0, 0, 0.54%, 1, 0, 4, 1363.79
1775238337, 751, 31, 365, 0, 0, 0.54%, 1, 0, 4, 1415.07
1775238342, 751, 89, 365, 0, 0, 0.54%, 1, 0, 4, 1446.90
1775238348, 751, 214, 365, 0, 0, 0.54%, 1, 0, 4, 1401.84
1775238353, 751, 267, 365, 0, 0, 0.54%, 1, 0, 4, 1510.00
1775238358, 752, 29, 365, 0, 0, 0.54%, 1, 0, 4, 1360.46
1775238363, 752, 89, 365, 0, 0, 0.54%, 1, 0, 4, 1512.51
1775238368, 752, 108, 365, 0, 0, 0.54%, 1, 0, 4, 1696.57
1775238373, 752, 261, 365, 0, 0, 0.54%, 1, 0, 4, 1491.53
1775238378, 752, 292, 365, 0, 0, 0.54%, 1, 0, 4, 1330.48
1775238383, 753, 31, 365, 0, 0, 0.54%, 1, 0, 4, 1494.22
1775238389, 753, 77, 365, 0, 0, 0.54%, 1, 0, 4, 1421.43
1775238394, 753, 108, 365, 0, 0, 0.54%, 1, 0, 4, 1450.80
1775238399, 753, 216, 365, 0, 0, 0.54%, 1, 0, 4, 1116.98
1775238404, 753, 276, 365, 0, 0, 0.54%, 1, 0, 4, 1383.36
1775238409, 754, 21, 365, 0, 0, 0.54%, 1, 0, 4, 1362.19
1775238414, 754, 63, 365, 0, 0, 0.54%, 1, 0, 4, 1440.63
1775238419, 754, 135, 365, 0, 0, 0.54%, 1, 0, 4, 1416.71
1775238424, 754, 261, 365, 0, 0, 0.54%, 1, 0, 4, 1448.94
1775238429, 755, 0, 365, 0, 0, 0.54%, 1, 0, 4, 1411.14
1775238435, 755, 43, 365, 0, 0, 0.54%, 1, 0, 4, 1329.61
1775238440, 755, 97, 365, 0, 0, 0.54%, 1, 0, 4, 1389.93
1775238445, 755, 185, 365, 0, 0, 0.54%, 1, 0, 4, 1474.57
1775238450, 755, 245, 365, 0, 0, 0.54%, 1, 0, 4, 1450.06
1775238455, 755, 276, 365, 0, 0, 0.54%, 1, 0, 4, 1363.27
1775238460, 756, 31, 365, 0, 0, 0.54%, 1, 0, 4, 1499.23
1775238465, 756, 89, 365, 0, 0, 0.54%, 1, 0, 4, 1435.16
1775238470, 756, 115, 365, 0, 0, 0.54%, 1, 0, 4, 1276.68
1775238475, 756, 265, 365, 0, 0, 0.54%, 1, 0, 4, 1279.98
1775238480, 756, 315, 365, 0, 0, 0.54%, 1, 0, 4, 1383.95
1775238485, 757, 31, 365, 0, 0, 0.54%, 1, 0, 4, 1554.23
1775238490, 757, 64, 365, 0, 0, 0.54%, 1, 0, 4, 1417.88
1775238495, 757, 115, 365, 0, 0, 0.54%, 1, 0, 4, 1414.66
1775238501, 757, 261, 365, 0, 0, 0.54%, 1, 0, 4, 1472.88
1775238506, 758, 1, 365, 0, 0, 0.54%, 1, 0, 4, 1400.27
1775238511, 758, 34, 365, 0, 0, 0.54%, 1, 0, 4, 1346.17
1775238516, 758, 101, 365, 0, 0, 0.54%, 1, 0, 4, 1456.30
1775238521, 758, 193, 365, 0, 0, 0.54%, 1, 0, 4, 1422.19
1775238526, 758, 275, 365, 0, 0, 0.54%, 1, 0, 4, 1519.43
1775238531, 759, 9, 365, 0, 0, 0.54%, 1, 0, 4, 1212.07
1775238537, 759, 46, 365, 0, 0, 0.54%, 1, 0, 4, 1430.52
1775238542, 759, 101, 365, 0, 0, 0.54%, 1, 0, 4, 1344.19
1775238547, 759, 182, 365, 0, 0, 0.54%, 1, 0, 4, 1421.15
1775238552, 759, 265, 365, 0, 0, 0.54%, 1, 0, 4, 1309.35
1775238557, 759, 317, 365, 0, 0, 0.54%, 1, 0, 4, 1209.90
1775238562, 760, 58, 365, 0, 0, 0.54%, 1, 0, 4, 1397.67
1775238567, 760, 80, 365, 0, 0, 0.54%, 1, 0, 4, 1325.20
1775238572, 760, 151, 365, 0, 0, 0.54%, 1, 0, 4, 1424.29
1775238577, 760, 265, 365, 0, 0, 0.54%, 1, 0, 4, 1376.16
1775238582, 760, 276, 365, 0, 0, 0.54%, 1, 0, 4, 1370.12
1775238588, 760, 358, 365, 0, 0, 0.54%, 1, 0, 4, 1271.43
1775238593, 761, 38, 365, 0, 0, 0.54%, 1, 0, 4, 1453.26
1775238598, 761, 101, 365, 0, 0, 0.54%, 1, 0, 4, 1408.29
1775238603, 761, 187, 365, 0, 0, 0.54%, 1, 0, 4, 1353.05
1775238608, 761, 243, 365, 0, 0, 0.54%, 1, 0, 4, 1319.83
1775238613, 761, 294, 365, 0, 0, 0.54%, 1, 0, 4, 1305.96
1775238618, 762, 9, 365, 0, 0, 0.54%, 1, 0, 4, 1307.20
1775238623, 762, 33, 365, 0, 0, 0.54%, 1, 0, 4, 1397.16
1775238628, 762, 89, 365, 0, 0, 0.54%, 1, 0, 4, 1456.21
1775238633, 762, 139, 365, 0, 0, 0.54%, 1, 0, 4, 1354.37
1775238638, 762, 219, 365, 0, 0, 0.54%, 1, 0, 4, 1253.97
1775238644, 762, 276, 365, 0, 0, 0.54%, 1, 0, 4, 1333.88
1775238649, 763, 29, 365, 0, 0, 0.54%, 1, 0, 4, 1401.37
1775238654, 763, 64, 365, 0, 0, 0.54%, 1, 0, 4, 1485.07
1775238659, 763, 114, 365, 0, 0, 0.54%, 1, 0, 4, 1436.59
1775238664, 763, 205, 365, 0, 0, 0.54%, 1, 0, 4, 1358.75
1775238669, 763, 275, 365, 0, 0, 0.54%, 1, 0, 4, 1469.22
1775238674, 764, 11, 365, 0, 0, 0.54%, 1, 0, 4, 1313.29
1775238679, 764, 63, 365, 0, 0, 0.54%, 1, 0, 4, 1499.08
1775238684, 764, 135, 365, 0, 0, 0.54%, 1, 0, 4, 1458.36
1775238689, 764, 211, 365, 0, 0, 0.54%, 1, 0, 4, 1582.93
1775238694, 764, 274, 365, 0, 0, 0.54%, 1, 0, 4, 1517.81
1775238700, 765, 19, 365, 0, 0, 0.54%, 1, 0, 4, 1307.77
1775238705, 765, 45, 365, 0, 0, 0.54%, 1, 0, 4, 1479.75
1775238710, 765, 101, 365, 0, 0, 0.54%, 1, 0, 4, 1514.09
1775238715, 765, 138, 365, 0, 0, 0.54%, 1, 0, 4, 1322.40
1775238720, 765, 193, 365, 0, 0, 0.54%, 1, 0, 4, 1350.36
1775238725, 765, 271, 365, 0, 0, 0.54%, 1, 0, 4, 1443.79
1775238730, 766, 1, 365, 0, 0, 0.54%, 1, 0, 4, 1341.84
1775238735, 766, 32, 365, 0, 0, 0.54%, 1, 0, 4, 1411.15
1775238741, 766, 103, 365, 0, 0, 0.54%, 1, 0, 4, 1526.09
1775238746, 766, 261, 365, 0, 0, 0.54%, 1, 0, 4, 1435.81
1775238751, 766, 282, 365, 0, 0, 0.54%, 1, 0, 4, 1333.90
1775238756, 767, 9, 365, 0, 0, 0.54%, 1, 0, 4, 1400.79
1775238761, 767, 53, 365, 0, 0, 0.54%, 1, 0, 4, 1452.74
1775238766, 767, 94, 365, 0, 0, 0.54%, 1, 0, 4, 1419.73
1775238771, 767, 111, 365, 0, 0, 0.54%, 1, 0, 4, 1289.69
1775238776, 767, 178, 365, 0, 0, 0.54%, 1, 0, 4, 1461.00
1775238781, 767, 274, 365, 0, 0, 0.54%, 1, 0, 4, 1454.64
1775238786, 767, 360, 365, 0, 0, 0.54%, 1, 0, 4, 1394.63
1775238791, 768, 29, 365, 0, 0, 0.54%, 1, 0, 4, 1451.85
1775238796, 768, 63, 365, 0, 0, 0.54%, 1, 0, 4, 1514.46
1775238802, 768, 107, 365, 0, 0, 0.54%, 1, 0, 4, 1408.72
1775238807, 768, 172, 365, 0, 0, 0.54%, 1, 0, 4, 1376.64
1775238812, 768, 225, 365, 0, 0, 0.54%, 1, 0, 4, 1254.82
1775238817, 768, 275, 365, 0, 0, 0.54%, 1, 0, 4, 1425.32
1775238822, 768, 357, 365, 0, 0, 0.54%, 1, 0, 4, 1198.39
1775238827, 769, 27, 365, 0, 0, 0.54%, 1, 0, 4, 1268.63
1775238832, 769, 63, 365, 0, 0, 0.54%, 1, 0, 4, 1508.83
1775238837, 769, 101, 365, 0, 0, 0.54%, 1, 0, 4, 1401.53
1775238842, 769, 140, 365, 0, 0, 0.54%, 1, 0, 4, 1457.62
1775238847, 769, 274, 365, 0, 0, 0.54%, 1, 0, 4, 1455.52
1775238853, 769, 354, 365, 0, 0, 0.54%, 1, 0, 4, 1110.13
1775238858, 770, 32, 365, 0, 0, 0.54%, 1, 0, 4, 1385.31
1775238863, 770, 66, 365, 0, 0, 0.54%, 1, 0, 4, 1323.67
1775238868, 770, 112, 365, 0, 0, 0.54%, 1, 0, 4, 1360.39
1775238873, 770, 178, 365, 0, 0, 0.54%, 1, 0, 4, 1429.45
1775238878, 770, 276, 365, 0, 0, 0.54%, 1, 0, 4, 1503.31
1775238883, 771, 33, 365, 0, 0, 0.54%, 1, 0, 4, 1499.32
1775238888, 771, 108, 365, 0, 0, 0.54%, 1, 0, 4, 1432.08
1775238893, 771, 214, 365, 0, 0, 0.54%, 1, 0, 4, 1478.94
1775238898, 771, 274, 365, 0, 0, 0.54%, 1, 0, 4, 1463.30
1775238904, 772, 9, 365, 0, 0, 0.54%, 1, 0, 4, 1387.80
1775238909, 772, 31, 365, 0, 0, 0.54%, 1, 0, 4, 1391.95
1775238914, 772, 63, 365, 0, 0, 0.54%, 1, 0, 4, 1560.73
1775238919, 772, 108, 365, 0, 0, 0.54%, 1, 0, 4, 1490.62
1775238924, 772, 164, 365, 0, 0, 0.54%, 1, 0, 4, 1316.20
1775238929, 772, 222, 365, 0, 0, 0.54%, 1, 0, 4, 1399.63
1775238934, 772, 276, 365, 0, 0, 0.54%, 1, 0, 4, 1349.25
1775238939, 773, 6, 365, 0, 0, 0.54%, 1, 0, 4, 1283.30
1775238945, 773, 31, 365, 0, 0, 0.54%, 1, 0, 4, 1255.58
1775238950, 773, 64, 365, 0, 0, 0.54%, 1, 0, 4, 1283.71
1775238955, 773, 128, 365, 0, 0, 0.54%, 1, 0, 4, 1469.87
1775238960, 773, 199, 365, 0, 0, 0.54%, 1, 0, 4, 1307.13
1775238965, 773, 265, 365, 0, 0, 0.54%, 1, 0, 4, 1371.43
1775238970, 773, 322, 365, 0, 0, 0.54%, 1, 0, 4, 1355.56
1775238975, 774, 7, 365, 0, 0, 0.54%, 1, 0, 4, 1158.64
1775238980, 774, 31, 365, 0, 0, 0.54%, 1, 0, 4, 1651.74
1775238985, 774, 101, 365, 0, 0, 0.54%, 1, 0, 4, 1553.02
1775238991, 774, 151, 365, 0, 0, 0.54%, 1, 0, 4, 1390.09
1775238996, 774, 244, 365, 0, 0, 0.54%, 1, 0, 4, 1369.85
1775239001, 774, 282, 365, 0, 0, 0.54%, 1, 0, 4, 1351.70
1775239006, 775, 2, 365, 0, 0, 0.54%, 1, 0, 4, 1231.29
1775239011, 775, 31, 365, 0, 0, 0.54%, 1, 0, 4, 1430.51
1775239016, 775, 77, 365, 0, 0, 0.54%, 1, 0, 4, 1477.70
1775239021, 775, 109, 365, 0, 0, 0.54%, 1, 0, 4, 1333.23
1775239026, 775, 225, 365, 0, 0, 0.54%, 1, 0, 4, 1321.29
1775239031, 775, 275, 365, 0, 0, 0.54%, 1, 0, 4, 1398.75
1775239036, 776, 9, 365, 0, 0, 0.54%, 1, 0, 4, 1383.59
1775239041, 776, 63, 365, 0, 0, 0.54%, 1, 0, 4, 1403.41
1775239047, 776, 103, 365, 0, 0, 0.54%, 1, 0, 4, 1362.13
1775239052, 776, 176, 365, 0, 0, 0.54%, 1, 0, 4, 1431.34
1775239057, 776, 265, 365, 0, 0, 0.54%, 1, 0, 4, 1314.80
1775239062, 776, 322, 365, 0, 0, 0.54%, 1, 0, 4, 1241.21
1775239067, 777, 33, 365, 0, 0, 0.54%, 1, 0, 4, 1395.11
1775239072, 777, 63, 365, 0, 0, 0.54%, 1, 0, 4, 1400.75
1775239077, 777, 103, 365, 0, 0, 0.54%, 1, 0, 4, 1364.08
1775239082, 777, 265, 365, 0, 0, 0.54%, 1, 0, 4, 1365.05
1775239087, 777, 358, 365, 0, 0, 0.54%, 1, 0, 4, 1375.11
1775239093, 778, 31, 365, 0, 0, 0.54%, 1, 0, 4, 1475.21
1775239098, 778, 64, 365, 0, 0, 0.54%, 1, 0, 4, 1460.27
1775239103, 778, 108, 365, 0, 0, 0.54%, 1, 0, 4, 1437.61
1775239108, 778, 263, 365, 0, 0, 0.54%, 1, 0, 4, 1428.59
1775239113, 778, 315, 365, 0, 0, 0.54%, 1, 0, 4, 1335.64
1775239118, 779, 29, 365, 0, 0, 0.54%, 1, 0, 4, 1231.76
1775239123, 779, 63, 365, 0, 0, 0.54%, 1, 0, 4, 1362.41
1775239128, 779, 103, 365, 0, 0, 0.54%, 1, 0, 4, 1388.71
1775239133, 779, 147, 365, 0, 0, 0.54%, 1, 0, 4, 1374.11
1775239139, 779, 265, 365, 0, 0, 0.54%, 1, 0, 4, 1468.02
1775239144, 779, 299, 365, 0, 0, 0.54%, 1, 0, 4, 1284.56
1775239149, 780, 28, 365, 0, 0, 0.54%, 1, 0, 4, 1210.65
1775239154, 780, 58, 365, 0, 0, 0.54%, 1, 0, 4, 1365.45
1775239159, 780, 108, 365, 0, 0, 0.54%, 1, 0, 4, 1482.22
1775239164, 780, 227, 365, 0, 0, 0.54%, 1, 0, 4, 1335.03
1775239169, 780, 275, 365, 0, 0, 0.54%, 1, 0, 4, 1434.46
1775239174, 781, 29, 365, 0, 0, 0.54%, 1, 0, 4, 1410.81
1775239179, 781, 62, 365, 0, 0, 0.54%, 1, 0, 4, 1475.34
1775239184, 781, 105, 365, 0, 0, 0.54%, 1, 0, 4, 1551.97
1775239189, 781, 211, 365, 0, 0, 0.54%, 1, 0, 4, 1513.39
1775239194, 781, 275, 365, 0, 0, 0.54%, 1, 0, 4, 1493.09
1775239199, 782, 1, 365, 0, 0, 0.54%, 1, 0, 4, 1174.89
1775239205, 782, 58, 365, 0, 0, 0.54%, 1, 0, 4, 1462.87
1775239210, 782, 108, 365, 0, 0, 0.54%, 1, 0, 4, 1416.45
1775239215, 782, 250, 365, 0, 0, 0.54%, 1, 0, 4, 1428.35
1775239220, 782, 322, 365, 0, 0, 0.54%, 1, 0, 4, 1361.06
1775239225, 783, 47, 365, 0, 0, 0.54%, 1, 0, 4, 1447.41
1775239230, 783, 89, 365, 0, 0, 0.54%, 1, 0, 4, 1446.87
1775239235, 783, 131, 365, 0, 0, 0.54%, 1, 0, 4, 1373.18
1775239240, 783, 190, 365, 0, 0, 0.54%, 1, 0, 4, 1483.13
1775239245, 783, 265, 365, 0, 0, 0.54%, 1, 0, 4, 1481.83
1775239250, 783, 313, 365, 0, 0, 0.54%, 1, 0, 4, 1352.35
1775239255, 784, 33, 365, 0, 0, 0.54%, 1, 0, 4, 1457.53
1775239261, 784, 101, 365, 0, 0, 0.54%, 1, 0, 4, 1441.16
1775239266, 784, 161, 365, 0, 0, 0.54%, 1, 0, 4, 1464.86
1775239271, 784, 247, 365, 0, 0, 0.54%, 1, 0, 4, 1293.01
1775239276, 784, 302, 365, 0, 0, 0.54%, 1, 0, 4, 1390.18
1775239281, 784, 360, 365, 0, 0, 0.54%, 1, 0, 4, 1318.32
1775239286, 785, 49, 365, 0, 0, 0.54%, 1, 0, 4, 1434.32
1775239291, 785, 89, 365, 0, 0, 0.54%, 1, 0, 4, 1381.62
1775239296, 785, 163, 365, 0, 0, 0.54%, 1, 0, 4, 1343.08
1775239301, 785, 265, 365, 0, 0, 0.54%, 1, 0, 4, 1438.16
1775239307, 786, 6, 365, 0, 0, 0.54%, 1, 0, 4, 1327.73
1775239312, 786, 58, 365, 0, 0, 0.54%, 1, 0, 4, 1354.59
1775239317, 786, 105, 365, 0, 0, 0.54%, 1, 0, 4, 1439.59
1775239322, 786, 183, 365, 0, 0, 0.54%, 1, 0, 4, 1392.67
1775239327, 786, 261, 365, 0, 0, 0.54%, 1, 0, 4, 1453.71
1775239332, 786, 288, 365, 0, 0, 0.54%, 1, 0, 4, 1445.21
1775239337, 787, 17, 365, 0, 0, 0.54%, 1, 0, 4, 1299.40
1775239342, 787, 47, 365, 0, 0, 0.54%, 1, 0, 4, 1499.68
1775239347, 787, 100, 365, 0, 0, 0.54%, 1, 0, 4, 1473.61
1775239352, 787, 143, 365, 0, 0, 0.54%, 1, 0, 4, 1457.19
1775239357, 787, 215, 365, 0, 0, 0.54%, 1, 0, 4, 1367.66
1775239362, 787, 274, 365, 0, 0, 0.54%, 1, 0, 4, 1434.71
1775239368, 788, 9, 365, 0, 0, 0.54%, 1, 0, 4, 1392.51
1775239373, 788, 33, 365, 0, 0, 0.54%, 1, 0, 4, 1506.60
1775239378, 788, 86, 365, 0, 0, 0.54%, 1, 0, 4, 1517.54
1775239383, 788, 209, 365, 0, 0, 0.54%, 1, 0, 4, 1458.54
1775239388, 788, 274, 365, 0, 0, 0.54%, 1, 0, 4, 1414.62
1775239393, 788, 357, 365, 0, 0, 0.54%, 1, 0, 4, 457.04
1775239398, 789, 33, 365, 0, 0, 0.54%, 1, 0, 4, 1340.74
1775239403, 789, 73, 365, 0, 0, 0.54%, 1, 0, 4, 1418.62
1775239408, 789, 101, 365, 0, 0, 0.54%, 1, 0, 4, 1354.58
1775239414, 789, 172, 365, 0, 0, 0.54%, 1, 0, 4, 1344.06
1775239419, 789, 234, 365, 0, 0, 0.54%, 1, 0, 4, 1400.07
1775239424, 789, 275, 365, 0, 0, 0.54%, 1, 0, 4, 1427.16
1775239429, 790, 21, 365, 0, 0, 0.54%, 1, 0, 4, 1316.45
1775239434, 790, 64, 365, 0, 0, 0.54%, 1, 0, 4, 1424.70
1775239439, 790, 108, 365, 0, 0, 0.54%, 1, 0, 4, 1458.65
1775239444, 790, 221, 365, 0, 0, 0.54%, 1, 0, 4, 1358.16
1775239449, 790, 265, 365, 0, 0, 0.54%, 1, 0, 4, 1338.49
1775239455, 791, 7, 365, 0, 0, 0.54%, 1, 0, 4, 1310.58
1775239460, 791, 33, 365, 0, 0, 0.54%, 1, 0, 4, 1268.60
1775239465, 791, 101, 365, 0, 0, 0.54%, 1, 0, 4, 1420.54
1775239470, 791, 129, 365, 0, 0, 0.54%, 1, 0, 4, 1274.13
1775239475, 791, 252, 365, 0, 0, 0.54%, 1, 0, 4, 1397.79
1775239480, 791, 276, 365, 0, 0, 0.54%, 1, 0, 4, 1418.86
1775239485, 791, 358, 365, 0, 0, 0.54%, 1, 0, 4, 1386.96
1775239490, 792, 46, 365, 0, 0, 0.54%, 1, 0, 4, 1451.02
1775239495, 792, 103, 365, 0, 0, 0.54%, 1, 0, 4, 1507.97
1775239500, 792, 207, 365, 0, 0, 0.54%, 1, 0, 4, 1500.81
1775239506, 792, 274, 365, 0, 0, 0.54%, 1, 0, 4, 1510.11
1775239511, 793, 1, 365, 0, 0, 0.54%, 1, 0, 4, 1169.86
1775239516, 793, 48, 365, 0, 0, 0.54%, 1, 0, 4, 1290.20
1775239521, 793, 86, 365, 0, 0, 0.54%, 1, 0, 4, 1734.42
1775239526, 793, 133, 365, 0, 0, 0.54%, 1, 0, 4, 1528.78
1775239531, 793, 254, 365, 0, 0, 0.54%, 1, 0, 4, 1422.54
1775239536, 793, 283, 365, 0, 0, 0.54%, 1, 0, 4, 1440.89
1775239542, 794, 17, 365, 0, 0, 0.54%, 1, 0, 4, 1333.81
1775239547, 794, 63, 365, 0, 0, 0.54%, 1, 0, 4, 1434.44
1775239552, 794, 103, 365, 0, 0, 0.54%, 1, 0, 4, 1375.80
1775239557, 794, 188, 365, 0, 0, 0.54%, 1, 0, 4, 1417.96
1775239562, 794, 274, 365, 0, 0, 0.54%, 1, 0, 4, 1379.53
1775239567, 795, 29, 365, 0, 0, 0.54%, 1, 0, 4, 1433.58
1775239572, 795, 101, 365, 0, 0, 0.54%, 1, 0, 4, 1449.39
1775239577, 795, 201, 365, 0, 0, 0.54%, 1, 0, 4, 1533.93
1775239582, 795, 263, 365, 0, 0, 0.54%, 1, 0, 4, 1463.53
1775239587, 795, 303, 365, 0, 0, 0.54%, 1, 0, 4, 1382.67
1775239593, 795, 359, 365, 0, 0, 0.54%, 1, 0, 4, 1168.46
1775239598, 796, 29, 365, 0, 0, 0.54%, 1, 0, 4, 1433.06
1775239603, 796, 58, 365, 0, 0, 0.54%, 1, 0, 4, 1370.16
1775239608, 796, 103, 365, 0, 0, 0.54%, 1, 0, 4, 1439.99
1775239613, 796, 243, 365, 0, 0, 0.54%, 1, 0, 4, 1413.36
1775239618, 796, 269, 365, 0, 0, 0.54%, 1, 0, 4, 1420.25
1775239623, 797, 29, 365, 0, 0, 0.54%, 1, 0, 4, 1427.79
1775239628, 797, 63, 365, 0, 0, 0.54%, 1, 0, 4, 1493.09
1775239633, 797, 108, 365, 0, 0, 0.54%, 1, 0, 4, 1547.66
1775239639, 797, 232, 365, 0, 0, 0.54%, 1, 0, 4, 1395.11
1775239644, 797, 272, 365, 0, 0, 0.54%, 1, 0, 4, 1494.08
1775239649, 797, 358, 365, 0, 0, 0.54%, 1, 0, 4, 1323.19
1775239654, 798, 29, 365, 0, 0, 0.54%, 1, 0, 4, 1546.39
1775239659, 798, 88, 365, 0, 0, 0.54%, 1, 0, 4, 1515.73
1775239664, 798, 109, 365, 0, 0, 0.54%, 1, 0, 4, 1370.59
1775239669, 798, 213, 365, 0, 0, 0.54%, 1, 0, 4, 1441.61
1775239674, 798, 274, 365, 0, 0, 0.54%, 1, 0, 4, 1409.80
1775239679, 799, 6, 365, 0, 0, 0.54%, 1, 0, 4, 1332.07
1775239684, 799, 33, 365, 0, 0, 0.54%, 1, 0, 4, 1346.56
1775239689, 799, 104, 365, 0, 0, 0.54%, 1, 0, 4, 1512.44
1775239695, 799, 153, 365, 0, 0, 0.54%, 1, 0, 4, 1406.33
1775239700, 799, 261, 365, 0, 0, 0.54%, 1, 0, 4, 1464.77
1775239705, 799, 299, 365, 0, 0, 0.54%, 1, 0, 4, 1317.55
1775239710, 800, 29, 365, 0, 0, 0.54%, 1, 0, 4, 1185.33
1775239715, 800, 78, 365, 0, 0, 0.54%, 1, 0, 4, 1551.72
1775239720, 800, 108, 365, 0, 0, 0.54%, 1, 0, 4, 1381.95
1775239725, 800, 208, 365, 0, 0, 0.54%, 1, 0, 4, 1454.42
1775239730, 800, 274, 365, 0, 0, 0.54%, 1, 0, 4, 1436.58
1775239735, 800, 301, 365, 0, 0, 0.54%, 1, 0, 4, 1275.42
1775239740, 801, 33, 365, 0, 0, 0.54%, 1, 0, 4, 1429.93
1775239746, 801, 108, 365, 0, 0, 0.54%, 1, 0, 4, 1462.39
1775239751, 801, 261, 365, 0, 0, 0.54%, 1, 0, 4, 1455.53
1775239756, 801, 306, 365, 0, 0, 0.54%, 1, 0, 4, 1337.44
1775239761, 802, 31, 365, 0, 0, 0.54%, 1, 0, 4, 814.04
1775239766, 802, 85, 365, 0, 0, 0.54%, 1, 0, 4, 1369.18
1775239771, 802, 161, 365, 0, 0, 0.54%, 1, 0, 4, 1299.15
1775239776, 802, 247, 365, 0, 0, 0.54%, 1, 0, 4, 1364.17
1775239781, 802, 284, 365, 0, 0, 0.54%, 1, 0, 4, 1381.38
1775239786, 803, 22, 365, 0, 0, 0.54%, 1, 0, 4, 1272.16
1775239791, 803, 40, 365, 0, 0, 0.54%, 1, 0, 4, 1444.50
1775239796, 803, 89, 365, 0, 0, 0.54%, 1, 0, 4, 1536.27
1775239801, 803, 220, 365, 0, 0, 0.54%, 1, 0, 4, 1490.99
1775239807, 803, 274, 365, 0, 0, 0.54%, 1, 0, 4, 1481.10
1775239812, 803, 322, 365, 0, 0, 0.54%, 1, 0, 4, 1344.44
1775239817, 804, 29, 365, 0, 0, 0.54%, 1, 0, 4, 1403.21
1775239822, 804, 64, 365, 0, 0, 0.54%, 1, 0, 4, 1371.19
1775239827, 804, 108, 365, 0, 0, 0.54%, 1, 0, 4, 1419.80
1775239832, 804, 206, 365, 0, 0, 0.54%, 1, 0, 4, 1409.99
1775239837, 804, 274, 365, 0, 0, 0.54%, 1, 0, 4, 1359.89
1775239842, 804, 322, 365, 0, 0, 0.54%, 1, 0, 4, 1287.88
1775239847, 805, 28, 365, 0, 0, 0.54%, 1, 0, 4, 1358.95
1775239852, 805, 63, 365, 0, 0, 0.54%, 1, 0, 4, 1721.71
1775239858, 805, 103, 365, 0, 0, 0.54%, 1, 0, 4, 1276.11
1775239863, 805, 253, 365, 0, 0, 0.54%, 1, 0, 4, 1373.14
1775239868, 805, 276, 365, 0, 0, 0.54%, 1, 0, 4, 1460.71
1775239873, 806, 29, 365, 0, 0, 0.54%, 1, 0, 4, 1361.79
1775239878, 806, 89, 365, 0, 0, 0.54%, 1, 0, 4, 1445.22
1775239883, 806, 117, 365, 0, 0, 0.54%, 1, 0, 4, 1412.49
1775239888, 806, 151, 365, 0, 0, 0.54%, 1, 0, 4, 1425.08
1775239893, 806, 274, 365, 0, 0, 0.54%, 1, 0, 4, 1490.55
1775239898, 806, 352, 365, 0, 0, 0.54%, 1, 0, 4, 1438.00
1775239903, 807, 56, 365, 0, 0, 0.54%, 1, 0, 4, 1580.00
1775239908, 807, 103, 365, 0, 0, 0.54%, 1, 0, 4, 1499.50
1775239913, 807, 254, 365, 0, 0, 0.54%, 1, 0, 4, 1443.83
1775239919, 807, 276, 365, 0, 0, 0.54%, 1, 0, 4, 1412.03
1775239924, 808, 19, 365, 0, 0, 0.54%, 1, 0, 4, 1297.32
1775239929, 808, 58, 365, 0, 0, 0.54%, 1, 0, 4, 1404.29
1775239934, 808, 119, 365, 0, 0, 0.54%, 1, 0, 4, 1525.76
1775239939, 808, 225, 365, 0, 0, 0.54%, 1, 0, 4, 1322.25
1775239944, 808, 276, 365, 0, 0, 0.54%, 1, 0, 4, 1397.74
1775239949, 809, 25, 365, 0, 0, 0.54%, 1, 0, 4, 299.02
1775239954, 809, 63, 365, 0, 0, 0.54%, 1, 0, 4, 1351.75
1775239959, 809, 114, 365, 0, 0, 0.54%, 1, 0, 4, 1341.39
1775239965, 809, 220, 365, 0, 0, 0.54%, 1, 0, 4, 1045.95
1775239970, 809, 265, 365, 0, 0, 0.54%, 1, 0, 4, 1364.41
1775239975, 809, 303, 365, 0, 0, 0.54%, 1, 0, 4, 1309.44
1775239980, 810, 28, 365, 0, 0, 0.54%, 1, 0, 4, 1291.12
1775239985, 810, 62, 365, 0, 0, 0.54%, 1, 0, 4, 1479.90
1775239990, 810, 108, 365, 0, 0, 0.54%, 1, 0, 4, 1520.30
1775239995, 810, 185, 365, 0, 0, 0.54%, 1, 0, 4, 1481.08
1775240000, 810, 287, 365, 0, 0, 0.54%, 1, 0, 4, 1426.42
1775240005, 811, 9, 365, 0, 0, 0.54%, 1, 0, 4, 1363.37
1775240010, 811, 51, 365, 0, 0, 0.54%, 1, 0, 4, 1400.24
1775240015, 811, 96, 365, 0, 0, 0.54%, 1, 0, 4, 1515.36
1775240021, 811, 137, 365, 0, 0, 0.54%, 1, 0, 4, 1409.94
1775240026, 811, 207, 365, 0, 0, 0.54%, 1, 0, 4, 1371.19
1775240031, 811, 261, 365, 0, 0, 0.54%, 1, 0, 4, 1310.55
1775240036, 811, 301, 365, 0, 0, 0.54%, 1, 0, 4, 1461.20
1775240041, 812, 2, 365, 0, 0, 0.54%, 1, 0, 4, 1311.56
1775240046, 812, 33, 365, 0, 0, 0.54%, 1, 0, 4, 1435.72
1775240051, 812, 89, 365, 0, 0, 0.54%, 1, 0, 4, 1384.39
1775240056, 812, 114, 365, 0, 0, 0.54%, 1, 0, 4, 1384.96
1775240062, 812, 159, 365, 0, 0, 0.54%, 1, 0, 4, 1412.08
1775240067, 812, 261, 365, 0, 0, 0.54%, 1, 0, 4, 1481.06
1775240072, 812, 318, 365, 0, 0, 0.54%, 1, 0, 4, 1379.02
1775240077, 813, 34, 365, 0, 0, 0.54%, 1, 0, 4, 1368.78
1775240082, 813, 83, 365, 0, 0, 0.54%, 1, 0, 4, 1384.02
1775240087, 813, 108, 365, 0, 0, 0.54%, 1, 0, 4, 1409.94
1775240092, 813, 261, 365, 0, 0, 0.54%, 1, 0, 4, 1361.80
1775240097, 813, 299, 365, 0, 0, 0.54%, 1, 0, 4, 1454.00
1775240102, 814, 9, 365, 0, 0, 0.54%, 1, 0, 4, 1379.07
1775240107, 814, 57, 365, 0, 0, 0.54%, 1, 0, 4, 1459.47
1775240112, 814, 96, 365, 0, 0, 0.54%, 1, 0, 4, 1468.35
1775240117, 814, 142, 365, 0, 0, 0.54%, 1, 0, 4, 1384.07
1775240122, 814, 274, 365, 0, 0, 0.54%, 1, 0, 4, 1468.07
1775240128, 815, 29, 365, 0, 0, 0.54%, 1, 0, 4, 1400.90
1775240133, 815, 71, 365, 0, 0, 0.54%, 1, 0, 4, 1523.30
1775240138, 815, 108, 365, 0, 0, 0.54%, 1, 0, 4, 1632.11
1775240143, 815, 208, 365, 0, 0, 0.54%, 1, 0, 4, 1403.70
1775240148, 815, 275, 365, 0, 0, 0.54%, 1, 0, 4, 1406.62
1775240153, 816, 9, 365, 0, 0, 0.54%, 1, 0, 4, 1155.44
1775240158, 816, 58, 365, 0, 0, 0.54%, 1, 0, 4, 1375.56
1775240163, 816, 104, 365, 0, 0, 0.54%, 1, 0, 4, 1407.73
1775240168, 816, 160, 365, 0, 0, 0.54%, 1, 0, 4, 1479.34
1775240173, 816, 275, 365, 0, 0, 0.54%, 1, 0, 4, 1558.07
1775240179, 817, 9, 365, 0, 0, 0.54%, 1, 0, 4, 1359.63
1775240184, 817, 64, 365, 0, 0, 0.54%, 1, 0, 4, 1460.10
1775240189, 817, 86, 365, 0, 0, 0.54%, 1, 0, 4, 1451.29
1775240194, 817, 124, 365, 0, 0, 0.54%, 1, 0, 4, 1447.67
1775240199, 817, 209, 365, 0, 0, 0.54%, 1, 0, 4, 1577.43
1775240204, 817, 275, 365, 0, 0, 0.54%, 1, 0, 4, 1524.04
1775240209, 817, 354, 365, 0, 0, 0.54%, 1, 0, 4, 1061.02
1775240214, 818, 58, 365, 0, 0, 0.54%, 1, 0, 4, 1442.89
1775240219, 818, 103, 365, 0, 0, 0.54%, 1, 0, 4, 1406.10
1775240224, 818, 225, 365, 0, 0, 0.54%, 1, 0, 4, 1440.98
1775240229, 818, 276, 365, 0, 0, 0.54%, 1, 0, 4, 1415.86
1775240234, 819, 29, 365, 0, 0, 0.54%, 1, 0, 4, 1319.89
1775240240, 819, 64, 365, 0, 0, 0.54%, 1, 0, 4, 1398.80
1775240245, 819, 108, 365, 0, 0, 0.54%, 1, 0, 4, 1446.75
1775240250, 819, 264, 365, 0, 0, 0.54%, 1, 0, 4, 1490.56
1775240255, 819, 322, 365, 0, 0, 0.54%, 1, 0, 4, 1268.37
1775240260, 820, 47, 365, 0, 0, 0.54%, 1, 0, 4, 1393.57
1775240265, 820, 89, 365, 0, 0, 0.54%, 1, 0, 4, 1371.84
1775240270, 820, 191, 365, 0, 0, 0.54%, 1, 0, 4, 1410.69
1775240275, 820, 261, 365, 0, 0, 0.54%, 1, 0, 4, 1471.95
1775240280, 820, 308, 365, 0, 0, 0.54%, 1, 0, 4, 1394.22
1775240286, 821, 16, 365, 0, 0, 0.54%, 1, 0, 4, 1386.48
1775240291, 821, 32, 365, 0, 0, 0.54%, 1, 0, 4, 1432.40
1775240296, 821, 89, 365, 0, 0, 0.54%, 1, 0, 4, 1458.09
1775240301, 821, 139, 365, 0, 0, 0.54%, 1, 0, 4, 1467.05
1775240306, 821, 232, 365, 0, 0, 0.54%, 1, 0, 4, 1438.81
1775240311, 821, 276, 365, 0, 0, 0.54%, 1, 0, 4, 1081.06
1775240316, 822, 26, 365, 0, 0, 0.54%, 1, 0, 4, 1356.93
1775240321, 822, 57, 365, 0, 0, 0.54%, 1, 0, 4, 1450.83
1775240327, 822, 101, 365, 0, 0, 0.54%, 1, 0, 4, 1446.76
1775240332, 822, 194, 365, 0, 0, 0.54%, 1, 0, 4, 1339.12
1775240337, 822, 276, 365, 0, 0, 0.54%, 1, 0, 4, 1393.24
1775240342, 823, 9, 365, 0, 0, 0.54%, 1, 0, 4, 1105.79
1775240347, 823, 33, 365, 0, 0, 0.54%, 1, 0, 4, 1293.31
1775240352, 823, 104, 365, 0, 0, 0.54%, 1, 0, 4, 1468.51
1775240357, 823, 116, 365, 0, 0, 0.54%, 1, 0, 4, 1402.68
1775240362, 823, 230, 365, 0, 0, 0.54%, 1, 0, 4, 1431.83
1775240367, 823, 277, 365, 0, 0, 0.54%, 1, 0, 4, 1394.68
1775240373, 824, 31, 365, 0, 0, 0.54%, 1, 0, 4, 1499.97
1775240378, 824, 89, 365, 0, 0, 0.54%, 1, 0, 4, 1096.11
1775240383, 824, 129, 365, 0, 0, 0.54%, 1, 0, 4, 1316.49
1775240388, 824, 167, 365, 0, 0, 0.54%, 1, 0, 4, 1467.18
1775240393, 824, 243, 365, 0, 0, 0.54%, 1, 0, 4, 1419.12
1775240398, 824, 305, 365, 0, 0, 0.54%, 1, 0, 4, 1430.09
1775240403, 825, 31, 365, 0, 0, 0.54%, 1, 0, 4, 1410.24
1775240408, 825, 89, 365, 0, 0, 0.54%, 1, 0, 4, 1403.66
1775240413, 825, 221, 365, 0, 0, 0.54%, 1, 0, 4, 1429.16
1775240419, 825, 274, 365, 0, 0, 0.54%, 1, 0, 4, 1380.68
1775240424, 826, 9, 365, 0, 0, 0.54%, 1, 0, 4, 1348.11
1775240429, 826, 33, 365, 0, 0, 0.54%, 1, 0, 4, 1308.00
1775240434, 826, 94, 365, 0, 0, 0.54%, 1, 0, 4, 1340.74
1775240439, 826, 145, 365, 0, 0, 0.54%, 1, 0, 4, 1484.86
1775240444, 826, 209, 365, 0, 0, 0.54%, 1, 0, 4, 1409.15
1775240449, 826, 265, 365, 0, 0, 0.54%, 1, 0, 4, 1460.01
1775240454, 826, 358, 365, 0, 0, 0.54%, 1, 0, 4, 1321.22
1775240459, 827, 9, 365, 0, 0, 0.54%, 1, 0, 4, 1462.44
1775240464, 827, 63, 365, 0, 0, 0.54%, 1, 0, 4, 1381.10
1775240469, 827, 112, 365, 0, 0, 0.54%, 1, 0, 4, 1398.95
1775240475, 827, 163, 365, 0, 0, 0.54%, 1, 0, 4, 1477.39
1775240480, 827, 276, 365, 0, 0, 0.54%, 1, 0, 4, 1395.23
1775240485, 828, 31, 365, 0, 0, 0.54%, 1, 0, 4, 1392.06
1775240490, 828, 101, 365, 0, 0, 0.54%, 1, 0, 4, 1475.74
1775240495, 828, 265, 365, 0, 0, 0.54%, 1, 0, 4, 1498.56
1775240500, 829, 1, 365, 0, 0, 0.54%, 1, 0, 4, 1312.20
1775240505, 829, 58, 365, 0, 0, 0.54%, 1, 0, 4, 1471.53
1775240510, 829, 99, 365, 0, 0, 0.54%, 1, 0, 4, 1416.31
1775240515, 829, 217, 365, 0, 0, 0.54%, 1, 0, 4, 1422.91
1775240521, 829, 275, 365, 0, 0, 0.54%, 1, 0, 4, 1474.24
1775240526, 829, 360, 365, 0, 0, 0.54%, 1, 0, 4, 1341.09
1775240531, 830, 29, 365, 0, 0, 0.54%, 1, 0, 4, 1403.00
1775240536, 830, 64, 365, 0, 0, 0.54%, 1, 0, 4, 1486.08
1775240541, 830, 114, 365, 0, 0, 0.54%, 1, 0, 4, 1421.06
1775240546, 830, 274, 365, 0, 0, 0.54%, 1, 0, 4, 1371.13
1775240551, 830, 359, 365, 0, 0, 0.54%, 1, 0, 4, 1425.88
1775240556, 831, 29, 365, 0, 0, 0.54%, 1, 0, 4, 1402.40
1775240562, 831, 58, 365, 0, 0, 0.54%, 1, 0, 4, 1443.21
1775240567, 831, 100, 365, 0, 0, 0.54%, 1, 0, 4, 1466.27
1775240572, 831, 179, 365, 0, 0, 0.54%, 1, 0, 4, 1437.37
1775240577, 831, 275, 365, 0, 0, 0.54%, 1, 0, 4, 1498.25
1775240582, 832, 9, 365, 0, 0, 0.54%, 1, 0, 4, 1236.96
1775240587, 832, 56, 365, 0, 0, 0.54%, 1, 0, 4, 1391.85
1775240592, 832, 91, 365, 0, 0, 0.54%, 1, 0, 4, 1320.37
1775240598, 832, 162, 365, 0, 0, 0.54%, 1, 0, 4, 1324.81
1775240603, 832, 274, 365, 0, 0, 0.54%, 1, 0, 4, 1444.59
1775240608, 832, 340, 365, 0, 0, 0.54%, 1, 0, 4, 1296.14
1775240613, 833, 29, 365, 0, 0, 0.54%, 1, 0, 4, 1474.58
1775240618, 833, 63, 365, 0, 0, 0.54%, 1, 0, 4, 1469.83
1775240623, 833, 103, 365, 0, 0, 0.54%, 1, 0, 4, 1440.49
1775240628, 833, 234, 365, 0, 0, 0.54%, 1, 0, 4, 1499.41
1775240633, 833, 275, 365, 0, 0, 0.54%, 1, 0, 4, 1495.82
1775240638, 834, 16, 365, 0, 0, 0.54%, 1, 0, 4, 1692.67
1775240643, 834, 54, 365, 0, 0, 0.54%, 1, 0, 4, 1495.24
1775240648, 834, 108, 365, 0, 0, 0.54%, 1, 0, 4, 1599.20
1775240653, 834, 216, 365, 0, 0, 0.54%, 1, 0, 4, 1523.28
1775240659, 834, 274, 365, 0, 0, 0.54%, 1, 0, 4, 1553.64
1775240664, 834, 325, 365, 0, 0, 0.54%, 1, 0, 4, 1298.20
1775240669, 835, 33, 365, 0, 0, 0.54%, 1, 0, 4, 1449.75
1775240674, 835, 77, 365, 0, 0, 0.54%, 1, 0, 4, 1459.54
1775240679, 835, 141, 365, 0, 0, 0.54%, 1, 0, 4, 1526.83
1775240684, 835, 257, 365, 0, 0, 0.54%, 1, 0, 4, 1368.69
1775240689, 835, 314, 365, 0, 0, 0.54%, 1, 0, 4, 1442.31
1775240694, 836, 9, 365, 0, 0, 0.54%, 1, 0, 4, 1349.12
1775240699, 836, 59, 365, 0, 0, 0.54%, 1, 0, 4, 1515.62
1775240704, 836, 92, 365, 0, 0, 0.54%, 1, 0, 4, 1419.22
1775240709, 836, 198, 365, 0, 0, 0.54%, 1, 0, 4, 1437.52
1775240714, 836, 288, 365, 0, 0, 0.54%, 1, 0, 4, 1439.61
1775240719, 837, 31, 365, 0, 0, 0.54%, 1, 0, 4, 1491.45
1775240724, 837, 64, 365, 0, 0, 0.54%, 1, 0, 4, 1470.85
1775240730, 837, 108, 365, 0, 0, 0.54%, 1, 0, 4, 1406.55
1775240735, 837, 265, 365, 0, 0, 0.54%, 1, 0, 4, 1397.10
1775240740, 837, 321, 365, 0, 0, 0.54%, 1, 0, 4, 1302.76
1775240745, 838, 33, 365, 0, 0, 0.54%, 1, 0, 4, 1508.75
1775240750, 838, 89, 365, 0, 0, 0.54%, 1, 0, 4, 1521.05
1775240755, 838, 169, 365, 0, 0, 0.54%, 1, 0, 4, 1381.98
1775240760, 838, 275, 365, 0, 0, 0.54%, 1, 0, 4, 1456.79
1775240765, 839, 9, 365, 0, 0, 0.54%, 1, 0, 4, 1440.29
1775240770, 839, 57, 365, 0, 0, 0.54%, 1, 0, 4, 1476.97
1775240775, 839, 96, 365, 0, 0, 0.54%, 1, 0, 4, 1432.91
1775240781, 839, 261, 365, 0, 0, 0.54%, 1, 0, 4, 1472.72
1775240786, 839, 318, 365, 0, 0, 0.54%, 1, 0, 4, 1334.08
1775240791, 840, 29, 365, 0, 0, 0.54%, 1, 0, 4, 1278.12
1775240796, 840, 57, 365, 0, 0, 0.54%, 1, 0, 4, 1373.36
1775240801, 840, 101, 365, 0, 0, 0.54%, 1, 0, 4, 1398.46
1775240806, 840, 219, 365, 0, 0, 0.54%, 1, 0, 4, 1324.25
1775240811, 840, 275, 365, 0, 0, 0.54%, 1, 0, 4, 1398.23
1775240817, 841, 4, 365, 0, 0, 0.54%, 1, 0, 4, 1212.33
1775240822, 841, 36, 365, 0, 0, 0.54%, 1, 0, 4, 1494.29
1775240827, 841, 71, 365, 0, 0, 0.54%, 1, 0, 4, 1519.89
1775240832, 841, 103, 365, 0, 0, 0.54%, 1, 0, 4, 1450.14
1775240837, 841, 214, 365, 0, 0, 0.54%, 1, 0, 4, 1374.21
1775240842, 841, 265, 365, 0, 0, 0.54%, 1, 0, 4, 1304.32
1775240847, 841, 332, 365, 0, 0, 0.54%, 1, 0, 4, 1254.16
1775240852, 842, 29, 365, 0, 0, 0.54%, 1, 0, 4, 1245.82
1775240857, 842, 77, 365, 0, 0, 0.54%, 1, 0, 4, 1388.45
1775240862, 842, 134, 365, 0, 0, 0.54%, 1, 0, 4, 1353.66
1775240867, 842, 265, 365, 0, 0, 0.54%, 1, 0, 4, 1460.97
1775240872, 843, 15, 365, 0, 0, 0.54%, 1, 0, 4, 1498.00
1775240878, 843, 63, 365, 0, 0, 0.54%, 1, 0, 4, 1438.20
1775240883, 843, 103, 365, 0, 0, 0.54%, 1, 0, 4, 1427.91
1775240888, 843, 265, 365, 0, 0, 0.54%, 1, 0, 4, 1371.42
1775240893, 843, 350, 365, 0, 0, 0.54%, 1, 0, 4, 1243.26
1775240898, 844, 58, 365, 0, 0, 0.54%, 1, 0, 4, 1443.46
1775240903, 844, 144, 365, 0, 0, 0.54%, 1, 0, 4, 1502.19
1775240908, 844, 265, 365, 0, 0, 0.54%, 1, 0, 4, 1399.70
1775240913, 844, 322, 365, 0, 0, 0.54%, 1, 0, 4, 1427.03
1775240918, 845, 29, 365, 0, 0, 0.54%, 1, 0, 4, 349.10
1775240923, 845, 66, 365, 0, 0, 0.54%, 1, 0, 4, 1564.64
1775240928, 845, 103, 365, 0, 0, 0.54%, 1, 0, 4, 1418.09
1775240933, 845, 170, 365, 0, 0, 0.54%, 1, 0, 4, 1458.92
1775240938, 845, 265, 365, 0, 0, 0.54%, 1, 0, 4, 1035.01
1775240944, 846, 9, 365, 0, 0, 0.54%, 1, 0, 4, 1275.71
1775240949, 846, 48, 365, 0, 0, 0.54%, 1, 0, 4, 1444.91
1775240954, 846, 64, 365, 0, 0, 0.54%, 1, 0, 4, 1399.53
1775240959, 846, 103, 365, 0, 0, 0.54%, 1, 0, 4, 1397.47
1775240964, 846, 264, 365, 0, 0, 0.54%, 1, 0, 4, 1274.86
1775240969, 846, 322, 365, 0, 0, 0.54%, 1, 0, 4, 1254.52
1775240974, 847, 31, 365, 0, 0, 0.54%, 1, 0, 4, 1584.48
1775240979, 847, 69, 365, 0, 0, 0.54%, 1, 0, 4, 1452.88
1775240984, 847, 103, 365, 0, 0, 0.54%, 1, 0, 4, 1444.87
1775240989, 847, 232, 365, 0, 0, 0.54%, 1, 0, 4, 1383.84
1775240994, 847, 261, 365, 0, 0, 0.54%, 1, 0, 4, 1350.42
1775240999, 847, 319, 365, 0, 0, 0.54%, 1, 0, 4, 1379.48
1775241004, 848, 28, 365, 0, 0, 0.54%, 1, 0, 4, 1319.30
1775241010, 848, 63, 365, 0, 0, 0.54%, 1, 0, 4, 1550.48
1775241015, 848, 101, 365, 0, 0, 0.54%, 1, 0, 4, 1393.01
1775241020, 848, 143, 365, 0, 0, 0.54%, 1, 0, 4, 1539.89
1775241025, 848, 265, 365, 0, 0, 0.54%, 1, 0, 4, 1523.49
1775241030, 848, 316, 365, 0, 0, 0.54%, 1, 0, 4, 1383.47
1775241035, 849, 29, 365, 0, 0, 0.54%, 1, 0, 4, 1428.79
1775241040, 849, 63, 365, 0, 0, 0.54%, 1, 0, 4, 1493.73
1775241045, 849, 103, 365, 0, 0, 0.54%, 1, 0, 4, 1448.52
1775241051, 849, 261, 365, 0, 0, 0.54%, 1, 0, 4, 1344.77
1775241056, 849, 276, 365, 0, 0, 0.54%, 1, 0, 4, 1221.55
1775241061, 850, 0, 365, 0, 0, 0.54%, 1, 0, 4, 1344.00
1775241066, 850, 31, 365, 0, 0, 0.54%, 1, 0, 4, 1317.09
1775241071, 850, 64, 365, 0, 0, 0.54%, 1, 0, 4, 1472.41
1775241076, 850, 148, 365, 0, 0, 0.54%, 1, 0, 4, 1425.78
1775241081, 850, 272, 365, 0, 0, 0.54%, 1, 0, 4, 1471.20
1775241086, 851, 4, 365, 0, 0, 0.54%, 1, 0, 4, 1369.61
1775241091, 851, 41, 365, 0, 0, 0.54%, 1, 0, 4, 1446.05
1775241096, 851, 101, 365, 0, 0, 0.54%, 1, 0, 4, 1412.80
1775241101, 851, 170, 365, 0, 0, 0.54%, 1, 0, 4, 1280.59
1775241107, 851, 201, 365, 0, 0, 0.54%, 1, 0, 4, 1678.21
1775241112, 851, 275, 365, 0, 0, 0.54%, 1, 0, 4, 1531.25
1775241117, 852, 9, 365, 0, 0, 0.54%, 1, 0, 4, 1309.87
1775241122, 852, 34, 365, 0, 0, 0.54%, 1, 0, 4, 1622.19
1775241127, 852, 93, 365, 0, 0, 0.54%, 1, 0, 4, 1428.73
1775241132, 852, 135, 365, 0, 0, 0.54%, 1, 0, 4, 1402.59
1775241137, 852, 265, 365, 0, 0, 0.54%, 1, 0, 4, 1356.26
1775241142, 853, 9, 365, 0, 0, 0.54%, 1, 0, 4, 1331.91
1775241147, 853, 63, 365, 0, 0, 0.54%, 1, 0, 4, 1476.59
1775241152, 853, 103, 365, 0, 0, 0.54%, 1, 0, 4, 1533.77
1775241157, 853, 131, 365, 0, 0, 0.54%, 1, 0, 4, 1446.11
1775241162, 853, 179, 365, 0, 0, 0.54%, 1, 0, 4, 1457.04
1775241167, 853, 222, 365, 0, 0, 0.54%, 1, 0, 4, 1378.23
1775241173, 853, 275, 365, 0, 0, 0.54%, 1, 0, 4, 1458.83
1775241178, 854, 9, 365, 0, 0, 0.54%, 1, 0, 4, 1373.75
1775241183, 854, 58, 365, 0, 0, 0.54%, 1, 0, 4, 1436.67
1775241188, 854, 103, 365, 0, 0, 0.54%, 1, 0, 4, 1473.27
1775241193, 854, 261, 365, 0, 0, 0.54%, 1, 0, 4, 1345.11
1775241198, 854, 295, 365, 0, 0, 0.54%, 1, 0, 4, 1332.18
1775241203, 855, 9, 365, 0, 0, 0.54%, 1, 0, 4, 1178.93
1775241208, 855, 56, 365, 0, 0, 0.54%, 1, 0, 4, 1357.75
1775241213, 855, 89, 365, 0, 0, 0.54%, 1, 0, 4, 1390.70
1775241218, 855, 135, 365, 0, 0, 0.54%, 1, 0, 4, 1403.69
1775241223, 855, 242, 365, 0, 0, 0.54%, 1, 0, 4, 1438.30
1775241228, 855, 274, 365, 0, 0, 0.54%, 1, 0, 4, 1350.64
1775241234, 855, 345, 365, 0, 0, 0.54%, 1, 0, 4, 1240.28
1775241239, 856, 31, 365, 0, 0, 0.54%, 1, 0, 4, 1273.11
1775241244, 856, 89, 365, 0, 0, 0.54%, 1, 0, 4, 1434.76
1775241249, 856, 112, 365, 0, 0, 0.54%, 1, 0, 4, 1421.94
1775241254, 856, 264, 365, 0, 0, 0.54%, 1, 0, 4, 1390.98
1775241259, 857, 1, 365, 0, 0, 0.54%, 1, 0, 4, 1368.88
1775241264, 857, 38, 365, 0, 0, 0.54%, 1, 0, 4, 1395.65
1775241269, 857, 108, 365, 0, 0, 0.54%, 1, 0, 4, 1425.59
1775241274, 857, 261, 365, 0, 0, 0.54%, 1, 0, 4, 1448.04
1775241279, 857, 322, 365, 0, 0, 0.54%, 1, 0, 4, 1364.48
1775241285, 858, 29, 365, 0, 0, 0.54%, 1, 0, 4, 1302.92
1775241290, 858, 89, 365, 0, 0, 0.54%, 1, 0, 4, 1484.84
1775241295, 858, 156, 365, 0, 0, 0.54%, 1, 0, 4, 1470.90
1775241300, 858, 265, 365, 0, 0, 0.54%, 1, 0, 4, 1447.12
1775241305, 858, 314, 365, 0, 0, 0.54%, 1, 0, 4, 1296.67
1775241310, 859, 29, 365, 0, 0, 0.54%, 1, 0, 4, 1239.29
1775241315, 859, 79, 365, 0, 0, 0.54%, 1, 0, 4, 1652.61
1775241320, 859, 108, 365, 0, 0, 0.54%, 1, 0, 4, 1548.01
1775241325, 859, 265, 365, 0, 0, 0.54%, 1, 0, 4, 1385.80
1775241330, 859, 319, 365, 0, 0, 0.54%, 1, 0, 4, 1228.42
1775241335, 860, 31, 365, 0, 0, 0.54%, 1, 0, 4, 1420.88
1775241340, 860, 63, 365, 0, 0, 0.54%, 1, 0, 4, 1392.15
1775241346, 860, 108, 365, 0, 0, 0.54%, 1, 0, 4, 1334.14
1775241351, 860, 261, 365, 0, 0, 0.54%, 1, 0, 4, 1354.54
1775241356, 860, 322, 365, 0, 0, 0.54%, 1, 0, 4, 1341.39
1775241361, 860, 359, 365, 0, 0, 0.54%, 1, 0, 4, 1211.75
1775241366, 861, 33, 365, 0, 0, 0.54%, 1, 0, 4, 1486.96
1775241371, 861, 93, 365, 0, 0, 0.54%, 1, 0, 4, 1360.22
1775241376, 861, 163, 365, 0, 0, 0.54%, 1, 0, 4, 1347.40
1775241381, 861, 265, 365, 0, 0, 0.54%, 1, 0, 4, 1387.94
1775241386, 861, 322, 365, 0, 0, 0.54%, 1, 0, 4, 1129.45
1775241392, 862, 29, 365, 0, 0, 0.54%, 1, 0, 4, 1371.69
1775241397, 862, 89, 365, 0, 0, 0.54%, 1, 0, 4, 1467.28
1775241402, 862, 203, 365, 0, 0, 0.54%, 1, 0, 4, 1412.90
1775241407, 862, 238, 365, 0, 0, 0.54%, 1, 0, 4, 1357.10
1775241412, 862, 286, 365, 0, 0, 0.54%, 1, 0, 4, 1322.92
1775241417, 863, 9, 365, 0, 0, 0.54%, 1, 0, 4, 1183.44
1775241422, 863, 48, 365, 0, 0, 0.54%, 1, 0, 4, 1386.14
1775241427, 863, 101, 365, 0, 0, 0.54%, 1, 0, 4, 1350.16
1775241432, 863, 265, 365, 0, 0, 0.54%, 1, 0, 4, 1543.90
1775241438, 863, 322, 365, 0, 0, 0.54%, 1, 0, 4, 1317.57
1775241443, 864, 31, 365, 0, 0, 0.54%, 1, 0, 4, 1343.85
1775241448, 864, 89, 365, 0, 0, 0.54%, 1, 0, 4, 1464.77
1775241453, 864, 261, 365, 0, 0, 0.54%, 1, 0, 4, 1388.34
1775241458, 864, 278, 365, 0, 0, 0.54%, 1, 0, 4, 1351.17
1775241463, 865, 8, 365, 0, 0, 0.54%, 1, 0, 4, 1091.52
1775241468, 865, 35, 365, 0, 0, 0.54%, 1, 0, 4, 1325.19
1775241473, 865, 64, 365, 0, 0, 0.54%, 1, 0, 4, 1348.93
1775241478, 865, 113, 365, 0, 0, 0.54%, 1, 0, 4, 1357.97
1775241483, 865, 179, 365, 0, 0, 0.54%, 1, 0, 4, 1492.79
1775241488, 865, 274, 365, 0, 0, 0.54%, 1, 0, 4, 1452.15
1775241493, 865, 328, 365, 0, 0, 0.54%, 1, 0, 4, 1277.01
1775241498, 866, 18, 365, 0, 0, 0.54%, 1, 0, 4, 1506.24
1775241503, 866, 89, 365, 0, 0, 0.54%, 1, 0, 4, 1419.15
1775241509, 866, 145, 365, 0, 0, 0.54%, 1, 0, 4, 1349.94
1775241514, 866, 265, 365, 0, 0, 0.54%, 1, 0, 4, 1476.72
1775241519, 866, 322, 365, 0, 0, 0.54%, 1, 0, 4, 1427.05
1775241524, 867, 29, 365, 0, 0, 0.54%, 1, 0, 4, 1422.34
1775241529, 867, 64, 365, 0, 0, 0.54%, 1, 0, 4, 1483.17
1775241534, 867, 180, 365, 0, 0, 0.54%, 1, 0, 4, 1407.81
1775241539, 867, 243, 365, 0, 0, 0.54%, 1, 0, 4, 1418.11
1775241544, 867, 275, 365, 0, 0, 0.54%, 1, 0, 4, 1428.37
1775241549, 868, 14, 365, 0, 0, 0.54%, 1, 0, 4, 1296.31
1775241554, 868, 33, 365, 0, 0, 0.54%, 1, 0, 4, 1387.76
1775241559, 868, 103, 365, 0, 0, 0.54%, 1, 0, 4, 1366.44
1775241564, 868, 215, 365, 0, 0, 0.54%, 1, 0, 4, 1471.87
1775241570, 868, 275, 365, 0, 0, 0.54%, 1, 0, 4, 1460.68
1775241575, 869, 1, 365, 0, 0, 0.54%, 1, 0, 4, 1177.36
1775241580, 869, 31, 365, 0, 0, 0.54%, 1, 0, 4, 1312.50
1775241585, 869, 88, 365, 0, 0, 0.54%, 1, 0, 4, 1462.58
1775241590, 869, 119, 365, 0, 0, 0.54%, 1, 0, 4, 1497.18
1775241595, 869, 261, 365, 0, 0, 0.54%, 1, 0, 4, 1393.04
1775241600, 869, 297, 365, 0, 0, 0.54%, 1, 0, 4, 1298.08
1775241605, 870, 29, 365, 0, 0, 0.54%, 1, 0, 4, 1216.61
1775241610, 870, 70, 365, 0, 0, 0.54%, 1, 0, 4, 1429.20
1775241615, 870, 101, 365, 0, 0, 0.54%, 1, 0, 4, 1315.26
1775241620, 870, 261, 365, 0, 0, 0.54%, 1, 0, 4, 1406.41
1775241625, 870, 343, 365, 0, 0, 0.54%, 1, 0, 4, 1244.01
1775241630, 870, 364, 365, 0, 0, 0.54%, 1, 0, 4, 1145.81
1775241635, 871, 31, 365, 0, 0, 0.54%, 1, 0, 4, 1296.31
1775241640, 871, 64, 365, 0, 0, 0.54%, 1, 0, 4, 1407.16
1775241646, 871, 130, 365, 0, 0, 0.54%, 1, 0, 4, 1501.93
1775241651, 871, 230, 365, 0, 0, 0.54%, 1, 0, 4, 1314.69
1775241656, 871, 276, 365, 0, 0, 0.54%, 1, 0, 4, 1352.78
1775241661, 872, 31, 365, 0, 0, 0.54%, 1, 0, 4, 1337.53
1775241666, 872, 90, 365, 0, 0, 0.54%, 1, 0, 4, 1349.06
1775241671, 872, 196, 365, 0, 0, 0.54%, 1, 0, 4, 1373.54
1775241676, 872, 274, 365, 0, 0, 0.54%, 1, 0, 4, 1430.27
1775241681, 873, 9, 365, 0, 0, 0.54%, 1, 0, 4, 1326.49
1775241686, 873, 64, 365, 0, 0, 0.54%, 1, 0, 4, 1345.92
1775241691, 873, 107, 365, 0, 0, 0.54%, 1, 0, 4, 1375.88
1775241697, 873, 169, 365, 0, 0, 0.54%, 1, 0, 4, 1322.20
1775241702, 873, 274, 365, 0, 0, 0.54%, 1, 0, 4, 1370.70
1775241707, 873, 322, 365, 0, 0, 0.54%, 1, 0, 4, 1324.52
1775241712, 874, 31, 365, 0, 0, 0.54%, 1, 0, 4, 1426.88
1775241717, 874, 64, 365, 0, 0, 0.54%, 1, 0, 4, 1427.06
1775241722, 874, 150, 365, 0, 0, 0.54%, 1, 0, 4, 1457.75
1775241727, 874, 224, 365, 0, 0, 0.54%, 1, 0, 4, 1325.61
1775241732, 874, 276, 365, 0, 0, 0.54%, 1, 0, 4, 1351.82
1775241737, 875, 9, 365, 0, 0, 0.54%, 1, 0, 4, 1343.00
1775241742, 875, 64, 365, 0, 0, 0.54%, 1, 0, 4, 1446.18
1775241747, 875, 108, 365, 0, 0, 0.54%, 1, 0, 4, 1342.21
1775241752, 875, 195, 365, 0, 0, 0.54%, 1, 0, 4, 1300.67
1775241757, 875, 265, 365, 0, 0, 0.54%, 1, 0, 4, 1286.48
1775241762, 875, 322, 365, 0, 0, 0.54%, 1, 0, 4, 1370.10
1775241767, 876, 31, 365, 0, 0, 0.54%, 1, 0, 4, 338.58
1775241773, 876, 64, 365, 0, 0, 0.54%, 1, 0, 4, 1531.85
1775241778, 876, 113, 365, 0, 0, 0.54%, 1, 0, 4, 1439.36
1775241783, 876, 205, 365, 0, 0, 0.54%, 1, 0, 4, 1424.12
1775241788, 876, 276, 365, 0, 0, 0.54%, 1, 0, 4, 1462.78
1775241793, 877, 1, 365, 0, 0, 0.54%, 1, 0, 4, 1553.26
1775241798, 877, 48, 365, 0, 0, 0.54%, 1, 0, 4, 1548.07
1775241803, 877, 88, 365, 0, 0, 0.54%, 1, 0, 4, 1507.60
1775241808, 877, 157, 365, 0, 0, 0.54%, 1, 0, 4, 1389.76
1775241813, 877, 261, 365, 0, 0, 0.54%, 1, 0, 4, 1454.49
1775241818, 877, 310, 365, 0, 0, 0.54%, 1, 0, 4, 1350.93
1775241823, 878, 29, 365, 0, 0, 0.54%, 1, 0, 4, 1332.46
1775241829, 878, 63, 365, 0, 0, 0.54%, 1, 0, 4, 1367.24
1775241834, 878, 127, 365, 0, 0, 0.54%, 1, 0, 4, 1419.01
1775241839, 878, 269, 365, 0, 0, 0.54%, 1, 0, 4, 1431.34
1775241844, 878, 322, 365, 0, 0, 0.54%, 1, 0, 4, 1362.04
1775241849, 879, 31, 365, 0, 0, 0.54%, 1, 0, 4, 1429.76
1775241854, 879, 63, 365, 0, 0, 0.54%, 1, 0, 4, 1498.66
1775241859, 879, 103, 365, 0, 0, 0.54%, 1, 0, 4, 1443.78
1775241864, 879, 256, 365, 0, 0, 0.54%, 1, 0, 4, 1395.04
1775241869, 879, 322, 365, 0, 0, 0.54%, 1, 0, 4, 1463.36
1775241874, 880, 20, 365, 0, 0, 0.54%, 1, 0, 4, 1379.65
1775241880, 880, 45, 365, 0, 0, 0.54%, 1, 0, 4, 1433.31
1775241885, 880, 101, 365, 0, 0, 0.54%, 1, 0, 4, 1352.21
1775241890, 880, 201, 365, 0, 0, 0.54%, 1, 0, 4, 1323.53
1775241895, 880, 274, 365, 0, 0, 0.54%, 1, 0, 4, 1474.40
1775241900, 881, 2, 365, 0, 0, 0.54%, 1, 0, 4, 1314.63
1775241905, 881, 31, 365, 0, 0, 0.54%, 1, 0, 4, 1418.08
1775241910, 881, 66, 365, 0, 0, 0.54%, 1, 0, 4, 1383.59
1775241915, 881, 120, 365, 0, 0, 0.54%, 1, 0, 4, 1359.16
1775241920, 881, 202, 365, 0, 0, 0.54%, 1, 0, 4, 1415.84
1775241925, 881, 266, 365, 0, 0, 0.54%, 1, 0, 4, 1413.50
1775241931, 881, 330, 365, 0, 0, 0.54%, 1, 0, 4, 1367.82
1775241936, 882, 9, 365, 0, 0, 0.54%, 1, 0, 4, 1466.24
1775241941, 882, 31, 365, 0, 0, 0.54%, 1, 0, 4, 1356.66
1775241946, 882, 108, 365, 0, 0, 0.54%, 1, 0, 4, 1458.71
1775241951, 882, 253, 365, 0, 0, 0.54%, 1, 0, 4, 1463.32
1775241956, 882, 322, 365, 0, 0, 0.54%, 1, 0, 4, 1441.54
1775241961, 883, 22, 365, 0, 0, 0.54%, 1, 0, 4, 1386.75
1775241966, 883, 61, 365, 0, 0, 0.54%, 1, 0, 4, 1519.39
1775241971, 883, 100, 365, 0, 0, 0.54%, 1, 0, 4, 1502.28
1775241976, 883, 150, 365, 0, 0, 0.54%, 1, 0, 4, 1470.48
1775241981, 883, 222, 365, 0, 0, 0.54%, 1, 0, 4, 1310.93
1775241987, 883, 275, 365, 0, 0, 0.54%, 1, 0, 4, 1593.33
1775241992, 883, 310, 365, 0, 0, 0.54%, 1, 0, 4, 1329.04
1775241997, 884, 31, 365, 0, 0, 0.54%, 1, 0, 4, 1548.40
1775242002, 884, 89, 365, 0, 0, 0.54%, 1, 0, 4, 1388.11
1775242007, 884, 134, 365, 0, 0, 0.54%, 1, 0, 4, 1440.96
1775242012, 884, 275, 365, 0, 0, 0.54%, 1, 0, 4, 1588.41
1775242017, 885, 29, 365, 0, 0, 0.54%, 1, 0, 4, 1369.68
1775242022, 885, 64, 365, 0, 0, 0.54%, 1, 0, 4, 1411.94
1775242027, 885, 155, 365, 0, 0, 0.54%, 1, 0, 4, 1349.87
1775242032, 885, 265, 365, 0, 0, 0.54%, 1, 0, 4, 1412.50
1775242037, 886, 9, 365, 0, 0, 0.54%, 1, 0, 4, 1350.55
1775242043, 886, 57, 365, 0, 0, 0.54%, 1, 0, 4, 1355.61
1775242048, 886, 101, 365, 0, 0, 0.54%, 1, 0, 4, 1500.97
1775242053, 886, 169, 365, 0, 0, 0.54%, 1, 0, 4, 1391.03
1775242058, 886, 261, 365, 0, 0, 0.54%, 1, 0, 4, 1436.72
1775242063, 887, 6, 365, 0, 0, 0.54%, 1, 0, 4, 1393.76
1775242068, 887, 31, 365, 0, 0, 0.54%, 1, 0, 4, 1444.45
1775242073, 887, 79, 365, 0, 0, 0.54%, 1, 0, 4, 1365.39
1775242078, 887, 142, 365, 0, 0, 0.54%, 1, 0, 4, 1425.99
1775242083, 887, 244, 365, 0, 0, 0.54%, 1, 0, 4, 792.91
1775242088, 887, 322, 365, 0, 0, 0.54%, 1, 0, 4, 1292.13
1775242094, 888, 33, 365, 0, 0, 0.54%, 1, 0, 4, 1438.07
1775242099, 888, 74, 365, 0, 0, 0.54%, 1, 0, 4, 1509.32
1775242104, 888, 125, 365, 0, 0, 0.54%, 1, 0, 4, 883.86
1775242109, 888, 249, 365, 0, 0, 0.54%, 1, 0, 4, 1302.31
1775242114, 888, 286, 365, 0, 0, 0.54%, 1, 0, 4, 1361.05
1775242119, 889, 9, 365, 0, 0, 0.54%, 1, 0, 4, 1261.30
1775242124, 889, 64, 365, 0, 0, 0.54%, 1, 0, 4, 1444.38
1775242129, 889, 175, 365, 0, 0, 0.54%, 1, 0, 4, 1478.05
1775242134, 889, 275, 365, 0, 0, 0.54%, 1, 0, 4, 1423.97
1775242140, 889, 360, 365, 0, 0, 0.54%, 1, 0, 4, 1380.98
1775242145, 890, 29, 365, 0, 0, 0.54%, 1, 0, 4, 1611.45
1775242150, 890, 58, 365, 0, 0, 0.54%, 1, 0, 4, 1316.15
1775242155, 890, 103, 365, 0, 0, 0.54%, 1, 0, 4, 1471.15
1775242160, 890, 265, 365, 0, 0, 0.54%, 1, 0, 4, 1403.44
1775242165, 890, 297, 365, 0, 0, 0.54%, 1, 0, 4, 1370.55
1775242170, 891, 7, 365, 0, 0, 0.54%, 1, 0, 4, 1569.78
1775242175, 891, 33, 365, 0, 0, 0.54%, 1, 0, 4, 1476.60
1775242180, 891, 85, 365, 0, 0, 0.54%, 1, 0, 4, 1434.17
1775242186, 891, 187, 365, 0, 0, 0.54%, 1, 0, 4, 1437.80
1775242191, 891, 262, 365, 0, 0, 0.54%, 1, 0, 4, 1533.59
1775242196, 891, 297, 365, 0, 0, 0.54%, 1, 0, 4, 1373.93
1775242201, 892, 9, 365, 0, 0, 0.54%, 1, 0, 4, 1216.07
1775242206, 892, 63, 365, 0, 0, 0.54%, 1, 0, 4, 1435.71
1775242211, 892, 108, 365, 0, 0, 0.54%, 1, 0, 4, 1336.59
1775242216, 892, 246, 365, 0, 0, 0.54%, 1, 0, 4, 1388.80
1775242221, 892, 276, 365, 0, 0, 0.54%, 1, 0, 4, 1412.43
1775242226, 892, 356, 365, 0, 0, 0.54%, 1, 0, 4, 1051.38
1775242232, 892, 364, 365, 0, 0, 0.54%, 1, 0, 4, 1316.21
1775242237, 893, 33, 365, 0, 0, 0.54%, 1, 0, 4, 1595.39
1775242242, 893, 76, 365, 0, 0, 0.54%, 1, 0, 4, 1524.29
1775242247, 893, 209, 365, 0, 0, 0.54%, 1, 0, 4, 1374.50
1775242252, 893, 277, 365, 0, 0, 0.54%, 1, 0, 4, 1351.59
1775242257, 894, 9, 365, 0, 0, 0.54%, 1, 0, 4, 1344.66
1775242262, 894, 36, 365, 0, 0, 0.54%, 1, 0, 4, 1279.73
1775242267, 894, 89, 365, 0, 0, 0.54%, 1, 0, 4, 1490.86
1775242272, 894, 131, 365, 0, 0, 0.54%, 1, 0, 4, 1393.63
1775242277, 894, 188, 365, 0, 0, 0.54%, 1, 0, 4, 1363.77
1775242282, 894, 265, 365, 0, 0, 0.54%, 1, 0, 4, 1437.89
1775242287, 894, 335, 365, 0, 0, 0.54%, 1, 0, 4, 1337.75
1775242293, 895, 29, 365, 0, 0, 0.54%, 1, 0, 4, 1364.86
1775242298, 895, 64, 365, 0, 0, 0.54%, 1, 0, 4, 1676.61
1775242303, 895, 176, 365, 0, 0, 0.54%, 1, 0, 4, 1393.55
1775242308, 895, 275, 365, 0, 0, 0.54%, 1, 0, 4, 1467.57
1775242313, 895, 359, 365, 0, 0, 0.54%, 1, 0, 4, 1167.18
1775242318, 896, 29, 365, 0, 0, 0.54%, 1, 0, 4, 539.25
1775242323, 896, 87, 365, 0, 0, 0.54%, 1, 0, 4, 1299.66
1775242328, 896, 160, 365, 0, 0, 0.54%, 1, 0, 4, 1400.23
1775242333, 896, 238, 365, 0, 0, 0.54%, 1, 0, 4, 1267.11
1775242338, 896, 322, 365, 0, 0, 0.54%, 1, 0, 4, 1363.12
1775242343, 897, 31, 365, 0, 0, 0.54%, 1, 0, 4, 1458.70
1775242349, 897, 58, 365, 0, 0, 0.54%, 1, 0, 4, 1442.02
1775242354, 897, 101, 365, 0, 0, 0.54%, 1, 0, 4, 1395.58
1775242359, 897, 169, 365, 0, 0, 0.54%, 1, 0, 4, 1361.41
1775242364, 897, 261, 365, 0, 0, 0.54%, 1, 0, 4, 1332.87
1775242369, 897, 324, 365, 0, 0, 0.54%, 1, 0, 4, 1315.94
1775242374, 898, 29, 365, 0, 0, 0.54%, 1, 0, 4, 1476.44
1775242379, 898, 89, 365, 0, 0, 0.54%, 1, 0, 4, 1460.96
1775242384, 898, 166, 365, 0, 0, 0.54%, 1, 0, 4, 1492.63
1775242389, 898, 254, 365, 0, 0, 0.54%, 1, 0, 4, 1354.66
1775242394, 898, 331, 365, 0, 0, 0.54%, 1, 0, 4, 1348.21
1775242399, 899, 33, 365, 0, 0, 0.54%, 1, 0, 4, 1422.57
1775242404, 899, 83, 365, 0, 0, 0.54%, 1, 0, 4, 1424.68
1775242409, 899, 108, 365, 0, 0, 0.54%, 1, 0, 4, 1409.17
1775242414, 899, 265, 365, 0, 0, 0.54%, 1, 0, 4, 1448.08
1775242419, 900, 5, 365, 0, 0, 0.54%, 1, 0, 4, 1327.30
1775242424, 900, 31, 365, 0, 0, 0.54%, 1, 0, 4, 1341.31
1775242429, 900, 63, 365, 0, 0, 0.54%, 1, 0, 4, 1409.21
1775242434, 900, 101, 365, 0, 0, 0.54%, 1, 0, 4, 1398.56
1775242439, 900, 156, 365, 0, 0, 0.54%, 1, 0, 4, 1671.65
1775242444, 900, 265, 365, 0, 0, 0.54%, 1, 0, 4, 1492.85
1775242450, 900, 314, 365, 0, 0, 0.54%, 1, 0, 4, 1339.73
1775242455, 900, 360, 365, 0, 0, 0.54%, 1, 0, 4, 1356.09
1775242460, 901, 33, 365, 0, 0, 0.54%, 1, 0, 4, 1420.99
1775242465, 901, 103, 365, 0, 0, 0.54%, 1, 0, 4, 1332.48
1775242470, 901, 190, 365, 0, 0, 0.54%, 1, 0, 4, 1427.34
1775242475, 901, 221, 365, 0, 0, 0.54%, 1, 0, 4, 1353.99
1775242480, 901, 274, 365, 0, 0, 0.54%, 1, 0, 4, 1367.95
1775242485, 901, 337, 365, 0, 0, 0.54%, 1, 0, 4, 1225.03
1775242490, 902, 29, 365, 0, 0, 0.54%, 1, 0, 4, 1119.50
1775242495, 902, 63, 365, 0, 0, 0.54%, 1, 0, 4, 1423.16
1775242501, 902, 108, 365, 0, 0, 0.54%, 1, 0, 4, 1489.09
1775242506, 902, 169, 365, 0, 0, 0.54%, 1, 0, 4, 1403.53
1775242511, 902, 274, 365, 0, 0, 0.54%, 1, 0, 4, 1330.56
1775242516, 903, 1, 365, 0, 0, 0.54%, 1, 0, 4, 1080.29
1775242521, 903, 58, 365, 0, 0, 0.54%, 1, 0, 4, 1357.76
1775242526, 903, 108, 365, 0, 0, 0.54%, 1, 0, 4, 1413.62
1775242531, 903, 188, 365, 0, 0, 0.54%, 1, 0, 4, 1405.43
1775242536, 903, 289, 365, 0, 0, 0.54%, 1, 0, 4, 1393.24
1775242541, 904, 31, 365, 0, 0, 0.54%, 1, 0, 4, 1384.82
1775242546, 904, 64, 365, 0, 0, 0.54%, 1, 0, 4, 1500.29
1775242551, 904, 126, 365, 0, 0, 0.54%, 1, 0, 4, 1429.60
1775242557, 904, 261, 365, 0, 0, 0.54%, 1, 0, 4, 1324.78
1775242562, 904, 279, 365, 0, 0, 0.54%, 1, 0, 4, 1342.51
1775242567, 905, 29, 365, 0, 0, 0.54%, 1, 0, 4, 1387.95
1775242572, 905, 63, 365, 0, 0, 0.54%, 1, 0, 4, 1463.87
1775242577, 905, 103, 365, 0, 0, 0.54%, 1, 0, 4, 1474.15
1775242582, 905, 141, 365, 0, 0, 0.54%, 1, 0, 4, 1482.81
1775242587, 905, 265, 365, 0, 0, 0.54%, 1, 0, 4, 1475.83
1775242592, 906, 9, 365, 0, 0, 0.54%, 1, 0, 4, 1341.22
1775242597, 906, 58, 365, 0, 0, 0.54%, 1, 0, 4, 1438.67
1775242602, 906, 108, 365, 0, 0, 0.54%, 1, 0, 4, 1425.87
1775242607, 906, 224, 365, 0, 0, 0.54%, 1, 0, 4, 1453.94
1775242613, 906, 274, 365, 0, 0, 0.54%, 1, 0, 4, 1459.08
1775242618, 906, 357, 365, 0, 0, 0.54%, 1, 0, 4, 1118.99
1775242623, 907, 26, 365, 0, 0, 0.54%, 1, 0, 4, 1269.66
1775242628, 907, 64, 365, 0, 0, 0.54%, 1, 0, 4, 1511.10
1775242633, 907, 126, 365, 0, 0, 0.54%, 1, 0, 4, 1340.53
1775242638, 907, 261, 365, 0, 0, 0.54%, 1, 0, 4, 1450.69
1775242643, 907, 322, 365, 0, 0, 0.54%, 1, 0, 4, 1399.55
1775242648, 908, 58, 365, 0, 0, 0.54%, 1, 0, 4, 1478.61
1775242654, 908, 103, 365, 0, 0, 0.54%, 1, 0, 4, 1510.46
1775242659, 908, 200, 365, 0, 0, 0.54%, 1, 0, 4, 1528.40
1775242664, 908, 275, 365, 0, 0, 0.54%, 1, 0, 4, 1433.34
1775242669, 909, 9, 365, 0, 0, 0.54%, 1, 0, 4, 1317.47
1775242674, 909, 56, 365, 0, 0, 0.54%, 1, 0, 4, 1380.59
1775242679, 909, 101, 365, 0, 0, 0.54%, 1, 0, 4, 1443.61
1775242684, 909, 261, 365, 0, 0, 0.54%, 1, 0, 4, 1270.53
1775242689, 909, 290, 365, 0, 0, 0.54%, 1, 0, 4, 1457.14
1775242694, 910, 31, 365, 0, 0, 0.54%, 1, 0, 4, 1429.23
1775242700, 910, 103, 365, 0, 0, 0.54%, 1, 0, 4, 1450.06
1775242705, 910, 191, 365, 0, 0, 0.54%, 1, 0, 4, 1485.53
1775242710, 910, 261, 365, 0, 0, 0.54%, 1, 0, 4, 1464.04
1775242715, 910, 276, 365, 0, 0, 0.54%, 1, 0, 4, 1411.91
1775242720, 911, 14, 365, 0, 0, 0.54%, 1, 0, 4, 1301.81
1775242725, 911, 45, 365, 0, 0, 0.54%, 1, 0, 4, 1391.72
1775242730, 911, 89, 365, 0, 0, 0.54%, 1, 0, 4, 1412.10
1775242735, 911, 143, 365, 0, 0, 0.54%, 1, 0, 4, 1290.09
1775242740, 911, 227, 365, 0, 0, 0.54%, 1, 0, 4, 1394.14
1775242745, 911, 275, 365, 0, 0, 0.54%, 1, 0, 4, 1424.87
1775242750, 912, 9, 365, 0, 0, 0.54%, 1, 0, 4, 1362.06
1775242756, 912, 33, 365, 0, 0, 0.54%, 1, 0, 4, 1413.43
1775242761, 912, 89, 365, 0, 0, 0.54%, 1, 0, 4, 1386.92
1775242766, 912, 168, 365, 0, 0, 0.54%, 1, 0, 4, 1469.96
1775242771, 912, 258, 365, 0, 0, 0.54%, 1, 0, 4, 1452.11
1775242776, 912, 293, 365, 0, 0, 0.54%, 1, 0, 4, 1330.54
1775242781, 913, 29, 365, 0, 0, 0.54%, 1, 0, 4, 1401.61
1775242786, 913, 64, 365, 0, 0, 0.54%, 1, 0, 4, 1453.89
1775242791, 913, 104, 365, 0, 0, 0.54%, 1, 0, 4, 1348.37
1775242796, 913, 206, 365, 0, 0, 0.54%, 1, 0, 4, 1339.40
1775242801, 913, 275, 365, 0, 0, 0.54%, 1, 0, 4, 1456.97
1775242806, 913, 319, 365, 0, 0, 0.54%, 1, 0, 4, 1315.74
1775242812, 914, 29, 365, 0, 0, 0.54%, 1, 0, 4, 1371.36
1775242817, 914, 58, 365, 0, 0, 0.54%, 1, 0, 4, 1437.65
1775242822, 914, 101, 365, 0, 0, 0.54%, 1, 0, 4, 1276.26
1775242827, 914, 143, 365, 0, 0, 0.54%, 1, 0, 4, 1398.21
1775242832, 914, 261, 365, 0, 0, 0.54%, 1, 0, 4, 1316.80
1775242837, 914, 311, 365, 0, 0, 0.54%, 1, 0, 4, 1313.92
1775242842, 915, 29, 365, 0, 0, 0.54%, 1, 0, 4, 1304.65
1775242848, 915, 56, 365, 0, 0, 0.54%, 1, 0, 4, 1326.53
1775242853, 915, 89, 365, 0, 0, 0.54%, 1, 0, 4, 1404.63
1775242858, 915, 145, 365, 0, 0, 0.54%, 1, 0, 4, 1496.88
1775242863, 915, 274, 365, 0, 0, 0.54%, 1, 0, 4, 1500.04
1775242868, 915, 360, 365, 0, 0, 0.54%, 1, 0, 4, 1289.63
1775242873, 916, 31, 365, 0, 0, 0.54%, 1, 0, 4, 1332.94
1775242878, 916, 76, 365, 0, 0, 0.54%, 1, 0, 4, 1418.32
1775242883, 916, 173, 365, 0, 0, 0.54%, 1, 0, 4, 1457.00
1775242888, 916, 208, 365, 0, 0, 0.54%, 1, 0, 4, 1352.95
1775242893, 916, 274, 365, 0, 0, 0.54%, 1, 0, 4, 1415.41
1775242899, 916, 360, 365, 0, 0, 0.54%, 1, 0, 4, 1499.34
1775242904, 917, 31, 365, 0, 0, 0.54%, 1, 0, 4, 1475.43
1775242909, 917, 89, 365, 0, 0, 0.54%, 1, 0, 4, 1439.06
1775242914, 917, 222, 365, 0, 0, 0.54%, 1, 0, 4, 1459.80
1775242919, 917, 275, 365, 0, 0, 0.54%, 1, 0, 4, 1473.02
1775242924, 917, 337, 365, 0, 0, 0.54%, 1, 0, 4, 1171.14
1775242929, 918, 31, 365, 0, 0, 0.54%, 1, 0, 4, 1303.13
1775242934, 918, 100, 365, 0, 0, 0.54%, 1, 0, 4, 1516.72
1775242939, 918, 153, 365, 0, 0, 0.54%, 1, 0, 4, 1458.97
1775242944, 918, 274, 365, 0, 0, 0.54%, 1, 0, 4, 1498.97
1775242950, 919, 9, 365, 0, 0, 0.54%, 1, 0, 4, 1294.56
1775242955, 919, 37, 365, 0, 0, 0.54%, 1, 0, 4, 1589.34
1775242960, 919, 103, 365, 0, 0, 0.54%, 1, 0, 4, 1471.83
1775242965, 919, 178, 365, 0, 0, 0.54%, 1, 0, 4, 1344.08
1775242970, 919, 263, 365, 0, 0, 0.54%, 1, 0, 4, 1415.46
1775242975, 919, 322, 365, 0, 0, 0.54%, 1, 0, 4, 1279.88
1775242980, 920, 31, 365, 0, 0, 0.54%, 1, 0, 4, 1458.33
1775242986, 920, 71, 365, 0, 0, 0.54%, 1, 0, 4, 1337.73
1775242991, 920, 103, 365, 0, 0, 0.54%, 1, 0, 4, 1396.96
1775242996, 920, 191, 365, 0, 0, 0.54%, 1, 0, 4, 1377.36
1775243001, 920, 265, 365, 0, 0, 0.54%, 1, 0, 4, 1429.38
1775243006, 920, 322, 365, 0, 0, 0.54%, 1, 0, 4, 1360.40
1775243011, 921, 33, 365, 0, 0, 0.54%, 1, 0, 4, 1412.84
1775243016, 921, 101, 365, 0, 0, 0.54%, 1, 0, 4, 1458.71
1775243021, 921, 130, 365, 0, 0, 0.54%, 1, 0, 4, 1425.00
1775243026, 921, 168, 365, 0, 0, 0.54%, 1, 0, 4, 1482.27
1775243031, 921, 220, 365, 0, 0, 0.54%, 1, 0, 4, 1396.78
1775243037, 921, 265, 365, 0, 0, 0.54%, 1, 0, 4, 1335.75
1775243042, 921, 352, 365, 0, 0, 0.54%, 1, 0, 4, 1335.19
1775243047, 922, 58, 365, 0, 0, 0.54%, 1, 0, 4, 1487.50
1775243052, 922, 108, 365, 0, 0, 0.54%, 1, 0, 4, 1490.07
1775243057, 922, 256, 365, 0, 0, 0.54%, 1, 0, 4, 1450.10
1775243062, 922, 275, 365, 0, 0, 0.54%, 1, 0, 4, 1434.61
1775243067, 923, 29, 365, 0, 0, 0.54%, 1, 0, 4, 1403.82
1775243072, 923, 44, 365, 0, 0, 0.54%, 1, 0, 4, 1377.02
1775243077, 923, 101, 365, 0, 0, 0.54%, 1, 0, 4, 1410.18
1775243082, 923, 114, 365, 0, 0, 0.54%, 1, 0, 4, 1427.93
1775243087, 923, 265, 365, 0, 0, 0.54%, 1, 0, 4, 1487.28
1775243093, 923, 341, 365, 0, 0, 0.54%, 1, 0, 4, 1285.30
1775243098, 924, 33, 365, 0, 0, 0.54%, 1, 0, 4, 1436.07
1775243103, 924, 101, 365, 0, 0, 0.54%, 1, 0, 4, 1471.77
1775243108, 924, 166, 365, 0, 0, 0.54%, 1, 0, 4, 1332.87
1775243113, 924, 273, 365, 0, 0, 0.54%, 1, 0, 4, 1436.43
1775243118, 924, 360, 365, 0, 0, 0.54%, 1, 0, 4, 1375.08
1775243123, 925, 31, 365, 0, 0, 0.54%, 1, 0, 4, 1453.78
1775243128, 925, 89, 365, 0, 0, 0.54%, 1, 0, 4, 1528.79
1775243133, 925, 166, 365, 0, 0, 0.54%, 1, 0, 4, 1474.73
1775243138, 925, 265, 365, 0, 0, 0.54%, 1, 0, 4, 1544.20
1775243144, 926, 29, 365, 0, 0, 0.54%, 1, 0, 4, 1573.73
1775243149, 926, 55, 365, 0, 0, 0.54%, 1, 0, 4, 1488.08
1775243154, 926, 108, 365, 0, 0, 0.54%, 1, 0, 4, 1374.60
1775243159, 926, 265, 365, 0, 0, 0.54%, 1, 0, 4, 1351.84
1775243164, 926, 361, 365, 0, 0, 0.54%, 1, 0, 4, 1219.15
1775243169, 927, 56, 365, 0, 0, 0.54%, 1, 0, 4, 1481.79
1775243174, 927, 98, 365, 0, 0, 0.54%, 1, 0, 4, 1357.58
1775243179, 927, 164, 365, 0, 0, 0.54%, 1, 0, 4, 1426.71
1775243184, 927, 261, 365, 0, 0, 0.54%, 1, 0, 4, 1528.64
1775243189, 927, 322, 365, 0, 0, 0.54%, 1, 0, 4, 1468.37
1775243194, 928, 24, 365, 0, 0, 0.54%, 1, 0, 4, 1498.21
1775243200, 928, 64, 365, 0, 0, 0.54%, 1, 0, 4, 1510.14
1775243205, 928, 108, 365, 0, 0, 0.54%, 1, 0, 4, 1458.44
1775243210, 928, 193, 365, 0, 0, 0.54%, 1, 0, 4, 1503.11
1775243215, 928, 265, 365, 0, 0, 0.54%, 1, 0, 4, 1451.29
1775243220, 928, 326, 365, 0, 0, 0.54%, 1, 0, 4, 1318.94
1775243225, 929, 9, 365, 0, 0, 0.54%, 1, 0, 4, 1390.20
1775243230, 929, 47, 365, 0, 0, 0.54%, 1, 0, 4, 1349.75
1775243235, 929, 84, 365, 0, 0, 0.54%, 1, 0, 4, 1314.67
1775243240, 929, 121, 365, 0, 0, 0.54%, 1, 0, 4, 1483.98
1775243245, 929, 214, 365, 0, 0, 0.54%, 1, 0, 4, 1454.76
1775243250, 929, 274, 365, 0, 0, 0.54%, 1, 0, 4, 1534.72
1775243256, 929, 364, 365, 0, 0, 0.54%, 1, 0, 4, 1445.92
1775243261, 930, 58, 365, 0, 0, 0.54%, 1, 0, 4, 1506.13
1775243266, 930, 101, 365, 0, 0, 0.54%, 1, 0, 4, 1534.10
1775243271, 930, 133, 365, 0, 0, 0.54%, 1, 0, 4, 1429.09
1775243276, 930, 261, 365, 0, 0, 0.54%, 1, 0, 4, 1354.29
1775243281, 930, 286, 365, 0, 0, 0.54%, 1, 0, 4, 1315.69
1775243286, 931, 9, 365, 0, 0, 0.54%, 1, 0, 4, 1322.45
1775243291, 931, 63, 365, 0, 0, 0.54%, 1, 0, 4, 1465.34
1775243296, 931, 101, 365, 0, 0, 0.54%, 1, 0, 4, 1396.69
1775243301, 931, 202, 365, 0, 0, 0.54%, 1, 0, 4, 1419.95
1775243306, 931, 231, 365, 0, 0, 0.54%, 1, 0, 4, 1353.14
1775243312, 931, 285, 365, 0, 0, 0.54%, 1, 0, 4, 1425.85
1775243317, 932, 29, 365, 0, 0, 0.54%, 1, 0, 4, 1410.94
1775243322, 932, 58, 365, 0, 0, 0.54%, 1, 0, 4, 1346.10
1775243327, 932, 89, 365, 0, 0, 0.54%, 1, 0, 4, 1486.41
1775243332, 932, 153, 365, 0, 0, 0.54%, 1, 0, 4, 1324.43
1775243337, 932, 218, 365, 0, 0, 0.54%, 1, 0, 4, 1422.69
1775243342, 932, 275, 365, 0, 0, 0.54%, 1, 0, 4, 1523.44
1775243347, 932, 352, 365, 0, 0, 0.54%, 1, 0, 4, 1210.50
1775243353, 933, 31, 365, 0, 0, 0.54%, 1, 0, 4, 1423.58
1775243358, 933, 98, 365, 0, 0, 0.54%, 1, 0, 4, 1501.50
1775243363, 933, 113, 365, 0, 0, 0.54%, 1, 0, 4, 1418.62
1775243368, 933, 235, 365, 0, 0, 0.54%, 1, 0, 4, 1385.77
1775243373, 933, 275, 365, 0, 0, 0.54%, 1, 0, 4, 1362.27
1775243378, 934, 9, 365, 0, 0, 0.54%, 1, 0, 4, 1303.03
1775243383, 934, 62, 365, 0, 0, 0.54%, 1, 0, 4, 1405.02
1775243388, 934, 108, 365, 0, 0, 0.54%, 1, 0, 4, 1423.11
1775243393, 934, 180, 365, 0, 0, 0.54%, 1, 0, 4, 1418.97
1775243398, 934, 265, 365, 0, 0, 0.54%, 1, 0, 4, 1434.21
1775243404, 934, 318, 365, 0, 0, 0.54%, 1, 0, 4, 1362.31
1775243409, 935, 33, 365, 0, 0, 0.54%, 1, 0, 4, 1461.33
1775243414, 935, 89, 365, 0, 0, 0.54%, 1, 0, 4, 1391.36
1775243419, 935, 138, 365, 0, 0, 0.54%, 1, 0, 4, 1460.91
1775243424, 935, 213, 365, 0, 0, 0.54%, 1, 0, 4, 1374.29
1775243429, 935, 274, 365, 0, 0, 0.54%, 1, 0, 4, 1513.18
1775243434, 936, 9, 365, 0, 0, 0.54%, 1, 0, 4, 1345.24
1775243439, 936, 63, 365, 0, 0, 0.54%, 1, 0, 4, 1481.21
1775243444, 936, 135, 365, 0, 0, 0.54%, 1, 0, 4, 1429.73
1775243450, 936, 260, 365, 0, 0, 0.54%, 1, 0, 4, 1470.42
1775243455, 936, 277, 365, 0, 0, 0.54%, 1, 0, 4, 1284.03
1775243460, 936, 364, 365, 0, 0, 0.54%, 1, 0, 4, 1362.10
1775243465, 937, 37, 365, 0, 0, 0.54%, 1, 0, 4, 1425.00
1775243470, 937, 101, 365, 0, 0, 0.54%, 1, 0, 4, 1505.13
1775243475, 937, 129, 365, 0, 0, 0.54%, 1, 0, 4, 1471.38
1775243480, 937, 265, 365, 0, 0, 0.54%, 1, 0, 4, 1513.25
1775243486, 938, 9, 365, 0, 0, 0.54%, 1, 0, 4, 1344.80
1775243491, 938, 61, 365, 0, 0, 0.54%, 1, 0, 4, 1449.88
1775243496, 938, 91, 365, 0, 0, 0.54%, 1, 0, 4, 1293.10
1775243501, 938, 133, 365, 0, 0, 0.54%, 1, 0, 4, 1360.21
1775243506, 938, 223, 365, 0, 0, 0.54%, 1, 0, 4, 1477.09
1775243511, 938, 274, 365, 0, 0, 0.54%, 1, 0, 4, 1487.74
1775243516, 938, 363, 365, 0, 0, 0.54%, 1, 0, 4, 262.67
1775243521, 939, 31, 365, 0, 0, 0.54%, 1, 0, 4, 1627.30
1775243526, 939, 64, 365, 0, 0, 0.54%, 1, 0, 4, 1441.56
1775243531, 939, 108, 365, 0, 0, 0.54%, 1, 0, 4, 1490.40
1775243537, 939, 171, 365, 0, 0, 0.54%, 1, 0, 4, 265.41
1775243542, 939, 274, 365, 0, 0, 0.54%, 1, 0, 4, 1437.90
1775243547, 939, 358, 365, 0, 0, 0.54%, 1, 0, 4, 1334.54
1775243552, 940, 20, 365, 0, 0, 0.54%, 1, 0, 4, 1367.07
1775243557, 940, 63, 365, 0, 0, 0.54%, 1, 0, 4, 1446.89
1775243562, 940, 103, 365, 0, 0, 0.54%, 1, 0, 4, 1420.17
1775243567, 940, 142, 365, 0, 0, 0.54%, 1, 0, 4, 1405.42
1775243572, 940, 177, 365, 0, 0, 0.54%, 1, 0, 4, 1346.19
1775243577, 940, 260, 365, 0, 0, 0.54%, 1, 0, 4, 1428.19
1775243582, 940, 290, 365, 0, 0, 0.54%, 1, 0, 4, 1409.55
1775243588, 941, 9, 365, 0, 0, 0.54%, 1, 0, 4, 1474.65
1775243593, 941, 31, 365, 0, 0, 0.54%, 1, 0, 4, 1356.50
1775243598, 941, 89, 365, 0, 0, 0.54%, 1, 0, 4, 1519.53
1775243603, 941, 193, 365, 0, 0, 0.54%, 1, 0, 4, 1515.03
1775243608, 941, 274, 365, 0, 0, 0.54%, 1, 0, 4, 1463.30
1775243613, 941, 359, 365, 0, 0, 0.54%, 1, 0, 4, 1362.16
1775243618, 942, 9, 365, 0, 0, 0.54%, 1, 0, 4, 851.77
1775243623, 942, 64, 365, 0, 0, 0.54%, 1, 0, 4, 1376.19
1775243628, 942, 103, 365, 0, 0, 0.54%, 1, 0, 4, 1477.84
1775243633, 942, 212, 365, 0, 0, 0.54%, 1, 0, 4, 1485.17
1775243638, 942, 265, 365, 0, 0, 0.54%, 1, 0, 4, 1519.47
1775243644, 942, 322, 365, 0, 0, 0.54%, 1, 0, 4, 1329.04
1775243649, 943, 31, 365, 0, 0, 0.54%, 1, 0, 4, 1289.90
1775243654, 943, 71, 365, 0, 0, 0.54%, 1, 0, 4, 1377.37
1775243659, 943, 103, 365, 0, 0, 0.54%, 1, 0, 4, 1290.98
1775243664, 943, 259, 365, 0, 0, 0.54%, 1, 0, 4, 1241.77
1775243669, 943, 274, 365, 0, 0, 0.54%, 1, 0, 4, 1176.37
1775243674, 944, 9, 365, 0, 0, 0.54%, 1, 0, 4, 1366.37
1775243679, 944, 64, 365, 0, 0, 0.54%, 1, 0, 4, 1488.69
1775243685, 944, 108, 365, 0, 0, 0.54%, 1, 0, 4, 1439.69
1775243690, 944, 171, 365, 0, 0, 0.54%, 1, 0, 4, 1361.48
1775243695, 944, 276, 365, 0, 0, 0.54%, 1, 0, 4, 1252.72
1775243700, 944, 361, 365, 0, 0, 0.54%, 1, 0, 4, 1049.75
1775243705, 945, 42, 365, 0, 0, 0.54%, 1, 0, 4, 1273.44
1775243710, 945, 87, 365, 0, 0, 0.54%, 1, 0, 4, 1428.95
1775243715, 945, 133, 365, 0, 0, 0.54%, 1, 0, 4, 1441.79
1775243720, 945, 249, 365, 0, 0, 0.54%, 1, 0, 4, 1437.01
1775243725, 945, 275, 365, 0, 0, 0.54%, 1, 0, 4, 1362.60
1775243730, 946, 29, 365, 0, 0, 0.54%, 1, 0, 4, 1429.05
1775243735, 946, 63, 365, 0, 0, 0.54%, 1, 0, 4, 1361.03
1775243740, 946, 96, 365, 0, 0, 0.54%, 1, 0, 4, 1405.30
1775243746, 946, 178, 365, 0, 0, 0.54%, 1, 0, 4, 1270.97
1775243751, 946, 276, 365, 0, 0, 0.54%, 1, 0, 4, 1335.01
1775243756, 946, 329, 365, 0, 0, 0.54%, 1, 0, 4, 1267.56
1775243761, 947, 16, 365, 0, 0, 0.54%, 1, 0, 4, 1343.45
1775243766, 947, 63, 365, 0, 0, 0.54%, 1, 0, 4, 1364.73
1775243771, 947, 102, 365, 0, 0, 0.54%, 1, 0, 4, 1360.06
1775243776, 947, 216, 365, 0, 0, 0.54%, 1, 0, 4, 1309.75
1775243781, 947, 276, 365, 0, 0, 0.54%, 1, 0, 4, 1387.24
1775243786, 948, 33, 365, 0, 0, 0.54%, 1, 0, 4, 1540.97
1775243791, 948, 103, 365, 0, 0, 0.54%, 1, 0, 4, 1422.96
1775243796, 948, 187, 365, 0, 0, 0.54%, 1, 0, 4, 1429.90
1775243802, 948, 274, 365, 0, 0, 0.54%, 1, 0, 4, 1501.24
1775243807, 948, 358, 365, 0, 0, 0.54%, 1, 0, 4, 1504.31
1775243812, 949, 24, 365, 0, 0, 0.54%, 1, 0, 4, 1367.34
1775243817, 949, 73, 365, 0, 0, 0.54%, 1, 0, 4, 1517.65
1775243822, 949, 108, 365, 0, 0, 0.54%, 1, 0, 4, 1382.77
1775243827, 949, 241, 365, 0, 0, 0.54%, 1, 0, 4, 1232.00
1775243832, 949, 275, 365, 0, 0, 0.54%, 1, 0, 4, 1511.62
1775243837, 950, 9, 365, 0, 0, 0.54%, 1, 0, 4, 1555.52
1775243843, 950, 33, 365, 0, 0, 0.54%, 1, 0, 4, 1404.13
1775243848, 950, 89, 365, 0, 0, 0.54%, 1, 0, 4, 1522.79
1775243853, 950, 162, 365, 0, 0, 0.54%, 1, 0, 4, 1694.04
1775243858, 950, 274, 365, 0, 0, 0.54%, 1, 0, 4, 1550.43
1775243863, 950, 331, 365, 0, 0, 0.54%, 1, 0, 4, 1202.13
1775243868, 951, 58, 365, 0, 0, 0.54%, 1, 0, 4, 1432.26
1775243873, 951, 101, 365, 0, 0, 0.54%, 1, 0, 4, 1559.64
1775243878, 951, 175, 365, 0, 0, 0.54%, 1, 0, 4, 1402.34
1775243883, 951, 275, 365, 0, 0, 0.54%, 1, 0, 4, 1431.50
1775243888, 952, 29, 365, 0, 0, 0.54%, 1, 0, 4, 1416.93
1775243894, 952, 64, 365, 0, 0, 0.54%, 1, 0, 4, 1398.96
1775243899, 952, 99, 365, 0, 0, 0.54%, 1, 0, 4, 1407.52
1775243904, 952, 180, 365, 0, 0, 0.54%, 1, 0, 4, 1366.45
1775243909, 952, 275, 365, 0, 0, 0.54%, 1, 0, 4, 1375.27
1775243914, 953, 9, 365, 0, 0, 0.54%, 1, 0, 4, 1310.75
1775243919, 953, 51, 365, 0, 0, 0.54%, 1, 0, 4, 1350.34
1775243924, 953, 101, 365, 0, 0, 0.54%, 1, 0, 4, 1433.41
1775243929, 953, 136, 365, 0, 0, 0.54%, 1, 0, 4, 1401.36
1775243934, 953, 265, 365, 0, 0, 0.54%, 1, 0, 4, 1383.95
1775243939, 953, 315, 365, 0, 0, 0.54%, 1, 0, 4, 1317.88
1775243944, 954, 9, 365, 0, 0, 0.54%, 1, 0, 4, 1243.87
1775243949, 954, 64, 365, 0, 0, 0.54%, 1, 0, 4, 1418.85
1775243954, 954, 182, 365, 0, 0, 0.54%, 1, 0, 4, 1333.97
1775243959, 954, 265, 365, 0, 0, 0.54%, 1, 0, 4, 1335.91
1775243965, 955, 9, 365, 0, 0, 0.54%, 1, 0, 4, 1245.22
1775243970, 955, 41, 365, 0, 0, 0.54%, 1, 0, 4, 1261.55
1775243975, 955, 89, 365, 0, 0, 0.54%, 1, 0, 4, 1285.90
1775243980, 955, 181, 365, 0, 0, 0.54%, 1, 0, 4, 1287.94
1775243985, 955, 274, 365, 0, 0, 0.54%, 1, 0, 4, 1455.35
1775243990, 956, 0, 365, 0, 0, 0.54%, 1, 0, 4, 1223.63
1775243995, 956, 43, 365, 0, 0, 0.54%, 1, 0, 4, 1356.19
1775244001, 956, 89, 365, 0, 0, 0.54%, 1, 0, 4, 1355.52
1775244006, 956, 109, 365, 0, 0, 0.54%, 1, 0, 4, 1299.88
1775244011, 956, 211, 365, 0, 0, 0.54%, 1, 0, 4, 1275.35
1775244016, 956, 261, 365, 0, 0, 0.54%, 1, 0, 4, 1396.45
1775244021, 956, 305, 365, 0, 0, 0.54%, 1, 0, 4, 1364.36
1775244026, 957, 51, 365, 0, 0, 0.54%, 1, 0, 4, 1459.70
1775244031, 957, 95, 365, 0, 0, 0.54%, 1, 0, 4, 1411.10
1775244036, 957, 201, 365, 0, 0, 0.54%, 1, 0, 4, 1470.75
1775244041, 957, 276, 365, 0, 0, 0.54%, 1, 0, 4, 1428.93
1775244046, 958, 22, 365, 0, 0, 0.54%, 1, 0, 4, 1387.54
1775244051, 958, 54, 365, 0, 0, 0.54%, 1, 0, 4, 1425.25
1775244056, 958, 101, 365, 0, 0, 0.54%, 1, 0, 4, 1479.53
1775244061, 958, 165, 365, 0, 0, 0.54%, 1, 0, 4, 1457.56
1775244067, 958, 211, 365, 0, 0, 0.54%, 1, 0, 4, 1465.77
1775244072, 958, 275, 365, 0, 0, 0.54%, 1, 0, 4, 1712.97
1775244077, 959, 9, 365, 0, 0, 0.54%, 1, 0, 4, 1486.13
1775244082, 959, 63, 365, 0, 0, 0.54%, 1, 0, 4, 1698.11
1775244087, 959, 95, 365, 0, 0, 0.54%, 1, 0, 4, 1519.85
1775244092, 959, 163, 365, 0, 0, 0.54%, 1, 0, 4, 1389.01
1775244097, 959, 211, 365, 0, 0, 0.54%, 1, 0, 4, 1323.58
1775244102, 959, 274, 365, 0, 0, 0.54%, 1, 0, 4, 1366.17
1775244107, 960, 9, 365, 0, 0, 0.54%, 1, 0, 4, 1384.67
1775244112, 960, 47, 365, 0, 0, 0.54%, 1, 0, 4, 1500.43
1775244118, 960, 78, 365, 0, 0, 0.54%, 1, 0, 4, 1449.40
1775244123, 960, 108, 365, 0, 0, 0.54%, 1, 0, 4, 1326.96
1775244128, 960, 261, 365, 0, 0, 0.54%, 1, 0, 4, 1314.40
1775244133, 960, 320, 365, 0, 0, 0.54%, 1, 0, 4, 1449.52
1775244138, 961, 29, 365, 0, 0, 0.54%, 1, 0, 4, 1293.61
1775244143, 961, 63, 365, 0, 0, 0.54%, 1, 0, 4, 1328.19
1775244148, 961, 103, 365, 0, 0, 0.54%, 1, 0, 4, 1365.26
1775244153, 961, 152, 365, 0, 0, 0.54%, 1, 0, 4, 1369.03
1775244158, 961, 261, 365, 0, 0, 0.54%, 1, 0, 4, 1340.60
1775244163, 961, 337, 365, 0, 0, 0.54%, 1, 0, 4, 1239.57
1775244169, 962, 33, 365, 0, 0, 0.54%, 1, 0, 4, 1267.68
1775244174, 962, 83, 365, 0, 0, 0.54%, 1, 0, 4, 1458.21
1775244179, 962, 134, 365, 0, 0, 0.54%, 1, 0, 4, 1519.96
1775244184, 962, 195, 365, 0, 0, 0.54%, 1, 0, 4, 1401.96
1775244189, 962, 255, 365, 0, 0, 0.54%, 1, 0, 4, 1340.28
1775244194, 962, 287, 365, 0, 0, 0.54%, 1, 0, 4, 1284.24
1775244199, 963, 29, 365, 0, 0, 0.54%, 1, 0, 4, 1273.79
1775244204, 963, 77, 365, 0, 0, 0.54%, 1, 0, 4, 1429.84
1775244209, 963, 108, 365, 0, 0, 0.54%, 1, 0, 4, 1430.73
1775244214, 963, 168, 365, 0, 0, 0.54%, 1, 0, 4, 1445.18
1775244219, 963, 214, 365, 0, 0, 0.54%, 1, 0, 4, 1110.85
1775244225, 963, 276, 365, 0, 0, 0.54%, 1, 0, 4, 1339.47
1775244230, 963, 352, 365, 0, 0, 0.54%, 1, 0, 4, 1224.45
1775244235, 964, 33, 365, 0, 0, 0.54%, 1, 0, 4, 1371.56
1775244240, 964, 82, 365, 0, 0, 0.54%, 1, 0, 4, 1322.67
1775244245, 964, 197, 365, 0, 0, 0.54%, 1, 0, 4, 1420.97
1775244250, 964, 265, 365, 0, 0, 0.54%, 1, 0, 4, 1384.63
1775244255, 964, 322, 365, 0, 0, 0.54%, 1, 0, 4, 1447.92
1775244260, 965, 31, 365, 0, 0, 0.54%, 1, 0, 4, 1347.86
1775244266, 965, 76, 365, 0, 0, 0.54%, 1, 0, 4, 1431.78
1775244271, 965, 133, 365, 0, 0, 0.54%, 1, 0, 4, 1419.74
1775244276, 965, 206, 365, 0, 0, 0.54%, 1, 0, 4, 1451.48
1775244281, 965, 254, 365, 0, 0, 0.54%, 1, 0, 4, 1443.77
1775244286, 965, 311, 365, 0, 0, 0.54%, 1, 0, 4, 1349.68
1775244291, 966, 28, 365, 0, 0, 0.54%, 1, 0, 4, 1340.07
1775244296, 966, 50, 365, 0, 0, 0.54%, 1, 0, 4, 1482.40
1775244301, 966, 75, 365, 0, 0, 0.54%, 1, 0, 4, 1442.61
1775244306, 966, 182, 365, 0, 0, 0.54%, 1, 0, 4, 1483.22
1775244311, 966, 265, 365, 0, 0, 0.54%, 1, 0, 4, 1404.85
1775244316, 966, 308, 365, 0, 0, 0.54%, 1, 0, 4, 1229.40
1775244322, 967, 29, 365, 0, 0, 0.54%, 1, 0, 4, 1289.59
1775244327, 967, 64, 365, 0, 0, 0.54%, 1, 0, 4, 1455.91
1775244332, 967, 108, 365, 0, 0, 0.54%, 1, 0, 4, 1380.24
1775244337, 967, 183, 365, 0, 0, 0.54%, 1, 0, 4, 1517.71
1775244342, 967, 264, 365, 0, 0, 0.54%, 1, 0, 4, 1442.83
1775244347, 967, 313, 365, 0, 0, 0.54%, 1, 0, 4, 1326.51
1775244352, 968, 33, 365, 0, 0, 0.54%, 1, 0, 4, 1396.61
1775244357, 968, 101, 365, 0, 0, 0.54%, 1, 0, 4, 1403.83
1775244362, 968, 215, 365, 0, 0, 0.54%, 1, 0, 4, 1400.67
1775244368, 968, 276, 365, 0, 0, 0.54%, 1, 0, 4, 1398.12
1775244373, 968, 347, 365, 0, 0, 0.54%, 1, 0, 4, 1188.01
1775244378, 969, 33, 365, 0, 0, 0.54%, 1, 0, 4, 1396.59
1775244383, 969, 103, 365, 0, 0, 0.54%, 1, 0, 4, 1511.13
1775244388, 969, 209, 365, 0, 0, 0.54%, 1, 0, 4, 1427.86
1775244393, 969, 265, 365, 0, 0, 0.54%, 1, 0, 4, 1492.00
1775244398, 969, 322, 365, 0, 0, 0.54%, 1, 0, 4, 1382.50
1775244403, 970, 33, 365, 0, 0, 0.54%, 1, 0, 4, 1455.04
1775244408, 970, 65, 365, 0, 0, 0.54%, 1, 0, 4, 1401.61
1775244414, 970, 103, 365, 0, 0, 0.54%, 1, 0, 4, 1404.71
1775244419, 970, 202, 365, 0, 0, 0.54%, 1, 0, 4, 1290.82
1775244424, 970, 267, 365, 0, 0, 0.54%, 1, 0, 4, 1418.08
1775244429, 970, 307, 365, 0, 0, 0.54%, 1, 0, 4, 1303.38
1775244434, 971, 29, 365, 0, 0, 0.54%, 1, 0, 4, 1285.04
1775244439, 971, 64, 365, 0, 0, 0.54%, 1, 0, 4, 200.00
1775244444, 971, 103, 365, 0, 0, 0.54%, 1, 0, 4, 1433.48
1775244449, 971, 178, 365, 0, 0, 0.54%, 1, 0, 4, 1454.82
1775244454, 971, 265, 365, 0, 0, 0.54%, 1, 0, 4, 1444.43
1775244460, 972, 9, 365, 0, 0, 0.54%, 1, 0, 4, 1368.78
1775244465, 972, 49, 365, 0, 0, 0.54%, 1, 0, 4, 1470.58
1775244470, 972, 89, 365, 0, 0, 0.54%, 1, 0, 4, 1427.32
1775244475, 972, 172, 365, 0, 0, 0.54%, 1, 0, 4, 1373.98
1775244480, 972, 274, 365, 0, 0, 0.54%, 1, 0, 4, 1401.39
1775244485, 973, 7, 365, 0, 0, 0.54%, 1, 0, 4, 1303.62
1775244490, 973, 44, 365, 0, 0, 0.54%, 1, 0, 4, 1418.41
1775244495, 973, 101, 365, 0, 0, 0.54%, 1, 0, 4, 1451.36
1775244500, 973, 187, 365, 0, 0, 0.54%, 1, 0, 4, 1334.09
1775244505, 973, 265, 365, 0, 0, 0.54%, 1, 0, 4, 1469.68
1775244510, 974, 29, 365, 0, 0, 0.54%, 1, 0, 4, 1316.98
1775244515, 974, 63, 365, 0, 0, 0.54%, 1, 0, 4, 1411.28
1775244520, 974, 103, 365, 0, 0, 0.54%, 1, 0, 4, 1432.67
1775244526, 974, 265, 365, 0, 0, 0.54%, 1, 0, 4, 1409.26
1775244531, 975, 9, 365, 0, 0, 0.54%, 1, 0, 4, 1490.75
1775244536, 975, 58, 365, 0, 0, 0.54%, 1, 0, 4, 1490.95
1775244541, 975, 101, 365, 0, 0, 0.54%, 1, 0, 4, 1500.34
1775244546, 975, 150, 365, 0, 0, 0.54%, 1, 0, 4, 1502.12
1775244551, 975, 180, 365, 0, 0, 0.54%, 1, 0, 4, 1382.46
1775244556, 975, 276, 365, 0, 0, 0.54%, 1, 0, 4, 1449.25
1775244561, 976, 9, 365, 0, 0, 0.54%, 1, 0, 4, 301.89
1775244567, 976, 63, 365, 0, 0, 0.54%, 1, 0, 4, 1545.30
1775244572, 976, 108, 365, 0, 0, 0.54%, 1, 0, 4, 1350.29
1775244577, 976, 230, 365, 0, 0, 0.54%, 1, 0, 4, 1368.25
1775244582, 976, 274, 365, 0, 0, 0.54%, 1, 0, 4, 1354.84
1775244587, 977, 2, 365, 0, 0, 0.54%, 1, 0, 4, 1838.01
1775244592, 977, 63, 365, 0, 0, 0.54%, 1, 0, 4, 1573.12
1775244597, 977, 108, 365, 0, 0, 0.54%, 1, 0, 4, 1371.06
1775244602, 977, 261, 365, 0, 0, 0.54%, 1, 0, 4, 1395.01
1775244607, 977, 276, 365, 0, 0, 0.54%, 1, 0, 4, 1316.16
1775244612, 978, 12, 365, 0, 0, 0.54%, 1, 0, 4, 1361.30
1775244618, 978, 63, 365, 0, 0, 0.54%, 1, 0, 4, 1388.17
1775244623, 978, 108, 365, 0, 0, 0.54%, 1, 0, 4, 1398.07
1775244628, 978, 167, 365, 0, 0, 0.54%, 1, 0, 4, 1711.44
1775244633, 978, 220, 365, 0, 0, 0.54%, 1, 0, 4, 1185.47
1775244638, 978, 274, 365, 0, 0, 0.54%, 1, 0, 4, 1447.13
1775244643, 979, 9, 365, 0, 0, 0.54%, 1, 0, 4, 1315.82
1775244648, 979, 42, 365, 0, 0, 0.54%, 1, 0, 4, 1445.09
1775244653, 979, 77, 365, 0, 0, 0.54%, 1, 0, 4, 1474.43
1775244658, 979, 150, 365, 0, 0, 0.54%, 1, 0, 4, 1437.17
1775244663, 979, 227, 365, 0, 0, 0.54%, 1, 0, 4, 1486.14
1775244668, 979, 274, 365, 0, 0, 0.54%, 1, 0, 4, 1427.37
1775244674, 980, 11, 365, 0, 0, 0.54%, 1, 0, 4, 1377.44
1775244679, 980, 63, 365, 0, 0, 0.54%, 1, 0, 4, 1464.73
1775244684, 980, 114, 365, 0, 0, 0.54%, 1, 0, 4, 1583.13
1775244689, 980, 202, 365, 0, 0, 0.54%, 1, 0, 4, 1485.92
1775244694, 980, 276, 365, 0, 0, 0.54%, 1, 0, 4, 1472.38
1775244699, 981, 9, 365, 0, 0, 0.54%, 1, 0, 4, 1533.94
1775244704, 981, 41, 365, 0, 0, 0.54%, 1, 0, 4, 1443.39
1775244709, 981, 103, 365, 0, 0, 0.54%, 1, 0, 4, 1458.59
1775244714, 981, 197, 365, 0, 0, 0.54%, 1, 0, 4, 1313.69
1775244719, 981, 275, 365, 0, 0, 0.54%, 1, 0, 4, 1433.01
1775244724, 981, 360, 365, 0, 0, 0.54%, 1, 0, 4, 1256.90
1775244730, 982, 12, 365, 0, 0, 0.54%, 1, 0, 4, 1303.94
1775244735, 982, 63, 365, 0, 0, 0.54%, 1, 0, 4, 1475.80
1775244740, 982, 101, 365, 0, 0, 0.54%, 1, 0, 4, 1316.52
1775244745, 982, 261, 365, 0, 0, 0.54%, 1, 0, 4, 1424.74
1775244750, 982, 295, 365, 0, 0, 0.54%, 1, 0, 4, 1443.92
1775244755, 983, 29, 365, 0, 0, 0.54%, 1, 0, 4, 1396.58
1775244760, 983, 59, 365, 0, 0, 0.54%, 1, 0, 4, 1300.58
1775244765, 983, 108, 365, 0, 0, 0.54%, 1, 0, 4, 1313.65
1775244770, 983, 169, 365, 0, 0, 0.54%, 1, 0, 4, 1354.18
1775244775, 983, 274, 365, 0, 0, 0.54%, 1, 0, 4, 1390.71
1775244780, 984, 1, 365, 0, 0, 0.54%, 1, 0, 4, 1206.34
1775244785, 984, 41, 365, 0, 0, 0.54%, 1, 0, 4, 1447.74
1775244791, 984, 101, 365, 0, 0, 0.54%, 1, 0, 4, 1422.22
1775244796, 984, 223, 365, 0, 0, 0.54%, 1, 0, 4, 1377.83
1775244801, 984, 289, 365, 0, 0, 0.54%, 1, 0, 4, 1415.50
1775244806, 985, 9, 365, 0, 0, 0.54%, 1, 0, 4, 1329.02
1775244811, 985, 50, 365, 0, 0, 0.54%, 1, 0, 4, 1354.23
1775244816, 985, 103, 365, 0, 0, 0.54%, 1, 0, 4, 1408.95
1775244821, 985, 216, 365, 0, 0, 0.54%, 1, 0, 4, 1360.48
1775244826, 985, 261, 365, 0, 0, 0.54%, 1, 0, 4, 1413.66
1775244831, 985, 322, 365, 0, 0, 0.54%, 1, 0, 4, 1431.99
1775244836, 986, 29, 365, 0, 0, 0.54%, 1, 0, 4, 1444.39
1775244842, 986, 63, 365, 0, 0, 0.54%, 1, 0, 4, 1467.38
1775244847, 986, 102, 365, 0, 0, 0.54%, 1, 0, 4, 1407.69
1775244852, 986, 244, 365, 0, 0, 0.54%, 1, 0, 4, 1264.24
1775244857, 986, 309, 365, 0, 0, 0.54%, 1, 0, 4, 1397.22
1775244862, 987, 29, 365, 0, 0, 0.54%, 1, 0, 4, 1315.22
1775244867, 987, 89, 365, 0, 0, 0.54%, 1, 0, 4, 1457.31
1775244872, 987, 112, 365, 0, 0, 0.54%, 1, 0, 4, 1324.25
1775244877, 987, 168, 365, 0, 0, 0.54%, 1, 0, 4, 1446.31
1775244883, 987, 259, 365, 0, 0, 0.54%, 1, 0, 4, 1346.32
1775244888, 987, 275, 365, 0, 0, 0.54%, 1, 0, 4, 1295.91
1775244893, 988, 31, 365, 0, 0, 0.54%, 1, 0, 4, 1374.67
1775244898, 988, 89, 365, 0, 0, 0.54%, 1, 0, 4, 1522.45
1775244903, 988, 195, 365, 0, 0, 0.54%, 1, 0, 4, 1483.06
1775244908, 988, 261, 365, 0, 0, 0.54%, 1, 0, 4, 1466.56
1775244913, 988, 278, 365, 0, 0, 0.54%, 1, 0, 4, 1420.71
1775244918, 989, 15, 365, 0, 0, 0.54%, 1, 0, 4, 1383.25
1775244924, 989, 73, 365, 0, 0, 0.54%, 1, 0, 4, 1545.02
1775244929, 989, 132, 365, 0, 0, 0.54%, 1, 0, 4, 1440.65
1775244934, 989, 261, 365, 0, 0, 0.54%, 1, 0, 4, 1464.25
1775244939, 989, 275, 365, 0, 0, 0.54%, 1, 0, 4, 1458.40
1775244944, 990, 29, 365, 0, 0, 0.54%, 1, 0, 4, 1331.63
1775244949, 990, 89, 365, 0, 0, 0.54%, 1, 0, 4, 1439.87
1775244954, 990, 140, 365, 0, 0, 0.54%, 1, 0, 4, 1364.67
1775244959, 990, 274, 365, 0, 0, 0.54%, 1, 0, 4, 1395.15
1775244964, 990, 322, 365, 0, 0, 0.54%, 1, 0, 4, 1329.45
1775244969, 991, 29, 365, 0, 0, 0.54%, 1, 0, 4, 1505.98
1775244974, 991, 64, 365, 0, 0, 0.54%, 1, 0, 4, 1512.81
1775244980, 991, 108, 365, 0, 0, 0.54%, 1, 0, 4, 1629.08
1775244985, 991, 247, 365, 0, 0, 0.54%, 1, 0, 4, 1555.15
1775244990, 991, 274, 365, 0, 0, 0.54%, 1, 0, 4, 1459.67
1775244995, 991, 329, 365, 0, 0, 0.54%, 1, 0, 4, 1260.74
1775245000, 992, 8, 365, 0, 0, 0.54%, 1, 0, 4, 1438.72
1775245005, 992, 29, 365, 0, 0, 0.54%, 1, 0, 4, 1412.96
1775245010, 992, 64, 365, 0, 0, 0.54%, 1, 0, 4, 1462.17
1775245015, 992, 143, 365, 0, 0, 0.54%, 1, 0, 4, 1393.15
1775245020, 992, 274, 365, 0, 0, 0.54%, 1, 0, 4, 1274.06
1775245025, 993, 9, 365, 0, 0, 0.54%, 1, 0, 4, 1294.11
1775245031, 993, 51, 365, 0, 0, 0.54%, 1, 0, 4, 1367.33
1775245036, 993, 101, 365, 0, 0, 0.54%, 1, 0, 4, 1367.80
1775245041, 993, 198, 365, 0, 0, 0.54%, 1, 0, 4, 1332.14
1775245046, 993, 265, 365, 0, 0, 0.54%, 1, 0, 4, 1286.80
1775245051, 994, 9, 365, 0, 0, 0.54%, 1, 0, 4, 1339.45
1775245056, 994, 39, 365, 0, 0, 0.54%, 1, 0, 4, 1515.41
1775245061, 994, 65, 365, 0, 0, 0.54%, 1, 0, 4, 1434.62
1775245066, 994, 173, 365, 0, 0, 0.54%, 1, 0, 4, 1430.23
1775245071, 994, 274, 365, 0, 0, 0.54%, 1, 0, 4, 1448.75
1775245076, 994, 347, 365, 0, 0, 0.54%, 1, 0, 4, 1056.34
1775245081, 995, 33, 365, 0, 0, 0.54%, 1, 0, 4, 1273.76
1775245087, 995, 63, 365, 0, 0, 0.54%, 1, 0, 4, 1507.92
1775245092, 995, 153, 365, 0, 0, 0.54%, 1, 0, 4, 1459.18
1775245097, 995, 240, 365, 0, 0, 0.54%, 1, 0, 4, 1590.13
1775245102, 995, 274, 365, 0, 0, 0.54%, 1, 0, 4, 1474.13
1775245107, 996, 29, 365, 0, 0, 0.54%, 1, 0, 4, 1393.80
1775245112, 996, 63, 365, 0, 0, 0.54%, 1, 0, 4, 1336.21
1775245117, 996, 101, 365, 0, 0, 0.54%, 1, 0, 4, 1464.57
1775245122, 996, 261, 365, 0, 0, 0.54%, 1, 0, 4, 1414.95
1775245127, 996, 294, 365, 0, 0, 0.54%, 1, 0, 4, 1320.87
1775245133, 997, 21, 365, 0, 0, 0.54%, 1, 0, 4, 1178.01
1775245138, 997, 63, 365, 0, 0, 0.54%, 1, 0, 4, 1456.23
1775245143, 997, 107, 365, 0, 0, 0.54%, 1, 0, 4, 1421.46
1775245148, 997, 186, 365, 0, 0, 0.54%, 1, 0, 4, 1277.56
1775245153, 997, 275, 365, 0, 0, 0.54%, 1, 0, 4, 1422.76
1775245158, 998, 29, 365, 0, 0, 0.54%, 1, 0, 4, 1231.04
1775245163, 998, 69, 365, 0, 0, 0.54%, 1, 0, 4, 1452.33
1775245168, 998, 169, 365, 0, 0, 0.54%, 1, 0, 4, 1495.62
1775245173, 998, 265, 365, 0, 0, 0.54%, 1, 0, 4, 1524.67
1775245178, 999, 9, 365, 0, 0, 0.54%, 1, 0, 4, 1302.62
1775245183, 999, 38, 365, 0, 0, 0.54%, 1, 0, 4, 1382.59
1775245189, 999, 105, 365, 0, 0, 0.54%, 1, 0, 4, 1428.59
1775245194, 999, 154, 365, 0, 0, 0.54%, 1, 0, 4, 1495.68
1775245199, 999, 238, 365, 0, 0, 0.54%, 1, 0, 4, 1460.32
1775245204, 999, 322, 365, 0, 0, 0.54%, 1, 0, 4, 1420.09
1775245209, 1000, 29, 365, 0, 0, 0.54%, 1, 0, 4, 1451.58
1775245214, 1000, 64, 365, 0, 0, 0.54%, 1, 0, 4, 1464.39
1775245219, 1000, 103, 365, 0, 0, 0.54%, 1, 0, 4, 1245.04
1775245225, 1000, 178, 365, 0, 0, 0.54%, 1, 0, 4, 1470.00
1775245230, 1000, 274, 365, 0, 0, 0.54%, 1, 0, 4, 1493.95
1775245235, 1001, 6, 365, 0, 0, 0.54%, 1, 0, 4, 1588.40
1775245240, 1001, 33, 365, 0, 0, 0.54%, 1, 0, 4, 1562.00
1775245245, 1001, 86, 365, 0, 0, 0.54%, 1, 0, 4, 1491.74
1775245250, 1001, 118, 365, 0, 0, 0.54%, 1, 0, 4, 1437.91
1775245255, 1001, 205, 365, 0, 0, 0.54%, 1, 0, 4, 1414.55
1775245261, 1001, 274, 365, 0, 0, 0.54%, 1, 0, 4, 1467.32
1775245266, 1001, 326, 365, 0, 0, 0.54%, 1, 0, 4, 1323.38
1775245271, 1002, 13, 365, 0, 0, 0.54%, 1, 0, 4, 1380.30
1775245276, 1002, 39, 365, 0, 0, 0.54%, 1, 0, 4, 1420.45
1775245281, 1002, 99, 365, 0, 0, 0.54%, 1, 0, 4, 1388.82
1775245286, 1002, 130, 365, 0, 0, 0.54%, 1, 0, 4, 1425.58
1775245291, 1002, 169, 365, 0, 0, 0.54%, 1, 0, 4, 1369.33
1775245296, 1002, 265, 365, 0, 0, 0.54%, 1, 0, 4, 1367.21
1775245301, 1002, 317, 365, 0, 0, 0.54%, 1, 0, 4, 1293.10
1775245306, 1003, 33, 365, 0, 0, 0.54%, 1, 0, 4, 1389.64
1775245311, 1003, 90, 365, 0, 0, 0.54%, 1, 0, 4, 1420.56
1775245317, 1003, 202, 365, 0, 0, 0.54%, 1, 0, 4, 1390.58
1775245322, 1003, 275, 365, 0, 0, 0.54%, 1, 0, 4, 1489.01
1775245327, 1003, 313, 365, 0, 0, 0.54%, 1, 0, 4, 1325.18
1775245332, 1004, 31, 365, 0, 0, 0.54%, 1, 0, 4, 1313.00
1775245337, 1004, 78, 365, 0, 0, 0.54%, 1, 0, 4, 1354.45
1775245342, 1004, 107, 365, 0, 0, 0.54%, 1, 0, 4, 1439.59
1775245347, 1004, 226, 365, 0, 0, 0.54%, 1, 0, 4, 1404.49
1775245352, 1004, 275, 365, 0, 0, 0.54%, 1, 0, 4, 1467.94
1775245357, 1005, 29, 365, 0, 0, 0.54%, 1, 0, 4, 1351.47
1775245363, 1005, 88, 365, 0, 0, 0.54%, 1, 0, 4, 1515.38
1775245368, 1005, 145, 365, 0, 0, 0.54%, 1, 0, 4, 1498.72
1775245373, 1005, 265, 365, 0, 0, 0.54%, 1, 0, 4, 1556.17
1775245378, 1006, 0, 365, 0, 0, 0.54%, 1, 0, 4, 477.56
1775245383, 1006, 34, 365, 0, 0, 0.54%, 1, 0, 4, 1210.61
1775245388, 1006, 90, 365, 0, 0, 0.54%, 1, 0, 4, 1456.91
1775245393, 1006, 136, 365, 0, 0, 0.54%, 1, 0, 4, 1389.99
1775245398, 1006, 212, 365, 0, 0, 0.54%, 1, 0, 4, 1393.56
1775245403, 1006, 265, 365, 0, 0, 0.54%, 1, 0, 4, 1446.72
1775245408, 1006, 322, 365, 0, 0, 0.54%, 1, 0, 4, 1387.99
1775245413, 1007, 33, 365, 0, 0, 0.54%, 1, 0, 4, 1425.60
1775245419, 1007, 73, 365, 0, 0, 0.54%, 1, 0, 4, 1424.37
1775245424, 1007, 108, 365, 0, 0, 0.54%, 1, 0, 4, 1399.48
1775245429, 1007, 223, 365, 0, 0, 0.54%, 1, 0, 4, 1422.16
1775245434, 1007, 274, 365, 0, 0, 0.54%, 1, 0, 4, 1460.76
1775245439, 1007, 322, 365, 0, 0, 0.54%, 1, 0, 4, 1422.23
1775245444, 1008, 63, 365, 0, 0, 0.54%, 1, 0, 4, 1492.40
1775245449, 1008, 103, 365, 0, 0, 0.54%, 1, 0, 4, 1523.05
1775245454, 1008, 261, 365, 0, 0, 0.54%, 1, 0, 4, 1393.11
1775245459, 1008, 274, 365, 0, 0, 0.54%, 1, 0, 4, 1405.34
1775245465, 1009, 9, 365, 0, 0, 0.54%, 1, 0, 4, 1317.06
1775245470, 1009, 58, 365, 0, 0, 0.54%, 1, 0, 4, 1483.52
1775245475, 1009, 89, 365, 0, 0, 0.54%, 1, 0, 4, 1437.93
1775245480, 1009, 142, 365, 0, 0, 0.54%, 1, 0, 4, 1287.84
1775245485, 1009, 227, 365, 0, 0, 0.54%, 1, 0, 4, 1318.72
1775245490, 1009, 276, 365, 0, 0, 0.54%, 1, 0, 4, 1391.72
1775245495, 1010, 31, 365, 0, 0, 0.54%, 1, 0, 4, 1423.83
1775245500, 1010, 89, 365, 0, 0, 0.54%, 1, 0, 4, 1357.69
1775245506, 1010, 191, 365, 0, 0, 0.54%, 1, 0, 4, 1353.00
1775245511, 1010, 274, 365, 0, 0, 0.54%, 1, 0, 4, 1359.11
1775245516, 1011, 9, 365, 0, 0, 0.54%, 1, 0, 4, 1269.35
1775245521, 1011, 46, 365, 0, 0, 0.54%, 1, 0, 4, 1321.57
1775245526, 1011, 108, 365, 0, 0, 0.54%, 1, 0, 4, 1474.99
1775245531, 1011, 265, 365, 0, 0, 0.54%, 1, 0, 4, 1448.79
1775245536, 1012, 19, 365, 0, 0, 0.54%, 1, 0, 4, 1336.07
1775245541, 1012, 42, 365, 0, 0, 0.54%, 1, 0, 4, 1380.43
1775245546, 1012, 101, 365, 0, 0, 0.54%, 1, 0, 4, 1459.57
1775245552, 1012, 180, 365, 0, 0, 0.54%, 1, 0, 4, 1473.25
1775245557, 1012, 261, 365, 0, 0, 0.54%, 1, 0, 4, 1432.16
1775245562, 1012, 286, 365, 0, 0, 0.54%, 1, 0, 4, 1387.86
1775245567, 1013, 5, 365, 0, 0, 0.54%, 1, 0, 4, 1331.90
1775245572, 1013, 48, 365, 0, 0, 0.54%, 1, 0, 4, 1448.80
1775245577, 1013, 87, 365, 0, 0, 0.54%, 1, 0, 4, 1264.96
1775245582, 1013, 152, 365, 0, 0, 0.54%, 1, 0, 4, 1454.01
1775245587, 1013, 274, 365, 0, 0, 0.54%, 1, 0, 4, 1514.29
1775245592, 1013, 334, 365, 0, 0, 0.54%, 1, 0, 4, 1279.29
1775245597, 1014, 33, 365, 0, 0, 0.54%, 1, 0, 4, 1456.99
1775245602, 1014, 103, 365, 0, 0, 0.54%, 1, 0, 4, 1512.37
1775245607, 1014, 171, 365, 0, 0, 0.54%, 1, 0, 4, 1418.23
1775245612, 1014, 275, 365, 0, 0, 0.54%, 1, 0, 4, 1471.41
1775245618, 1014, 353, 365, 0, 0, 0.54%, 1, 0, 4, 1252.41
1775245623, 1015, 39, 365, 0, 0, 0.54%, 1, 0, 4, 1443.76
1775245628, 1015, 101, 365, 0, 0, 0.54%, 1, 0, 4, 1457.72
1775245633, 1015, 244, 365, 0, 0, 0.54%, 1, 0, 4, 1368.97
1775245638, 1015, 275, 365, 0, 0, 0.54%, 1, 0, 4, 1300.27
1775245643, 1016, 29, 365, 0, 0, 0.54%, 1, 0, 4, 1374.88
1775245648, 1016, 89, 365, 0, 0, 0.54%, 1, 0, 4, 1512.02
1775245653, 1016, 153, 365, 0, 0, 0.54%, 1, 0, 4, 1459.36
1775245658, 1016, 186, 365, 0, 0, 0.54%, 1, 0, 4, 1484.19
1775245663, 1016, 274, 365, 0, 0, 0.54%, 1, 0, 4, 1549.28
1775245669, 1017, 10, 365, 0, 0, 0.54%, 1, 0, 4, 1413.72
1775245674, 1017, 58, 365, 0, 0, 0.54%, 1, 0, 4, 1427.38
1775245679, 1017, 91, 365, 0, 0, 0.54%, 1, 0, 4, 1455.03
1775245684, 1017, 195, 365, 0, 0, 0.54%, 1, 0, 4, 1531.68
1775245689, 1017, 262, 365, 0, 0, 0.54%, 1, 0, 4, 1460.78
1775245694, 1017, 306, 365, 0, 0, 0.54%, 1, 0, 4, 1479.55
1775245699, 1018, 21, 365, 0, 0, 0.54%, 1, 0, 4, 1403.06
1775245704, 1018, 57, 365, 0, 0, 0.54%, 1, 0, 4, 1400.35
1775245709, 1018, 101, 365, 0, 0, 0.54%, 1, 0, 4, 1519.23
1775245715, 1018, 124, 365, 0, 0, 0.54%, 1, 0, 4, 1458.55
1775245720, 1018, 206, 365, 0, 0, 0.54%, 1, 0, 4, 1488.65
1775245725, 1018, 275, 365, 0, 0, 0.54%, 1, 0, 4, 1424.77
1775245730, 1019, 9, 365, 0, 0, 0.54%, 1, 0, 4, 1335.10
1775245735, 1019, 54, 365, 0, 0, 0.54%, 1, 0, 4, 1395.18
1775245740, 1019, 103, 365, 0, 0, 0.54%, 1, 0, 4, 1479.21
1775245745, 1019, 168, 365, 0, 0, 0.54%, 1, 0, 4, 1480.70
1775245750, 1019, 265, 365, 0, 0, 0.54%, 1, 0, 4, 1414.45
1775245755, 1019, 286, 365, 0, 0, 0.54%, 1, 0, 4, 1356.21
1775245761, 1019, 324, 365, 0, 0, 0.54%, 1, 0, 4, 1251.78
1775245766, 1020, 20, 365, 0, 0, 0.54%, 1, 0, 4, 1431.24
1775245771, 1020, 58, 365, 0, 0, 0.54%, 1, 0, 4, 1391.34
1775245776, 1020, 95, 365, 0, 0, 0.54%, 1, 0, 4, 1345.76
1775245781, 1020, 140, 365, 0, 0, 0.54%, 1, 0, 4, 1380.48
1775245786, 1020, 212, 365, 0, 0, 0.54%, 1, 0, 4, 1452.12
1775245791, 1020, 275, 365, 0, 0, 0.54%, 1, 0, 4, 1452.31
1775245796, 1020, 357, 365, 0, 0, 0.54%, 1, 0, 4, 1152.01
1775245801, 1021, 9, 365, 0, 0, 0.54%, 1, 0, 4, 1359.57
1775245806, 1021, 31, 365, 0, 0, 0.54%, 1, 0, 4, 1306.88
1775245811, 1021, 103, 365, 0, 0, 0.54%, 1, 0, 4, 1358.00
1775245816, 1021, 201, 365, 0, 0, 0.54%, 1, 0, 4, 1337.52
1775245821, 1021, 274, 365, 0, 0, 0.54%, 1, 0, 4, 1399.55
1775245827, 1021, 303, 365, 0, 0, 0.54%, 1, 0, 4, 1369.18
1775245832, 1022, 29, 365, 0, 0, 0.54%, 1, 0, 4, 1358.84
1775245837, 1022, 75, 365, 0, 0, 0.54%, 1, 0, 4, 1430.04
1775245842, 1022, 143, 365, 0, 0, 0.54%, 1, 0, 4, 1419.02
1775245847, 1022, 179, 365, 0, 0, 0.54%, 1, 0, 4, 1362.52
1775245852, 1022, 266, 365, 0, 0, 0.54%, 1, 0, 4, 1411.22
1775245857, 1022, 322, 365, 0, 0, 0.54%, 1, 0, 4, 1289.23
1775245862, 1023, 31, 365, 0, 0, 0.54%, 1, 0, 4, 1343.90
1775245867, 1023, 101, 365, 0, 0, 0.54%, 1, 0, 4, 1491.38
1775245873, 1023, 178, 365, 0, 0, 0.54%, 1, 0, 4, 1380.55
1775245878, 1023, 261, 365, 0, 0, 0.54%, 1, 0, 4, 1311.45
1775245883, 1023, 323, 365, 0, 0, 0.54%, 1, 0, 4, 1328.50
1775245888, 1024, 58, 365, 0, 0, 0.54%, 1, 0, 4, 1423.18
1775245893, 1024, 89, 365, 0, 0, 0.54%, 1, 0, 4, 1193.83
1775245898, 1024, 135, 365, 0, 0, 0.54%, 1, 0, 4, 1349.60
1775245903, 1024, 249, 365, 0, 0, 0.54%, 1, 0, 4, 1353.69
1775245908, 1024, 276, 365, 0, 0, 0.54%, 1, 0, 4, 1362.62
1775245913, 1025, 31, 365, 0, 0, 0.54%, 1, 0, 4, 1421.61
1775245918, 1025, 70, 365, 0, 0, 0.54%, 1, 0, 4, 1435.18
1775245924, 1025, 135, 365, 0, 0, 0.54%, 1, 0, 4, 1335.15
1775245929, 1025, 259, 365, 0, 0, 0.54%, 1, 0, 4, 1284.72
1775245934, 1025, 322, 365, 0, 0, 0.54%, 1, 0, 4, 1271.98
1775245939, 1025, 360, 365, 0, 0, 0.54%, 1, 0, 4, 1224.73
1775245944, 1026, 63, 365, 0, 0, 0.54%, 1, 0, 4, 1482.28
1775245949, 1026, 105, 365, 0, 0, 0.54%, 1, 0, 4, 1353.99
1775245954, 1026, 145, 365, 0, 0, 0.54%, 1, 0, 4, 1389.85
1775245959, 1026, 222, 365, 0, 0, 0.54%, 1, 0, 4, 1422.37
1775245964, 1026, 275, 365, 0, 0, 0.54%, 1, 0, 4, 1483.87
1775245969, 1027, 9, 365, 0, 0, 0.54%, 1, 0, 4, 1374.17
1775245975, 1027, 63, 365, 0, 0, 0.54%, 1, 0, 4, 1409.95
1775245980, 1027, 103, 365, 0, 0, 0.54%, 1, 0, 4, 1431.73
1775245985, 1027, 166, 365, 0, 0, 0.54%, 1, 0, 4, 1317.75
1775245990, 1027, 265, 365, 0, 0, 0.54%, 1, 0, 4, 1435.48
1775245995, 1027, 319, 365, 0, 0, 0.54%, 1, 0, 4, 1371.18
1775246000, 1028, 31, 365, 0, 0, 0.54%, 1, 0, 4, 1318.99
1775246005, 1028, 64, 365, 0, 0, 0.54%, 1, 0, 4, 1297.89
1775246010, 1028, 152, 365, 0, 0, 0.54%, 1, 0, 4, 1270.58
1775246015, 1028, 226, 365, 0, 0, 0.54%, 1, 0, 4, 1193.57
1775246020, 1028, 265, 365, 0, 0, 0.54%, 1, 0, 4, 1359.46
1775246025, 1028, 346, 365, 0, 0, 0.54%, 1, 0, 4, 1292.55
1775246030, 1029, 31, 365, 0, 0, 0.54%, 1, 0, 4, 1378.01
1775246035, 1029, 101, 365, 0, 0, 0.54%, 1, 0, 4, 1425.11
1775246041, 1029, 171, 365, 0, 0, 0.54%, 1, 0, 4, 1397.96
1775246046, 1029, 263, 365, 0, 0, 0.54%, 1, 0, 4, 1398.53
1775246051, 1029, 307, 365, 0, 0, 0.54%, 1, 0, 4, 1254.92
1775246056, 1030, 29, 365, 0, 0, 0.54%, 1, 0, 4, 1486.62
1775246061, 1030, 68, 365, 0, 0, 0.54%, 1, 0, 4, 1461.64
1775246066, 1030, 108, 365, 0, 0, 0.54%, 1, 0, 4, 1391.20
1775246071, 1030, 189, 365, 0, 0, 0.54%, 1, 0, 4, 1337.10
1775246076, 1030, 275, 365, 0, 0, 0.54%, 1, 0, 4, 1426.36
1775246081, 1031, 9, 365, 0, 0, 0.54%, 1, 0, 4, 1641.83
1775246086, 1031, 63, 365, 0, 0, 0.54%, 1, 0, 4, 1494.30
1775246092, 1031, 101, 365, 0, 0, 0.54%, 1, 0, 4, 1458.92
1775246097, 1031, 230, 365, 0, 0, 0.54%, 1, 0, 4, 1336.27
1775246102, 1031, 265, 365, 0, 0, 0.54%, 1, 0, 4, 1363.86
1775246107, 1031, 322, 365, 0, 0, 0.54%, 1, 0, 4, 1325.42
1775246112, 1032, 33, 365, 0, 0, 0.54%, 1, 0, 4, 1376.08
1775246117, 1032, 89, 365, 0, 0, 0.54%, 1, 0, 4, 1306.40
1775246122, 1032, 174, 365, 0, 0, 0.54%, 1, 0, 4, 1384.51
1775246127, 1032, 276, 365, 0, 0, 0.54%, 1, 0, 4, 1469.31
1775246132, 1033, 31, 365, 0, 0, 0.54%, 1, 0, 4, 1437.16
1775246137, 1033, 101, 365, 0, 0, 0.54%, 1, 0, 4, 1476.54
1775246142, 1033, 190, 365, 0, 0, 0.54%, 1, 0, 4, 1382.38
1775246147, 1033, 265, 365, 0, 0, 0.54%, 1, 0, 4, 1433.95
1775246153, 1033, 315, 365, 0, 0, 0.54%, 1, 0, 4, 1307.46
1775246158, 1034, 17, 365, 0, 0, 0.54%, 1, 0, 4, 1334.12
1775246163, 1034, 55, 365, 0, 0, 0.54%, 1, 0, 4, 1368.22
1775246168, 1034, 98, 365, 0, 0, 0.54%, 1, 0, 4, 1392.38
1775246173, 1034, 189, 365, 0, 0, 0.54%, 1, 0, 4, 1458.82
1775246178, 1034, 267, 365, 0, 0, 0.54%, 1, 0, 4, 1391.80
1775246183, 1035, 4, 365, 0, 0, 0.54%, 1, 0, 4, 1353.09
1775246188, 1035, 54, 365, 0, 0, 0.54%, 1, 0, 4, 1449.72
1775246193, 1035, 101, 365, 0, 0, 0.54%, 1, 0, 4, 1483.85
1775246199, 1035, 144, 365, 0, 0, 0.54%, 1, 0, 4, 1331.10
1775246204, 1035, 265, 365, 0, 0, 0.54%, 1, 0, 4, 1366.69
1775246209, 1035, 345, 365, 0, 0, 0.54%, 1, 0, 4, 1293.70
1775246214, 1036, 36, 365, 0, 0, 0.54%, 1, 0, 4, 1432.71
1775246219, 1036, 101, 365, 0, 0, 0.54%, 1, 0, 4, 1437.34
1775246224, 1036, 210, 365, 0, 0, 0.54%, 1, 0, 4, 1354.22
1775246229, 1036, 322, 365, 0, 0, 0.54%, 1, 0, 4, 1351.73
1775246234, 1037, 29, 365, 0, 0, 0.54%, 1, 0, 4, 1250.92
1775246239, 1037, 64, 365, 0, 0, 0.54%, 1, 0, 4, 1459.10
1775246244, 1037, 103, 365, 0, 0, 0.54%, 1, 0, 4, 1398.79
1775246249, 1037, 261, 365, 0, 0, 0.54%, 1, 0, 4, 1350.36
1775246254, 1037, 312, 365, 0, 0, 0.54%, 1, 0, 4, 1294.29
1775246260, 1038, 18, 365, 0, 0, 0.54%, 1, 0, 4, 1340.36
1775246265, 1038, 46, 365, 0, 0, 0.54%, 1, 0, 4, 1407.12
1775246270, 1038, 71, 365, 0, 0, 0.54%, 1, 0, 4, 1402.35
1775246275, 1038, 108, 365, 0, 0, 0.54%, 1, 0, 4, 1339.99
1775246280, 1038, 232, 365, 0, 0, 0.54%, 1, 0, 4, 1292.30
1775246285, 1038, 275, 365, 0, 0, 0.54%, 1, 0, 4, 1494.74
1775246290, 1039, 9, 365, 0, 0, 0.54%, 1, 0, 4, 1314.03
1775246295, 1039, 63, 365, 0, 0, 0.54%, 1, 0, 4, 1317.53
1775246300, 1039, 225, 365, 0, 0, 0.54%, 1, 0, 4, 1393.73
1775246306, 1039, 274, 365, 0, 0, 0.54%, 1, 0, 4, 1369.28
1775246311, 1040, 4, 365, 0, 0, 0.54%, 1, 0, 4, 1214.04
1775246316, 1040, 33, 365, 0, 0, 0.54%, 1, 0, 4, 1446.88
1775246321, 1040, 101, 365, 0, 0, 0.54%, 1, 0, 4, 1499.31
1775246326, 1040, 171, 365, 0, 0, 0.54%, 1, 0, 4, 1312.13
1775246331, 1040, 265, 365, 0, 0, 0.54%, 1, 0, 4, 1507.11
1775246336, 1041, 1, 365, 0, 0, 0.54%, 1, 0, 4, 1301.87
1775246341, 1041, 42, 365, 0, 0, 0.54%, 1, 0, 4, 1331.14
1775246346, 1041, 88, 365, 0, 0, 0.54%, 1, 0, 4, 1414.07
1775246352, 1041, 240, 365, 0, 0, 0.54%, 1, 0, 4, 1429.43
1775246357, 1041, 310, 365, 0, 0, 0.54%, 1, 0, 4, 1377.63
1775246362, 1042, 9, 365, 0, 0, 0.54%, 1, 0, 4, 1334.46
1775246367, 1042, 58, 365, 0, 0, 0.54%, 1, 0, 4, 1376.66
1775246372, 1042, 108, 365, 0, 0, 0.54%, 1, 0, 4, 1455.99
1775246377, 1042, 205, 365, 0, 0, 0.54%, 1, 0, 4, 1403.37
1775246382, 1042, 274, 365, 0, 0, 0.54%, 1, 0, 4, 1466.21
1775246387, 1043, 9, 365, 0, 0, 0.54%, 1, 0, 4, 1358.14
1775246392, 1043, 58, 365, 0, 0, 0.54%, 1, 0, 4, 1408.79
1775246397, 1043, 103, 365, 0, 0, 0.54%, 1, 0, 4, 1423.34
1775246403, 1043, 193, 365, 0, 0, 0.54%, 1, 0, 4, 1538.71
1775246408, 1043, 261, 365, 0, 0, 0.54%, 1, 0, 4, 1437.18
1775246413, 1043, 278, 365, 0, 0, 0.54%, 1, 0, 4, 1354.06
1775246418, 1044, 29, 365, 0, 0, 0.54%, 1, 0, 4, 1454.57
1775246423, 1044, 64, 365, 0, 0, 0.54%, 1, 0, 4, 1519.33
1775246428, 1044, 103, 365, 0, 0, 0.54%, 1, 0, 4, 1417.80
1775246433, 1044, 275, 365, 0, 0, 0.54%, 1, 0, 4, 1451.14
1775246438, 1045, 9, 365, 0, 0, 0.54%, 1, 0, 4, 1291.94
1775246443, 1045, 63, 365, 0, 0, 0.54%, 1, 0, 4, 1436.49
1775246448, 1045, 108, 365, 0, 0, 0.54%, 1, 0, 4, 1517.49
1775246454, 1045, 265, 365, 0, 0, 0.54%, 1, 0, 4, 1487.37
1775246459, 1046, 1, 365, 0, 0, 0.54%, 1, 0, 4, 1459.84
1775246464, 1046, 64, 365, 0, 0, 0.54%, 1, 0, 4, 1566.39
1775246469, 1046, 108, 365, 0, 0, 0.54%, 1, 0, 4, 1401.12
1775246474, 1046, 252, 365, 0, 0, 0.54%, 1, 0, 4, 1409.34
1775246479, 1046, 281, 365, 0, 0, 0.54%, 1, 0, 4, 1395.02
1775246484, 1047, 31, 365, 0, 0, 0.54%, 1, 0, 4, 1402.95
1775246489, 1047, 89, 365, 0, 0, 0.54%, 1, 0, 4, 1350.20
1775246494, 1047, 147, 365, 0, 0, 0.54%, 1, 0, 4, 1477.82
1775246499, 1047, 252, 365, 0, 0, 0.54%, 1, 0, 4, 1442.34
1775246504, 1047, 276, 365, 0, 0, 0.54%, 1, 0, 4, 1484.53
1775246509, 1048, 29, 365, 0, 0, 0.54%, 1, 0, 4, 1368.74
1775246514, 1048, 49, 365, 0, 0, 0.54%, 1, 0, 4, 1446.30
1775246519, 1048, 92, 365, 0, 0, 0.54%, 1, 0, 4, 1519.54
1775246524, 1048, 123, 365, 0, 0, 0.54%, 1, 0, 4, 1477.94
1775246530, 1048, 192, 365, 0, 0, 0.54%, 1, 0, 4, 1416.48
1775246535, 1048, 261, 365, 0, 0, 0.54%, 1, 0, 4, 1470.45
1775246540, 1048, 276, 365, 0, 0, 0.54%, 1, 0, 4, 1490.40
1775246545, 1049, 29, 365, 0, 0, 0.54%, 1, 0, 4, 1400.03
1775246550, 1049, 58, 365, 0, 0, 0.54%, 1, 0, 4, 1488.14
1775246555, 1049, 108, 365, 0, 0, 0.54%, 1, 0, 4, 1436.64
1775246560, 1049, 183, 365, 0, 0, 0.54%, 1, 0, 4, 1459.60
1775246565, 1049, 265, 365, 0, 0, 0.54%, 1, 0, 4, 1353.14
1775246570, 1049, 290, 365, 0, 0, 0.54%, 1, 0, 4, 1296.90
1775246575, 1050, 31, 365, 0, 0, 0.54%, 1, 0, 4, 1341.41
1775246580, 1050, 89, 365, 0, 0, 0.54%, 1, 0, 4, 1371.54
1775246586, 1050, 141, 365, 0, 0, 0.54%, 1, 0, 4, 1627.00
1775246591, 1050, 196, 365, 0, 0, 0.54%, 1, 0, 4, 1474.31
1775246596, 1050, 261, 365, 0, 0, 0.54%, 1, 0, 4, 1428.84
1775246601, 1050, 311, 365, 0, 0, 0.54%, 1, 0, 4, 1411.49
1775246606, 1051, 29, 365, 0, 0, 0.54%, 1, 0, 4, 1365.37
1775246611, 1051, 83, 365, 0, 0, 0.54%, 1, 0, 4, 1465.12
1775246616, 1051, 182, 365, 0, 0, 0.54%, 1, 0, 4, 1442.57
1775246621, 1051, 265, 365, 0, 0, 0.54%, 1, 0, 4, 1509.14
1775246626, 1051, 322, 365, 0, 0, 0.54%, 1, 0, 4, 1337.20
1775246632, 1052, 37, 365, 0, 0, 0.54%, 1, 0, 4, 1469.87
1775246637, 1052, 93, 365, 0, 0, 0.54%, 1, 0, 4, 1449.59
1775246642, 1052, 134, 365, 0, 0, 0.54%, 1, 0, 4, 1341.08
1775246647, 1052, 209, 365, 0, 0, 0.54%, 1, 0, 4, 1377.22
1775246652, 1052, 261, 365, 0, 0, 0.54%, 1, 0, 4, 1433.42
1775246657, 1052, 322, 365, 0, 0, 0.54%, 1, 0, 4, 1348.15
1775246662, 1053, 29, 365, 0, 0, 0.54%, 1, 0, 4, 1462.01
1775246667, 1053, 63, 365, 0, 0, 0.54%, 1, 0, 4, 1486.74
1775246672, 1053, 148, 365, 0, 0, 0.54%, 1, 0, 4, 1481.86
1775246677, 1053, 251, 365, 0, 0, 0.54%, 1, 0, 4, 1437.56
1775246682, 1053, 322, 365, 0, 0, 0.54%, 1, 0, 4, 1340.25
1775246688, 1054, 31, 365, 0, 0, 0.54%, 1, 0, 4, 1386.94
1775246693, 1054, 89, 365, 0, 0, 0.54%, 1, 0, 4, 1397.51
1775246698, 1054, 120, 365, 0, 0, 0.54%, 1, 0, 4, 1406.14
1775246703, 1054, 228, 365, 0, 0, 0.54%, 1, 0, 4, 1450.46
1775246708, 1054, 265, 365, 0, 0, 0.54%, 1, 0, 4, 1452.05
1775246713, 1054, 322, 365, 0, 0, 0.54%, 1, 0, 4, 1328.02
1775246719, 1055, 9, 365, 0, 0, 0.54%, 1, 0, 4, 1247.04
1775246724, 1055, 58, 365, 0, 0, 0.54%, 1, 0, 4, 1396.79
1775246729, 1055, 103, 365, 0, 0, 0.54%, 1, 0, 4, 1477.51
1775246734, 1055, 260, 365, 0, 0, 0.54%, 1, 0, 4, 1511.47
1775246739, 1055, 276, 365, 0, 0, 0.54%, 1, 0, 4, 1547.88
1775246744, 1056, 9, 365, 0, 0, 0.54%, 1, 0, 4, 1388.90
1775246749, 1056, 58, 365, 0, 0, 0.54%, 1, 0, 4, 1428.42
1775246754, 1056, 130, 365, 0, 0, 0.54%, 1, 0, 4, 1384.06
1775246760, 1056, 261, 365, 0, 0, 0.54%, 1, 0, 4, 1484.23
1775246765, 1056, 294, 365, 0, 0, 0.54%, 1, 0, 4, 1432.50
1775246770, 1057, 10, 365, 0, 0, 0.54%, 1, 0, 4, 1429.85
1775246775, 1057, 58, 365, 0, 0, 0.54%, 1, 0, 4, 828.68
1775246780, 1057, 84, 365, 0, 0, 0.54%, 1, 0, 4, 1225.66
1775246785, 1057, 137, 365, 0, 0, 0.54%, 1, 0, 4, 1370.54
1775246790, 1057, 263, 365, 0, 0, 0.54%, 1, 0, 4, 1423.42
1775246795, 1057, 276, 365, 0, 0, 0.54%, 1, 0, 4, 1303.87
1775246800, 1058, 15, 365, 0, 0, 0.54%, 1, 0, 4, 1259.65
1775246805, 1058, 64, 365, 0, 0, 0.54%, 1, 0, 4, 1480.44
1775246811, 1058, 112, 365, 0, 0, 0.54%, 1, 0, 4, 1385.25
1775246816, 1058, 265, 365, 0, 0, 0.54%, 1, 0, 4, 1416.25
1775246821, 1058, 315, 365, 0, 0, 0.54%, 1, 0, 4, 1389.22
1775246826, 1059, 29, 365, 0, 0, 0.54%, 1, 0, 4, 1414.28
1775246831, 1059, 64, 365, 0, 0, 0.54%, 1, 0, 4, 1672.84
1775246836, 1059, 158, 365, 0, 0, 0.54%, 1, 0, 4, 1437.98
1775246841, 1059, 235, 365, 0, 0, 0.54%, 1, 0, 4, 1430.81
1775246846, 1059, 276, 365, 0, 0, 0.54%, 1, 0, 4, 1452.53
1775246851, 1060, 31, 365, 0, 0, 0.54%, 1, 0, 4, 1417.27
1775246856, 1060, 81, 365, 0, 0, 0.54%, 1, 0, 4, 1468.16
1775246861, 1060, 108, 365, 0, 0, 0.54%, 1, 0, 4, 1434.16
1775246867, 1060, 203, 365, 0, 0, 0.54%, 1, 0, 4, 1353.47
1775246872, 1060, 274, 365, 0, 0, 0.54%, 1, 0, 4, 1382.08
1775246877, 1060, 345, 365, 0, 0, 0.54%, 1, 0, 4, 1274.93
1775246882, 1061, 33, 365, 0, 0, 0.54%, 1, 0, 4, 1318.23
1775246887, 1061, 81, 365, 0, 0, 0.54%, 1, 0, 4, 1257.11
1775246892, 1061, 139, 365, 0, 0, 0.54%, 1, 0, 4, 1369.74
1775246897, 1061, 221, 365, 0, 0, 0.54%, 1, 0, 4, 1353.26
1775246902, 1061, 276, 365, 0, 0, 0.54%, 1, 0, 4, 1349.74
1775246907, 1062, 29, 365, 0, 0, 0.54%, 1, 0, 4, 1347.89
1775246913, 1062, 87, 365, 0, 0, 0.54%, 1, 0, 4, 1463.41
1775246918, 1062, 163, 365, 0, 0, 0.54%, 1, 0, 4, 1446.21
1775246923, 1062, 290, 365, 0, 0, 0.54%, 1, 0, 4, 1431.33
1775246928, 1063, 31, 365, 0, 0, 0.54%, 1, 0, 4, 1422.49
1775246933, 1063, 89, 365, 0, 0, 0.54%, 1, 0, 4, 1293.39
1775246938, 1063, 175, 365, 0, 0, 0.54%, 1, 0, 4, 1375.70
1775246943, 1063, 275, 365, 0, 0, 0.54%, 1, 0, 4, 1347.04
1775246948, 1063, 364, 365, 0, 0, 0.54%, 1, 0, 4, 1166.74
1775246953, 1064, 9, 365, 0, 0, 0.54%, 1, 0, 4, 1270.71
1775246958, 1064, 63, 365, 0, 0, 0.54%, 1, 0, 4, 1422.29
1775246964, 1064, 129, 365, 0, 0, 0.54%, 1, 0, 4, 1484.90
1775246969, 1064, 248, 365, 0, 0, 0.54%, 1, 0, 4, 1311.91
1775246974, 1064, 276, 365, 0, 0, 0.54%, 1, 0, 4, 1434.11
1775246979, 1064, 312, 365, 0, 0, 0.54%, 1, 0, 4, 1157.82
1775246984, 1065, 31, 365, 0, 0, 0.54%, 1, 0, 4, 1281.90
1775246989, 1065, 57, 365, 0, 0, 0.54%, 1, 0, 4, 1346.53
1775246994, 1065, 87, 365, 0, 0, 0.54%, 1, 0, 4, 1320.19
1775247000, 1065, 199, 365, 0, 0, 0.54%, 1, 0, 4, 1365.63
1775247005, 1065, 275, 365, 0, 0, 0.54%, 1, 0, 4, 1427.26
1775247010, 1066, 8, 365, 0, 0, 0.54%, 1, 0, 4, 1383.59
1775247015, 1066, 58, 365, 0, 0, 0.54%, 1, 0, 4, 1508.48
1775247020, 1066, 103, 365, 0, 0, 0.54%, 1, 0, 4, 1350.89
1775247025, 1066, 219, 365, 0, 0, 0.54%, 1, 0, 4, 1381.88
1775247030, 1066, 276, 365, 0, 0, 0.54%, 1, 0, 4, 1408.54
1775247035, 1067, 1, 365, 0, 0, 0.54%, 1, 0, 4, 1103.09
1775247040, 1067, 30, 365, 0, 0, 0.54%, 1, 0, 4, 1132.24
1775247046, 1067, 82, 365, 0, 0, 0.54%, 1, 0, 4, 1276.32
1775247051, 1067, 130, 365, 0, 0, 0.54%, 1, 0, 4, 1327.47
1775247056, 1067, 248, 365, 0, 0, 0.54%, 1, 0, 4, 1370.37
1775247061, 1067, 295, 365, 0, 0, 0.54%, 1, 0, 4, 1411.57
1775247066, 1068, 0, 365, 0, 0, 0.54%, 1, 0, 4, 1413.17
1775247071, 1068, 58, 365, 0, 0, 0.54%, 1, 0, 4, 1430.94
1775247076, 1068, 103, 365, 0, 0, 0.54%, 1, 0, 4, 1397.19
1775247081, 1068, 212, 365, 0, 0, 0.54%, 1, 0, 4, 1433.01
1775247086, 1068, 261, 365, 0, 0, 0.54%, 1, 0, 4, 1425.93
1775247091, 1068, 290, 365, 0, 0, 0.54%, 1, 0, 4, 1391.81
1775247097, 1069, 9, 365, 0, 0, 0.54%, 1, 0, 4, 1687.74
1775247102, 1069, 59, 365, 0, 0, 0.54%, 1, 0, 4, 1519.67
1775247107, 1069, 101, 365, 0, 0, 0.54%, 1, 0, 4, 1556.70
1775247112, 1069, 172, 365, 0, 0, 0.54%, 1, 0, 4, 1417.98
1775247117, 1069, 267, 365, 0, 0, 0.54%, 1, 0, 4, 1501.91
1775247122, 1069, 322, 365, 0, 0, 0.54%, 1, 0, 4, 1387.78
1775247127, 1070, 30, 365, 0, 0, 0.54%, 1, 0, 4, 1388.66
1775247132, 1070, 71, 365, 0, 0, 0.54%, 1, 0, 4, 1491.71
1775247137, 1070, 108, 365, 0, 0, 0.54%, 1, 0, 4, 1364.81
1775247142, 1070, 265, 365, 0, 0, 0.54%, 1, 0, 4, 1416.07
1775247148, 1070, 308, 365, 0, 0, 0.54%, 1, 0, 4, 1374.48
1775247153, 1071, 13, 365, 0, 0, 0.54%, 1, 0, 4, 1251.36
1775247158, 1071, 34, 365, 0, 0, 0.54%, 1, 0, 4, 1454.74
1775247163, 1071, 63, 365, 0, 0, 0.54%, 1, 0, 4, 1471.27
1775247168, 1071, 103, 365, 0, 0, 0.54%, 1, 0, 4, 1408.15
1775247173, 1071, 214, 365, 0, 0, 0.54%, 1, 0, 4, 1440.09
1775247178, 1071, 275, 365, 0, 0, 0.54%, 1, 0, 4, 1446.52
1775247184, 1072, 31, 365, 0, 0, 0.54%, 1, 0, 4, 1419.71
1775247189, 1072, 93, 365, 0, 0, 0.54%, 1, 0, 4, 1440.26
1775247194, 1072, 141, 365, 0, 0, 0.54%, 1, 0, 4, 1399.96
1775247199, 1072, 211, 365, 0, 0, 0.54%, 1, 0, 4, 1332.99
1775247204, 1072, 257, 365, 0, 0, 0.54%, 1, 0, 4, 1335.55
1775247209, 1073, 0, 365, 0, 0, 0.54%, 1, 0, 4, 1413.57
1775247214, 1073, 31, 365, 0, 0, 0.54%, 1, 0, 4, 1418.27
1775247219, 1073, 64, 365, 0, 0, 0.54%, 1, 0, 4, 758.80
1775247224, 1073, 108, 365, 0, 0, 0.54%, 1, 0, 4, 1334.60
1775247229, 1073, 209, 365, 0, 0, 0.54%, 1, 0, 4, 1288.29
1775247234, 1073, 274, 365, 0, 0, 0.54%, 1, 0, 4, 1409.53
1775247240, 1074, 31, 365, 0, 0, 0.54%, 1, 0, 4, 1396.11
1775247245, 1074, 70, 365, 0, 0, 0.54%, 1, 0, 4, 1393.56
1775247250, 1074, 108, 365, 0, 0, 0.54%, 1, 0, 4, 1377.69
1775247255, 1074, 193, 365, 0, 0, 0.54%, 1, 0, 4, 1392.65
1775247260, 1074, 275, 365, 0, 0, 0.54%, 1, 0, 4, 1364.90
1775247265, 1075, 31, 365, 0, 0, 0.54%, 1, 0, 4, 1404.24
1775247270, 1075, 79, 365, 0, 0, 0.54%, 1, 0, 4, 1393.00
1775247275, 1075, 103, 365, 0, 0, 0.54%, 1, 0, 4, 1472.14
1775247280, 1075, 184, 365, 0, 0, 0.54%, 1, 0, 4, 1247.00
1775247286, 1075, 265, 365, 0, 0, 0.54%, 1, 0, 4, 1408.26
1775247291, 1075, 322, 365, 0, 0, 0.54%, 1, 0, 4, 1266.04
1775247296, 1076, 23, 365, 0, 0, 0.54%, 1, 0, 4, 1281.16
1775247301, 1076, 59, 365, 0, 0, 0.54%, 1, 0, 4, 1306.91
1775247306, 1076, 101, 365, 0, 0, 0.54%, 1, 0, 4, 1336.19
1775247311, 1076, 249, 365, 0, 0, 0.54%, 1, 0, 4, 1457.22
1775247316, 1076, 275, 365, 0, 0, 0.54%, 1, 0, 4, 1486.05
1775247321, 1077, 25, 365, 0, 0, 0.54%, 1, 0, 4, 1317.18
1775247326, 1077, 58, 365, 0, 0, 0.54%, 1, 0, 4, 1486.61
1775247331, 1077, 101, 365, 0, 0, 0.54%, 1, 0, 4, 1404.56
1775247336, 1077, 176, 365, 0, 0, 0.54%, 1, 0, 4, 225.35
1775247341, 1077, 275, 365, 0, 0, 0.54%, 1, 0, 4, 1488.43
1775247346, 1078, 9, 365, 0, 0, 0.54%, 1, 0, 4, 1137.61
1775247351, 1078, 59, 365, 0, 0, 0.54%, 1, 0, 4, 1441.50
1775247356, 1078, 102, 365, 0, 0, 0.54%, 1, 0, 4, 1478.44
1775247361, 1078, 195, 365, 0, 0, 0.54%, 1, 0, 4, 1414.34
1775247367, 1078, 274, 365, 0, 0, 0.54%, 1, 0, 4, 1344.25
1775247372, 1079, 14, 365, 0, 0, 0.54%, 1, 0, 4, 1287.72
1775247377, 1079, 38, 365, 0, 0, 0.54%, 1, 0, 4, 1343.68
1775247382, 1079, 103, 365, 0, 0, 0.54%, 1, 0, 4, 1310.27
1775247387, 1079, 193, 365, 0, 0, 0.54%, 1, 0, 4, 1390.96
1775247392, 1079, 274, 365, 0, 0, 0.54%, 1, 0, 4, 1394.71
1775247397, 1080, 9, 365, 0, 0, 0.54%, 1, 0, 4, 1334.93
1775247402, 1080, 31, 365, 0, 0, 0.54%, 1, 0, 4, 1314.61
1775247407, 1080, 89, 365, 0, 0, 0.54%, 1, 0, 4, 1389.97
1775247412, 1080, 174, 365, 0, 0, 0.54%, 1, 0, 4, 1368.59
1775247418, 1080, 275, 365, 0, 0, 0.54%, 1, 0, 4, 1508.43
1775247423, 1081, 1, 365, 0, 0, 0.54%, 1, 0, 4, 1231.10
1775247428, 1081, 63, 365, 0, 0, 0.54%, 1, 0, 4, 1375.32
1775247433, 1081, 120, 365, 0, 0, 0.54%, 1, 0, 4, 1443.01
1775247438, 1081, 205, 365, 0, 0, 0.54%, 1, 0, 4, 1436.46
1775247443, 1081, 265, 365, 0, 0, 0.54%, 1, 0, 4, 1371.32
1775247448, 1081, 322, 365, 0, 0, 0.54%, 1, 0, 4, 1282.54
1775247453, 1082, 31, 365, 0, 0, 0.54%, 1, 0, 4, 1499.23
1775247458, 1082, 101, 365, 0, 0, 0.54%, 1, 0, 4, 1408.06
1775247463, 1082, 261, 365, 0, 0, 0.54%, 1, 0, 4, 1513.75
1775247468, 1082, 284, 365, 0, 0, 0.54%, 1, 0, 4, 1403.67
1775247473, 1083, 31, 365, 0, 0, 0.54%, 1, 0, 4, 1407.73
1775247479, 1083, 103, 365, 0, 0, 0.54%, 1, 0, 4, 1411.35
1775247484, 1083, 223, 365, 0, 0, 0.54%, 1, 0, 4, 1408.31
1775247489, 1083, 276, 365, 0, 0, 0.54%, 1, 0, 4, 1435.62
1775247494, 1084, 25, 365, 0, 0, 0.54%, 1, 0, 4, 1261.26
1775247499, 1084, 56, 365, 0, 0, 0.54%, 1, 0, 4, 1412.87
1775247504, 1084, 103, 365, 0, 0, 0.54%, 1, 0, 4, 1431.42
1775247509, 1084, 187, 365, 0, 0, 0.54%, 1, 0, 4, 1387.83
1775247514, 1084, 261, 365, 0, 0, 0.54%, 1, 0, 4, 1430.82
1775247520, 1084, 276, 365, 0, 0, 0.54%, 1, 0, 4, 1394.31
1775247525, 1085, 29, 365, 0, 0, 0.54%, 1, 0, 4, 1413.21
1775247530, 1085, 63, 365, 0, 0, 0.54%, 1, 0, 4, 1489.00
1775247535, 1085, 112, 365, 0, 0, 0.54%, 1, 0, 4, 1410.04
1775247540, 1085, 208, 365, 0, 0, 0.54%, 1, 0, 4, 1409.49
1775247545, 1085, 265, 365, 0, 0, 0.54%, 1, 0, 4, 1449.34
1775247550, 1086, 9, 365, 0, 0, 0.54%, 1, 0, 4, 1346.44
1775247555, 1086, 32, 365, 0, 0, 0.54%, 1, 0, 4, 1463.96
1775247560, 1086, 76, 365, 0, 0, 0.54%, 1, 0, 4, 1398.89
1775247566, 1086, 117, 365, 0, 0, 0.54%, 1, 0, 4, 1403.93
1775247571, 1086, 261, 365, 0, 0, 0.54%, 1, 0, 4, 1447.17
1775247576, 1086, 313, 365, 0, 0, 0.54%, 1, 0, 4, 1408.38
1775247581, 1087, 31, 365, 0, 0, 0.54%, 1, 0, 4, 1461.73
1775247586, 1087, 76, 365, 0, 0, 0.54%, 1, 0, 4, 1483.28
1775247591, 1087, 119, 365, 0, 0, 0.54%, 1, 0, 4, 1489.74
1775247596, 1087, 226, 365, 0, 0, 0.54%, 1, 0, 4, 1440.85
1775247601, 1087, 280, 365, 0, 0, 0.54%, 1, 0, 4, 1388.33
1775247606, 1088, 29, 365, 0, 0, 0.54%, 1, 0, 4, 1400.89
1775247611, 1088, 59, 365, 0, 0, 0.54%, 1, 0, 4, 1473.48
1775247616, 1088, 103, 365, 0, 0, 0.54%, 1, 0, 4, 1451.71
1775247622, 1088, 267, 365, 0, 0, 0.54%, 1, 0, 4, 1389.88
1775247627, 1088, 320, 365, 0, 0, 0.54%, 1, 0, 4, 1340.25
1775247632, 1089, 5, 365, 0, 0, 0.54%, 1, 0, 4, 1410.01
1775247637, 1089, 48, 365, 0, 0, 0.54%, 1, 0, 4, 1461.35
1775247642, 1089, 103, 365, 0, 0, 0.54%, 1, 0, 4, 1446.92
1775247647, 1089, 200, 365, 0, 0, 0.54%, 1, 0, 4, 1375.91
1775247652, 1089, 274, 365, 0, 0, 0.54%, 1, 0, 4, 1463.52
1775247657, 1089, 354, 365, 0, 0, 0.54%, 1, 0, 4, 1120.68
1775247662, 1090, 40, 365, 0, 0, 0.54%, 1, 0, 4, 1321.77
1775247667, 1090, 94, 365, 0, 0, 0.54%, 1, 0, 4, 1462.42
1775247673, 1090, 126, 365, 0, 0, 0.54%, 1, 0, 4, 1439.94
1775247678, 1090, 164, 365, 0, 0, 0.54%, 1, 0, 4, 1262.19
1775247683, 1090, 265, 365, 0, 0, 0.54%, 1, 0, 4, 1381.00
1775247688, 1090, 341, 365, 0, 0, 0.54%, 1, 0, 4, 1256.94
1775247693, 1091, 31, 365, 0, 0, 0.54%, 1, 0, 4, 1349.84
1775247698, 1091, 101, 365, 0, 0, 0.54%, 1, 0, 4, 1359.96
1775247704, 1091, 157, 365, 0, 0, 0.54%, 1, 0, 4, 1336.60
1775247709, 1091, 261, 365, 0, 0, 0.54%, 1, 0, 4, 1456.99
1775247714, 1091, 276, 365, 0, 0, 0.54%, 1, 0, 4, 1386.50
1775247719, 1091, 358, 365, 0, 0, 0.54%, 1, 0, 4, 1412.94
1775247724, 1092, 33, 365, 0, 0, 0.54%, 1, 0, 4, 1461.37
1775247729, 1092, 61, 365, 0, 0, 0.54%, 1, 0, 4, 1440.76
1775247734, 1092, 89, 365, 0, 0, 0.54%, 1, 0, 4, 1324.32
1775247739, 1092, 121, 365, 0, 0, 0.54%, 1, 0, 4, 1457.38
1775247744, 1092, 230, 365, 0, 0, 0.54%, 1, 0, 4, 1112.35
1775247750, 1092, 268, 365, 0, 0, 0.54%, 1, 0, 4, 1404.97
1775247755, 1093, 9, 365, 0, 0, 0.54%, 1, 0, 4, 1407.27
1775247760, 1093, 57, 365, 0, 0, 0.54%, 1, 0, 4, 1478.55
1775247765, 1093, 108, 365, 0, 0, 0.54%, 1, 0, 4, 1576.98
1775247770, 1093, 212, 365, 0, 0, 0.54%, 1, 0, 4, 1426.69
1775247775, 1093, 274, 365, 0, 0, 0.54%, 1, 0, 4, 1451.99
1775247780, 1094, 3, 365, 0, 0, 0.54%, 1, 0, 4, 1173.55
1775247785, 1094, 31, 365, 0, 0, 0.54%, 1, 0, 4, 1237.69
1775247790, 1094, 63, 365, 0, 0, 0.54%, 1, 0, 4, 1411.64
1775247795, 1094, 108, 365, 0, 0, 0.54%, 1, 0, 4, 1488.04
1775247800, 1094, 198, 365, 0, 0, 0.54%, 1, 0, 4, 1439.17
1775247805, 1094, 287, 365, 0, 0, 0.54%, 1, 0, 4, 1505.55
1775247811, 1095, 6, 365, 0, 0, 0.54%, 1, 0, 4, 1640.14
1775247816, 1095, 38, 365, 0, 0, 0.54%, 1, 0, 4, 927.36
1775247821, 1095, 82, 365, 0, 0, 0.54%, 1, 0, 4, 1327.63
1775247826, 1095, 105, 365, 0, 0, 0.54%, 1, 0, 4, 1433.10
1775247831, 1095, 162, 365, 0, 0, 0.54%, 1, 0, 4, 1216.38
1775247836, 1095, 276, 365, 0, 0, 0.54%, 1, 0, 4, 1433.39
1775247841, 1096, 29, 365, 0, 0, 0.54%, 1, 0, 4, 1403.67
1775247846, 1096, 63, 365, 0, 0, 0.54%, 1, 0, 4, 1386.78
1775247851, 1096, 96, 365, 0, 0, 0.54%, 1, 0, 4, 1363.84
1775247856, 1096, 143, 365, 0, 0, 0.54%, 1, 0, 4, 1324.24
1775247861, 1096, 261, 365, 0, 0, 0.54%, 1, 0, 4, 1439.68
1775247866, 1096, 322, 365, 0, 0, 0.54%, 1, 0, 4, 1423.72
1775247872, 1097, 28, 365, 0, 0, 0.54%, 1, 0, 4, 1291.43
1775247877, 1097, 63, 365, 0, 0, 0.54%, 1, 0, 4, 1360.31
1775247882, 1097, 101, 365, 0, 0, 0.54%, 1, 0, 4, 1376.89
1775247887, 1097, 127, 365, 0, 0, 0.54%, 1, 0, 4, 1423.16
1775247892, 1097, 192, 365, 0, 0, 0.54%, 1, 0, 4, 1414.02
1775247897, 1097, 260, 365, 0, 0, 0.54%, 1, 0, 4, 1441.94
1775247902, 1097, 276, 365, 0, 0, 0.54%, 1, 0, 4, 1414.16
1775247907, 1098, 29, 365, 0, 0, 0.54%, 1, 0, 4, 1397.43
1775247912, 1098, 63, 365, 0, 0, 0.54%, 1, 0, 4, 1338.15
1775247918, 1098, 101, 365, 0, 0, 0.54%, 1, 0, 4, 1289.82
1775247923, 1098, 244, 365, 0, 0, 0.54%, 1, 0, 4, 1454.47
1775247928, 1098, 322, 365, 0, 0, 0.54%, 1, 0, 4, 1432.89
1775247933, 1099, 31, 365, 0, 0, 0.54%, 1, 0, 4, 1291.33
1775247938, 1099, 89, 365, 0, 0, 0.54%, 1, 0, 4, 1444.47
1775247943, 1099, 136, 365, 0, 0, 0.54%, 1, 0, 4, 1483.50
1775247948, 1099, 272, 365, 0, 0, 0.54%, 1, 0, 4, 1438.12
1775247953, 1099, 338, 365, 0, 0, 0.54%, 1, 0, 4, 1334.27
1775247959, 1100, 31, 365, 0, 0, 0.54%, 1, 0, 4, 1423.10
1775247964, 1100, 68, 365, 0, 0, 0.54%, 1, 0, 4, 1391.78
1775247969, 1100, 121, 365, 0, 0, 0.54%, 1, 0, 4, 1412.69
1775247974, 1100, 227, 365, 0, 0, 0.54%, 1, 0, 4, 1431.07
1775247979, 1100, 275, 365, 0, 0, 0.54%, 1, 0, 4, 1466.52
1775247984, 1100, 358, 365, 0, 0, 0.54%, 1, 0, 4, 1431.17
1775247989, 1101, 31, 365, 0, 0, 0.54%, 1, 0, 4, 1343.74
1775247994, 1101, 63, 365, 0, 0, 0.54%, 1, 0, 4, 1482.98
1775247999, 1101, 108, 365, 0, 0, 0.54%, 1, 0, 4, 1445.62
1775248004, 1101, 253, 365, 0, 0, 0.54%, 1, 0, 4, 1455.40
1775248010, 1101, 276, 365, 0, 0, 0.54%, 1, 0, 4, 1424.14
1775248015, 1102, 9, 365, 0, 0, 0.54%, 1, 0, 4, 1335.81
1775248020, 1102, 63, 365, 0, 0, 0.54%, 1, 0, 4, 1317.68
1775248025, 1102, 108, 365, 0, 0, 0.54%, 1, 0, 4, 1359.00
1775248030, 1102, 176, 365, 0, 0, 0.54%, 1, 0, 4, 1345.83
1775248035, 1102, 261, 365, 0, 0, 0.54%, 1, 0, 4, 1404.28
1775248040, 1102, 310, 365, 0, 0, 0.54%, 1, 0, 4, 1243.79
1775248045, 1103, 33, 365, 0, 0, 0.54%, 1, 0, 4, 1330.66
1775248051, 1103, 89, 365, 0, 0, 0.54%, 1, 0, 4, 1410.78
1775248056, 1103, 179, 365, 0, 0, 0.54%, 1, 0, 4, 1348.34
1775248061, 1103, 275, 365, 0, 0, 0.54%, 1, 0, 4, 1394.02
1775248066, 1103, 364, 365, 0, 0, 0.54%, 1, 0, 4, 1385.75
1775248071, 1104, 33, 365, 0, 0, 0.54%, 1, 0, 4, 1470.30
1775248076, 1104, 89, 365, 0, 0, 0.54%, 1, 0, 4, 1432.78
1775248081, 1104, 121, 365, 0, 0, 0.54%, 1, 0, 4, 1422.03
1775248086, 1104, 192, 365, 0, 0, 0.54%, 1, 0, 4, 1422.36
1775248092, 1104, 274, 365, 0, 0, 0.54%, 1, 0, 4, 1399.08
1775248097, 1105, 9, 365, 0, 0, 0.54%, 1, 0, 4, 1263.01
1775248102, 1105, 63, 365, 0, 0, 0.54%, 1, 0, 4, 1453.06
1775248107, 1105, 139, 365, 0, 0, 0.54%, 1, 0, 4, 1429.54
1775248112, 1105, 254, 365, 0, 0, 0.54%, 1, 0, 4, 1344.09
1775248117, 1105, 274, 365, 0, 0, 0.54%, 1, 0, 4, 1411.90
1775248122, 1106, 9, 365, 0, 0, 0.54%, 1, 0, 4, 1345.29
1775248127, 1106, 33, 365, 0, 0, 0.54%, 1, 0, 4, 1475.56
1775248132, 1106, 101, 365, 0, 0, 0.54%, 1, 0, 4, 1278.88
1775248137, 1106, 140, 365, 0, 0, 0.54%, 1, 0, 4, 1377.58
1775248142, 1106, 251, 365, 0, 0, 0.54%, 1, 0, 4, 1337.38
1775248147, 1106, 283, 365, 0, 0, 0.54%, 1, 0, 4, 1368.49
1775248153, 1107, 29, 365, 0, 0, 0.54%, 1, 0, 4, 1259.72
1775248158, 1107, 63, 365, 0, 0, 0.54%, 1, 0, 4, 1487.49
1775248163, 1107, 111, 365, 0, 0, 0.54%, 1, 0, 4, 1510.20
1775248168, 1107, 194, 365, 0, 0, 0.54%, 1, 0, 4, 1390.78
1775248173, 1107, 265, 365, 0, 0, 0.54%, 1, 0, 4, 1385.95
1775248178, 1107, 364, 365, 0, 0, 0.54%, 1, 0, 4, 1332.85
1775248183, 1108, 31, 365, 0, 0, 0.54%, 1, 0, 4, 1470.43
1775248188, 1108, 79, 365, 0, 0, 0.54%, 1, 0, 4, 1367.13
1775248193, 1108, 121, 365, 0, 0, 0.54%, 1, 0, 4, 1362.39
1775248198, 1108, 246, 365, 0, 0, 0.54%, 1, 0, 4, 1479.06
1775248203, 1108, 276, 365, 0, 0, 0.54%, 1, 0, 4, 1436.81
1775248208, 1109, 13, 365, 0, 0, 0.54%, 1, 0, 4, 1530.88
1775248213, 1109, 58, 365, 0, 0, 0.54%, 1, 0, 4, 1406.56
1775248219, 1109, 101, 365, 0, 0, 0.54%, 1, 0, 4, 1490.64
1775248224, 1109, 249, 365, 0, 0, 0.54%, 1, 0, 4, 1448.38
1775248229, 1109, 276, 365, 0, 0, 0.54%, 1, 0, 4, 1407.66
1775248234, 1110, 29, 365, 0, 0, 0.54%, 1, 0, 4, 1398.11
1775248239, 1110, 63, 365, 0, 0, 0.54%, 1, 0, 4, 1472.80
1775248244, 1110, 101, 365, 0, 0, 0.54%, 1, 0, 4, 1346.72
1775248249, 1110, 183, 365, 0, 0, 0.54%, 1, 0, 4, 1416.56
1775248254, 1110, 275, 365, 0, 0, 0.54%, 1, 0, 4, 1507.84
1775248259, 1111, 5, 365, 0, 0, 0.54%, 1, 0, 4, 1401.91
1775248264, 1111, 33, 365, 0, 0, 0.54%, 1, 0, 4, 1404.02
1775248269, 1111, 72, 365, 0, 0, 0.54%, 1, 0, 4, 1485.37
1775248274, 1111, 145, 365, 0, 0, 0.54%, 1, 0, 4, 1403.90
1775248280, 1111, 246, 365, 0, 0, 0.54%, 1, 0, 4, 1365.13
1775248285, 1111, 275, 365, 0, 0, 0.54%, 1, 0, 4, 1453.72
1775248290, 1112, 29, 365, 0, 0, 0.54%, 1, 0, 4, 1265.61
1775248295, 1112, 64, 365, 0, 0, 0.54%, 1, 0, 4, 1492.73
1775248300, 1112, 120, 365, 0, 0, 0.54%, 1, 0, 4, 1458.14
1775248305, 1112, 223, 365, 0, 0, 0.54%, 1, 0, 4, 1418.62
1775248310, 1112, 275, 365, 0, 0, 0.54%, 1, 0, 4, 1503.47
1775248315, 1112, 360, 365, 0, 0, 0.54%, 1, 0, 4, 1337.97
1775248320, 1113, 29, 365, 0, 0, 0.54%, 1, 0, 4, 1529.03
1775248325, 1113, 89, 365, 0, 0, 0.54%, 1, 0, 4, 1223.25
1775248331, 1113, 140, 365, 0, 0, 0.54%, 1, 0, 4, 1315.44
1775248336, 1113, 274, 365, 0, 0, 0.54%, 1, 0, 4, 1549.54
1775248341, 1113, 360, 365, 0, 0, 0.54%, 1, 0, 4, 1454.29
1775248346, 1114, 29, 365, 0, 0, 0.54%, 1, 0, 4, 1668.05
1775248351, 1114, 54, 365, 0, 0, 0.54%, 1, 0, 4, 1511.42
1775248356, 1114, 89, 365, 0, 0, 0.54%, 1, 0, 4, 1507.16
1775248361, 1114, 181, 365, 0, 0, 0.54%, 1, 0, 4, 1461.21
1775248366, 1114, 269, 365, 0, 0, 0.54%, 1, 0, 4, 1446.12
1775248371, 1114, 335, 365, 0, 0, 0.54%, 1, 0, 4, 1313.83
1775248376, 1115, 31, 365, 0, 0, 0.54%, 1, 0, 4, 1418.12
1775248381, 1115, 64, 365, 0, 0, 0.54%, 1, 0, 4, 1400.16
1775248386, 1115, 105, 365, 0, 0, 0.54%, 1, 0, 4, 1514.60
1775248391, 1115, 159, 365, 0, 0, 0.54%, 1, 0, 4, 1521.68
1775248396, 1115, 198, 365, 0, 0, 0.54%, 1, 0, 4, 1467.64
1775248402, 1115, 275, 365, 0, 0, 0.54%, 1, 0, 4, 1436.85
1775248407, 1115, 357, 365, 0, 0, 0.54%, 1, 0, 4, 1224.33
1775248412, 1116, 31, 365, 0, 0, 0.54%, 1, 0, 4, 1460.47
1775248417, 1116, 73, 365, 0, 0, 0.54%, 1, 0, 4, 1537.40
1775248422, 1116, 125, 365, 0, 0, 0.54%, 1, 0, 4, 1404.65
1775248427, 1116, 232, 365, 0, 0, 0.54%, 1, 0, 4, 1430.95
1775248432, 1116, 320, 365, 0, 0, 0.54%, 1, 0, 4, 1442.07
1775248438, 1117, 31, 365, 0, 0, 0.54%, 1, 0, 4, 1542.52
1775248443, 1117, 93, 365, 0, 0, 0.54%, 1, 0, 4, 1481.11
1775248448, 1117, 137, 365, 0, 0, 0.54%, 1, 0, 4, 1472.72
1775248453, 1117, 265, 365, 0, 0, 0.54%, 1, 0, 4, 1474.09
1775248458, 1117, 364, 365, 0, 0, 0.54%, 1, 0, 4, 1382.03
1775248463, 1118, 31, 365, 0, 0, 0.54%, 1, 0, 4, 1439.22
1775248468, 1118, 89, 365, 0, 0, 0.54%, 1, 0, 4, 1421.03
1775248473, 1118, 183, 365, 0, 0, 0.54%, 1, 0, 4, 1453.74
1775248478, 1118, 274, 365, 0, 0, 0.54%, 1, 0, 4, 1490.81
1775248483, 1118, 360, 365, 0, 0, 0.54%, 1, 0, 4, 1343.69
1775248488, 1119, 9, 365, 0, 0, 0.54%, 1, 0, 4, 1256.40
1775248493, 1119, 39, 365, 0, 0, 0.54%, 1, 0, 4, 1450.82
1775248498, 1119, 85, 365, 0, 0, 0.54%, 1, 0, 4, 1461.98
1775248503, 1119, 146, 365, 0, 0, 0.54%, 1, 0, 4, 1367.08
1775248508, 1119, 187, 365, 0, 0, 0.54%, 1, 0, 4, 1482.43
1775248514, 1119, 255, 365, 0, 0, 0.54%, 1, 0, 4, 1387.95
1775248519, 1119, 276, 365, 0, 0, 0.54%, 1, 0, 4, 1489.15
1775248524, 1119, 360, 365, 0, 0, 0.54%, 1, 0, 4, 1501.05
1775248529, 1120, 29, 365, 0, 0, 0.54%, 1, 0, 4, 1406.94
1775248534, 1120, 58, 365, 0, 0, 0.54%, 1, 0, 4, 1512.39
1775248539, 1120, 103, 365, 0, 0, 0.54%, 1, 0, 4, 1445.83
1775248544, 1120, 189, 365, 0, 0, 0.54%, 1, 0, 4, 1381.82
1775248549, 1120, 274, 365, 0, 0, 0.54%, 1, 0, 4, 1459.45
1775248554, 1120, 350, 365, 0, 0, 0.54%, 1, 0, 4, 1283.99
1775248559, 1121, 29, 365, 0, 0, 0.54%, 1, 0, 4, 1154.23
1775248564, 1121, 63, 365, 0, 0, 0.54%, 1, 0, 4, 1366.29
1775248570, 1121, 97, 365, 0, 0, 0.54%, 1, 0, 4, 1376.00
1775248575, 1121, 129, 365, 0, 0, 0.54%, 1, 0, 4, 1460.48
1775248580, 1121, 265, 365, 0, 0, 0.54%, 1, 0, 4, 1457.96
1775248585, 1121, 345, 365, 0, 0, 0.54%, 1, 0, 4, 1266.33
1775248590, 1122, 33, 365, 0, 0, 0.54%, 1, 0, 4, 1429.31
1775248595, 1122, 101, 365, 0, 0, 0.54%, 1, 0, 4, 1493.53
1775248600, 1122, 184, 365, 0, 0, 0.54%, 1, 0, 4, 1471.03
1775248605, 1122, 274, 365, 0, 0, 0.54%, 1, 0, 4, 1443.90
1775248610, 1122, 358, 365, 0, 0, 0.54%, 1, 0, 4, 1448.47
1775248616, 1123, 33, 365, 0, 0, 0.54%, 1, 0, 4, 1536.97
1775248621, 1123, 89, 365, 0, 0, 0.54%, 1, 0, 4, 1476.34
1775248626, 1123, 226, 365, 0, 0, 0.54%, 1, 0, 4, 1414.02
1775248631, 1123, 268, 365, 0, 0, 0.54%, 1, 0, 4, 1386.60
1775248636, 1123, 298, 365, 0, 0, 0.54%, 1, 0, 4, 1314.62
1775248641, 1123, 359, 365, 0, 0, 0.54%, 1, 0, 4, 1262.48
1775248646, 1124, 29, 365, 0, 0, 0.54%, 1, 0, 4, 1414.02
1775248651, 1124, 63, 365, 0, 0, 0.54%, 1, 0, 4, 1443.94
1775248656, 1124, 101, 365, 0, 0, 0.54%, 1, 0, 4, 1465.69
1775248661, 1124, 214, 365, 0, 0, 0.54%, 1, 0, 4, 1503.20
1775248666, 1124, 253, 365, 0, 0, 0.54%, 1, 0, 4, 1269.80
1775248671, 1124, 276, 365, 0, 0, 0.54%, 1, 0, 4, 1370.17
1775248677, 1125, 9, 365, 0, 0, 0.54%, 1, 0, 4, 1176.37
1775248682, 1125, 46, 365, 0, 0, 0.54%, 1, 0, 4, 1402.25
1775248687, 1125, 107, 365, 0, 0, 0.54%, 1, 0, 4, 1458.01
1775248692, 1125, 189, 365, 0, 0, 0.54%, 1, 0, 4, 1340.27
1775248697, 1125, 265, 365, 0, 0, 0.54%, 1, 0, 4, 1378.59
1775248702, 1125, 322, 365, 0, 0, 0.54%, 1, 0, 4, 1333.97
1775248707, 1126, 31, 365, 0, 0, 0.54%, 1, 0, 4, 1428.35
1775248712, 1126, 71, 365, 0, 0, 0.54%, 1, 0, 4, 1389.05
1775248717, 1126, 104, 365, 0, 0, 0.54%, 1, 0, 4, 1309.83
1775248722, 1126, 265, 365, 0, 0, 0.54%, 1, 0, 4, 1418.03
1775248728, 1126, 286, 365, 0, 0, 0.54%, 1, 0, 4, 1333.15
1775248733, 1127, 30, 365, 0, 0, 0.54%, 1, 0, 4, 1363.68
1775248738, 1127, 63, 365, 0, 0, 0.54%, 1, 0, 4, 1363.66
1775248743, 1127, 97, 365, 0, 0, 0.54%, 1, 0, 4, 1331.56
1775248748, 1127, 185, 365, 0, 0, 0.54%, 1, 0, 4, 1392.84
1775248753, 1127, 244, 365, 0, 0, 0.54%, 1, 0, 4, 1306.42
1775248759, 1127, 276, 365, 0, 0, 0.54%, 1, 0, 4, 1403.91
1775248764, 1128, 31, 365, 0, 0, 0.54%, 1, 0, 4, 1504.24
1775248769, 1128, 84, 365, 0, 0, 0.54%, 1, 0, 4, 1535.08
1775248774, 1128, 171, 365, 0, 0, 0.54%, 1, 0, 4, 1406.21
1775248779, 1128, 270, 365, 0, 0, 0.54%, 1, 0, 4, 1493.86
1775248784, 1129, 9, 365, 0, 0, 0.54%, 1, 0, 4, 1387.98
1775248789, 1129, 52, 365, 0, 0, 0.54%, 1, 0, 4, 1392.27
1775248794, 1129, 102, 365, 0, 0, 0.54%, 1, 0, 4, 1439.60
1775248799, 1129, 164, 365, 0, 0, 0.54%, 1, 0, 4, 1342.62
1775248804, 1129, 206, 365, 0, 0, 0.54%, 1, 0, 4, 1371.82
1775248809, 1129, 275, 365, 0, 0, 0.54%, 1, 0, 4, 1480.96
1775248814, 1130, 13, 365, 0, 0, 0.54%, 1, 0, 4, 1328.96
1775248819, 1130, 58, 365, 0, 0, 0.54%, 1, 0, 4, 1417.45
1775248824, 1130, 103, 365, 0, 0, 0.54%, 1, 0, 4, 1502.37
1775248830, 1130, 201, 365, 0, 0, 0.54%, 1, 0, 4, 1498.07
1775248835, 1130, 270, 365, 0, 0, 0.54%, 1, 0, 4, 1482.46
1775248840, 1130, 322, 365, 0, 0, 0.54%, 1, 0, 4, 1326.53
1775248845, 1131, 29, 365, 0, 0, 0.54%, 1, 0, 4, 1352.12
1775248850, 1131, 64, 365, 0, 0, 0.54%, 1, 0, 4, 1388.36
1775248855, 1131, 137, 365, 0, 0, 0.54%, 1, 0, 4, 1474.89
1775248860, 1131, 274, 365, 0, 0, 0.54%, 1, 0, 4, 1494.93
1775248865, 1132, 31, 365, 0, 0, 0.54%, 1, 0, 4, 1493.10
1775248870, 1132, 63, 365, 0, 0, 0.54%, 1, 0, 4, 1420.54
1775248875, 1132, 108, 365, 0, 0, 0.54%, 1, 0, 4, 1499.20
1775248880, 1132, 221, 365, 0, 0, 0.54%, 1, 0, 4, 1287.04
1775248885, 1132, 275, 365, 0, 0, 0.54%, 1, 0, 4, 1456.59
1775248891, 1133, 9, 365, 0, 0, 0.54%, 1, 0, 4, 1297.72
1775248896, 1133, 31, 365, 0, 0, 0.54%, 1, 0, 4, 1283.67
1775248901, 1133, 103, 365, 0, 0, 0.54%, 1, 0, 4, 1378.28
1775248906, 1133, 223, 365, 0, 0, 0.54%, 1, 0, 4, 1417.23
1775248911, 1133, 274, 365, 0, 0, 0.54%, 1, 0, 4, 1414.33
1775248916, 1134, 16, 365, 0, 0, 0.54%, 1, 0, 4, 1444.43
1775248921, 1134, 64, 365, 0, 0, 0.54%, 1, 0, 4, 1572.44
1775248926, 1134, 107, 365, 0, 0, 0.54%, 1, 0, 4, 1502.58
1775248931, 1134, 244, 365, 0, 0, 0.54%, 1, 0, 4, 1483.53
1775248936, 1134, 275, 365, 0, 0, 0.54%, 1, 0, 4, 1477.48
1775248942, 1135, 4, 365, 0, 0, 0.54%, 1, 0, 4, 1452.66
1775248947, 1135, 33, 365, 0, 0, 0.54%, 1, 0, 4, 1500.11
1775248952, 1135, 103, 365, 0, 0, 0.54%, 1, 0, 4, 1438.59
1775248957, 1135, 158, 365, 0, 0, 0.54%, 1, 0, 4, 1421.27
1775248962, 1135, 192, 365, 0, 0, 0.54%, 1, 0, 4, 1272.34
1775248967, 1135, 251, 365, 0, 0, 0.54%, 1, 0, 4, 1307.02
1775248972, 1135, 289, 365, 0, 0, 0.54%, 1, 0, 4, 1413.18
1775248977, 1135, 364, 365, 0, 0, 0.54%, 1, 0, 4, 1241.61
1775248982, 1136, 45, 365, 0, 0, 0.54%, 1, 0, 4, 1376.47
1775248987, 1136, 103, 365, 0, 0, 0.54%, 1, 0, 4, 1409.55
1775248992, 1136, 227, 365, 0, 0, 0.54%, 1, 0, 4, 1445.10
1775248998, 1136, 274, 365, 0, 0, 0.54%, 1, 0, 4, 1433.36
1775249003, 1136, 360, 365, 0, 0, 0.54%, 1, 0, 4, 1294.02
1775249008, 1137, 9, 365, 0, 0, 0.54%, 1, 0, 4, 295.70
1775249013, 1137, 58, 365, 0, 0, 0.54%, 1, 0, 4, 1190.48
1775249018, 1137, 107, 365, 0, 0, 0.54%, 1, 0, 4, 1400.81
1775249023, 1137, 238, 365, 0, 0, 0.54%, 1, 0, 4, 1340.82
1775249028, 1137, 276, 365, 0, 0, 0.54%, 1, 0, 4, 1412.69
1775249033, 1138, 28, 365, 0, 0, 0.54%, 1, 0, 4, 1381.06
1775249039, 1138, 63, 365, 0, 0, 0.54%, 1, 0, 4, 1459.36
1775249044, 1138, 101, 365, 0, 0, 0.54%, 1, 0, 4, 1430.21
1775249049, 1138, 237, 365, 0, 0, 0.54%, 1, 0, 4, 1500.30
1775249054, 1138, 275, 365, 0, 0, 0.54%, 1, 0, 4, 1505.46
1775249059, 1138, 358, 365, 0, 0, 0.54%, 1, 0, 4, 1461.75
1775249064, 1139, 31, 365, 0, 0, 0.54%, 1, 0, 4, 1475.48
1775249069, 1139, 71, 365, 0, 0, 0.54%, 1, 0, 4, 1458.99
1775249074, 1139, 117, 365, 0, 0, 0.54%, 1, 0, 4, 1494.79
1775249079, 1139, 265, 365, 0, 0, 0.54%, 1, 0, 4, 1436.85
1775249084, 1140, 9, 365, 0, 0, 0.54%, 1, 0, 4, 1480.93
1775249089, 1140, 58, 365, 0, 0, 0.54%, 1, 0, 4, 1464.56
1775249094, 1140, 103, 365, 0, 0, 0.54%, 1, 0, 4, 1412.64
1775249099, 1140, 191, 365, 0, 0, 0.54%, 1, 0, 4, 1413.80
1775249104, 1140, 274, 365, 0, 0, 0.54%, 1, 0, 4, 1430.12
1775249110, 1140, 348, 365, 0, 0, 0.54%, 1, 0, 4, 1325.81
1775249115, 1141, 55, 365, 0, 0, 0.54%, 1, 0, 4, 1360.29
1775249120, 1141, 89, 365, 0, 0, 0.54%, 1, 0, 4, 1392.60
1775249125, 1141, 170, 365, 0, 0, 0.54%, 1, 0, 4, 1473.32
1775249130, 1141, 237, 365, 0, 0, 0.54%, 1, 0, 4, 1378.94
1775249135, 1141, 275, 365, 0, 0, 0.54%, 1, 0, 4, 1418.08
1775249140, 1142, 9, 365, 0, 0, 0.54%, 1, 0, 4, 1274.15
1775249145, 1142, 35, 365, 0, 0, 0.54%, 1, 0, 4, 1370.32
1775249151, 1142, 97, 365, 0, 0, 0.54%, 1, 0, 4, 1474.63
1775249156, 1142, 132, 365, 0, 0, 0.54%, 1, 0, 4, 272.36
1775249161, 1142, 232, 365, 0, 0, 0.54%, 1, 0, 4, 1425.65
1775249166, 1142, 275, 365, 0, 0, 0.54%, 1, 0, 4, 1375.08
1775249171, 1143, 9, 365, 0, 0, 0.54%, 1, 0, 4, 1304.56
1775249176, 1143, 64, 365, 0, 0, 0.54%, 1, 0, 4, 1479.09
1775249181, 1143, 103, 365, 0, 0, 0.54%, 1, 0, 4, 1411.84
1775249186, 1143, 157, 365, 0, 0, 0.54%, 1, 0, 4, 1429.06
1775249192, 1143, 274, 365, 0, 0, 0.54%, 1, 0, 4, 1437.38
1775249197, 1143, 364, 365, 0, 0, 0.54%, 1, 0, 4, 1284.51
1775249202, 1144, 31, 365, 0, 0, 0.54%, 1, 0, 4, 1337.49
1775249207, 1144, 64, 365, 0, 0, 0.54%, 1, 0, 4, 1456.34
1775249212, 1144, 108, 365, 0, 0, 0.54%, 1, 0, 4, 1405.91
1775249217, 1144, 184, 365, 0, 0, 0.54%, 1, 0, 4, 1394.73
1775249222, 1144, 265, 365, 0, 0, 0.54%, 1, 0, 4, 1482.97
1775249227, 1144, 294, 365, 0, 0, 0.54%, 1, 0, 4, 1311.60
1775249232, 1145, 29, 365, 0, 0, 0.54%, 1, 0, 4, 1386.54
1775249238, 1145, 63, 365, 0, 0, 0.54%, 1, 0, 4, 1502.79
1775249243, 1145, 103, 365, 0, 0, 0.54%, 1, 0, 4, 1476.26
1775249248, 1145, 196, 365, 0, 0, 0.54%, 1, 0, 4, 1538.02
1775249253, 1145, 274, 365, 0, 0, 0.54%, 1, 0, 4, 1567.54
1775249258, 1146, 9, 365, 0, 0, 0.54%, 1, 0, 4, 1316.25
1775249263, 1146, 33, 365, 0, 0, 0.54%, 1, 0, 4, 1382.31
1775249268, 1146, 89, 365, 0, 0, 0.54%, 1, 0, 4, 1475.66
1775249273, 1146, 108, 365, 0, 0, 0.54%, 1, 0, 4, 1347.36
1775249278, 1146, 220, 365, 0, 0, 0.54%, 1, 0, 4, 1335.90
1775249283, 1146, 275, 365, 0, 0, 0.54%, 1, 0, 4, 1450.26
1775249288, 1147, 13, 365, 0, 0, 0.54%, 1, 0, 4, 1456.43
1775249294, 1147, 58, 365, 0, 0, 0.54%, 1, 0, 4, 1499.59
1775249299, 1147, 108, 365, 0, 0, 0.54%, 1, 0, 4, 1818.26
1775249304, 1147, 205, 365, 0, 0, 0.54%, 1, 0, 4, 1462.20
1775249309, 1147, 274, 365, 0, 0, 0.54%, 1, 0, 4, 1521.71
1775249314, 1148, 9, 365, 0, 0, 0.54%, 1, 0, 4, 1502.24
1775249319, 1148, 41, 365, 0, 0, 0.54%, 1, 0, 4, 1417.74
1775249324, 1148, 64, 365, 0, 0, 0.54%, 1, 0, 4, 1332.72
1775249329, 1148, 155, 365, 0, 0, 0.54%, 1, 0, 4, 1400.15
1775249334, 1148, 274, 365, 0, 0, 0.54%, 1, 0, 4, 1502.06
1775249339, 1149, 27, 365, 0, 0, 0.54%, 1, 0, 4, 1456.10
1775249344, 1149, 58, 365, 0, 0, 0.54%, 1, 0, 4, 1344.87
1775249350, 1149, 108, 365, 0, 0, 0.54%, 1, 0, 4, 1383.34
1775249355, 1149, 170, 365, 0, 0, 0.54%, 1, 0, 4, 1347.79
1775249360, 1149, 261, 365, 0, 0, 0.54%, 1, 0, 4, 1497.02
1775249365, 1149, 315, 365, 0, 0, 0.54%, 1, 0, 4, 1450.53
1775249370, 1150, 28, 365, 0, 0, 0.54%, 1, 0, 4, 1354.31
1775249375, 1150, 43, 365, 0, 0, 0.54%, 1, 0, 4, 1412.77
1775249380, 1150, 103, 365, 0, 0, 0.54%, 1, 0, 4, 1490.31
1775249385, 1150, 200, 365, 0, 0, 0.54%, 1, 0, 4, 1451.69
1775249390, 1150, 267, 365, 0, 0, 0.54%, 1, 0, 4, 1584.53
1775249395, 1151, 1, 365, 0, 0, 0.54%, 1, 0, 4, 1314.19
1775249400, 1151, 49, 365, 0, 0, 0.54%, 1, 0, 4, 1500.44
1775249405, 1151, 101, 365, 0, 0, 0.54%, 1, 0, 4, 1587.88
1775249411, 1151, 177, 365, 0, 0, 0.54%, 1, 0, 4, 1505.02
1775249416, 1151, 261, 365, 0, 0, 0.54%, 1, 0, 4, 1419.77
1775249421, 1151, 317, 365, 0, 0, 0.54%, 1, 0, 4, 1360.99
1775249426, 1152, 33, 365, 0, 0, 0.54%, 1, 0, 4, 1547.87
1775249431, 1152, 77, 365, 0, 0, 0.54%, 1, 0, 4, 1443.17
1775249436, 1152, 107, 365, 0, 0, 0.54%, 1, 0, 4, 1403.99
1775249441, 1152, 198, 365, 0, 0, 0.54%, 1, 0, 4, 1481.02
1775249446, 1152, 261, 365, 0, 0, 0.54%, 1, 0, 4, 1366.15
1775249451, 1152, 284, 365, 0, 0, 0.54%, 1, 0, 4, 1337.82
1775249456, 1152, 357, 365, 0, 0, 0.54%, 1, 0, 4, 1090.74
1775249462, 1153, 9, 365, 0, 0, 0.54%, 1, 0, 4, 873.07
1775249467, 1153, 58, 365, 0, 0, 0.54%, 1, 0, 4, 1320.49
1775249472, 1153, 103, 365, 0, 0, 0.54%, 1, 0, 4, 1390.92
1775249477, 1153, 168, 365, 0, 0, 0.54%, 1, 0, 4, 1654.62
1775249482, 1153, 254, 365, 0, 0, 0.54%, 1, 0, 4, 1398.73
1775249487, 1153, 289, 365, 0, 0, 0.54%, 1, 0, 4, 1348.41
1775249492, 1154, 9, 365, 0, 0, 0.54%, 1, 0, 4, 1226.11
1775249497, 1154, 63, 365, 0, 0, 0.54%, 1, 0, 4, 1423.37
1775249502, 1154, 105, 365, 0, 0, 0.54%, 1, 0, 4, 1384.43
1775249507, 1154, 135, 365, 0, 0, 0.54%, 1, 0, 4, 1368.74
1775249512, 1154, 249, 365, 0, 0, 0.54%, 1, 0, 4, 1397.55
1775249517, 1154, 268, 365, 0, 0, 0.54%, 1, 0, 4, 1494.96
1775249523, 1154, 308, 365, 0, 0, 0.54%, 1, 0, 4, 1414.50
1775249528, 1155, 31, 365, 0, 0, 0.54%, 1, 0, 4, 1402.33
1775249533, 1155, 58, 365, 0, 0, 0.54%, 1, 0, 4, 1415.58
1775249538, 1155, 101, 365, 0, 0, 0.54%, 1, 0, 4, 1366.76
1775249543, 1155, 166, 365, 0, 0, 0.54%, 1, 0, 4, 1291.45
1775249548, 1155, 264, 365, 0, 0, 0.54%, 1, 0, 4, 1309.02
1775249553, 1155, 346, 365, 0, 0, 0.54%, 1, 0, 4, 1255.05
1775249558, 1156, 33, 365, 0, 0, 0.54%, 1, 0, 4, 1507.67
1775249563, 1156, 95, 365, 0, 0, 0.54%, 1, 0, 4, 1506.14
1775249568, 1156, 142, 365, 0, 0, 0.54%, 1, 0, 4, 1421.65
1775249573, 1156, 218, 365, 0, 0, 0.54%, 1, 0, 4, 1351.54
1775249579, 1156, 275, 365, 0, 0, 0.54%, 1, 0, 4, 1483.96
1775249584, 1157, 31, 365, 0, 0, 0.54%, 1, 0, 4, 1394.39
1775249589, 1157, 64, 365, 0, 0, 0.54%, 1, 0, 4, 1378.65
1775249594, 1157, 131, 365, 0, 0, 0.54%, 1, 0, 4, 1438.87
1775249599, 1157, 170, 365, 0, 0, 0.54%, 1, 0, 4, 1399.12
1775249604, 1157, 275, 365, 0, 0, 0.54%, 1, 0, 4, 940.60
1775249609, 1157, 360, 365, 0, 0, 0.54%, 1, 0, 4, 1168.57
1775249614, 1158, 43, 365, 0, 0, 0.54%, 1, 0, 4, 1390.63
1775249619, 1158, 77, 365, 0, 0, 0.54%, 1, 0, 4, 1367.91
1775249624, 1158, 103, 365, 0, 0, 0.54%, 1, 0, 4, 1598.40
1775249630, 1158, 140, 365, 0, 0, 0.54%, 1, 0, 4, 1578.05
1775249635, 1158, 274, 365, 0, 0, 0.54%, 1, 0, 4, 1480.79
1775249640, 1159, 12, 365, 0, 0, 0.54%, 1, 0, 4, 1307.54
1775249645, 1159, 63, 365, 0, 0, 0.54%, 1, 0, 4, 1450.28
1775249650, 1159, 101, 365, 0, 0, 0.54%, 1, 0, 4, 1361.89
1775249655, 1159, 192, 365, 0, 0, 0.54%, 1, 0, 4, 1437.19
1775249660, 1159, 274, 365, 0, 0, 0.54%, 1, 0, 4, 1445.94
1775249665, 1159, 364, 365, 0, 0, 0.54%, 1, 0, 4, 1426.56
1775249670, 1160, 29, 365, 0, 0, 0.54%, 1, 0, 4, 1489.23
1775249675, 1160, 64, 365, 0, 0, 0.54%, 1, 0, 4, 1521.34
1775249680, 1160, 103, 365, 0, 0, 0.54%, 1, 0, 4, 1674.58
1775249685, 1160, 213, 365, 0, 0, 0.54%, 1, 0, 4, 1493.97
1775249690, 1160, 265, 365, 0, 0, 0.54%, 1, 0, 4, 1480.59
1775249695, 1160, 364, 365, 0, 0, 0.54%, 1, 0, 4, 1410.11
1775249701, 1161, 33, 365, 0, 0, 0.54%, 1, 0, 4, 1503.78
1775249706, 1161, 89, 365, 0, 0, 0.54%, 1, 0, 4, 1456.97
1775249711, 1161, 176, 365, 0, 0, 0.54%, 1, 0, 4, 1491.07
1775249716, 1161, 274, 365, 0, 0, 0.54%, 1, 0, 4, 1492.20
1775249721, 1162, 9, 365, 0, 0, 0.54%, 1, 0, 4, 1425.89
1775249726, 1162, 58, 365, 0, 0, 0.54%, 1, 0, 4, 1393.82
1775249731, 1162, 103, 365, 0, 0, 0.54%, 1, 0, 4, 1396.73
1775249736, 1162, 164, 365, 0, 0, 0.54%, 1, 0, 4, 1458.96
1775249741, 1162, 265, 365, 0, 0, 0.54%, 1, 0, 4, 1461.90
1775249746, 1162, 305, 365, 0, 0, 0.54%, 1, 0, 4, 1376.19
1775249751, 1163, 26, 365, 0, 0, 0.54%, 1, 0, 4, 1283.42
1775249756, 1163, 57, 365, 0, 0, 0.54%, 1, 0, 4, 1339.01
1775249761, 1163, 97, 365, 0, 0, 0.54%, 1, 0, 4, 1408.65
1775249767, 1163, 155, 365, 0, 0, 0.54%, 1, 0, 4, 1318.18
1775249772, 1163, 265, 365, 0, 0, 0.54%, 1, 0, 4, 1391.17
1775249777, 1163, 286, 365, 0, 0, 0.54%, 1, 0, 4, 1278.86
1775249782, 1163, 347, 365, 0, 0, 0.54%, 1, 0, 4, 1092.52
1775249787, 1164, 31, 365, 0, 0, 0.54%, 1, 0, 4, 1298.72
1775249792, 1164, 63, 365, 0, 0, 0.54%, 1, 0, 4, 1418.36
1775249798, 1164, 114, 365, 0, 0, 0.54%, 1, 0, 4, 1381.39
1775249803, 1164, 274, 365, 0, 0, 0.54%, 1, 0, 4, 1449.54
1775249808, 1165, 9, 365, 0, 0, 0.54%, 1, 0, 4, 1221.25
1775249813, 1165, 58, 365, 0, 0, 0.54%, 1, 0, 4, 1427.68
1775249818, 1165, 101, 365, 0, 0, 0.54%, 1, 0, 4, 1452.50
1775249823, 1165, 208, 365, 0, 0, 0.54%, 1, 0, 4, 1465.65
1775249828, 1165, 265, 365, 0, 0, 0.54%, 1, 0, 4, 1498.87
1775249833, 1165, 308, 365, 0, 0, 0.54%, 1, 0, 4, 1357.20
1775249838, 1166, 33, 365, 0, 0, 0.54%, 1, 0, 4, 1426.50
1775249843, 1166, 64, 365, 0, 0, 0.54%, 1, 0, 4, 1311.33
1775249848, 1166, 124, 365, 0, 0, 0.54%, 1, 0, 4, 1371.47
1775249854, 1166, 211, 365, 0, 0, 0.54%, 1, 0, 4, 1388.93
1775249859, 1166, 275, 365, 0, 0, 0.54%, 1, 0, 4, 1431.26
1775249864, 1167, 9, 365, 0, 0, 0.54%, 1, 0, 4, 1266.19
1775249869, 1167, 63, 365, 0, 0, 0.54%, 1, 0, 4, 1443.81
1775249874, 1167, 108, 365, 0, 0, 0.54%, 1, 0, 4, 1382.80
1775249879, 1167, 222, 365, 0, 0, 0.54%, 1, 0, 4, 1428.08
1775249884, 1167, 307, 365, 0, 0, 0.54%, 1, 0, 4, 1427.03
1775249889, 1168, 29, 365, 0, 0, 0.54%, 1, 0, 4, 1258.07
1775249894, 1168, 74, 365, 0, 0, 0.54%, 1, 0, 4, 1405.24
1775249900, 1168, 108, 365, 0, 0, 0.54%, 1, 0, 4, 279.17
1775249905, 1168, 242, 365, 0, 0, 0.54%, 1, 0, 4, 1459.42
1775249910, 1168, 268, 365, 0, 0, 0.54%, 1, 0, 4, 1421.52
1775249915, 1168, 297, 365, 0, 0, 0.54%, 1, 0, 4, 1334.91
1775249920, 1169, 44, 365, 0, 0, 0.54%, 1, 0, 4, 1425.43
1775249925, 1169, 103, 365, 0, 0, 0.54%, 1, 0, 4, 1394.34
1775249930, 1169, 167, 365, 0, 0, 0.54%, 1, 0, 4, 1463.41
1775249935, 1169, 261, 365, 0, 0, 0.54%, 1, 0, 4, 1371.73
1775249941, 1169, 326, 365, 0, 0, 0.54%, 1, 0, 4, 1209.59
1775249946, 1170, 25, 365, 0, 0, 0.54%, 1, 0, 4, 1231.60
1775249951, 1170, 63, 365, 0, 0, 0.54%, 1, 0, 4, 1387.29
1775249956, 1170, 128, 365, 0, 0, 0.54%, 1, 0, 4, 1430.92
1775249961, 1170, 205, 365, 0, 0, 0.54%, 1, 0, 4, 1526.78
1775249966, 1170, 275, 365, 0, 0, 0.54%, 1, 0, 4, 1494.23
1775249971, 1171, 9, 365, 0, 0, 0.54%, 1, 0, 4, 1352.10
1775249976, 1171, 78, 365, 0, 0, 0.54%, 1, 0, 4, 1533.75
1775249981, 1171, 101, 365, 0, 0, 0.54%, 1, 0, 4, 1391.13
1775249986, 1171, 195, 365, 0, 0, 0.54%, 1, 0, 4, 1517.13
1775249991, 1171, 247, 365, 0, 0, 0.54%, 1, 0, 4, 1509.80
1775249996, 1171, 275, 365, 0, 0, 0.54%, 1, 0, 4, 1485.42
1775250001, 1172, 31, 365, 0, 0, 0.54%, 1, 0, 4, 1358.27
1775250006, 1172, 75, 365, 0, 0, 0.54%, 1, 0, 4, 1450.93
1775250012, 1172, 94, 365, 0, 0, 0.54%, 1, 0, 4, 1461.21
1775250017, 1172, 164, 365, 0, 0, 0.54%, 1, 0, 4, 1367.13
1775250022, 1172, 257, 365, 0, 0, 0.54%, 1, 0, 4, 1518.69
1775250027, 1172, 319, 365, 0, 0, 0.54%, 1, 0, 4, 1419.34
1775250032, 1173, 28, 365, 0, 0, 0.54%, 1, 0, 4, 1464.02
1775250037, 1173, 60, 365, 0, 0, 0.54%, 1, 0, 4, 1397.57
1775250042, 1173, 108, 365, 0, 0, 0.54%, 1, 0, 4, 1337.57
1775250047, 1173, 157, 365, 0, 0, 0.54%, 1, 0, 4, 1274.38
1775250052, 1173, 261, 365, 0, 0, 0.54%, 1, 0, 4, 1658.48
1775250057, 1173, 359, 365, 0, 0, 0.54%, 1, 0, 4, 1539.21
1775250063, 1174, 33, 365, 0, 0, 0.54%, 1, 0, 4, 1497.32
1775250068, 1174, 89, 365, 0, 0, 0.54%, 1, 0, 4, 1524.00
1775250073, 1174, 116, 365, 0, 0, 0.54%, 1, 0, 4, 1409.56
1775250078, 1174, 246, 365, 0, 0, 0.54%, 1, 0, 4, 1420.36
1775250083, 1174, 304, 365, 0, 0, 0.54%, 1, 0, 4, 1362.02
1775250088, 1175, 9, 365, 0, 0, 0.54%, 1, 0, 4, 1219.62
1775250093, 1175, 63, 365, 0, 0, 0.54%, 1, 0, 4, 1659.01
1775250098, 1175, 127, 365, 0, 0, 0.54%, 1, 0, 4, 1513.45
1775250104, 1175, 238, 365, 0, 0, 0.54%, 1, 0, 4, 1572.56
1775250109, 1175, 274, 365, 0, 0, 0.54%, 1, 0, 4, 1437.09
1775250114, 1175, 328, 365, 0, 0, 0.54%, 1, 0, 4, 1342.09
1775250119, 1176, 22, 365, 0, 0, 0.54%, 1, 0, 4, 1527.38
1775250124, 1176, 58, 365, 0, 0, 0.54%, 1, 0, 4, 1701.55
1775250129, 1176, 89, 365, 0, 0, 0.54%, 1, 0, 4, 1494.63
1775250134, 1176, 122, 365, 0, 0, 0.54%, 1, 0, 4, 1442.93
1775250139, 1176, 184, 365, 0, 0, 0.54%, 1, 0, 4, 1497.95
1775250144, 1176, 274, 365, 0, 0, 0.54%, 1, 0, 4, 1464.58
1775250149, 1177, 9, 365, 0, 0, 0.54%, 1, 0, 4, 1335.33
1775250154, 1177, 63, 365, 0, 0, 0.54%, 1, 0, 4, 1423.03
1775250159, 1177, 90, 365, 0, 0, 0.54%, 1, 0, 4, 1577.11
1775250165, 1177, 161, 365, 0, 0, 0.54%, 1, 0, 4, 1382.35
1775250170, 1177, 265, 365, 0, 0, 0.54%, 1, 0, 4, 1349.03
1775250175, 1177, 309, 365, 0, 0, 0.54%, 1, 0, 4, 1282.94
1775250180, 1177, 360, 365, 0, 0, 0.54%, 1, 0, 4, 1360.52
1775250185, 1178, 33, 365, 0, 0, 0.54%, 1, 0, 4, 1366.58
1775250190, 1178, 101, 365, 0, 0, 0.54%, 1, 0, 4, 1378.29
1775250195, 1178, 141, 365, 0, 0, 0.54%, 1, 0, 4, 1439.45
1775250200, 1178, 268, 365, 0, 0, 0.54%, 1, 0, 4, 1454.94
1775250206, 1178, 360, 365, 0, 0, 0.54%, 1, 0, 4, 1452.46
1775250211, 1179, 29, 365, 0, 0, 0.54%, 1, 0, 4, 1399.72
1775250216, 1179, 63, 365, 0, 0, 0.54%, 1, 0, 4, 1447.66
1775250221, 1179, 108, 365, 0, 0, 0.54%, 1, 0, 4, 1403.99
1775250226, 1179, 261, 365, 0, 0, 0.54%, 1, 0, 4, 1465.43
1775250231, 1179, 279, 365, 0, 0, 0.54%, 1, 0, 4, 1311.53
1775250236, 1180, 9, 365, 0, 0, 0.54%, 1, 0, 4, 1348.09
1775250241, 1180, 64, 365, 0, 0, 0.54%, 1, 0, 4, 1512.69
1775250246, 1180, 103, 365, 0, 0, 0.54%, 1, 0, 4, 1389.81
1775250251, 1180, 166, 365, 0, 0, 0.54%, 1, 0, 4, 1313.87
1775250256, 1180, 247, 365, 0, 0, 0.54%, 1, 0, 4, 1356.19
1775250261, 1180, 276, 365, 0, 0, 0.54%, 1, 0, 4, 1362.33
1775250267, 1181, 9, 365, 0, 0, 0.54%, 1, 0, 4, 1228.76
1775250272, 1181, 58, 365, 0, 0, 0.54%, 1, 0, 4, 1493.68
1775250277, 1181, 108, 365, 0, 0, 0.54%, 1, 0, 4, 1473.40
1775250282, 1181, 243, 365, 0, 0, 0.54%, 1, 0, 4, 1376.89
1775250287, 1181, 295, 365, 0, 0, 0.54%, 1, 0, 4, 1458.61
1775250292, 1182, 9, 365, 0, 0, 0.54%, 1, 0, 4, 1510.53
1775250297, 1182, 42, 365, 0, 0, 0.54%, 1, 0, 4, 1409.70
1775250302, 1182, 103, 365, 0, 0, 0.54%, 1, 0, 4, 1466.22
1775250307, 1182, 201, 365, 0, 0, 0.54%, 1, 0, 4, 1455.60
1775250312, 1182, 274, 365, 0, 0, 0.54%, 1, 0, 4, 1477.99
1775250317, 1182, 360, 365, 0, 0, 0.54%, 1, 0, 4, 1402.39
1775250322, 1183, 31, 365, 0, 0, 0.54%, 1, 0, 4, 1470.34
1775250328, 1183, 73, 365, 0, 0, 0.54%, 1, 0, 4, 1506.34
1775250333, 1183, 167, 365, 0, 0, 0.54%, 1, 0, 4, 1471.56
1775250338, 1183, 261, 365, 0, 0, 0.54%, 1, 0, 4, 1376.89
1775250343, 1183, 321, 365, 0, 0, 0.54%, 1, 0, 4, 1395.90
1775250348, 1184, 33, 365, 0, 0, 0.54%, 1, 0, 4, 1488.45
1775250353, 1184, 63, 365, 0, 0, 0.54%, 1, 0, 4, 1412.71
1775250358, 1184, 158, 365, 0, 0, 0.54%, 1, 0, 4, 1504.17
1775250363, 1184, 265, 365, 0, 0, 0.54%, 1, 0, 4, 1558.31
1775250368, 1184, 322, 365, 0, 0, 0.54%, 1, 0, 4, 1298.10
1775250373, 1185, 11, 365, 0, 0, 0.54%, 1, 0, 4, 1628.05
1775250378, 1185, 58, 365, 0, 0, 0.54%, 1, 0, 4, 1476.12
1775250383, 1185, 108, 365, 0, 0, 0.54%, 1, 0, 4, 1485.06
1775250389, 1185, 261, 365, 0, 0, 0.54%, 1, 0, 4, 1410.72
1775250394, 1185, 322, 365, 0, 0, 0.54%, 1, 0, 4, 1331.26
1775250399, 1186, 33, 365, 0, 0, 0.54%, 1, 0, 4, 1419.72
1775250404, 1186, 103, 365, 0, 0, 0.54%, 1, 0, 4, 1450.68
1775250409, 1186, 258, 365, 0, 0, 0.54%, 1, 0, 4, 1329.23
1775250414, 1186, 284, 365, 0, 0, 0.54%, 1, 0, 4, 1366.95
1775250419, 1187, 29, 365, 0, 0, 0.54%, 1, 0, 4, 1333.54
1775250424, 1187, 85, 365, 0, 0, 0.54%, 1, 0, 4, 1484.83
1775250429, 1187, 135, 365, 0, 0, 0.54%, 1, 0, 4, 1377.21
1775250434, 1187, 194, 365, 0, 0, 0.54%, 1, 0, 4, 1385.16
1775250439, 1187, 274, 365, 0, 0, 0.54%, 1, 0, 4, 1483.70
1775250444, 1187, 364, 365, 0, 0, 0.54%, 1, 0, 4, 1420.95
1775250449, 1188, 31, 365, 0, 0, 0.54%, 1, 0, 4, 1315.40
1775250454, 1188, 64, 365, 0, 0, 0.54%, 1, 0, 4, 1310.32
1775250459, 1188, 107, 365, 0, 0, 0.54%, 1, 0, 4, 1337.88
1775250465, 1188, 184, 365, 0, 0, 0.54%, 1, 0, 4, 1221.37
1775250470, 1188, 247, 365, 0, 0, 0.54%, 1, 0, 4, 1431.39
1775250475, 1188, 274, 365, 0, 0, 0.54%, 1, 0, 4, 1392.76
1775250480, 1188, 328, 365, 0, 0, 0.54%, 1, 0, 4, 1329.94
1775250485, 1189, 11, 365, 0, 0, 0.54%, 1, 0, 4, 1428.54
1775250490, 1189, 56, 365, 0, 0, 0.54%, 1, 0, 4, 1414.03
1775250495, 1189, 101, 365, 0, 0, 0.54%, 1, 0, 4, 1345.78
1775250500, 1189, 238, 365, 0, 0, 0.54%, 1, 0, 4, 1343.64
1775250506, 1189, 275, 365, 0, 0, 0.54%, 1, 0, 4, 1473.20
1775250511, 1190, 9, 365, 0, 0, 0.54%, 1, 0, 4, 1216.65
1775250516, 1190, 33, 365, 0, 0, 0.54%, 1, 0, 4, 1344.36
1775250521, 1190, 101, 365, 0, 0, 0.54%, 1, 0, 4, 1428.31
1775250526, 1190, 230, 365, 0, 0, 0.54%, 1, 0, 4, 1474.35
1775250531, 1190, 290, 365, 0, 0, 0.54%, 1, 0, 4, 1435.56
1775250536, 1191, 6, 365, 0, 0, 0.54%, 1, 0, 4, 1339.75
1775250541, 1191, 33, 365, 0, 0, 0.54%, 1, 0, 4, 1353.61
1775250546, 1191, 93, 365, 0, 0, 0.54%, 1, 0, 4, 1493.51
1775250551, 1191, 151, 365, 0, 0, 0.54%, 1, 0, 4, 1407.01
1775250556, 1191, 261, 365, 0, 0, 0.54%, 1, 0, 4, 1469.94
1775250562, 1191, 320, 365, 0, 0, 0.54%, 1, 0, 4, 1308.75
1775250567, 1192, 31, 365, 0, 0, 0.54%, 1, 0, 4, 1269.58
1775250572, 1192, 69, 365, 0, 0, 0.54%, 1, 0, 4, 1444.31
1775250577, 1192, 133, 365, 0, 0, 0.54%, 1, 0, 4, 1459.40
1775250582, 1192, 265, 365, 0, 0, 0.54%, 1, 0, 4, 1483.54
1775250587, 1192, 278, 365, 0, 0, 0.54%, 1, 0, 4, 1376.45
1775250592, 1193, 31, 365, 0, 0, 0.54%, 1, 0, 4, 1378.66
1775250597, 1193, 65, 365, 0, 0, 0.54%, 1, 0, 4, 1437.16
1775250603, 1193, 108, 365, 0, 0, 0.54%, 1, 0, 4, 1464.45
1775250608, 1193, 196, 365, 0, 0, 0.54%, 1, 0, 4, 1390.16
1775250613, 1193, 265, 365, 0, 0, 0.54%, 1, 0, 4, 1462.63
1775250618, 1194, 1, 365, 0, 0, 0.54%, 1, 0, 4, 1326.37
1775250623, 1194, 31, 365, 0, 0, 0.54%, 1, 0, 4, 1390.11
1775250628, 1194, 63, 365, 0, 0, 0.54%, 1, 0, 4, 1368.90
1775250633, 1194, 107, 365, 0, 0, 0.54%, 1, 0, 4, 1372.10
1775250638, 1194, 186, 365, 0, 0, 0.54%, 1, 0, 4, 1401.82
1775250643, 1194, 274, 365, 0, 0, 0.54%, 1, 0, 4, 1520.59
1775250648, 1194, 312, 365, 0, 0, 0.54%, 1, 0, 4, 1577.26
1775250653, 1195, 31, 365, 0, 0, 0.54%, 1, 0, 4, 1344.38
1775250658, 1195, 89, 365, 0, 0, 0.54%, 1, 0, 4, 1418.90
1775250664, 1195, 111, 365, 0, 0, 0.54%, 1, 0, 4, 1354.30
1775250669, 1195, 168, 365, 0, 0, 0.54%, 1, 0, 4, 1477.38
1775250674, 1195, 261, 365, 0, 0, 0.54%, 1, 0, 4, 1347.73
1775250679, 1195, 297, 365, 0, 0, 0.54%, 1, 0, 4, 1387.40
1775250684, 1196, 29, 365, 0, 0, 0.54%, 1, 0, 4, 1757.32
1775250689, 1196, 52, 365, 0, 0, 0.54%, 1, 0, 4, 1492.16
1775250694, 1196, 104, 365, 0, 0, 0.54%, 1, 0, 4, 1495.67
1775250699, 1196, 241, 365, 0, 0, 0.54%, 1, 0, 4, 1468.97
1775250704, 1196, 276, 365, 0, 0, 0.54%, 1, 0, 4, 1277.11
1775250709, 1197, 9, 365, 0, 0, 0.54%, 1, 0, 4, 1348.21
1775250714, 1197, 50, 365, 0, 0, 0.54%, 1, 0, 4, 1479.99
1775250719, 1197, 101, 365, 0, 0, 0.54%, 1, 0, 4, 1541.61
1775250724, 1197, 157, 365, 0, 0, 0.54%, 1, 0, 4, 1493.04
1775250730, 1197, 261, 365, 0, 0, 0.54%, 1, 0, 4, 1354.94
1775250735, 1197, 276, 365, 0, 0, 0.54%, 1, 0, 4, 1406.35
1775250740, 1198, 31, 365, 0, 0, 0.54%, 1, 0, 4, 1444.92
1775250745, 1198, 71, 365, 0, 0, 0.54%, 1, 0, 4, 1259.23
1775250750, 1198, 152, 365, 0, 0, 0.54%, 1, 0, 4, 1382.93
1775250755, 1198, 274, 365, 0, 0, 0.54%, 1, 0, 4, 1357.58
1775250760, 1198, 309, 365, 0, 0, 0.54%, 1, 0, 4, 1265.58
1775250765, 1199, 29, 365, 0, 0, 0.54%, 1, 0, 4, 1380.57
1775250770, 1199, 82, 365, 0, 0, 0.54%, 1, 0, 4, 1387.49
1775250775, 1199, 108, 365, 0, 0, 0.54%, 1, 0, 4, 1457.67
1775250780, 1199, 161, 365, 0, 0, 0.54%, 1, 0, 4, 1385.30
1775250786, 1199, 193, 365, 0, 0, 0.54%, 1, 0, 4, 1298.80
1775250791, 1199, 274, 365, 0, 0, 0.54%, 1, 0, 4, 1491.41
1775250796, 1200, 1, 365, 0, 0, 0.54%, 1, 0, 4, 1269.02
1775250801, 1200, 33, 365, 0, 0, 0.54%, 1, 0, 4, 1407.63
1775250806, 1200, 89, 365, 0, 0, 0.54%, 1, 0, 4, 1470.79
1775250811, 1200, 108, 365, 0, 0, 0.54%, 1, 0, 4, 1460.12
1775250817, 1200, 221, 365, 0, 0, 0.54%, 1, 0, 4, 1383.37
1775250822, 1200, 272, 365, 0, 0, 0.54%, 1, 0, 4, 1279.39
1775250827, 1200, 333, 365, 0, 0, 0.54%, 1, 0, 4, 1266.77
1775250832, 1201, 31, 365, 0, 0, 0.54%, 1, 0, 4, 1359.19
1775250837, 1201, 89, 365, 0, 0, 0.54%, 1, 0, 4, 1488.98
1775250842, 1201, 120, 365, 0, 0, 0.54%, 1, 0, 4, 1419.63
1775250847, 1201, 206, 365, 0, 0, 0.54%, 1, 0, 4, 1411.13
1775250852, 1201, 261, 365, 0, 0, 0.54%, 1, 0, 4, 1360.76
1775250857, 1201, 304, 365, 0, 0, 0.54%, 1, 0, 4, 1309.94
1775250862, 1202, 29, 365, 0, 0, 0.54%, 1, 0, 4, 1365.79
1775250867, 1202, 63, 365, 0, 0, 0.54%, 1, 0, 4, 1496.12
1775250872, 1202, 108, 365, 0, 0, 0.54%, 1, 0, 4, 1477.98
1775250878, 1202, 197, 365, 0, 0, 0.54%, 1, 0, 4, 1339.74
1775250883, 1202, 274, 365, 0, 0, 0.54%, 1, 0, 4, 1383.73
1775250888, 1203, 1, 365, 0, 0, 0.54%, 1, 0, 4, 1243.08
1775250893, 1203, 31, 365, 0, 0, 0.54%, 1, 0, 4, 1385.23
1775250898, 1203, 101, 365, 0, 0, 0.54%, 1, 0, 4, 1402.93
1775250903, 1203, 197, 365, 0, 0, 0.54%, 1, 0, 4, 1363.28
1775250908, 1203, 241, 365, 0, 0, 0.54%, 1, 0, 4, 1427.85
1775250913, 1203, 276, 365, 0, 0, 0.54%, 1, 0, 4, 1397.40
1775250918, 1204, 31, 365, 0, 0, 0.54%, 1, 0, 4, 1416.08
1775250923, 1204, 98, 365, 0, 0, 0.54%, 1, 0, 4, 1546.11
1775250928, 1204, 120, 365, 0, 0, 0.54%, 1, 0, 4, 1365.58
1775250933, 1204, 167, 365, 0, 0, 0.54%, 1, 0, 4, 1396.51
1775250938, 1204, 256, 365, 0, 0, 0.54%, 1, 0, 4, 1484.56
1775250944, 1204, 276, 365, 0, 0, 0.54%, 1, 0, 4, 1374.09
1775250949, 1205, 29, 365, 0, 0, 0.54%, 1, 0, 4, 1224.09
1775250954, 1205, 64, 365, 0, 0, 0.54%, 1, 0, 4, 1434.17
1775250959, 1205, 108, 365, 0, 0, 0.54%, 1, 0, 4, 540.88
1775250964, 1205, 199, 365, 0, 0, 0.54%, 1, 0, 4, 1244.33
1775250969, 1205, 265, 365, 0, 0, 0.54%, 1, 0, 4, 1374.95
1775250974, 1206, 3, 365, 0, 0, 0.54%, 1, 0, 4, 1341.05
1775250979, 1206, 33, 365, 0, 0, 0.54%, 1, 0, 4, 1426.36
1775250984, 1206, 65, 365, 0, 0, 0.54%, 1, 0, 4, 1472.59
1775250990, 1206, 103, 365, 0, 0, 0.54%, 1, 0, 4, 1379.95
1775250995, 1206, 209, 365, 0, 0, 0.54%, 1, 0, 4, 1437.96
1775251000, 1206, 276, 365, 0, 0, 0.54%, 1, 0, 4, 1498.94
1775251005, 1207, 9, 365, 0, 0, 0.54%, 1, 0, 4, 1255.07
1775251010, 1207, 33, 365, 0, 0, 0.54%, 1, 0, 4, 1373.28
1775251015, 1207, 89, 365, 0, 0, 0.54%, 1, 0, 4, 1444.41
1775251020, 1207, 216, 365, 0, 0, 0.54%, 1, 0, 4, 1454.90
1775251025, 1207, 263, 365, 0, 0, 0.54%, 1, 0, 4, 1401.92
1775251030, 1207, 314, 365, 0, 0, 0.54%, 1, 0, 4, 1395.65
1775251036, 1208, 31, 365, 0, 0, 0.54%, 1, 0, 4, 1427.33
1775251041, 1208, 98, 365, 0, 0, 0.54%, 1, 0, 4, 1471.31
1775251046, 1208, 157, 365, 0, 0, 0.54%, 1, 0, 4, 1387.12
1775251051, 1208, 248, 365, 0, 0, 0.54%, 1, 0, 4, 1427.65
1775251056, 1208, 276, 365, 0, 0, 0.54%, 1, 0, 4, 1433.15
1775251061, 1209, 31, 365, 0, 0, 0.54%, 1, 0, 4, 1468.79
1775251066, 1209, 95, 365, 0, 0, 0.54%, 1, 0, 4, 1530.85
1775251071, 1209, 150, 365, 0, 0, 0.54%, 1, 0, 4, 1489.94
1775251076, 1209, 262, 365, 0, 0, 0.54%, 1, 0, 4, 1481.49
1775251081, 1209, 304, 365, 0, 0, 0.54%, 1, 0, 4, 1305.29
1775251087, 1210, 31, 365, 0, 0, 0.54%, 1, 0, 4, 1476.26
1775251092, 1210, 70, 365, 0, 0, 0.54%, 1, 0, 4, 1414.94
1775251097, 1210, 103, 365, 0, 0, 0.54%, 1, 0, 4, 1382.88
1775251102, 1210, 219, 365, 0, 0, 0.54%, 1, 0, 4, 1442.42
1775251107, 1210, 274, 365, 0, 0, 0.54%, 1, 0, 4, 1505.41
1775251112, 1210, 364, 365, 0, 0, 0.54%, 1, 0, 4, 1157.81
1775251117, 1211, 33, 365, 0, 0, 0.54%, 1, 0, 4, 1342.19
1775251122, 1211, 73, 365, 0, 0, 0.54%, 1, 0, 4, 1384.00
1775251127, 1211, 108, 365, 0, 0, 0.54%, 1, 0, 4, 1401.55
1775251133, 1211, 172, 365, 0, 0, 0.54%, 1, 0, 4, 1368.21
1775251138, 1211, 239, 365, 0, 0, 0.54%, 1, 0, 4, 1290.65
1775251143, 1211, 275, 365, 0, 0, 0.54%, 1, 0, 4, 1401.88
1775251148, 1212, 20, 365, 0, 0, 0.54%, 1, 0, 4, 1346.98
1775251153, 1212, 63, 365, 0, 0, 0.54%, 1, 0, 4, 1469.15
1775251158, 1212, 117, 365, 0, 0, 0.54%, 1, 0, 4, 1454.90
1775251163, 1212, 204, 365, 0, 0, 0.54%, 1, 0, 4, 1405.56
1775251168, 1212, 250, 365, 0, 0, 0.54%, 1, 0, 4, 1322.51
1775251173, 1212, 275, 365, 0, 0, 0.54%, 1, 0, 4, 1396.32
1775251179, 1213, 10, 365, 0, 0, 0.54%, 1, 0, 4, 1361.36
1775251184, 1213, 45, 365, 0, 0, 0.54%, 1, 0, 4, 1440.87
1775251189, 1213, 95, 365, 0, 0, 0.54%, 1, 0, 4, 1459.11
1775251194, 1213, 195, 365, 0, 0, 0.54%, 1, 0, 4, 1473.24
1775251199, 1213, 261, 365, 0, 0, 0.54%, 1, 0, 4, 1376.72
1775251204, 1213, 328, 365, 0, 0, 0.54%, 1, 0, 4, 1316.14
1775251209, 1214, 32, 365, 0, 0, 0.54%, 1, 0, 4, 1333.89
1775251214, 1214, 64, 365, 0, 0, 0.54%, 1, 0, 4, 1306.63
1775251220, 1214, 115, 365, 0, 0, 0.54%, 1, 0, 4, 1399.02
1775251225, 1214, 192, 365, 0, 0, 0.54%, 1, 0, 4, 1432.25
1775251230, 1214, 276, 365, 0, 0, 0.54%, 1, 0, 4, 1370.59
1775251235, 1215, 9, 365, 0, 0, 0.54%, 1, 0, 4, 1276.37
1775251240, 1215, 58, 365, 0, 0, 0.54%, 1, 0, 4, 1432.24
1775251245, 1215, 92, 365, 0, 0, 0.54%, 1, 0, 4, 1405.94
1775251250, 1215, 121, 365, 0, 0, 0.54%, 1, 0, 4, 1299.96
1775251255, 1215, 229, 365, 0, 0, 0.54%, 1, 0, 4, 1261.99
1775251260, 1215, 265, 365, 0, 0, 0.54%, 1, 0, 4, 1496.09
1775251265, 1216, 1, 365, 0, 0, 0.54%, 1, 0, 4, 1424.61
1775251270, 1216, 31, 365, 0, 0, 0.54%, 1, 0, 4, 1441.88
1775251275, 1216, 64, 365, 0, 0, 0.54%, 1, 0, 4, 1391.19
1775251281, 1216, 143, 365, 0, 0, 0.54%, 1, 0, 4, 258.37
1775251286, 1216, 173, 365, 0, 0, 0.54%, 1, 0, 4, 1473.41
1775251291, 1216, 274, 365, 0, 0, 0.54%, 1, 0, 4, 1449.49
1775251296, 1216, 354, 365, 0, 0, 0.54%, 1, 0, 4, 1124.96
1775251301, 1217, 58, 365, 0, 0, 0.54%, 1, 0, 4, 1401.76
1775251306, 1217, 108, 365, 0, 0, 0.54%, 1, 0, 4, 1399.74
1775251311, 1217, 214, 365, 0, 0, 0.54%, 1, 0, 4, 895.21
1775251316, 1217, 249, 365, 0, 0, 0.54%, 1, 0, 4, 1380.72
1775251322, 1217, 275, 365, 0, 0, 0.54%, 1, 0, 4, 1410.20
1775251327, 1218, 29, 365, 0, 0, 0.54%, 1, 0, 4, 1345.10
1775251332, 1218, 63, 365, 0, 0, 0.54%, 1, 0, 4, 1853.95
1775251337, 1218, 170, 365, 0, 0, 0.54%, 1, 0, 4, 1603.63
1775251342, 1218, 275, 365, 0, 0, 0.54%, 1, 0, 4, 1526.96
1775251347, 1218, 336, 365, 0, 0, 0.54%, 1, 0, 4, 1294.72
1775251352, 1219, 31, 365, 0, 0, 0.54%, 1, 0, 4, 1550.53
1775251357, 1219, 66, 365, 0, 0, 0.54%, 1, 0, 4, 1590.00
1775251362, 1219, 108, 365, 0, 0, 0.54%, 1, 0, 4, 1464.97
1775251367, 1219, 251, 365, 0, 0, 0.54%, 1, 0, 4, 1412.00
1775251373, 1219, 276, 365, 0, 0, 0.54%, 1, 0, 4, 1295.80
1775251378, 1219, 358, 365, 0, 0, 0.54%, 1, 0, 4, 1372.99
1775251383, 1220, 58, 365, 0, 0, 0.54%, 1, 0, 4, 1552.06
1775251388, 1220, 101, 365, 0, 0, 0.54%, 1, 0, 4, 1436.05
1775251393, 1220, 242, 365, 0, 0, 0.54%, 1, 0, 4, 1449.67
1775251398, 1220, 265, 365, 0, 0, 0.54%, 1, 0, 4, 1400.92
1775251403, 1220, 332, 365, 0, 0, 0.54%, 1, 0, 4, 1217.22
1775251408, 1221, 33, 365, 0, 0, 0.54%, 1, 0, 4, 1207.89
1775251414, 1221, 101, 365, 0, 0, 0.54%, 1, 0, 4, 1301.97
1775251419, 1221, 209, 365, 0, 0, 0.54%, 1, 0, 4, 1379.68
1775251424, 1221, 276, 365, 0, 0, 0.54%, 1, 0, 4, 1420.40
1775251429, 1222, 31, 365, 0, 0, 0.54%, 1, 0, 4, 1390.99
1775251434, 1222, 63, 365, 0, 0, 0.54%, 1, 0, 4, 1491.03
1775251439, 1222, 103, 365, 0, 0, 0.54%, 1, 0, 4, 1561.66
1775251444, 1222, 195, 365, 0, 0, 0.54%, 1, 0, 4, 1369.37
1775251449, 1222, 265, 365, 0, 0, 0.54%, 1, 0, 4, 1296.63
1775251454, 1222, 352, 365, 0, 0, 0.54%, 1, 0, 4, 1225.44
1775251459, 1223, 29, 365, 0, 0, 0.54%, 1, 0, 4, 1335.95
1775251464, 1223, 63, 365, 0, 0, 0.54%, 1, 0, 4, 1268.97
1775251469, 1223, 101, 365, 0, 0, 0.54%, 1, 0, 4, 1423.17
1775251474, 1223, 172, 365, 0, 0, 0.54%, 1, 0, 4, 1457.81
1775251480, 1223, 248, 365, 0, 0, 0.54%, 1, 0, 4, 1340.46
1775251485, 1223, 275, 365, 0, 0, 0.54%, 1, 0, 4, 1338.72
1775251490, 1223, 349, 365, 0, 0, 0.54%, 1, 0, 4, 1260.09
1775251495, 1224, 29, 365, 0, 0, 0.54%, 1, 0, 4, 1321.62
1775251500, 1224, 58, 365, 0, 0, 0.54%, 1, 0, 4, 1372.20
1775251505, 1224, 103, 365, 0, 0, 0.54%, 1, 0, 4, 1290.68
1775251510, 1224, 194, 365, 0, 0, 0.54%, 1, 0, 4, 1318.28
1775251515, 1224, 274, 365, 0, 0, 0.54%, 1, 0, 4, 1477.74
1775251521, 1224, 326, 365, 0, 0, 0.54%, 1, 0, 4, 1324.92
1775251526, 1225, 29, 365, 0, 0, 0.54%, 1, 0, 4, 1404.27
1775251531, 1225, 94, 365, 0, 0, 0.54%, 1, 0, 4, 1530.99
1775251536, 1225, 115, 365, 0, 0, 0.54%, 1, 0, 4, 1371.98
1775251541, 1225, 274, 365, 0, 0, 0.54%, 1, 0, 4, 997.50
1775251546, 1226, 9, 365, 0, 0, 0.54%, 1, 0, 4, 1125.13
1775251551, 1226, 41, 365, 0, 0, 0.54%, 1, 0, 4, 1348.80
1775251556, 1226, 86, 365, 0, 0, 0.54%, 1, 0, 4, 1385.79
1775251561, 1226, 108, 365, 0, 0, 0.54%, 1, 0, 4, 1467.93
1775251566, 1226, 252, 365, 0, 0, 0.54%, 1, 0, 4, 1462.78
1775251571, 1226, 278, 365, 0, 0, 0.54%, 1, 0, 4, 1447.89
1775251577, 1227, 9, 365, 0, 0, 0.54%, 1, 0, 4, 1439.16
1775251582, 1227, 58, 365, 0, 0, 0.54%, 1, 0, 4, 1509.20
1775251587, 1227, 101, 365, 0, 0, 0.54%, 1, 0, 4, 1428.53
1775251592, 1227, 156, 365, 0, 0, 0.54%, 1, 0, 4, 1485.73
1775251597, 1227, 265, 365, 0, 0, 0.54%, 1, 0, 4, 1383.99
1775251602, 1227, 328, 365, 0, 0, 0.54%, 1, 0, 4, 1371.15
1775251607, 1228, 33, 365, 0, 0, 0.54%, 1, 0, 4, 1624.80
1775251612, 1228, 89, 365, 0, 0, 0.54%, 1, 0, 4, 1433.08
1775251617, 1228, 265, 365, 0, 0, 0.54%, 1, 0, 4, 1472.66
1775251622, 1228, 314, 365, 0, 0, 0.54%, 1, 0, 4, 1225.33
1775251627, 1229, 31, 365, 0, 0, 0.54%, 1, 0, 4, 1216.74
1775251633, 1229, 89, 365, 0, 0, 0.54%, 1, 0, 4, 1343.50
1775251638, 1229, 122, 365, 0, 0, 0.54%, 1, 0, 4, 1386.46
1775251643, 1229, 150, 365, 0, 0, 0.54%, 1, 0, 4, 1225.11
1775251648, 1229, 261, 365, 0, 0, 0.54%, 1, 0, 4, 1440.07
1775251653, 1229, 284, 365, 0, 0, 0.54%, 1, 0, 4, 1251.02
1775251658, 1230, 29, 365, 0, 0, 0.54%, 1, 0, 4, 1306.62
1775251663, 1230, 67, 365, 0, 0, 0.54%, 1, 0, 4, 1419.01
1775251668, 1230, 129, 365, 0, 0, 0.54%, 1, 0, 4, 1543.61
1775251673, 1230, 253, 365, 0, 0, 0.54%, 1, 0, 4, 1454.64
1775251678, 1230, 276, 365, 0, 0, 0.54%, 1, 0, 4, 1404.34
1775251684, 1231, 26, 365, 0, 0, 0.54%, 1, 0, 4, 1307.33
1775251689, 1231, 58, 365, 0, 0, 0.54%, 1, 0, 4, 1402.37
1775251694, 1231, 103, 365, 0, 0, 0.54%, 1, 0, 4, 1364.90
1775251699, 1231, 158, 365, 0, 0, 0.54%, 1, 0, 4, 1258.22
1775251704, 1231, 265, 365, 0, 0, 0.54%, 1, 0, 4, 1370.13
1775251709, 1232, 9, 365, 0, 0, 0.54%, 1, 0, 4, 1402.69
1775251714, 1232, 64, 365, 0, 0, 0.54%, 1, 0, 4, 1494.67
1775251719, 1232, 107, 365, 0, 0, 0.54%, 1, 0, 4, 1462.05
1775251725, 1232, 146, 365, 0, 0, 0.54%, 1, 0, 4, 1438.22
1775251730, 1232, 261, 365, 0, 0, 0.54%, 1, 0, 4, 1419.63
1775251735, 1232, 307, 365, 0, 0, 0.54%, 1, 0, 4, 1299.47
1775251740, 1233, 22, 365, 0, 0, 0.54%, 1, 0, 4, 1489.28
1775251745, 1233, 56, 365, 0, 0, 0.54%, 1, 0, 4, 1479.81
1775251750, 1233, 82, 365, 0, 0, 0.54%, 1, 0, 4, 1534.65
1775251755, 1233, 108, 365, 0, 0, 0.54%, 1, 0, 4, 1411.18
1775251760, 1233, 156, 365, 0, 0, 0.54%, 1, 0, 4, 1328.00
1775251765, 1233, 199, 365, 0, 0, 0.54%, 1, 0, 4, 914.08
1775251770, 1233, 274, 365, 0, 0, 0.54%, 1, 0, 4, 1330.03
1775251776, 1234, 9, 365, 0, 0, 0.54%, 1, 0, 4, 1282.97
1775251781, 1234, 63, 365, 0, 0, 0.54%, 1, 0, 4, 1419.27
1775251786, 1234, 119, 365, 0, 0, 0.54%, 1, 0, 4, 1390.15
1775251791, 1234, 195, 365, 0, 0, 0.54%, 1, 0, 4, 1568.49
1775251796, 1234, 263, 365, 0, 0, 0.54%, 1, 0, 4, 952.25
1775251801, 1234, 353, 365, 0, 0, 0.54%, 1, 0, 4, 1184.26
1775251806, 1235, 38, 365, 0, 0, 0.54%, 1, 0, 4, 1452.10
1775251811, 1235, 101, 365, 0, 0, 0.54%, 1, 0, 4, 1367.92
1775251816, 1235, 250, 365, 0, 0, 0.54%, 1, 0, 4, 1472.04
1775251821, 1235, 275, 365, 0, 0, 0.54%, 1, 0, 4, 1475.82
1775251826, 1236, 10, 365, 0, 0, 0.54%, 1, 0, 4, 1284.49
1775251831, 1236, 41, 365, 0, 0, 0.54%, 1, 0, 4, 1385.09
1775251836, 1236, 94, 365, 0, 0, 0.54%, 1, 0, 4, 1410.95
1775251841, 1236, 157, 365, 0, 0, 0.54%, 1, 0, 4, 1323.45
1775251847, 1236, 236, 365, 0, 0, 0.54%, 1, 0, 4, 1454.33
1775251852, 1236, 276, 365, 0, 0, 0.54%, 1, 0, 4, 1348.68
1775251857, 1237, 9, 365, 0, 0, 0.54%, 1, 0, 4, 1389.07
1775251862, 1237, 33, 365, 0, 0, 0.54%, 1, 0, 4, 1428.33
1775251867, 1237, 89, 365, 0, 0, 0.54%, 1, 0, 4, 1384.78
1775251872, 1237, 122, 365, 0, 0, 0.54%, 1, 0, 4, 1452.20
1775251877, 1237, 250, 365, 0, 0, 0.54%, 1, 0, 4, 1430.11
1775251882, 1237, 275, 365, 0, 0, 0.54%, 1, 0, 4, 1526.33
1775251887, 1238, 9, 365, 0, 0, 0.54%, 1, 0, 4, 1308.82
1775251892, 1238, 33, 365, 0, 0, 0.54%, 1, 0, 4, 1394.45
1775251897, 1238, 102, 365, 0, 0, 0.54%, 1, 0, 4, 1451.28
1775251903, 1238, 168, 365, 0, 0, 0.54%, 1, 0, 4, 1474.02
1775251908, 1238, 244, 365, 0, 0, 0.54%, 1, 0, 4, 1444.68
1775251913, 1238, 297, 365, 0, 0, 0.54%, 1, 0, 4, 1414.80
1775251918, 1239, 17, 365, 0, 0, 0.54%, 1, 0, 4, 1363.42
1775251923, 1239, 58, 365, 0, 0, 0.54%, 1, 0, 4, 1316.11
1775251928, 1239, 103, 365, 0, 0, 0.54%, 1, 0, 4, 1435.17
1775251933, 1239, 161, 365, 0, 0, 0.54%, 1, 0, 4, 1412.76
1775251938, 1239, 217, 365, 0, 0, 0.54%, 1, 0, 4, 1420.52
1775251943, 1239, 300, 365, 0, 0, 0.54%, 1, 0, 4, 1379.49
1775251949, 1240, 33, 365, 0, 0, 0.54%, 1, 0, 4, 1434.19
1775251954, 1240, 101, 365, 0, 0, 0.54%, 1, 0, 4, 1423.40
1775251959, 1240, 161, 365, 0, 0, 0.54%, 1, 0, 4, 1471.69
1775251964, 1240, 235, 365, 0, 0, 0.54%, 1, 0, 4, 1482.68
1775251969, 1240, 266, 365, 0, 0, 0.54%, 1, 0, 4, 1426.77
1775251974, 1240, 337, 365, 0, 0, 0.54%, 1, 0, 4, 1289.32
1775251979, 1241, 33, 365, 0, 0, 0.54%, 1, 0, 4, 1318.14
1775251984, 1241, 103, 365, 0, 0, 0.54%, 1, 0, 4, 1435.33
1775251989, 1241, 261, 365, 0, 0, 0.54%, 1, 0, 4, 1441.40
1775251995, 1241, 294, 365, 0, 0, 0.54%, 1, 0, 4, 1411.64
1775252000, 1242, 33, 365, 0, 0, 0.54%, 1, 0, 4, 1426.63
1775252005, 1242, 101, 365, 0, 0, 0.54%, 1, 0, 4, 1553.39
1775252010, 1242, 265, 365, 0, 0, 0.54%, 1, 0, 4, 1381.08
1775252015, 1242, 360, 365, 0, 0, 0.54%, 1, 0, 4, 1294.10
1775252020, 1243, 9, 365, 0, 0, 0.54%, 1, 0, 4, 1540.24
1775252025, 1243, 31, 365, 0, 0, 0.54%, 1, 0, 4, 1408.92
1775252030, 1243, 74, 365, 0, 0, 0.54%, 1, 0, 4, 1437.28
1775252036, 1243, 105, 365, 0, 0, 0.54%, 1, 0, 4, 1385.12
1775252041, 1243, 173, 365, 0, 0, 0.54%, 1, 0, 4, 1386.42
1775252046, 1243, 274, 365, 0, 0, 0.54%, 1, 0, 4, 1495.73
1775252051, 1243, 364, 365, 0, 0, 0.54%, 1, 0, 4, 1393.53
1775252056, 1244, 23, 365, 0, 0, 0.54%, 1, 0, 4, 1405.19
1775252061, 1244, 47, 365, 0, 0, 0.54%, 1, 0, 4, 1396.89
1775252066, 1244, 94, 365, 0, 0, 0.54%, 1, 0, 4, 1476.36
1775252071, 1244, 223, 365, 0, 0, 0.54%, 1, 0, 4, 1445.93
1775252076, 1244, 274, 365, 0, 0, 0.54%, 1, 0, 4, 1335.80
1775252081, 1244, 322, 365, 0, 0, 0.54%, 1, 0, 4, 1353.66
1775252087, 1245, 31, 365, 0, 0, 0.54%, 1, 0, 4, 1324.03
1775252092, 1245, 63, 365, 0, 0, 0.54%, 1, 0, 4, 1448.56
1775252097, 1245, 123, 365, 0, 0, 0.54%, 1, 0, 4, 1323.03
1775252102, 1245, 275, 365, 0, 0, 0.54%, 1, 0, 4, 1495.26
1775252107, 1245, 357, 365, 0, 0, 0.54%, 1, 0, 4, 1334.22
1775252112, 1246, 63, 365, 0, 0, 0.54%, 1, 0, 4, 1474.41
1775252117, 1246, 124, 365, 0, 0, 0.54%, 1, 0, 4, 1436.05
1775252122, 1246, 265, 365, 0, 0, 0.54%, 1, 0, 4, 1627.84
1775252128, 1247, 0, 365, 0, 0, 0.54%, 1, 0, 4, 1430.13
1775252133, 1247, 32, 365, 0, 0, 0.54%, 1, 0, 4, 1423.81
1775252138, 1247, 64, 365, 0, 0, 0.54%, 1, 0, 4, 1461.89
1775252143, 1247, 108, 365, 0, 0, 0.54%, 1, 0, 4, 1489.58
1775252148, 1247, 219, 365, 0, 0, 0.54%, 1, 0, 4, 1479.20
1775252153, 1247, 274, 365, 0, 0, 0.54%, 1, 0, 4, 1363.02
1775252158, 1248, 9, 365, 0, 0, 0.54%, 1, 0, 4, 1322.85
1775252163, 1248, 51, 365, 0, 0, 0.54%, 1, 0, 4, 1447.51
1775252168, 1248, 98, 365, 0, 0, 0.54%, 1, 0, 4, 1498.96
1775252173, 1248, 132, 365, 0, 0, 0.54%, 1, 0, 4, 1459.11
1775252178, 1248, 261, 365, 0, 0, 0.54%, 1, 0, 4, 1516.61
1775252184, 1248, 295, 365, 0, 0, 0.54%, 1, 0, 4, 1448.79
1775252189, 1249, 33, 365, 0, 0, 0.54%, 1, 0, 4, 1412.01
1775252194, 1249, 101, 365, 0, 0, 0.54%, 1, 0, 4, 1507.01
1775252199, 1249, 185, 365, 0, 0, 0.54%, 1, 0, 4, 1459.46
1775252204, 1249, 252, 365, 0, 0, 0.54%, 1, 0, 4, 1419.95
1775252209, 1249, 322, 365, 0, 0, 0.54%, 1, 0, 4, 1403.41
1775252214, 1250, 41, 365, 0, 0, 0.54%, 1, 0, 4, 1416.86
1775252219, 1250, 101, 365, 0, 0, 0.54%, 1, 0, 4, 1454.97
1775252224, 1250, 182, 365, 0, 0, 0.54%, 1, 0, 4, 1414.34
1775252229, 1250, 275, 365, 0, 0, 0.54%, 1, 0, 4, 1499.01
1775252234, 1251, 9, 365, 0, 0, 0.54%, 1, 0, 4, 1300.01
1775252239, 1251, 37, 365, 0, 0, 0.54%, 1, 0, 4, 1334.53
1775252244, 1251, 108, 365, 0, 0, 0.54%, 1, 0, 4, 1458.06
1775252250, 1251, 161, 365, 0, 0, 0.54%, 1, 0, 4, 1448.88
1775252255, 1251, 215, 365, 0, 0, 0.54%, 1, 0, 4, 1441.85
1775252260, 1251, 274, 365, 0, 0, 0.54%, 1, 0, 4, 1578.79
1775252265, 1252, 21, 365, 0, 0, 0.54%, 1, 0, 4, 1435.92
1775252270, 1252, 63, 365, 0, 0, 0.54%, 1, 0, 4, 1429.11
1775252275, 1252, 143, 365, 0, 0, 0.54%, 1, 0, 4, 1360.99
1775252280, 1252, 274, 365, 0, 0, 0.54%, 1, 0, 4, 1356.56
1775252285, 1253, 5, 365, 0, 0, 0.54%, 1, 0, 4, 1451.52
1775252290, 1253, 33, 365, 0, 0, 0.54%, 1, 0, 4, 1494.11
1775252295, 1253, 101, 365, 0, 0, 0.54%, 1, 0, 4, 1461.69
1775252300, 1253, 212, 365, 0, 0, 0.54%, 1, 0, 4, 1475.03
1775252305, 1253, 275, 365, 0, 0, 0.54%, 1, 0, 4, 1449.98
1775252310, 1254, 31, 365, 0, 0, 0.54%, 1, 0, 4, 1419.99
1775252315, 1254, 64, 365, 0, 0, 0.54%, 1, 0, 4, 1540.83
1775252320, 1254, 144, 365, 0, 0, 0.54%, 1, 0, 4, 1595.68
1775252325, 1254, 242, 365, 0, 0, 0.54%, 1, 0, 4, 1452.14
1775252330, 1254, 274, 365, 0, 0, 0.54%, 1, 0, 4, 1501.00
1775252336, 1255, 22, 365, 0, 0, 0.54%, 1, 0, 4, 1282.35
1775252341, 1255, 41, 365, 0, 0, 0.54%, 1, 0, 4, 1463.30
1775252346, 1255, 98, 365, 0, 0, 0.54%, 1, 0, 4, 1492.05
1775252351, 1255, 117, 365, 0, 0, 0.54%, 1, 0, 4, 1498.44
1775252356, 1255, 201, 365, 0, 0, 0.54%, 1, 0, 4, 1389.79
1775252361, 1255, 275, 365, 0, 0, 0.54%, 1, 0, 4, 1535.85
1775252366, 1256, 9, 365, 0, 0, 0.54%, 1, 0, 4, 1251.32
1775252371, 1256, 63, 365, 0, 0, 0.54%, 1, 0, 4, 1495.10
1775252377, 1256, 106, 365, 0, 0, 0.54%, 1, 0, 4, 1410.53
1775252382, 1256, 181, 365, 0, 0, 0.54%, 1, 0, 4, 1346.35
1775252387, 1256, 261, 365, 0, 0, 0.54%, 1, 0, 4, 1388.24
1775252392, 1256, 289, 365, 0, 0, 0.54%, 1, 0, 4, 1334.86
1775252397, 1257, 31, 365, 0, 0, 0.54%, 1, 0, 4, 1360.80
1775252402, 1257, 95, 365, 0, 0, 0.54%, 1, 0, 4, 1334.84
1775252407, 1257, 168, 365, 0, 0, 0.54%, 1, 0, 4, 1389.76
1775252412, 1257, 245, 365, 0, 0, 0.54%, 1, 0, 4, 1512.82
1775252417, 1257, 284, 365, 0, 0, 0.54%, 1, 0, 4, 1392.87
1775252422, 1257, 359, 365, 0, 0, 0.54%, 1, 0, 4, 1425.85
1775252427, 1258, 31, 365, 0, 0, 0.54%, 1, 0, 4, 1344.47
1775252433, 1258, 103, 365, 0, 0, 0.54%, 1, 0, 4, 1465.63
1775252438, 1258, 210, 365, 0, 0, 0.54%, 1, 0, 4, 1414.16
1775252443, 1258, 274, 365, 0, 0, 0.54%, 1, 0, 4, 1468.21
1775252448, 1258, 363, 365, 0, 0, 0.54%, 1, 0, 4, 1217.93
1775252453, 1259, 39, 365, 0, 0, 0.54%, 1, 0, 4, 1498.71
1775252458, 1259, 89, 365, 0, 0, 0.54%, 1, 0, 4, 1434.04
1775252463, 1259, 119, 365, 0, 0, 0.54%, 1, 0, 4, 1390.22
1775252468, 1259, 261, 365, 0, 0, 0.54%, 1, 0, 4, 1394.30
1775252473, 1259, 282, 365, 0, 0, 0.54%, 1, 0, 4, 1338.76
1775252478, 1260, 31, 365, 0, 0, 0.54%, 1, 0, 4, 431.37
1775252483, 1260, 80, 365, 0, 0, 0.54%, 1, 0, 4, 1200.94
1775252488, 1260, 145, 365, 0, 0, 0.54%, 1, 0, 4, 1455.96
1775252493, 1260, 244, 365, 0, 0, 0.54%, 1, 0, 4, 1339.08
1775252498, 1260, 276, 365, 0, 0, 0.54%, 1, 0, 4, 1358.59
1775252504, 1261, 9, 365, 0, 0, 0.54%, 1, 0, 4, 1506.60
1775252509, 1261, 63, 365, 0, 0, 0.54%, 1, 0, 4, 1477.67
1775252514, 1261, 108, 365, 0, 0, 0.54%, 1, 0, 4, 1308.61
1775252519, 1261, 194, 365, 0, 0, 0.54%, 1, 0, 4, 1307.14
1775252524, 1261, 258, 365, 0, 0, 0.54%, 1, 0, 4, 1377.44
1775252529, 1261, 276, 365, 0, 0, 0.54%, 1, 0, 4, 1420.74
1775252534, 1262, 9, 365, 0, 0, 0.54%, 1, 0, 4, 1289.22
1775252539, 1262, 31, 365, 0, 0, 0.54%, 1, 0, 4, 1341.37
1775252544, 1262, 63, 365, 0, 0, 0.54%, 1, 0, 4, 1293.74
1775252549, 1262, 158, 365, 0, 0, 0.54%, 1, 0, 4, 1288.65
1775252554, 1262, 262, 365, 0, 0, 0.54%, 1, 0, 4, 1460.26
1775252559, 1262, 305, 365, 0, 0, 0.54%, 1, 0, 4, 1372.39
1775252565, 1263, 22, 365, 0, 0, 0.54%, 1, 0, 4, 1320.23
1775252570, 1263, 41, 365, 0, 0, 0.54%, 1, 0, 4, 1404.66
1775252575, 1263, 65, 365, 0, 0, 0.54%, 1, 0, 4, 1387.99
1775252580, 1263, 137, 365, 0, 0, 0.54%, 1, 0, 4, 1478.44
1775252585, 1263, 247, 365, 0, 0, 0.54%, 1, 0, 4, 1441.59
1775252590, 1263, 274, 365, 0, 0, 0.54%, 1, 0, 4, 1433.64
1775252595, 1264, 9, 365, 0, 0, 0.54%, 1, 0, 4, 1220.76
1775252600, 1264, 58, 365, 0, 0, 0.54%, 1, 0, 4, 1385.25
1775252605, 1264, 92, 365, 0, 0, 0.54%, 1, 0, 4, 1435.16
1775252611, 1264, 261, 365, 0, 0, 0.54%, 1, 0, 4, 1339.91
1775252616, 1264, 300, 365, 0, 0, 0.54%, 1, 0, 4, 1315.08
1775252621, 1265, 9, 365, 0, 0, 0.54%, 1, 0, 4, 1347.28
1775252626, 1265, 38, 365, 0, 0, 0.54%, 1, 0, 4, 1401.68
1775252631, 1265, 101, 365, 0, 0, 0.54%, 1, 0, 4, 1461.99
1775252636, 1265, 170, 365, 0, 0, 0.54%, 1, 0, 4, 1324.46
1775252641, 1265, 262, 365, 0, 0, 0.54%, 1, 0, 4, 1337.37
1775252646, 1265, 276, 365, 0, 0, 0.54%, 1, 0, 4, 1379.98
1775252651, 1265, 343, 365, 0, 0, 0.54%, 1, 0, 4, 1220.15
1775252656, 1266, 38, 365, 0, 0, 0.54%, 1, 0, 4, 1398.68
1775252662, 1266, 98, 365, 0, 0, 0.54%, 1, 0, 4, 1496.43
1775252667, 1266, 180, 365, 0, 0, 0.54%, 1, 0, 4, 1323.15
1775252672, 1266, 275, 365, 0, 0, 0.54%, 1, 0, 4, 1422.63
1775252677, 1267, 9, 365, 0, 0, 0.54%, 1, 0, 4, 1194.23
1775252682, 1267, 52, 365, 0, 0, 0.54%, 1, 0, 4, 1400.73
1775252687, 1267, 89, 365, 0, 0, 0.54%, 1, 0, 4, 1443.22
1775252692, 1267, 188, 365, 0, 0, 0.54%, 1, 0, 4, 1474.69
1775252697, 1267, 275, 365, 0, 0, 0.54%, 1, 0, 4, 1435.32
1775252702, 1268, 31, 365, 0, 0, 0.54%, 1, 0, 4, 1425.10
1775252707, 1268, 63, 365, 0, 0, 0.54%, 1, 0, 4, 1397.25
1775252713, 1268, 103, 365, 0, 0, 0.54%, 1, 0, 4, 1364.94
1775252718, 1268, 199, 365, 0, 0, 0.54%, 1, 0, 4, 1497.04
1775252723, 1268, 265, 365, 0, 0, 0.54%, 1, 0, 4, 1511.09
1775252728, 1268, 338, 365, 0, 0, 0.54%, 1, 0, 4, 1375.83
1775252733, 1269, 31, 365, 0, 0, 0.54%, 1, 0, 4, 1420.34
1775252738, 1269, 63, 365, 0, 0, 0.54%, 1, 0, 4, 1355.91
1775252743, 1269, 108, 365, 0, 0, 0.54%, 1, 0, 4, 1477.03
1775252748, 1269, 219, 365, 0, 0, 0.54%, 1, 0, 4, 1401.22
1775252753, 1269, 275, 365, 0, 0, 0.54%, 1, 0, 4, 1484.08
1775252759, 1269, 360, 365, 0, 0, 0.54%, 1, 0, 4, 1262.93
1775252764, 1270, 26, 365, 0, 0, 0.54%, 1, 0, 4, 1321.37
1775252769, 1270, 58, 365, 0, 0, 0.54%, 1, 0, 4, 1479.60
1775252774, 1270, 108, 365, 0, 0, 0.54%, 1, 0, 4, 1451.84
1775252779, 1270, 242, 365, 0, 0, 0.54%, 1, 0, 4, 1413.90
1775252784, 1270, 274, 365, 0, 0, 0.54%, 1, 0, 4, 1397.42
1775252789, 1271, 9, 365, 0, 0, 0.54%, 1, 0, 4, 1356.34
1775252794, 1271, 58, 365, 0, 0, 0.54%, 1, 0, 4, 1476.94
1775252799, 1271, 101, 365, 0, 0, 0.54%, 1, 0, 4, 1451.93
1775252804, 1271, 261, 365, 0, 0, 0.54%, 1, 0, 4, 1457.72
1775252809, 1271, 336, 365, 0, 0, 0.54%, 1, 0, 4, 1306.73
1775252814, 1272, 29, 365, 0, 0, 0.54%, 1, 0, 4, 1373.11
1775252819, 1272, 79, 365, 0, 0, 0.54%, 1, 0, 4, 1400.61
1775252825, 1272, 214, 365, 0, 0, 0.54%, 1, 0, 4, 1440.36
1775252830, 1272, 261, 365, 0, 0, 0.54%, 1, 0, 4, 1522.39
1775252835, 1272, 314, 365, 0, 0, 0.54%, 1, 0, 4, 1303.86
1775252840, 1272, 363, 365, 0, 0, 0.54%, 1, 0, 4, 235.00
1775252845, 1273, 33, 365, 0, 0, 0.54%, 1, 0, 4, 1412.86
1775252850, 1273, 91, 365, 0, 0, 0.54%, 1, 0, 4, 1504.58
1775252855, 1273, 261, 365, 0, 0, 0.54%, 1, 0, 4, 1404.64
1775252860, 1273, 286, 365, 0, 0, 0.54%, 1, 0, 4, 1352.68
1775252865, 1274, 29, 365, 0, 0, 0.54%, 1, 0, 4, 1329.72
1775252870, 1274, 63, 365, 0, 0, 0.54%, 1, 0, 4, 1466.29
1775252876, 1274, 104, 365, 0, 0, 0.54%, 1, 0, 4, 1618.46
1775252881, 1274, 231, 365, 0, 0, 0.54%, 1, 0, 4, 1562.23
1775252886, 1274, 302, 365, 0, 0, 0.54%, 1, 0, 4, 1513.22
1775252891, 1275, 29, 365, 0, 0, 0.54%, 1, 0, 4, 1422.97
1775252896, 1275, 89, 365, 0, 0, 0.54%, 1, 0, 4, 1559.79
1775252901, 1275, 252, 365, 0, 0, 0.54%, 1, 0, 4, 1609.26
1775252906, 1275, 274, 365, 0, 0, 0.54%, 1, 0, 4, 1471.49
1775252911, 1276, 9, 365, 0, 0, 0.54%, 1, 0, 4, 1311.39
1775252916, 1276, 48, 365, 0, 0, 0.54%, 1, 0, 4, 1452.47
1775252921, 1276, 88, 365, 0, 0, 0.54%, 1, 0, 4, 1364.44
1775252926, 1276, 109, 365, 0, 0, 0.54%, 1, 0, 4, 1337.48
1775252931, 1276, 173, 365, 0, 0, 0.54%, 1, 0, 4, 1496.57
1775252936, 1276, 274, 365, 0, 0, 0.54%, 1, 0, 4, 1478.37
1775252941, 1276, 311, 365, 0, 0, 0.54%, 1, 0, 4, 1315.20
1775252946, 1277, 29, 365, 0, 0, 0.54%, 1, 0, 4, 1413.80
1775252951, 1277, 87, 365, 0, 0, 0.54%, 1, 0, 4, 1427.52
1775252957, 1277, 132, 365, 0, 0, 0.54%, 1, 0, 4, 1371.01
1775252962, 1277, 164, 365, 0, 0, 0.54%, 1, 0, 4, 1401.68
1775252967, 1277, 274, 365, 0, 0, 0.54%, 1, 0, 4, 1479.32
1775252972, 1277, 352, 365, 0, 0, 0.54%, 1, 0, 4, 1282.91
1775252977, 1278, 9, 365, 0, 0, 0.54%, 1, 0, 4, 1436.85
1775252982, 1278, 33, 365, 0, 0, 0.54%, 1, 0, 4, 1390.52
1775252987, 1278, 99, 365, 0, 0, 0.54%, 1, 0, 4, 1426.50
1775252992, 1278, 155, 365, 0, 0, 0.54%, 1, 0, 4, 1386.53
1775252997, 1278, 241, 365, 0, 0, 0.54%, 1, 0, 4, 1342.04
1775253002, 1278, 276, 365, 0, 0, 0.54%, 1, 0, 4, 1376.46
1775253007, 1279, 9, 365, 0, 0, 0.54%, 1, 0, 4, 1221.74
1775253012, 1279, 33, 365, 0, 0, 0.54%, 1, 0, 4, 1339.28
1775253018, 1279, 75, 365, 0, 0, 0.54%, 1, 0, 4, 1405.43
1775253023, 1279, 187, 365, 0, 0, 0.54%, 1, 0, 4, 1470.24
1775253028, 1279, 265, 365, 0, 0, 0.54%, 1, 0, 4, 1354.45
1775253033, 1279, 287, 365, 0, 0, 0.54%, 1, 0, 4, 1310.06
1775253038, 1279, 360, 365, 0, 0, 0.54%, 1, 0, 4, 1323.88
1775253043, 1280, 29, 365, 0, 0, 0.54%, 1, 0, 4, 1306.40
1775253048, 1280, 64, 365, 0, 0, 0.54%, 1, 0, 4, 1400.10
1775253053, 1280, 108, 365, 0, 0, 0.54%, 1, 0, 4, 1335.88
1775253058, 1280, 248, 365, 0, 0, 0.54%, 1, 0, 4, 1466.34
1775253063, 1280, 322, 365, 0, 0, 0.54%, 1, 0, 4, 1356.98
1775253068, 1281, 29, 365, 0, 0, 0.54%, 1, 0, 4, 1349.88
1775253073, 1281, 63, 365, 0, 0, 0.54%, 1, 0, 4, 1386.11
1775253079, 1281, 101, 365, 0, 0, 0.54%, 1, 0, 4, 1375.10
1775253084, 1281, 150, 365, 0, 0, 0.54%, 1, 0, 4, 1389.01
1775253089, 1281, 236, 365, 0, 0, 0.54%, 1, 0, 4, 1407.46
1775253094, 1281, 276, 365, 0, 0, 0.54%, 1, 0, 4, 1394.92
1775253099, 1282, 12, 365, 0, 0, 0.54%, 1, 0, 4, 1447.18
1775253104, 1282, 63, 365, 0, 0, 0.54%, 1, 0, 4, 1457.03
1775253109, 1282, 108, 365, 0, 0, 0.54%, 1, 0, 4, 1482.71
1775253114, 1282, 235, 365, 0, 0, 0.54%, 1, 0, 4, 1391.77
1775253119, 1282, 276, 365, 0, 0, 0.54%, 1, 0, 4, 1355.04
1775253125, 1283, 9, 365, 0, 0, 0.54%, 1, 0, 4, 1338.54
1775253130, 1283, 42, 365, 0, 0, 0.54%, 1, 0, 4, 1303.07
1775253135, 1283, 95, 365, 0, 0, 0.54%, 1, 0, 4, 1398.67
1775253140, 1283, 193, 365, 0, 0, 0.54%, 1, 0, 4, 1339.38
1775253145, 1283, 274, 365, 0, 0, 0.54%, 1, 0, 4, 1361.95
1775253150, 1283, 352, 365, 0, 0, 0.54%, 1, 0, 4, 1337.28
1775253155, 1284, 9, 365, 0, 0, 0.54%, 1, 0, 4, 1253.94
1775253160, 1284, 51, 365, 0, 0, 0.54%, 1, 0, 4, 1380.22
1775253165, 1284, 73, 365, 0, 0, 0.54%, 1, 0, 4, 1408.21
1775253170, 1284, 143, 365, 0, 0, 0.54%, 1, 0, 4, 1332.36
1775253175, 1284, 274, 365, 0, 0, 0.54%, 1, 0, 4, 1370.42
1775253181, 1285, 9, 365, 0, 0, 0.54%, 1, 0, 4, 1258.95
1775253186, 1285, 63, 365, 0, 0, 0.54%, 1, 0, 4, 1416.17
1775253191, 1285, 136, 365, 0, 0, 0.54%, 1, 0, 4, 1428.72
1775253196, 1285, 244, 365, 0, 0, 0.54%, 1, 0, 4, 1508.23
1775253201, 1285, 274, 365, 0, 0, 0.54%, 1, 0, 4, 1568.44
1775253206, 1286, 2, 365, 0, 0, 0.54%, 1, 0, 4, 1404.78
1775253211, 1286, 31, 365, 0, 0, 0.54%, 1, 0, 4, 1431.68
1775253216, 1286, 65, 365, 0, 0, 0.54%, 1, 0, 4, 1526.97
1775253221, 1286, 108, 365, 0, 0, 0.54%, 1, 0, 4, 1378.91
1775253226, 1286, 194, 365, 0, 0, 0.54%, 1, 0, 4, 1387.73
1775253231, 1286, 265, 365, 0, 0, 0.54%, 1, 0, 4, 1510.93
1775253236, 1286, 295, 365, 0, 0, 0.54%, 1, 0, 4, 1443.42
1775253242, 1287, 31, 365, 0, 0, 0.54%, 1, 0, 4, 1574.63
1775253247, 1287, 89, 365, 0, 0, 0.54%, 1, 0, 4, 1363.56
1775253252, 1287, 121, 365, 0, 0, 0.54%, 1, 0, 4, 1344.63
1775253257, 1287, 173, 365, 0, 0, 0.54%, 1, 0, 4, 1452.57
1775253262, 1287, 262, 365, 0, 0, 0.54%, 1, 0, 4, 1399.35
1775253267, 1287, 322, 365, 0, 0, 0.54%, 1, 0, 4, 1402.89
1775253272, 1288, 31, 365, 0, 0, 0.54%, 1, 0, 4, 1387.54
1775253277, 1288, 75, 365, 0, 0, 0.54%, 1, 0, 4, 1434.34
1775253282, 1288, 98, 365, 0, 0, 0.54%, 1, 0, 4, 1213.04
1775253287, 1288, 140, 365, 0, 0, 0.54%, 1, 0, 4, 1404.99
1775253293, 1288, 247, 365, 0, 0, 0.54%, 1, 0, 4, 1363.33
1775253298, 1288, 276, 365, 0, 0, 0.54%, 1, 0, 4, 1511.68
1775253303, 1289, 9, 365, 0, 0, 0.54%, 1, 0, 4, 1344.04
1775253308, 1289, 58, 365, 0, 0, 0.54%, 1, 0, 4, 1371.67
1775253313, 1289, 101, 365, 0, 0, 0.54%, 1, 0, 4, 1486.41
1775253318, 1289, 138, 365, 0, 0, 0.54%, 1, 0, 4, 1440.02
1775253323, 1289, 222, 365, 0, 0, 0.54%, 1, 0, 4, 1417.41
1775253328, 1289, 275, 365, 0, 0, 0.54%, 1, 0, 4, 1419.78
1775253333, 1290, 29, 365, 0, 0, 0.54%, 1, 0, 4, 1366.22
1775253338, 1290, 64, 365, 0, 0, 0.54%, 1, 0, 4, 1417.16
1775253344, 1290, 103, 365, 0, 0, 0.54%, 1, 0, 4, 1457.43
1775253349, 1290, 219, 365, 0, 0, 0.54%, 1, 0, 4, 1287.03
1775253354, 1290, 276, 365, 0, 0, 0.54%, 1, 0, 4, 1389.49
1775253359, 1291, 28, 365, 0, 0, 0.54%, 1, 0, 4, 1363.59
1775253364, 1291, 44, 365, 0, 0, 0.54%, 1, 0, 4, 1394.91
1775253369, 1291, 101, 365, 0, 0, 0.54%, 1, 0, 4, 1465.51
1775253374, 1291, 184, 365, 0, 0, 0.54%, 1, 0, 4, 1424.41
1775253379, 1291, 270, 365, 0, 0, 0.54%, 1, 0, 4, 1487.78
1775253384, 1291, 307, 365, 0, 0, 0.54%, 1, 0, 4, 1464.54
1775253390, 1292, 9, 365, 0, 0, 0.54%, 1, 0, 4, 1277.32
1775253395, 1292, 64, 365, 0, 0, 0.54%, 1, 0, 4, 1438.27
1775253400, 1292, 108, 365, 0, 0, 0.54%, 1, 0, 4, 1304.60
1775253405, 1292, 261, 365, 0, 0, 0.54%, 1, 0, 4, 1432.89
1775253410, 1292, 285, 365, 0, 0, 0.54%, 1, 0, 4, 1395.82
1775253415, 1293, 29, 365, 0, 0, 0.54%, 1, 0, 4, 1370.37
1775253420, 1293, 48, 365, 0, 0, 0.54%, 1, 0, 4, 1450.69
1775253425, 1293, 89, 365, 0, 0, 0.54%, 1, 0, 4, 1412.80
1775253430, 1293, 177, 365, 0, 0, 0.54%, 1, 0, 4, 1426.51
1775253436, 1293, 276, 365, 0, 0, 0.54%, 1, 0, 4, 1445.72
1775253441, 1294, 2, 365, 0, 0, 0.54%, 1, 0, 4, 1328.71
1775253446, 1294, 33, 365, 0, 0, 0.54%, 1, 0, 4, 1463.15
1775253451, 1294, 101, 365, 0, 0, 0.54%, 1, 0, 4, 1453.52
1775253456, 1294, 213, 365, 0, 0, 0.54%, 1, 0, 4, 1353.28
1775253461, 1294, 275, 365, 0, 0, 0.54%, 1, 0, 4, 1425.55
1775253466, 1294, 364, 365, 0, 0, 0.54%, 1, 0, 4, 1314.94
1775253471, 1295, 29, 365, 0, 0, 0.54%, 1, 0, 4, 1414.96
1775253476, 1295, 73, 365, 0, 0, 0.54%, 1, 0, 4, 1509.47
1775253481, 1295, 103, 365, 0, 0, 0.54%, 1, 0, 4, 1429.31
1775253486, 1295, 168, 365, 0, 0, 0.54%, 1, 0, 4, 1402.23
1775253491, 1295, 248, 365, 0, 0, 0.54%, 1, 0, 4, 1722.08
1775253497, 1295, 274, 365, 0, 0, 0.54%, 1, 0, 4, 1414.79
1775253502, 1296, 9, 365, 0, 0, 0.54%, 1, 0, 4, 1257.79
1775253507, 1296, 52, 365, 0, 0, 0.54%, 1, 0, 4, 1378.04
1775253512, 1296, 96, 365, 0, 0, 0.54%, 1, 0, 4, 1374.81
1775253517, 1296, 175, 365, 0, 0, 0.54%, 1, 0, 4, 1435.88
1775253522, 1296, 274, 365, 0, 0, 0.54%, 1, 0, 4, 1515.69
1775253527, 1297, 17, 365, 0, 0, 0.54%, 1, 0, 4, 1384.63
1775253532, 1297, 57, 365, 0, 0, 0.54%, 1, 0, 4, 1391.44
1775253537, 1297, 92, 365, 0, 0, 0.54%, 1, 0, 4, 1387.28
1775253542, 1297, 153, 365, 0, 0, 0.54%, 1, 0, 4, 1470.13
1775253547, 1297, 266, 365, 0, 0, 0.54%, 1, 0, 4, 1413.90
1775253553, 1297, 297, 365, 0, 0, 0.54%, 1, 0, 4, 1251.14
1775253558, 1298, 9, 365, 0, 0, 0.54%, 1, 0, 4, 1220.46
1775253563, 1298, 64, 365, 0, 0, 0.54%, 1, 0, 4, 1388.05
1775253568, 1298, 101, 365, 0, 0, 0.54%, 1, 0, 4, 1529.12
1775253573, 1298, 156, 365, 0, 0, 0.54%, 1, 0, 4, 1313.73
1775253578, 1298, 233, 365, 0, 0, 0.54%, 1, 0, 4, 1479.88
1775253583, 1298, 274, 365, 0, 0, 0.54%, 1, 0, 4, 1572.19
1775253588, 1298, 353, 365, 0, 0, 0.54%, 1, 0, 4, 1281.09
1775253593, 1299, 29, 365, 0, 0, 0.54%, 1, 0, 4, 1429.32
1775253598, 1299, 63, 365, 0, 0, 0.54%, 1, 0, 4, 1526.52
1775253603, 1299, 116, 365, 0, 0, 0.54%, 1, 0, 4, 1483.38
1775253608, 1299, 238, 365, 0, 0, 0.54%, 1, 0, 4, 1443.77
1775253614, 1299, 275, 365, 0, 0, 0.54%, 1, 0, 4, 1425.80
1775253619, 1299, 358, 365, 0, 0, 0.54%, 1, 0, 4, 1415.02
1775253624, 1300, 33, 365, 0, 0, 0.54%, 1, 0, 4, 1317.58
1775253629, 1300, 75, 365, 0, 0, 0.54%, 1, 0, 4, 1366.86
1775253634, 1300, 153, 365, 0, 0, 0.54%, 1, 0, 4, 1458.04
1775253639, 1300, 264, 365, 0, 0, 0.54%, 1, 0, 4, 1383.16
1775253644, 1300, 293, 365, 0, 0, 0.54%, 1, 0, 4, 1288.62
1775253649, 1301, 29, 365, 0, 0, 0.54%, 1, 0, 4, 1415.88
1775253655, 1301, 47, 365, 0, 0, 0.54%, 1, 0, 4, 1379.75
1775253660, 1301, 64, 365, 0, 0, 0.54%, 1, 0, 4, 1451.97
1775253665, 1301, 144, 365, 0, 0, 0.54%, 1, 0, 4, 1430.66
1775253670, 1301, 265, 365, 0, 0, 0.54%, 1, 0, 4, 1546.19
1775253675, 1301, 312, 365, 0, 0, 0.54%, 1, 0, 4, 1373.71
1775253680, 1301, 359, 365, 0, 0, 0.54%, 1, 0, 4, 1643.09
1775253685, 1302, 58, 365, 0, 0, 0.54%, 1, 0, 4, 1566.23
1775253690, 1302, 99, 365, 0, 0, 0.54%, 1, 0, 4, 1481.02
1775253695, 1302, 162, 365, 0, 0, 0.54%, 1, 0, 4, 1482.95
1775253700, 1302, 265, 365, 0, 0, 0.54%, 1, 0, 4, 1505.81
1775253705, 1303, 9, 365, 0, 0, 0.54%, 1, 0, 4, 1354.82
1775253710, 1303, 57, 365, 0, 0, 0.54%, 1, 0, 4, 1447.90
1775253716, 1303, 101, 365, 0, 0, 0.54%, 1, 0, 4, 1364.66
1775253721, 1303, 134, 365, 0, 0, 0.54%, 1, 0, 4, 1300.35
1775253726, 1303, 261, 365, 0, 0, 0.54%, 1, 0, 4, 1351.86
1775253731, 1303, 322, 365, 0, 0, 0.54%, 1, 0, 4, 1298.51
1775253736, 1304, 29, 365, 0, 0, 0.54%, 1, 0, 4, 1451.40
1775253741, 1304, 63, 365, 0, 0, 0.54%, 1, 0, 4, 1465.50
1775253746, 1304, 103, 365, 0, 0, 0.54%, 1, 0, 4, 1363.43
1775253751, 1304, 184, 365, 0, 0, 0.54%, 1, 0, 4, 1421.46
1775253756, 1304, 214, 365, 0, 0, 0.54%, 1, 0, 4, 1402.92
1775253761, 1304, 252, 365, 0, 0, 0.54%, 1, 0, 4, 1433.91
1775253767, 1304, 278, 365, 0, 0, 0.54%, 1, 0, 4, 1405.08
1775253772, 1305, 9, 365, 0, 0, 0.54%, 1, 0, 4, 1171.81
1775253777, 1305, 58, 365, 0, 0, 0.54%, 1, 0, 4, 1387.75
1775253782, 1305, 103, 365, 0, 0, 0.54%, 1, 0, 4, 1307.85
1775253787, 1305, 188, 365, 0, 0, 0.54%, 1, 0, 4, 1373.48
1775253792, 1305, 229, 365, 0, 0, 0.54%, 1, 0, 4, 1337.28
1775253797, 1305, 274, 365, 0, 0, 0.54%, 1, 0, 4, 1356.44
1775253802, 1306, 8, 365, 0, 0, 0.54%, 1, 0, 4, 1214.48
1775253807, 1306, 58, 365, 0, 0, 0.54%, 1, 0, 4, 1437.37
1775253812, 1306, 108, 365, 0, 0, 0.54%, 1, 0, 4, 1452.07
1775253817, 1306, 183, 365, 0, 0, 0.54%, 1, 0, 4, 1349.87
1775253822, 1306, 265, 365, 0, 0, 0.54%, 1, 0, 4, 1287.89
1775253828, 1306, 310, 365, 0, 0, 0.54%, 1, 0, 4, 1343.62
1775253833, 1307, 31, 365, 0, 0, 0.54%, 1, 0, 4, 1311.61
1775253838, 1307, 64, 365, 0, 0, 0.54%, 1, 0, 4, 1375.52
1775253843, 1307, 117, 365, 0, 0, 0.54%, 1, 0, 4, 1431.81
1775253848, 1307, 265, 365, 0, 0, 0.54%, 1, 0, 4, 1446.30
1775253853, 1307, 322, 365, 0, 0, 0.54%, 1, 0, 4, 1313.08
1775253858, 1308, 33, 365, 0, 0, 0.54%, 1, 0, 4, 1364.78
1775253863, 1308, 108, 365, 0, 0, 0.54%, 1, 0, 4, 1456.62
1775253868, 1308, 212, 365, 0, 0, 0.54%, 1, 0, 4, 1610.57
1775253873, 1308, 265, 365, 0, 0, 0.54%, 1, 0, 4, 1519.79
1775253878, 1309, 9, 365, 0, 0, 0.54%, 1, 0, 4, 1378.67
1775253884, 1309, 33, 365, 0, 0, 0.54%, 1, 0, 4, 1459.68
1775253889, 1309, 70, 365, 0, 0, 0.54%, 1, 0, 4, 1380.09
1775253894, 1309, 115, 365, 0, 0, 0.54%, 1, 0, 4, 1292.76
1775253899, 1309, 226, 365, 0, 0, 0.54%, 1, 0, 4, 1443.05
1775253904, 1309, 265, 365, 0, 0, 0.54%, 1, 0, 4, 1482.35
1775253909, 1309, 322, 365, 0, 0, 0.54%, 1, 0, 4, 1320.11
1775253914, 1310, 31, 365, 0, 0, 0.54%, 1, 0, 4, 1382.24
1775253919, 1310, 101, 365, 0, 0, 0.54%, 1, 0, 4, 1417.18
1775253924, 1310, 185, 365, 0, 0, 0.54%, 1, 0, 4, 1458.57
1775253929, 1310, 262, 365, 0, 0, 0.54%, 1, 0, 4, 1437.89
1775253935, 1310, 330, 365, 0, 0, 0.54%, 1, 0, 4, 1368.83
1775253940, 1311, 29, 365, 0, 0, 0.54%, 1, 0, 4, 1284.43
1775253945, 1311, 63, 365, 0, 0, 0.54%, 1, 0, 4, 1489.26
1775253950, 1311, 101, 365, 0, 0, 0.54%, 1, 0, 4, 1471.78
1775253955, 1311, 229, 365, 0, 0, 0.54%, 1, 0, 4, 1458.34
1775253960, 1311, 275, 365, 0, 0, 0.54%, 1, 0, 4, 1464.36
1775253965, 1312, 29, 365, 0, 0, 0.54%, 1, 0, 4, 1363.18
1775253970, 1312, 63, 365, 0, 0, 0.54%, 1, 0, 4, 1471.73
1775253975, 1312, 119, 365, 0, 0, 0.54%, 1, 0, 4, 1370.47
1775253981, 1312, 222, 365, 0, 0, 0.54%, 1, 0, 4, 1256.63
1775253986, 1312, 274, 365, 0, 0, 0.54%, 1, 0, 4, 1403.61
1775253991, 1313, 9, 365, 0, 0, 0.54%, 1, 0, 4, 1307.91
1775253996, 1313, 58, 365, 0, 0, 0.54%, 1, 0, 4, 1412.28
1775254001, 1313, 101, 365, 0, 0, 0.54%, 1, 0, 4, 1496.72
1775254006, 1313, 167, 365, 0, 0, 0.54%, 1, 0, 4, 1434.25
1775254011, 1313, 257, 365, 0, 0, 0.54%, 1, 0, 4, 1403.23
1775254016, 1313, 309, 365, 0, 0, 0.54%, 1, 0, 4, 1333.09
1775254022, 1314, 29, 365, 0, 0, 0.54%, 1, 0, 4, 1348.50
1775254027, 1314, 92, 365, 0, 0, 0.54%, 1, 0, 4, 1451.37
1775254032, 1314, 140, 365, 0, 0, 0.54%, 1, 0, 4, 1514.32
1775254037, 1314, 265, 365, 0, 0, 0.54%, 1, 0, 4, 1506.86
1775254042, 1314, 322, 365, 0, 0, 0.54%, 1, 0, 4, 1341.56
1775254047, 1315, 9, 365, 0, 0, 0.54%, 1, 0, 4, 1395.35
1775254052, 1315, 46, 365, 0, 0, 0.54%, 1, 0, 4, 1406.47
1775254057, 1315, 103, 365, 0, 0, 0.54%, 1, 0, 4, 1442.82
1775254062, 1315, 229, 365, 0, 0, 0.54%, 1, 0, 4, 1344.29
1775254067, 1315, 265, 365, 0, 0, 0.54%, 1, 0, 4, 1418.58
1775254072, 1315, 331, 365, 0, 0, 0.54%, 1, 0, 4, 1302.84
1775254077, 1316, 31, 365, 0, 0, 0.54%, 1, 0, 4, 1340.31
1775254082, 1316, 74, 365, 0, 0, 0.54%, 1, 0, 4, 1399.94
1775254087, 1316, 103, 365, 0, 0, 0.54%, 1, 0, 4, 1408.34
1775254092, 1316, 244, 365, 0, 0, 0.54%, 1, 0, 4, 1262.15
1775254098, 1316, 276, 365, 0, 0, 0.54%, 1, 0, 4, 1449.34
1775254103, 1317, 31, 365, 0, 0, 0.54%, 1, 0, 4, 1444.44
1775254108, 1317, 87, 365, 0, 0, 0.54%, 1, 0, 4, 1490.26
1775254113, 1317, 140, 365, 0, 0, 0.54%, 1, 0, 4, 1446.18
1775254118, 1317, 230, 365, 0, 0, 0.54%, 1, 0, 4, 1403.35
1775254123, 1317, 265, 365, 0, 0, 0.54%, 1, 0, 4, 1431.16
1775254128, 1317, 322, 365, 0, 0, 0.54%, 1, 0, 4, 1237.43
1775254133, 1318, 29, 365, 0, 0, 0.54%, 1, 0, 4, 1436.85
1775254138, 1318, 48, 365, 0, 0, 0.54%, 1, 0, 4, 1464.28
1775254143, 1318, 103, 365, 0, 0, 0.54%, 1, 0, 4, 1465.44
1775254148, 1318, 196, 365, 0, 0, 0.54%, 1, 0, 4, 1453.78
1775254154, 1318, 274, 365, 0, 0, 0.54%, 1, 0, 4, 1493.50
1775254159, 1319, 9, 365, 0, 0, 0.54%, 1, 0, 4, 1319.53
1775254164, 1319, 55, 365, 0, 0, 0.54%, 1, 0, 4, 1373.77
1775254169, 1319, 101, 365, 0, 0, 0.54%, 1, 0, 4, 1453.04
1775254174, 1319, 209, 365, 0, 0, 0.54%, 1, 0, 4, 1373.82
1775254179, 1319, 274, 365, 0, 0, 0.54%, 1, 0, 4, 1436.57
1775254184, 1320, 29, 365, 0, 0, 0.54%, 1, 0, 4, 1387.47
1775254189, 1320, 89, 365, 0, 0, 0.54%, 1, 0, 4, 1573.96
1775254194, 1320, 145, 365, 0, 0, 0.54%, 1, 0, 4, 1465.68
1775254200, 1320, 256, 365, 0, 0, 0.54%, 1, 0, 4, 1459.14
1775254205, 1320, 276, 365, 0, 0, 0.54%, 1, 0, 4, 1361.11
1775254210, 1321, 9, 365, 0, 0, 0.54%, 1, 0, 4, 1264.26
1775254215, 1321, 50, 365, 0, 0, 0.54%, 1, 0, 4, 1450.97
1775254220, 1321, 108, 365, 0, 0, 0.54%, 1, 0, 4, 1481.87
1775254225, 1321, 242, 365, 0, 0, 0.54%, 1, 0, 4, 1498.09
1775254230, 1321, 274, 365, 0, 0, 0.54%, 1, 0, 4, 1418.12
1775254235, 1322, 9, 365, 0, 0, 0.54%, 1, 0, 4, 1266.02
1775254240, 1322, 42, 365, 0, 0, 0.54%, 1, 0, 4, 1378.69
1775254245, 1322, 64, 365, 0, 0, 0.54%, 1, 0, 4, 1346.56
1775254251, 1322, 116, 365, 0, 0, 0.54%, 1, 0, 4, 1373.45
1775254256, 1322, 261, 365, 0, 0, 0.54%, 1, 0, 4, 1463.16
1775254261, 1322, 306, 365, 0, 0, 0.54%, 1, 0, 4, 1382.59
1775254266, 1323, 9, 365, 0, 0, 0.54%, 1, 0, 4, 1336.36
1775254271, 1323, 69, 365, 0, 0, 0.54%, 1, 0, 4, 1467.34
1775254276, 1323, 139, 365, 0, 0, 0.54%, 1, 0, 4, 1327.12
1775254281, 1323, 265, 365, 0, 0, 0.54%, 1, 0, 4, 1426.53
1775254286, 1323, 322, 365, 0, 0, 0.54%, 1, 0, 4, 1312.92
1775254291, 1324, 29, 365, 0, 0, 0.54%, 1, 0, 4, 1244.81
1775254296, 1324, 64, 365, 0, 0, 0.54%, 1, 0, 4, 1438.19
1775254301, 1324, 103, 365, 0, 0, 0.54%, 1, 0, 4, 1444.79
1775254306, 1324, 118, 365, 0, 0, 0.54%, 1, 0, 4, 1298.47
1775254312, 1324, 261, 365, 0, 0, 0.54%, 1, 0, 4, 1331.04
1775254317, 1324, 313, 365, 0, 0, 0.54%, 1, 0, 4, 1491.29
1775254322, 1325, 29, 365, 0, 0, 0.54%, 1, 0, 4, 1463.48
1775254327, 1325, 92, 365, 0, 0, 0.54%, 1, 0, 4, 1533.66
1775254332, 1325, 148, 365, 0, 0, 0.54%, 1, 0, 4, 1432.71
1775254337, 1325, 275, 365, 0, 0, 0.54%, 1, 0, 4, 1535.36
1775254342, 1325, 341, 365, 0, 0, 0.54%, 1, 0, 4, 1254.57
1775254347, 1326, 33, 365, 0, 0, 0.54%, 1, 0, 4, 1396.68
1775254352, 1326, 103, 365, 0, 0, 0.54%, 1, 0, 4, 1398.56
1775254357, 1326, 261, 365, 0, 0, 0.54%, 1, 0, 4, 1310.81
1775254362, 1326, 304, 365, 0, 0, 0.54%, 1, 0, 4, 1334.23
1775254367, 1327, 29, 365, 0, 0, 0.54%, 1, 0, 4, 1444.51
1775254372, 1327, 58, 365, 0, 0, 0.54%, 1, 0, 4, 1454.67
1775254377, 1327, 92, 365, 0, 0, 0.54%, 1, 0, 4, 1360.62
1775254383, 1327, 161, 365, 0, 0, 0.54%, 1, 0, 4, 1452.35
1775254388, 1327, 265, 365, 0, 0, 0.54%, 1, 0, 4, 1487.99
1775254393, 1327, 343, 365, 0, 0, 0.54%, 1, 0, 4, 1367.74
1775254398, 1328, 31, 365, 0, 0, 0.54%, 1, 0, 4, 1444.52
1775254403, 1328, 64, 365, 0, 0, 0.54%, 1, 0, 4, 1505.76
1775254408, 1328, 120, 365, 0, 0, 0.54%, 1, 0, 4, 1386.81
1775254413, 1328, 261, 365, 0, 0, 0.54%, 1, 0, 4, 1363.20
1775254418, 1328, 322, 365, 0, 0, 0.54%, 1, 0, 4, 1388.73
1775254423, 1329, 31, 365, 0, 0, 0.54%, 1, 0, 4, 1483.92
1775254428, 1329, 63, 365, 0, 0, 0.54%, 1, 0, 4, 1523.52
1775254433, 1329, 108, 365, 0, 0, 0.54%, 1, 0, 4, 1438.61
1775254439, 1329, 217, 365, 0, 0, 0.54%, 1, 0, 4, 1480.85
1775254444, 1329, 274, 365, 0, 0, 0.54%, 1, 0, 4, 1477.58
1775254449, 1330, 9, 365, 0, 0, 0.54%, 1, 0, 4, 1219.67
1775254454, 1330, 46, 365, 0, 0, 0.54%, 1, 0, 4, 1401.37
1775254459, 1330, 89, 365, 0, 0, 0.54%, 1, 0, 4, 1502.41
1775254464, 1330, 242, 365, 0, 0, 0.54%, 1, 0, 4, 1456.31
1775254469, 1330, 322, 365, 0, 0, 0.54%, 1, 0, 4, 1437.11
1775254474, 1331, 31, 365, 0, 0, 0.54%, 1, 0, 4, 1336.86
1775254479, 1331, 89, 365, 0, 0, 0.54%, 1, 0, 4, 1428.90
1775254484, 1331, 155, 365, 0, 0, 0.54%, 1, 0, 4, 1394.95
1775254489, 1331, 261, 365, 0, 0, 0.54%, 1, 0, 4, 1407.45
1775254494, 1332, 9, 365, 0, 0, 0.54%, 1, 0, 4, 1487.77
1775254499, 1332, 63, 365, 0, 0, 0.54%, 1, 0, 4, 1445.34
1775254504, 1332, 108, 365, 0, 0, 0.54%, 1, 0, 4, 1477.90
1775254509, 1332, 239, 365, 0, 0, 0.54%, 1, 0, 4, 1374.47
1775254514, 1332, 276, 365, 0, 0, 0.54%, 1, 0, 4, 1450.22
1775254519, 1333, 10, 365, 0, 0, 0.54%, 1, 0, 4, 339.39
1775254524, 1333, 58, 365, 0, 0, 0.54%, 1, 0, 4, 1276.08
1775254530, 1333, 87, 365, 0, 0, 0.54%, 1, 0, 4, 1430.82
1775254535, 1333, 152, 365, 0, 0, 0.54%, 1, 0, 4, 1489.25
1775254540, 1333, 250, 365, 0, 0, 0.54%, 1, 0, 4, 1437.20
1775254545, 1333, 281, 365, 0, 0, 0.54%, 1, 0, 4, 1293.46
1775254550, 1334, 29, 365, 0, 0, 0.54%, 1, 0, 4, 1307.03
1775254555, 1334, 61, 365, 0, 0, 0.54%, 1, 0, 4, 1490.58
1775254560, 1334, 106, 365, 0, 0, 0.54%, 1, 0, 4, 1426.03
1775254565, 1334, 159, 365, 0, 0, 0.54%, 1, 0, 4, 1280.45
1775254571, 1334, 231, 365, 0, 0, 0.54%, 1, 0, 4, 1374.29
1775254576, 1334, 275, 365, 0, 0, 0.54%, 1, 0, 4, 1427.33
1775254581, 1335, 21, 365, 0, 0, 0.54%, 1, 0, 4, 1220.93
1775254586, 1335, 63, 365, 0, 0, 0.54%, 1, 0, 4, 1458.47
1775254591, 1335, 108, 365, 0, 0, 0.54%, 1, 0, 4, 1432.69
1775254596, 1335, 150, 365, 0, 0, 0.54%, 1, 0, 4, 1269.88
1775254601, 1335, 265, 365, 0, 0, 0.54%, 1, 0, 4, 1367.70
1775254606, 1335, 322, 365, 0, 0, 0.54%, 1, 0, 4, 1262.99
1775254611, 1336, 25, 365, 0, 0, 0.54%, 1, 0, 4, 1416.32
1775254617, 1336, 89, 365, 0, 0, 0.54%, 1, 0, 4, 1467.24
1775254622, 1336, 129, 365, 0, 0, 0.54%, 1, 0, 4, 1465.13
1775254627, 1336, 257, 365, 0, 0, 0.54%, 1, 0, 4, 1364.51
1775254632, 1336, 297, 365, 0, 0, 0.54%, 1, 0, 4, 1319.64
1775254637, 1337, 28, 365, 0, 0, 0.54%, 1, 0, 4, 1405.46
1775254642, 1337, 89, 365, 0, 0, 0.54%, 1, 0, 4, 1522.65
1775254647, 1337, 169, 365, 0, 0, 0.54%, 1, 0, 4, 1253.77
1775254652, 1337, 251, 365, 0, 0, 0.54%, 1, 0, 4, 1326.80
1775254657, 1337, 276, 365, 0, 0, 0.54%, 1, 0, 4, 1439.93
1775254662, 1338, 9, 365, 0, 0, 0.54%, 1, 0, 4, 1280.58
1775254668, 1338, 63, 365, 0, 0, 0.54%, 1, 0, 4, 1427.87
1775254673, 1338, 101, 365, 0, 0, 0.54%, 1, 0, 4, 1388.50
1775254678, 1338, 203, 365, 0, 0, 0.54%, 1, 0, 4, 1398.02
1775254683, 1338, 261, 365, 0, 0, 0.54%, 1, 0, 4, 1353.46
1775254688, 1339, 9, 365, 0, 0, 0.54%, 1, 0, 4, 1369.70
1775254693, 1339, 58, 365, 0, 0, 0.54%, 1, 0, 4, 1473.98
1775254698, 1339, 103, 365, 0, 0, 0.54%, 1, 0, 4, 1423.18
1775254703, 1339, 201, 365, 0, 0, 0.54%, 1, 0, 4, 1355.50
1775254708, 1339, 275, 365, 0, 0, 0.54%, 1, 0, 4, 1349.83
1775254713, 1340, 1, 365, 0, 0, 0.54%, 1, 0, 4, 1536.85
1775254718, 1340, 58, 365, 0, 0, 0.54%, 1, 0, 4, 1587.81
1775254724, 1340, 108, 365, 0, 0, 0.54%, 1, 0, 4, 1513.04
1775254729, 1340, 231, 365, 0, 0, 0.54%, 1, 0, 4, 1463.19
1775254734, 1340, 275, 365, 0, 0, 0.54%, 1, 0, 4, 1517.11
1775254739, 1341, 29, 365, 0, 0, 0.54%, 1, 0, 4, 1352.09
1775254744, 1341, 76, 365, 0, 0, 0.54%, 1, 0, 4, 1462.91
1775254749, 1341, 109, 365, 0, 0, 0.54%, 1, 0, 4, 1303.42
1775254754, 1341, 201, 365, 0, 0, 0.54%, 1, 0, 4, 1350.15
1775254759, 1341, 275, 365, 0, 0, 0.54%, 1, 0, 4, 1444.75
1775254765, 1341, 364, 365, 0, 0, 0.54%, 1, 0, 4, 1088.29
1775254770, 1342, 26, 365, 0, 0, 0.54%, 1, 0, 4, 1409.61
1775254775, 1342, 68, 365, 0, 0, 0.54%, 1, 0, 4, 1464.26
1775254780, 1342, 103, 365, 0, 0, 0.54%, 1, 0, 4, 1426.25
1775254785, 1342, 179, 365, 0, 0, 0.54%, 1, 0, 4, 1452.20
1775254790, 1342, 265, 365, 0, 0, 0.54%, 1, 0, 4, 1461.08
1775254795, 1342, 300, 365, 0, 0, 0.54%, 1, 0, 4, 1295.73
1775254800, 1342, 358, 365, 0, 0, 0.54%, 1, 0, 4, 1408.54
1775254805, 1343, 29, 365, 0, 0, 0.54%, 1, 0, 4, 1424.88
1775254811, 1343, 89, 365, 0, 0, 0.54%, 1, 0, 4, 1479.89
1775254816, 1343, 103, 365, 0, 0, 0.54%, 1, 0, 4, 1395.38
1775254821, 1343, 225, 365, 0, 0, 0.54%, 1, 0, 4, 1368.73
1775254826, 1343, 265, 365, 0, 0, 0.54%, 1, 0, 4, 1384.42
1775254831, 1343, 315, 365, 0, 0, 0.54%, 1, 0, 4, 1378.05
1775254836, 1343, 360, 365, 0, 0, 0.54%, 1, 0, 4, 1601.99
1775254841, 1344, 33, 365, 0, 0, 0.54%, 1, 0, 4, 1622.20
1775254847, 1344, 101, 365, 0, 0, 0.54%, 1, 0, 4, 1524.91
1775254852, 1344, 261, 365, 0, 0, 0.54%, 1, 0, 4, 1417.47
1775254857, 1344, 344, 365, 0, 0, 0.54%, 1, 0, 4, 1419.55
1775254862, 1345, 31, 365, 0, 0, 0.54%, 1, 0, 4, 1375.06
1775254867, 1345, 65, 365, 0, 0, 0.54%, 1, 0, 4, 1401.32
1775254872, 1345, 132, 365, 0, 0, 0.54%, 1, 0, 4, 1419.51
1775254877, 1345, 213, 365, 0, 0, 0.54%, 1, 0, 4, 1333.59
1775254882, 1345, 261, 365, 0, 0, 0.54%, 1, 0, 4, 1482.70
1775254887, 1345, 276, 365, 0, 0, 0.54%, 1, 0, 4, 1268.58
1775254893, 1346, 29, 365, 0, 0, 0.54%, 1, 0, 4, 1176.89
1775254898, 1346, 63, 365, 0, 0, 0.54%, 1, 0, 4, 1466.74
1775254903, 1346, 103, 365, 0, 0, 0.54%, 1, 0, 4, 1463.06
1775254908, 1346, 261, 365, 0, 0, 0.54%, 1, 0, 4, 1480.23
1775254913, 1346, 319, 365, 0, 0, 0.54%, 1, 0, 4, 1351.87
1775254918, 1347, 29, 365, 0, 0, 0.54%, 1, 0, 4, 1317.44
1775254923, 1347, 88, 365, 0, 0, 0.54%, 1, 0, 4, 1514.24
1775254928, 1347, 153, 365, 0, 0, 0.54%, 1, 0, 4, 1384.86
1775254933, 1347, 223, 365, 0, 0, 0.54%, 1, 0, 4, 1416.72
1775254938, 1347, 266, 365, 0, 0, 0.54%, 1, 0, 4, 1395.60
1775254943, 1347, 322, 365, 0, 0, 0.54%, 1, 0, 4, 1252.47
1775254949, 1348, 31, 365, 0, 0, 0.54%, 1, 0, 4, 1384.97
1775254954, 1348, 63, 365, 0, 0, 0.54%, 1, 0, 4, 1415.81
1775254959, 1348, 108, 365, 0, 0, 0.54%, 1, 0, 4, 1411.86
1775254964, 1348, 182, 365, 0, 0, 0.54%, 1, 0, 4, 1375.97
1775254969, 1348, 261, 365, 0, 0, 0.54%, 1, 0, 4, 1432.66
1775254974, 1348, 288, 365, 0, 0, 0.54%, 1, 0, 4, 1323.15
1775254979, 1349, 29, 365, 0, 0, 0.54%, 1, 0, 4, 1327.86
1775254984, 1349, 71, 365, 0, 0, 0.54%, 1, 0, 4, 1451.77
1775254989, 1349, 101, 365, 0, 0, 0.54%, 1, 0, 4, 1334.74
1775254995, 1349, 170, 365, 0, 0, 0.54%, 1, 0, 4, 1374.56
1775255000, 1349, 261, 365, 0, 0, 0.54%, 1, 0, 4, 1385.76
1775255005, 1349, 322, 365, 0, 0, 0.54%, 1, 0, 4, 1437.47
1775255010, 1350, 29, 365, 0, 0, 0.54%, 1, 0, 4, 1527.26
1775255015, 1350, 63, 365, 0, 0, 0.54%, 1, 0, 4, 1530.49
1775255020, 1350, 157, 365, 0, 0, 0.54%, 1, 0, 4, 1578.57
1775255025, 1350, 261, 365, 0, 0, 0.54%, 1, 0, 4, 1422.32
1775255030, 1350, 322, 365, 0, 0, 0.54%, 1, 0, 4, 1381.97
1775255035, 1351, 33, 365, 0, 0, 0.54%, 1, 0, 4, 1513.67
1775255041, 1351, 63, 365, 0, 0, 0.54%, 1, 0, 4, 1452.81
1775255046, 1351, 108, 365, 0, 0, 0.54%, 1, 0, 4, 1429.92
1775255051, 1351, 236, 365, 0, 0, 0.54%, 1, 0, 4, 1437.39
1775255056, 1351, 275, 365, 0, 0, 0.54%, 1, 0, 4, 1427.39
1775255061, 1351, 360, 365, 0, 0, 0.54%, 1, 0, 4, 1399.18
1775255066, 1352, 33, 365, 0, 0, 0.54%, 1, 0, 4, 1508.93
1775255071, 1352, 78, 365, 0, 0, 0.54%, 1, 0, 4, 1523.49
1775255076, 1352, 108, 365, 0, 0, 0.54%, 1, 0, 4, 1394.09
1775255081, 1352, 195, 365, 0, 0, 0.54%, 1, 0, 4, 1447.46
1775255086, 1352, 274, 365, 0, 0, 0.54%, 1, 0, 4, 1469.65
1775255091, 1352, 311, 365, 0, 0, 0.54%, 1, 0, 4, 1232.45
1775255096, 1353, 33, 365, 0, 0, 0.54%, 1, 0, 4, 1450.77
1775255102, 1353, 90, 365, 0, 0, 0.54%, 1, 0, 4, 1546.27
1775255107, 1353, 121, 365, 0, 0, 0.54%, 1, 0, 4, 1373.89
1775255112, 1353, 165, 365, 0, 0, 0.54%, 1, 0, 4, 1256.56
1775255117, 1353, 274, 365, 0, 0, 0.54%, 1, 0, 4, 1334.30
1775255122, 1353, 332, 365, 0, 0, 0.54%, 1, 0, 4, 1230.08
1775255127, 1354, 29, 365, 0, 0, 0.54%, 1, 0, 4, 1275.07
1775255132, 1354, 63, 365, 0, 0, 0.54%, 1, 0, 4, 1459.55
1775255137, 1354, 101, 365, 0, 0, 0.54%, 1, 0, 4, 1435.18
1775255142, 1354, 178, 365, 0, 0, 0.54%, 1, 0, 4, 1406.75
1775255148, 1354, 270, 365, 0, 0, 0.54%, 1, 0, 4, 1426.27
1775255153, 1355, 9, 365, 0, 0, 0.54%, 1, 0, 4, 1398.37
1775255158, 1355, 64, 365, 0, 0, 0.54%, 1, 0, 4, 1481.99
1775255163, 1355, 106, 365, 0, 0, 0.54%, 1, 0, 4, 1525.22
1775255168, 1355, 179, 365, 0, 0, 0.54%, 1, 0, 4, 1429.74
1775255173, 1355, 221, 365, 0, 0, 0.54%, 1, 0, 4, 1533.06
1775255178, 1355, 274, 365, 0, 0, 0.54%, 1, 0, 4, 1393.76
1775255183, 1356, 1, 365, 0, 0, 0.54%, 1, 0, 4, 1281.11
1775255188, 1356, 63, 365, 0, 0, 0.54%, 1, 0, 4, 1472.03
1775255193, 1356, 102, 365, 0, 0, 0.54%, 1, 0, 4, 1479.90
1775255198, 1356, 207, 365, 0, 0, 0.54%, 1, 0, 4, 1534.93
1775255204, 1356, 291, 365, 0, 0, 0.54%, 1, 0, 4, 1401.52
1775255209, 1357, 14, 365, 0, 0, 0.54%, 1, 0, 4, 1350.64
1775255214, 1357, 33, 365, 0, 0, 0.54%, 1, 0, 4, 1385.73
1775255219, 1357, 91, 365, 0, 0, 0.54%, 1, 0, 4, 1449.12
1775255224, 1357, 158, 365, 0, 0, 0.54%, 1, 0, 4, 1327.61
1775255229, 1357, 211, 365, 0, 0, 0.54%, 1, 0, 4, 1416.98
1775255234, 1357, 274, 365, 0, 0, 0.54%, 1, 0, 4, 1343.98
1775255239, 1357, 349, 365, 0, 0, 0.54%, 1, 0, 4, 1246.07
1775255244, 1358, 33, 365, 0, 0, 0.54%, 1, 0, 4, 1353.01
1775255249, 1358, 70, 365, 0, 0, 0.54%, 1, 0, 4, 1426.59
1775255254, 1358, 156, 365, 0, 0, 0.54%, 1, 0, 4, 1457.33
1775255259, 1358, 265, 365, 0, 0, 0.54%, 1, 0, 4, 1605.41
1775255264, 1358, 296, 365, 0, 0, 0.54%, 1, 0, 4, 1366.38
1775255269, 1359, 33, 365, 0, 0, 0.54%, 1, 0, 4, 1472.11
1775255275, 1359, 73, 365, 0, 0, 0.54%, 1, 0, 4, 1394.17
1775255280, 1359, 108, 365, 0, 0, 0.54%, 1, 0, 4, 1318.54
1775255285, 1359, 261, 365, 0, 0, 0.54%, 1, 0, 4, 1417.51
1775255290, 1359, 360, 365, 0, 0, 0.54%, 1, 0, 4, 1388.05
1775255295, 1360, 9, 365, 0, 0, 0.54%, 1, 0, 4, 1382.00
1775255300, 1360, 57, 365, 0, 0, 0.54%, 1, 0, 4, 1416.06
1775255305, 1360, 103, 365, 0, 0, 0.54%, 1, 0, 4, 1619.44
1775255310, 1360, 146, 365, 0, 0, 0.54%, 1, 0, 4, 1573.57
1775255315, 1360, 274, 365, 0, 0, 0.54%, 1, 0, 4, 1440.86
1775255320, 1360, 360, 365, 0, 0, 0.54%, 1, 0, 4, 1326.33
1775255325, 1361, 29, 365, 0, 0, 0.54%, 1, 0, 4, 1475.91
1775255330, 1361, 63, 365, 0, 0, 0.54%, 1, 0, 4, 1413.98
1775255335, 1361, 120, 365, 0, 0, 0.54%, 1, 0, 4, 1358.86
1775255340, 1361, 225, 365, 0, 0, 0.54%, 1, 0, 4, 1420.57
1775255345, 1361, 275, 365, 0, 0, 0.54%, 1, 0, 4, 1433.74
1775255351, 1361, 333, 365, 0, 0, 0.54%, 1, 0, 4, 1176.66
1775255356, 1362, 33, 365, 0, 0, 0.54%, 1, 0, 4, 1249.96
1775255361, 1362, 89, 365, 0, 0, 0.54%, 1, 0, 4, 1339.87
1775255366, 1362, 146, 365, 0, 0, 0.54%, 1, 0, 4, 1308.83
1775255371, 1362, 265, 365, 0, 0, 0.54%, 1, 0, 4, 1401.56
1775255376, 1362, 322, 365, 0, 0, 0.54%, 1, 0, 4, 1267.07
1775255381, 1363, 33, 365, 0, 0, 0.54%, 1, 0, 4, 1681.63
1775255386, 1363, 71, 365, 0, 0, 0.54%, 1, 0, 4, 1500.36
1775255391, 1363, 110, 365, 0, 0, 0.54%, 1, 0, 4, 1374.12
1775255397, 1363, 252, 365, 0, 0, 0.54%, 1, 0, 4, 1372.11
1775255402, 1363, 276, 365, 0, 0, 0.54%, 1, 0, 4, 1326.64
1775255407, 1364, 21, 365, 0, 0, 0.54%, 1, 0, 4, 1371.58
1775255412, 1364, 41, 365, 0, 0, 0.54%, 1, 0, 4, 1402.30
1775255417, 1364, 97, 365, 0, 0, 0.54%, 1, 0, 4, 1370.58
1775255422, 1364, 173, 365, 0, 0, 0.54%, 1, 0, 4, 1382.44
1775255427, 1364, 246, 365, 0, 0, 0.54%, 1, 0, 4, 332.17
1775255432, 1364, 303, 365, 0, 0, 0.54%, 1, 0, 4, 1121.94
1775255437, 1365, 15, 365, 0, 0, 0.54%, 1, 0, 4, 1201.42
1775255443, 1365, 64, 365, 0, 0, 0.54%, 1, 0, 4, 1397.92
1775255448, 1365, 103, 365, 0, 0, 0.54%, 1, 0, 4, 1346.52
1775255453, 1365, 244, 365, 0, 0, 0.54%, 1, 0, 4, 1332.59
1775255458, 1365, 275, 365, 0, 0, 0.54%, 1, 0, 4, 1364.18
1775255463, 1366, 29, 365, 0, 0, 0.54%, 1, 0, 4, 1409.75
1775255468, 1366, 63, 365, 0, 0, 0.54%, 1, 0, 4, 1426.47
1775255473, 1366, 118, 365, 0, 0, 0.54%, 1, 0, 4, 1490.43
1775255478, 1366, 207, 365, 0, 0, 0.54%, 1, 0, 4, 1393.17
1775255483, 1366, 276, 365, 0, 0, 0.54%, 1, 0, 4, 1393.22
1775255488, 1367, 29, 365, 0, 0, 0.54%, 1, 0, 4, 1353.19
1775255493, 1367, 64, 365, 0, 0, 0.54%, 1, 0, 4, 1404.51
1775255499, 1367, 93, 365, 0, 0, 0.54%, 1, 0, 4, 1262.72
1775255504, 1367, 144, 365, 0, 0, 0.54%, 1, 0, 4, 1356.74
1775255509, 1367, 261, 365, 0, 0, 0.54%, 1, 0, 4, 1457.97
1775255514, 1367, 358, 365, 0, 0, 0.54%, 1, 0, 4, 1432.74
1775255519, 1368, 29, 365, 0, 0, 0.54%, 1, 0, 4, 1435.35
1775255524, 1368, 64, 365, 0, 0, 0.54%, 1, 0, 4, 1438.29
1775255529, 1368, 158, 365, 0, 0, 0.54%, 1, 0, 4, 1422.22
1775255534, 1368, 265, 365, 0, 0, 0.54%, 1, 0, 4, 1478.42
1775255540, 1368, 354, 365, 0, 0, 0.54%, 1, 0, 4, 1267.82
1775255545, 1369, 29, 365, 0, 0, 0.54%, 1, 0, 4, 1360.48
1775255550, 1369, 64, 365, 0, 0, 0.54%, 1, 0, 4, 1479.61
1775255555, 1369, 103, 365, 0, 0, 0.54%, 1, 0, 4, 1386.84
1775255560, 1369, 170, 365, 0, 0, 0.54%, 1, 0, 4, 1318.01
1775255565, 1369, 226, 365, 0, 0, 0.54%, 1, 0, 4, 1294.36
1775255570, 1369, 275, 365, 0, 0, 0.54%, 1, 0, 4, 1270.70
1775255575, 1370, 1, 365, 0, 0, 0.54%, 1, 0, 4, 1106.11
1775255580, 1370, 31, 365, 0, 0, 0.54%, 1, 0, 4, 1723.23
1775255585, 1370, 72, 365, 0, 0, 0.54%, 1, 0, 4, 1413.28
1775255591, 1370, 105, 365, 0, 0, 0.54%, 1, 0, 4, 1272.44
1775255596, 1370, 238, 365, 0, 0, 0.54%, 1, 0, 4, 1342.45
1775255601, 1370, 282, 365, 0, 0, 0.54%, 1, 0, 4, 1298.57
1775255606, 1371, 23, 365, 0, 0, 0.54%, 1, 0, 4, 1584.36
1775255611, 1371, 63, 365, 0, 0, 0.54%, 1, 0, 4, 1500.75
1775255616, 1371, 103, 365, 0, 0, 0.54%, 1, 0, 4, 1319.42
1775255621, 1371, 261, 365, 0, 0, 0.54%, 1, 0, 4, 1405.75
1775255626, 1371, 320, 365, 0, 0, 0.54%, 1, 0, 4, 1393.25
1775255632, 1371, 360, 365, 0, 0, 0.54%, 1, 0, 4, 221.77
1775255637, 1372, 31, 365, 0, 0, 0.54%, 1, 0, 4, 1246.54
1775255642, 1372, 86, 365, 0, 0, 0.54%, 1, 0, 4, 1430.30
1775255647, 1372, 168, 365, 0, 0, 0.54%, 1, 0, 4, 1397.45
1775255652, 1372, 262, 365, 0, 0, 0.54%, 1, 0, 4, 1356.89
1775255657, 1372, 316, 365, 0, 0, 0.54%, 1, 0, 4, 1412.44
1775255662, 1373, 29, 365, 0, 0, 0.54%, 1, 0, 4, 1288.48
1775255667, 1373, 51, 365, 0, 0, 0.54%, 1, 0, 4, 1327.54
1775255672, 1373, 92, 365, 0, 0, 0.54%, 1, 0, 4, 1411.53
1775255678, 1373, 205, 365, 0, 0, 0.54%, 1, 0, 4, 1453.89
1775255683, 1373, 265, 365, 0, 0, 0.54%, 1, 0, 4, 1436.26
1775255688, 1373, 322, 365, 0, 0, 0.54%, 1, 0, 4, 1390.86
1775255693, 1374, 33, 365, 0, 0, 0.54%, 1, 0, 4, 1414.68
1775255698, 1374, 101, 365, 0, 0, 0.54%, 1, 0, 4, 1377.28
1775255703, 1374, 163, 365, 0, 0, 0.54%, 1, 0, 4, 1291.51
1775255708, 1374, 275, 365, 0, 0, 0.54%, 1, 0, 4, 1366.80
1775255713, 1375, 24, 365, 0, 0, 0.54%, 1, 0, 4, 1279.56
1775255718, 1375, 64, 365, 0, 0, 0.54%, 1, 0, 4, 1504.42
1775255724, 1375, 185, 365, 0, 0, 0.54%, 1, 0, 4, 1409.86
1775255729, 1375, 275, 365, 0, 0, 0.54%, 1, 0, 4, 1386.08
1775255734, 1376, 9, 365, 0, 0, 0.54%, 1, 0, 4, 1327.45
1775255739, 1376, 64, 365, 0, 0, 0.54%, 1, 0, 4, 1422.00
1775255744, 1376, 89, 365, 0, 0, 0.54%, 1, 0, 4, 1507.76
1775255749, 1376, 159, 365, 0, 0, 0.54%, 1, 0, 4, 1464.09
1775255754, 1376, 265, 365, 0, 0, 0.54%, 1, 0, 4, 1414.28
1775255759, 1377, 1, 365, 0, 0, 0.54%, 1, 0, 4, 1356.19
1775255764, 1377, 34, 365, 0, 0, 0.54%, 1, 0, 4, 1385.35
1775255770, 1377, 101, 365, 0, 0, 0.54%, 1, 0, 4, 1554.49
1775255775, 1377, 158, 365, 0, 0, 0.54%, 1, 0, 4, 1374.35
1775255780, 1377, 253, 365, 0, 0, 0.54%, 1, 0, 4, 1501.81
1775255785, 1377, 317, 365, 0, 0, 0.54%, 1, 0, 4, 1404.39
1775255790, 1378, 33, 365, 0, 0, 0.54%, 1, 0, 4, 1443.79
1775255795, 1378, 96, 365, 0, 0, 0.54%, 1, 0, 4, 1385.91
1775255800, 1378, 201, 365, 0, 0, 0.54%, 1, 0, 4, 1533.37
1775255805, 1378, 274, 365, 0, 0, 0.54%, 1, 0, 4, 1519.55
1775255810, 1378, 317, 365, 0, 0, 0.54%, 1, 0, 4, 1389.16
1775255816, 1379, 31, 365, 0, 0, 0.54%, 1, 0, 4, 1619.75
1775255821, 1379, 89, 365, 0, 0, 0.54%, 1, 0, 4, 1482.88
1775255826, 1379, 261, 365, 0, 0, 0.54%, 1, 0, 4, 1471.25
1775255831, 1379, 302, 365, 0, 0, 0.54%, 1, 0, 4, 1384.02
1775255836, 1380, 33, 365, 0, 0, 0.54%, 1, 0, 4, 1427.95
1775255841, 1380, 101, 365, 0, 0, 0.54%, 1, 0, 4, 1464.58
1775255846, 1380, 228, 365, 0, 0, 0.54%, 1, 0, 4, 1448.94
1775255851, 1380, 266, 365, 0, 0, 0.54%, 1, 0, 4, 1436.67
1775255856, 1381, 9, 365, 0, 0, 0.54%, 1, 0, 4, 1369.09
1775255861, 1381, 49, 365, 0, 0, 0.54%, 1, 0, 4, 1398.96
1775255866, 1381, 103, 365, 0, 0, 0.54%, 1, 0, 4, 1393.63
1775255872, 1381, 167, 365, 0, 0, 0.54%, 1, 0, 4, 1276.89
1775255877, 1381, 185, 365, 0, 0, 0.54%, 1, 0, 4, 1366.40
1775255882, 1381, 262, 365, 0, 0, 0.54%, 1, 0, 4, 1417.14
1775255887, 1381, 322, 365, 0, 0, 0.54%, 1, 0, 4, 1317.01
1775255892, 1382, 58, 365, 0, 0, 0.54%, 1, 0, 4, 1480.87
1775255897, 1382, 108, 365, 0, 0, 0.54%, 1, 0, 4, 1464.99
1775255902, 1382, 160, 365, 0, 0, 0.54%, 1, 0, 4, 1470.81
1775255907, 1382, 256, 365, 0, 0, 0.54%, 1, 0, 4, 1472.49
1775255913, 1382, 285, 365, 0, 0, 0.54%, 1, 0, 4, 1351.82
1775255918, 1383, 9, 365, 0, 0, 0.54%, 1, 0, 4, 1322.81
1775255923, 1383, 63, 365, 0, 0, 0.54%, 1, 0, 4, 1413.01
1775255928, 1383, 142, 365, 0, 0, 0.54%, 1, 0, 4, 1323.58
1775255933, 1383, 217, 365, 0, 0, 0.54%, 1, 0, 4, 1319.56
1775255938, 1383, 295, 365, 0, 0, 0.54%, 1, 0, 4, 1387.45
1775255943, 1384, 14, 365, 0, 0, 0.54%, 1, 0, 4, 1356.46
1775255948, 1384, 60, 365, 0, 0, 0.54%, 1, 0, 4, 1431.86
1775255953, 1384, 108, 365, 0, 0, 0.54%, 1, 0, 4, 1434.04
1775255958, 1384, 219, 365, 0, 0, 0.54%, 1, 0, 4, 1452.25
1775255964, 1384, 261, 365, 0, 0, 0.54%, 1, 0, 4, 1400.92
1775255969, 1384, 283, 365, 0, 0, 0.54%, 1, 0, 4, 556.46
1775255974, 1385, 29, 365, 0, 0, 0.54%, 1, 0, 4, 1240.49
1775255979, 1385, 58, 365, 0, 0, 0.54%, 1, 0, 4, 1407.52
1775255984, 1385, 101, 365, 0, 0, 0.54%, 1, 0, 4, 1503.32
1775255989, 1385, 258, 365, 0, 0, 0.54%, 1, 0, 4, 1426.71
1775255994, 1385, 281, 365, 0, 0, 0.54%, 1, 0, 4, 1386.32
1775255999, 1386, 9, 365, 0, 0, 0.54%, 1, 0, 4, 1383.80
1775256004, 1386, 58, 365, 0, 0, 0.54%, 1, 0, 4, 1461.03
1775256009, 1386, 108, 365, 0, 0, 0.54%, 1, 0, 4, 1445.07
1775256014, 1386, 265, 365, 0, 0, 0.54%, 1, 0, 4, 1493.66
1775256019, 1386, 322, 365, 0, 0, 0.54%, 1, 0, 4, 1354.69
1775256024, 1387, 49, 365, 0, 0, 0.54%, 1, 0, 4, 1340.05
1775256029, 1387, 101, 365, 0, 0, 0.54%, 1, 0, 4, 1408.59
1775256034, 1387, 194, 365, 0, 0, 0.54%, 1, 0, 4, 1449.49
1775256040, 1387, 274, 365, 0, 0, 0.54%, 1, 0, 4, 1360.25
1775256045, 1388, 9, 365, 0, 0, 0.54%, 1, 0, 4, 1428.38
1775256050, 1388, 63, 365, 0, 0, 0.54%, 1, 0, 4, 1484.16
1775256055, 1388, 108, 365, 0, 0, 0.54%, 1, 0, 4, 1461.76
1775256060, 1388, 261, 365, 0, 0, 0.54%, 1, 0, 4, 1471.64
1775256065, 1388, 290, 365, 0, 0, 0.54%, 1, 0, 4, 1391.96
1775256070, 1389, 29, 365, 0, 0, 0.54%, 1, 0, 4, 1300.85
1775256075, 1389, 63, 365, 0, 0, 0.54%, 1, 0, 4, 1420.88
1775256080, 1389, 108, 365, 0, 0, 0.54%, 1, 0, 4, 1531.98
1775256085, 1389, 158, 365, 0, 0, 0.54%, 1, 0, 4, 1413.18
1775256090, 1389, 265, 365, 0, 0, 0.54%, 1, 0, 4, 1459.53
1775256095, 1389, 362, 365, 0, 0, 0.54%, 1, 0, 4, 1189.34
1775256100, 1390, 37, 365, 0, 0, 0.54%, 1, 0, 4, 1327.19
1775256106, 1390, 98, 365, 0, 0, 0.54%, 1, 0, 4, 1401.04
1775256111, 1390, 114, 365, 0, 0, 0.54%, 1, 0, 4, 1328.47
1775256116, 1390, 237, 365, 0, 0, 0.54%, 1, 0, 4, 1325.64
1775256121, 1390, 283, 365, 0, 0, 0.54%, 1, 0, 4, 1383.40
1775256126, 1390, 358, 365, 0, 0, 0.54%, 1, 0, 4, 1385.08
1775256131, 1391, 31, 365, 0, 0, 0.54%, 1, 0, 4, 1501.86
1775256136, 1391, 89, 365, 0, 0, 0.54%, 1, 0, 4, 1500.50
1775256141, 1391, 126, 365, 0, 0, 0.54%, 1, 0, 4, 1469.04
1775256146, 1391, 182, 365, 0, 0, 0.54%, 1, 0, 4, 445.35
1775256152, 1391, 261, 365, 0, 0, 0.54%, 1, 0, 4, 1178.45
1775256157, 1391, 301, 365, 0, 0, 0.54%, 1, 0, 4, 1411.78
1775256162, 1392, 29, 365, 0, 0, 0.54%, 1, 0, 4, 1299.00
1775256167, 1392, 65, 365, 0, 0, 0.54%, 1, 0, 4, 1391.91
1775256172, 1392, 106, 365, 0, 0, 0.54%, 1, 0, 4, 1373.73
1775256177, 1392, 180, 365, 0, 0, 0.54%, 1, 0, 4, 1458.35
1775256182, 1392, 261, 365, 0, 0, 0.54%, 1, 0, 4, 1435.51
1775256187, 1392, 317, 365, 0, 0, 0.54%, 1, 0, 4, 1351.71
1775256192, 1393, 29, 365, 0, 0, 0.54%, 1, 0, 4, 1351.64
1775256197, 1393, 77, 365, 0, 0, 0.54%, 1, 0, 4, 1420.95
1775256202, 1393, 108, 365, 0, 0, 0.54%, 1, 0, 4, 1502.53
1775256207, 1393, 159, 365, 0, 0, 0.54%, 1, 0, 4, 1496.82
1775256213, 1393, 195, 365, 0, 0, 0.54%, 1, 0, 4, 1302.66
1775256218, 1393, 261, 365, 0, 0, 0.54%, 1, 0, 4, 1390.09
1775256223, 1393, 298, 365, 0, 0, 0.54%, 1, 0, 4, 1378.01
1775256228, 1394, 29, 365, 0, 0, 0.54%, 1, 0, 4, 1387.51
1775256233, 1394, 68, 365, 0, 0, 0.54%, 1, 0, 4, 1600.07
1775256238, 1394, 117, 365, 0, 0, 0.54%, 1, 0, 4, 1478.41
1775256243, 1394, 161, 365, 0, 0, 0.54%, 1, 0, 4, 1486.39
1775256248, 1394, 275, 365, 0, 0, 0.54%, 1, 0, 4, 1473.23
1775256253, 1395, 27, 365, 0, 0, 0.54%, 1, 0, 4, 1324.09
1775256259, 1395, 58, 365, 0, 0, 0.54%, 1, 0, 4, 1418.82
1775256264, 1395, 108, 365, 0, 0, 0.54%, 1, 0, 4, 1421.32
1775256269, 1395, 160, 365, 0, 0, 0.54%, 1, 0, 4, 1347.68
1775256274, 1395, 225, 365, 0, 0, 0.54%, 1, 0, 4, 1367.42
1775256279, 1395, 275, 365, 0, 0, 0.54%, 1, 0, 4, 1534.56
1775256284, 1396, 9, 365, 0, 0, 0.54%, 1, 0, 4, 1288.82
1775256289, 1396, 58, 365, 0, 0, 0.54%, 1, 0, 4, 1365.13
1775256295, 1396, 102, 365, 0, 0, 0.54%, 1, 0, 4, 1341.24
1775256300, 1396, 172, 365, 0, 0, 0.54%, 1, 0, 4, 1462.31
1775256305, 1396, 296, 365, 0, 0, 0.54%, 1, 0, 4, 1375.02
1775256310, 1396, 360, 365, 0, 0, 0.54%, 1, 0, 4, 1387.01
1775256315, 1397, 31, 365, 0, 0, 0.54%, 1, 0, 4, 1483.90
1775256320, 1397, 93, 365, 0, 0, 0.54%, 1, 0, 4, 1406.27
1775256325, 1397, 173, 365, 0, 0, 0.54%, 1, 0, 4, 1426.14
1775256330, 1397, 249, 365, 0, 0, 0.54%, 1, 0, 4, 1392.01
1775256335, 1397, 277, 365, 0, 0, 0.54%, 1, 0, 4, 1339.33
1775256340, 1398, 9, 365, 0, 0, 0.54%, 1, 0, 4, 1456.73
1775256345, 1398, 63, 365, 0, 0, 0.54%, 1, 0, 4, 1500.11
1775256351, 1398, 103, 365, 0, 0, 0.54%, 1, 0, 4, 1354.96
1775256356, 1398, 187, 365, 0, 0, 0.54%, 1, 0, 4, 1497.91
1775256361, 1398, 265, 365, 0, 0, 0.54%, 1, 0, 4, 1454.60
1775256366, 1398, 322, 365, 0, 0, 0.54%, 1, 0, 4, 1355.14
1775256371, 1399, 25, 365, 0, 0, 0.54%, 1, 0, 4, 1334.41
1775256376, 1399, 60, 365, 0, 0, 0.54%, 1, 0, 4, 1420.84
1775256381, 1399, 108, 365, 0, 0, 0.54%, 1, 0, 4, 1457.80
1775256386, 1399, 163, 365, 0, 0, 0.54%, 1, 0, 4, 1493.97
1775256392, 1399, 274, 365, 0, 0, 0.54%, 1, 0, 4, 1427.03
1775256397, 1399, 358, 365, 0, 0, 0.54%, 1, 0, 4, 1196.03
1775256402, 1400, 31, 365, 0, 0, 0.54%, 1, 0, 4, 1401.62
1775256407, 1400, 89, 365, 0, 0, 0.54%, 1, 0, 4, 1461.40
1775256412, 1400, 147, 365, 0, 0, 0.54%, 1, 0, 4, 1506.69
1775256417, 1400, 261, 365, 0, 0, 0.54%, 1, 0, 4, 1475.33
1775256422, 1400, 276, 365, 0, 0, 0.54%, 1, 0, 4, 1371.08
1775256427, 1400, 360, 365, 0, 0, 0.54%, 1, 0, 4, 1373.28
1775256432, 1401, 31, 365, 0, 0, 0.54%, 1, 0, 4, 1460.73
1775256437, 1401, 89, 365, 0, 0, 0.54%, 1, 0, 4, 1575.33
1775256443, 1401, 165, 365, 0, 0, 0.54%, 1, 0, 4, 1440.58
1775256448, 1401, 238, 365, 0, 0, 0.54%, 1, 0, 4, 1411.51
1775256453, 1401, 276, 365, 0, 0, 0.54%, 1, 0, 4, 1436.90
1775256458, 1402, 15, 365, 0, 0, 0.54%, 1, 0, 4, 1464.43
1775256463, 1402, 51, 365, 0, 0, 0.54%, 1, 0, 4, 1451.67
1775256468, 1402, 101, 365, 0, 0, 0.54%, 1, 0, 4, 1397.97
1775256473, 1402, 162, 365, 0, 0, 0.54%, 1, 0, 4, 1325.78
1775256478, 1402, 237, 365, 0, 0, 0.54%, 1, 0, 4, 1396.20
1775256483, 1402, 276, 365, 0, 0, 0.54%, 1, 0, 4, 1309.55
1775256489, 1403, 4, 365, 0, 0, 0.54%, 1, 0, 4, 1310.57
1775256494, 1403, 29, 365, 0, 0, 0.54%, 1, 0, 4, 1380.90
1775256499, 1403, 50, 365, 0, 0, 0.54%, 1, 0, 4, 1420.58
1775256504, 1403, 94, 365, 0, 0, 0.54%, 1, 0, 4, 1497.87
1775256509, 1403, 123, 365, 0, 0, 0.54%, 1, 0, 4, 1437.28
1775256514, 1403, 265, 365, 0, 0, 0.54%, 1, 0, 4, 1473.62
1775256519, 1403, 306, 365, 0, 0, 0.54%, 1, 0, 4, 1329.97
1775256524, 1404, 29, 365, 0, 0, 0.54%, 1, 0, 4, 1358.26
1775256529, 1404, 64, 365, 0, 0, 0.54%, 1, 0, 4, 1433.34
1775256534, 1404, 114, 365, 0, 0, 0.54%, 1, 0, 4, 1463.40
1775256540, 1404, 199, 365, 0, 0, 0.54%, 1, 0, 4, 1469.18
1775256545, 1404, 229, 365, 0, 0, 0.54%, 1, 0, 4, 1447.72
1775256550, 1404, 266, 365, 0, 0, 0.54%, 1, 0, 4, 1337.57
1775256555, 1404, 345, 365, 0, 0, 0.54%, 1, 0, 4, 1206.45
1775256560, 1405, 58, 365, 0, 0, 0.54%, 1, 0, 4, 1450.72
1775256565, 1405, 108, 365, 0, 0, 0.54%, 1, 0, 4, 1353.44
1775256570, 1405, 161, 365, 0, 0, 0.54%, 1, 0, 4, 1263.98
1775256575, 1405, 261, 365, 0, 0, 0.54%, 1, 0, 4, 1366.16
1775256581, 1405, 296, 365, 0, 0, 0.54%, 1, 0, 4, 1208.02
1775256586, 1406, 29, 365, 0, 0, 0.54%, 1, 0, 4, 1287.57
1775256591, 1406, 65, 365, 0, 0, 0.54%, 1, 0, 4, 1406.07
1775256596, 1406, 108, 365, 0, 0, 0.54%, 1, 0, 4, 1332.61
1775256601, 1406, 183, 365, 0, 0, 0.54%, 1, 0, 4, 1383.86
1775256606, 1406, 251, 365, 0, 0, 0.54%, 1, 0, 4, 1278.56
1775256611, 1406, 275, 365, 0, 0, 0.54%, 1, 0, 4, 1382.77
1775256616, 1407, 31, 365, 0, 0, 0.54%, 1, 0, 4, 1464.96
1775256621, 1407, 64, 365, 0, 0, 0.54%, 1, 0, 4, 1381.66
1775256627, 1407, 108, 365, 0, 0, 0.54%, 1, 0, 4, 1433.34
1775256632, 1407, 158, 365, 0, 0, 0.54%, 1, 0, 4, 1325.41
1775256637, 1407, 261, 365, 0, 0, 0.54%, 1, 0, 4, 1481.58
1775256642, 1407, 314, 365, 0, 0, 0.54%, 1, 0, 4, 1480.10
1775256647, 1408, 31, 365, 0, 0, 0.54%, 1, 0, 4, 1406.56
1775256652, 1408, 89, 365, 0, 0, 0.54%, 1, 0, 4, 1399.42
1775256657, 1408, 133, 365, 0, 0, 0.54%, 1, 0, 4, 1400.55
1775256662, 1408, 239, 365, 0, 0, 0.54%, 1, 0, 4, 1454.17
1775256667, 1408, 317, 365, 0, 0, 0.54%, 1, 0, 4, 1432.47
1775256673, 1409, 29, 365, 0, 0, 0.54%, 1, 0, 4, 1413.92
1775256678, 1409, 63, 365, 0, 0, 0.54%, 1, 0, 4, 1467.41
1775256683, 1409, 94, 365, 0, 0, 0.54%, 1, 0, 4, 1436.57
1775256688, 1409, 158, 365, 0, 0, 0.54%, 1, 0, 4, 1497.98
1775256693, 1409, 214, 365, 0, 0, 0.54%, 1, 0, 4, 1394.25
1775256698, 1409, 273, 365, 0, 0, 0.54%, 1, 0, 4, 1339.41
1775256703, 1410, 9, 365, 0, 0, 0.54%, 1, 0, 4, 1310.71
1775256708, 1410, 33, 365, 0, 0, 0.54%, 1, 0, 4, 1426.62
1775256713, 1410, 101, 365, 0, 0, 0.54%, 1, 0, 4, 1423.36
1775256718, 1410, 149, 365, 0, 0, 0.54%, 1, 0, 4, 1411.91
1775256723, 1410, 261, 365, 0, 0, 0.54%, 1, 0, 4, 1367.99
1775256728, 1410, 322, 365, 0, 0, 0.54%, 1, 0, 4, 1367.70
1775256733, 1411, 33, 365, 0, 0, 0.54%, 1, 0, 4, 1513.60
1775256739, 1411, 78, 365, 0, 0, 0.54%, 1, 0, 4, 1438.64
1775256744, 1411, 123, 365, 0, 0, 0.54%, 1, 0, 4, 1337.93
1775256749, 1411, 264, 365, 0, 0, 0.54%, 1, 0, 4, 1414.12
1775256754, 1411, 291, 365, 0, 0, 0.54%, 1, 0, 4, 1401.19
1775256759, 1412, 31, 365, 0, 0, 0.54%, 1, 0, 4, 1341.80
1775256764, 1412, 85, 365, 0, 0, 0.54%, 1, 0, 4, 1433.01
1775256769, 1412, 167, 365, 0, 0, 0.54%, 1, 0, 4, 1396.03
1775256774, 1412, 274, 365, 0, 0, 0.54%, 1, 0, 4, 1440.21
1775256779, 1412, 343, 365, 0, 0, 0.54%, 1, 0, 4, 1200.39
1775256785, 1413, 31, 365, 0, 0, 0.54%, 1, 0, 4, 1308.16
1775256790, 1413, 58, 365, 0, 0, 0.54%, 1, 0, 4, 1466.18
1775256795, 1413, 108, 365, 0, 0, 0.54%, 1, 0, 4, 1453.73
1775256800, 1413, 196, 365, 0, 0, 0.54%, 1, 0, 4, 1449.12
1775256805, 1413, 259, 365, 0, 0, 0.54%, 1, 0, 4, 1337.72
1775256810, 1413, 278, 365, 0, 0, 0.54%, 1, 0, 4, 1380.95
1775256815, 1413, 325, 365, 0, 0, 0.54%, 1, 0, 4, 1274.41
1775256820, 1414, 45, 365, 0, 0, 0.54%, 1, 0, 4, 1375.76
1775256825, 1414, 95, 365, 0, 0, 0.54%, 1, 0, 4, 1369.10
1775256830, 1414, 190, 365, 0, 0, 0.54%, 1, 0, 4, 1419.43
1775256836, 1414, 255, 365, 0, 0, 0.54%, 1, 0, 4, 1375.55
1775256841, 1414, 275, 365, 0, 0, 0.54%, 1, 0, 4, 1420.57
1775256846, 1415, 9, 365, 0, 0, 0.54%, 1, 0, 4, 1319.76
1775256851, 1415, 33, 365, 0, 0, 0.54%, 1, 0, 4, 1291.13
1775256856, 1415, 76, 365, 0, 0, 0.54%, 1, 0, 4, 1415.69
1775256861, 1415, 111, 365, 0, 0, 0.54%, 1, 0, 4, 1218.84
1775256866, 1415, 206, 365, 0, 0, 0.54%, 1, 0, 4, 1415.58
1775256871, 1415, 275, 365, 0, 0, 0.54%, 1, 0, 4, 1398.16
1775256876, 1416, 11, 365, 0, 0, 0.54%, 1, 0, 4, 1505.00
1775256881, 1416, 48, 365, 0, 0, 0.54%, 1, 0, 4, 1492.71
1775256886, 1416, 94, 365, 0, 0, 0.54%, 1, 0, 4, 1394.21
1775256892, 1416, 113, 365, 0, 0, 0.54%, 1, 0, 4, 1489.73
1775256897, 1416, 265, 365, 0, 0, 0.54%, 1, 0, 4, 1366.46
1775256902, 1417, 0, 365, 0, 0, 0.54%, 1, 0, 4, 1266.83
1775256907, 1417, 20, 365, 0, 0, 0.54%, 1, 0, 4, 1341.20
1775256912, 1417, 62, 365, 0, 0, 0.54%, 1, 0, 4, 1397.71
1775256917, 1417, 101, 365, 0, 0, 0.54%, 1, 0, 4, 1385.88
1775256922, 1417, 160, 365, 0, 0, 0.54%, 1, 0, 4, 1337.48
1775256927, 1417, 241, 365, 0, 0, 0.54%, 1, 0, 4, 1420.40
1775256932, 1417, 275, 365, 0, 0, 0.54%, 1, 0, 4, 1422.54
1775256937, 1418, 9, 365, 0, 0, 0.54%, 1, 0, 4, 1318.66
1775256942, 1418, 40, 365, 0, 0, 0.54%, 1, 0, 4, 1437.27
1775256947, 1418, 83, 365, 0, 0, 0.54%, 1, 0, 4, 852.86
1775256953, 1418, 108, 365, 0, 0, 0.54%, 1, 0, 4, 1378.23
1775256958, 1418, 261, 365, 0, 0, 0.54%, 1, 0, 4, 1410.29
1775256963, 1418, 345, 365, 0, 0, 0.54%, 1, 0, 4, 1325.14
1775256968, 1419, 22, 365, 0, 0, 0.54%, 1, 0, 4, 1336.92
1775256973, 1419, 58, 365, 0, 0, 0.54%, 1, 0, 4, 1402.59
1775256978, 1419, 101, 365, 0, 0, 0.54%, 1, 0, 4, 1445.60
1775256983, 1419, 122, 365, 0, 0, 0.54%, 1, 0, 4, 1399.02
1775256988, 1419, 265, 365, 0, 0, 0.54%, 1, 0, 4, 1329.33
1775256993, 1419, 313, 365, 0, 0, 0.54%, 1, 0, 4, 1246.44
1775256998, 1420, 29, 365, 0, 0, 0.54%, 1, 0, 4, 1384.29
1775257003, 1420, 48, 365, 0, 0, 0.54%, 1, 0, 4, 1355.19
1775257009, 1420, 108, 365, 0, 0, 0.54%, 1, 0, 4, 1271.77
1775257014, 1420, 143, 365, 0, 0, 0.54%, 1, 0, 4, 1252.56
1775257019, 1420, 257, 365, 0, 0, 0.54%, 1, 0, 4, 1418.42
1775257024, 1420, 298, 365, 0, 0, 0.54%, 1, 0, 4, 1330.39
1775257029, 1421, 9, 365, 0, 0, 0.54%, 1, 0, 4, 1300.88
1775257034, 1421, 33, 365, 0, 0, 0.54%, 1, 0, 4, 1468.36
1775257039, 1421, 75, 365, 0, 0, 0.54%, 1, 0, 4, 1290.21
1775257044, 1421, 108, 365, 0, 0, 0.54%, 1, 0, 4, 1388.15
1775257049, 1421, 238, 365, 0, 0, 0.54%, 1, 0, 4, 1249.79
1775257054, 1421, 293, 365, 0, 0, 0.54%, 1, 0, 4, 1339.39
1775257059, 1422, 9, 365, 0, 0, 0.54%, 1, 0, 4, 1361.55
1775257064, 1422, 42, 365, 0, 0, 0.54%, 1, 0, 4, 1371.45
1775257070, 1422, 81, 365, 0, 0, 0.54%, 1, 0, 4, 1355.09
1775257075, 1422, 121, 365, 0, 0, 0.54%, 1, 0, 4, 1365.05
1775257080, 1422, 231, 365, 0, 0, 0.54%, 1, 0, 4, 1404.85
1775257085, 1422, 275, 365, 0, 0, 0.54%, 1, 0, 4, 1429.32
1775257090, 1422, 353, 365, 0, 0, 0.54%, 1, 0, 4, 1210.30
1775257095, 1423, 58, 365, 0, 0, 0.54%, 1, 0, 4, 1383.67
1775257100, 1423, 89, 365, 0, 0, 0.54%, 1, 0, 4, 547.47
1775257105, 1423, 144, 365, 0, 0, 0.54%, 1, 0, 4, 1286.06
1775257110, 1423, 274, 365, 0, 0, 0.54%, 1, 0, 4, 1268.29
1775257115, 1423, 295, 365, 0, 0, 0.54%, 1, 0, 4, 1379.13
1775257120, 1424, 7, 365, 0, 0, 0.54%, 1, 0, 4, 1448.44
1775257126, 1424, 31, 365, 0, 0, 0.54%, 1, 0, 4, 1436.20
1775257131, 1424, 89, 365, 0, 0, 0.54%, 1, 0, 4, 1333.44
1775257136, 1424, 133, 365, 0, 0, 0.54%, 1, 0, 4, 1406.01
1775257141, 1424, 259, 365, 0, 0, 0.54%, 1, 0, 4, 1463.01
1775257146, 1424, 275, 365, 0, 0, 0.54%, 1, 0, 4, 542.26
1775257151, 1425, 29, 365, 0, 0, 0.54%, 1, 0, 4, 1317.15
1775257156, 1425, 84, 365, 0, 0, 0.54%, 1, 0, 4, 1350.89
1775257161, 1425, 113, 365, 0, 0, 0.54%, 1, 0, 4, 1423.32
1775257167, 1425, 180, 365, 0, 0, 0.54%, 1, 0, 4, 1517.34
1775257172, 1425, 274, 365, 0, 0, 0.54%, 1, 0, 4, 1608.93
1775257177, 1425, 358, 365, 0, 0, 0.54%, 1, 0, 4, 1430.34
1775257182, 1426, 31, 365, 0, 0, 0.54%, 1, 0, 4, 1488.36
1775257187, 1426, 71, 365, 0, 0, 0.54%, 1, 0, 4, 1516.52
1775257192, 1426, 139, 365, 0, 0, 0.54%, 1, 0, 4, 1481.14
1775257197, 1426, 222, 365, 0, 0, 0.54%, 1, 0, 4, 1408.06
1775257202, 1426, 275, 365, 0, 0, 0.54%, 1, 0, 4, 1397.85
1775257207, 1427, 29, 365, 0, 0, 0.54%, 1, 0, 4, 1385.84
1775257213, 1427, 61, 365, 0, 0, 0.54%, 1, 0, 4, 1373.63
1775257218, 1427, 101, 365, 0, 0, 0.54%, 1, 0, 4, 1469.35
1775257223, 1427, 187, 365, 0, 0, 0.54%, 1, 0, 4, 1514.84
1775257228, 1427, 291, 365, 0, 0, 0.54%, 1, 0, 4, 1418.91
1775257233, 1428, 31, 365, 0, 0, 0.54%, 1, 0, 4, 1569.61
1775257238, 1428, 63, 365, 0, 0, 0.54%, 1, 0, 4, 1428.47
1775257243, 1428, 90, 365, 0, 0, 0.54%, 1, 0, 4, 1447.54
1775257248, 1428, 147, 365, 0, 0, 0.54%, 1, 0, 4, 1387.94
1775257253, 1428, 261, 365, 0, 0, 0.54%, 1, 0, 4, 1397.80
1775257258, 1428, 275, 365, 0, 0, 0.54%, 1, 0, 4, 1363.57
1775257263, 1429, 9, 365, 0, 0, 0.54%, 1, 0, 4, 1373.78
1775257268, 1429, 89, 365, 0, 0, 0.54%, 1, 0, 4, 1576.95
1775257274, 1429, 177, 365, 0, 0, 0.54%, 1, 0, 4, 1495.81
1775257279, 1429, 257, 365, 0, 0, 0.54%, 1, 0, 4, 1480.56
1775257284, 1429, 275, 365, 0, 0, 0.54%, 1, 0, 4, 1392.07
1775257289, 1430, 13, 365, 0, 0, 0.54%, 1, 0, 4, 1291.79
1775257294, 1430, 63, 365, 0, 0, 0.54%, 1, 0, 4, 1500.34
1775257299, 1430, 103, 365, 0, 0, 0.54%, 1, 0, 4, 1456.75
1775257304, 1430, 239, 365, 0, 0, 0.54%, 1, 0, 4, 1432.47
1775257309, 1430, 276, 365, 0, 0, 0.54%, 1, 0, 4, 1476.44
1775257314, 1431, 29, 365, 0, 0, 0.54%, 1, 0, 4, 1385.99
1775257319, 1431, 63, 365, 0, 0, 0.54%, 1, 0, 4, 1580.43
1775257324, 1431, 103, 365, 0, 0, 0.54%, 1, 0, 4, 1525.71
1775257329, 1431, 135, 365, 0, 0, 0.54%, 1, 0, 4, 1341.79
1775257335, 1431, 253, 365, 0, 0, 0.54%, 1, 0, 4, 1520.76
1775257340, 1431, 274, 365, 0, 0, 0.54%, 1, 0, 4, 1356.88
1775257345, 1432, 9, 365, 0, 0, 0.54%, 1, 0, 4, 1201.28
1775257350, 1432, 63, 365, 0, 0, 0.54%, 1, 0, 4, 1339.06
1775257355, 1432, 111, 365, 0, 0, 0.54%, 1, 0, 4, 1428.50
1775257360, 1432, 261, 365, 0, 0, 0.54%, 1, 0, 4, 1364.84
1775257365, 1432, 303, 365, 0, 0, 0.54%, 1, 0, 4, 1324.58
1775257370, 1433, 31, 365, 0, 0, 0.54%, 1, 0, 4, 1436.05
1775257375, 1433, 85, 365, 0, 0, 0.54%, 1, 0, 4, 1466.93
1775257380, 1433, 197, 365, 0, 0, 0.54%, 1, 0, 4, 1376.20
1775257385, 1433, 274, 365, 0, 0, 0.54%, 1, 0, 4, 1457.99
1775257390, 1433, 358, 365, 0, 0, 0.54%, 1, 0, 4, 1385.22
1775257395, 1434, 13, 365, 0, 0, 0.54%, 1, 0, 4, 1435.59
1775257400, 1434, 51, 365, 0, 0, 0.54%, 1, 0, 4, 1412.41
1775257406, 1434, 101, 365, 0, 0, 0.54%, 1, 0, 4, 1514.49
1775257411, 1434, 166, 365, 0, 0, 0.54%, 1, 0, 4, 1220.52
1775257416, 1434, 264, 365, 0, 0, 0.54%, 1, 0, 4, 1411.54
1775257421, 1434, 322, 365, 0, 0, 0.54%, 1, 0, 4, 1295.52
1775257426, 1435, 29, 365, 0, 0, 0.54%, 1, 0, 4, 1405.12
1775257431, 1435, 64, 365, 0, 0, 0.54%, 1, 0, 4, 1429.41
1775257436, 1435, 103, 365, 0, 0, 0.54%, 1, 0, 4, 1335.47
1775257441, 1435, 261, 365, 0, 0, 0.54%, 1, 0, 4, 1526.90
1775257446, 1435, 301, 365, 0, 0, 0.54%, 1, 0, 4, 1277.32
1775257451, 1436, 31, 365, 0, 0, 0.54%, 1, 0, 4, 1245.99
1775257456, 1436, 89, 365, 0, 0, 0.54%, 1, 0, 4, 1365.56
1775257462, 1436, 190, 365, 0, 0, 0.54%, 1, 0, 4, 1415.39
1775257467, 1436, 265, 365, 0, 0, 0.54%, 1, 0, 4, 1330.02
1775257472, 1436, 352, 365, 0, 0, 0.54%, 1, 0, 4, 1213.37
1775257477, 1437, 33, 365, 0, 0, 0.54%, 1, 0, 4, 1519.88
1775257482, 1437, 77, 365, 0, 0, 0.54%, 1, 0, 4, 1530.52
1775257487, 1437, 112, 365, 0, 0, 0.54%, 1, 0, 4, 1458.11
1775257492, 1437, 178, 365, 0, 0, 0.54%, 1, 0, 4, 1391.89
1775257497, 1437, 265, 365, 0, 0, 0.54%, 1, 0, 4, 1287.37
1775257502, 1437, 322, 365, 0, 0, 0.54%, 1, 0, 4, 1273.81
1775257507, 1438, 29, 365, 0, 0, 0.54%, 1, 0, 4, 1365.10
1775257512, 1438, 64, 365, 0, 0, 0.54%, 1, 0, 4, 1355.49
1775257517, 1438, 168, 365, 0, 0, 0.54%, 1, 0, 4, 1436.99
1775257523, 1438, 238, 365, 0, 0, 0.54%, 1, 0, 4, 1388.81
1775257528, 1438, 275, 365, 0, 0, 0.54%, 1, 0, 4, 1328.53
1775257533, 1439, 9, 365, 0, 0, 0.54%, 1, 0, 4, 1191.16
1775257538, 1439, 42, 365, 0, 0, 0.54%, 1, 0, 4, 1335.32
1775257543, 1439, 64, 365, 0, 0, 0.54%, 1, 0, 4, 1512.61
1775257548, 1439, 99, 365, 0, 0, 0.54%, 1, 0, 4, 1382.53
1775257553, 1439, 124, 365, 0, 0, 0.54%, 1, 0, 4, 1378.13
1775257558, 1439, 241, 365, 0, 0, 0.54%, 1, 0, 4, 1337.45
1775257563, 1439, 270, 365, 0, 0, 0.54%, 1, 0, 4, 1331.22
1775257568, 1440, 6, 365, 0, 0, 0.54%, 1, 0, 4, 1319.98
1775257573, 1440, 39, 365, 0, 0, 0.54%, 1, 0, 4, 1400.75
1775257578, 1440, 89, 365, 0, 0, 0.54%, 1, 0, 4, 1418.35
1775257583, 1440, 185, 365, 0, 0, 0.54%, 1, 0, 4, 1309.88
1775257588, 1440, 276, 365, 0, 0, 0.54%, 1, 0, 4, 1428.23
1775257593, 1441, 26, 365, 0, 0, 0.54%, 1, 0, 4, 1212.95
1775257599, 1441, 63, 365, 0, 0, 0.54%, 1, 0, 4, 1422.68
1775257604, 1441, 127, 365, 0, 0, 0.54%, 1, 0, 4, 1437.52
1775257609, 1441, 183, 365, 0, 0, 0.54%, 1, 0, 4, 1332.64
1775257614, 1441, 265, 365, 0, 0, 0.54%, 1, 0, 4, 1482.87
1775257619, 1442, 4, 365, 0, 0, 0.54%, 1, 0, 4, 1420.96
1775257624, 1442, 31, 365, 0, 0, 0.54%, 1, 0, 4, 1406.22
1775257629, 1442, 89, 365, 0, 0, 0.54%, 1, 0, 4, 1470.08
1775257634, 1442, 117, 365, 0, 0, 0.54%, 1, 0, 4, 1415.05
1775257640, 1442, 253, 365, 0, 0, 0.54%, 1, 0, 4, 1377.91
1775257645, 1442, 276, 365, 0, 0, 0.54%, 1, 0, 4, 1323.33
1775257650, 1443, 29, 365, 0, 0, 0.54%, 1, 0, 4, 1375.40
1775257655, 1443, 63, 365, 0, 0, 0.54%, 1, 0, 4, 1434.21
1775257660, 1443, 131, 365, 0, 0, 0.54%, 1, 0, 4, 1510.26
1775257665, 1443, 261, 365, 0, 0, 0.54%, 1, 0, 4, 1312.85
1775257670, 1443, 290, 365, 0, 0, 0.54%, 1, 0, 4, 1407.22
1775257675, 1444, 16, 365, 0, 0, 0.54%, 1, 0, 4, 1474.55
1775257680, 1444, 53, 365, 0, 0, 0.54%, 1, 0, 4, 1582.47
1775257685, 1444, 108, 365, 0, 0, 0.54%, 1, 0, 4, 1495.05
1775257691, 1444, 237, 365, 0, 0, 0.54%, 1, 0, 4, 1482.27
1775257696, 1444, 274, 365, 0, 0, 0.54%, 1, 0, 4, 1445.63
1775257701, 1445, 29, 365, 0, 0, 0.54%, 1, 0, 4, 1374.06
1775257706, 1445, 78, 365, 0, 0, 0.54%, 1, 0, 4, 1386.69
1775257711, 1445, 141, 365, 0, 0, 0.54%, 1, 0, 4, 1409.48
1775257716, 1445, 274, 365, 0, 0, 0.54%, 1, 0, 4, 1404.22
1775257721, 1446, 1, 365, 0, 0, 0.54%, 1, 0, 4, 1204.16
1775257726, 1446, 58, 365, 0, 0, 0.54%, 1, 0, 4, 1307.07
1775257731, 1446, 89, 365, 0, 0, 0.54%, 1, 0, 4, 1362.62
1775257736, 1446, 122, 365, 0, 0, 0.54%, 1, 0, 4, 1368.88
1775257741, 1446, 213, 365, 0, 0, 0.54%, 1, 0, 4, 1312.26
1775257746, 1446, 265, 365, 0, 0, 0.54%, 1, 0, 4, 1428.54
1775257752, 1446, 295, 365, 0, 0, 0.54%, 1, 0, 4, 1316.67
1775257757, 1447, 31, 365, 0, 0, 0.54%, 1, 0, 4, 1365.83
1775257762, 1447, 89, 365, 0, 0, 0.54%, 1, 0, 4, 1458.74
1775257767, 1447, 169, 365, 0, 0, 0.54%, 1, 0, 4, 1380.55
1775257772, 1447, 223, 365, 0, 0, 0.54%, 1, 0, 4, 1370.57
1775257777, 1447, 275, 365, 0, 0, 0.54%, 1, 0, 4, 1443.62
1775257782, 1448, 29, 365, 0, 0, 0.54%, 1, 0, 4, 1434.92
1775257787, 1448, 55, 365, 0, 0, 0.54%, 1, 0, 4, 1443.74
1775257792, 1448, 93, 365, 0, 0, 0.54%, 1, 0, 4, 1313.99
1775257797, 1448, 150, 365, 0, 0, 0.54%, 1, 0, 4, 1312.42
1775257802, 1448, 275, 365, 0, 0, 0.54%, 1, 0, 4, 1368.46
1775257808, 1448, 364, 365, 0, 0, 0.54%, 1, 0, 4, 1350.87
1775257813, 1449, 29, 365, 0, 0, 0.54%, 1, 0, 4, 1361.33
1775257818, 1449, 64, 365, 0, 0, 0.54%, 1, 0, 4, 1335.36
1775257823, 1449, 131, 365, 0, 0, 0.54%, 1, 0, 4, 1474.28
1775257828, 1449, 271, 365, 0, 0, 0.54%, 1, 0, 4, 1466.83
1775257833, 1449, 360, 365, 0, 0, 0.54%, 1, 0, 4, 1453.50
1775257838, 1450, 29, 365, 0, 0, 0.54%, 1, 0, 4, 1402.64
1775257843, 1450, 79, 365, 0, 0, 0.54%, 1, 0, 4, 1426.42
1775257848, 1450, 117, 365, 0, 0, 0.54%, 1, 0, 4, 1402.68
1775257854, 1450, 254, 365, 0, 0, 0.54%, 1, 0, 4, 1396.14
1775257859, 1450, 276, 365, 0, 0, 0.54%, 1, 0, 4, 1414.69
1775257864, 1451, 29, 365, 0, 0, 0.54%, 1, 0, 4, 1351.94
1775257869, 1451, 63, 365, 0, 0, 0.54%, 1, 0, 4, 1438.62
1775257874, 1451, 97, 365, 0, 0, 0.54%, 1, 0, 4, 1555.27
1775257879, 1451, 162, 365, 0, 0, 0.54%, 1, 0, 4, 1509.81
1775257884, 1451, 236, 365, 0, 0, 0.54%, 1, 0, 4, 1397.20
1775257889, 1451, 274, 365, 0, 0, 0.54%, 1, 0, 4, 1322.22
1775257894, 1452, 9, 365, 0, 0, 0.54%, 1, 0, 4, 1408.88
1775257899, 1452, 63, 365, 0, 0, 0.54%, 1, 0, 4, 1404.16
1775257904, 1452, 187, 365, 0, 0, 0.54%, 1, 0, 4, 1481.75
1775257909, 1452, 276, 365, 0, 0, 0.54%, 1, 0, 4, 1495.71
1775257914, 1453, 31, 365, 0, 0, 0.54%, 1, 0, 4, 1519.77
1775257920, 1453, 84, 365, 0, 0, 0.54%, 1, 0, 4, 1477.99
1775257925, 1453, 163, 365, 0, 0, 0.54%, 1, 0, 4, 1468.94
1775257930, 1453, 262, 365, 0, 0, 0.54%, 1, 0, 4, 1461.30
1775257935, 1453, 276, 365, 0, 0, 0.54%, 1, 0, 4, 1258.74
1775257940, 1454, 29, 365, 0, 0, 0.54%, 1, 0, 4, 1272.57
1775257945, 1454, 82, 365, 0, 0, 0.54%, 1, 0, 4, 1396.01
1775257950, 1454, 108, 365, 0, 0, 0.54%, 1, 0, 4, 1397.77
1775257955, 1454, 265, 365, 0, 0, 0.54%, 1, 0, 4, 1437.34
1775257960, 1454, 330, 365, 0, 0, 0.54%, 1, 0, 4, 1341.23
1775257966, 1455, 29, 365, 0, 0, 0.54%, 1, 0, 4, 1361.48
1775257971, 1455, 64, 365, 0, 0, 0.54%, 1, 0, 4, 1369.92
1775257976, 1455, 103, 365, 0, 0, 0.54%, 1, 0, 4, 1529.19
1775257981, 1455, 177, 365, 0, 0, 0.54%, 1, 0, 4, 1486.28
1775257986, 1455, 274, 365, 0, 0, 0.54%, 1, 0, 4, 1488.14
1775257991, 1456, 22, 365, 0, 0, 0.54%, 1, 0, 4, 1410.83
1775257996, 1456, 63, 365, 0, 0, 0.54%, 1, 0, 4, 1466.10
1775258001, 1456, 108, 365, 0, 0, 0.54%, 1, 0, 4, 1337.41
1775258007, 1456, 167, 365, 0, 0, 0.54%, 1, 0, 4, 1356.18
1775258012, 1456, 261, 365, 0, 0, 0.54%, 1, 0, 4, 1286.87
1775258017, 1456, 294, 365, 0, 0, 0.54%, 1, 0, 4, 1327.55
1775258022, 1457, 29, 365, 0, 0, 0.54%, 1, 0, 4, 1328.88
1775258027, 1457, 64, 365, 0, 0, 0.54%, 1, 0, 4, 1418.92
1775258032, 1457, 108, 365, 0, 0, 0.54%, 1, 0, 4, 1361.51
1775258037, 1457, 196, 365, 0, 0, 0.54%, 1, 0, 4, 1408.57
1775258042, 1457, 264, 365, 0, 0, 0.54%, 1, 0, 4, 1467.74
1775258047, 1457, 291, 365, 0, 0, 0.54%, 1, 0, 4, 1284.40
1775258053, 1458, 33, 365, 0, 0, 0.54%, 1, 0, 4, 1476.41
1775258058, 1458, 97, 365, 0, 0, 0.54%, 1, 0, 4, 961.50
1775258063, 1458, 223, 365, 0, 0, 0.54%, 1, 0, 4, 1262.78
1775258068, 1458, 274, 365, 0, 0, 0.54%, 1, 0, 4, 1474.30
1775258073, 1458, 360, 365, 0, 0, 0.54%, 1, 0, 4, 1438.31
1775258078, 1459, 29, 365, 0, 0, 0.54%, 1, 0, 4, 1532.34
1775258083, 1459, 101, 365, 0, 0, 0.54%, 1, 0, 4, 1515.14
1775258088, 1459, 219, 365, 0, 0, 0.54%, 1, 0, 4, 1378.81
1775258093, 1459, 278, 365, 0, 0, 0.54%, 1, 0, 4, 1497.39
1775258099, 1459, 360, 365, 0, 0, 0.54%, 1, 0, 4, 1333.61
1775258104, 1460, 17, 365, 0, 0, 0.54%, 1, 0, 4, 1306.79
1775258109, 1460, 63, 365, 0, 0, 0.54%, 1, 0, 4, 1317.86
1775258114, 1460, 103, 365, 0, 0, 0.54%, 1, 0, 4, 1463.53
1775258119, 1460, 174, 365, 0, 0, 0.54%, 1, 0, 4, 1408.71
1775258124, 1460, 246, 365, 0, 0, 0.54%, 1, 0, 4, 1359.09
1775258129, 1460, 274, 365, 0, 0, 0.54%, 1, 0, 4, 1372.46
1775258134, 1461, 8, 365, 0, 0, 0.54%, 1, 0, 4, 1283.59
1775258139, 1461, 33, 365, 0, 0, 0.54%, 1, 0, 4, 1406.19
1775258144, 1461, 64, 365, 0, 0, 0.54%, 1, 0, 4, 1429.26
1775258149, 1461, 108, 365, 0, 0, 0.54%, 1, 0, 4, 1483.68
1775258154, 1461, 167, 365, 0, 0, 0.54%, 1, 0, 4, 1415.15
1775258159, 1461, 229, 365, 0, 0, 0.54%, 1, 0, 4, 1454.75
1775258164, 1461, 265, 365, 0, 0, 0.54%, 1, 0, 4, 1508.97
1775258170, 1462, 29, 365, 0, 0, 0.54%, 1, 0, 4, 1500.94
1775258175, 1462, 63, 365, 0, 0, 0.54%, 1, 0, 4, 1529.97
1775258180, 1462, 108, 365, 0, 0, 0.54%, 1, 0, 4, 1395.52
1775258185, 1462, 215, 365, 0, 0, 0.54%, 1, 0, 4, 1340.35
1775258190, 1462, 265, 365, 0, 0, 0.54%, 1, 0, 4, 1412.53
1775258195, 1462, 302, 365, 0, 0, 0.54%, 1, 0, 4, 1410.73
1775258200, 1463, 3, 365, 0, 0, 0.54%, 1, 0, 4, 1404.29
1775258205, 1463, 29, 365, 0, 0, 0.54%, 1, 0, 4, 1826.09
1775258210, 1463, 63, 365, 0, 0, 0.54%, 1, 0, 4, 1509.60
1775258215, 1463, 106, 365, 0, 0, 0.54%, 1, 0, 4, 1443.98
1775258220, 1463, 190, 365, 0, 0, 0.54%, 1, 0, 4, 1434.35
1775258226, 1463, 271, 365, 0, 0, 0.54%, 1, 0, 4, 1394.92
1775258231, 1463, 356, 365, 0, 0, 0.54%, 1, 0, 4, 1275.36
1775258236, 1464, 31, 365, 0, 0, 0.54%, 1, 0, 4, 1427.15
1775258241, 1464, 64, 365, 0, 0, 0.54%, 1, 0, 4, 1444.94
1775258246, 1464, 105, 365, 0, 0, 0.54%, 1, 0, 4, 1499.95
1775258251, 1464, 213, 365, 0, 0, 0.54%, 1, 0, 4, 1148.33
1775258256, 1464, 274, 365, 0, 0, 0.54%, 1, 0, 4, 1345.05
1775258261, 1465, 1, 365, 0, 0, 0.54%, 1, 0, 4, 1291.92
1775258266, 1465, 58, 365, 0, 0, 0.54%, 1, 0, 4, 1396.23
1775258272, 1465, 108, 365, 0, 0, 0.54%, 1, 0, 4, 1508.25
1775258277, 1465, 232, 365, 0, 0, 0.54%, 1, 0, 4, 1487.05
1775258282, 1465, 274, 365, 0, 0, 0.54%, 1, 0, 4, 1374.42
1775258287, 1466, 1, 365, 0, 0, 0.54%, 1, 0, 4, 1277.50
1775258292, 1466, 33, 365, 0, 0, 0.54%, 1, 0, 4, 1322.94
1775258297, 1466, 102, 365, 0, 0, 0.54%, 1, 0, 4, 1388.92
1775258302, 1466, 122, 365, 0, 0, 0.54%, 1, 0, 4, 1438.69
1775258307, 1466, 230, 365, 0, 0, 0.54%, 1, 0, 4, 1420.34
1775258312, 1466, 276, 365, 0, 0, 0.54%, 1, 0, 4, 1471.57
1775258317, 1467, 28, 365, 0, 0, 0.54%, 1, 0, 4, 1382.53
1775258322, 1467, 63, 365, 0, 0, 0.54%, 1, 0, 4, 1471.62
1775258327, 1467, 108, 365, 0, 0, 0.54%, 1, 0, 4, 1462.20
1775258332, 1467, 191, 365, 0, 0, 0.54%, 1, 0, 4, 1405.38
1775258338, 1467, 268, 365, 0, 0, 0.54%, 1, 0, 4, 1325.53
1775258343, 1467, 306, 365, 0, 0, 0.54%, 1, 0, 4, 1278.84
1775258348, 1468, 29, 365, 0, 0, 0.54%, 1, 0, 4, 1305.57
1775258353, 1468, 89, 365, 0, 0, 0.54%, 1, 0, 4, 1455.47
1775258358, 1468, 161, 365, 0, 0, 0.54%, 1, 0, 4, 1374.62
1775258363, 1468, 262, 365, 0, 0, 0.54%, 1, 0, 4, 1429.18
1775258368, 1468, 341, 365, 0, 0, 0.54%, 1, 0, 4, 1303.62
1775258373, 1469, 33, 365, 0, 0, 0.54%, 1, 0, 4, 1576.85
1775258378, 1469, 68, 365, 0, 0, 0.54%, 1, 0, 4, 1404.52
1775258383, 1469, 101, 365, 0, 0, 0.54%, 1, 0, 4, 1437.06
1775258388, 1469, 193, 365, 0, 0, 0.54%, 1, 0, 4, 1340.16
1775258393, 1469, 261, 365, 0, 0, 0.54%, 1, 0, 4, 1425.22
1775258399, 1469, 333, 365, 0, 0, 0.54%, 1, 0, 4, 1317.03
1775258404, 1470, 31, 365, 0, 0, 0.54%, 1, 0, 4, 1433.82
1775258409, 1470, 103, 365, 0, 0, 0.54%, 1, 0, 4, 1498.70
1775258414, 1470, 145, 365, 0, 0, 0.54%, 1, 0, 4, 1260.08
1775258419, 1470, 258, 365, 0, 0, 0.54%, 1, 0, 4, 1442.75
1775258424, 1470, 297, 365, 0, 0, 0.54%, 1, 0, 4, 1424.08
1775258429, 1471, 31, 365, 0, 0, 0.54%, 1, 0, 4, 1456.51
1775258434, 1471, 70, 365, 0, 0, 0.54%, 1, 0, 4, 1435.51
1775258439, 1471, 108, 365, 0, 0, 0.54%, 1, 0, 4, 1324.74
1775258444, 1471, 261, 365, 0, 0, 0.54%, 1, 0, 4, 1382.05
1775258449, 1472, 9, 365, 0, 0, 0.54%, 1, 0, 4, 1347.26
1775258455, 1472, 58, 365, 0, 0, 0.54%, 1, 0, 4, 1344.54
1775258460, 1472, 89, 365, 0, 0, 0.54%, 1, 0, 4, 1435.59
1775258465, 1472, 189, 365, 0, 0, 0.54%, 1, 0, 4, 1464.36
1775258470, 1472, 274, 365, 0, 0, 0.54%, 1, 0, 4, 1269.69
1775258475, 1472, 322, 365, 0, 0, 0.54%, 1, 0, 4, 1254.52
1775258480, 1473, 29, 365, 0, 0, 0.54%, 1, 0, 4, 724.49
1775258485, 1473, 63, 365, 0, 0, 0.54%, 1, 0, 4, 1323.15
1775258490, 1473, 127, 365, 0, 0, 0.54%, 1, 0, 4, 1535.45
1775258495, 1473, 261, 365, 0, 0, 0.54%, 1, 0, 4, 1343.28
1775258500, 1473, 276, 365, 0, 0, 0.54%, 1, 0, 4, 1449.78
1775258505, 1473, 344, 365, 0, 0, 0.54%, 1, 0, 4, 1179.80
1775258510, 1474, 31, 365, 0, 0, 0.54%, 1, 0, 4, 1314.45
1775258515, 1474, 94, 365, 0, 0, 0.54%, 1, 0, 4, 1462.36
1775258521, 1474, 134, 365, 0, 0, 0.54%, 1, 0, 4, 1390.03
1775258526, 1474, 266, 365, 0, 0, 0.54%, 1, 0, 4, 1461.76
1775258531, 1475, 9, 365, 0, 0, 0.54%, 1, 0, 4, 1340.66
1775258536, 1475, 64, 365, 0, 0, 0.54%, 1, 0, 4, 1429.93
1775258541, 1475, 151, 365, 0, 0, 0.54%, 1, 0, 4, 1491.50
1775258546, 1475, 241, 365, 0, 0, 0.54%, 1, 0, 4, 1377.56
1775258551, 1475, 274, 365, 0, 0, 0.54%, 1, 0, 4, 1408.51
1775258556, 1476, 29, 365, 0, 0, 0.54%, 1, 0, 4, 1293.36
1775258562, 1476, 58, 365, 0, 0, 0.54%, 1, 0, 4, 1320.29
1775258567, 1476, 103, 365, 0, 0, 0.54%, 1, 0, 4, 1314.47
1775258572, 1476, 261, 365, 0, 0, 0.54%, 1, 0, 4, 1324.49
1775258577, 1476, 322, 365, 0, 0, 0.54%, 1, 0, 4, 1372.71
1775258582, 1477, 31, 365, 0, 0, 0.54%, 1, 0, 4, 1290.40
1775258587, 1477, 87, 365, 0, 0, 0.54%, 1, 0, 4, 1416.50
1775258592, 1477, 130, 365, 0, 0, 0.54%, 1, 0, 4, 1369.42
1775258597, 1477, 265, 365, 0, 0, 0.54%, 1, 0, 4, 1479.50
1775258602, 1477, 344, 365, 0, 0, 0.54%, 1, 0, 4, 1390.82
1775258607, 1478, 31, 365, 0, 0, 0.54%, 1, 0, 4, 1400.51
1775258613, 1478, 94, 365, 0, 0, 0.54%, 1, 0, 4, 1495.68
1775258618, 1478, 131, 365, 0, 0, 0.54%, 1, 0, 4, 1395.56
1775258623, 1478, 262, 365, 0, 0, 0.54%, 1, 0, 4, 1492.59
1775258628, 1478, 283, 365, 0, 0, 0.54%, 1, 0, 4, 1359.53
1775258633, 1479, 9, 365, 0, 0, 0.54%, 1, 0, 4, 1227.12
1775258638, 1479, 72, 365, 0, 0, 0.54%, 1, 0, 4, 1416.04
1775258643, 1479, 159, 365, 0, 0, 0.54%, 1, 0, 4, 1442.55
1775258648, 1479, 224, 365, 0, 0, 0.54%, 1, 0, 4, 1415.01
1775258653, 1479, 276, 365, 0, 0, 0.54%, 1, 0, 4, 1458.44
1775258659, 1480, 29, 365, 0, 0, 0.54%, 1, 0, 4, 1689.94
1775258664, 1480, 64, 365, 0, 0, 0.54%, 1, 0, 4, 1531.19
1775258669, 1480, 131, 365, 0, 0, 0.54%, 1, 0, 4, 975.08
1775258674, 1480, 237, 365, 0, 0, 0.54%, 1, 0, 4, 1314.51
1775258679, 1480, 270, 365, 0, 0, 0.54%, 1, 0, 4, 1362.01
1775258684, 1481, 9, 365, 0, 0, 0.54%, 1, 0, 4, 1266.76
1775258689, 1481, 63, 365, 0, 0, 0.54%, 1, 0, 4, 1463.12
1775258694, 1481, 101, 365, 0, 0, 0.54%, 1, 0, 4, 1297.87
1775258699, 1481, 132, 365, 0, 0, 0.54%, 1, 0, 4, 1373.41
1775258704, 1481, 267, 365, 0, 0, 0.54%, 1, 0, 4, 1386.43
1775258709, 1482, 2, 365, 0, 0, 0.54%, 1, 0, 4, 1339.32
1775258714, 1482, 33, 365, 0, 0, 0.54%, 1, 0, 4, 1444.52
1775258719, 1482, 103, 365, 0, 0, 0.54%, 1, 0, 4, 1422.48
1775258724, 1482, 185, 365, 0, 0, 0.54%, 1, 0, 4, 1410.03
1775258730, 1482, 214, 365, 0, 0, 0.54%, 1, 0, 4, 1281.91
1775258735, 1482, 312, 365, 0, 0, 0.54%, 1, 0, 4, 1425.85
1775258740, 1483, 21, 365, 0, 0, 0.54%, 1, 0, 4, 1324.91
1775258745, 1483, 63, 365, 0, 0, 0.54%, 1, 0, 4, 1494.29
1775258750, 1483, 135, 365, 0, 0, 0.54%, 1, 0, 4, 1490.80
1775258755, 1483, 178, 365, 0, 0, 0.54%, 1, 0, 4, 1298.49
1775258760, 1483, 261, 365, 0, 0, 0.54%, 1, 0, 4, 1404.70
1775258765, 1483, 276, 365, 0, 0, 0.54%, 1, 0, 4, 1311.80
1775258771, 1484, 11, 365, 0, 0, 0.54%, 1, 0, 4, 1438.31
1775258776, 1484, 63, 365, 0, 0, 0.54%, 1, 0, 4, 1481.16
1775258781, 1484, 109, 365, 0, 0, 0.54%, 1, 0, 4, 1446.02
1775258786, 1484, 195, 365, 0, 0, 0.54%, 1, 0, 4, 1418.17
1775258791, 1484, 275, 365, 0, 0, 0.54%, 1, 0, 4, 1513.32
1775258796, 1485, 9, 365, 0, 0, 0.54%, 1, 0, 4, 1361.00
1775258801, 1485, 50, 365, 0, 0, 0.54%, 1, 0, 4, 1413.90
1775258806, 1485, 103, 365, 0, 0, 0.54%, 1, 0, 4, 1486.82
1775258811, 1485, 259, 365, 0, 0, 0.54%, 1, 0, 4, 1410.16
1775258816, 1485, 276, 365, 0, 0, 0.54%, 1, 0, 4, 1362.81
1775258821, 1486, 9, 365, 0, 0, 0.54%, 1, 0, 4, 1314.60
1775258827, 1486, 42, 365, 0, 0, 0.54%, 1, 0, 4, 1443.28
1775258832, 1486, 103, 365, 0, 0, 0.54%, 1, 0, 4, 1429.59
1775258837, 1486, 238, 365, 0, 0, 0.54%, 1, 0, 4, 1419.94
1775258842, 1486, 275, 365, 0, 0, 0.54%, 1, 0, 4, 1400.69
1775258847, 1486, 331, 365, 0, 0, 0.54%, 1, 0, 4, 1341.18
1775258852, 1487, 52, 365, 0, 0, 0.54%, 1, 0, 4, 1442.54
1775258857, 1487, 101, 365, 0, 0, 0.54%, 1, 0, 4, 1334.77
1775258862, 1487, 231, 365, 0, 0, 0.54%, 1, 0, 4, 1511.96
1775258867, 1487, 265, 365, 0, 0, 0.54%, 1, 0, 4, 1393.15
1775258872, 1488, 9, 365, 0, 0, 0.54%, 1, 0, 4, 1294.49
1775258877, 1488, 33, 365, 0, 0, 0.54%, 1, 0, 4, 1401.42
1775258882, 1488, 101, 365, 0, 0, 0.54%, 1, 0, 4, 1439.94
1775258887, 1488, 186, 365, 0, 0, 0.54%, 1, 0, 4, 1520.05
1775258892, 1488, 274, 365, 0, 0, 0.54%, 1, 0, 4, 1521.88
1775258897, 1489, 9, 365, 0, 0, 0.54%, 1, 0, 4, 1347.02
1775258902, 1489, 62, 365, 0, 0, 0.54%, 1, 0, 4, 1523.41
1775258907, 1489, 103, 365, 0, 0, 0.54%, 1, 0, 4, 1426.65
1775258913, 1489, 264, 365, 0, 0, 0.54%, 1, 0, 4, 1387.35
1775258918, 1489, 333, 365, 0, 0, 0.54%, 1, 0, 4, 1395.18
1775258923, 1490, 33, 365, 0, 0, 0.54%, 1, 0, 4, 1373.53
1775258928, 1490, 64, 365, 0, 0, 0.54%, 1, 0, 4, 1516.30
1775258933, 1490, 134, 365, 0, 0, 0.54%, 1, 0, 4, 1481.70
1775258938, 1490, 251, 365, 0, 0, 0.54%, 1, 0, 4, 1338.28
1775258943, 1490, 275, 365, 0, 0, 0.54%, 1, 0, 4, 1394.57
1775258949, 1491, 22, 365, 0, 0, 0.54%, 1, 0, 4, 1322.48
1775258954, 1491, 63, 365, 0, 0, 0.54%, 1, 0, 4, 1453.15
1775258959, 1491, 99, 365, 0, 0, 0.54%, 1, 0, 4, 1421.32
1775258964, 1491, 203, 365, 0, 0, 0.54%, 1, 0, 4, 1425.69
1775258969, 1491, 274, 365, 0, 0, 0.54%, 1, 0, 4, 1461.45
1775258974, 1491, 324, 365, 0, 0, 0.54%, 1, 0, 4, 1211.44
1775258979, 1492, 33, 365, 0, 0, 0.54%, 1, 0, 4, 1413.61
1775258984, 1492, 103, 365, 0, 0, 0.54%, 1, 0, 4, 1517.32
1775258989, 1492, 186, 365, 0, 0, 0.54%, 1, 0, 4, 1423.30
1775258994, 1492, 261, 365, 0, 0, 0.54%, 1, 0, 4, 1354.38
1775258999, 1492, 276, 365, 0, 0, 0.54%, 1, 0, 4, 1361.13
1775259004, 1493, 9, 365, 0, 0, 0.54%, 1, 0, 4, 1304.86
1775259009, 1493, 58, 365, 0, 0, 0.54%, 1, 0, 4, 1498.70
1775259014, 1493, 98, 365, 0, 0, 0.54%, 1, 0, 4, 1520.95
1775259019, 1493, 190, 365, 0, 0, 0.54%, 1, 0, 4, 1435.88
1775259025, 1493, 239, 365, 0, 0, 0.54%, 1, 0, 4, 1348.88
1775259030, 1493, 276, 365, 0, 0, 0.54%, 1, 0, 4, 1389.67
1775259035, 1494, 31, 365, 0, 0, 0.54%, 1, 0, 4, 1399.43
1775259040, 1494, 89, 365, 0, 0, 0.54%, 1, 0, 4, 1464.89
1775259045, 1494, 108, 365, 0, 0, 0.54%, 1, 0, 4, 1342.01
1775259050, 1494, 203, 365, 0, 0, 0.54%, 1, 0, 4, 1406.24
1775259055, 1494, 265, 365, 0, 0, 0.54%, 1, 0, 4, 1350.38
1775259060, 1494, 332, 365, 0, 0, 0.54%, 1, 0, 4, 1267.43
1775259065, 1495, 29, 365, 0, 0, 0.54%, 1, 0, 4, 1289.65
1775259070, 1495, 64, 365, 0, 0, 0.54%, 1, 0, 4, 1345.23
1775259076, 1495, 108, 365, 0, 0, 0.54%, 1, 0, 4, 1357.85
1775259081, 1495, 236, 365, 0, 0, 0.54%, 1, 0, 4, 1458.23
1775259086, 1495, 275, 365, 0, 0, 0.54%, 1, 0, 4, 1400.59
1775259091, 1496, 9, 365, 0, 0, 0.54%, 1, 0, 4, 1308.04
1775259096, 1496, 33, 365, 0, 0, 0.54%, 1, 0, 4, 1392.85
1775259101, 1496, 89, 365, 0, 0, 0.54%, 1, 0, 4, 1476.98
1775259106, 1496, 136, 365, 0, 0, 0.54%, 1, 0, 4, 1466.95
1775259111, 1496, 205, 365, 0, 0, 0.54%, 1, 0, 4, 1351.36
1775259116, 1496, 275, 365, 0, 0, 0.54%, 1, 0, 4, 1375.93
1775259122, 1496, 364, 365, 0, 0, 0.54%, 1, 0, 4, 1261.42
1775259127, 1497, 33, 365, 0, 0, 0.54%, 1, 0, 4, 1514.99
1775259132, 1497, 94, 365, 0, 0, 0.54%, 1, 0, 4, 1402.71
1775259137, 1497, 229, 365, 0, 0, 0.54%, 1, 0, 4, 1394.91
1775259142, 1497, 265, 365, 0, 0, 0.54%, 1, 0, 4, 1497.37
1775259147, 1497, 300, 365, 0, 0, 0.54%, 1, 0, 4, 1451.26
1775259152, 1498, 5, 365, 0, 0, 0.54%, 1, 0, 4, 1522.74
1775259157, 1498, 58, 365, 0, 0, 0.54%, 1, 0, 4, 1489.29
1775259162, 1498, 93, 365, 0, 0, 0.54%, 1, 0, 4, 1288.69
1775259167, 1498, 160, 365, 0, 0, 0.54%, 1, 0, 4, 1401.12
1775259172, 1498, 261, 365, 0, 0, 0.54%, 1, 0, 4, 1517.40
1775259177, 1498, 322, 365, 0, 0, 0.54%, 1, 0, 4, 1483.41
1775259183, 1499, 53, 365, 0, 0, 0.54%, 1, 0, 4, 1461.60
1775259188, 1499, 89, 365, 0, 0, 0.54%, 1, 0, 4, 1445.63
1775259193, 1499, 208, 365, 0, 0, 0.54%, 1, 0, 4, 1472.57
1775259198, 1499, 275, 365, 0, 0, 0.54%, 1, 0, 4, 1462.22
1775259203, 1499, 359, 365, 0, 0, 0.54%, 1, 0, 4, 1323.24
1775259208, 1500, 33, 365, 0, 0, 0.54%, 1, 0, 4, 1440.11
1775259213, 1500, 96, 365, 0, 0, 0.54%, 1, 0, 4, 1460.13
1775259218, 1500, 147, 365, 0, 0, 0.54%, 1, 0, 4, 1418.93
1775259223, 1500, 197, 365, 0, 0, 0.54%, 1, 0, 4, 1483.66
1775259228, 1500, 274, 365, 0, 0, 0.54%, 1, 0, 4, 1520.21
1775259233, 1500, 323, 365, 0, 0, 0.54%, 1, 0, 4, 1359.00
1775259239, 1501, 9, 365, 0, 0, 0.54%, 1, 0, 4, 1537.46
1775259244, 1501, 43, 365, 0, 0, 0.54%, 1, 0, 4, 1446.05
1775259249, 1501, 74, 365, 0, 0, 0.54%, 1, 0, 4, 1441.38
1775259254, 1501, 113, 365, 0, 0, 0.54%, 1, 0, 4, 1389.71
1775259259, 1501, 220, 365, 0, 0, 0.54%, 1, 0, 4, 1391.10
1775259264, 1501, 275, 365, 0, 0, 0.54%, 1, 0, 4, 1447.84
1775259269, 1502, 25, 365, 0, 0, 0.54%, 1, 0, 4, 1318.62
1775259274, 1502, 58, 365, 0, 0, 0.54%, 1, 0, 4, 1462.74
1775259279, 1502, 103, 365, 0, 0, 0.54%, 1, 0, 4, 1331.92
1775259284, 1502, 225, 365, 0, 0, 0.54%, 1, 0, 4, 1421.59
1775259290, 1502, 276, 365, 0, 0, 0.54%, 1, 0, 4, 1386.31
1775259295, 1503, 23, 365, 0, 0, 0.54%, 1, 0, 4, 1337.86
1775259300, 1503, 63, 365, 0, 0, 0.54%, 1, 0, 4, 1448.43
1775259305, 1503, 108, 365, 0, 0, 0.54%, 1, 0, 4, 1474.90
1775259310, 1503, 162, 365, 0, 0, 0.54%, 1, 0, 4, 1417.76
1775259315, 1503, 253, 365, 0, 0, 0.54%, 1, 0, 4, 1341.86
1775259320, 1503, 276, 365, 0, 0, 0.54%, 1, 0, 4, 1458.60
1775259325, 1504, 9, 365, 0, 0, 0.54%, 1, 0, 4, 1437.76
1775259330, 1504, 59, 365, 0, 0, 0.54%, 1, 0, 4, 1534.70
1775259335, 1504, 95, 365, 0, 0, 0.54%, 1, 0, 4, 1378.93
1775259340, 1504, 253, 365, 0, 0, 0.54%, 1, 0, 4, 1521.60
1775259345, 1504, 305, 365, 0, 0, 0.54%, 1, 0, 4, 1356.94
1775259350, 1505, 29, 365, 0, 0, 0.54%, 1, 0, 4, 1469.80
1775259355, 1505, 57, 365, 0, 0, 0.54%, 1, 0, 4, 1443.87
1775259361, 1505, 101, 365, 0, 0, 0.54%, 1, 0, 4, 1468.10
1775259366, 1505, 156, 365, 0, 0, 0.54%, 1, 0, 4, 1505.34
1775259371, 1505, 245, 365, 0, 0, 0.54%, 1, 0, 4, 1357.60
1775259376, 1505, 274, 365, 0, 0, 0.54%, 1, 0, 4, 1511.93
1775259381, 1506, 2, 365, 0, 0, 0.54%, 1, 0, 4, 1305.68
1775259386, 1506, 33, 365, 0, 0, 0.54%, 1, 0, 4, 1314.16
1775259392, 1506, 89, 365, 0, 0, 0.54%, 1, 0, 4, 1425.49
1775259397, 1506, 132, 365, 0, 0, 0.54%, 1, 0, 4, 1356.49
1775259402, 1506, 230, 365, 0, 0, 0.54%, 1, 0, 4, 1424.30
1775259407, 1506, 276, 365, 0, 0, 0.54%, 1, 0, 4, 1468.20
1775259412, 1507, 9, 365, 0, 0, 0.54%, 1, 0, 4, 1364.04
1775259417, 1507, 58, 365, 0, 0, 0.54%, 1, 0, 4, 1405.17
1775259422, 1507, 105, 365, 0, 0, 0.54%, 1, 0, 4, 1492.94
1775259427, 1507, 217, 365, 0, 0, 0.54%, 1, 0, 4, 1452.49
1775259432, 1507, 274, 365, 0, 0, 0.54%, 1, 0, 4, 1420.67
1775259437, 1507, 363, 365, 0, 0, 0.54%, 1, 0, 4, 1071.02
1775259442, 1508, 58, 365, 0, 0, 0.54%, 1, 0, 4, 1370.00
1775259448, 1508, 76, 365, 0, 0, 0.54%, 1, 0, 4, 1728.62
1775259453, 1508, 108, 365, 0, 0, 0.54%, 1, 0, 4, 1466.18
1775259458, 1508, 211, 365, 0, 0, 0.54%, 1, 0, 4, 1504.95
1775259463, 1508, 263, 365, 0, 0, 0.54%, 1, 0, 4, 1431.41
1775259468, 1508, 322, 365, 0, 0, 0.54%, 1, 0, 4, 1368.07
1775259473, 1509, 31, 365, 0, 0, 0.54%, 1, 0, 4, 1326.10
1775259478, 1509, 94, 365, 0, 0, 0.54%, 1, 0, 4, 1433.00
1775259483, 1509, 108, 365, 0, 0, 0.54%, 1, 0, 4, 1408.81
1775259488, 1509, 216, 365, 0, 0, 0.54%, 1, 0, 4, 1315.10
1775259493, 1509, 274, 365, 0, 0, 0.54%, 1, 0, 4, 1427.94
1775259499, 1509, 356, 365, 0, 0, 0.54%, 1, 0, 4, 1184.53
1775259504, 1510, 33, 365, 0, 0, 0.54%, 1, 0, 4, 1266.44
1775259509, 1510, 64, 365, 0, 0, 0.54%, 1, 0, 4, 1394.67
1775259514, 1510, 143, 365, 0, 0, 0.54%, 1, 0, 4, 1404.54
1775259519, 1510, 265, 365, 0, 0, 0.54%, 1, 0, 4, 1472.33
1775259524, 1510, 308, 365, 0, 0, 0.54%, 1, 0, 4, 1335.13
1775259529, 1511, 31, 365, 0, 0, 0.54%, 1, 0, 4, 1390.80
1775259534, 1511, 88, 365, 0, 0, 0.54%, 1, 0, 4, 1498.55
1775259539, 1511, 101, 365, 0, 0, 0.54%, 1, 0, 4, 1459.31
1775259544, 1511, 261, 365, 0, 0, 0.54%, 1, 0, 4, 1537.63
1775259549, 1511, 352, 365, 0, 0, 0.54%, 1, 0, 4, 1399.93
1775259554, 1512, 31, 365, 0, 0, 0.54%, 1, 0, 4, 1295.37
1775259560, 1512, 89, 365, 0, 0, 0.54%, 1, 0, 4, 1545.45
1775259565, 1512, 121, 365, 0, 0, 0.54%, 1, 0, 4, 1392.60
1775259570, 1512, 214, 365, 0, 0, 0.54%, 1, 0, 4, 1374.57
1775259575, 1512, 275, 365, 0, 0, 0.54%, 1, 0, 4, 1321.11
1775259580, 1513, 9, 365, 0, 0, 0.54%, 1, 0, 4, 1215.24
1775259585, 1513, 53, 365, 0, 0, 0.54%, 1, 0, 4, 1386.66
1775259590, 1513, 103, 365, 0, 0, 0.54%, 1, 0, 4, 1462.61
1775259595, 1513, 177, 365, 0, 0, 0.54%, 1, 0, 4, 1498.11
1775259601, 1513, 276, 365, 0, 0, 0.54%, 1, 0, 4, 1494.28
1775259606, 1514, 11, 365, 0, 0, 0.54%, 1, 0, 4, 1377.16
1775259611, 1514, 63, 365, 0, 0, 0.54%, 1, 0, 4, 1540.78
1775259616, 1514, 103, 365, 0, 0, 0.54%, 1, 0, 4, 1407.87
1775259621, 1514, 158, 365, 0, 0, 0.54%, 1, 0, 4, 1385.12
1775259626, 1514, 265, 365, 0, 0, 0.54%, 1, 0, 4, 1407.01
1775259631, 1514, 286, 365, 0, 0, 0.54%, 1, 0, 4, 1237.05
1775259636, 1515, 31, 365, 0, 0, 0.54%, 1, 0, 4, 1356.76
1775259641, 1515, 89, 365, 0, 0, 0.54%, 1, 0, 4, 1403.49
1775259647, 1515, 129, 365, 0, 0, 0.54%, 1, 0, 4, 1508.65
1775259652, 1515, 265, 365, 0, 0, 0.54%, 1, 0, 4, 1479.14
1775259657, 1515, 290, 365, 0, 0, 0.54%, 1, 0, 4, 1409.05
1775259662, 1516, 31, 365, 0, 0, 0.54%, 1, 0, 4, 1363.44
1775259667, 1516, 63, 365, 0, 0, 0.54%, 1, 0, 4, 1479.85
1775259672, 1516, 103, 365, 0, 0, 0.54%, 1, 0, 4, 1496.35
1775259677, 1516, 142, 365, 0, 0, 0.54%, 1, 0, 4, 1394.08
1775259682, 1516, 212, 365, 0, 0, 0.54%, 1, 0, 4, 1383.29
1775259687, 1516, 274, 365, 0, 0, 0.54%, 1, 0, 4, 1323.97
1775259692, 1516, 322, 365, 0, 0, 0.54%, 1, 0, 4, 1294.60
1775259697, 1517, 29, 365, 0, 0, 0.54%, 1, 0, 4, 1390.90
1775259702, 1517, 66, 365, 0, 0, 0.54%, 1, 0, 4, 1479.76
1775259707, 1517, 101, 365, 0, 0, 0.54%, 1, 0, 4, 1487.04
1775259713, 1517, 173, 365, 0, 0, 0.54%, 1, 0, 4, 1455.39
1775259718, 1517, 265, 365, 0, 0, 0.54%, 1, 0, 4, 1524.14
1775259723, 1517, 307, 365, 0, 0, 0.54%, 1, 0, 4, 1371.47
1775259728, 1518, 31, 365, 0, 0, 0.54%, 1, 0, 4, 1499.36
1775259733, 1518, 70, 365, 0, 0, 0.54%, 1, 0, 4, 1587.45
1775259738, 1518, 135, 365, 0, 0, 0.54%, 1, 0, 4, 1522.52
1775259743, 1518, 274, 365, 0, 0, 0.54%, 1, 0, 4, 1483.34
1775259748, 1519, 29, 365, 0, 0, 0.54%, 1, 0, 4, 1341.34
1775259753, 1519, 64, 365, 0, 0, 0.54%, 1, 0, 4, 1379.96
1775259758, 1519, 104, 365, 0, 0, 0.54%, 1, 0, 4, 1489.50
1775259764, 1519, 192, 365, 0, 0, 0.54%, 1, 0, 4, 1403.72
1775259769, 1519, 276, 365, 0, 0, 0.54%, 1, 0, 4, 1486.51
1775259774, 1520, 9, 365, 0, 0, 0.54%, 1, 0, 4, 1320.21
1775259779, 1520, 35, 365, 0, 0, 0.54%, 1, 0, 4, 1476.85
1775259784, 1520, 102, 365, 0, 0, 0.54%, 1, 0, 4, 1409.47
1775259789, 1520, 187, 365, 0, 0, 0.54%, 1, 0, 4, 1379.35
1775259794, 1520, 274, 365, 0, 0, 0.54%, 1, 0, 4, 1540.51
1775259799, 1521, 1, 365, 0, 0, 0.54%, 1, 0, 4, 1185.76
1775259804, 1521, 33, 365, 0, 0, 0.54%, 1, 0, 4, 1334.23
1775259809, 1521, 95, 365, 0, 0, 0.54%, 1, 0, 4, 1440.88
1775259815, 1521, 125, 365, 0, 0, 0.54%, 1, 0, 4, 1397.99
1775259820, 1521, 271, 365, 0, 0, 0.54%, 1, 0, 4, 1424.79
1775259825, 1521, 330, 365, 0, 0, 0.54%, 1, 0, 4, 1222.11
1775259830, 1522, 31, 365, 0, 0, 0.54%, 1, 0, 4, 1348.46
1775259835, 1522, 72, 365, 0, 0, 0.54%, 1, 0, 4, 1404.38
1775259840, 1522, 193, 365, 0, 0, 0.54%, 1, 0, 4, 1427.83
1775259845, 1522, 256, 365, 0, 0, 0.54%, 1, 0, 4, 1482.57
1775259850, 1522, 276, 365, 0, 0, 0.54%, 1, 0, 4, 1341.71
1775259855, 1523, 9, 365, 0, 0, 0.54%, 1, 0, 4, 1328.83
1775259860, 1523, 64, 365, 0, 0, 0.54%, 1, 0, 4, 1676.83
1775259866, 1523, 119, 365, 0, 0, 0.54%, 1, 0, 4, 1469.94
1775259871, 1523, 212, 365, 0, 0, 0.54%, 1, 0, 4, 1420.92
1775259876, 1523, 268, 365, 0, 0, 0.54%, 1, 0, 4, 1504.56
1775259881, 1523, 350, 365, 0, 0, 0.54%, 1, 0, 4, 1200.68
1775259886, 1524, 31, 365, 0, 0, 0.54%, 1, 0, 4, 1339.45
1775259891, 1524, 87, 365, 0, 0, 0.54%, 1, 0, 4, 1526.33
1775259896, 1524, 127, 365, 0, 0, 0.54%, 1, 0, 4, 1417.27
1775259901, 1524, 229, 365, 0, 0, 0.54%, 1, 0, 4, 1477.52
1775259907, 1524, 276, 365, 0, 0, 0.54%, 1, 0, 4, 1398.48
1775259912, 1524, 360, 365, 0, 0, 0.54%, 1, 0, 4, 1328.24
1775259917, 1525, 31, 365, 0, 0, 0.54%, 1, 0, 4, 1385.78
1775259922, 1525, 71, 365, 0, 0, 0.54%, 1, 0, 4, 1390.25
1775259927, 1525, 166, 365, 0, 0, 0.54%, 1, 0, 4, 1424.56
1775259932, 1525, 265, 365, 0, 0, 0.54%, 1, 0, 4, 1394.01
1775259937, 1525, 322, 365, 0, 0, 0.54%, 1, 0, 4, 1361.19
1775259942, 1526, 31, 365, 0, 0, 0.54%, 1, 0, 4, 1492.29
1775259947, 1526, 91, 365, 0, 0, 0.54%, 1, 0, 4, 1475.08
1775259952, 1526, 210, 365, 0, 0, 0.54%, 1, 0, 4, 1402.45
1775259958, 1526, 275, 365, 0, 0, 0.54%, 1, 0, 4, 1444.51
1775259963, 1527, 9, 365, 0, 0, 0.54%, 1, 0, 4, 1348.57
1775259968, 1527, 62, 365, 0, 0, 0.54%, 1, 0, 4, 1437.44
1775259973, 1527, 103, 365, 0, 0, 0.54%, 1, 0, 4, 1454.13
1775259978, 1527, 274, 365, 0, 0, 0.54%, 1, 0, 4, 1459.58
1775259983, 1528, 9, 365, 0, 0, 0.54%, 1, 0, 4, 1395.34
1775259988, 1528, 63, 365, 0, 0, 0.54%, 1, 0, 4, 1533.04
1775259993, 1528, 108, 365, 0, 0, 0.54%, 1, 0, 4, 1388.22
1775259998, 1528, 198, 365, 0, 0, 0.54%, 1, 0, 4, 1234.57
1775260003, 1528, 265, 365, 0, 0, 0.54%, 1, 0, 4, 1438.43
1775260008, 1528, 322, 365, 0, 0, 0.54%, 1, 0, 4, 1343.56
1775260013, 1529, 31, 365, 0, 0, 0.54%, 1, 0, 4, 1260.58
1775260019, 1529, 100, 365, 0, 0, 0.54%, 1, 0, 4, 1471.20
1775260024, 1529, 144, 365, 0, 0, 0.54%, 1, 0, 4, 1424.26
1775260029, 1529, 256, 365, 0, 0, 0.54%, 1, 0, 4, 1356.09
1775260034, 1529, 279, 365, 0, 0, 0.54%, 1, 0, 4, 1253.05
1775260039, 1530, 7, 365, 0, 0, 0.54%, 1, 0, 4, 1384.78
1775260044, 1530, 52, 365, 0, 0, 0.54%, 1, 0, 4, 1370.92
1775260049, 1530, 103, 365, 0, 0, 0.54%, 1, 0, 4, 1414.57
1775260054, 1530, 161, 365, 0, 0, 0.54%, 1, 0, 4, 210.53
1775260059, 1530, 250, 365, 0, 0, 0.54%, 1, 0, 4, 1542.79
1775260065, 1530, 300, 365, 0, 0, 0.54%, 1, 0, 4, 1412.48
1775260070, 1531, 31, 365, 0, 0, 0.54%, 1, 0, 4, 1442.07
1775260075, 1531, 66, 365, 0, 0, 0.54%, 1, 0, 4, 1561.92
1775260080, 1531, 106, 365, 0, 0, 0.54%, 1, 0, 4, 1483.60
1775260085, 1531, 240, 365, 0, 0, 0.54%, 1, 0, 4, 1481.59
1775260090, 1531, 275, 365, 0, 0, 0.54%, 1, 0, 4, 1511.99
1775260095, 1531, 349, 365, 0, 0, 0.54%, 1, 0, 4, 1309.35
1775260100, 1532, 31, 365, 0, 0, 0.54%, 1, 0, 4, 1320.46
1775260105, 1532, 101, 365, 0, 0, 0.54%, 1, 0, 4, 1418.57
1775260110, 1532, 165, 365, 0, 0, 0.54%, 1, 0, 4, 1261.06
1775260115, 1532, 265, 365, 0, 0, 0.54%, 1, 0, 4, 1425.15
1775260120, 1532, 307, 365, 0, 0, 0.54%, 1, 0, 4, 1333.33
1775260126, 1533, 31, 365, 0, 0, 0.54%, 1, 0, 4, 1461.52
1775260131, 1533, 89, 365, 0, 0, 0.54%, 1, 0, 4, 1471.91
1775260136, 1533, 111, 365, 0, 0, 0.54%, 1, 0, 4, 1521.07
1775260141, 1533, 169, 365, 0, 0, 0.54%, 1, 0, 4, 1463.69
1775260146, 1533, 265, 365, 0, 0, 0.54%, 1, 0, 4, 1386.55
1775260151, 1533, 275, 365, 0, 0, 0.54%, 1, 0, 4, 1341.44
1775260156, 1534, 8, 365, 0, 0, 0.54%, 1, 0, 4, 1399.90
1775260161, 1534, 58, 365, 0, 0, 0.54%, 1, 0, 4, 1363.76
1775260166, 1534, 103, 365, 0, 0, 0.54%, 1, 0, 4, 1374.63
1775260171, 1534, 250, 365, 0, 0, 0.54%, 1, 0, 4, 1446.71
1775260176, 1534, 275, 365, 0, 0, 0.54%, 1, 0, 4, 1489.63
1775260182, 1535, 29, 365, 0, 0, 0.54%, 1, 0, 4, 552.25
1775260187, 1535, 58, 365, 0, 0, 0.54%, 1, 0, 4, 1240.08
1775260192, 1535, 116, 365, 0, 0, 0.54%, 1, 0, 4, 1466.13
1775260197, 1535, 167, 365, 0, 0, 0.54%, 1, 0, 4, 1326.81
1775260202, 1535, 265, 365, 0, 0, 0.54%, 1, 0, 4, 1318.10
1775260207, 1535, 313, 365, 0, 0, 0.54%, 1, 0, 4, 1329.96
1775260212, 1536, 29, 365, 0, 0, 0.54%, 1, 0, 4, 1307.65
1775260217, 1536, 63, 365, 0, 0, 0.54%, 1, 0, 4, 1499.28
1775260222, 1536, 108, 365, 0, 0, 0.54%, 1, 0, 4, 1412.18
1775260227, 1536, 220, 365, 0, 0, 0.54%, 1, 0, 4, 1373.28
1775260233, 1536, 274, 365, 0, 0, 0.54%, 1, 0, 4, 1374.17
1775260238, 1537, 9, 365, 0, 0, 0.54%, 1, 0, 4, 1358.23
1775260243, 1537, 33, 365, 0, 0, 0.54%, 1, 0, 4, 1508.78
1775260248, 1537, 103, 365, 0, 0, 0.54%, 1, 0, 4, 1450.33
1775260253, 1537, 158, 365, 0, 0, 0.54%, 1, 0, 4, 1419.47
1775260258, 1537, 241, 365, 0, 0, 0.54%, 1, 0, 4, 1433.50
1775260263, 1537, 275, 365, 0, 0, 0.54%, 1, 0, 4, 1493.94
1775260268, 1537, 332, 365, 0, 0, 0.54%, 1, 0, 4, 1159.57
1775260273, 1538, 33, 365, 0, 0, 0.54%, 1, 0, 4, 1346.89
1775260278, 1538, 101, 365, 0, 0, 0.54%, 1, 0, 4, 1390.59
1775260283, 1538, 156, 365, 0, 0, 0.54%, 1, 0, 4, 1424.44
1775260288, 1538, 231, 365, 0, 0, 0.54%, 1, 0, 4, 1454.96
1775260293, 1538, 275, 365, 0, 0, 0.54%, 1, 0, 4, 1367.26
1775260298, 1539, 9, 365, 0, 0, 0.54%, 1, 0, 4, 1313.73
1775260303, 1539, 33, 365, 0, 0, 0.54%, 1, 0, 4, 1372.77
1775260308, 1539, 89, 365, 0, 0, 0.54%, 1, 0, 4, 1425.74
1775260313, 1539, 166, 365, 0, 0, 0.54%, 1, 0, 4, 1501.13
1775260319, 1539, 265, 365, 0, 0, 0.54%, 1, 0, 4, 1448.66
1775260324, 1539, 354, 365, 0, 0, 0.54%, 1, 0, 4, 1218.99
1775260329, 1540, 33, 365, 0, 0, 0.54%, 1, 0, 4, 1423.06
1775260334, 1540, 100, 365, 0, 0, 0.54%, 1, 0, 4, 1306.44
1775260339, 1540, 197, 365, 0, 0, 0.54%, 1, 0, 4, 1340.95
1775260344, 1540, 232, 365, 0, 0, 0.54%, 1, 0, 4, 1236.66
1775260349, 1540, 276, 365, 0, 0, 0.54%, 1, 0, 4, 1225.08
1775260354, 1541, 9, 365, 0, 0, 0.54%, 1, 0, 4, 1374.62
1775260359, 1541, 58, 365, 0, 0, 0.54%, 1, 0, 4, 1552.02
1775260365, 1541, 103, 365, 0, 0, 0.54%, 1, 0, 4, 1412.25
1775260370, 1541, 265, 365, 0, 0, 0.54%, 1, 0, 4, 1396.94
1775260375, 1541, 360, 365, 0, 0, 0.54%, 1, 0, 4, 1443.28
1775260380, 1542, 28, 365, 0, 0, 0.54%, 1, 0, 4, 1563.17
1775260385, 1542, 54, 365, 0, 0, 0.54%, 1, 0, 4, 1390.78
1775260390, 1542, 103, 365, 0, 0, 0.54%, 1, 0, 4, 1406.94
1775260395, 1542, 215, 365, 0, 0, 0.54%, 1, 0, 4, 1381.64
1775260400, 1542, 261, 365, 0, 0, 0.54%, 1, 0, 4, 1373.82
1775260406, 1542, 323, 365, 0, 0, 0.54%, 1, 0, 4, 1367.43
1775260411, 1543, 33, 365, 0, 0, 0.54%, 1, 0, 4, 1451.74
1775260416, 1543, 89, 365, 0, 0, 0.54%, 1, 0, 4, 1469.78
1775260421, 1543, 139, 365, 0, 0, 0.54%, 1, 0, 4, 1418.53
1775260426, 1543, 270, 365, 0, 0, 0.54%, 1, 0, 4, 1455.01
1775260431, 1543, 322, 365, 0, 0, 0.54%, 1, 0, 4, 1337.71
1775260436, 1544, 33, 365, 0, 0, 0.54%, 1, 0, 4, 1485.62
1775260441, 1544, 70, 365, 0, 0, 0.54%, 1, 0, 4, 1476.39
1775260446, 1544, 118, 365, 0, 0, 0.54%, 1, 0, 4, 1385.99
1775260451, 1544, 200, 365, 0, 0, 0.54%, 1, 0, 4, 1429.84
1775260456, 1544, 264, 365, 0, 0, 0.54%, 1, 0, 4, 1389.77
1775260461, 1544, 305, 365, 0, 0, 0.54%, 1, 0, 4, 1271.20
1775260466, 1545, 33, 365, 0, 0, 0.54%, 1, 0, 4, 1298.77
1775260471, 1545, 89, 365, 0, 0, 0.54%, 1, 0, 4, 1401.25
1775260476, 1545, 123, 365, 0, 0, 0.54%, 1, 0, 4, 1380.71
1775260482, 1545, 202, 365, 0, 0, 0.54%, 1, 0, 4, 1363.07
1775260487, 1545, 265, 365, 0, 0, 0.54%, 1, 0, 4, 1435.31
1775260492, 1545, 303, 365, 0, 0, 0.54%, 1, 0, 4, 1286.31
1775260497, 1546, 33, 365, 0, 0, 0.54%, 1, 0, 4, 1368.64
1775260502, 1546, 99, 365, 0, 0, 0.54%, 1, 0, 4, 1488.85
1775260507, 1546, 151, 365, 0, 0, 0.54%, 1, 0, 4, 1438.86
1775260512, 1546, 265, 365, 0, 0, 0.54%, 1, 0, 4, 1403.65
1775260517, 1546, 322, 365, 0, 0, 0.54%, 1, 0, 4, 1276.63
1775260522, 1547, 33, 365, 0, 0, 0.54%, 1, 0, 4, 1441.90
1775260528, 1547, 79, 365, 0, 0, 0.54%, 1, 0, 4, 1354.31
1775260533, 1547, 106, 365, 0, 0, 0.54%, 1, 0, 4, 1277.18
1775260538, 1547, 231, 365, 0, 0, 0.54%, 1, 0, 4, 1470.66
1775260543, 1547, 274, 365, 0, 0, 0.54%, 1, 0, 4, 1303.99
1775260548, 1547, 364, 365, 0, 0, 0.54%, 1, 0, 4, 1324.22
1775260553, 1548, 21, 365, 0, 0, 0.54%, 1, 0, 4, 1265.99
1775260558, 1548, 64, 365, 0, 0, 0.54%, 1, 0, 4, 1347.75
1775260563, 1548, 108, 365, 0, 0, 0.54%, 1, 0, 4, 1311.40
1775260568, 1548, 265, 365, 0, 0, 0.54%, 1, 0, 4, 1436.12
1775260573, 1548, 322, 365, 0, 0, 0.54%, 1, 0, 4, 1353.16
1775260578, 1549, 33, 365, 0, 0, 0.54%, 1, 0, 4, 1378.43
1775260583, 1549, 75, 365, 0, 0, 0.54%, 1, 0, 4, 1388.10
1775260589, 1549, 114, 365, 0, 0, 0.54%, 1, 0, 4, 1361.50
1775260594, 1549, 265, 365, 0, 0, 0.54%, 1, 0, 4, 1480.52
1775260599, 1549, 316, 365, 0, 0, 0.54%, 1, 0, 4, 1351.54
1775260604, 1550, 9, 365, 0, 0, 0.54%, 1, 0, 4, 1246.01
1775260609, 1550, 63, 365, 0, 0, 0.54%, 1, 0, 4, 1399.26
1775260614, 1550, 109, 365, 0, 0, 0.54%, 1, 0, 4, 1457.59
1775260619, 1550, 274, 365, 0, 0, 0.54%, 1, 0, 4, 1394.09
1775260624, 1551, 9, 365, 0, 0, 0.54%, 1, 0, 4, 1243.50
1775260629, 1551, 45, 365, 0, 0, 0.54%, 1, 0, 4, 1330.40
1775260634, 1551, 74, 365, 0, 0, 0.54%, 1, 0, 4, 1374.21
1775260640, 1551, 103, 365, 0, 0, 0.54%, 1, 0, 4, 1339.72
1775260645, 1551, 219, 365, 0, 0, 0.54%, 1, 0, 4, 1468.62
1775260650, 1551, 265, 365, 0, 0, 0.54%, 1, 0, 4, 827.95
1775260655, 1551, 319, 365, 0, 0, 0.54%, 1, 0, 4, 1237.98
1775260660, 1552, 9, 365, 0, 0, 0.54%, 1, 0, 4, 1393.16
1775260665, 1552, 49, 365, 0, 0, 0.54%, 1, 0, 4, 1391.25
1775260670, 1552, 89, 365, 0, 0, 0.54%, 1, 0, 4, 1499.23
1775260675, 1552, 152, 365, 0, 0, 0.54%, 1, 0, 4, 1393.05
1775260680, 1552, 273, 365, 0, 0, 0.54%, 1, 0, 4, 1399.90
1775260685, 1552, 322, 365, 0, 0, 0.54%, 1, 0, 4, 1368.44
1775260690, 1553, 31, 365, 0, 0, 0.54%, 1, 0, 4, 1391.29
1775260695, 1553, 70, 365, 0, 0, 0.54%, 1, 0, 4, 1397.59
1775260700, 1553, 105, 365, 0, 0, 0.54%, 1, 0, 4, 1374.84
1775260706, 1553, 219, 365, 0, 0, 0.54%, 1, 0, 4, 1316.34
1775260711, 1553, 276, 365, 0, 0, 0.54%, 1, 0, 4, 1270.85
1775260716, 1554, 9, 365, 0, 0, 0.54%, 1, 0, 4, 1388.81
1775260721, 1554, 44, 365, 0, 0, 0.54%, 1, 0, 4, 1451.88
1775260726, 1554, 103, 365, 0, 0, 0.54%, 1, 0, 4, 1442.58
1775260731, 1554, 177, 365, 0, 0, 0.54%, 1, 0, 4, 1386.87
1775260736, 1554, 258, 365, 0, 0, 0.54%, 1, 0, 4, 1404.77
1775260741, 1554, 279, 365, 0, 0, 0.54%, 1, 0, 4, 1313.62
1775260746, 1555, 33, 365, 0, 0, 0.54%, 1, 0, 4, 1289.63
1775260751, 1555, 101, 365, 0, 0, 0.54%, 1, 0, 4, 1451.07
1775260756, 1555, 165, 365, 0, 0, 0.54%, 1, 0, 4, 1343.15
1775260761, 1555, 274, 365, 0, 0, 0.54%, 1, 0, 4, 1419.82
1775260766, 1556, 1, 365, 0, 0, 0.54%, 1, 0, 4, 1304.77
1775260772, 1556, 33, 365, 0, 0, 0.54%, 1, 0, 4, 1375.31
1775260777, 1556, 71, 365, 0, 0, 0.54%, 1, 0, 4, 1381.86
1775260782, 1556, 111, 365, 0, 0, 0.54%, 1, 0, 4, 1409.01
1775260787, 1556, 228, 365, 0, 0, 0.54%, 1, 0, 4, 1394.03
1775260792, 1556, 269, 365, 0, 0, 0.54%, 1, 0, 4, 1283.92
1775260797, 1557, 6, 365, 0, 0, 0.54%, 1, 0, 4, 1326.76
1775260802, 1557, 52, 365, 0, 0, 0.54%, 1, 0, 4, 1436.50
1775260807, 1557, 107, 365, 0, 0, 0.54%, 1, 0, 4, 1476.97
1775260812, 1557, 261, 365, 0, 0, 0.54%, 1, 0, 4, 1452.84
1775260817, 1557, 309, 365, 0, 0, 0.54%, 1, 0, 4, 1360.36
1775260822, 1558, 31, 365, 0, 0, 0.54%, 1, 0, 4, 1495.87
1775260828, 1558, 89, 365, 0, 0, 0.54%, 1, 0, 4, 1560.82
1775260833, 1558, 155, 365, 0, 0, 0.54%, 1, 0, 4, 1508.04
1775260838, 1558, 233, 365, 0, 0, 0.54%, 1, 0, 4, 1411.31
1775260843, 1558, 294, 365, 0, 0, 0.54%, 1, 0, 4, 1415.51
1775260848, 1559, 20, 365, 0, 0, 0.54%, 1, 0, 4, 1350.75
1775260853, 1559, 63, 365, 0, 0, 0.54%, 1, 0, 4, 1450.32
1775260858, 1559, 103, 365, 0, 0, 0.54%, 1, 0, 4, 1435.40
1775260863, 1559, 179, 365, 0, 0, 0.54%, 1, 0, 4, 1399.75
1775260868, 1559, 248, 365, 0, 0, 0.54%, 1, 0, 4, 1463.62
1775260873, 1559, 276, 365, 0, 0, 0.54%, 1, 0, 4, 1437.81
1775260879, 1560, 29, 365, 0, 0, 0.54%, 1, 0, 4, 1532.51
1775260884, 1560, 63, 365, 0, 0, 0.54%, 1, 0, 4, 1442.27
1775260889, 1560, 110, 365, 0, 0, 0.54%, 1, 0, 4, 1433.30
1775260894, 1560, 242, 365, 0, 0, 0.54%, 1, 0, 4, 1351.27
1775260899, 1560, 276, 365, 0, 0, 0.54%, 1, 0, 4, 1398.79
1775260904, 1561, 9, 365, 0, 0, 0.54%, 1, 0, 4, 1324.18
1775260909, 1561, 40, 365, 0, 0, 0.54%, 1, 0, 4, 1514.94
1775260914, 1561, 99, 365, 0, 0, 0.54%, 1, 0, 4, 1489.03
1775260919, 1561, 148, 365, 0, 0, 0.54%, 1, 0, 4, 1461.78
1775260924, 1561, 261, 365, 0, 0, 0.54%, 1, 0, 4, 1485.85
1775260929, 1561, 293, 365, 0, 0, 0.54%, 1, 0, 4, 1308.89
1775260934, 1562, 14, 365, 0, 0, 0.54%, 1, 0, 4, 1562.32
1775260940, 1562, 63, 365, 0, 0, 0.54%, 1, 0, 4, 1416.12
1775260945, 1562, 108, 365, 0, 0, 0.54%, 1, 0, 4, 1386.01
1775260950, 1562, 196, 365, 0, 0, 0.54%, 1, 0, 4, 1296.38
1775260955, 1562, 274, 365, 0, 0, 0.54%, 1, 0, 4, 1469.85
1775260960, 1562, 350, 365, 0, 0, 0.54%, 1, 0, 4, 1299.15
1775260965, 1562, 364, 365, 0, 0, 0.54%, 1, 0, 4, 1388.53
1775260970, 1563, 58, 365, 0, 0, 0.54%, 1, 0, 4, 1377.12
1775260975, 1563, 108, 365, 0, 0, 0.54%, 1, 0, 4, 1500.78
1775260981, 1563, 203, 365, 0, 0, 0.54%, 1, 0, 4, 1364.76
1775260986, 1563, 270, 365, 0, 0, 0.54%, 1, 0, 4, 1406.25
1775260991, 1563, 322, 365, 0, 0, 0.54%, 1, 0, 4, 1302.38
1775260996, 1564, 33, 365, 0, 0, 0.54%, 1, 0, 4, 1439.58
1775261001, 1564, 90, 365, 0, 0, 0.54%, 1, 0, 4, 1436.06
1775261006, 1564, 154, 365, 0, 0, 0.54%, 1, 0, 4, 1387.67
1775261011, 1564, 274, 365, 0, 0, 0.54%, 1, 0, 4, 1440.86
1775261016, 1564, 317, 365, 0, 0, 0.54%, 1, 0, 4, 1290.61
1775261021, 1565, 31, 365, 0, 0, 0.54%, 1, 0, 4, 1463.96
1775261027, 1565, 89, 365, 0, 0, 0.54%, 1, 0, 4, 1372.79
1775261032, 1565, 138, 365, 0, 0, 0.54%, 1, 0, 4, 1269.48
1775261037, 1565, 204, 365, 0, 0, 0.54%, 1, 0, 4, 1357.59
1775261042, 1565, 276, 365, 0, 0, 0.54%, 1, 0, 4, 1409.17
1775261047, 1566, 29, 365, 0, 0, 0.54%, 1, 0, 4, 1364.46
1775261052, 1566, 64, 365, 0, 0, 0.54%, 1, 0, 4, 1456.07
1775261057, 1566, 103, 365, 0, 0, 0.54%, 1, 0, 4, 1415.72
1775261062, 1566, 207, 365, 0, 0, 0.54%, 1, 0, 4, 1405.10
1775261067, 1566, 275, 365, 0, 0, 0.54%, 1, 0, 4, 1448.02
1775261072, 1566, 345, 365, 0, 0, 0.54%, 1, 0, 4, 1214.46
1775261077, 1567, 31, 365, 0, 0, 0.54%, 1, 0, 4, 1380.67
1775261083, 1567, 98, 365, 0, 0, 0.54%, 1, 0, 4, 1460.15
1775261088, 1567, 156, 365, 0, 0, 0.54%, 1, 0, 4, 1400.98
1775261093, 1567, 247, 365, 0, 0, 0.54%, 1, 0, 4, 1429.56
1775261098, 1567, 276, 365, 0, 0, 0.54%, 1, 0, 4, 1325.50
1775261103, 1568, 29, 365, 0, 0, 0.54%, 1, 0, 4, 1289.04
1775261108, 1568, 71, 365, 0, 0, 0.54%, 1, 0, 4, 1438.88
1775261113, 1568, 165, 365, 0, 0, 0.54%, 1, 0, 4, 1326.71
1775261118, 1568, 210, 365, 0, 0, 0.54%, 1, 0, 4, 1256.15
1775261123, 1568, 274, 365, 0, 0, 0.54%, 1, 0, 4, 1426.34
1775261128, 1568, 358, 365, 0, 0, 0.54%, 1, 0, 4, 1305.51
1775261134, 1569, 58, 365, 0, 0, 0.54%, 1, 0, 4, 1305.60
1775261139, 1569, 108, 365, 0, 0, 0.54%, 1, 0, 4, 1407.21
1775261144, 1569, 265, 365, 0, 0, 0.54%, 1, 0, 4, 1464.41
1775261149, 1569, 307, 365, 0, 0, 0.54%, 1, 0, 4, 1264.10
1775261154, 1570, 22, 365, 0, 0, 0.54%, 1, 0, 4, 1303.69
1775261159, 1570, 34, 365, 0, 0, 0.54%, 1, 0, 4, 1475.09
1775261164, 1570, 99, 365, 0, 0, 0.54%, 1, 0, 4, 1516.86
1775261169, 1570, 137, 365, 0, 0, 0.54%, 1, 0, 4, 1490.92
1775261174, 1570, 265, 365, 0, 0, 0.54%, 1, 0, 4, 1406.29
1775261179, 1570, 315, 365, 0, 0, 0.54%, 1, 0, 4, 1310.19
1775261185, 1571, 31, 365, 0, 0, 0.54%, 1, 0, 4, 1346.33
1775261190, 1571, 63, 365, 0, 0, 0.54%, 1, 0, 4, 1403.52
1775261195, 1571, 108, 365, 0, 0, 0.54%, 1, 0, 4, 1421.63
1775261200, 1571, 225, 365, 0, 0, 0.54%, 1, 0, 4, 1446.17
1775261205, 1571, 274, 365, 0, 0, 0.54%, 1, 0, 4, 1474.08
1775261210, 1571, 351, 365, 0, 0, 0.54%, 1, 0, 4, 1168.79
1775261215, 1572, 29, 365, 0, 0, 0.54%, 1, 0, 4, 1370.91
1775261220, 1572, 64, 365, 0, 0, 0.54%, 1, 0, 4, 1494.67
1775261225, 1572, 141, 365, 0, 0, 0.54%, 1, 0, 4, 1483.93
1775261230, 1572, 216, 365, 0, 0, 0.54%, 1, 0, 4, 1525.24
1775261235, 1572, 274, 365, 0, 0, 0.54%, 1, 0, 4, 1403.07
1775261240, 1572, 363, 365, 0, 0, 0.54%, 1, 0, 4, 1205.31
1775261246, 1573, 37, 365, 0, 0, 0.54%, 1, 0, 4, 1456.91
1775261251, 1573, 103, 365, 0, 0, 0.54%, 1, 0, 4, 1428.86
1775261256, 1573, 144, 365, 0, 0, 0.54%, 1, 0, 4, 1378.68
1775261261, 1573, 253, 365, 0, 0, 0.54%, 1, 0, 4, 1401.13
1775261266, 1573, 274, 365, 0, 0, 0.54%, 1, 0, 4, 1358.32
1775261271, 1574, 8, 365, 0, 0, 0.54%, 1, 0, 4, 1310.58
1775261276, 1574, 33, 365, 0, 0, 0.54%, 1, 0, 4, 1378.91
1775261281, 1574, 69, 365, 0, 0, 0.54%, 1, 0, 4, 1347.64
1775261286, 1574, 108, 365, 0, 0, 0.54%, 1, 0, 4, 1313.35
1775261291, 1574, 274, 365, 0, 0, 0.54%, 1, 0, 4, 1397.27
1775261296, 1575, 29, 365, 0, 0, 0.54%, 1, 0, 4, 1349.62
1775261301, 1575, 64, 365, 0, 0, 0.54%, 1, 0, 4, 1470.18
1775261307, 1575, 132, 365, 0, 0, 0.54%, 1, 0, 4, 1445.00
1775261312, 1575, 274, 365, 0, 0, 0.54%, 1, 0, 4, 1552.03
1775261317, 1576, 9, 365, 0, 0, 0.54%, 1, 0, 4, 1274.13
1775261322, 1576, 49, 365, 0, 0, 0.54%, 1, 0, 4, 1291.44
1775261327, 1576, 101, 365, 0, 0, 0.54%, 1, 0, 4, 1454.96
1775261332, 1576, 199, 365, 0, 0, 0.54%, 1, 0, 4, 1481.99
1775261337, 1576, 274, 365, 0, 0, 0.54%, 1, 0, 4, 1410.34
1775261342, 1577, 29, 365, 0, 0, 0.54%, 1, 0, 4, 1352.09
1775261347, 1577, 79, 365, 0, 0, 0.54%, 1, 0, 4, 1409.92
1775261352, 1577, 111, 365, 0, 0, 0.54%, 1, 0, 4, 1281.91
1775261357, 1577, 174, 365, 0, 0, 0.54%, 1, 0, 4, 1327.82
1775261362, 1577, 276, 365, 0, 0, 0.54%, 1, 0, 4, 1328.33
1775261367, 1577, 364, 365, 0, 0, 0.54%, 1, 0, 4, 1286.47
1775261373, 1578, 33, 365, 0, 0, 0.54%, 1, 0, 4, 1375.89
1775261378, 1578, 89, 365, 0, 0, 0.54%, 1, 0, 4, 1379.83
1775261383, 1578, 128, 365, 0, 0, 0.54%, 1, 0, 4, 1335.04
1775261388, 1578, 264, 365, 0, 0, 0.54%, 1, 0, 4, 1325.97
1775261393, 1578, 313, 365, 0, 0, 0.54%, 1, 0, 4, 1333.67
1775261398, 1579, 29, 365, 0, 0, 0.54%, 1, 0, 4, 1349.87
1775261403, 1579, 63, 365, 0, 0, 0.54%, 1, 0, 4, 1489.67
1775261408, 1579, 127, 365, 0, 0, 0.54%, 1, 0, 4, 1480.74
1775261413, 1579, 202, 365, 0, 0, 0.54%, 1, 0, 4, 1371.62
1775261418, 1579, 276, 365, 0, 0, 0.54%, 1, 0, 4, 1399.78
1775261423, 1580, 17, 365, 0, 0, 0.54%, 1, 0, 4, 1380.36
1775261429, 1580, 59, 365, 0, 0, 0.54%, 1, 0, 4, 1553.59
1775261434, 1580, 103, 365, 0, 0, 0.54%, 1, 0, 4, 1475.33
1775261439, 1580, 244, 365, 0, 0, 0.54%, 1, 0, 4, 1395.32
1775261444, 1580, 276, 365, 0, 0, 0.54%, 1, 0, 4, 1452.22
1775261449, 1581, 31, 365, 0, 0, 0.54%, 1, 0, 4, 1424.83
1775261454, 1581, 89, 365, 0, 0, 0.54%, 1, 0, 4, 1433.58
1775261459, 1581, 146, 365, 0, 0, 0.54%, 1, 0, 4, 1468.78
1775261465, 1581, 275, 365, 0, 0, 0.54%, 1, 0, 4, 1497.78
1775261470, 1582, 9, 365, 0, 0, 0.54%, 1, 0, 4, 1464.20
1775261475, 1582, 48, 365, 0, 0, 0.54%, 1, 0, 4, 1527.74
1775261480, 1582, 101, 365, 0, 0, 0.54%, 1, 0, 4, 1441.93
1775261485, 1582, 156, 365, 0, 0, 0.54%, 1, 0, 4, 1453.87
1775261490, 1582, 261, 365, 0, 0, 0.54%, 1, 0, 4, 1502.17
1775261495, 1582, 311, 365, 0, 0, 0.54%, 1, 0, 4, 1468.33
1775261500, 1583, 29, 365, 0, 0, 0.54%, 1, 0, 4, 1360.69
1775261505, 1583, 63, 365, 0, 0, 0.54%, 1, 0, 4, 1469.60
1775261510, 1583, 119, 365, 0, 0, 0.54%, 1, 0, 4, 1442.03
1775261515, 1583, 196, 365, 0, 0, 0.54%, 1, 0, 4, 1393.24
1775261520, 1583, 265, 365, 0, 0, 0.54%, 1, 0, 4, 1441.68
1775261525, 1583, 322, 365, 0, 0, 0.54%, 1, 0, 4, 1329.80
1775261530, 1584, 29, 365, 0, 0, 0.54%, 1, 0, 4, 1195.97
1775261536, 1584, 71, 365, 0, 0, 0.54%, 1, 0, 4, 1437.74
1775261541, 1584, 101, 365, 0, 0, 0.54%, 1, 0, 4, 1498.90
1775261546, 1584, 193, 365, 0, 0, 0.54%, 1, 0, 4, 1474.85
1775261551, 1584, 270, 365, 0, 0, 0.54%, 1, 0, 4, 1436.55
1775261556, 1585, 1, 365, 0, 0, 0.54%, 1, 0, 4, 1255.88
1775261561, 1585, 58, 365, 0, 0, 0.54%, 1, 0, 4, 1532.93
1775261566, 1585, 101, 365, 0, 0, 0.54%, 1, 0, 4, 1421.05
1775261571, 1585, 168, 365, 0, 0, 0.54%, 1, 0, 4, 1421.71
1775261576, 1585, 207, 365, 0, 0, 0.54%, 1, 0, 4, 1477.90
1775261581, 1585, 256, 365, 0, 0, 0.54%, 1, 0, 4, 1357.90
1775261586, 1585, 276, 365, 0, 0, 0.54%, 1, 0, 4, 1387.80
1775261592, 1586, 16, 365, 0, 0, 0.54%, 1, 0, 4, 434.83
1775261597, 1586, 44, 365, 0, 0, 0.54%, 1, 0, 4, 1253.14
1775261602, 1586, 74, 365, 0, 0, 0.54%, 1, 0, 4, 1295.15
1775261607, 1586, 115, 365, 0, 0, 0.54%, 1, 0, 4, 1392.22
1775261612, 1586, 261, 365, 0, 0, 0.54%, 1, 0, 4, 1395.54
1775261617, 1587, 9, 365, 0, 0, 0.54%, 1, 0, 4, 1328.03
1775261622, 1587, 56, 365, 0, 0, 0.54%, 1, 0, 4, 1409.01
1775261627, 1587, 103, 365, 0, 0, 0.54%, 1, 0, 4, 1424.00
1775261632, 1587, 170, 365, 0, 0, 0.54%, 1, 0, 4, 1331.30
1775261637, 1587, 261, 365, 0, 0, 0.54%, 1, 0, 4, 1365.52
1775261642, 1587, 332, 365, 0, 0, 0.54%, 1, 0, 4, 1299.64
1775261647, 1588, 29, 365, 0, 0, 0.54%, 1, 0, 4, 1254.72
1775261652, 1588, 63, 365, 0, 0, 0.54%, 1, 0, 4, 1459.92
1775261657, 1588, 220, 365, 0, 0, 0.54%, 1, 0, 4, 1473.40
1775261662, 1588, 265, 365, 0, 0, 0.54%, 1, 0, 4, 1504.59
1775261667, 1589, 9, 365, 0, 0, 0.54%, 1, 0, 4, 1436.72
1775261672, 1589, 40, 365, 0, 0, 0.54%, 1, 0, 4, 1428.16
1775261678, 1589, 108, 365, 0, 0, 0.54%, 1, 0, 4, 1415.78
1775261683, 1589, 261, 365, 0, 0, 0.54%, 1, 0, 4, 1419.83
1775261688, 1589, 322, 365, 0, 0, 0.54%, 1, 0, 4, 1388.90
1775261693, 1590, 33, 365, 0, 0, 0.54%, 1, 0, 4, 1377.95
1775261698, 1590, 99, 365, 0, 0, 0.54%, 1, 0, 4, 1400.03
1775261703, 1590, 136, 366, 1, 0, 0.54%, 1, 0, 4, 1452.09
1775261708, 1590, 261, 366, 1, 0, 0.54%, 1, 0, 4, 1237.96
1775261713, 1590, 317, 366, 1, 0, 0.54%, 1, 0, 4, 1374.92
1775261718, 1591, 9, 366, 0, 0, 0.54%, 1, 0, 4, 1366.06
1775261723, 1591, 58, 366, 0, 0, 0.54%, 1, 0, 4, 1520.46
1775261728, 1591, 100, 366, 0, 0, 0.54%, 1, 0, 4, 1354.47
1775261733, 1591, 261, 366, 0, 0, 0.54%, 1, 0, 4, 1431.23
1775261738, 1591, 326, 366, 0, 0, 0.54%, 1, 0, 4, 1303.15
1775261743, 1592, 33, 366, 0, 0, 0.54%, 1, 0, 4, 1353.24
1775261749, 1592, 79, 366, 0, 0, 0.54%, 1, 0, 4, 1493.70
1775261754, 1592, 113, 366, 0, 0, 0.54%, 1, 0, 4, 1471.70
1775261759, 1592, 211, 366, 0, 0, 0.54%, 1, 0, 4, 1353.57
1775261764, 1592, 270, 366, 0, 0, 0.54%, 1, 0, 4, 1489.16
1775261769, 1593, 6, 366, 0, 0, 0.54%, 1, 0, 4, 1413.81
1775261774, 1593, 34, 366, 0, 0, 0.54%, 1, 0, 4, 1406.66
1775261779, 1593, 101, 366, 0, 0, 0.54%, 1, 0, 4, 1364.79
1775261784, 1593, 174, 366, 0, 0, 0.54%, 1, 0, 4, 1381.04
1775261789, 1593, 265, 366, 0, 0, 0.54%, 1, 0, 4, 1461.90
1775261794, 1593, 313, 366, 0, 0, 0.54%, 1, 0, 4, 1373.18
1775261799, 1594, 29, 366, 0, 0, 0.54%, 1, 0, 4, 1379.27
1775261804, 1594, 58, 366, 0, 0, 0.54%, 1, 0, 4, 1413.99
1775261809, 1594, 113, 366, 0, 0, 0.54%, 1, 0, 4, 1518.84
1775261814, 1594, 273, 366, 0, 0, 0.54%, 1, 0, 4, 1398.75
1775261820, 1595, 9, 366, 0, 0, 0.54%, 1, 0, 4, 1340.11
1775261825, 1595, 33, 366, 0, 0, 0.54%, 1, 0, 4, 1248.60
1775261830, 1595, 91, 366, 0, 0, 0.54%, 1, 0, 4, 1417.61
1775261835, 1595, 144, 366, 0, 0, 0.54%, 1, 0, 4, 1469.04
1775261840, 1595, 248, 366, 0, 0, 0.54%, 1, 0, 4, 1405.79
1775261845, 1595, 296, 366, 0, 0, 0.54%, 1, 0, 4, 1396.69
1775261850, 1596, 9, 366, 0, 0, 0.54%, 1, 0, 4, 1448.91
1775261855, 1596, 51, 366, 0, 0, 0.54%, 1, 0, 4, 1556.01
1775261860, 1596, 101, 366, 0, 0, 0.54%, 1, 0, 4, 1472.99
1775261865, 1596, 201, 366, 0, 0, 0.54%, 1, 0, 4, 1483.63
1775261870, 1596, 275, 366, 0, 0, 0.54%, 1, 0, 4, 1474.65
1775261876, 1597, 29, 366, 0, 0, 0.54%, 1, 0, 4, 1370.25
1775261881, 1597, 70, 366, 0, 0, 0.54%, 1, 0, 4, 1539.67
1775261886, 1597, 125, 366, 0, 0, 0.54%, 1, 0, 4, 1359.69
1775261891, 1597, 261, 366, 0, 0, 0.54%, 1, 0, 4, 1371.52
1775261896, 1597, 322, 366, 0, 0, 0.54%, 1, 0, 4, 1398.89
1775261901, 1598, 29, 366, 0, 0, 0.54%, 1, 0, 4, 1398.30
1775261906, 1598, 61, 366, 0, 0, 0.54%, 1, 0, 4, 1506.52
1775261911, 1598, 117, 366, 0, 0, 0.54%, 1, 0, 4, 1420.26
1775261916, 1598, 147, 366, 0, 0, 0.54%, 1, 0, 4, 1396.52
1775261922, 1598, 250, 366, 0, 0, 0.54%, 1, 0, 4, 1442.43
1775261927, 1598, 274, 366, 0, 0, 0.54%, 1, 0, 4, 1429.30
1775261932, 1598, 360, 366, 0, 0, 0.54%, 1, 0, 4, 1480.14
1775261937, 1599, 28, 366, 0, 0, 0.54%, 1, 0, 4, 1395.90
1775261942, 1599, 58, 366, 0, 0, 0.54%, 1, 0, 4, 1480.01
1775261947, 1599, 101, 366, 0, 0, 0.54%, 1, 0, 4, 1453.77
1775261952, 1599, 162, 366, 0, 0, 0.54%, 1, 0, 4, 1442.25
1775261957, 1599, 237, 366, 0, 0, 0.54%, 1, 0, 4, 1368.99
1775261962, 1599, 275, 366, 0, 0, 0.54%, 1, 0, 4, 1486.76
1775261967, 1600, 9, 366, 0, 0, 0.54%, 1, 0, 4, 1195.84
1775261972, 1600, 46, 366, 0, 0, 0.54%, 1, 0, 4, 1454.20
1775261977, 1600, 89, 366, 0, 0, 0.54%, 1, 0, 4, 1510.92
1775261982, 1600, 252, 366, 0, 0, 0.54%, 1, 0, 4, 1574.80
1775261988, 1600, 276, 366, 0, 0, 0.54%, 1, 0, 4, 1568.32
1775261993, 1601, 29, 366, 0, 0, 0.54%, 1, 0, 4, 1357.09
1775261998, 1601, 97, 366, 0, 0, 0.54%, 1, 0, 4, 1500.50
1775262003, 1601, 139, 366, 0, 0, 0.54%, 1, 0, 4, 1443.16
1775262008, 1601, 270, 366, 0, 0, 0.54%, 1, 0, 4, 1451.92
1775262013, 1602, 5, 366, 0, 0, 0.54%, 1, 0, 4, 1437.11
1775262018, 1602, 33, 366, 0, 0, 0.54%, 1, 0, 4, 1395.35
1775262023, 1602, 89, 366, 0, 0, 0.54%, 1, 0, 4, 1452.37
1775262028, 1602, 163, 366, 0, 0, 0.54%, 1, 0, 4, 1528.05
1775262034, 1602, 274, 366, 0, 0, 0.54%, 1, 0, 4, 1519.67
1775262039, 1602, 322, 366, 0, 0, 0.54%, 1, 0, 4, 1386.55
1775262044, 1603, 29, 366, 0, 0, 0.54%, 1, 0, 4, 1445.83
1775262049, 1603, 64, 366, 0, 0, 0.54%, 1, 0, 4, 1458.30
1775262054, 1603, 108, 366, 0, 0, 0.54%, 1, 0, 4, 1420.53
1775262059, 1603, 230, 366, 0, 0, 0.54%, 1, 0, 4, 1438.07
1775262064, 1603, 276, 366, 0, 0, 0.54%, 1, 0, 4, 1366.04
1775262069, 1604, 29, 366, 0, 0, 0.54%, 1, 0, 4, 1246.78
1775262074, 1604, 58, 366, 0, 0, 0.54%, 1, 0, 4, 1383.33
1775262079, 1604, 108, 366, 0, 0, 0.54%, 1, 0, 4, 1359.69
1775262084, 1604, 261, 366, 0, 0, 0.54%, 1, 0, 4, 1462.24
1775262090, 1604, 285, 366, 0, 0, 0.54%, 1, 0, 4, 1377.09
1775262095, 1605, 33, 366, 0, 0, 0.54%, 1, 0, 4, 1392.99
1775262100, 1605, 89, 366, 0, 0, 0.54%, 1, 0, 4, 1523.29
1775262105, 1605, 167, 366, 0, 0, 0.54%, 1, 0, 4, 1429.00
1775262110, 1605, 265, 366, 0, 0, 0.54%, 1, 0, 4, 1408.42
1775262115, 1605, 328, 366, 0, 0, 0.54%, 1, 0, 4, 1285.92
1775262120, 1606, 31, 366, 0, 0, 0.54%, 1, 0, 4, 1489.86
1775262125, 1606, 89, 366, 0, 0, 0.54%, 1, 0, 4, 1443.60
1775262130, 1606, 108, 366, 0, 0, 0.54%, 1, 0, 4, 1378.71
1775262136, 1606, 206, 366, 0, 0, 0.54%, 1, 0, 4, 1335.84
1775262141, 1606, 274, 366, 0, 0, 0.54%, 1, 0, 4, 1534.16
1775262146, 1606, 364, 366, 0, 0, 0.54%, 1, 0, 4, 1383.63
1775262151, 1607, 29, 366, 0, 0, 0.54%, 1, 0, 4, 1400.67
1775262156, 1607, 88, 366, 0, 0, 0.54%, 1, 0, 4, 1406.00
1775262161, 1607, 133, 366, 0, 0, 0.54%, 1, 0, 4, 1616.66
1775262166, 1607, 216, 366, 0, 0, 0.54%, 1, 0, 4, 1381.78
1775262171, 1607, 275, 366, 0, 0, 0.54%, 1, 0, 4, 1411.24
1775262176, 1608, 9, 366, 0, 0, 0.54%, 1, 0, 4, 1283.42
1775262181, 1608, 33, 366, 0, 0, 0.54%, 1, 0, 4, 1913.87
1775262187, 1608, 89, 366, 0, 0, 0.54%, 1, 0, 4, 1532.66
1775262192, 1608, 121, 366, 0, 0, 0.54%, 1, 0, 4, 1381.94
1775262197, 1608, 217, 366, 0, 0, 0.54%, 1, 0, 4, 1393.55
1775262202, 1608, 258, 366, 0, 0, 0.54%, 1, 0, 4, 1476.58
1775262207, 1608, 280, 366, 0, 0, 0.54%, 1, 0, 4, 1396.90
1775262212, 1609, 31, 366, 0, 0, 0.54%, 1, 0, 4, 1436.65
1775262217, 1609, 63, 366, 0, 0, 0.54%, 1, 0, 4, 1463.78
1775262222, 1609, 108, 366, 0, 0, 0.54%, 1, 0, 4, 1236.62
1775262227, 1609, 261, 366, 0, 0, 0.54%, 1, 0, 4, 1448.91
1775262232, 1609, 294, 366, 0, 0, 0.54%, 1, 0, 4, 1298.70
1775262237, 1610, 18, 366, 0, 0, 0.54%, 1, 0, 4, 1459.82
1775262242, 1610, 63, 366, 0, 0, 0.54%, 1, 0, 4, 1468.23
1775262248, 1610, 101, 366, 0, 0, 0.54%, 1, 0, 4, 1450.66
1775262253, 1610, 205, 366, 0, 0, 0.54%, 1, 0, 4, 1496.65
1775262258, 1610, 276, 366, 0, 0, 0.54%, 1, 0, 4, 1405.76
1775262263, 1611, 9, 366, 0, 0, 0.54%, 1, 0, 4, 1316.82
1775262268, 1611, 50, 366, 0, 0, 0.54%, 1, 0, 4, 1495.38
1775262273, 1611, 101, 366, 0, 0, 0.54%, 1, 0, 4, 1503.24
1775262278, 1611, 226, 366, 0, 0, 0.54%, 1, 0, 4, 1491.02
1775262283, 1611, 274, 366, 0, 0, 0.54%, 1, 0, 4, 1532.26
1775262288, 1612, 9, 366, 0, 0, 0.54%, 1, 0, 4, 1363.07
1775262293, 1612, 51, 366, 0, 0, 0.54%, 1, 0, 4, 1446.83
1775262299, 1612, 98, 366, 0, 0, 0.54%, 1, 0, 4, 1439.79
1775262304, 1612, 109, 366, 0, 0, 0.54%, 1, 0, 4, 1366.74
1775262309, 1612, 264, 366, 0, 0, 0.54%, 1, 0, 4, 1405.75
1775262314, 1612, 307, 366, 0, 0, 0.54%, 1, 0, 4, 1300.01
1775262319, 1613, 29, 366, 0, 0, 0.54%, 1, 0, 4, 1307.23
1775262324, 1613, 64, 366, 0, 0, 0.54%, 1, 0, 4, 1484.09
1775262329, 1613, 105, 366, 0, 0, 0.54%, 1, 0, 4, 1434.49
1775262334, 1613, 176, 366, 0, 0, 0.54%, 1, 0, 4, 1451.23
1775262339, 1613, 261, 366, 0, 0, 0.54%, 1, 0, 4, 1329.01
1775262344, 1613, 289, 366, 0, 0, 0.54%, 1, 0, 4, 1414.56
1775262350, 1614, 29, 366, 0, 0, 0.54%, 1, 0, 4, 1437.18
1775262355, 1614, 63, 366, 0, 0, 0.54%, 1, 0, 4, 1517.98
1775262360, 1614, 172, 366, 0, 0, 0.54%, 1, 0, 4, 1475.96
1775262365, 1614, 275, 366, 0, 0, 0.54%, 1, 0, 4, 1489.94
1775262370, 1615, 9, 366, 0, 0, 0.54%, 1, 0, 4, 1383.71
1775262375, 1615, 58, 366, 0, 0, 0.54%, 1, 0, 4, 1407.77
1775262380, 1615, 103, 366, 0, 0, 0.54%, 1, 0, 4, 1367.29
1775262385, 1615, 190, 366, 0, 0, 0.54%, 1, 0, 4, 1349.47
1775262390, 1615, 274, 366, 0, 0, 0.54%, 1, 0, 4, 1367.82
1775262396, 1616, 9, 366, 0, 0, 0.54%, 1, 0, 4, 1314.04
1775262401, 1616, 40, 366, 0, 0, 0.54%, 1, 0, 4, 1370.32
1775262406, 1616, 101, 366, 0, 0, 0.54%, 1, 0, 4, 1362.83
1775262411, 1616, 152, 366, 0, 0, 0.54%, 1, 0, 4, 1311.48
1775262416, 1616, 229, 366, 0, 0, 0.54%, 1, 0, 4, 1378.59
1775262421, 1616, 275, 366, 0, 0, 0.54%, 1, 0, 4, 1344.41
1775262426, 1617, 29, 366, 0, 0, 0.54%, 1, 0, 4, 1440.62
1775262431, 1617, 63, 366, 0, 0, 0.54%, 1, 0, 4, 1445.77
1775262436, 1617, 103, 366, 0, 0, 0.54%, 1, 0, 4, 1321.38
1775262442, 1617, 207, 366, 0, 0, 0.54%, 1, 0, 4, 1384.59
1775262447, 1617, 275, 366, 0, 0, 0.54%, 1, 0, 4, 1421.31
1775262452, 1618, 9, 366, 0, 0, 0.54%, 1, 0, 4, 1403.81
1775262457, 1618, 62, 366, 0, 0, 0.54%, 1, 0, 4, 1406.03
1775262462, 1618, 103, 366, 0, 0, 0.54%, 1, 0, 4, 1358.50
1775262467, 1618, 150, 366, 0, 0, 0.54%, 1, 0, 4, 558.75
1775262472, 1618, 173, 366, 0, 0, 0.54%, 1, 0, 4, 1255.22
1775262477, 1618, 251, 366, 0, 0, 0.54%, 1, 0, 4, 1380.10
1775262482, 1618, 290, 366, 0, 0, 0.54%, 1, 0, 4, 1367.04
1775262487, 1618, 358, 366, 0, 0, 0.54%, 1, 0, 4, 1205.87
1775262493, 1619, 28, 366, 0, 0, 0.54%, 1, 0, 4, 1273.44
1775262498, 1619, 63, 366, 0, 0, 0.54%, 1, 0, 4, 1409.41
1775262503, 1619, 111, 366, 0, 0, 0.54%, 1, 0, 4, 1516.08
1775262508, 1619, 159, 366, 0, 0, 0.54%, 1, 0, 4, 1412.78
1775262513, 1619, 238, 366, 0, 0, 0.54%, 1, 0, 4, 1424.95
1775262518, 1619, 322, 366, 0, 0, 0.54%, 1, 0, 4, 1329.60
1775262523, 1620, 58, 366, 0, 0, 0.54%, 1, 0, 4, 1385.07
1775262528, 1620, 108, 366, 0, 0, 0.54%, 1, 0, 4, 1265.49
1775262533, 1620, 198, 366, 0, 0, 0.54%, 1, 0, 4, 1347.72
1775262538, 1620, 250, 366, 0, 0, 0.54%, 1, 0, 4, 1330.42
1775262544, 1620, 354, 366, 0, 0, 0.54%, 1, 0, 4, 1344.23
1775262549, 1621, 58, 366, 0, 0, 0.54%, 1, 0, 4, 1441.12
1775262554, 1621, 101, 366, 0, 0, 0.54%, 1, 0, 4, 1444.35
1775262559, 1621, 181, 366, 0, 0, 0.54%, 1, 0, 4, 1475.17
1775262564, 1621, 275, 366, 0, 0, 0.54%, 1, 0, 4, 1422.05
1775262569, 1622, 29, 366, 0, 0, 0.54%, 1, 0, 4, 1463.38
1775262575, 1622, 89, 366, 0, 0, 0.54%, 1, 0, 4, 1553.49
1775262580, 1622, 148, 366, 0, 0, 0.54%, 1, 0, 4, 1443.23
1775262585, 1622, 181, 366, 0, 0, 0.54%, 1, 0, 4, 1462.13
1775262590, 1622, 274, 366, 0, 0, 0.54%, 1, 0, 4, 1464.07
1775262595, 1622, 345, 366, 0, 0, 0.54%, 1, 0, 4, 1222.81
1775262600, 1623, 9, 366, 0, 0, 0.54%, 1, 0, 4, 1360.76
1775262605, 1623, 37, 366, 0, 0, 0.54%, 1, 0, 4, 1508.13
1775262610, 1623, 89, 366, 0, 0, 0.54%, 1, 0, 4, 1324.90
1775262615, 1623, 204, 366, 0, 0, 0.54%, 1, 0, 4, 1448.69
1775262620, 1623, 276, 366, 0, 0, 0.54%, 1, 0, 4, 1363.76
1775262625, 1624, 9, 366, 0, 0, 0.54%, 1, 0, 4, 1178.23
1775262631, 1624, 31, 366, 0, 0, 0.54%, 1, 0, 4, 1342.99
1775262636, 1624, 74, 366, 0, 0, 0.54%, 1, 0, 4, 1402.82
1775262641, 1624, 108, 366, 0, 0, 0.54%, 1, 0, 4, 1408.91
1775262646, 1624, 265, 366, 0, 0, 0.54%, 1, 0, 4, 1440.89
1775262651, 1624, 317, 366, 0, 0, 0.54%, 1, 0, 4, 1316.59
1775262656, 1625, 31, 366, 0, 0, 0.54%, 1, 0, 4, 1346.25
1775262661, 1625, 64, 366, 0, 0, 0.54%, 1, 0, 4, 889.24
1775262666, 1625, 133, 366, 0, 0, 0.54%, 1, 0, 4, 1315.95
1775262671, 1625, 265, 366, 0, 0, 0.54%, 1, 0, 4, 1413.09
1775262676, 1625, 333, 366, 0, 0, 0.54%, 1, 0, 4, 1296.00
1775262682, 1626, 31, 366, 0, 0, 0.54%, 1, 0, 4, 1335.53
1775262687, 1626, 64, 366, 0, 0, 0.54%, 1, 0, 4, 1402.62
1775262692, 1626, 148, 366, 0, 0, 0.54%, 1, 0, 4, 1475.09
1775262697, 1626, 273, 366, 0, 0, 0.54%, 1, 0, 4, 1490.25
1775262702, 1626, 326, 366, 0, 0, 0.54%, 1, 0, 4, 1274.98
1775262707, 1627, 33, 366, 0, 0, 0.54%, 1, 0, 4, 1455.58
1775262712, 1627, 103, 366, 0, 0, 0.54%, 1, 0, 4, 1509.67
1775262717, 1627, 189, 366, 0, 0, 0.54%, 1, 0, 4, 1414.07
1775262722, 1627, 275, 366, 0, 0, 0.54%, 1, 0, 4, 1431.05
1775262727, 1628, 9, 366, 0, 0, 0.54%, 1, 0, 4, 1240.25
1775262732, 1628, 64, 366, 0, 0, 0.54%, 1, 0, 4, 1421.55
1775262737, 1628, 103, 366, 0, 0, 0.54%, 1, 0, 4, 1455.84
1775262742, 1628, 173, 366, 0, 0, 0.54%, 1, 0, 4, 1341.26
1775262748, 1628, 265, 366, 0, 0, 0.54%, 1, 0, 4, 1397.06
1775262753, 1628, 357, 366, 0, 0, 0.54%, 1, 0, 4, 1344.91
1775262758, 1629, 33, 366, 0, 0, 0.54%, 1, 0, 4, 1431.58
1775262763, 1629, 60, 366, 0, 0, 0.54%, 1, 0, 4, 1426.27
1775262768, 1629, 101, 366, 0, 0, 0.54%, 1, 0, 4, 1395.76
1775262773, 1629, 180, 366, 0, 0, 0.54%, 1, 0, 4, 1304.75
1775262778, 1629, 274, 366, 0, 0, 0.54%, 1, 0, 4, 1386.13
1775262783, 1629, 350, 366, 0, 0, 0.54%, 1, 0, 4, 1215.64
1775262788, 1630, 33, 366, 0, 0, 0.54%, 1, 0, 4, 1377.88
1775262793, 1630, 91, 366, 0, 0, 0.54%, 1, 0, 4, 1410.44
1775262799, 1630, 109, 366, 0, 0, 0.54%, 1, 0, 4, 447.07
1775262804, 1630, 261, 366, 0, 0, 0.54%, 1, 0, 4, 1178.52
1775262809, 1630, 276, 366, 0, 0, 0.54%, 1, 0, 4, 1399.09
1775262814, 1631, 29, 366, 0, 0, 0.54%, 1, 0, 4, 1447.57
1775262819, 1631, 64, 366, 0, 0, 0.54%, 1, 0, 4, 1525.84
1775262824, 1631, 131, 366, 0, 0, 0.54%, 1, 0, 4, 1456.66
1775262829, 1631, 205, 366, 0, 0, 0.54%, 1, 0, 4, 1063.56
1775262834, 1631, 257, 366, 0, 0, 0.54%, 1, 0, 4, 1231.46
1775262839, 1631, 275, 366, 0, 0, 0.54%, 1, 0, 4, 1409.48
1775262844, 1631, 334, 366, 0, 0, 0.54%, 1, 0, 4, 1262.32
1775262849, 1632, 44, 366, 0, 0, 0.54%, 1, 0, 4, 1331.67
1775262855, 1632, 89, 366, 0, 0, 0.54%, 1, 0, 4, 1435.32
1775262860, 1632, 116, 366, 0, 0, 0.54%, 1, 0, 4, 1406.43
1775262865, 1632, 166, 366, 0, 0, 0.54%, 1, 0, 4, 1285.38
1775262870, 1632, 276, 366, 0, 0, 0.54%, 1, 0, 4, 1404.08
1775262875, 1633, 29, 366, 0, 0, 0.54%, 1, 0, 4, 1354.38
1775262880, 1633, 59, 366, 0, 0, 0.54%, 1, 0, 4, 1441.29
1775262885, 1633, 103, 366, 0, 0, 0.54%, 1, 0, 4, 1479.45
1775262890, 1633, 165, 366, 0, 0, 0.54%, 1, 0, 4, 1423.80
1775262895, 1633, 261, 366, 0, 0, 0.54%, 1, 0, 4, 1470.95
1775262900, 1633, 322, 366, 0, 0, 0.54%, 1, 0, 4, 1284.84
1775262905, 1634, 10, 366, 0, 0, 0.54%, 1, 0, 4, 1319.74
1775262910, 1634, 52, 366, 0, 0, 0.54%, 1, 0, 4, 1508.50
1775262916, 1634, 89, 366, 0, 0, 0.54%, 1, 0, 4, 1462.04
1775262921, 1634, 144, 366, 0, 0, 0.54%, 1, 0, 4, 1419.27
1775262926, 1634, 251, 366, 0, 0, 0.54%, 1, 0, 4, 1299.41
1775262931, 1634, 287, 366, 0, 0, 0.54%, 1, 0, 4, 1280.10
1775262936, 1635, 31, 366, 0, 0, 0.54%, 1, 0, 4, 1280.19
1775262941, 1635, 89, 366, 0, 0, 0.54%, 1, 0, 4, 1324.01
1775262946, 1635, 148, 366, 0, 0, 0.54%, 1, 0, 4, 1468.71
1775262951, 1635, 237, 366, 0, 0, 0.54%, 1, 0, 4, 1390.25
1775262956, 1635, 276, 366, 0, 0, 0.54%, 1, 0, 4, 1375.85
1775262961, 1636, 9, 366, 0, 0, 0.54%, 1, 0, 4, 1475.59
1775262966, 1636, 48, 366, 0, 0, 0.54%, 1, 0, 4, 1542.06
1775262971, 1636, 89, 366, 0, 0, 0.54%, 1, 0, 4, 1494.99
1775262976, 1636, 154, 366, 0, 0, 0.54%, 1, 0, 4, 1448.16
1775262982, 1636, 261, 366, 0, 0, 0.54%, 1, 0, 4, 1383.46
1775262987, 1636, 276, 366, 0, 0, 0.54%, 1, 0, 4, 1347.86
1775262992, 1637, 29, 366, 0, 0, 0.54%, 1, 0, 4, 1362.40
1775262997, 1637, 62, 366, 0, 0, 0.54%, 1, 0, 4, 1428.00
1775263002, 1637, 108, 366, 0, 0, 0.54%, 1, 0, 4, 1477.19
1775263007, 1637, 203, 366, 0, 0, 0.54%, 1, 0, 4, 1325.75
1775263012, 1637, 275, 366, 0, 0, 0.54%, 1, 0, 4, 1457.05
1775263017, 1637, 364, 366, 0, 0, 0.54%, 1, 0, 4, 1286.57
1775263022, 1638, 31, 366, 0, 0, 0.54%, 1, 0, 4, 1439.93
1775263027, 1638, 89, 366, 0, 0, 0.54%, 1, 0, 4, 1483.70
1775263033, 1638, 108, 366, 0, 0, 0.54%, 1, 0, 4, 1384.23
1775263038, 1638, 261, 366, 0, 0, 0.54%, 1, 0, 4, 1502.28
1775263043, 1638, 285, 366, 0, 0, 0.54%, 1, 0, 4, 1333.38
1775263048, 1639, 9, 366, 0, 0, 0.54%, 1, 0, 4, 1295.53
1775263053, 1639, 33, 366, 0, 0, 0.54%, 1, 0, 4, 1298.37
1775263058, 1639, 89, 366, 0, 0, 0.54%, 1, 0, 4, 1507.40
1775263063, 1639, 131, 366, 0, 0, 0.54%, 1, 0, 4, 1434.93
1775263068, 1639, 205, 366, 0, 0, 0.54%, 1, 0, 4, 1438.32
1775263073, 1639, 274, 366, 0, 0, 0.54%, 1, 0, 4, 1459.28
1775263078, 1639, 322, 366, 0, 0, 0.54%, 1, 0, 4, 1265.57
1775263083, 1640, 29, 366, 0, 0, 0.54%, 1, 0, 4, 1353.80
1775263089, 1640, 66, 366, 0, 0, 0.54%, 1, 0, 4, 1383.39
1775263094, 1640, 97, 366, 0, 0, 0.54%, 1, 0, 4, 1428.40
1775263099, 1640, 166, 366, 0, 0, 0.54%, 1, 0, 4, 1430.93
1775263104, 1640, 261, 366, 0, 0, 0.54%, 1, 0, 4, 1437.04
1775263109, 1640, 278, 366, 0, 0, 0.54%, 1, 0, 4, 1396.99
1775263114, 1641, 20, 366, 0, 0, 0.54%, 1, 0, 4, 1384.31
1775263119, 1641, 67, 366, 0, 0, 0.54%, 1, 0, 4, 1451.53
1775263124, 1641, 147, 366, 0, 0, 0.54%, 1, 0, 4, 1432.59
1775263129, 1641, 222, 366, 0, 0, 0.54%, 1, 0, 4, 1435.46
1775263134, 1641, 274, 366, 0, 0, 0.54%, 1, 0, 4, 1374.55
1775263139, 1642, 9, 366, 0, 0, 0.54%, 1, 0, 4, 1355.12
1775263145, 1642, 63, 366, 0, 0, 0.54%, 1, 0, 4, 1482.20
1775263150, 1642, 109, 366, 0, 0, 0.54%, 1, 0, 4, 1428.44
1775263155, 1642, 261, 366, 0, 0, 0.54%, 1, 0, 4, 1392.07
1775263160, 1642, 294, 366, 0, 0, 0.54%, 1, 0, 4, 1317.32
1775263165, 1643, 7, 366, 0, 0, 0.54%, 1, 0, 4, 1237.69
1775263170, 1643, 31, 366, 0, 0, 0.54%, 1, 0, 4, 1447.66
1775263175, 1643, 89, 366, 0, 0, 0.54%, 1, 0, 4, 1386.80
1775263180, 1643, 148, 366, 0, 0, 0.54%, 1, 0, 4, 1472.11
1775263185, 1643, 274, 366, 0, 0, 0.54%, 1, 0, 4, 1496.01
1775263190, 1643, 337, 366, 0, 0, 0.54%, 1, 0, 4, 1192.03
1775263195, 1644, 31, 366, 0, 0, 0.54%, 1, 0, 4, 1173.11
1775263201, 1644, 89, 366, 0, 0, 0.54%, 1, 0, 4, 1387.85
1775263206, 1644, 120, 366, 0, 0, 0.54%, 1, 0, 4, 1346.22
1775263211, 1644, 195, 366, 0, 0, 0.54%, 1, 0, 4, 1426.49
1775263216, 1644, 261, 366, 0, 0, 0.54%, 1, 0, 4, 1374.68
1775263221, 1644, 277, 366, 0, 0, 0.54%, 1, 0, 4, 1296.42
1775263226, 1645, 29, 366, 0, 0, 0.54%, 1, 0, 4, 1339.32
1775263231, 1645, 66, 366, 0, 0, 0.54%, 1, 0, 4, 1532.41
1775263236, 1645, 104, 366, 0, 0, 0.54%, 1, 0, 4, 1486.22
1775263241, 1645, 205, 366, 0, 0, 0.54%, 1, 0, 4, 1415.87
1775263246, 1645, 268, 366, 0, 0, 0.54%, 1, 0, 4, 1384.23
1775263251, 1645, 286, 366, 0, 0, 0.54%, 1, 0, 4, 1167.65
1775263257, 1646, 1, 366, 0, 0, 0.54%, 1, 0, 4, 1186.90
1775263262, 1646, 59, 366, 0, 0, 0.54%, 1, 0, 4, 1381.09
1775263267, 1646, 115, 366, 0, 0, 0.54%, 1, 0, 4, 1333.30
1775263272, 1646, 190, 366, 0, 0, 0.54%, 1, 0, 4, 1458.28
1775263277, 1646, 274, 366, 0, 0, 0.54%, 1, 0, 4, 1436.07
1775263282, 1647, 9, 366, 0, 0, 0.54%, 1, 0, 4, 1387.26
1775263287, 1647, 33, 366, 0, 0, 0.54%, 1, 0, 4, 1421.79
1775263292, 1647, 64, 366, 0, 0, 0.54%, 1, 0, 4, 1678.49
1775263297, 1647, 103, 366, 0, 0, 0.54%, 1, 0, 4, 1480.10
1775263302, 1647, 202, 366, 0, 0, 0.54%, 1, 0, 4, 1415.51
1775263308, 1647, 274, 366, 0, 0, 0.54%, 1, 0, 4, 1440.68
1775263313, 1647, 360, 366, 0, 0, 0.54%, 1, 0, 4, 1385.75
1775263318, 1648, 29, 366, 0, 0, 0.54%, 1, 0, 4, 1650.47
1775263323, 1648, 64, 366, 0, 0, 0.54%, 1, 0, 4, 1473.25
1775263328, 1648, 106, 366, 0, 0, 0.54%, 1, 0, 4, 1368.16
1775263333, 1648, 214, 366, 0, 0, 0.54%, 1, 0, 4, 1452.90
1775263338, 1648, 276, 366, 0, 0, 0.54%, 1, 0, 4, 1384.32
1775263343, 1649, 29, 366, 0, 0, 0.54%, 1, 0, 4, 1426.83
1775263348, 1649, 58, 366, 0, 0, 0.54%, 1, 0, 4, 1451.57
1775263353, 1649, 108, 366, 0, 0, 0.54%, 1, 0, 4, 1405.85
1775263358, 1649, 261, 366, 0, 0, 0.54%, 1, 0, 4, 1450.02
1775263363, 1649, 296, 366, 0, 0, 0.54%, 1, 0, 4, 1442.73
1775263369, 1650, 29, 366, 0, 0, 0.54%, 1, 0, 4, 1274.77
1775263374, 1650, 80, 366, 0, 0, 0.54%, 1, 0, 4, 1421.42
1775263379, 1650, 103, 366, 0, 0, 0.54%, 1, 0, 4, 1315.75
1775263384, 1650, 167, 366, 0, 0, 0.54%, 1, 0, 4, 1489.65
1775263389, 1650, 275, 366, 0, 0, 0.54%, 1, 0, 4, 1515.74
1775263394, 1651, 1, 366, 0, 0, 0.54%, 1, 0, 4, 1037.83
1775263399, 1651, 42, 366, 0, 0, 0.54%, 1, 0, 4, 1341.50
1775263404, 1651, 101, 366, 0, 0, 0.54%, 1, 0, 4, 1376.61
1775263409, 1651, 206, 366, 0, 0, 0.54%, 1, 0, 4, 1361.35
1775263414, 1651, 275, 366, 0, 0, 0.54%, 1, 0, 4, 1319.19
1775263420, 1651, 360, 366, 0, 0, 0.54%, 1, 0, 4, 1277.73
1775263425, 1652, 29, 366, 0, 0, 0.54%, 1, 0, 4, 1417.54
1775263430, 1652, 63, 366, 0, 0, 0.54%, 1, 0, 4, 1397.07
1775263435, 1652, 108, 366, 0, 0, 0.54%, 1, 0, 4, 1395.66
1775263440, 1652, 265, 366, 0, 0, 0.54%, 1, 0, 4, 1395.95
1775263445, 1652, 322, 366, 0, 0, 0.54%, 1, 0, 4, 1304.56
1775263450, 1653, 29, 366, 0, 0, 0.54%, 1, 0, 4, 1364.63
1775263455, 1653, 63, 366, 0, 0, 0.54%, 1, 0, 4, 1492.62
1775263460, 1653, 130, 366, 0, 0, 0.54%, 1, 0, 4, 1410.60
1775263466, 1653, 171, 366, 0, 0, 0.54%, 1, 0, 4, 1277.11
1775263471, 1653, 274, 366, 0, 0, 0.54%, 1, 0, 4, 1348.42
1775263476, 1653, 360, 366, 0, 0, 0.54%, 1, 0, 4, 1397.52
1775263481, 1654, 29, 366, 0, 0, 0.54%, 1, 0, 4, 1488.65
1775263486, 1654, 57, 366, 0, 0, 0.54%, 1, 0, 4, 1499.72
1775263491, 1654, 103, 366, 0, 0, 0.54%, 1, 0, 4, 1499.27
1775263496, 1654, 122, 366, 0, 0, 0.54%, 1, 0, 4, 1405.24
1775263501, 1654, 172, 366, 0, 0, 0.54%, 1, 0, 4, 1480.73
1775263506, 1654, 256, 366, 0, 0, 0.54%, 1, 0, 4, 1464.12
1775263511, 1654, 277, 366, 0, 0, 0.54%, 1, 0, 4, 1357.95
1775263516, 1655, 2, 366, 0, 0, 0.54%, 1, 0, 4, 1160.69
1775263521, 1655, 33, 366, 0, 0, 0.54%, 1, 0, 4, 1396.10
1775263527, 1655, 103, 366, 0, 0, 0.54%, 1, 0, 4, 1422.67
1775263532, 1655, 124, 366, 0, 0, 0.54%, 1, 0, 4, 1427.40
1775263537, 1655, 219, 366, 0, 0, 0.54%, 1, 0, 4, 1481.26
1775263542, 1655, 261, 366, 0, 0, 0.54%, 1, 0, 4, 1487.77
1775263547, 1655, 327, 366, 0, 0, 0.54%, 1, 0, 4, 1364.74
1775263552, 1656, 29, 366, 0, 0, 0.54%, 1, 0, 4, 1419.27
1775263557, 1656, 63, 366, 0, 0, 0.54%, 1, 0, 4, 1479.37
1775263562, 1656, 88, 366, 0, 0, 0.54%, 1, 0, 4, 1368.14
1775263567, 1656, 121, 366, 0, 0, 0.54%, 1, 0, 4, 1425.91
1775263572, 1656, 157, 366, 0, 0, 0.54%, 1, 0, 4, 1448.23
1775263577, 1656, 220, 366, 0, 0, 0.54%, 1, 0, 4, 1298.12
1775263582, 1656, 274, 366, 0, 0, 0.54%, 1, 0, 4, 1404.40
1775263588, 1656, 317, 366, 0, 0, 0.54%, 1, 0, 4, 1338.96
1775263593, 1656, 360, 366, 0, 0, 0.54%, 1, 0, 4, 1317.14
1775263598, 1657, 28, 366, 0, 0, 0.54%, 1, 0, 4, 1387.33
1775263603, 1657, 63, 366, 0, 0, 0.54%, 1, 0, 4, 1487.06
1775263608, 1657, 108, 366, 0, 0, 0.54%, 1, 0, 4, 1460.55
1775263613, 1657, 214, 366, 0, 0, 0.54%, 1, 0, 4, 1529.51
1775263618, 1657, 265, 366, 0, 0, 0.54%, 1, 0, 4, 1506.60
1775263623, 1658, 9, 366, 0, 0, 0.54%, 1, 0, 4, 1311.66
1775263628, 1658, 63, 366, 0, 0, 0.54%, 1, 0, 4, 1500.92
1775263633, 1658, 170, 366, 0, 0, 0.54%, 1, 0, 4, 1497.35
1775263638, 1658, 262, 366, 0, 0, 0.54%, 1, 0, 4, 1498.87
1775263644, 1658, 364, 366, 0, 0, 0.54%, 1, 0, 4, 1368.34
1775263649, 1659, 29, 366, 0, 0, 0.54%, 1, 0, 4, 1266.09
1775263654, 1659, 84, 366, 0, 0, 0.54%, 1, 0, 4, 1438.13
1775263659, 1659, 134, 366, 0, 0, 0.54%, 1, 0, 4, 1449.03
1775263664, 1659, 265, 366, 0, 0, 0.54%, 1, 0, 4, 1394.80
1775263669, 1659, 322, 366, 0, 0, 0.54%, 1, 0, 4, 1277.50
1775263674, 1660, 9, 366, 0, 0, 0.54%, 1, 0, 4, 1300.03
1775263679, 1660, 41, 366, 0, 0, 0.54%, 1, 0, 4, 1380.70
1775263684, 1660, 89, 366, 0, 0, 0.54%, 1, 0, 4, 1434.75
1775263690, 1660, 137, 366, 0, 0, 0.54%, 1, 0, 4, 1452.49
1775263695, 1660, 238, 366, 0, 0, 0.54%, 1, 0, 4, 1349.69
1775263700, 1660, 274, 366, 0, 0, 0.54%, 1, 0, 4, 1381.81
1775263705, 1661, 1, 366, 0, 0, 0.54%, 1, 0, 4, 1274.95
1775263710, 1661, 55, 366, 0, 0, 0.54%, 1, 0, 4, 1407.23
1775263715, 1661, 103, 366, 0, 0, 0.54%, 1, 0, 4, 1378.97
1775263720, 1661, 214, 366, 0, 0, 0.54%, 1, 0, 4, 1454.58
1775263725, 1661, 274, 366, 0, 0, 0.54%, 1, 0, 4, 1548.38
1775263730, 1662, 15, 366, 0, 0, 0.54%, 1, 0, 4, 1488.91
1775263735, 1662, 33, 366, 0, 0, 0.54%, 1, 0, 4, 1467.43
1775263741, 1662, 101, 366, 0, 0, 0.54%, 1, 0, 4, 1460.15
1775263746, 1662, 139, 366, 0, 0, 0.54%, 1, 0, 4, 1448.99
1775263751, 1662, 274, 366, 0, 0, 0.54%, 1, 0, 4, 1455.23
1775263756, 1662, 339, 366, 0, 0, 0.54%, 1, 0, 4, 1275.49
1775263761, 1663, 22, 366, 0, 0, 0.54%, 1, 0, 4, 1339.68
1775263766, 1663, 58, 366, 0, 0, 0.54%, 1, 0, 4, 1486.05
1775263771, 1663, 108, 366, 0, 0, 0.54%, 1, 0, 4, 1498.71
1775263776, 1663, 196, 366, 0, 0, 0.54%, 1, 0, 4, 1492.34
1775263781, 1663, 265, 366, 0, 0, 0.54%, 1, 0, 4, 1507.02
1775263786, 1663, 297, 366, 0, 0, 0.54%, 1, 0, 4, 1419.15
1775263791, 1664, 15, 366, 0, 0, 0.54%, 1, 0, 4, 1345.88
1775263796, 1664, 63, 366, 0, 0, 0.54%, 1, 0, 4, 1486.60
1775263802, 1664, 103, 366, 0, 0, 0.54%, 1, 0, 4, 1494.81
1775263807, 1664, 193, 366, 0, 0, 0.54%, 1, 0, 4, 1414.60
1775263812, 1664, 265, 366, 0, 0, 0.54%, 1, 0, 4, 1445.95
1775263817, 1664, 314, 366, 0, 0, 0.54%, 1, 0, 4, 1310.09
1775263822, 1665, 31, 366, 0, 0, 0.54%, 1, 0, 4, 1304.15
1775263827, 1665, 89, 366, 0, 0, 0.54%, 1, 0, 4, 1520.45
1775263832, 1665, 128, 366, 0, 0, 0.54%, 1, 0, 4, 1439.14
1775263837, 1665, 156, 366, 0, 0, 0.54%, 1, 0, 4, 1433.17
1775263842, 1665, 249, 366, 0, 0, 0.54%, 1, 0, 4, 1456.84
1775263847, 1665, 273, 366, 0, 0, 0.54%, 1, 0, 4, 1498.98
1775263853, 1665, 339, 366, 0, 0, 0.54%, 1, 0, 4, 1229.63
1775263858, 1666, 56, 366, 0, 0, 0.54%, 1, 0, 4, 1491.11
1775263863, 1666, 103, 366, 0, 0, 0.54%, 1, 0, 4, 1406.56
1775263868, 1666, 157, 366, 0, 0, 0.54%, 1, 0, 4, 1539.43
1775263873, 1666, 265, 366, 0, 0, 0.54%, 1, 0, 4, 1453.75
1775263878, 1666, 322, 366, 0, 0, 0.54%, 1, 0, 4, 1360.82
1775263883, 1667, 33, 366, 0, 0, 0.54%, 1, 0, 4, 1318.67
1775263888, 1667, 86, 366, 0, 0, 0.54%, 1, 0, 4, 1408.05
1775263893, 1667, 114, 366, 0, 0, 0.54%, 1, 0, 4, 1450.19
1775263898, 1667, 261, 366, 0, 0, 0.54%, 1, 0, 4, 1467.03
1775263903, 1667, 278, 366, 0, 0, 0.54%, 1, 0, 4, 1333.96
1775263908, 1668, 1, 366, 0, 0, 0.54%, 1, 0, 4, 1326.02
1775263914, 1668, 33, 366, 0, 0, 0.54%, 1, 0, 4, 1320.15
1775263919, 1668, 89, 366, 0, 0, 0.54%, 1, 0, 4, 1389.79
1775263924, 1668, 232, 366, 0, 0, 0.54%, 1, 0, 4, 1502.30
1775263929, 1668, 267, 366, 0, 0, 0.54%, 1, 0, 4, 1509.56
1775263934, 1668, 326, 366, 0, 0, 0.54%, 1, 0, 4, 1234.92
1775263939, 1669, 31, 366, 0, 0, 0.54%, 1, 0, 4, 1337.95
1775263944, 1669, 101, 366, 0, 0, 0.54%, 1, 0, 4, 1437.58
1775263949, 1669, 235, 366, 0, 0, 0.54%, 1, 0, 4, 1455.44
1775263954, 1669, 275, 366, 0, 0, 0.54%, 1, 0, 4, 1400.86
1775263960, 1670, 7, 366, 0, 0, 0.54%, 1, 0, 4, 1361.55
1775263965, 1670, 33, 366, 0, 0, 0.54%, 1, 0, 4, 1374.84
1775263970, 1670, 67, 366, 0, 0, 0.54%, 1, 0, 4, 1455.36
1775263975, 1670, 137, 366, 0, 0, 0.54%, 1, 0, 4, 1350.84
1775263980, 1670, 228, 366, 0, 0, 0.54%, 1, 0, 4, 1359.37
1775263985, 1670, 274, 366, 0, 0, 0.54%, 1, 0, 4, 1439.03
1775263990, 1671, 13, 366, 0, 0, 0.54%, 1, 0, 4, 1420.09
1775263995, 1671, 58, 366, 0, 0, 0.54%, 1, 0, 4, 1496.06
1775264000, 1671, 107, 366, 0, 0, 0.54%, 1, 0, 4, 1415.94
1775264006, 1671, 162, 366, 0, 0, 0.54%, 1, 0, 4, 1393.82
1775264011, 1671, 256, 366, 0, 0, 0.54%, 1, 0, 4, 1420.84
1775264016, 1671, 322, 366, 0, 0, 0.54%, 1, 0, 4, 1396.38
1775264021, 1672, 33, 366, 0, 0, 0.54%, 1, 0, 4, 1385.39
1775264026, 1672, 101, 366, 0, 0, 0.54%, 1, 0, 4, 1383.23
1775264031, 1672, 153, 366, 0, 0, 0.54%, 1, 0, 4, 1513.16
1775264036, 1672, 244, 366, 0, 0, 0.54%, 1, 0, 4, 1374.47
1775264041, 1672, 276, 366, 0, 0, 0.54%, 1, 0, 4, 1514.61
1775264046, 1673, 9, 366, 0, 0, 0.54%, 1, 0, 4, 1313.48
1775264051, 1673, 64, 366, 0, 0, 0.54%, 1, 0, 4, 1466.13
1775264057, 1673, 108, 366, 0, 0, 0.54%, 1, 0, 4, 1445.57
1775264062, 1673, 256, 366, 0, 0, 0.54%, 1, 0, 4, 1424.46
1775264067, 1673, 305, 366, 0, 0, 0.54%, 1, 0, 4, 1374.09
1775264072, 1674, 29, 366, 0, 0, 0.54%, 1, 0, 4, 1376.40
1775264077, 1674, 63, 366, 0, 0, 0.54%, 1, 0, 4, 1524.48
1775264082, 1674, 107, 366, 0, 0, 0.54%, 1, 0, 4, 1456.22
1775264087, 1674, 189, 366, 0, 0, 0.54%, 1, 0, 4, 1346.10
1775264092, 1674, 253, 366, 0, 0, 0.54%, 1, 0, 4, 1436.28
1775264097, 1674, 275, 366, 0, 0, 0.54%, 1, 0, 4, 1410.18
1775264102, 1675, 9, 366, 0, 0, 0.54%, 1, 0, 4, 1463.04
1775264107, 1675, 58, 366, 0, 0, 0.54%, 1, 0, 4, 1517.73
1775264112, 1675, 97, 366, 0, 0, 0.54%, 1, 0, 4, 1418.86
1775264117, 1675, 127, 366, 0, 0, 0.54%, 1, 0, 4, 1418.51
1775264122, 1675, 242, 366, 0, 0, 0.54%, 1, 0, 4, 1425.54
1775264128, 1675, 275, 366, 0, 0, 0.54%, 1, 0, 4, 806.12
1775264133, 1676, 0, 366, 0, 0, 0.54%, 1, 0, 4, 1147.96
1775264138, 1676, 33, 366, 0, 0, 0.54%, 1, 0, 4, 1341.99
1775264143, 1676, 73, 366, 0, 0, 0.54%, 1, 0, 4, 1438.44
1775264148, 1676, 129, 366, 0, 0, 0.54%, 1, 0, 4, 1442.71
1775264153, 1676, 188, 366, 0, 0, 0.54%, 1, 0, 4, 1357.97
1775264158, 1676, 274, 366, 0, 0, 0.54%, 1, 0, 4, 1395.64
1775264163, 1677, 7, 366, 0, 0, 0.54%, 1, 0, 4, 1293.90
1775264168, 1677, 29, 366, 0, 0, 0.54%, 1, 0, 4, 1427.13
1775264173, 1677, 62, 366, 0, 0, 0.54%, 1, 0, 4, 1470.98
1775264178, 1677, 103, 366, 0, 0, 0.54%, 1, 0, 4, 1386.27
1775264183, 1677, 246, 366, 0, 0, 0.54%, 1, 0, 4, 1472.63
1775264189, 1677, 276, 366, 0, 0, 0.54%, 1, 0, 4, 1445.55
1775264194, 1678, 9, 366, 0, 0, 0.54%, 1, 0, 4, 1297.96
1775264199, 1678, 63, 366, 0, 0, 0.54%, 1, 0, 4, 1429.84
1775264204, 1678, 108, 366, 0, 0, 0.54%, 1, 0, 4, 1434.60
1775264209, 1678, 261, 366, 0, 0, 0.54%, 1, 0, 4, 1416.36
1775264214, 1678, 287, 366, 0, 0, 0.54%, 1, 0, 4, 1348.39
1775264219, 1679, 24, 366, 0, 0, 0.54%, 1, 0, 4, 1300.31
1775264224, 1679, 53, 366, 0, 0, 0.54%, 1, 0, 4, 1476.51
1775264229, 1679, 108, 366, 0, 0, 0.54%, 1, 0, 4, 1416.50
1775264234, 1679, 203, 366, 0, 0, 0.54%, 1, 0, 4, 1372.34
1775264240, 1679, 275, 366, 0, 0, 0.54%, 1, 0, 4, 1481.25
1775264245, 1680, 16, 366, 0, 0, 0.54%, 1, 0, 4, 1370.83
1775264250, 1680, 63, 366, 0, 0, 0.54%, 1, 0, 4, 1419.96
1775264255, 1680, 97, 366, 0, 0, 0.54%, 1, 0, 4, 1442.23
1775264260, 1680, 133, 366, 0, 0, 0.54%, 1, 0, 4, 1320.55
1775264265, 1680, 261, 366, 0, 0, 0.54%, 1, 0, 4, 1376.14
1775264270, 1680, 286, 366, 0, 0, 0.54%, 1, 0, 4, 1409.62
1775264275, 1681, 29, 366, 0, 0, 0.54%, 1, 0, 4, 1354.23
1775264280, 1681, 58, 366, 0, 0, 0.54%, 1, 0, 4, 1371.13
1775264285, 1681, 108, 366, 0, 0, 0.54%, 1, 0, 4, 1321.65
1775264290, 1681, 170, 366, 0, 0, 0.54%, 1, 0, 4, 1413.74
1775264295, 1681, 274, 366, 0, 0, 0.54%, 1, 0, 4, 1476.17
1775264301, 1682, 8, 366, 0, 0, 0.54%, 1, 0, 4, 1297.32
1775264306, 1682, 31, 366, 0, 0, 0.54%, 1, 0, 4, 1353.94
1775264311, 1682, 89, 366, 0, 0, 0.54%, 1, 0, 4, 1437.01
1775264316, 1682, 187, 366, 0, 0, 0.54%, 1, 0, 4, 1377.31
1775264321, 1682, 261, 366, 0, 0, 0.54%, 1, 0, 4, 1465.10
1775264326, 1682, 308, 366, 0, 0, 0.54%, 1, 0, 4, 1400.02
1775264331, 1683, 31, 366, 0, 0, 0.54%, 1, 0, 4, 1371.53
1775264336, 1683, 91, 366, 0, 0, 0.54%, 1, 0, 4, 1320.50
1775264341, 1683, 112, 366, 0, 0, 0.54%, 1, 0, 4, 1224.97
1775264346, 1683, 214, 366, 0, 0, 0.54%, 1, 0, 4, 1336.26
1775264351, 1683, 275, 366, 0, 0, 0.54%, 1, 0, 4, 1469.25
1775264357, 1683, 365, 366, 0, 0, 0.54%, 1, 0, 4, 1415.46
1775264362, 1684, 33, 366, 0, 0, 0.54%, 1, 0, 4, 1389.50
1775264367, 1684, 87, 366, 0, 0, 0.54%, 1, 0, 4, 1267.59
1775264372, 1684, 118, 366, 0, 0, 0.54%, 1, 0, 4, 1414.22
1775264377, 1684, 214, 366, 0, 0, 0.54%, 1, 0, 4, 1403.19
1775264382, 1684, 274, 366, 0, 0, 0.54%, 1, 0, 4, 1469.47
1775264387, 1684, 335, 366, 0, 0, 0.54%, 1, 0, 4, 1215.04
1775264392, 1685, 33, 366, 0, 0, 0.54%, 1, 0, 4, 1216.70
1775264398, 1685, 80, 366, 0, 0, 0.54%, 1, 0, 4, 1341.13
1775264403, 1685, 200, 366, 0, 0, 0.54%, 1, 0, 4, 1418.90
1775264408, 1685, 265, 366, 0, 0, 0.54%, 1, 0, 4, 1445.22
1775264413, 1686, 29, 366, 0, 0, 0.54%, 1, 0, 4, 290.62
1775264418, 1686, 63, 366, 0, 0, 0.54%, 1, 0, 4, 1149.25
1775264423, 1686, 115, 366, 0, 0, 0.54%, 1, 0, 4, 1398.22
1775264428, 1686, 178, 366, 0, 0, 0.54%, 1, 0, 4, 1241.52
1775264433, 1686, 230, 366, 0, 0, 0.54%, 1, 0, 4, 1344.30
1775264438, 1686, 272, 366, 0, 0, 0.54%, 1, 0, 4, 1454.14
1775264443, 1687, 9, 366, 0, 0, 0.54%, 1, 0, 4, 1379.27
1775264448, 1687, 58, 366, 0, 0, 0.54%, 1, 0, 4, 1379.59
1775264453, 1687, 89, 366, 0, 0, 0.54%, 1, 0, 4, 1439.91
1775264458, 1687, 167, 366, 0, 0, 0.54%, 1, 0, 4, 1439.04
1775264463, 1687, 224, 366, 0, 0, 0.54%, 1, 0, 4, 1307.45
1775264469, 1687, 276, 366, 0, 0, 0.54%, 1, 0, 4, 1398.62
1775264474, 1687, 336, 366, 0, 0, 0.54%, 1, 0, 4, 1226.87
1775264479, 1688, 42, 366, 0, 0, 0.54%, 1, 0, 4, 1451.21
1775264484, 1688, 108, 366, 0, 0, 0.54%, 1, 0, 4, 1478.40
1775264489, 1688, 226, 366, 0, 0, 0.54%, 1, 0, 4, 1459.54
1775264494, 1688, 275, 366, 0, 0, 0.54%, 1, 0, 4, 1553.67
1775264499, 1688, 322, 366, 0, 0, 0.54%, 1, 0, 4, 1295.76
1775264504, 1689, 33, 366, 0, 0, 0.54%, 1, 0, 4, 1378.06
1775264510, 1689, 103, 366, 0, 0, 0.54%, 1, 0, 4, 1382.51
1775264515, 1689, 131, 366, 0, 0, 0.54%, 1, 0, 4, 1498.49
1775264520, 1689, 275, 366, 0, 0, 0.54%, 1, 0, 4, 1444.58
1775264525, 1690, 30, 366, 0, 0, 0.54%, 1, 0, 4, 1423.93
1775264530, 1690, 63, 366, 0, 0, 0.54%, 1, 0, 4, 1537.57
1775264535, 1690, 164, 366, 0, 0, 0.54%, 1, 0, 4, 1492.66
1775264540, 1690, 225, 366, 0, 0, 0.54%, 1, 0, 4, 1417.90
1775264545, 1690, 276, 366, 0, 0, 0.54%, 1, 0, 4, 1404.04
1775264551, 1691, 33, 366, 0, 0, 0.54%, 1, 0, 4, 1448.85
1775264556, 1691, 101, 366, 0, 0, 0.54%, 1, 0, 4, 1336.37
1775264561, 1691, 221, 366, 0, 0, 0.54%, 1, 0, 4, 1459.82
1775264566, 1691, 261, 366, 0, 0, 0.54%, 1, 0, 4, 1393.09
1775264571, 1691, 361, 366, 0, 0, 0.54%, 1, 0, 4, 1260.00
1775264576, 1692, 31, 366, 0, 0, 0.54%, 1, 0, 4, 1422.66
1775264581, 1692, 90, 366, 0, 0, 0.54%, 1, 0, 4, 1468.43
1775264586, 1692, 130, 366, 0, 0, 0.54%, 1, 0, 4, 1344.86
1775264592, 1692, 187, 366, 0, 0, 0.54%, 1, 0, 4, 1383.21
1775264597, 1692, 276, 366, 0, 0, 0.54%, 1, 0, 4, 1323.58
1775264602, 1693, 1, 366, 0, 0, 0.54%, 1, 0, 4, 830.70
1775264607, 1693, 58, 366, 0, 0, 0.54%, 1, 0, 4, 1309.19
1775264612, 1693, 101, 366, 0, 0, 0.54%, 1, 0, 4, 1293.22
1775264617, 1693, 197, 366, 0, 0, 0.54%, 1, 0, 4, 1319.02
1775264622, 1693, 265, 366, 0, 0, 0.54%, 1, 0, 4, 1328.08
1775264627, 1693, 295, 366, 0, 0, 0.54%, 1, 0, 4, 1367.22
1775264633, 1694, 11, 366, 0, 0, 0.54%, 1, 0, 4, 1321.29
1775264638, 1694, 40, 366, 0, 0, 0.54%, 1, 0, 4, 1329.09
1775264643, 1694, 89, 366, 0, 0, 0.54%, 1, 0, 4, 1362.07
1775264648, 1694, 140, 366, 0, 0, 0.54%, 1, 0, 4, 1370.35
1775264653, 1694, 261, 366, 0, 0, 0.54%, 1, 0, 4, 1390.04
1775264658, 1694, 313, 366, 0, 0, 0.54%, 1, 0, 4, 1355.69
1775264663, 1695, 29, 366, 0, 0, 0.54%, 1, 0, 4, 1323.32
1775264668, 1695, 63, 366, 0, 0, 0.54%, 1, 0, 4, 1401.28
1775264674, 1695, 106, 366, 0, 0, 0.54%, 1, 0, 4, 1460.57
1775264679, 1695, 152, 366, 0, 0, 0.54%, 1, 0, 4, 1326.56
1775264684, 1695, 265, 366, 0, 0, 0.54%, 1, 0, 4, 1342.16
1775264689, 1695, 342, 366, 0, 0, 0.54%, 1, 0, 4, 1319.51
1775264694, 1696, 58, 366, 0, 0, 0.54%, 1, 0, 4, 1319.08
1775264699, 1696, 213, 366, 0, 0, 0.54%, 1, 0, 4, 1472.82
1775264704, 1696, 274, 366, 0, 0, 0.54%, 1, 0, 4, 1448.72
1775264709, 1697, 9, 366, 0, 0, 0.54%, 1, 0, 4, 1316.80
1775264714, 1697, 58, 366, 0, 0, 0.54%, 1, 0, 4, 1433.31
1775264719, 1697, 97, 366, 0, 0, 0.54%, 1, 0, 4, 1415.54
1775264724, 1697, 167, 366, 0, 0, 0.54%, 1, 0, 4, 1488.31
1775264729, 1697, 213, 366, 0, 0, 0.54%, 1, 0, 4, 1418.11
1775264735, 1697, 265, 366, 0, 0, 0.54%, 1, 0, 4, 1429.41
1775264740, 1698, 0, 366, 0, 0, 0.54%, 1, 0, 4, 1293.86
1775264745, 1698, 31, 366, 0, 0, 0.54%, 1, 0, 4, 1429.35
1775264750, 1698, 89, 366, 0, 0, 0.54%, 1, 0, 4, 1326.97
1775264755, 1698, 136, 366, 0, 0, 0.54%, 1, 0, 4, 1383.97
1775264760, 1698, 261, 366, 0, 0, 0.54%, 1, 0, 4, 1422.31
1775264765, 1698, 322, 366, 0, 0, 0.54%, 1, 0, 4, 1351.46
1775264770, 1699, 29, 366, 0, 0, 0.54%, 1, 0, 4, 1349.60
1775264775, 1699, 66, 366, 0, 0, 0.54%, 1, 0, 4, 1304.73
1775264781, 1699, 157, 366, 0, 0, 0.54%, 1, 0, 4, 1333.18
1775264786, 1699, 271, 366, 0, 0, 0.54%, 1, 0, 4, 1362.58
1775264791, 1699, 322, 366, 0, 0, 0.54%, 1, 0, 4, 1314.19
1775264796, 1700, 41, 366, 0, 0, 0.54%, 1, 0, 4, 1381.18
1775264801, 1700, 84, 366, 0, 0, 0.54%, 1, 0, 4, 1391.47
1775264806, 1700, 153, 366, 0, 0, 0.54%, 1, 0, 4, 1362.35
1775264811, 1700, 250, 366, 0, 0, 0.54%, 1, 0, 4, 1391.90
1775264816, 1700, 290, 366, 0, 0, 0.54%, 1, 0, 4, 1382.73
1775264822, 1701, 24, 366, 0, 0, 0.54%, 1, 0, 4, 1761.58
1775264827, 1701, 50, 366, 0, 0, 0.54%, 1, 0, 4, 1444.72
1775264832, 1701, 91, 366, 0, 0, 0.54%, 1, 0, 4, 1358.85
1775264837, 1701, 131, 366, 0, 0, 0.54%, 1, 0, 4, 1400.06
1775264842, 1701, 261, 366, 0, 0, 0.54%, 1, 0, 4, 1420.42
1775264847, 1701, 298, 366, 0, 0, 0.54%, 1, 0, 4, 1420.47
1775264852, 1702, 29, 366, 0, 0, 0.54%, 1, 0, 4, 1273.36
1775264857, 1702, 81, 366, 0, 0, 0.54%, 1, 0, 4, 1426.07
1775264863, 1702, 154, 366, 0, 0, 0.54%, 1, 0, 4, 1319.50
1775264868, 1702, 265, 366, 0, 0, 0.54%, 1, 0, 4, 1338.35
1775264873, 1703, 9, 366, 0, 0, 0.54%, 1, 0, 4, 1395.27
1775264878, 1703, 44, 366, 0, 0, 0.54%, 1, 0, 4, 1388.83
1775264883, 1703, 101, 366, 0, 0, 0.54%, 1, 0, 4, 1465.32
1775264888, 1703, 171, 366, 0, 0, 0.54%, 1, 0, 4, 1509.16
1775264893, 1703, 261, 366, 0, 0, 0.54%, 1, 0, 4, 1299.76
1775264898, 1703, 289, 366, 0, 0, 0.54%, 1, 0, 4, 1318.38
1775264903, 1704, 33, 366, 0, 0, 0.54%, 1, 0, 4, 1320.10
1775264908, 1704, 66, 366, 0, 0, 0.54%, 1, 0, 4, 1514.19
1775264913, 1704, 108, 366, 0, 0, 0.54%, 1, 0, 4, 1379.69
1775264918, 1704, 195, 366, 0, 0, 0.54%, 1, 0, 4, 1365.00
1775264924, 1704, 274, 366, 0, 0, 0.54%, 1, 0, 4, 1392.81
1775264929, 1705, 9, 366, 0, 0, 0.54%, 1, 0, 4, 1432.11
1775264934, 1705, 63, 366, 0, 0, 0.54%, 1, 0, 4, 1481.51
1775264939, 1705, 103, 366, 0, 0, 0.54%, 1, 0, 4, 1428.92
1775264944, 1705, 149, 366, 0, 0, 0.54%, 1, 0, 4, 1361.32
1775264949, 1705, 275, 366, 0, 0, 0.54%, 1, 0, 4, 1417.62
1775264954, 1706, 9, 366, 0, 0, 0.54%, 1, 0, 4, 1384.05
1775264959, 1706, 58, 366, 0, 0, 0.54%, 1, 0, 4, 1431.97
1775264964, 1706, 101, 366, 0, 0, 0.54%, 1, 0, 4, 1354.77
1775264969, 1706, 126, 366, 0, 0, 0.54%, 1, 0, 4, 1263.58
1775264975, 1706, 261, 366, 0, 0, 0.54%, 1, 0, 4, 1345.02
1775264980, 1706, 290, 366, 0, 0, 0.54%, 1, 0, 4, 1431.29
1775264985, 1707, 22, 366, 0, 0, 0.54%, 1, 0, 4, 1205.52
1775264990, 1707, 33, 366, 0, 0, 0.54%, 1, 0, 4, 1337.93
1775264995, 1707, 89, 366, 0, 0, 0.54%, 1, 0, 4, 1434.47
1775265000, 1707, 141, 366, 0, 0, 0.54%, 1, 0, 4, 1407.56
1775265005, 1707, 265, 366, 0, 0, 0.54%, 1, 0, 4, 1493.95
1775265010, 1707, 358, 366, 0, 0, 0.54%, 1, 0, 4, 1383.42
1775265015, 1708, 31, 366, 0, 0, 0.54%, 1, 0, 4, 1475.79
1775265021, 1708, 92, 366, 0, 0, 0.54%, 1, 0, 4, 1417.62
1775265026, 1708, 175, 366, 0, 0, 0.54%, 1, 0, 4, 1412.18
1775265031, 1708, 274, 366, 0, 0, 0.54%, 1, 0, 4, 1494.36
1775265036, 1708, 345, 366, 0, 0, 0.54%, 1, 0, 4, 1179.85
1775265041, 1709, 33, 366, 0, 0, 0.54%, 1, 0, 4, 1264.37
1775265046, 1709, 89, 366, 0, 0, 0.54%, 1, 0, 4, 1405.77
1775265051, 1709, 134, 366, 0, 0, 0.54%, 1, 0, 4, 1409.29
1775265056, 1709, 274, 366, 0, 0, 0.54%, 1, 0, 4, 1456.11
1775265061, 1710, 1, 366, 0, 0, 0.54%, 1, 0, 4, 1286.03
1775265066, 1710, 31, 366, 0, 0, 0.54%, 1, 0, 4, 1388.86
1775265071, 1710, 89, 366, 0, 0, 0.54%, 1, 0, 4, 1412.50
1775265077, 1710, 152, 366, 0, 0, 0.54%, 1, 0, 4, 1516.86
1775265082, 1710, 261, 366, 0, 0, 0.54%, 1, 0, 4, 1339.11
1775265087, 1710, 311, 366, 0, 0, 0.54%, 1, 0, 4, 1402.42
1775265092, 1711, 29, 366, 0, 0, 0.54%, 1, 0, 4, 1427.03
1775265097, 1711, 50, 366, 0, 0, 0.54%, 1, 0, 4, 1302.78
1775265102, 1711, 108, 366, 0, 0, 0.54%, 1, 0, 4, 1680.59
1775265107, 1711, 166, 366, 0, 0, 0.54%, 1, 0, 4, 1447.81
1775265112, 1711, 265, 366, 0, 0, 0.54%, 1, 0, 4, 1681.03
1775265117, 1711, 322, 366, 0, 0, 0.54%, 1, 0, 4, 1400.30
1775265122, 1712, 33, 366, 0, 0, 0.54%, 1, 0, 4, 1416.06
1775265128, 1712, 74, 366, 0, 0, 0.54%, 1, 0, 4, 1319.89
1775265133, 1712, 133, 366, 0, 0, 0.54%, 1, 0, 4, 1381.60
1775265138, 1712, 243, 366, 0, 0, 0.54%, 1, 0, 4, 1360.13
1775265143, 1712, 275, 366, 0, 0, 0.54%, 1, 0, 4, 1419.24
1775265148, 1713, 26, 366, 0, 0, 0.54%, 1, 0, 4, 1308.76
1775265153, 1713, 63, 366, 0, 0, 0.54%, 1, 0, 4, 1549.92
1775265158, 1713, 144, 366, 0, 0, 0.54%, 1, 0, 4, 1446.20
1775265164, 1713, 205, 366, 0, 0, 0.54%, 1, 0, 4, 1338.17
1775265169, 1713, 265, 366, 0, 0, 0.54%, 1, 0, 4, 1351.08
1775265174, 1713, 283, 366, 0, 0, 0.54%, 1, 0, 4, 1296.68
1775265179, 1714, 31, 366, 0, 0, 0.54%, 1, 0, 4, 1337.55
1775265184, 1714, 63, 366, 0, 0, 0.54%, 1, 0, 4, 1397.66
1775265189, 1714, 155, 366, 0, 0, 0.54%, 1, 0, 4, 1410.23
1775265194, 1714, 236, 366, 0, 0, 0.54%, 1, 0, 4, 1380.02
1775265199, 1714, 287, 366, 0, 0, 0.54%, 1, 0, 4, 1377.34
1775265204, 1715, 29, 366, 0, 0, 0.54%, 1, 0, 4, 1320.05
1775265209, 1715, 64, 366, 0, 0, 0.54%, 1, 0, 4, 1430.98
1775265214, 1715, 106, 366, 0, 0, 0.54%, 1, 0, 4, 1512.66
1775265220, 1715, 209, 366, 0, 0, 0.54%, 1, 0, 4, 1421.91
1775265225, 1715, 270, 366, 0, 0, 0.54%, 1, 0, 4, 1462.69
1775265230, 1716, 1, 366, 0, 0, 0.54%, 1, 0, 4, 1387.79
1775265235, 1716, 33, 366, 0, 0, 0.54%, 1, 0, 4, 1468.10
1775265240, 1716, 103, 366, 0, 0, 0.54%, 1, 0, 4, 1493.81
1775265245, 1716, 239, 366, 0, 0, 0.54%, 1, 0, 4, 1504.50
1775265250, 1716, 281, 366, 0, 0, 0.54%, 1, 0, 4, 1419.53
1775265255, 1717, 9, 366, 0, 0, 0.54%, 1, 0, 4, 1378.11
1775265260, 1717, 33, 366, 0, 0, 0.54%, 1, 0, 4, 1330.73
1775265265, 1717, 67, 366, 0, 0, 0.54%, 1, 0, 4, 1450.90
1775265270, 1717, 113, 366, 0, 0, 0.54%, 1, 0, 4, 1701.38
1775265275, 1717, 149, 366, 0, 0, 0.54%, 1, 0, 4, 1632.87
1775265281, 1717, 237, 366, 0, 0, 0.54%, 1, 0, 4, 1482.89
1775265286, 1717, 274, 366, 0, 0, 0.54%, 1, 0, 4, 1520.19
1775265291, 1717, 360, 366, 0, 0, 0.54%, 1, 0, 4, 1263.95
1775265296, 1718, 29, 366, 0, 0, 0.54%, 1, 0, 4, 1428.89
1775265301, 1718, 64, 366, 0, 0, 0.54%, 1, 0, 4, 1553.54
1775265306, 1718, 191, 366, 0, 0, 0.54%, 1, 0, 4, 1484.90
1775265311, 1718, 274, 366, 0, 0, 0.54%, 1, 0, 4, 1525.94
1775265316, 1719, 9, 366, 0, 0, 0.54%, 1, 0, 4, 1417.70
1775265321, 1719, 62, 366, 0, 0, 0.54%, 1, 0, 4, 1602.55
1775265326, 1719, 106, 366, 0, 0, 0.54%, 1, 0, 4, 1590.42
1775265332, 1719, 170, 366, 0, 0, 0.54%, 1, 0, 4, 1482.98
1775265337, 1719, 274, 366, 0, 0, 0.54%, 1, 0, 4, 1421.15
1775265342, 1720, 6, 366, 0, 0, 0.54%, 1, 0, 4, 1464.89
1775265347, 1720, 31, 366, 0, 0, 0.54%, 1, 0, 4, 1341.60
1775265352, 1720, 64, 366, 0, 0, 0.54%, 1, 0, 4, 1411.84
1775265357, 1720, 108, 366, 0, 0, 0.54%, 1, 0, 4, 1429.13
1775265362, 1720, 274, 366, 0, 0, 0.54%, 1, 0, 4, 1513.22
1775265367, 1721, 9, 366, 0, 0, 0.54%, 1, 0, 4, 1390.81
1775265372, 1721, 33, 366, 0, 0, 0.54%, 1, 0, 4, 1392.56
1775265377, 1721, 99, 366, 0, 0, 0.54%, 1, 0, 4, 1315.68
1775265382, 1721, 176, 366, 0, 0, 0.54%, 1, 0, 4, 1430.14
1775265387, 1721, 249, 366, 0, 0, 0.54%, 1, 0, 4, 1424.98
1775265392, 1721, 281, 366, 0, 0, 0.54%, 1, 0, 4, 1461.71
1775265397, 1722, 9, 366, 0, 0, 0.54%, 1, 0, 4, 1267.14
1775265403, 1722, 58, 366, 0, 0, 0.54%, 1, 0, 4, 1449.26
1775265408, 1722, 103, 366, 0, 0, 0.54%, 1, 0, 4, 1422.30
1775265413, 1722, 167, 366, 0, 0, 0.54%, 1, 0, 4, 1668.32
1775265418, 1722, 265, 366, 0, 0, 0.54%, 1, 0, 4, 1463.55
1775265423, 1722, 348, 366, 0, 0, 0.54%, 1, 0, 4, 1274.16
1775265428, 1723, 31, 366, 0, 0, 0.54%, 1, 0, 4, 1496.01
1775265433, 1723, 93, 366, 0, 0, 0.54%, 1, 0, 4, 1413.36
1775265438, 1723, 109, 366, 0, 0, 0.54%, 1, 0, 4, 1278.21
1775265443, 1723, 243, 366, 0, 0, 0.54%, 1, 0, 4, 1346.82
1775265449, 1723, 288, 366, 0, 0, 0.54%, 1, 0, 4, 1328.33
1775265454, 1724, 29, 366, 0, 0, 0.54%, 1, 0, 4, 1374.79
1775265459, 1724, 64, 366, 0, 0, 0.54%, 1, 0, 4, 1267.96
1775265464, 1724, 103, 366, 0, 0, 0.54%, 1, 0, 4, 1286.64
1775265469, 1724, 229, 366, 0, 0, 0.54%, 1, 0, 4, 1382.77
1775265474, 1724, 276, 366, 0, 0, 0.54%, 1, 0, 4, 1430.18
1775265479, 1725, 29, 366, 0, 0, 0.54%, 1, 0, 4, 1328.46
1775265485, 1725, 75, 366, 0, 0, 0.54%, 1, 0, 4, 1467.52
1775265490, 1725, 129, 366, 0, 0, 0.54%, 1, 0, 4, 1531.75
1775265495, 1725, 177, 366, 0, 0, 0.54%, 1, 0, 4, 565.28
1775265500, 1725, 261, 366, 0, 0, 0.54%, 1, 0, 4, 1197.39
1775265505, 1725, 293, 366, 0, 0, 0.54%, 1, 0, 4, 1340.17
1775265510, 1726, 29, 366, 0, 0, 0.54%, 1, 0, 4, 1418.44
1775265515, 1726, 63, 366, 0, 0, 0.54%, 1, 0, 4, 1418.34
1775265520, 1726, 101, 366, 0, 0, 0.54%, 1, 0, 4, 1421.09
1775265525, 1726, 168, 366, 0, 0, 0.54%, 1, 0, 4, 1399.73
1775265531, 1726, 244, 366, 0, 0, 0.54%, 1, 0, 4, 1438.07
1775265536, 1726, 275, 366, 0, 0, 0.54%, 1, 0, 4, 1490.55
1775265541, 1727, 2, 366, 0, 0, 0.54%, 1, 0, 4, 1340.01
1775265546, 1727, 35, 366, 0, 0, 0.54%, 1, 0, 4, 1424.28
1775265551, 1727, 101, 366, 0, 0, 0.54%, 1, 0, 4, 1476.65
1775265556, 1727, 143, 366, 0, 0, 0.54%, 1, 0, 4, 1472.36
1775265561, 1727, 245, 366, 0, 0, 0.54%, 1, 0, 4, 1399.80
1775265566, 1727, 316, 366, 0, 0, 0.54%, 1, 0, 4, 1414.32
1775265571, 1728, 9, 366, 0, 0, 0.54%, 1, 0, 4, 1601.90
1775265577, 1728, 42, 366, 0, 0, 0.54%, 1, 0, 4, 1305.03
1775265582, 1728, 77, 366, 0, 0, 0.54%, 1, 0, 4, 1492.10
1775265587, 1728, 112, 366, 0, 0, 0.54%, 1, 0, 4, 1414.33
1775265592, 1728, 253, 366, 0, 0, 0.54%, 1, 0, 4, 1475.09
1775265597, 1728, 275, 366, 0, 0, 0.54%, 1, 0, 4, 1531.43
1775265602, 1729, 13, 366, 0, 0, 0.54%, 1, 0, 4, 1505.49
1775265607, 1729, 64, 366, 0, 0, 0.54%, 1, 0, 4, 1430.18
1775265612, 1729, 89, 366, 0, 0, 0.54%, 1, 0, 4, 290.18
1775265617, 1729, 193, 366, 0, 0, 0.54%, 1, 0, 4, 1561.20
1775265622, 1729, 265, 366, 0, 0, 0.54%, 1, 0, 4, 1512.92
1775265627, 1729, 323, 366, 0, 0, 0.54%, 1, 0, 4, 1280.80
1775265632, 1730, 31, 366, 0, 0, 0.54%, 1, 0, 4, 1479.93
1775265637, 1730, 76, 366, 0, 0, 0.54%, 1, 0, 4, 1462.64
1775265643, 1730, 125, 366, 0, 0, 0.54%, 1, 0, 4, 1478.49
1775265648, 1730, 235, 366, 0, 0, 0.54%, 1, 0, 4, 1383.39
1775265653, 1730, 322, 366, 0, 0, 0.54%, 1, 0, 4, 1375.29
1775265658, 1731, 9, 366, 0, 0, 0.54%, 1, 0, 4, 1449.45
1775265663, 1731, 44, 366, 0, 0, 0.54%, 1, 0, 4, 1441.75
1775265668, 1731, 130, 366, 0, 0, 0.54%, 1, 0, 4, 1461.54
1775265673, 1731, 265, 366, 0, 0, 0.54%, 1, 0, 4, 1550.20
1775265678, 1731, 361, 366, 0, 0, 0.54%, 1, 0, 4, 1337.15
1775265683, 1732, 36, 366, 0, 0, 0.54%, 1, 0, 4, 1382.68
1775265688, 1732, 103, 366, 0, 0, 0.54%, 1, 0, 4, 1396.47
1775265693, 1732, 223, 366, 0, 0, 0.54%, 1, 0, 4, 1379.67
1775265699, 1732, 275, 366, 0, 0, 0.54%, 1, 0, 4, 1379.15
1775265704, 1733, 5, 366, 0, 0, 0.54%, 1, 0, 4, 1315.01
1775265709, 1733, 33, 366, 0, 0, 0.54%, 1, 0, 4, 1283.36
1775265714, 1733, 89, 366, 0, 0, 0.54%, 1, 0, 4, 1490.23
1775265719, 1733, 210, 366, 0, 0, 0.54%, 1, 0, 4, 1461.45
1775265724, 1733, 274, 366, 0, 0, 0.54%, 1, 0, 4, 1446.56
1775265729, 1734, 3, 366, 0, 0, 0.54%, 1, 0, 4, 1390.21
1775265734, 1734, 37, 366, 0, 0, 0.54%, 1, 0, 4, 1438.99
1775265739, 1734, 76, 366, 0, 0, 0.54%, 1, 0, 4, 1393.60
1775265744, 1734, 127, 366, 0, 0, 0.54%, 1, 0, 4, 1425.71
1775265749, 1734, 261, 366, 0, 0, 0.54%, 1, 0, 4, 1359.28
1775265755, 1734, 317, 366, 0, 0, 0.54%, 1, 0, 4, 1431.23
1775265760, 1735, 33, 366, 0, 0, 0.54%, 1, 0, 4, 1399.35
1775265765, 1735, 101, 366, 0, 0, 0.54%, 1, 0, 4, 1423.42
1775265770, 1735, 158, 366, 0, 0, 0.54%, 1, 0, 4, 1394.26
1775265775, 1735, 274, 366, 0, 0, 0.54%, 1, 0, 4, 1396.63
1775265780, 1735, 299, 366, 0, 0, 0.54%, 1, 0, 4, 1346.41
1775265785, 1736, 31, 366, 0, 0, 0.54%, 1, 0, 4, 1386.97
1775265790, 1736, 89, 366, 0, 0, 0.54%, 1, 0, 4, 1353.15
1775265795, 1736, 145, 366, 0, 0, 0.54%, 1, 0, 4, 1442.46
1775265800, 1736, 197, 366, 0, 0, 0.54%, 1, 0, 4, 1480.55
1775265805, 1736, 261, 366, 0, 0, 0.54%, 1, 0, 4, 843.70
1775265810, 1736, 287, 366, 0, 0, 0.54%, 1, 0, 4, 1207.33
1775265815, 1737, 33, 366, 0, 0, 0.54%, 1, 0, 4, 1387.95
1775265820, 1737, 73, 366, 0, 0, 0.54%, 1, 0, 4, 1330.21
1775265826, 1737, 168, 366, 0, 0, 0.54%, 1, 0, 4, 1317.94
1775265831, 1737, 256, 366, 0, 0, 0.54%, 1, 0, 4, 1424.16
1775265836, 1737, 280, 366, 0, 0, 0.54%, 1, 0, 4, 1362.91
1775265841, 1738, 10, 366, 0, 0, 0.54%, 1, 0, 4, 1388.12
1775265846, 1738, 64, 366, 0, 0, 0.54%, 1, 0, 4, 1419.98
1775265851, 1738, 106, 366, 0, 0, 0.54%, 1, 0, 4, 1492.22
1775265856, 1738, 178, 366, 0, 0, 0.54%, 1, 0, 4, 1428.62
1775265861, 1738, 261, 366, 0, 0, 0.54%, 1, 0, 4, 1203.81
1775265866, 1738, 310, 366, 0, 0, 0.54%, 1, 0, 4, 1367.77
1775265871, 1739, 12, 366, 0, 0, 0.54%, 1, 0, 4, 1473.54
1775265877, 1739, 58, 366, 0, 0, 0.54%, 1, 0, 4, 200.00
1775265882, 1739, 108, 366, 0, 0, 0.54%, 1, 0, 4, 1570.87
1775265887, 1739, 159, 366, 0, 0, 0.54%, 1, 0, 4, 987.81
1775265892, 1739, 261, 366, 0, 0, 0.54%, 1, 0, 4, 1331.09
1775265897, 1739, 290, 366, 0, 0, 0.54%, 1, 0, 4, 1349.11
1775265902, 1740, 25, 366, 0, 0, 0.54%, 1, 0, 4, 1303.63
1775265907, 1740, 36, 366, 0, 0, 0.54%, 1, 0, 4, 1294.44
1775265912, 1740, 108, 366, 0, 0, 0.54%, 1, 0, 4, 1459.98
1775265917, 1740, 178, 366, 0, 0, 0.54%, 1, 0, 4, 1471.87
1775265922, 1740, 261, 366, 0, 0, 0.54%, 1, 0, 4, 1388.92
1775265927, 1740, 303, 366, 0, 0, 0.54%, 1, 0, 4, 1378.23
1775265932, 1741, 29, 366, 0, 0, 0.54%, 1, 0, 4, 1486.76
1775265937, 1741, 58, 366, 0, 0, 0.54%, 1, 0, 4, 1534.36
1775265943, 1741, 108, 366, 0, 0, 0.54%, 1, 0, 4, 1483.85
1775265948, 1741, 260, 366, 0, 0, 0.54%, 1, 0, 4, 1512.07
1775265953, 1741, 322, 366, 0, 0, 0.54%, 1, 0, 4, 1438.94
1775265958, 1742, 31, 366, 0, 0, 0.54%, 1, 0, 4, 1467.67
1775265963, 1742, 77, 366, 0, 0, 0.54%, 1, 0, 4, 1447.48
1775265968, 1742, 114, 366, 0, 0, 0.54%, 1, 0, 4, 1477.67
1775265973, 1742, 200, 366, 0, 0, 0.54%, 1, 0, 4, 749.39
1775265978, 1742, 265, 366, 0, 0, 0.54%, 1, 0, 4, 1316.73
1775265983, 1742, 326, 366, 0, 0, 0.54%, 1, 0, 4, 1340.57
1775265989, 1743, 31, 366, 0, 0, 0.54%, 1, 0, 4, 1389.66
1775265994, 1743, 81, 366, 0, 0, 0.54%, 1, 0, 4, 1414.27
1775265999, 1743, 127, 366, 0, 0, 0.54%, 1, 0, 4, 1394.08
1775266004, 1743, 265, 366, 0, 0, 0.54%, 1, 0, 4, 1330.58
1775266009, 1744, 9, 366, 0, 0, 0.54%, 1, 0, 4, 1331.43
1775266014, 1744, 33, 366, 0, 0, 0.54%, 1, 0, 4, 1329.36
1775266019, 1744, 64, 366, 0, 0, 0.54%, 1, 0, 4, 1409.81
1775266024, 1744, 108, 366, 0, 0, 0.54%, 1, 0, 4, 1304.40
1775266029, 1744, 198, 366, 0, 0, 0.54%, 1, 0, 4, 1244.28
1775266034, 1744, 261, 366, 0, 0, 0.54%, 1, 0, 4, 1420.66
1775266040, 1744, 304, 366, 0, 0, 0.54%, 1, 0, 4, 1108.99
1775266045, 1745, 16, 366, 0, 0, 0.54%, 1, 0, 4, 1274.29
1775266050, 1745, 63, 366, 0, 0, 0.54%, 1, 0, 4, 1488.49
1775266055, 1745, 101, 366, 0, 0, 0.54%, 1, 0, 4, 1464.59
1775266060, 1745, 133, 366, 0, 0, 0.54%, 1, 0, 4, 1503.02
1775266065, 1745, 196, 366, 0, 0, 0.54%, 1, 0, 4, 1307.08
1775266070, 1745, 267, 366, 0, 0, 0.54%, 1, 0, 4, 1464.81
1775266075, 1745, 322, 366, 0, 0, 0.54%, 1, 0, 4, 1422.46
1775266080, 1746, 31, 366, 0, 0, 0.54%, 1, 0, 4, 1319.16
1775266085, 1746, 68, 366, 0, 0, 0.54%, 1, 0, 4, 1476.68
1775266090, 1746, 111, 366, 0, 0, 0.54%, 1, 0, 4, 1492.32
1775266096, 1746, 198, 366, 0, 0, 0.54%, 1, 0, 4, 1445.30
1775266101, 1746, 261, 366, 0, 0, 0.54%, 1, 0, 4, 1512.75
1775266106, 1746, 287, 366, 0, 0, 0.54%, 1, 0, 4, 1437.28
1775266111, 1747, 29, 366, 0, 0, 0.54%, 1, 0, 4, 1414.03
1775266116, 1747, 89, 366, 0, 0, 0.54%, 1, 0, 4, 1458.00
1775266121, 1747, 261, 366, 0, 0, 0.54%, 1, 0, 4, 1433.31
1775266126, 1747, 319, 366, 0, 0, 0.54%, 1, 0, 4, 1452.66
1775266131, 1748, 29, 366, 0, 0, 0.54%, 1, 0, 4, 1334.46
1775266136, 1748, 89, 366, 0, 0, 0.54%, 1, 0, 4, 1464.62
1775266141, 1748, 120, 366, 0, 0, 0.54%, 1, 0, 4, 1219.08
1775266147, 1748, 229, 366, 0, 0, 0.54%, 1, 0, 4, 1447.37
1775266152, 1748, 276, 366, 0, 0, 0.54%, 1, 0, 4, 1433.18
1775266157, 1749, 31, 366, 0, 0, 0.54%, 1, 0, 4, 1387.39
1775266162, 1749, 72, 366, 0, 0, 0.54%, 1, 0, 4, 1311.82
1775266167, 1749, 120, 366, 0, 0, 0.54%, 1, 0, 4, 1462.18
1775266172, 1749, 275, 366, 0, 0, 0.54%, 1, 0, 4, 1546.39
1775266177, 1750, 1, 366, 0, 0, 0.54%, 1, 0, 4, 1342.21
1775266182, 1750, 63, 366, 0, 0, 0.54%, 1, 0, 4, 1526.35
1775266187, 1750, 101, 366, 0, 0, 0.54%, 1, 0, 4, 1452.94
1775266192, 1750, 156, 366, 0, 0, 0.54%, 1, 0, 4, 1435.02
1775266198, 1750, 217, 366, 0, 0, 0.54%, 1, 0, 4, 1429.83
1775266203, 1750, 274, 366, 0, 0, 0.54%, 1, 0, 4, 1424.02
1775266208, 1751, 9, 366, 0, 0, 0.54%, 1, 0, 4, 1337.31
1775266213, 1751, 34, 366, 0, 0, 0.54%, 1, 0, 4, 1368.33
1775266218, 1751, 89, 366, 0, 0, 0.54%, 1, 0, 4, 1482.36
1775266223, 1751, 140, 366, 0, 0, 0.54%, 1, 0, 4, 1500.54
1775266228, 1751, 209, 366, 0, 0, 0.54%, 1, 0, 4, 1411.97
1775266233, 1751, 274, 366, 0, 0, 0.54%, 1, 0, 4, 1361.06
1775266239, 1752, 3, 366, 0, 0, 0.54%, 1, 0, 4, 1661.70
1775266244, 1752, 29, 366, 0, 0, 0.54%, 1, 0, 4, 1570.51
1775266249, 1752, 70, 366, 0, 0, 0.54%, 1, 0, 4, 1431.88
1775266254, 1752, 108, 366, 0, 0, 0.54%, 1, 0, 4, 1548.76
1775266259, 1752, 164, 366, 0, 0, 0.54%, 1, 0, 4, 1455.35
1775266264, 1752, 238, 366, 0, 0, 0.54%, 1, 0, 4, 1454.67
1775266269, 1752, 301, 366, 0, 0, 0.54%, 1, 0, 4, 1308.81
1775266275, 1753, 4, 366, 0, 0, 0.54%, 1, 0, 4, 1363.43
1775266280, 1753, 49, 366, 0, 0, 0.54%, 1, 0, 4, 1357.95
1775266285, 1753, 96, 366, 0, 0, 0.54%, 1, 0, 4, 1446.30
1775266290, 1753, 153, 366, 0, 0, 0.54%, 1, 0, 4, 1315.59
1775266295, 1753, 261, 366, 0, 0, 0.54%, 1, 0, 4, 1407.53
1775266300, 1753, 310, 366, 0, 0, 0.54%, 1, 0, 4, 1425.57
1775266305, 1754, 31, 366, 0, 0, 0.54%, 1, 0, 4, 1443.60
1775266310, 1754, 63, 366, 0, 0, 0.54%, 1, 0, 4, 1464.55
1775266315, 1754, 112, 366, 0, 0, 0.54%, 1, 0, 4, 1475.61
1775266320, 1754, 232, 366, 0, 0, 0.54%, 1, 0, 4, 1433.18
1775266325, 1754, 276, 366, 0, 0, 0.54%, 1, 0, 4, 1395.70
1775266331, 1755, 18, 366, 0, 0, 0.54%, 1, 0, 4, 1422.72
1775266336, 1755, 58, 366, 0, 0, 0.54%, 1, 0, 4, 1466.34
1775266341, 1755, 101, 366, 0, 0, 0.54%, 1, 0, 4, 1503.33
1775266346, 1755, 261, 366, 0, 0, 0.54%, 1, 0, 4, 1376.08
1775266351, 1755, 322, 366, 0, 0, 0.54%, 1, 0, 4, 1289.93
1775266356, 1756, 33, 366, 0, 0, 0.54%, 1, 0, 4, 1434.57
1775266361, 1756, 103, 366, 0, 0, 0.54%, 1, 0, 4, 1408.35
1775266366, 1756, 197, 366, 0, 0, 0.54%, 1, 0, 4, 1362.35
1775266371, 1756, 265, 366, 0, 0, 0.54%, 1, 0, 4, 1411.42
1775266376, 1756, 322, 366, 0, 0, 0.54%, 1, 0, 4, 1303.00
1775266382, 1757, 29, 366, 0, 0, 0.54%, 1, 0, 4, 1468.73
1775266387, 1757, 95, 366, 0, 0, 0.54%, 1, 0, 4, 1542.37
1775266392, 1757, 208, 366, 0, 0, 0.54%, 1, 0, 4, 1505.24
1775266397, 1757, 275, 366, 0, 0, 0.54%, 1, 0, 4, 1514.03
1775266402, 1758, 22, 366, 0, 0, 0.54%, 1, 0, 4, 1647.97
1775266407, 1758, 57, 366, 0, 0, 0.54%, 1, 0, 4, 1514.09
1775266412, 1758, 101, 366, 0, 0, 0.54%, 1, 0, 4, 1464.13
1775266417, 1758, 176, 366, 0, 0, 0.54%, 1, 0, 4, 1767.84
1775266422, 1758, 274, 366, 0, 0, 0.54%, 1, 0, 4, 1487.80
1775266427, 1758, 322, 366, 0, 0, 0.54%, 1, 0, 4, 1323.34
1775266433, 1759, 33, 366, 0, 0, 0.54%, 1, 0, 4, 1462.78
1775266438, 1759, 103, 366, 0, 0, 0.54%, 1, 0, 4, 1464.10
1775266443, 1759, 195, 366, 0, 0, 0.54%, 1, 0, 4, 1446.37
1775266448, 1759, 245, 366, 0, 0, 0.54%, 1, 0, 4, 1458.04
1775266453, 1759, 274, 366, 0, 0, 0.54%, 1, 0, 4, 1113.22
1775266458, 1759, 307, 366, 0, 0, 0.54%, 1, 0, 4, 1294.61
1775266463, 1760, 31, 366, 0, 0, 0.54%, 1, 0, 4, 1418.08
1775266468, 1760, 90, 366, 0, 0, 0.54%, 1, 0, 4, 1531.97
1775266473, 1760, 213, 366, 0, 0, 0.54%, 1, 0, 4, 1501.88
1775266479, 1760, 275, 366, 0, 0, 0.54%, 1, 0, 4, 1515.31
1775266484, 1760, 345, 366, 0, 0, 0.54%, 1, 0, 4, 1265.48
1775266489, 1761, 31, 366, 0, 0, 0.54%, 1, 0, 4, 1376.11
1775266494, 1761, 100, 366, 0, 0, 0.54%, 1, 0, 4, 1531.41
1775266499, 1761, 160, 366, 0, 0, 0.54%, 1, 0, 4, 1489.68
1775266504, 1761, 282, 366, 0, 0, 0.54%, 1, 0, 4, 1390.91
1775266509, 1762, 29, 366, 0, 0, 0.54%, 1, 0, 4, 1384.57
1775266514, 1762, 49, 366, 0, 0, 0.54%, 1, 0, 4, 1351.46
1775266519, 1762, 103, 366, 0, 0, 0.54%, 1, 0, 4, 1349.79
1775266524, 1762, 177, 366, 0, 0, 0.54%, 1, 0, 4, 1401.55
1775266529, 1762, 276, 366, 0, 0, 0.54%, 1, 0, 4, 1419.32
1775266535, 1763, 31, 366, 0, 0, 0.54%, 1, 0, 4, 1491.31
1775266540, 1763, 58, 366, 0, 0, 0.54%, 1, 0, 4, 1413.30
1775266545, 1763, 108, 366, 0, 0, 0.54%, 1, 0, 4, 1435.19
1775266550, 1763, 261, 366, 0, 0, 0.54%, 1, 0, 4, 1546.24
1775266555, 1763, 297, 366, 0, 0, 0.54%, 1, 0, 4, 1427.24
1775266560, 1764, 31, 366, 0, 0, 0.54%, 1, 0, 4, 1378.22
1775266565, 1764, 76, 366, 0, 0, 0.54%, 1, 0, 4, 1417.72
1775266570, 1764, 135, 366, 0, 0, 0.54%, 1, 0, 4, 1410.06
1775266575, 1764, 261, 366, 0, 0, 0.54%, 1, 0, 4, 1338.43
1775266580, 1764, 355, 366, 0, 0, 0.54%, 1, 0, 4, 1298.91
1775266585, 1765, 31, 366, 0, 0, 0.54%, 1, 0, 4, 1438.12
1775266590, 1765, 83, 366, 0, 0, 0.54%, 1, 0, 4, 1489.87
1775266595, 1765, 196, 366, 0, 0, 0.54%, 1, 0, 4, 1537.13
1775266601, 1765, 219, 366, 0, 0, 0.54%, 1, 0, 4, 1464.01
1775266606, 1765, 275, 366, 0, 0, 0.54%, 1, 0, 4, 1497.51
1775266611, 1766, 21, 366, 0, 0, 0.54%, 1, 0, 4, 1416.46
1775266616, 1766, 63, 366, 0, 0, 0.54%, 1, 0, 4, 1412.92
1775266621, 1766, 227, 366, 0, 0, 0.54%, 1, 0, 4, 1420.87
1775266626, 1766, 280, 366, 0, 0, 0.54%, 1, 0, 4, 1337.84
1775266631, 1766, 360, 366, 0, 0, 0.54%, 1, 0, 4, 1418.87
1775266636, 1767, 58, 366, 0, 0, 0.54%, 1, 0, 4, 1553.93
1775266641, 1767, 108, 366, 0, 0, 0.54%, 1, 0, 4, 1551.22
1775266646, 1767, 274, 366, 0, 0, 0.54%, 1, 0, 4, 1551.00
1775266651, 1767, 322, 366, 0, 0, 0.54%, 1, 0, 4, 1245.48
1775266657, 1768, 31, 366, 0, 0, 0.54%, 1, 0, 4, 1411.85
1775266662, 1768, 89, 366, 0, 0, 0.54%, 1, 0, 4, 1482.08
1775266667, 1768, 168, 366, 0, 0, 0.54%, 1, 0, 4, 1360.98
1775266672, 1768, 262, 366, 0, 0, 0.54%, 1, 0, 4, 1489.70
1775266677, 1768, 282, 366, 0, 0, 0.54%, 1, 0, 4, 1364.70
1775266682, 1769, 29, 366, 0, 0, 0.54%, 1, 0, 4, 1429.26
1775266687, 1769, 89, 366, 0, 0, 0.54%, 1, 0, 4, 1541.32
1775266692, 1769, 122, 366, 0, 0, 0.54%, 1, 0, 4, 1374.23
1775266697, 1769, 203, 366, 0, 0, 0.54%, 1, 0, 4, 1277.09
1775266702, 1769, 265, 366, 0, 0, 0.54%, 1, 0, 4, 1381.60
1775266707, 1770, 1, 366, 0, 0, 0.54%, 1, 0, 4, 1304.89
1775266712, 1770, 33, 366, 0, 0, 0.54%, 1, 0, 4, 1393.78
1775266717, 1770, 89, 366, 0, 0, 0.54%, 1, 0, 4, 1397.67
1775266722, 1770, 156, 366, 0, 0, 0.54%, 1, 0, 4, 1363.05
1775266727, 1770, 182, 366, 0, 0, 0.54%, 1, 0, 4, 1300.55
1775266732, 1770, 261, 366, 0, 0, 0.54%, 1, 0, 4, 1417.32
1775266738, 1770, 298, 366, 0, 0, 0.54%, 1, 0, 4, 1439.16
1775266743, 1771, 26, 366, 0, 0, 0.54%, 1, 0, 4, 1433.02
1775266748, 1771, 64, 366, 0, 0, 0.54%, 1, 0, 4, 1518.49
1775266753, 1771, 116, 366, 0, 0, 0.54%, 1, 0, 4, 1452.51
1775266758, 1771, 202, 366, 0, 0, 0.54%, 1, 0, 4, 1416.26
1775266763, 1771, 247, 366, 0, 0, 0.54%, 1, 0, 4, 1417.48
1775266768, 1771, 275, 366, 0, 0, 0.54%, 1, 0, 4, 1370.13
1775266773, 1772, 31, 366, 0, 0, 0.54%, 1, 0, 4, 1406.58
1775266778, 1772, 80, 366, 0, 0, 0.54%, 1, 0, 4, 1579.35
1775266784, 1772, 140, 366, 0, 0, 0.54%, 1, 0, 4, 1525.97
1775266789, 1772, 252, 366, 0, 0, 0.54%, 1, 0, 4, 1535.53
1775266794, 1772, 275, 366, 0, 0, 0.54%, 1, 0, 4, 1526.10
1775266799, 1773, 17, 366, 0, 0, 0.54%, 1, 0, 4, 1391.33
1775266804, 1773, 64, 366, 0, 0, 0.54%, 1, 0, 4, 1509.25
1775266809, 1773, 148, 366, 0, 0, 0.54%, 1, 0, 4, 1513.46
1775266814, 1773, 261, 366, 0, 0, 0.54%, 1, 0, 4, 1518.98
1775266819, 1774, 9, 366, 0, 0, 0.54%, 1, 0, 4, 1481.16
1775266824, 1774, 74, 366, 0, 0, 0.54%, 1, 0, 4, 1585.25
1775266829, 1774, 108, 366, 0, 0, 0.54%, 1, 0, 4, 1490.19
1775266835, 1774, 195, 366, 0, 0, 0.54%, 1, 0, 4, 1450.80
1775266840, 1774, 275, 366, 0, 0, 0.54%, 1, 0, 4, 1512.73
1775266845, 1774, 365, 366, 0, 0, 0.54%, 1, 0, 4, 1351.28
1775266850, 1775, 15, 366, 0, 0, 0.54%, 1, 0, 4, 1339.76
1775266855, 1775, 63, 366, 0, 0, 0.54%, 1, 0, 4, 1506.02
1775266860, 1775, 108, 366, 0, 0, 0.54%, 1, 0, 4, 1482.77
1775266865, 1775, 184, 366, 0, 0, 0.54%, 1, 0, 4, 1376.30
1775266870, 1775, 276, 366, 0, 0, 0.54%, 1, 0, 4, 1407.10
1775266875, 1776, 29, 366, 0, 0, 0.54%, 1, 0, 4, 1417.08
1775266880, 1776, 58, 366, 0, 0, 0.54%, 1, 0, 4, 1374.87
1775266885, 1776, 103, 366, 0, 0, 0.54%, 1, 0, 4, 1455.60
1775266890, 1776, 226, 366, 0, 0, 0.54%, 1, 0, 4, 1366.90
1775266895, 1776, 316, 366, 0, 0, 0.54%, 1, 0, 4, 1410.06
1775266900, 1777, 26, 366, 0, 0, 0.54%, 1, 0, 4, 1229.42
1775266905, 1777, 58, 366, 0, 0, 0.54%, 1, 0, 4, 1419.40
1775266910, 1777, 89, 366, 0, 0, 0.54%, 1, 0, 4, 1388.00
1775266916, 1777, 121, 366, 0, 0, 0.54%, 1, 0, 4, 1458.09
1775266921, 1777, 261, 366, 0, 0, 0.54%, 1, 0, 4, 1436.54
1775266926, 1777, 297, 366, 0, 0, 0.54%, 1, 0, 4, 1311.56
1775266931, 1778, 29, 366, 0, 0, 0.54%, 1, 0, 4, 1438.10
1775266936, 1778, 63, 366, 0, 0, 0.54%, 1, 0, 4, 1444.83
1775266941, 1778, 103, 366, 0, 0, 0.54%, 1, 0, 4, 1287.87
1775266946, 1778, 182, 366, 0, 0, 0.54%, 1, 0, 4, 1407.64
1775266951, 1778, 264, 366, 0, 0, 0.54%, 1, 0, 4, 1460.13
1775266957, 1778, 337, 366, 0, 0, 0.54%, 1, 0, 4, 1391.75
1775266962, 1779, 35, 366, 0, 0, 0.54%, 1, 0, 4, 1410.92
1775266967, 1779, 101, 366, 0, 0, 0.54%, 1, 0, 4, 1302.80
1775266972, 1779, 244, 366, 0, 0, 0.54%, 1, 0, 4, 1397.36
1775266977, 1779, 276, 366, 0, 0, 0.54%, 1, 0, 4, 1476.89
1775266982, 1780, 9, 366, 0, 0, 0.54%, 1, 0, 4, 1413.73
1775266987, 1780, 58, 366, 0, 0, 0.54%, 1, 0, 4, 1412.10
1775266992, 1780, 103, 366, 0, 0, 0.54%, 1, 0, 4, 1423.46
1775266997, 1780, 173, 366, 0, 0, 0.54%, 1, 0, 4, 1314.66
1775267002, 1780, 265, 366, 0, 0, 0.54%, 1, 0, 4, 1419.88
1775267007, 1780, 306, 366, 0, 0, 0.54%, 1, 0, 4, 1328.69
1775267013, 1781, 8, 366, 0, 0, 0.54%, 1, 0, 4, 1296.42
1775267018, 1781, 47, 366, 0, 0, 0.54%, 1, 0, 4, 1375.45
1775267023, 1781, 103, 366, 0, 0, 0.54%, 1, 0, 4, 1392.70
1775267028, 1781, 174, 366, 0, 0, 0.54%, 1, 0, 4, 1449.46
1775267033, 1781, 214, 366, 0, 0, 0.54%, 1, 0, 4, 1374.34
1775267038, 1781, 274, 366, 0, 0, 0.54%, 1, 0, 4, 1363.61
1775267043, 1782, 9, 366, 0, 0, 0.54%, 1, 0, 4, 1298.70
1775267048, 1782, 34, 366, 0, 0, 0.54%, 1, 0, 4, 1361.29
1775267053, 1782, 93, 366, 0, 0, 0.54%, 1, 0, 4, 1581.78
1775267058, 1782, 108, 366, 0, 0, 0.54%, 1, 0, 4, 1376.20
1775267064, 1782, 195, 366, 0, 0, 0.54%, 1, 0, 4, 1280.44
1775267069, 1782, 268, 366, 0, 0, 0.54%, 1, 0, 4, 1333.29
1775267074, 1783, 3, 366, 0, 0, 0.54%, 1, 0, 4, 1338.28
1775267079, 1783, 57, 366, 0, 0, 0.54%, 1, 0, 4, 1496.82
1775267084, 1783, 103, 366, 0, 0, 0.54%, 1, 0, 4, 1447.58
1775267089, 1783, 265, 366, 0, 0, 0.54%, 1, 0, 4, 1414.79
1775267094, 1783, 364, 366, 0, 0, 0.54%, 1, 0, 4, 1197.55
1775267099, 1784, 29, 366, 0, 0, 0.54%, 1, 0, 4, 1424.65
1775267104, 1784, 64, 366, 0, 0, 0.54%, 1, 0, 4, 1468.23
1775267110, 1784, 135, 366, 0, 0, 0.54%, 1, 0, 4, 1345.15
1775267115, 1784, 261, 366, 0, 0, 0.54%, 1, 0, 4, 1359.25
1775267120, 1784, 297, 366, 0, 0, 0.54%, 1, 0, 4, 1381.78
1775267125, 1785, 13, 366, 0, 0, 0.54%, 1, 0, 4, 1309.01
1775267130, 1785, 63, 366, 0, 0, 0.54%, 1, 0, 4, 1400.68
1775267135, 1785, 130, 366, 0, 0, 0.54%, 1, 0, 4, 1382.86
1775267140, 1785, 234, 366, 0, 0, 0.54%, 1, 0, 4, 1327.71
1775267145, 1785, 274, 366, 0, 0, 0.54%, 1, 0, 4, 1421.79
1775267151, 1786, 0, 366, 0, 0, 0.54%, 1, 0, 4, 1261.53
1775267156, 1786, 63, 366, 0, 0, 0.54%, 1, 0, 4, 1445.57
1775267161, 1786, 108, 366, 0, 0, 0.54%, 1, 0, 4, 1402.65
1775267166, 1786, 208, 366, 0, 0, 0.54%, 1, 0, 4, 1382.87
1775267171, 1786, 276, 366, 0, 0, 0.54%, 1, 0, 4, 1402.01
1775267176, 1787, 25, 366, 0, 0, 0.54%, 1, 0, 4, 1317.80
1775267181, 1787, 58, 366, 0, 0, 0.54%, 1, 0, 4, 1395.87
1775267186, 1787, 103, 366, 0, 0, 0.54%, 1, 0, 4, 1417.91
1775267191, 1787, 177, 366, 0, 0, 0.54%, 1, 0, 4, 1409.87
1775267196, 1787, 274, 366, 0, 0, 0.54%, 1, 0, 4, 1502.00
1775267202, 1788, 9, 366, 0, 0, 0.54%, 1, 0, 4, 1339.83
1775267207, 1788, 33, 366, 0, 0, 0.54%, 1, 0, 4, 1419.28
1775267212, 1788, 101, 366, 0, 0, 0.54%, 1, 0, 4, 1427.95
1775267217, 1788, 168, 366, 0, 0, 0.54%, 1, 0, 4, 1403.65
1775267222, 1788, 263, 366, 0, 0, 0.54%, 1, 0, 4, 1461.92
1775267227, 1789, 0, 366, 0, 0, 0.54%, 1, 0, 4, 1346.57
1775267232, 1789, 33, 366, 0, 0, 0.54%, 1, 0, 4, 1460.08
1775267237, 1789, 64, 366, 0, 0, 0.54%, 1, 0, 4, 1346.18
1775267242, 1789, 184, 366, 0, 0, 0.54%, 1, 0, 4, 1484.50
1775267247, 1789, 275, 366, 0, 0, 0.54%, 1, 0, 4, 1441.91
1775267252, 1790, 9, 366, 0, 0, 0.54%, 1, 0, 4, 1283.59
1775267257, 1790, 63, 366, 0, 0, 0.54%, 1, 0, 4, 1410.12
1775267262, 1790, 108, 366, 0, 0, 0.54%, 1, 0, 4, 1636.82
1775267268, 1790, 192, 366, 0, 0, 0.54%, 1, 0, 4, 1503.26
1775267273, 1790, 265, 366, 0, 0, 0.54%, 1, 0, 4, 1499.37
1775267278, 1790, 322, 366, 0, 0, 0.54%, 1, 0, 4, 1385.98
1775267283, 1791, 33, 366, 0, 0, 0.54%, 1, 0, 4, 1360.87
1775267288, 1791, 58, 366, 0, 0, 0.54%, 1, 0, 4, 1442.19
1775267293, 1791, 101, 366, 0, 0, 0.54%, 1, 0, 4, 1652.22
1775267298, 1791, 140, 366, 0, 0, 0.54%, 1, 0, 4, 1407.60
1775267303, 1791, 255, 366, 0, 0, 0.54%, 1, 0, 4, 1448.45
1775267308, 1791, 318, 366, 0, 0, 0.54%, 1, 0, 4, 1449.61
1775267313, 1792, 33, 366, 0, 0, 0.54%, 1, 0, 4, 1396.22
1775267319, 1792, 89, 366, 0, 0, 0.54%, 1, 0, 4, 1402.07
1775267324, 1792, 148, 366, 0, 0, 0.54%, 1, 0, 4, 1358.38
1775267329, 1792, 211, 366, 0, 0, 0.54%, 1, 0, 4, 1389.64
1775267334, 1792, 255, 366, 0, 0, 0.54%, 1, 0, 4, 1323.31
1775267339, 1792, 295, 366, 0, 0, 0.54%, 1, 0, 4, 1458.38
1775267344, 1793, 22, 366, 0, 0, 0.54%, 1, 0, 4, 1403.68
1775267349, 1793, 64, 366, 0, 0, 0.54%, 1, 0, 4, 1473.75
1775267354, 1793, 116, 366, 0, 0, 0.54%, 1, 0, 4, 1459.32
1775267359, 1793, 219, 366, 0, 0, 0.54%, 1, 0, 4, 1542.29
1775267365, 1793, 274, 366, 0, 0, 0.54%, 1, 0, 4, 1350.07
1775267370, 1793, 344, 366, 0, 0, 0.54%, 1, 0, 4, 1162.82
1775267375, 1794, 9, 366, 0, 0, 0.54%, 1, 0, 4, 1352.45
1775267380, 1794, 33, 366, 0, 0, 0.54%, 1, 0, 4, 1373.41
1775267385, 1794, 101, 366, 0, 0, 0.54%, 1, 0, 4, 1429.37
1775267390, 1794, 243, 366, 0, 0, 0.54%, 1, 0, 4, 1639.81
1775267395, 1794, 276, 366, 0, 0, 0.54%, 1, 0, 4, 1489.25
1775267400, 1794, 360, 366, 0, 0, 0.54%, 1, 0, 4, 1383.83
1775267405, 1795, 26, 366, 0, 0, 0.54%, 1, 0, 4, 1393.55
1775267410, 1795, 50, 366, 0, 0, 0.54%, 1, 0, 4, 1416.95
1775267416, 1795, 89, 366, 0, 0, 0.54%, 1, 0, 4, 1452.80
1775267421, 1795, 147, 366, 0, 0, 0.54%, 1, 0, 4, 1352.53
1775267426, 1795, 261, 366, 0, 0, 0.54%, 1, 0, 4, 1379.79
1775267431, 1795, 319, 366, 0, 0, 0.54%, 1, 0, 4, 1290.78
1775267436, 1796, 29, 366, 0, 0, 0.54%, 1, 0, 4, 1598.70
1775267441, 1796, 63, 366, 0, 0, 0.54%, 1, 0, 4, 1514.60
1775267446, 1796, 103, 366, 0, 0, 0.54%, 1, 0, 4, 1449.62
1775267451, 1796, 226, 366, 0, 0, 0.54%, 1, 0, 4, 1417.00
1775267456, 1796, 275, 366, 0, 0, 0.54%, 1, 0, 4, 1484.45
1775267461, 1796, 360, 366, 0, 0, 0.54%, 1, 0, 4, 1320.01
1775267466, 1797, 31, 366, 0, 0, 0.54%, 1, 0, 4, 1347.08
1775267471, 1797, 64, 366, 0, 0, 0.54%, 1, 0, 4, 1390.67
1775267476, 1797, 164, 366, 0, 0, 0.54%, 1, 0, 4, 1415.13
1775267482, 1797, 265, 366, 0, 0, 0.54%, 1, 0, 4, 1479.68
1775267487, 1797, 328, 366, 0, 0, 0.54%, 1, 0, 4, 1298.38
1775267492, 1798, 29, 366, 0, 0, 0.54%, 1, 0, 4, 1374.82
1775267497, 1798, 63, 366, 0, 0, 0.54%, 1, 0, 4, 1416.99
1775267502, 1798, 108, 366, 0, 0, 0.54%, 1, 0, 4, 1440.21
1775267507, 1798, 250, 366, 0, 0, 0.54%, 1, 0, 4, 1238.87
1775267512, 1798, 316, 366, 0, 0, 0.54%, 1, 0, 4, 1331.40
1775267517, 1799, 20, 366, 0, 0, 0.54%, 1, 0, 4, 1442.35
1775267522, 1799, 64, 366, 0, 0, 0.54%, 1, 0, 4, 1455.49
1775267527, 1799, 152, 366, 0, 0, 0.54%, 1, 0, 4, 1528.22
1775267532, 1799, 265, 366, 0, 0, 0.54%, 1, 0, 4, 1450.65
1775267537, 1799, 365, 366, 0, 0, 0.54%, 1, 0, 4, 1393.85
1775267542, 1800, 31, 366, 0, 0, 0.54%, 1, 0, 4, 1414.81
1775267547, 1800, 101, 366, 0, 0, 0.54%, 1, 0, 4, 1464.47
1775267553, 1800, 136, 366, 0, 0, 0.54%, 1, 0, 4, 1331.78
1775267558, 1800, 209, 366, 0, 0, 0.54%, 1, 0, 4, 1335.56
1775267563, 1800, 265, 366, 0, 0, 0.54%, 1, 0, 4, 1388.33
1775267568, 1801, 3, 366, 0, 0, 0.54%, 1, 0, 4, 1391.69
1775267573, 1801, 58, 366, 0, 0, 0.54%, 1, 0, 4, 1480.37
1775267578, 1801, 114, 366, 0, 0, 0.54%, 1, 0, 4, 1545.91
1775267583, 1801, 261, 366, 0, 0, 0.54%, 1, 0, 4, 1515.04
1775267588, 1801, 303, 366, 0, 0, 0.54%, 1, 0, 4, 1379.21
1775267593, 1802, 18, 366, 0, 0, 0.54%, 1, 0, 4, 1395.41
1775267598, 1802, 58, 366, 0, 0, 0.54%, 1, 0, 4, 1513.76
1775267604, 1802, 108, 366, 0, 0, 0.54%, 1, 0, 4, 1511.97
1775267609, 1802, 247, 366, 0, 0, 0.54%, 1, 0, 4, 1324.12
1775267614, 1802, 302, 366, 0, 0, 0.54%, 1, 0, 4, 1414.61
1775267619, 1803, 9, 366, 0, 0, 0.54%, 1, 0, 4, 1533.24
1775267624, 1803, 44, 366, 0, 0, 0.54%, 1, 0, 4, 1474.04
1775267629, 1803, 103, 366, 0, 0, 0.54%, 1, 0, 4, 1419.76
1775267634, 1803, 265, 366, 0, 0, 0.54%, 1, 0, 4, 1508.83
1775267639, 1803, 297, 366, 0, 0, 0.54%, 1, 0, 4, 1380.13
1775267644, 1803, 365, 366, 0, 0, 0.54%, 1, 0, 4, 1310.20
1775267649, 1804, 33, 366, 0, 0, 0.54%, 1, 0, 4, 1418.02
1775267655, 1804, 101, 366, 0, 0, 0.54%, 1, 0, 4, 1428.26
1775267660, 1804, 203, 366, 0, 0, 0.54%, 1, 0, 4, 1487.48
1775267665, 1804, 276, 366, 0, 0, 0.54%, 1, 0, 4, 1314.20
1775267670, 1805, 9, 366, 0, 0, 0.54%, 1, 0, 4, 1324.47
1775267675, 1805, 33, 366, 0, 0, 0.54%, 1, 0, 4, 1415.78
1775267680, 1805, 101, 366, 0, 0, 0.54%, 1, 0, 4, 1440.77
1775267685, 1805, 179, 366, 0, 0, 0.54%, 1, 0, 4, 1275.45
1775267690, 1805, 258, 366, 0, 0, 0.54%, 1, 0, 4, 1240.06
1775267695, 1805, 313, 366, 0, 0, 0.54%, 1, 0, 4, 1359.49
1775267700, 1806, 28, 366, 0, 0, 0.54%, 1, 0, 4, 1357.39
1775267706, 1806, 45, 366, 0, 0, 0.54%, 1, 0, 4, 1017.37
1775267711, 1806, 85, 366, 0, 0, 0.54%, 1, 0, 4, 1383.64
1775267716, 1806, 103, 366, 0, 0, 0.54%, 1, 0, 4, 1405.31
1775267721, 1806, 172, 366, 0, 0, 0.54%, 1, 0, 4, 1414.63
1775267726, 1806, 265, 366, 0, 0, 0.54%, 1, 0, 4, 1449.30
1775267731, 1807, 1, 366, 0, 0, 0.54%, 1, 0, 4, 1328.68
1775267736, 1807, 40, 366, 0, 0, 0.54%, 1, 0, 4, 1446.11
1775267741, 1807, 79, 366, 0, 0, 0.54%, 1, 0, 4, 1607.22
1775267747, 1807, 140, 366, 0, 0, 0.54%, 1, 0, 4, 1429.46
1775267752, 1807, 239, 366, 0, 0, 0.54%, 1, 0, 4, 1298.02
1775267757, 1807, 275, 366, 0, 0, 0.54%, 1, 0, 4, 1376.65
1775267762, 1808, 22, 366, 0, 0, 0.54%, 1, 0, 4, 570.84
1775267767, 1808, 63, 366, 0, 0, 0.54%, 1, 0, 4, 1297.12
1775267772, 1808, 93, 366, 0, 0, 0.54%, 1, 0, 4, 1416.95
1775267777, 1808, 114, 366, 0, 0, 0.54%, 1, 0, 4, 1319.05
1775267782, 1808, 186, 366, 0, 0, 0.54%, 1, 0, 4, 1410.02
1775267788, 1808, 274, 366, 0, 0, 0.54%, 1, 0, 4, 1456.12
1775267793, 1809, 9, 366, 0, 0, 0.54%, 1, 0, 4, 1300.22
1775267798, 1809, 58, 366, 0, 0, 0.54%, 1, 0, 4, 1374.94
1775267803, 1809, 101, 366, 0, 0, 0.54%, 1, 0, 4, 1474.84
1775267808, 1809, 170, 366, 0, 0, 0.54%, 1, 0, 4, 1487.66
1775267813, 1809, 274, 366, 0, 0, 0.54%, 1, 0, 4, 1435.94
1775267818, 1809, 350, 366, 0, 0, 0.54%, 1, 0, 4, 1288.21
1775267823, 1810, 31, 366, 0, 0, 0.54%, 1, 0, 4, 1521.03
1775267828, 1810, 94, 366, 0, 0, 0.54%, 1, 0, 4, 1510.02
1775267833, 1810, 238, 366, 0, 0, 0.54%, 1, 0, 4, 1516.95
1775267838, 1810, 274, 366, 0, 0, 0.54%, 1, 0, 4, 1489.86
1775267843, 1811, 1, 366, 0, 0, 0.54%, 1, 0, 4, 328.19
1775267849, 1811, 31, 366, 0, 0, 0.54%, 1, 0, 4, 1470.09
1775267854, 1811, 101, 366, 0, 0, 0.54%, 1, 0, 4, 1511.22
1775267859, 1811, 177, 366, 0, 0, 0.54%, 1, 0, 4, 1571.86
1775267864, 1811, 265, 366, 0, 0, 0.54%, 1, 0, 4, 1508.19
1775267869, 1811, 309, 366, 0, 0, 0.54%, 1, 0, 4, 1477.80
1775267874, 1812, 9, 366, 0, 0, 0.54%, 1, 0, 4, 1487.74
1775267879, 1812, 58, 366, 0, 0, 0.54%, 1, 0, 4, 1483.92
1775267884, 1812, 103, 366, 0, 0, 0.54%, 1, 0, 4, 1343.56
1775267889, 1812, 183, 366, 0, 0, 0.54%, 1, 0, 4, 1299.47
1775267894, 1812, 265, 366, 0, 0, 0.54%, 1, 0, 4, 1467.25
1775267900, 1812, 333, 366, 0, 0, 0.54%, 1, 0, 4, 1291.74
1775267905, 1813, 31, 366, 0, 0, 0.54%, 1, 0, 4, 1354.89
1775267910, 1813, 89, 366, 0, 0, 0.54%, 1, 0, 4, 1491.79
1775267915, 1813, 116, 366, 0, 0, 0.54%, 1, 0, 4, 1358.95
1775267920, 1813, 220, 366, 0, 0, 0.54%, 1, 0, 4, 1297.81
1775267925, 1813, 275, 366, 0, 0, 0.54%, 1, 0, 4, 1490.88
1775267930, 1814, 9, 366, 0, 0, 0.54%, 1, 0, 4, 1287.21
1775267935, 1814, 31, 366, 0, 0, 0.54%, 1, 0, 4, 1272.28
1775267940, 1814, 49, 366, 0, 0, 0.54%, 1, 0, 4, 1456.77
1775267945, 1814, 101, 366, 0, 0, 0.54%, 1, 0, 4, 1445.82
1775267950, 1814, 147, 366, 0, 0, 0.54%, 1, 0, 4, 1554.22
1775267955, 1814, 203, 366, 0, 0, 0.54%, 1, 0, 4, 1538.41
1775267961, 1814, 275, 366, 0, 0, 0.54%, 1, 0, 4, 1523.54
1775267966, 1815, 1, 366, 0, 0, 0.54%, 1, 0, 4, 1287.68
1775267971, 1815, 38, 366, 0, 0, 0.54%, 1, 0, 4, 1651.00
1775267976, 1815, 79, 366, 0, 0, 0.54%, 1, 0, 4, 1488.95
1775267981, 1815, 177, 366, 0, 0, 0.54%, 1, 0, 4, 1514.88
1775267986, 1815, 261, 366, 0, 0, 0.54%, 1, 0, 4, 1377.47
1775267991, 1815, 299, 366, 0, 0, 0.54%, 1, 0, 4, 1376.59
1775267996, 1816, 25, 366, 0, 0, 0.54%, 1, 0, 4, 1262.46
1775268001, 1816, 63, 366, 0, 0, 0.54%, 1, 0, 4, 1463.27
1775268006, 1816, 148, 366, 0, 0, 0.54%, 1, 0, 4, 1520.88
1775268012, 1816, 235, 366, 0, 0, 0.54%, 1, 0, 4, 1485.56
1775268017, 1816, 275, 366, 0, 0, 0.54%, 1, 0, 4, 1506.65
1775268022, 1816, 360, 366, 0, 0, 0.54%, 1, 0, 4, 1280.54
1775268027, 1817, 29, 366, 0, 0, 0.54%, 1, 0, 4, 1529.29
1775268032, 1817, 58, 366, 0, 0, 0.54%, 1, 0, 4, 1421.82
1775268037, 1817, 101, 366, 0, 0, 0.54%, 1, 0, 4, 1514.80
1775268042, 1817, 166, 366, 0, 0, 0.54%, 1, 0, 4, 1520.44
1775268047, 1817, 265, 366, 0, 0, 0.54%, 1, 0, 4, 1355.13
1775268052, 1817, 322, 366, 0, 0, 0.54%, 1, 0, 4, 1290.09
1775268057, 1818, 29, 366, 0, 0, 0.54%, 1, 0, 4, 1379.72
1775268062, 1818, 64, 366, 0, 0, 0.54%, 1, 0, 4, 1444.02
1775268068, 1818, 106, 366, 0, 0, 0.54%, 1, 0, 4, 1368.43
1775268073, 1818, 134, 366, 0, 0, 0.54%, 1, 0, 4, 1347.13
1775268078, 1818, 198, 366, 0, 0, 0.54%, 1, 0, 4, 1396.41
1775268083, 1818, 275, 366, 0, 0, 0.54%, 1, 0, 4, 1440.64
1775268088, 1819, 29, 366, 0, 0, 0.54%, 1, 0, 4, 1512.02
1775268093, 1819, 58, 366, 0, 0, 0.54%, 1, 0, 4, 1310.20
1775268098, 1819, 108, 366, 0, 0, 0.54%, 1, 0, 4, 1470.14
1775268103, 1819, 187, 366, 0, 0, 0.54%, 1, 0, 4, 1378.71
1775268108, 1819, 260, 366, 0, 0, 0.54%, 1, 0, 4, 1389.74
1775268113, 1819, 311, 366, 0, 0, 0.54%, 1, 0, 4, 1330.03
1775268119, 1820, 9, 366, 0, 0, 0.54%, 1, 0, 4, 1321.71
1775268124, 1820, 33, 366, 0, 0, 0.54%, 1, 0, 4, 1426.36
1775268129, 1820, 70, 366, 0, 0, 0.54%, 1, 0, 4, 1481.48
1775268134, 1820, 165, 366, 0, 0, 0.54%, 1, 0, 4, 1406.90
1775268139, 1820, 275, 366, 0, 0, 0.54%, 1, 0, 4, 1446.68
1775268144, 1821, 29, 366, 0, 0, 0.54%, 1, 0, 4, 1416.60
1775268149, 1821, 80, 366, 0, 0, 0.54%, 1, 0, 4, 1553.81
1775268154, 1821, 162, 366, 0, 0, 0.54%, 1, 0, 4, 1427.60
1775268159, 1821, 237, 366, 0, 0, 0.54%, 1, 0, 4, 1198.27
1775268165, 1821, 324, 366, 0, 0, 0.54%, 1, 0, 4, 1366.38
1775268170, 1822, 37, 366, 0, 0, 0.54%, 1, 0, 4, 1385.73
1775268175, 1822, 64, 366, 0, 0, 0.54%, 1, 0, 4, 1406.63
1775268180, 1822, 146, 366, 0, 0, 0.54%, 1, 0, 4, 1362.72
1775268185, 1822, 246, 366, 0, 0, 0.54%, 1, 0, 4, 1417.26
1775268190, 1822, 273, 366, 0, 0, 0.54%, 1, 0, 4, 1390.14
1775268195, 1823, 28, 366, 0, 0, 0.54%, 1, 0, 4, 1457.96
1775268200, 1823, 63, 366, 0, 0, 0.54%, 1, 0, 4, 1449.38
1775268205, 1823, 124, 366, 0, 0, 0.54%, 1, 0, 4, 1476.46
1775268211, 1823, 202, 366, 0, 0, 0.54%, 1, 0, 4, 1482.30
1775268216, 1823, 265, 366, 0, 0, 0.54%, 1, 0, 4, 1320.63
1775268221, 1823, 317, 366, 0, 0, 0.54%, 1, 0, 4, 1291.57
1775268226, 1824, 31, 366, 0, 0, 0.54%, 1, 0, 4, 1327.10
1775268231, 1824, 64, 366, 0, 0, 0.54%, 1, 0, 4, 1406.49
1775268236, 1824, 104, 366, 0, 0, 0.54%, 1, 0, 4, 1388.95
1775268241, 1824, 223, 366, 0, 0, 0.54%, 1, 0, 4, 1349.26
1775268246, 1824, 274, 366, 0, 0, 0.54%, 1, 0, 4, 1451.34
1775268251, 1825, 9, 366, 0, 0, 0.54%, 1, 0, 4, 1311.10
1775268256, 1825, 33, 366, 0, 0, 0.54%, 1, 0, 4, 1448.74
1775268261, 1825, 96, 366, 0, 0, 0.54%, 1, 0, 4, 1503.53
1775268266, 1825, 133, 366, 0, 0, 0.54%, 1, 0, 4, 1472.67
1775268271, 1825, 256, 366, 0, 0, 0.54%, 1, 0, 4, 1418.02
1775268276, 1825, 336, 366, 0, 0, 0.54%, 1, 0, 4, 1338.55
1775268282, 1826, 9, 366, 0, 0, 0.54%, 1, 0, 4, 1634.79
1775268287, 1826, 31, 366, 0, 0, 0.54%, 1, 0, 4, 1535.50
1775268292, 1826, 63, 366, 0, 0, 0.54%, 1, 0, 4, 1470.08
1775268297, 1826, 108, 366, 0, 0, 0.54%, 1, 0, 4, 1335.83
1775268302, 1826, 183, 366, 0, 0, 0.54%, 1, 0, 4, 1405.36
1775268307, 1826, 322, 366, 0, 0, 0.54%, 1, 0, 4, 1433.20
1775268312, 1827, 21, 366, 0, 0, 0.54%, 1, 0, 4, 1353.46
1775268317, 1827, 63, 366, 0, 0, 0.54%, 1, 0, 4, 1484.45
1775268322, 1827, 103, 366, 0, 0, 0.54%, 1, 0, 4, 1407.05
1775268327, 1827, 188, 366, 0, 0, 0.54%, 1, 0, 4, 1474.74
1775268333, 1827, 274, 366, 0, 0, 0.54%, 1, 0, 4, 1422.48
1775268338, 1828, 29, 366, 0, 0, 0.54%, 1, 0, 4, 1392.71
1775268343, 1828, 64, 366, 0, 0, 0.54%, 1, 0, 4, 1516.16
1775268348, 1828, 107, 366, 0, 0, 0.54%, 1, 0, 4, 1510.25
1775268353, 1828, 168, 366, 0, 0, 0.54%, 1, 0, 4, 1434.83
1775268358, 1828, 265, 366, 0, 0, 0.54%, 1, 0, 4, 1347.72
1775268363, 1828, 318, 366, 0, 0, 0.54%, 1, 0, 4, 1313.35
1775268368, 1829, 13, 366, 0, 0, 0.54%, 1, 0, 4, 1379.25
1775268373, 1829, 44, 366, 0, 0, 0.54%, 1, 0, 4, 536.79
1775268378, 1829, 101, 366, 0, 0, 0.54%, 1, 0, 4, 1279.11
1775268383, 1829, 124, 366, 0, 0, 0.54%, 1, 0, 4, 1447.09
1775268389, 1829, 199, 366, 0, 0, 0.54%, 1, 0, 4, 1292.33
1775268394, 1829, 265, 366, 0, 0, 0.54%, 1, 0, 4, 1396.75
1775268399, 1829, 278, 366, 0, 0, 0.54%, 1, 0, 4, 1290.33
1775268404, 1830, 29, 366, 0, 0, 0.54%, 1, 0, 4, 1417.42
1775268409, 1830, 63, 366, 0, 0, 0.54%, 1, 0, 4, 1467.78
1775268414, 1830, 149, 366, 0, 0, 0.54%, 1, 0, 4, 1413.15
1775268419, 1830, 254, 366, 0, 0, 0.54%, 1, 0, 4, 1489.28
1775268425, 1830, 322, 366, 0, 0, 0.54%, 1, 0, 4, 1366.74
1775268430, 1831, 29, 366, 0, 0, 0.54%, 1, 0, 4, 1386.82
1775268435, 1831, 58, 366, 0, 0, 0.54%, 1, 0, 4, 1377.77
1775268440, 1831, 110, 366, 0, 0, 0.54%, 1, 0, 4, 1354.76
1775268445, 1831, 179, 366, 0, 0, 0.54%, 1, 0, 4, 1255.66
1775268450, 1831, 274, 366, 0, 0, 0.54%, 1, 0, 4, 1382.61
1775268455, 1832, 8, 366, 0, 0, 0.54%, 1, 0, 4, 1403.88
1775268460, 1832, 39, 366, 0, 0, 0.54%, 1, 0, 4, 1479.73
1775268465, 1832, 101, 366, 0, 0, 0.54%, 1, 0, 4, 1429.75
1775268471, 1832, 188, 366, 0, 0, 0.54%, 1, 0, 4, 1343.10
1775268476, 1832, 274, 366, 0, 0, 0.54%, 1, 0, 4, 1397.19
1775268481, 1833, 9, 366, 0, 0, 0.54%, 1, 0, 4, 1293.42
1775268486, 1833, 64, 366, 0, 0, 0.54%, 1, 0, 4, 1366.51
1775268491, 1833, 103, 366, 0, 0, 0.54%, 1, 0, 4, 1357.14
1775268496, 1833, 235, 366, 0, 0, 0.54%, 1, 0, 4, 1417.82
1775268501, 1833, 275, 366, 0, 0, 0.54%, 1, 0, 4, 1443.10
1775268506, 1834, 9, 366, 0, 0, 0.54%, 1, 0, 4, 1288.25
1775268511, 1834, 39, 366, 0, 0, 0.54%, 1, 0, 4, 1427.70
1775268516, 1834, 89, 366, 0, 0, 0.54%, 1, 0, 4, 1399.09
1775268521, 1834, 117, 366, 0, 0, 0.54%, 1, 0, 4, 1392.49
1775268526, 1834, 274, 367, 1, 0, 0.54%, 1, 0, 4, 1415.39
1775268532, 1835, 1, 367, 1, 0, 0.54%, 1, 0, 4, 1333.19
1775268537, 1835, 58, 367, 1, 0, 0.54%, 1, 0, 4, 1534.61
1775268542, 1835, 108, 367, 1, 0, 0.54%, 1, 0, 4, 1441.74
1775268547, 1835, 168, 367, 1, 0, 0.54%, 1, 0, 4, 1469.56
1775268552, 1835, 265, 367, 1, 0, 0.54%, 1, 0, 4, 1382.58
1775268558, 1835, 366, 367, 1, 0, 0.54%, 1, 0, 4, 1100.00
1775268563, 1836, 29, 367, 0, 0, 0.54%, 1, 0, 4, 1198.40
1775268568, 1836, 47, 367, 0, 0, 0.54%, 1, 0, 4, 1287.62
1775268573, 1836, 89, 367, 0, 0, 0.54%, 1, 0, 4, 1338.83
1775268578, 1836, 110, 367, 0, 0, 0.54%, 1, 0, 4, 1388.10
1775268583, 1836, 229, 367, 0, 0, 0.54%, 1, 0, 4, 1317.93
1775268588, 1836, 322, 367, 0, 0, 0.54%, 1, 0, 4, 1334.35
1775268593, 1837, 33, 367, 0, 0, 0.54%, 1, 0, 4, 1396.06
1775268598, 1837, 108, 367, 0, 0, 0.54%, 1, 0, 4, 1454.34
1775268604, 1837, 224, 367, 0, 0, 0.54%, 1, 0, 4, 1350.73
1775268609, 1837, 265, 367, 0, 0, 0.54%, 1, 0, 4, 1481.89
1775268614, 1837, 325, 367, 0, 0, 0.54%, 1, 0, 4, 1359.96
1775268619, 1838, 31, 367, 0, 0, 0.54%, 1, 0, 4, 1349.00
1775268624, 1838, 89, 367, 0, 0, 0.54%, 1, 0, 4, 1381.11
1775268629, 1838, 156, 367, 0, 0, 0.54%, 1, 0, 4, 1341.75
1775268634, 1838, 227, 367, 0, 0, 0.54%, 1, 0, 4, 1341.71
1775268639, 1838, 322, 367, 0, 0, 0.54%, 1, 0, 4, 1362.22
1775268644, 1839, 33, 367, 0, 0, 0.54%, 1, 0, 4, 1369.27
1775268649, 1839, 101, 367, 0, 0, 0.54%, 1, 0, 4, 1391.75
1775268654, 1839, 188, 367, 0, 0, 0.54%, 1, 0, 4, 1314.12
1775268659, 1839, 275, 367, 0, 0, 0.54%, 1, 0, 4, 1438.42
1775268664, 1839, 365, 367, 0, 0, 0.54%, 1, 0, 4, 1332.69
1775268670, 1840, 31, 367, 0, 0, 0.54%, 1, 0, 4, 1438.36
1775268675, 1840, 64, 367, 0, 0, 0.54%, 1, 0, 4, 1442.98
1775268680, 1840, 108, 367, 0, 0, 0.54%, 1, 0, 4, 1405.08
1775268685, 1840, 240, 367, 0, 0, 0.54%, 1, 0, 4, 1453.94
1775268690, 1840, 287, 367, 0, 0, 0.54%, 1, 0, 4, 1430.41
1775268695, 1841, 14, 367, 0, 0, 0.54%, 1, 0, 4, 1344.00
1775268700, 1841, 63, 367, 0, 0, 0.54%, 1, 0, 4, 1503.51
1775268705, 1841, 115, 367, 0, 0, 0.54%, 1, 0, 4, 1333.46
1775268710, 1841, 237, 367, 0, 0, 0.54%, 1, 0, 4, 1405.71
1775268715, 1841, 275, 367, 0, 0, 0.54%, 1, 0, 4, 1414.35
1775268720, 1842, 1, 367, 0, 0, 0.54%, 1, 0, 4, 1233.20
1775268725, 1842, 58, 367, 0, 0, 0.54%, 1, 0, 4, 1433.26
1775268731, 1842, 101, 367, 0, 0, 0.54%, 1, 0, 4, 1432.48
1775268736, 1842, 208, 367, 0, 0, 0.54%, 1, 0, 4, 1455.11
1775268741, 1842, 274, 367, 0, 0, 0.54%, 1, 0, 4, 1453.76
1775268746, 1842, 331, 367, 0, 0, 0.54%, 1, 0, 4, 1253.68
1775268751, 1843, 29, 367, 0, 0, 0.54%, 1, 0, 4, 1412.09
1775268756, 1843, 63, 367, 0, 0, 0.54%, 1, 0, 4, 1292.06
1775268761, 1843, 101, 367, 0, 0, 0.54%, 1, 0, 4, 1306.27
1775268766, 1843, 146, 367, 0, 0, 0.54%, 1, 0, 4, 1312.80
1775268771, 1843, 187, 367, 0, 0, 0.54%, 1, 0, 4, 1198.24
1775268776, 1843, 261, 367, 0, 0, 0.54%, 1, 0, 4, 1355.69
1775268781, 1843, 322, 367, 0, 0, 0.54%, 1, 0, 4, 1389.75
1775268787, 1844, 33, 367, 0, 0, 0.54%, 1, 0, 4, 1445.30
1775268792, 1844, 103, 367, 0, 0, 0.54%, 1, 0, 4, 1414.45
1775268797, 1844, 261, 367, 0, 0, 0.54%, 1, 0, 4, 1436.32
1775268802, 1844, 350, 367, 0, 0, 0.54%, 1, 0, 4, 1307.91
1775268807, 1845, 33, 367, 0, 0, 0.54%, 1, 0, 4, 1391.88
1775268812, 1845, 101, 367, 0, 0, 0.54%, 1, 0, 4, 1412.57
1775268817, 1845, 141, 367, 0, 0, 0.54%, 1, 0, 4, 1379.67
1775268822, 1845, 261, 367, 0, 0, 0.54%, 1, 0, 4, 1391.36
1775268828, 1846, 9, 367, 0, 0, 0.54%, 1, 0, 4, 1464.67
1775268833, 1846, 61, 367, 0, 0, 0.54%, 1, 0, 4, 1342.21
1775268838, 1846, 97, 367, 0, 0, 0.54%, 1, 0, 4, 1387.30
1775268843, 1846, 224, 367, 0, 0, 0.54%, 1, 0, 4, 1342.84
1775268848, 1846, 274, 367, 0, 0, 0.54%, 1, 0, 4, 1416.57
1775268853, 1847, 9, 367, 0, 0, 0.54%, 1, 0, 4, 1258.63
1775268858, 1847, 45, 367, 0, 0, 0.54%, 1, 0, 4, 1345.45
1775268863, 1847, 89, 367, 0, 0, 0.54%, 1, 0, 4, 1470.93
1775268868, 1847, 115, 367, 0, 0, 0.54%, 1, 0, 4, 1294.03
1775268873, 1847, 257, 367, 0, 0, 0.54%, 1, 0, 4, 1432.89
1775268878, 1847, 276, 367, 0, 0, 0.54%, 1, 0, 4, 1418.63
1775268883, 1848, 26, 367, 0, 0, 0.54%, 1, 0, 4, 1418.66
1775268889, 1848, 62, 367, 0, 0, 0.54%, 1, 0, 4, 1483.70
1775268894, 1848, 103, 367, 0, 0, 0.54%, 1, 0, 4, 1304.61
1775268899, 1848, 175, 367, 0, 0, 0.54%, 1, 0, 4, 1367.57
1775268904, 1848, 274, 367, 0, 0, 0.54%, 1, 0, 4, 1489.08
1775268909, 1848, 331, 367, 0, 0, 0.54%, 1, 0, 4, 1269.82
1775268914, 1849, 31, 367, 0, 0, 0.54%, 1, 0, 4, 1272.10
1775268919, 1849, 84, 367, 0, 0, 0.54%, 1, 0, 4, 1485.52
1775268924, 1849, 140, 367, 0, 0, 0.54%, 1, 0, 4, 1548.61
1775268929, 1849, 265, 367, 0, 0, 0.54%, 1, 0, 4, 1481.46
1775268934, 1849, 293, 367, 0, 0, 0.54%, 1, 0, 4, 1344.81
1775268939, 1850, 4, 367, 0, 0, 0.54%, 1, 0, 4, 1275.55
1775268945, 1850, 33, 367, 0, 0, 0.54%, 1, 0, 4, 1352.80
1775268950, 1850, 89, 367, 0, 0, 0.54%, 1, 0, 4, 1418.30
1775268955, 1850, 125, 367, 0, 0, 0.54%, 1, 0, 4, 1289.13
1775268960, 1850, 265, 367, 0, 0, 0.54%, 1, 0, 4, 1419.17
1775268965, 1850, 276, 367, 0, 0, 0.54%, 1, 0, 4, 1418.19
1775268970, 1851, 29, 367, 0, 0, 0.54%, 1, 0, 4, 1266.48
1775268975, 1851, 89, 367, 0, 0, 0.54%, 1, 0, 4, 1428.09
1775268980, 1851, 151, 367, 0, 0, 0.54%, 1, 0, 4, 1522.14
1775268985, 1851, 275, 367, 0, 0, 0.54%, 1, 0, 4, 1441.55
1775268990, 1852, 29, 367, 0, 0, 0.54%, 1, 0, 4, 1377.73
1775268995, 1852, 74, 367, 0, 0, 0.54%, 1, 0, 4, 1414.64
1775269000, 1852, 108, 367, 0, 0, 0.54%, 1, 0, 4, 1441.90
1775269006, 1852, 265, 367, 0, 0, 0.54%, 1, 0, 4, 1394.01
1775269011, 1852, 322, 367, 0, 0, 0.54%, 1, 0, 4, 1325.47
1775269016, 1853, 31, 367, 0, 0, 0.54%, 1, 0, 4, 1401.15
1775269021, 1853, 89, 367, 0, 0, 0.54%, 1, 0, 4, 1475.51
1775269026, 1853, 148, 367, 0, 0, 0.54%, 1, 0, 4, 1426.62
1775269031, 1853, 274, 367, 0, 0, 0.54%, 1, 0, 4, 1387.95
1775269036, 1853, 346, 367, 0, 0, 0.54%, 1, 0, 4, 1185.06
1775269041, 1854, 31, 367, 0, 0, 0.54%, 1, 0, 4, 1354.51
1775269046, 1854, 88, 367, 0, 0, 0.54%, 1, 0, 4, 1461.22
1775269051, 1854, 253, 367, 0, 0, 0.54%, 1, 0, 4, 1406.09
1775269057, 1854, 276, 367, 0, 0, 0.54%, 1, 0, 4, 1384.97
1775269062, 1855, 33, 367, 0, 0, 0.54%, 1, 0, 4, 1312.87
1775269067, 1855, 103, 367, 0, 0, 0.54%, 1, 0, 4, 1334.97
1775269072, 1855, 219, 367, 0, 0, 0.54%, 1, 0, 4, 1424.31
1775269077, 1855, 275, 367, 0, 0, 0.54%, 1, 0, 4, 1487.39
1775269082, 1855, 352, 367, 0, 0, 0.54%, 1, 0, 4, 1172.42
1775269087, 1856, 20, 367, 0, 0, 0.54%, 1, 0, 4, 1389.45
1775269092, 1856, 38, 367, 0, 0, 0.54%, 1, 0, 4, 1468.94
1775269098, 1856, 113, 367, 0, 0, 0.54%, 1, 0, 4, 1527.75
1775269103, 1856, 186, 367, 0, 0, 0.54%, 1, 0, 4, 1253.37
1775269108, 1856, 274, 367, 0, 0, 0.54%, 1, 0, 4, 1353.92
1775269113, 1857, 15, 367, 0, 0, 0.54%, 1, 0, 4, 1399.25
1775269118, 1857, 63, 367, 0, 0, 0.54%, 1, 0, 4, 1546.27
1775269123, 1857, 101, 367, 0, 0, 0.54%, 1, 0, 4, 1470.28
1775269128, 1857, 241, 367, 0, 0, 0.54%, 1, 0, 4, 1394.76
1775269133, 1857, 274, 367, 0, 0, 0.54%, 1, 0, 4, 1412.23
1775269138, 1858, 9, 367, 0, 0, 0.54%, 1, 0, 4, 1246.16
1775269144, 1858, 55, 367, 0, 0, 0.54%, 1, 0, 4, 1485.77
1775269149, 1858, 89, 367, 0, 0, 0.54%, 1, 0, 4, 1436.00
1775269154, 1858, 214, 367, 0, 0, 0.54%, 1, 0, 4, 1393.73
1775269159, 1858, 274, 367, 0, 0, 0.54%, 1, 0, 4, 1461.63
1775269164, 1858, 364, 367, 0, 0, 0.54%, 1, 0, 4, 1458.58
1775269169, 1859, 29, 367, 0, 0, 0.54%, 1, 0, 4, 1554.18
1775269174, 1859, 50, 367, 0, 0, 0.54%, 1, 0, 4, 1477.53
1775269179, 1859, 89, 367, 0, 0, 0.54%, 1, 0, 4, 1506.54
1775269184, 1859, 143, 367, 0, 0, 0.54%, 1, 0, 4, 1318.76
1775269189, 1859, 265, 367, 0, 0, 0.54%, 1, 0, 4, 1470.08
1775269194, 1859, 285, 367, 0, 0, 0.54%, 1, 0, 4, 1347.93
1775269199, 1860, 1, 367, 0, 0, 0.54%, 1, 0, 4, 1282.19
1775269204, 1860, 37, 367, 0, 0, 0.54%, 1, 0, 4, 1499.42
1775269209, 1860, 97, 367, 0, 0, 0.54%, 1, 0, 4, 1496.10
1775269214, 1860, 132, 367, 0, 0, 0.54%, 1, 0, 4, 1422.42
1775269220, 1860, 200, 367, 0, 0, 0.54%, 1, 0, 4, 1374.09
1775269225, 1860, 274, 367, 0, 0, 0.54%, 1, 0, 4, 1397.01
1775269230, 1860, 358, 367, 0, 0, 0.54%, 1, 0, 4, 1291.25
1775269235, 1861, 31, 367, 0, 0, 0.54%, 1, 0, 4, 1475.87
1775269240, 1861, 89, 367, 0, 0, 0.54%, 1, 0, 4, 1484.68
1775269245, 1861, 210, 367, 0, 0, 0.54%, 1, 0, 4, 1395.58
1775269250, 1861, 276, 367, 0, 0, 0.54%, 1, 0, 4, 1395.19
1775269255, 1862, 9, 367, 0, 0, 0.54%, 1, 0, 4, 1283.59
1775269260, 1862, 63, 367, 0, 0, 0.54%, 1, 0, 4, 1494.54
1775269265, 1862, 103, 367, 0, 0, 0.54%, 1, 0, 4, 1472.03
1775269270, 1862, 204, 367, 0, 0, 0.54%, 1, 0, 4, 1444.70
1775269275, 1862, 261, 367, 0, 0, 0.54%, 1, 0, 4, 1387.57
1775269280, 1862, 322, 367, 0, 0, 0.54%, 1, 0, 4, 1314.08
1775269286, 1863, 29, 367, 0, 0, 0.54%, 1, 0, 4, 1379.32
1775269291, 1863, 86, 367, 0, 0, 0.54%, 1, 0, 4, 1471.87
1775269296, 1863, 175, 367, 0, 0, 0.54%, 1, 0, 4, 1469.31
1775269301, 1863, 276, 367, 0, 0, 0.54%, 1, 0, 4, 1492.77
1775269306, 1864, 29, 367, 0, 0, 0.54%, 1, 0, 4, 1345.00
1775269311, 1864, 63, 367, 0, 0, 0.54%, 1, 0, 4, 1466.33
1775269316, 1864, 108, 367, 0, 0, 0.54%, 1, 0, 4, 1402.53
1775269321, 1864, 261, 367, 0, 0, 0.54%, 1, 0, 4, 1382.69
1775269327, 1864, 292, 367, 0, 0, 0.54%, 1, 0, 4, 1344.87
1775269332, 1865, 29, 367, 0, 0, 0.54%, 1, 0, 4, 1364.23
1775269337, 1865, 58, 367, 0, 0, 0.54%, 1, 0, 4, 1425.24
1775269342, 1865, 91, 367, 0, 0, 0.54%, 1, 0, 4, 1386.65
1775269347, 1865, 143, 367, 0, 0, 0.54%, 1, 0, 4, 1432.37
1775269352, 1865, 265, 367, 0, 0, 0.54%, 1, 0, 4, 1480.24
1775269357, 1865, 286, 367, 0, 0, 0.54%, 1, 0, 4, 1336.17
1775269362, 1866, 1, 367, 0, 0, 0.54%, 1, 0, 4, 1286.25
1775269367, 1866, 54, 367, 0, 0, 0.54%, 1, 0, 4, 1385.48
1775269372, 1866, 108, 367, 0, 0, 0.54%, 1, 0, 4, 1460.55
1775269377, 1866, 265, 367, 0, 0, 0.54%, 1, 0, 4, 1445.87
1775269382, 1867, 9, 367, 0, 0, 0.54%, 1, 0, 4, 1396.80
1775269387, 1867, 45, 367, 0, 0, 0.54%, 1, 0, 4, 1432.37
1775269393, 1867, 89, 367, 0, 0, 0.54%, 1, 0, 4, 1523.18
1775269398, 1867, 162, 367, 0, 0, 0.54%, 1, 0, 4, 1567.66
1775269403, 1867, 242, 367, 0, 0, 0.54%, 1, 0, 4, 1498.85
1775269408, 1867, 278, 367, 0, 0, 0.54%, 1, 0, 4, 1386.82
1775269413, 1868, 9, 367, 0, 0, 0.54%, 1, 0, 4, 1361.95
1775269418, 1868, 31, 367, 0, 0, 0.54%, 1, 0, 4, 1372.31
1775269423, 1868, 95, 367, 0, 0, 0.54%, 1, 0, 4, 1470.23
1775269428, 1868, 169, 367, 0, 0, 0.54%, 1, 0, 4, 1359.09
1775269433, 1868, 274, 367, 0, 0, 0.54%, 1, 0, 4, 1560.49
1775269439, 1868, 366, 367, 0, 0, 0.54%, 1, 0, 4, 1234.17
1775269444, 1869, 33, 367, 0, 0, 0.54%, 1, 0, 4, 1339.06
1775269449, 1869, 92, 367, 0, 0, 0.54%, 1, 0, 4, 1477.91
1775269454, 1869, 108, 367, 0, 0, 0.54%, 1, 0, 4, 1400.63
1775269459, 1869, 213, 367, 0, 0, 0.54%, 1, 0, 4, 1392.91
1775269464, 1869, 275, 367, 0, 0, 0.54%, 1, 0, 4, 1500.00
1775269469, 1870, 10, 367, 0, 0, 0.54%, 1, 0, 4, 1389.30
1775269474, 1870, 44, 367, 0, 0, 0.54%, 1, 0, 4, 1455.68
1775269479, 1870, 76, 367, 0, 0, 0.54%, 1, 0, 4, 1551.93
1775269484, 1870, 108, 367, 0, 0, 0.54%, 1, 0, 4, 1508.53
1775269489, 1870, 246, 367, 0, 0, 0.54%, 1, 0, 4, 1458.02
1775269495, 1870, 292, 367, 0, 0, 0.54%, 1, 0, 4, 1402.59
1775269500, 1871, 29, 367, 0, 0, 0.54%, 1, 0, 4, 1398.25
1775269505, 1871, 73, 367, 0, 0, 0.54%, 1, 0, 4, 1465.29
1775269510, 1871, 139, 367, 0, 0, 0.54%, 1, 0, 4, 1540.19
1775269515, 1871, 232, 367, 0, 0, 0.54%, 1, 0, 4, 1437.18
1775269520, 1871, 265, 367, 0, 0, 0.54%, 1, 0, 4, 1313.35
1775269525, 1872, 1, 367, 0, 0, 0.54%, 1, 0, 4, 1317.72
1775269530, 1872, 29, 367, 0, 0, 0.54%, 1, 0, 4, 1374.50
1775269535, 1872, 63, 367, 0, 0, 0.54%, 1, 0, 4, 1516.24
1775269541, 1872, 103, 367, 0, 0, 0.54%, 1, 0, 4, 1375.62
1775269546, 1872, 156, 367, 0, 0, 0.54%, 1, 0, 4, 1442.52
1775269551, 1872, 265, 367, 0, 0, 0.54%, 1, 0, 4, 1124.38
1775269556, 1872, 317, 367, 0, 0, 0.54%, 1, 0, 4, 1338.77
1775269561, 1873, 31, 367, 0, 0, 0.54%, 1, 0, 4, 1406.70
1775269566, 1873, 101, 367, 0, 0, 0.54%, 1, 0, 4, 1488.67
1775269571, 1873, 200, 367, 0, 0, 0.54%, 1, 0, 4, 1476.93
1775269576, 1873, 249, 367, 0, 0, 0.54%, 1, 0, 4, 1376.59
1775269581, 1873, 296, 367, 0, 0, 0.54%, 1, 0, 4, 1341.60
1775269587, 1874, 29, 367, 0, 0, 0.54%, 1, 0, 4, 1233.76
1775269592, 1874, 60, 367, 0, 0, 0.54%, 1, 0, 4, 1438.34
1775269597, 1874, 101, 367, 0, 0, 0.54%, 1, 0, 4, 1324.61
1775269602, 1874, 207, 367, 0, 0, 0.54%, 1, 0, 4, 1383.20
1775269607, 1874, 265, 367, 0, 0, 0.54%, 1, 0, 4, 1405.05
1775269612, 1874, 291, 367, 0, 0, 0.54%, 1, 0, 4, 1217.04
1775269617, 1875, 9, 367, 0, 0, 0.54%, 1, 0, 4, 1131.75
1775269622, 1875, 57, 367, 0, 0, 0.54%, 1, 0, 4, 1173.24
1775269628, 1875, 89, 367, 0, 0, 0.54%, 1, 0, 4, 1400.97
1775269633, 1875, 214, 367, 0, 0, 0.54%, 1, 0, 4, 1502.76
1775269638, 1875, 274, 367, 0, 0, 0.54%, 1, 0, 4, 1475.89
1775269643, 1876, 9, 367, 0, 0, 0.54%, 1, 0, 4, 1303.85
1775269648, 1876, 53, 367, 0, 0, 0.54%, 1, 0, 4, 1354.40
1775269653, 1876, 89, 367, 0, 0, 0.54%, 1, 0, 4, 1499.58
1775269658, 1876, 164, 367, 0, 0, 0.54%, 1, 0, 4, 1438.30
1775269663, 1876, 251, 367, 0, 0, 0.54%, 1, 0, 4, 1348.15
1775269669, 1876, 315, 367, 0, 0, 0.54%, 1, 0, 4, 1352.20
1775269674, 1877, 29, 367, 0, 0, 0.54%, 1, 0, 4, 1385.55
1775269679, 1877, 49, 367, 0, 0, 0.54%, 1, 0, 4, 1378.24
1775269684, 1877, 103, 367, 0, 0, 0.54%, 1, 0, 4, 1470.50
1775269689, 1877, 139, 367, 0, 0, 0.54%, 1, 0, 4, 1402.36
1775269694, 1877, 203, 367, 0, 0, 0.54%, 1, 0, 4, 1423.68
1775269699, 1877, 265, 367, 0, 0, 0.54%, 1, 0, 4, 1380.03
1775269704, 1877, 363, 367, 0, 0, 0.54%, 1, 0, 4, 1151.45
1775269709, 1878, 33, 367, 0, 0, 0.54%, 1, 0, 4, 1390.73
1775269714, 1878, 101, 367, 0, 0, 0.54%, 1, 0, 4, 1476.11
1775269719, 1878, 192, 367, 0, 0, 0.54%, 1, 0, 4, 1526.25
1775269725, 1878, 265, 367, 0, 0, 0.54%, 1, 0, 4, 1465.14
1775269730, 1879, 9, 367, 0, 0, 0.54%, 1, 0, 4, 1284.56
1775269735, 1879, 52, 367, 0, 0, 0.54%, 1, 0, 4, 1424.37
1775269740, 1879, 108, 367, 0, 0, 0.54%, 1, 0, 4, 1484.03
1775269745, 1879, 159, 367, 0, 0, 0.54%, 1, 0, 4, 1446.31
1775269750, 1879, 274, 367, 0, 0, 0.54%, 1, 0, 4, 1525.42
1775269755, 1880, 20, 367, 0, 0, 0.54%, 1, 0, 4, 1483.07
1775269760, 1880, 58, 367, 0, 0, 0.54%, 1, 0, 4, 1534.83
1775269765, 1880, 94, 367, 0, 0, 0.54%, 1, 0, 4, 1451.25
1775269770, 1880, 251, 367, 0, 0, 0.54%, 1, 0, 4, 1337.55
1775269776, 1880, 279, 367, 0, 0, 0.54%, 1, 0, 4, 1389.80
1775269781, 1881, 29, 367, 0, 0, 0.54%, 1, 0, 4, 1426.88
1775269786, 1881, 71, 367, 0, 0, 0.54%, 1, 0, 4, 1550.27
1775269791, 1881, 105, 367, 0, 0, 0.54%, 1, 0, 4, 1468.82
1775269796, 1881, 166, 367, 0, 0, 0.54%, 1, 0, 4, 1408.72
1775269801, 1881, 215, 367, 0, 0, 0.54%, 1, 0, 4, 1318.59
1775269806, 1881, 275, 367, 0, 0, 0.54%, 1, 0, 4, 1478.62
1775269811, 1882, 9, 367, 0, 0, 0.54%, 1, 0, 4, 1395.54
1775269816, 1882, 51, 367, 0, 0, 0.54%, 1, 0, 4, 1450.86
1775269822, 1882, 108, 367, 0, 0, 0.54%, 1, 0, 4, 1473.75
1775269827, 1882, 265, 367, 0, 0, 0.54%, 1, 0, 4, 1483.82
1775269832, 1882, 322, 367, 0, 0, 0.54%, 1, 0, 4, 1353.38
1775269837, 1883, 28, 367, 0, 0, 0.54%, 1, 0, 4, 1317.27
1775269842, 1883, 63, 367, 0, 0, 0.54%, 1, 0, 4, 1477.80
1775269847, 1883, 120, 367, 0, 0, 0.54%, 1, 0, 4, 1505.74
1775269852, 1883, 274, 367, 0, 0, 0.54%, 1, 0, 4, 1457.30
1775269857, 1884, 2, 367, 0, 0, 0.54%, 1, 0, 4, 1285.43
1775269862, 1884, 58, 367, 0, 0, 0.54%, 1, 0, 4, 1480.13
1775269867, 1884, 108, 367, 0, 0, 0.54%, 1, 0, 4, 1309.02
1775269873, 1884, 214, 367, 0, 0, 0.54%, 1, 0, 4, 1343.37
1775269878, 1884, 274, 367, 0, 0, 0.54%, 1, 0, 4, 1446.38
1775269883, 1885, 2, 367, 0, 0, 0.54%, 1, 0, 4, 1378.38
1775269888, 1885, 29, 367, 0, 0, 0.54%, 1, 0, 4, 1442.24
1775269893, 1885, 101, 367, 0, 0, 0.54%, 1, 0, 4, 1449.16
1775269898, 1885, 139, 367, 0, 0, 0.54%, 1, 0, 4, 1488.89
1775269903, 1885, 275, 367, 0, 0, 0.54%, 1, 0, 4, 1460.29
1775269908, 1885, 357, 367, 0, 0, 0.54%, 1, 0, 4, 1149.11
1775269913, 1886, 33, 367, 0, 0, 0.54%, 1, 0, 4, 1478.35
1775269918, 1886, 89, 367, 0, 0, 0.54%, 1, 0, 4, 1477.56
1775269923, 1886, 160, 367, 0, 0, 0.54%, 1, 0, 4, 1272.81
1775269928, 1886, 265, 367, 0, 0, 0.54%, 1, 0, 4, 1403.65
1775269934, 1887, 9, 367, 0, 0, 0.54%, 1, 0, 4, 1312.60
1775269939, 1887, 29, 367, 0, 0, 0.54%, 1, 0, 4, 1350.60
1775269944, 1887, 101, 367, 0, 0, 0.54%, 1, 0, 4, 1551.37
1775269949, 1887, 229, 367, 0, 0, 0.54%, 1, 0, 4, 1537.70
1775269954, 1887, 276, 367, 0, 0, 0.54%, 1, 0, 4, 1414.42
1775269959, 1888, 41, 367, 0, 0, 0.54%, 1, 0, 4, 1365.76
1775269964, 1888, 68, 367, 0, 0, 0.54%, 1, 0, 4, 1406.59
1775269969, 1888, 108, 367, 0, 0, 0.54%, 1, 0, 4, 1399.06
1775269974, 1888, 241, 367, 0, 0, 0.54%, 1, 0, 4, 1499.74
1775269979, 1888, 276, 367, 0, 0, 0.54%, 1, 0, 4, 1483.50
1775269984, 1889, 24, 367, 0, 0, 0.54%, 1, 0, 4, 1376.73
1775269990, 1889, 58, 367, 0, 0, 0.54%, 1, 0, 4, 1379.67
1775269995, 1889, 103, 367, 0, 0, 0.54%, 1, 0, 4, 1253.63
1775270000, 1889, 164, 367, 0, 0, 0.54%, 1, 0, 4, 1290.94
1775270005, 1889, 269, 367, 0, 0, 0.54%, 1, 0, 4, 1405.14
1775270010, 1889, 340, 367, 0, 0, 0.54%, 1, 0, 4, 1264.38
1775270015, 1890, 31, 367, 0, 0, 0.54%, 1, 0, 4, 1384.51
1775270020, 1890, 63, 367, 0, 0, 0.54%, 1, 0, 4, 1472.06
1775270025, 1890, 107, 367, 0, 0, 0.54%, 1, 0, 4, 1506.85
1775270030, 1890, 165, 367, 0, 0, 0.54%, 1, 0, 4, 1462.38
1775270035, 1890, 275, 367, 0, 0, 0.54%, 1, 0, 4, 1446.62
1775270040, 1891, 9, 367, 0, 0, 0.54%, 1, 0, 4, 1423.18
1775270045, 1891, 63, 367, 0, 0, 0.54%, 1, 0, 4, 1483.84
1775270050, 1891, 103, 367, 0, 0, 0.54%, 1, 0, 4, 1547.52
1775270055, 1891, 261, 367, 0, 0, 0.54%, 1, 0, 4, 1556.77
1775270061, 1891, 322, 367, 0, 0, 0.54%, 1, 0, 4, 1407.83
1775270066, 1892, 33, 367, 0, 0, 0.54%, 1, 0, 4, 1541.73
1775270071, 1892, 89, 367, 0, 0, 0.54%, 1, 0, 4, 1517.29
1775270076, 1892, 159, 367, 0, 0, 0.54%, 1, 0, 4, 1375.65
1775270081, 1892, 233, 367, 0, 0, 0.54%, 1, 0, 4, 1504.28
1775270086, 1892, 322, 367, 0, 0, 0.54%, 1, 0, 4, 1376.06
1775270091, 1893, 17, 367, 0, 0, 0.54%, 1, 0, 4, 1450.09
1775270096, 1893, 64, 367, 0, 0, 0.54%, 1, 0, 4, 1490.35
1775270101, 1893, 101, 367, 0, 0, 0.54%, 1, 0, 4, 1532.23
1775270106, 1893, 209, 367, 0, 0, 0.54%, 1, 0, 4, 1561.95
1775270111, 1893, 274, 367, 0, 0, 0.54%, 1, 0, 4, 1471.29
1775270117, 1894, 9, 367, 0, 0, 0.54%, 1, 0, 4, 1443.73
1775270122, 1894, 41, 367, 0, 0, 0.54%, 1, 0, 4, 1511.54
1775270127, 1894, 89, 367, 0, 0, 0.54%, 1, 0, 4, 1432.15
1775270132, 1894, 120, 367, 0, 0, 0.54%, 1, 0, 4, 1455.77
1775270137, 1894, 265, 367, 0, 0, 0.54%, 1, 0, 4, 1438.70
1775270142, 1894, 316, 367, 0, 0, 0.54%, 1, 0, 4, 1370.53
1775270147, 1894, 360, 367, 0, 0, 0.54%, 1, 0, 4, 1403.89
1775270152, 1895, 31, 367, 0, 0, 0.54%, 1, 0, 4, 1374.87
1775270157, 1895, 64, 367, 0, 0, 0.54%, 1, 0, 4, 1417.73
1775270162, 1895, 108, 367, 0, 0, 0.54%, 1, 0, 4, 1394.08
1775270168, 1895, 213, 367, 0, 0, 0.54%, 1, 0, 4, 1373.12
1775270173, 1895, 276, 367, 0, 0, 0.54%, 1, 0, 4, 1374.24
1775270178, 1896, 26, 367, 0, 0, 0.54%, 1, 0, 4, 1434.66
1775270183, 1896, 63, 367, 0, 0, 0.54%, 1, 0, 4, 1560.11
1775270188, 1896, 108, 367, 0, 0, 0.54%, 1, 0, 4, 1489.48
1775270193, 1896, 276, 367, 0, 0, 0.54%, 1, 0, 4, 1423.60
1775270198, 1896, 366, 367, 0, 0, 0.54%, 1, 0, 4, 1295.79
1775270203, 1897, 31, 367, 0, 0, 0.54%, 1, 0, 4, 1379.44
1775270208, 1897, 103, 367, 0, 0, 0.54%, 1, 0, 4, 1405.04
1775270213, 1897, 265, 367, 0, 0, 0.54%, 1, 0, 4, 1422.17
1775270218, 1898, 9, 367, 0, 0, 0.54%, 1, 0, 4, 1313.68
1775270223, 1898, 31, 367, 0, 0, 0.54%, 1, 0, 4, 1271.20
1775270229, 1898, 64, 367, 0, 0, 0.54%, 1, 0, 4, 1508.57
1775270234, 1898, 125, 367, 0, 0, 0.54%, 1, 0, 4, 1421.33
1775270239, 1898, 186, 367, 0, 0, 0.54%, 1, 0, 4, 1287.77
1775270244, 1898, 230, 367, 0, 0, 0.54%, 1, 0, 4, 1368.72
1775270249, 1898, 274, 367, 0, 0, 0.54%, 1, 0, 4, 1504.46
1775270254, 1898, 322, 367, 0, 0, 0.54%, 1, 0, 4, 1276.04
1775270259, 1899, 29, 367, 0, 0, 0.54%, 1, 0, 4, 1289.45
1775270264, 1899, 101, 367, 0, 0, 0.54%, 1, 0, 4, 1411.10
1775270269, 1899, 134, 367, 0, 0, 0.54%, 1, 0, 4, 1332.33
1775270275, 1899, 237, 367, 0, 0, 0.54%, 1, 0, 4, 1413.48
1775270280, 1899, 276, 367, 0, 0, 0.54%, 1, 0, 4, 1382.20
1775270285, 1899, 322, 367, 0, 0, 0.54%, 1, 0, 4, 1373.96
1775270290, 1900, 33, 367, 0, 0, 0.54%, 1, 0, 4, 1498.67
1775270295, 1900, 103, 367, 0, 0, 0.54%, 1, 0, 4, 1465.22
1775270300, 1900, 153, 367, 0, 0, 0.54%, 1, 0, 4, 1484.72
1775270305, 1900, 261, 367, 0, 0, 0.54%, 1, 0, 4, 1374.68
1775270310, 1901, 3, 367, 0, 0, 0.54%, 1, 0, 4, 1417.89
1775270315, 1901, 33, 367, 0, 0, 0.54%, 1, 0, 4, 1449.67
1775270320, 1901, 89, 367, 0, 0, 0.54%, 1, 0, 4, 237.88
1775270325, 1901, 193, 367, 0, 0, 0.54%, 1, 0, 4, 1500.90
1775270330, 1901, 274, 367, 0, 0, 0.54%, 1, 0, 4, 1467.09
1775270335, 1902, 4, 367, 0, 0, 0.54%, 1, 0, 4, 1352.00
1775270341, 1902, 63, 367, 0, 0, 0.54%, 1, 0, 4, 1534.56
1775270346, 1902, 108, 367, 0, 0, 0.54%, 1, 0, 4, 1458.81
1775270351, 1902, 261, 367, 0, 0, 0.54%, 1, 0, 4, 1574.98
1775270356, 1902, 305, 367, 0, 0, 0.54%, 1, 0, 4, 1440.94
1775270361, 1903, 1, 367, 0, 0, 0.54%, 1, 0, 4, 310.22
1775270366, 1903, 33, 367, 0, 0, 0.54%, 1, 0, 4, 1627.60
1775270371, 1903, 108, 367, 0, 0, 0.54%, 1, 0, 4, 1570.67
1775270376, 1903, 199, 367, 0, 0, 0.54%, 1, 0, 4, 1407.49
1775270382, 1903, 267, 367, 0, 0, 0.54%, 1, 0, 4, 1524.55
1775270387, 1903, 337, 367, 0, 0, 0.54%, 1, 0, 4, 1306.22
1775270392, 1904, 19, 367, 0, 0, 0.54%, 1, 0, 4, 1451.46
1775270397, 1904, 56, 367, 0, 0, 0.54%, 1, 0, 4, 1412.02
1775270402, 1904, 95, 367, 0, 0, 0.54%, 1, 0, 4, 1407.37
1775270407, 1904, 136, 367, 0, 0, 0.54%, 1, 0, 4, 1401.33
1775270412, 1904, 265, 367, 0, 0, 0.54%, 1, 0, 4, 1496.49
1775270417, 1904, 286, 367, 0, 0, 0.54%, 1, 0, 4, 1366.82
1775270422, 1905, 14, 367, 0, 0, 0.54%, 1, 0, 4, 1347.04
1775270427, 1905, 44, 367, 0, 0, 0.54%, 1, 0, 4, 1382.17
1775270432, 1905, 89, 367, 0, 0, 0.54%, 1, 0, 4, 1472.00
1775270437, 1905, 142, 367, 0, 0, 0.54%, 1, 0, 4, 1444.28
1775270443, 1905, 262, 367, 0, 0, 0.54%, 1, 0, 4, 1373.33
1775270448, 1905, 322, 367, 0, 0, 0.54%, 1, 0, 4, 1345.71
1775270453, 1906, 31, 367, 0, 0, 0.54%, 1, 0, 4, 1288.59
1775270458, 1906, 51, 367, 0, 0, 0.54%, 1, 0, 4, 1337.24
1775270463, 1906, 89, 367, 0, 0, 0.54%, 1, 0, 4, 1430.63
1775270468, 1906, 116, 367, 0, 0, 0.54%, 1, 0, 4, 1485.13
1775270473, 1906, 193, 367, 0, 0, 0.54%, 1, 0, 4, 1362.30
1775270478, 1906, 261, 367, 0, 0, 0.54%, 1, 0, 4, 1451.32
1775270483, 1906, 286, 367, 0, 0, 0.54%, 1, 0, 4, 1425.46
1775270488, 1907, 29, 367, 0, 0, 0.54%, 1, 0, 4, 1364.86
1775270493, 1907, 53, 367, 0, 0, 0.54%, 1, 0, 4, 1328.78
1775270499, 1907, 95, 367, 0, 0, 0.54%, 1, 0, 4, 1033.84
1775270504, 1907, 112, 367, 0, 0, 0.54%, 1, 0, 4, 1725.07
1775270509, 1907, 267, 367, 0, 0, 0.54%, 1, 0, 4, 1541.95
1775270514, 1908, 2, 367, 0, 0, 0.54%, 1, 0, 4, 1387.72
1775270519, 1908, 33, 367, 0, 0, 0.54%, 1, 0, 4, 1455.07
1775270524, 1908, 101, 367, 0, 0, 0.54%, 1, 0, 4, 1433.39
1775270529, 1908, 265, 367, 0, 0, 0.54%, 1, 0, 4, 1462.50
1775270534, 1908, 322, 367, 0, 0, 0.54%, 1, 0, 4, 1385.47
1775270539, 1909, 31, 367, 0, 0, 0.54%, 1, 0, 4, 1542.02
1775270545, 1909, 58, 367, 0, 0, 0.54%, 1, 0, 4, 1409.14
1775270550, 1909, 103, 367, 0, 0, 0.54%, 1, 0, 4, 1373.17
1775270555, 1909, 239, 367, 0, 0, 0.54%, 1, 0, 4, 1281.62
1775270560, 1909, 277, 367, 0, 0, 0.54%, 1, 0, 4, 1305.39
1775270565, 1910, 33, 367, 0, 0, 0.54%, 1, 0, 4, 1406.97
1775270570, 1910, 91, 367, 0, 0, 0.54%, 1, 0, 4, 1397.60
1775270575, 1910, 138, 367, 0, 0, 0.54%, 1, 0, 4, 1374.67
1775270580, 1910, 210, 367, 0, 0, 0.54%, 1, 0, 4, 1389.89
1775270585, 1910, 265, 367, 0, 0, 0.54%, 1, 0, 4, 1428.62
1775270590, 1911, 1, 367, 0, 0, 0.54%, 1, 0, 4, 1280.75
1775270595, 1911, 43, 367, 0, 0, 0.54%, 1, 0, 4, 333.43
1775270600, 1911, 102, 367, 0, 0, 0.54%, 1, 0, 4, 1249.42
1775270605, 1911, 176, 367, 0, 0, 0.54%, 1, 0, 4, 1304.78
1775270611, 1911, 265, 367, 0, 0, 0.54%, 1, 0, 4, 1439.22
1775270616, 1911, 307, 367, 0, 0, 0.54%, 1, 0, 4, 1352.48
1775270621, 1912, 31, 367, 0, 0, 0.54%, 1, 0, 4, 1482.91
1775270626, 1912, 89, 367, 0, 0, 0.54%, 1, 0, 4, 1493.13
1775270631, 1912, 182, 367, 0, 0, 0.54%, 1, 0, 4, 1504.41
1775270636, 1912, 257, 367, 0, 0, 0.54%, 1, 0, 4, 1514.10
1775270641, 1912, 276, 367, 0, 0, 0.54%, 1, 0, 4, 1411.44
1775270646, 1913, 29, 367, 0, 0, 0.54%, 1, 0, 4, 1406.20
1775270651, 1913, 64, 367, 0, 0, 0.54%, 1, 0, 4, 1448.25
1775270656, 1913, 108, 367, 0, 0, 0.54%, 1, 0, 4, 1496.50
1775270661, 1913, 274, 367, 0, 0, 0.54%, 1, 0, 4, 1475.27
1775270666, 1913, 331, 367, 0, 0, 0.54%, 1, 0, 4, 1324.83
1775270671, 1914, 58, 367, 0, 0, 0.54%, 1, 0, 4, 1475.10
1775270677, 1914, 108, 367, 0, 0, 0.54%, 1, 0, 4, 1465.52
1775270682, 1914, 193, 367, 0, 0, 0.54%, 1, 0, 4, 1396.22
1775270687, 1914, 274, 367, 0, 0, 0.54%, 1, 0, 4, 1438.64
1775270692, 1914, 322, 367, 0, 0, 0.54%, 1, 0, 4, 1290.37
1775270697, 1915, 31, 367, 0, 0, 0.54%, 1, 0, 4, 1373.46
1775270702, 1915, 89, 367, 0, 0, 0.54%, 1, 0, 4, 1388.42
1775270707, 1915, 108, 367, 0, 0, 0.54%, 1, 0, 4, 1144.07
1775270712, 1915, 170, 367, 0, 0, 0.54%, 1, 0, 4, 1410.21
1775270718, 1915, 249, 367, 0, 0, 0.54%, 1, 0, 4, 1501.93
1775270723, 1915, 312, 367, 0, 0, 0.54%, 1, 0, 4, 1473.05
1775270728, 1916, 18, 367, 0, 0, 0.54%, 1, 0, 4, 1537.68
1775270733, 1916, 58, 367, 0, 0, 0.54%, 1, 0, 4, 1453.62
1775270738, 1916, 94, 367, 0, 0, 0.54%, 1, 0, 4, 1414.82
1775270743, 1916, 134, 367, 0, 0, 0.54%, 1, 0, 4, 1431.76
1775270748, 1916, 265, 367, 0, 0, 0.54%, 1, 0, 4, 1417.14
1775270753, 1916, 356, 367, 0, 0, 0.54%, 1, 0, 4, 1260.12
1775270758, 1917, 33, 367, 0, 0, 0.54%, 1, 0, 4, 1463.84
1775270763, 1917, 101, 367, 0, 0, 0.54%, 1, 0, 4, 1353.57
1775270768, 1917, 210, 367, 0, 0, 0.54%, 1, 0, 4, 1424.24
1775270773, 1917, 274, 367, 0, 0, 0.54%, 1, 0, 4, 1439.30
1775270778, 1918, 9, 367, 0, 0, 0.54%, 1, 0, 4, 1374.61
1775270784, 1918, 59, 367, 0, 0, 0.54%, 1, 0, 4, 1439.60
1775270789, 1918, 76, 367, 0, 0, 0.54%, 1, 0, 4, 1437.05
1775270794, 1918, 108, 367, 0, 0, 0.54%, 1, 0, 4, 1464.78
1775270799, 1918, 237, 367, 0, 0, 0.54%, 1, 0, 4, 1370.41
1775270804, 1918, 276, 367, 0, 0, 0.54%, 1, 0, 4, 1425.32
1775270809, 1919, 29, 367, 0, 0, 0.54%, 1, 0, 4, 1329.23
1775270814, 1919, 63, 367, 0, 0, 0.54%, 1, 0, 4, 1464.55
1775270819, 1919, 103, 367, 0, 0, 0.54%, 1, 0, 4, 1445.68
1775270824, 1919, 173, 367, 0, 0, 0.54%, 1, 0, 4, 1417.09
1775270829, 1919, 234, 367, 0, 0, 0.54%, 1, 0, 4, 1390.48
1775270835, 1919, 275, 367, 0, 0, 0.54%, 1, 0, 4, 1383.46
1775270840, 1920, 17, 367, 0, 0, 0.54%, 1, 0, 4, 1271.12
1775270845, 1920, 63, 367, 0, 0, 0.54%, 1, 0, 4, 1470.57
1775270850, 1920, 97, 367, 0, 0, 0.54%, 1, 0, 4, 1459.56
1775270855, 1920, 145, 367, 0, 0, 0.54%, 1, 0, 4, 1403.37
1775270860, 1920, 216, 367, 0, 0, 0.54%, 1, 0, 4, 1452.11
1775270865, 1920, 265, 367, 0, 0, 0.54%, 1, 0, 4, 1331.32
1775270870, 1921, 1, 367, 0, 0, 0.54%, 1, 0, 4, 1247.77
1775270875, 1921, 33, 367, 0, 0, 0.54%, 1, 0, 4, 1312.36
1775270880, 1921, 101, 367, 0, 0, 0.54%, 1, 0, 4, 1488.75
1775270885, 1921, 166, 367, 0, 0, 0.54%, 1, 0, 4, 1381.16
1775270891, 1921, 294, 367, 0, 0, 0.54%, 1, 0, 4, 1439.81
1775270896, 1921, 357, 367, 0, 0, 0.54%, 1, 0, 4, 1154.03
1775270901, 1922, 33, 367, 0, 0, 0.54%, 1, 0, 4, 1416.92
1775270906, 1922, 97, 367, 0, 0, 0.54%, 1, 0, 4, 1418.79
1775270911, 1922, 152, 367, 0, 0, 0.54%, 1, 0, 4, 1433.75
1775270916, 1922, 230, 367, 0, 0, 0.54%, 1, 0, 4, 1260.22
1775270921, 1922, 274, 367, 0, 0, 0.54%, 1, 0, 4, 1397.82
1775270926, 1923, 1, 367, 0, 0, 0.54%, 1, 0, 4, 1290.06
1775270931, 1923, 63, 367, 0, 0, 0.54%, 1, 0, 4, 1438.43
1775270936, 1923, 103, 367, 0, 0, 0.54%, 1, 0, 4, 1332.40
1775270941, 1923, 208, 367, 0, 0, 0.54%, 1, 0, 4, 1309.09
1775270946, 1923, 276, 367, 0, 0, 0.54%, 1, 0, 4, 1499.03
1775270952, 1924, 9, 367, 0, 0, 0.54%, 1, 0, 4, 1352.03
1775270957, 1924, 58, 367, 0, 0, 0.54%, 1, 0, 4, 1359.18
1775270962, 1924, 103, 367, 0, 0, 0.54%, 1, 0, 4, 1404.94
1775270967, 1924, 160, 367, 0, 0, 0.54%, 1, 0, 4, 1431.52
1775270972, 1924, 241, 367, 0, 0, 0.54%, 1, 0, 4, 1350.00
1775270977, 1924, 285, 367, 0, 0, 0.54%, 1, 0, 4, 1360.00
1775270982, 1925, 9, 367, 0, 0, 0.54%, 1, 0, 4, 1302.89
1775270987, 1925, 59, 367, 0, 0, 0.54%, 1, 0, 4, 1575.32
1775270992, 1925, 89, 367, 0, 0, 0.54%, 1, 0, 4, 1421.15
1775270997, 1925, 159, 367, 0, 0, 0.54%, 1, 0, 4, 1329.85
1775271002, 1925, 242, 367, 0, 0, 0.54%, 1, 0, 4, 1202.26
1775271007, 1925, 282, 367, 0, 0, 0.54%, 1, 0, 4, 1252.99
1775271013, 1926, 3, 367, 0, 0, 0.54%, 1, 0, 4, 1213.36
1775271018, 1926, 33, 367, 0, 0, 0.54%, 1, 0, 4, 1360.25
1775271023, 1926, 108, 367, 0, 0, 0.54%, 1, 0, 4, 1506.33
1775271028, 1926, 261, 367, 0, 0, 0.54%, 1, 0, 4, 1445.47
1775271033, 1926, 295, 367, 0, 0, 0.54%, 1, 0, 4, 1322.65
1775271038, 1927, 31, 367, 0, 0, 0.54%, 1, 0, 4, 1313.45
1775271043, 1927, 64, 367, 0, 0, 0.54%, 1, 0, 4, 1380.76
1775271048, 1927, 108, 367, 0, 0, 0.54%, 1, 0, 4, 1313.33
1775271053, 1927, 256, 367, 0, 0, 0.54%, 1, 0, 4, 1331.13
1775271058, 1927, 278, 367, 0, 0, 0.54%, 1, 0, 4, 1356.81
1775271064, 1928, 9, 367, 0, 0, 0.54%, 1, 0, 4, 1300.45
1775271069, 1928, 58, 367, 0, 0, 0.54%, 1, 0, 4, 1375.79
1775271074, 1928, 107, 367, 0, 0, 0.54%, 1, 0, 4, 1401.69
1775271079, 1928, 199, 367, 0, 0, 0.54%, 1, 0, 4, 1440.28
1775271084, 1928, 265, 367, 0, 0, 0.54%, 1, 0, 4, 1306.65
1775271089, 1928, 322, 367, 0, 0, 0.54%, 1, 0, 4, 1265.25
1775271094, 1929, 29, 367, 0, 0, 0.54%, 1, 0, 4, 1314.06
1775271099, 1929, 58, 367, 0, 0, 0.54%, 1, 0, 4, 1320.55
1775271104, 1929, 103, 367, 0, 0, 0.54%, 1, 0, 4, 1548.88
1775271110, 1929, 185, 367, 0, 0, 0.54%, 1, 0, 4, 1479.85
1775271115, 1929, 274, 367, 0, 0, 0.54%, 1, 0, 4, 1466.56
1775271120, 1930, 1, 367, 0, 0, 0.54%, 1, 0, 4, 1259.84
1775271125, 1930, 31, 367, 0, 0, 0.54%, 1, 0, 4, 1352.60
1775271130, 1930, 89, 367, 0, 0, 0.54%, 1, 0, 4, 1376.13
1775271135, 1930, 131, 367, 0, 0, 0.54%, 1, 0, 4, 1368.00
1775271140, 1930, 169, 367, 0, 0, 0.54%, 1, 0, 4, 1386.22
1775271145, 1930, 252, 367, 0, 0, 0.54%, 1, 0, 4, 1365.27
1775271150, 1930, 326, 367, 0, 0, 0.54%, 1, 0, 4, 1344.00
1775271156, 1931, 29, 367, 0, 0, 0.54%, 1, 0, 4, 1500.69
1775271161, 1931, 89, 367, 0, 0, 0.54%, 1, 0, 4, 1441.32
1775271166, 1931, 124, 367, 0, 0, 0.54%, 1, 0, 4, 1407.55
1775271171, 1931, 275, 367, 0, 0, 0.54%, 1, 0, 4, 1428.35
1775271176, 1931, 352, 367, 0, 0, 0.54%, 1, 0, 4, 1220.71
1775271181, 1932, 31, 367, 0, 0, 0.54%, 1, 0, 4, 1219.36
1775271186, 1932, 97, 367, 0, 0, 0.54%, 1, 0, 4, 1371.16
1775271191, 1932, 136, 367, 0, 0, 0.54%, 1, 0, 4, 1335.44
1775271196, 1932, 239, 367, 0, 0, 0.54%, 1, 0, 4, 1372.01
1775271202, 1932, 276, 367, 0, 0, 0.54%, 1, 0, 4, 1368.23
1775271207, 1933, 25, 367, 0, 0, 0.54%, 1, 0, 4, 1362.14
1775271212, 1933, 53, 367, 0, 0, 0.54%, 1, 0, 4, 1328.39
1775271217, 1933, 103, 367, 0, 0, 0.54%, 1, 0, 4, 1527.44
1775271222, 1933, 212, 367, 0, 0, 0.54%, 1, 0, 4, 1420.59
1775271227, 1933, 275, 367, 0, 0, 0.54%, 1, 0, 4, 1495.94
1775271232, 1933, 366, 367, 0, 0, 0.54%, 1, 0, 4, 350.06
1775271237, 1934, 33, 367, 0, 0, 0.54%, 1, 0, 4, 1204.33
1775271243, 1934, 101, 367, 0, 0, 0.54%, 1, 0, 4, 1392.12
1775271248, 1934, 135, 367, 0, 0, 0.54%, 1, 0, 4, 1342.33
1775271253, 1934, 176, 367, 0, 0, 0.54%, 1, 0, 4, 1330.93
1775271258, 1934, 236, 367, 0, 0, 0.54%, 1, 0, 4, 1442.27
1775271263, 1934, 276, 367, 0, 0, 0.54%, 1, 0, 4, 1405.67
1775271268, 1935, 9, 367, 0, 0, 0.54%, 1, 0, 4, 1327.27
1775271273, 1935, 33, 367, 0, 0, 0.54%, 1, 0, 4, 1233.59
1775271278, 1935, 89, 367, 0, 0, 0.54%, 1, 0, 4, 1385.11
1775271283, 1935, 134, 367, 0, 0, 0.54%, 1, 0, 4, 1367.99
1775271288, 1935, 230, 367, 0, 0, 0.54%, 1, 0, 4, 1366.00
1775271293, 1935, 276, 367, 0, 0, 0.54%, 1, 0, 4, 1417.39
1775271298, 1936, 29, 367, 0, 0, 0.54%, 1, 0, 4, 1428.68
1775271303, 1936, 73, 367, 0, 0, 0.54%, 1, 0, 4, 1444.73
1775271309, 1936, 112, 367, 0, 0, 0.54%, 1, 0, 4, 1444.69
1775271314, 1936, 187, 367, 0, 0, 0.54%, 1, 0, 4, 1346.22
1775271319, 1936, 265, 367, 0, 0, 0.54%, 1, 0, 4, 1388.08
1775271324, 1936, 322, 367, 0, 0, 0.54%, 1, 0, 4, 1382.64
1775271329, 1937, 29, 367, 0, 0, 0.54%, 1, 0, 4, 1411.13
1775271334, 1937, 63, 367, 0, 0, 0.54%, 1, 0, 4, 1518.01
1775271339, 1937, 116, 367, 0, 0, 0.54%, 1, 0, 4, 1407.63
1775271345, 1937, 237, 367, 0, 0, 0.54%, 1, 0, 4, 1386.11
1775271350, 1937, 274, 367, 0, 0, 0.54%, 1, 0, 4, 1376.55
1775271355, 1938, 9, 367, 0, 0, 0.54%, 1, 0, 4, 1282.79
1775271360, 1938, 58, 367, 0, 0, 0.54%, 1, 0, 4, 1520.95
1775271365, 1938, 188, 367, 0, 0, 0.54%, 1, 0, 4, 1489.16
1775271370, 1938, 265, 367, 0, 0, 0.54%, 1, 0, 4, 1375.85
1775271375, 1938, 322, 367, 0, 0, 0.54%, 1, 0, 4, 1310.02
1775271380, 1939, 33, 367, 0, 0, 0.54%, 1, 0, 4, 1387.98
1775271385, 1939, 70, 367, 0, 0, 0.54%, 1, 0, 4, 1421.74
1775271390, 1939, 129, 367, 0, 0, 0.54%, 1, 0, 4, 1417.44
1775271395, 1939, 261, 367, 0, 0, 0.54%, 1, 0, 4, 1352.30
1775271400, 1939, 294, 367, 0, 0, 0.54%, 1, 0, 4, 1376.97
1775271406, 1940, 29, 367, 0, 0, 0.54%, 1, 0, 4, 1453.91
1775271411, 1940, 63, 367, 0, 0, 0.54%, 1, 0, 4, 1483.49
1775271416, 1940, 103, 367, 0, 0, 0.54%, 1, 0, 4, 1455.44
1775271421, 1940, 194, 367, 0, 0, 0.54%, 1, 0, 4, 1681.59
1775271426, 1940, 265, 367, 0, 0, 0.54%, 1, 0, 4, 1537.60
1775271431, 1941, 9, 367, 0, 0, 0.54%, 1, 0, 4, 1347.41
1775271436, 1941, 33, 367, 0, 0, 0.54%, 1, 0, 4, 1433.59
1775271442, 1941, 93, 367, 0, 0, 0.54%, 1, 0, 4, 1491.40
1775271447, 1941, 228, 367, 0, 0, 0.54%, 1, 0, 4, 1276.18
1775271452, 1941, 274, 367, 0, 0, 0.54%, 1, 0, 4, 1373.05
1775271457, 1941, 352, 367, 0, 0, 0.54%, 1, 0, 4, 1260.11
1775271462, 1942, 31, 367, 0, 0, 0.54%, 1, 0, 4, 1420.28
1775271467, 1942, 81, 367, 0, 0, 0.54%, 1, 0, 4, 1432.56
1775271472, 1942, 140, 367, 0, 0, 0.54%, 1, 0, 4, 1486.21
1775271477, 1942, 212, 367, 0, 0, 0.54%, 1, 0, 4, 1349.30
1775271482, 1942, 269, 367, 0, 0, 0.54%, 1, 0, 4, 1390.05
1775271488, 1942, 309, 367, 0, 0, 0.54%, 1, 0, 4, 1236.69
1775271493, 1943, 29, 367, 0, 0, 0.54%, 1, 0, 4, 1365.81
1775271498, 1943, 64, 367, 0, 0, 0.54%, 1, 0, 4, 1414.81
1775271503, 1943, 130, 367, 0, 0, 0.54%, 1, 0, 4, 1357.63
1775271508, 1943, 251, 367, 0, 0, 0.54%, 1, 0, 4, 1271.43
1775271513, 1943, 319, 367, 0, 0, 0.54%, 1, 0, 4, 1332.37
1775271518, 1944, 14, 367, 0, 0, 0.54%, 1, 0, 4, 1275.55
1775271523, 1944, 58, 367, 0, 0, 0.54%, 1, 0, 4, 1442.81
1775271528, 1944, 154, 367, 0, 0, 0.54%, 1, 0, 4, 1353.46
1775271534, 1944, 231, 367, 0, 0, 0.54%, 1, 0, 4, 1309.11
1775271539, 1944, 275, 367, 0, 0, 0.54%, 1, 0, 4, 1535.72
1775271544, 1945, 29, 367, 0, 0, 0.54%, 1, 0, 4, 1482.38
1775271549, 1945, 63, 367, 0, 0, 0.54%, 1, 0, 4, 1435.54
1775271554, 1945, 129, 367, 0, 0, 0.54%, 1, 0, 4, 1421.12
1775271559, 1945, 255, 367, 0, 0, 0.54%, 1, 0, 4, 1372.27
1775271564, 1945, 282, 367, 0, 0, 0.54%, 1, 0, 4, 1379.40
1775271569, 1946, 31, 367, 0, 0, 0.54%, 1, 0, 4, 1401.28
1775271574, 1946, 65, 367, 0, 0, 0.54%, 1, 0, 4, 1418.53
1775271579, 1946, 90, 367, 0, 0, 0.54%, 1, 0, 4, 1416.77
1775271584, 1946, 156, 367, 0, 0, 0.54%, 1, 0, 4, 1503.40
1775271589, 1946, 221, 367, 0, 0, 0.54%, 1, 0, 4, 1315.33
1775271595, 1946, 274, 367, 0, 0, 0.54%, 1, 0, 4, 1475.22
1775271600, 1947, 1, 367, 0, 0, 0.54%, 1, 0, 4, 1301.84
1775271605, 1947, 37, 367, 0, 0, 0.54%, 1, 0, 4, 1399.71
1775271610, 1947, 84, 367, 0, 0, 0.54%, 1, 0, 4, 1350.47
1775271615, 1947, 109, 367, 0, 0, 0.54%, 1, 0, 4, 1373.47
1775271620, 1947, 209, 367, 0, 0, 0.54%, 1, 0, 4, 1452.40
1775271625, 1947, 265, 367, 0, 0, 0.54%, 1, 0, 4, 1438.09
1775271630, 1947, 289, 367, 0, 0, 0.54%, 1, 0, 4, 1502.09
1775271635, 1947, 358, 367, 0, 0, 0.54%, 1, 0, 4, 231.88
1775271640, 1948, 29, 367, 0, 0, 0.54%, 1, 0, 4, 1443.78
1775271646, 1948, 89, 367, 0, 0, 0.54%, 1, 0, 4, 1449.85
1775271651, 1948, 127, 367, 0, 0, 0.54%, 1, 0, 4, 1385.73
1775271656, 1948, 274, 367, 0, 0, 0.54%, 1, 0, 4, 1475.81
1775271661, 1949, 9, 367, 0, 0, 0.54%, 1, 0, 4, 1396.20
1775271666, 1949, 58, 367, 0, 0, 0.54%, 1, 0, 4, 1440.77
1775271671, 1949, 108, 367, 0, 0, 0.54%, 1, 0, 4, 1426.72
1775271676, 1949, 180, 367, 0, 0, 0.54%, 1, 0, 4, 1416.80
1775271681, 1949, 275, 367, 0, 0, 0.54%, 1, 0, 4, 1516.93
1775271687, 1950, 9, 367, 0, 0, 0.54%, 1, 0, 4, 1294.47
1775271692, 1950, 58, 367, 0, 0, 0.54%, 1, 0, 4, 1486.57
1775271697, 1950, 103, 367, 0, 0, 0.54%, 1, 0, 4, 1418.34
1775271702, 1950, 200, 367, 0, 0, 0.54%, 1, 0, 4, 1428.29
1775271707, 1950, 275, 367, 0, 0, 0.54%, 1, 0, 4, 1413.34
1775271712, 1951, 22, 367, 0, 0, 0.54%, 1, 0, 4, 1364.15
1775271717, 1951, 64, 367, 0, 0, 0.54%, 1, 0, 4, 1456.74
1775271722, 1951, 127, 367, 0, 0, 0.54%, 1, 0, 4, 1421.67
1775271728, 1951, 261, 367, 0, 0, 0.54%, 1, 0, 4, 1414.68
1775271733, 1951, 317, 367, 0, 0, 0.54%, 1, 0, 4, 1369.29
1775271738, 1952, 29, 367, 0, 0, 0.54%, 1, 0, 4, 1406.03
1775271743, 1952, 63, 367, 0, 0, 0.54%, 1, 0, 4, 1415.67
1775271748, 1952, 103, 367, 0, 0, 0.54%, 1, 0, 4, 1472.90
1775271753, 1952, 179, 367, 0, 0, 0.54%, 1, 0, 4, 1194.11
1775271758, 1952, 265, 367, 0, 0, 0.54%, 1, 0, 4, 1368.67
1775271763, 1952, 322, 367, 0, 0, 0.54%, 1, 0, 4, 1262.90
1775271768, 1953, 31, 367, 0, 0, 0.54%, 1, 0, 4, 1474.64
1775271773, 1953, 86, 367, 0, 0, 0.54%, 1, 0, 4, 1513.40
1775271778, 1953, 123, 367, 0, 0, 0.54%, 1, 0, 4, 1375.69
1775271784, 1953, 154, 367, 0, 0, 0.54%, 1, 0, 4, 1290.60
1775271789, 1953, 265, 367, 0, 0, 0.54%, 1, 0, 4, 1439.04
1775271794, 1953, 322, 367, 0, 0, 0.54%, 1, 0, 4, 1233.72
1775271799, 1954, 33, 367, 0, 0, 0.54%, 1, 0, 4, 1297.64
1775271804, 1954, 96, 367, 0, 0, 0.54%, 1, 0, 4, 1424.28
1775271809, 1954, 202, 367, 0, 0, 0.54%, 1, 0, 4, 1424.23
1775271814, 1954, 261, 367, 0, 0, 0.54%, 1, 0, 4, 1374.01
1775271819, 1954, 300, 367, 0, 0, 0.54%, 1, 0, 4, 1385.20
1775271824, 1955, 9, 367, 0, 0, 0.54%, 1, 0, 4, 1419.67
1775271829, 1955, 39, 367, 0, 0, 0.54%, 1, 0, 4, 1678.04
1775271834, 1955, 95, 367, 0, 0, 0.54%, 1, 0, 4, 1494.76
1775271839, 1955, 137, 367, 0, 0, 0.54%, 1, 0, 4, 1420.11
1775271844, 1955, 261, 367, 0, 0, 0.54%, 1, 0, 4, 1502.50
1775271850, 1955, 276, 367, 0, 0, 0.54%, 1, 0, 4, 1409.23
1775271855, 1956, 9, 367, 0, 0, 0.54%, 1, 0, 4, 1406.99
1775271860, 1956, 33, 367, 0, 0, 0.54%, 1, 0, 4, 1325.77
1775271865, 1956, 101, 367, 0, 0, 0.54%, 1, 0, 4, 1430.08
1775271870, 1956, 140, 367, 0, 0, 0.54%, 1, 0, 4, 1378.78
1775271875, 1956, 237, 367, 0, 0, 0.54%, 1, 0, 4, 1504.75
1775271880, 1956, 275, 367, 0, 0, 0.54%, 1, 0, 4, 1540.80
1775271885, 1957, 10, 367, 0, 0, 0.54%, 1, 0, 4, 1397.96
1775271890, 1957, 64, 367, 0, 0, 0.54%, 1, 0, 4, 1438.64
1775271895, 1957, 145, 367, 0, 0, 0.54%, 1, 0, 4, 1458.41
1775271900, 1957, 199, 367, 0, 0, 0.54%, 1, 0, 4, 1474.12
1775271905, 1957, 265, 367, 0, 0, 0.54%, 1, 0, 4, 1423.26
1775271910, 1958, 9, 367, 0, 0, 0.54%, 1, 0, 4, 1387.06
1775271915, 1958, 51, 367, 0, 0, 0.54%, 1, 0, 4, 1525.45
1775271921, 1958, 108, 367, 0, 0, 0.54%, 1, 0, 4, 1509.78
1775271926, 1958, 177, 367, 0, 0, 0.54%, 1, 0, 4, 1389.17
1775271931, 1958, 265, 367, 0, 0, 0.54%, 1, 0, 4, 1380.74
1775271936, 1959, 1, 367, 0, 0, 0.54%, 1, 0, 4, 1366.82
1775271941, 1959, 58, 367, 0, 0, 0.54%, 1, 0, 4, 1614.57
1775271946, 1959, 95, 367, 0, 0, 0.54%, 1, 0, 4, 1494.54
1775271951, 1959, 167, 367, 0, 0, 0.54%, 1, 0, 4, 1396.13
1775271956, 1959, 265, 367, 0, 0, 0.54%, 1, 0, 4, 1391.73
1775271962, 1960, 8, 367, 0, 0, 0.54%, 1, 0, 4, 1402.97
1775271967, 1960, 33, 367, 0, 0, 0.54%, 1, 0, 4, 1353.17
1775271972, 1960, 89, 367, 0, 0, 0.54%, 1, 0, 4, 1461.67
1775271977, 1960, 118, 367, 0, 0, 0.54%, 1, 0, 4, 1355.63
1775271982, 1960, 205, 367, 0, 0, 0.54%, 1, 0, 4, 1389.35
1775271987, 1960, 288, 367, 0, 0, 0.54%, 1, 0, 4, 1445.96
1775271992, 1961, 31, 367, 0, 0, 0.54%, 1, 0, 4, 1417.94
1775271997, 1961, 101, 367, 0, 0, 0.54%, 1, 0, 4, 1392.01
1775272002, 1961, 164, 367, 0, 0, 0.54%, 1, 0, 4, 1440.70
1775272007, 1961, 265, 367, 0, 0, 0.54%, 1, 0, 4, 1513.75
1775272013, 1961, 322, 367, 0, 0, 0.54%, 1, 0, 4, 1291.95
1775272018, 1962, 58, 367, 0, 0, 0.54%, 1, 0, 4, 1524.18
1775272023, 1962, 103, 367, 0, 0, 0.54%, 1, 0, 4, 1478.19
1775272028, 1962, 206, 367, 0, 0, 0.54%, 1, 0, 4, 1452.67
1775272033, 1962, 274, 367, 0, 0, 0.54%, 1, 0, 4, 1481.87
1775272038, 1962, 331, 367, 0, 0, 0.54%, 1, 0, 4, 1311.34
1775272043, 1963, 29, 367, 0, 0, 0.54%, 1, 0, 4, 1114.21
1775272048, 1963, 63, 367, 0, 0, 0.54%, 1, 0, 4, 1305.85
1775272053, 1963, 109, 367, 0, 0, 0.54%, 1, 0, 4, 1481.34
1775272059, 1963, 231, 367, 0, 0, 0.54%, 1, 0, 4, 1399.81
1775272064, 1963, 276, 367, 0, 0, 0.54%, 1, 0, 4, 1436.23
1775272069, 1964, 8, 367, 0, 0, 0.54%, 1, 0, 4, 1435.29
1775272074, 1964, 33, 367, 0, 0, 0.54%, 1, 0, 4, 1524.97
1775272079, 1964, 101, 367, 0, 0, 0.54%, 1, 0, 4, 1500.09
1775272084, 1964, 212, 367, 0, 0, 0.54%, 1, 0, 4, 1421.29
1775272089, 1964, 265, 367, 0, 0, 0.54%, 1, 0, 4, 1495.04
1775272094, 1964, 365, 367, 0, 0, 0.54%, 1, 0, 4, 1411.50
1775272099, 1965, 31, 367, 0, 0, 0.54%, 1, 0, 4, 1473.99
1775272104, 1965, 76, 367, 0, 0, 0.54%, 1, 0, 4, 1520.99
1775272110, 1965, 132, 367, 0, 0, 0.54%, 1, 0, 4, 1523.60
1775272115, 1965, 261, 367, 0, 0, 0.54%, 1, 0, 4, 1398.84
1775272120, 1965, 286, 367, 0, 0, 0.54%, 1, 0, 4, 1433.73
1775272125, 1966, 8, 367, 0, 0, 0.54%, 1, 0, 4, 1310.26
1775272130, 1966, 38, 367, 0, 0, 0.54%, 1, 0, 4, 1340.91
1775272135, 1966, 84, 367, 0, 0, 0.54%, 1, 0, 4, 1330.10
1775272140, 1966, 149, 367, 0, 0, 0.54%, 1, 0, 4, 1419.42
1775272145, 1966, 193, 367, 0, 0, 0.54%, 1, 0, 4, 294.16
1775272150, 1966, 274, 367, 0, 0, 0.54%, 1, 0, 4, 1521.34
1775272155, 1966, 339, 367, 0, 0, 0.54%, 1, 0, 4, 1447.82
1775272160, 1967, 33, 367, 0, 0, 0.54%, 1, 0, 4, 1528.29
1775272166, 1967, 89, 367, 0, 0, 0.54%, 1, 0, 4, 1453.62
1775272171, 1967, 172, 367, 0, 0, 0.54%, 1, 0, 4, 1451.08
1775272176, 1967, 274, 367, 0, 0, 0.54%, 1, 0, 4, 1472.30
1775272181, 1968, 21, 367, 0, 0, 0.54%, 1, 0, 4, 1438.45
1775272186, 1968, 63, 367, 0, 0, 0.54%, 1, 0, 4, 1435.15
1775272191, 1968, 108, 367, 0, 0, 0.54%, 1, 0, 4, 1441.86
1775272196, 1968, 232, 367, 0, 0, 0.54%, 1, 0, 4, 1451.89
1775272201, 1968, 322, 367, 0, 0, 0.54%, 1, 0, 4, 1419.68
1775272206, 1969, 31, 367, 0, 0, 0.54%, 1, 0, 4, 1499.11
1775272211, 1969, 86, 367, 0, 0, 0.54%, 1, 0, 4, 1547.70
1775272216, 1969, 132, 367, 0, 0, 0.54%, 1, 0, 4, 1514.95
1775272221, 1969, 218, 367, 0, 0, 0.54%, 1, 0, 4, 1458.84
1775272227, 1969, 265, 367, 0, 0, 0.54%, 1, 0, 4, 1398.01
1775272232, 1969, 334, 367, 0, 0, 0.54%, 1, 0, 4, 1209.71
1775272237, 1970, 29, 367, 0, 0, 0.54%, 1, 0, 4, 1535.45
1775272242, 1970, 54, 367, 0, 0, 0.54%, 1, 0, 4, 1391.72
1775272247, 1970, 103, 367, 0, 0, 0.54%, 1, 0, 4, 1725.52
1775272252, 1970, 193, 367, 0, 0, 0.54%, 1, 0, 4, 1390.74
1775272258, 1970, 265, 367, 0, 0, 0.54%, 1, 0, 4, 1438.49
1775272263, 1970, 322, 367, 0, 0, 0.54%, 1, 0, 4, 1303.74
1775272268, 1971, 33, 367, 0, 0, 0.54%, 1, 0, 4, 1470.93
1775272273, 1971, 78, 367, 0, 0, 0.54%, 1, 0, 4, 1542.99
1775272278, 1971, 147, 367, 0, 0, 0.54%, 1, 0, 4, 1555.06
1775272283, 1971, 200, 367, 0, 0, 0.54%, 1, 0, 4, 1467.16
1775272288, 1971, 276, 367, 0, 0, 0.54%, 1, 0, 4, 1480.42
1775272293, 1972, 29, 367, 0, 0, 0.54%, 1, 0, 4, 1427.08
1775272298, 1972, 64, 367, 0, 0, 0.54%, 1, 0, 4, 1350.81
1775272304, 1972, 100, 367, 0, 0, 0.54%, 1, 0, 4, 1444.15
1775272309, 1972, 152, 367, 0, 0, 0.54%, 1, 0, 4, 1346.08
1775272314, 1972, 265, 367, 0, 0, 0.54%, 1, 0, 4, 1372.55
1775272319, 1972, 322, 367, 0, 0, 0.54%, 1, 0, 4, 1408.33
1775272324, 1973, 30, 367, 0, 0, 0.54%, 1, 0, 4, 1437.99
1775272329, 1973, 81, 367, 0, 0, 0.54%, 1, 0, 4, 1389.97
1775272334, 1973, 112, 367, 0, 0, 0.54%, 1, 0, 4, 1373.18
1775272339, 1973, 248, 367, 0, 0, 0.54%, 1, 0, 4, 1472.90
1775272344, 1973, 297, 367, 0, 0, 0.54%, 1, 0, 4, 1346.13
1775272349, 1974, 1, 367, 0, 0, 0.54%, 1, 0, 4, 1349.16
1775272354, 1974, 44, 367, 0, 0, 0.54%, 1, 0, 4, 1463.06
1775272359, 1974, 89, 367, 0, 0, 0.54%, 1, 0, 4, 1342.03
1775272365, 1974, 167, 367, 0, 0, 0.54%, 1, 0, 4, 1359.93
1775272370, 1974, 267, 367, 0, 0, 0.54%, 1, 0, 4, 1506.19
1775272375, 1974, 364, 367, 0, 0, 0.54%, 1, 0, 4, 1316.35
1775272380, 1975, 31, 367, 0, 0, 0.54%, 1, 0, 4, 1527.50
1775272385, 1975, 63, 367, 0, 0, 0.54%, 1, 0, 4, 1350.77
1775272390, 1975, 125, 367, 0, 0, 0.54%, 1, 0, 4, 1442.03
1775272395, 1975, 198, 367, 0, 0, 0.54%, 1, 0, 4, 1403.82
1775272400, 1975, 275, 367, 0, 0, 0.54%, 1, 0, 4, 1398.87
1775272405, 1976, 22, 367, 0, 0, 0.54%, 1, 0, 4, 1428.07
1775272410, 1976, 51, 367, 0, 0, 0.54%, 1, 0, 4, 1489.48
1775272416, 1976, 97, 367, 0, 0, 0.54%, 1, 0, 4, 1478.72
1775272421, 1976, 188, 367, 0, 0, 0.54%, 1, 0, 4, 1490.19
1775272426, 1976, 261, 367, 0, 0, 0.54%, 1, 0, 4, 1329.09
1775272431, 1976, 351, 367, 0, 0, 0.54%, 1, 0, 4, 1336.33
1775272436, 1977, 36, 367, 0, 0, 0.54%, 1, 0, 4, 1363.99
1775272441, 1977, 89, 367, 0, 0, 0.54%, 1, 0, 4, 1453.83
1775272446, 1977, 162, 367, 0, 0, 0.54%, 1, 0, 4, 1517.23
1775272451, 1977, 261, 367, 0, 0, 0.54%, 1, 0, 4, 1495.87
1775272456, 1977, 316, 367, 0, 0, 0.54%, 1, 0, 4, 1280.69
1775272461, 1978, 31, 367, 0, 0, 0.54%, 1, 0, 4, 1374.14
1775272466, 1978, 59, 367, 0, 0, 0.54%, 1, 0, 4, 1423.95
1775272471, 1978, 103, 367, 0, 0, 0.54%, 1, 0, 4, 1469.64
1775272476, 1978, 207, 367, 0, 0, 0.54%, 1, 0, 4, 1430.77
1775272482, 1978, 275, 367, 0, 0, 0.54%, 1, 0, 4, 1405.02
1775272487, 1978, 326, 367, 0, 0, 0.54%, 1, 0, 4, 1268.47
1775272492, 1979, 29, 367, 0, 0, 0.54%, 1, 0, 4, 1349.06
1775272497, 1979, 58, 367, 0, 0, 0.54%, 1, 0, 4, 1343.96
1775272502, 1979, 103, 367, 0, 0, 0.54%, 1, 0, 4, 1382.71
1775272507, 1979, 207, 367, 0, 0, 0.54%, 1, 0, 4, 1451.53
1775272512, 1979, 274, 367, 0, 0, 0.54%, 1, 0, 4, 1500.59
1775272517, 1980, 29, 367, 0, 0, 0.54%, 1, 0, 4, 1471.97
1775272522, 1980, 66, 367, 0, 0, 0.54%, 1, 0, 4, 1595.86
1775272527, 1980, 101, 367, 0, 0, 0.54%, 1, 0, 4, 1551.77
1775272533, 1980, 212, 367, 0, 0, 0.54%, 1, 0, 4, 1586.75
1775272538, 1980, 266, 367, 0, 0, 0.54%, 1, 0, 4, 1528.61
1775272543, 1980, 366, 367, 0, 0, 0.54%, 1, 0, 4, 1391.47
1775272548, 1981, 31, 367, 0, 0, 0.54%, 1, 0, 4, 1418.10
1775272553, 1981, 101, 367, 0, 0, 0.54%, 1, 0, 4, 1540.63
1775272558, 1981, 172, 367, 0, 0, 0.54%, 1, 0, 4, 1450.07
1775272563, 1981, 238, 367, 0, 0, 0.54%, 1, 0, 4, 1534.23
1775272568, 1981, 276, 367, 0, 0, 0.54%, 1, 0, 4, 1484.25
1775272573, 1982, 29, 367, 0, 0, 0.54%, 1, 0, 4, 1505.44
1775272578, 1982, 73, 367, 0, 0, 0.54%, 1, 0, 4, 1514.85
1775272583, 1982, 123, 367, 0, 0, 0.54%, 1, 0, 4, 1428.80
1775272588, 1982, 235, 367, 0, 0, 0.54%, 1, 0, 4, 1360.53
1775272593, 1982, 284, 367, 0, 0, 0.54%, 1, 0, 4, 1415.57
1775272599, 1983, 31, 367, 0, 0, 0.54%, 1, 0, 4, 1361.82
1775272604, 1983, 89, 367, 0, 0, 0.54%, 1, 0, 4, 1422.30
1775272609, 1983, 150, 367, 0, 0, 0.54%, 1, 0, 4, 1365.89
1775272614, 1983, 209, 367, 0, 0, 0.54%, 1, 0, 4, 1503.52
1775272619, 1983, 265, 367, 0, 0, 0.54%, 1, 0, 4, 1483.29
1775272624, 1983, 343, 367, 0, 0, 0.54%, 1, 0, 4, 1351.26
1775272629, 1984, 31, 367, 0, 0, 0.54%, 1, 0, 4, 1344.54
1775272634, 1984, 77, 367, 0, 0, 0.54%, 1, 0, 4, 1412.04
1775272639, 1984, 113, 367, 0, 0, 0.54%, 1, 0, 4, 1381.80
1775272644, 1984, 243, 367, 0, 0, 0.54%, 1, 0, 4, 1402.77
1775272649, 1984, 305, 367, 0, 0, 0.54%, 1, 0, 4, 1304.95
1775272655, 1985, 31, 367, 0, 0, 0.54%, 1, 0, 4, 1428.79
1775272660, 1985, 97, 367, 0, 0, 0.54%, 1, 0, 4, 1570.87
1775272665, 1985, 170, 367, 0, 0, 0.54%, 1, 0, 4, 1450.28
1775272670, 1985, 265, 367, 0, 0, 0.54%, 1, 0, 4, 1392.02
1775272675, 1985, 326, 367, 0, 0, 0.54%, 1, 0, 4, 1361.53
1775272680, 1986, 33, 367, 0, 0, 0.54%, 1, 0, 4, 1288.72
1775272685, 1986, 63, 367, 0, 0, 0.54%, 1, 0, 4, 1404.12
1775272690, 1986, 103, 367, 0, 0, 0.54%, 1, 0, 4, 1222.71
1775272695, 1986, 178, 367, 0, 0, 0.54%, 1, 0, 4, 1336.80
1775272700, 1986, 265, 367, 0, 0, 0.54%, 1, 0, 4, 1391.45
1775272705, 1986, 336, 367, 0, 0, 0.54%, 1, 0, 4, 1299.01
1775272710, 1987, 33, 367, 0, 0, 0.54%, 1, 0, 4, 1359.35
1775272716, 1987, 104, 367, 0, 0, 0.54%, 1, 0, 4, 1336.59
1775272721, 1987, 161, 367, 0, 0, 0.54%, 1, 0, 4, 1347.04
1775272726, 1987, 261, 367, 0, 0, 0.54%, 1, 0, 4, 1295.72
1775272731, 1987, 322, 367, 0, 0, 0.54%, 1, 0, 4, 1393.29
1775272736, 1988, 31, 367, 0, 0, 0.54%, 1, 0, 4, 1378.76
1775272741, 1988, 85, 367, 0, 0, 0.54%, 1, 0, 4, 1478.67
1775272746, 1988, 112, 367, 0, 0, 0.54%, 1, 0, 4, 1443.91
1775272751, 1988, 265, 367, 0, 0, 0.54%, 1, 0, 4, 1420.41
1775272756, 1988, 299, 367, 0, 0, 0.54%, 1, 0, 4, 1334.57
1775272761, 1989, 30, 367, 0, 0, 0.54%, 1, 0, 4, 1375.18
1775272766, 1989, 64, 367, 0, 0, 0.54%, 1, 0, 4, 1450.74
1775272771, 1989, 103, 367, 0, 0, 0.54%, 1, 0, 4, 1381.40
1775272777, 1989, 165, 367, 0, 0, 0.54%, 1, 0, 4, 1509.21
1775272782, 1989, 209, 367, 0, 0, 0.54%, 1, 0, 4, 1462.36
1775272787, 1989, 281, 367, 0, 0, 0.54%, 1, 0, 4, 1443.01
1775272792, 1990, 9, 367, 0, 0, 0.54%, 1, 0, 4, 1411.95
1775272797, 1990, 58, 367, 0, 0, 0.54%, 1, 0, 4, 1576.36
1775272802, 1990, 91, 367, 0, 0, 0.54%, 1, 0, 4, 1429.41
1775272807, 1990, 130, 367, 0, 0, 0.54%, 1, 0, 4, 261.97
1775272812, 1990, 244, 367, 0, 0, 0.54%, 1, 0, 4, 1320.88
1775272817, 1990, 311, 367, 0, 0, 0.54%, 1, 0, 4, 1327.73
1775272823, 1991, 29, 367, 0, 0, 0.54%, 1, 0, 4, 1260.71
1775272828, 1991, 68, 367, 0, 0, 0.54%, 1, 0, 4, 1536.06
1775272833, 1991, 147, 367, 0, 0, 0.54%, 1, 0, 4, 1518.15
1775272838, 1991, 274, 367, 0, 0, 0.54%, 1, 0, 4, 1440.59
1775272843, 1991, 334, 367, 0, 0, 0.54%, 1, 0, 4, 1327.74
1775272848, 1992, 31, 367, 0, 0, 0.54%, 1, 0, 4, 1373.20
1775272853, 1992, 69, 367, 0, 0, 0.54%, 1, 0, 4, 1412.22
1775272858, 1992, 111, 367, 0, 0, 0.54%, 1, 0, 4, 1416.20
1775272863, 1992, 182, 367, 0, 0, 0.54%, 1, 0, 4, 1456.44
1775272868, 1992, 258, 367, 0, 0, 0.54%, 1, 0, 4, 1425.49
1775272874, 1992, 279, 367, 0, 0, 0.54%, 1, 0, 4, 1324.56
1775272879, 1993, 29, 367, 0, 0, 0.54%, 1, 0, 4, 1459.01
1775272884, 1993, 63, 367, 0, 0, 0.54%, 1, 0, 4, 1436.73
1775272889, 1993, 108, 367, 0, 0, 0.54%, 1, 0, 4, 1376.12
1775272894, 1993, 160, 367, 0, 0, 0.54%, 1, 0, 4, 1393.95
1775272899, 1993, 261, 367, 0, 0, 0.54%, 1, 0, 4, 1393.93
1775272904, 1993, 345, 367, 0, 0, 0.54%, 1, 0, 4, 1287.09
1775272909, 1994, 31, 367, 0, 0, 0.54%, 1, 0, 4, 1392.22
1775272914, 1994, 101, 367, 0, 0, 0.54%, 1, 0, 4, 1468.53
1775272919, 1994, 209, 367, 0, 0, 0.54%, 1, 0, 4, 1509.29
1775272924, 1994, 313, 367, 0, 0, 0.54%, 1, 0, 4, 1410.44
1775272929, 1995, 31, 367, 0, 0, 0.54%, 1, 0, 4, 1385.75
1775272935, 1995, 101, 367, 0, 0, 0.54%, 1, 0, 4, 1427.92
1775272940, 1995, 224, 367, 0, 0, 0.54%, 1, 0, 4, 1474.56
1775272945, 1995, 274, 367, 0, 0, 0.54%, 1, 0, 4, 1485.20
1775272950, 1995, 352, 367, 0, 0, 0.54%, 1, 0, 4, 1201.61
1775272955, 1996, 37, 367, 0, 0, 0.54%, 1, 0, 4, 1422.05
1775272960, 1996, 89, 367, 0, 0, 0.54%, 1, 0, 4, 1435.80
1775272965, 1996, 127, 367, 0, 0, 0.54%, 1, 0, 4, 1340.30
1775272970, 1996, 261, 367, 0, 0, 0.54%, 1, 0, 4, 1458.25
1775272975, 1996, 301, 367, 0, 0, 0.54%, 1, 0, 4, 1279.63
1775272980, 1997, 20, 367, 0, 0, 0.54%, 1, 0, 4, 1248.85
1775272986, 1997, 46, 367, 0, 0, 0.54%, 1, 0, 4, 1370.20
1775272991, 1997, 97, 367, 0, 0, 0.54%, 1, 0, 4, 1467.12
1775272996, 1997, 156, 367, 0, 0, 0.54%, 1, 0, 4, 1496.50
1775273001, 1997, 265, 367, 0, 0, 0.54%, 1, 0, 4, 1501.14
1775273006, 1998, 9, 367, 0, 0, 0.54%, 1, 0, 4, 1379.96
1775273011, 1998, 34, 367, 0, 0, 0.54%, 1, 0, 4, 1441.23
1775273016, 1998, 103, 367, 0, 0, 0.54%, 1, 0, 4, 1544.52
1775273021, 1998, 145, 367, 0, 0, 0.54%, 1, 0, 4, 1434.13
1775273026, 1998, 265, 367, 0, 0, 0.54%, 1, 0, 4, 1433.79
1775273031, 1998, 316, 367, 0, 0, 0.54%, 1, 0, 4, 1288.36
1775273036, 1999, 29, 367, 0, 0, 0.54%, 1, 0, 4, 1316.56
1775273041, 1999, 61, 367, 0, 0, 0.54%, 1, 0, 4, 1321.81
1775273047, 1999, 89, 367, 0, 0, 0.54%, 1, 0, 4, 1394.02
1775273052, 1999, 164, 367, 0, 0, 0.54%, 1, 0, 4, 1405.86
1775273057, 1999, 274, 367, 0, 0, 0.54%, 1, 0, 4, 1501.91
1775273062, 1999, 318, 367, 0, 0, 0.54%, 1, 0, 4, 1349.29
1775273067, 2000, 33, 367, 0, 0, 0.54%, 1, 0, 4, 1403.14
1775273072, 2000, 101, 367, 0, 0, 0.54%, 1, 0, 4, 1394.42
1775273077, 2000, 215, 367, 0, 0, 0.54%, 1, 0, 4, 1509.09
1775273082, 2000, 274, 367, 0, 0, 0.54%, 1, 0, 4, 1671.29
1775273087, 2000, 360, 367, 0, 0, 0.54%, 1, 0, 4, 1326.78
1775273092, 2001, 29, 367, 0, 0, 0.54%, 1, 0, 4, 1437.26
1775273097, 2001, 86, 367, 0, 0, 0.54%, 1, 0, 4, 1508.55
1775273102, 2001, 120, 367, 0, 0, 0.54%, 1, 0, 4, 1453.53
1775273107, 2001, 265, 367, 0, 0, 0.54%, 1, 0, 4, 1377.54
1775273112, 2001, 365, 367, 0, 0, 0.54%, 1, 0, 4, 1407.41
1775273117, 2002, 31, 367, 0, 0, 0.54%, 1, 0, 4, 1458.15
1775273122, 2002, 89, 367, 0, 0, 0.54%, 1, 0, 4, 1370.86
1775273128, 2002, 212, 367, 0, 0, 0.54%, 1, 0, 4, 1356.73
1775273133, 2002, 276, 367, 0, 0, 0.54%, 1, 0, 4, 1413.03
1775273138, 2003, 9, 367, 0, 0, 0.54%, 1, 0, 4, 1350.14
1775273143, 2003, 61, 367, 0, 0, 0.54%, 1, 0, 4, 1455.09
1775273148, 2003, 89, 367, 0, 0, 0.54%, 1, 0, 4, 1271.66
1775273153, 2003, 149, 367, 0, 0, 0.54%, 1, 0, 4, 1396.18
1775273158, 2003, 230, 367, 0, 0, 0.54%, 1, 0, 4, 1379.34
1775273163, 2003, 274, 367, 0, 0, 0.54%, 1, 0, 4, 1411.49
1775273168, 2004, 1, 367, 0, 0, 0.54%, 1, 0, 4, 1315.99
1775273174, 2004, 63, 367, 0, 0, 0.54%, 1, 0, 4, 1426.55
1775273179, 2004, 103, 367, 0, 0, 0.54%, 1, 0, 4, 1314.19
1775273184, 2004, 171, 367, 0, 0, 0.54%, 1, 0, 4, 1484.49
1775273189, 2004, 266, 367, 0, 0, 0.54%, 1, 0, 4, 1457.40
1775273194, 2005, 9, 367, 0, 0, 0.54%, 1, 0, 4, 1315.08
1775273199, 2005, 42, 367, 0, 0, 0.54%, 1, 0, 4, 1475.90
1775273204, 2005, 108, 367, 0, 0, 0.54%, 1, 0, 4, 1497.17
1775273209, 2005, 161, 367, 0, 0, 0.54%, 1, 0, 4, 1342.48
1775273214, 2005, 272, 367, 0, 0, 0.54%, 1, 0, 4, 1475.16
1775273220, 2006, 23, 367, 0, 0, 0.54%, 1, 0, 4, 1491.02
1775273225, 2006, 32, 367, 0, 0, 0.54%, 1, 0, 4, 1478.90
1775273230, 2006, 63, 367, 0, 0, 0.54%, 1, 0, 4, 1501.15
1775273235, 2006, 101, 367, 0, 0, 0.54%, 1, 0, 4, 1370.42
1775273240, 2006, 176, 367, 0, 0, 0.54%, 1, 0, 4, 1507.87
1775273245, 2006, 274, 367, 0, 0, 0.54%, 1, 0, 4, 1526.11
1775273250, 2006, 359, 367, 0, 0, 0.54%, 1, 0, 4, 1210.45
1775273255, 2007, 33, 367, 0, 0, 0.54%, 1, 0, 4, 1262.31
1775273260, 2007, 86, 367, 0, 0, 0.54%, 1, 0, 4, 1437.95
1775273265, 2007, 108, 367, 0, 0, 0.54%, 1, 0, 4, 1477.66
1775273271, 2007, 274, 367, 0, 0, 0.54%, 1, 0, 4, 1432.98
1775273276, 2007, 322, 367, 0, 0, 0.54%, 1, 0, 4, 1327.43
1775273281, 2008, 31, 367, 0, 0, 0.54%, 1, 0, 4, 1532.25
1775273286, 2008, 80, 367, 0, 0, 0.54%, 1, 0, 4, 1436.42
1775273291, 2008, 123, 367, 0, 0, 0.54%, 1, 0, 4, 1482.64
1775273296, 2008, 201, 367, 0, 0, 0.54%, 1, 0, 4, 1467.20
1775273301, 2008, 275, 367, 0, 0, 0.54%, 1, 0, 4, 1402.07
1775273306, 2009, 29, 367, 0, 0, 0.54%, 1, 0, 4, 1344.01
1775273312, 2009, 58, 367, 0, 0, 0.54%, 1, 0, 4, 1518.06
1775273317, 2009, 103, 367, 0, 0, 0.54%, 1, 0, 4, 1443.24
1775273322, 2009, 267, 367, 0, 0, 0.54%, 1, 0, 4, 1515.40
1775273327, 2010, 1, 367, 0, 0, 0.54%, 1, 0, 4, 1319.53
1775273332, 2010, 62, 367, 0, 0, 0.54%, 1, 0, 4, 1405.27
1775273337, 2010, 108, 367, 0, 0, 0.54%, 1, 0, 4, 1332.39
1775273343, 2010, 261, 367, 0, 0, 0.54%, 1, 0, 4, 1470.83
1775273348, 2010, 317, 367, 0, 0, 0.54%, 1, 0, 4, 1426.90
1775273353, 2011, 24, 367, 0, 0, 0.54%, 1, 0, 4, 1426.52
1775273358, 2011, 58, 367, 0, 0, 0.54%, 1, 0, 4, 1203.45
1775273363, 2011, 97, 367, 0, 0, 0.54%, 1, 0, 4, 1373.27
1775273368, 2011, 115, 367, 0, 0, 0.54%, 1, 0, 4, 1512.21
1775273373, 2011, 252, 367, 0, 0, 0.54%, 1, 0, 4, 1424.88
1775273378, 2011, 276, 367, 0, 0, 0.54%, 1, 0, 4, 1465.39
1775273383, 2012, 9, 367, 0, 0, 0.54%, 1, 0, 4, 1435.10
1775273388, 2012, 63, 367, 0, 0, 0.54%, 1, 0, 4, 1479.54
1775273394, 2012, 108, 367, 0, 0, 0.54%, 1, 0, 4, 1415.83
1775273399, 2012, 242, 367, 0, 0, 0.54%, 1, 0, 4, 1393.99
1775273404, 2012, 275, 367, 0, 0, 0.54%, 1, 0, 4, 1368.36
1775273409, 2013, 1, 367, 0, 0, 0.54%, 1, 0, 4, 1189.15
1775273414, 2013, 29, 367, 0, 0, 0.54%, 1, 0, 4, 1289.47
1775273419, 2013, 74, 367, 0, 0, 0.54%, 1, 0, 4, 1480.46
1775273424, 2013, 108, 367, 0, 0, 0.54%, 1, 0, 4, 1396.65
1775273429, 2013, 219, 367, 0, 0, 0.54%, 1, 0, 4, 446.47
1775273434, 2013, 274, 367, 0, 0, 0.54%, 1, 0, 4, 1305.81
1775273439, 2014, 29, 367, 0, 0, 0.54%, 1, 0, 4, 1313.31
1775273445, 2014, 71, 367, 0, 0, 0.54%, 1, 0, 4, 1447.01
1775273450, 2014, 122, 367, 0, 0, 0.54%, 1, 0, 4, 1442.11
1775273455, 2014, 201, 367, 0, 0, 0.54%, 1, 0, 4, 1335.67
1775273460, 2014, 257, 367, 0, 0, 0.54%, 1, 0, 4, 1365.84
1775273465, 2014, 276, 367, 0, 0, 0.54%, 1, 0, 4, 1392.54
1775273470, 2015, 9, 367, 0, 0, 0.54%, 1, 0, 4, 1437.17
1775273475, 2015, 63, 367, 0, 0, 0.54%, 1, 0, 4, 1491.09
1775273480, 2015, 96, 367, 0, 0, 0.54%, 1, 0, 4, 1340.65
1775273485, 2015, 189, 367, 0, 0, 0.54%, 1, 0, 4, 1445.47
1775273491, 2015, 274, 367, 0, 0, 0.54%, 1, 0, 4, 1325.45
1775273496, 2015, 341, 367, 0, 0, 0.54%, 1, 0, 4, 1224.52
1775273501, 2016, 16, 367, 0, 0, 0.54%, 1, 0, 4, 1335.62
1775273506, 2016, 73, 367, 0, 0, 0.54%, 1, 0, 4, 1518.27
1775273511, 2016, 108, 367, 0, 0, 0.54%, 1, 0, 4, 1382.35
1775273516, 2016, 223, 367, 0, 0, 0.54%, 1, 0, 4, 1463.66
1775273521, 2016, 275, 367, 0, 0, 0.54%, 1, 0, 4, 1460.24
1775273526, 2016, 364, 367, 0, 0, 0.54%, 1, 0, 4, 1322.50
1775273531, 2017, 31, 367, 0, 0, 0.54%, 1, 0, 4, 1316.35
1775273536, 2017, 63, 367, 0, 0, 0.54%, 1, 0, 4, 1394.34
1775273541, 2017, 173, 367, 0, 0, 0.54%, 1, 0, 4, 1489.05
1775273546, 2017, 254, 367, 0, 0, 0.54%, 1, 0, 4, 1466.15
1775273551, 2017, 281, 367, 0, 0, 0.54%, 1, 0, 4, 1490.71
1775273556, 2018, 29, 367, 0, 0, 0.54%, 1, 0, 4, 1347.30
1775273561, 2018, 64, 367, 0, 0, 0.54%, 1, 0, 4, 1474.72
1775273566, 2018, 101, 367, 0, 0, 0.54%, 1, 0, 4, 1369.99
1775273571, 2018, 157, 367, 0, 0, 0.54%, 1, 0, 4, 1412.13
1775273577, 2018, 265, 367, 0, 0, 0.54%, 1, 0, 4, 1393.71
1775273582, 2018, 356, 367, 0, 0, 0.54%, 1, 0, 4, 1164.49
1775273587, 2019, 33, 367, 0, 0, 0.54%, 1, 0, 4, 1450.30
1775273592, 2019, 75, 367, 0, 0, 0.54%, 1, 0, 4, 1473.86
1775273597, 2019, 148, 367, 0, 0, 0.54%, 1, 0, 4, 1354.53
1775273602, 2019, 216, 367, 0, 0, 0.54%, 1, 0, 4, 1419.72
1775273607, 2019, 308, 367, 0, 0, 0.54%, 1, 0, 4, 1435.67
1775273612, 2020, 29, 367, 0, 0, 0.54%, 1, 0, 4, 1363.71
1775273618, 2020, 63, 367, 0, 0, 0.54%, 1, 0, 4, 1460.49
1775273623, 2020, 103, 367, 0, 0, 0.54%, 1, 0, 4, 1365.16
1775273628, 2020, 182, 367, 0, 0, 0.54%, 1, 0, 4, 1269.64
1775273633, 2020, 274, 367, 0, 0, 0.54%, 1, 0, 4, 1492.83
1775273638, 2020, 314, 367, 0, 0, 0.54%, 1, 0, 4, 1389.74
1775273643, 2021, 31, 367, 0, 0, 0.54%, 1, 0, 4, 1354.00
1775273648, 2021, 78, 367, 0, 0, 0.54%, 1, 0, 4, 1454.79
1775273653, 2021, 104, 367, 0, 0, 0.54%, 1, 0, 4, 1483.62
1775273658, 2021, 265, 367, 0, 0, 0.54%, 1, 0, 4, 1503.18
1775273663, 2021, 366, 367, 0, 0, 0.54%, 1, 0, 4, 400.15
1775273668, 2022, 33, 367, 0, 0, 0.54%, 1, 0, 4, 1168.83
1775273673, 2022, 89, 367, 0, 0, 0.54%, 1, 0, 4, 1372.06
1775273679, 2022, 185, 367, 0, 0, 0.54%, 1, 0, 4, 1362.41
1775273684, 2022, 260, 367, 0, 0, 0.54%, 1, 0, 4, 1437.87
1775273689, 2022, 289, 367, 0, 0, 0.54%, 1, 0, 4, 1444.33
1775273694, 2022, 365, 367, 0, 0, 0.54%, 1, 0, 4, 1296.03
1775273699, 2023, 29, 367, 0, 0, 0.54%, 1, 0, 4, 1314.62
1775273704, 2023, 79, 367, 0, 0, 0.54%, 1, 0, 4, 1399.52
1775273709, 2023, 124, 367, 0, 0, 0.54%, 1, 0, 4, 1392.36
1775273714, 2023, 232, 367, 0, 0, 0.54%, 1, 0, 4, 1457.27
1775273719, 2023, 276, 367, 0, 0, 0.54%, 1, 0, 4, 1425.58
1775273724, 2024, 29, 367, 0, 0, 0.54%, 1, 0, 4, 1506.40
1775273729, 2024, 97, 367, 0, 0, 0.54%, 1, 0, 4, 1538.13
1775273734, 2024, 167, 367, 0, 0, 0.54%, 1, 0, 4, 1643.12
1775273740, 2024, 259, 367, 0, 0, 0.54%, 1, 0, 4, 1396.04
1775273745, 2024, 322, 367, 0, 0, 0.54%, 1, 0, 4, 1417.27
1775273750, 2025, 31, 367, 0, 0, 0.54%, 1, 0, 4, 1385.58
1775273755, 2025, 89, 367, 0, 0, 0.54%, 1, 0, 4, 1423.65
1775273760, 2025, 126, 367, 0, 0, 0.54%, 1, 0, 4, 1365.60
1775273765, 2025, 261, 367, 0, 0, 0.54%, 1, 0, 4, 1442.07
1775273770, 2025, 299, 367, 0, 0, 0.54%, 1, 0, 4, 1407.31
1775273775, 2026, 9, 367, 0, 0, 0.54%, 1, 0, 4, 1364.89
1775273780, 2026, 37, 367, 0, 0, 0.54%, 1, 0, 4, 1482.83
1775273785, 2026, 64, 367, 0, 0, 0.54%, 1, 0, 4, 1441.97
1775273790, 2026, 143, 367, 0, 0, 0.54%, 1, 0, 4, 1541.78
1775273795, 2026, 274, 367, 0, 0, 0.54%, 1, 0, 4, 1586.45
1775273800, 2026, 365, 367, 0, 0, 0.54%, 1, 0, 4, 1276.60
1775273806, 2027, 33, 367, 0, 0, 0.54%, 1, 0, 4, 1483.14
1775273811, 2027, 89, 367, 0, 0, 0.54%, 1, 0, 4, 1439.83
1775273816, 2027, 169, 367, 0, 0, 0.54%, 1, 0, 4, 1456.00
1775273821, 2027, 250, 367, 0, 0, 0.54%, 1, 0, 4, 1493.12
1775273826, 2027, 276, 367, 0, 0, 0.54%, 1, 0, 4, 1405.27
1775273831, 2028, 29, 367, 0, 0, 0.54%, 1, 0, 4, 1516.84
1775273836, 2028, 87, 367, 0, 0, 0.54%, 1, 0, 4, 1477.95
1775273841, 2028, 113, 367, 0, 0, 0.54%, 1, 0, 4, 1432.00
1775273846, 2028, 153, 367, 0, 0, 0.54%, 1, 0, 4, 1468.02
1775273851, 2028, 263, 367, 0, 0, 0.54%, 1, 0, 4, 1410.05
1775273856, 2028, 317, 367, 0, 0, 0.54%, 1, 0, 4, 1386.50
1775273861, 2029, 29, 367, 0, 0, 0.54%, 1, 0, 4, 1474.64
1775273866, 2029, 63, 367, 0, 0, 0.54%, 1, 0, 4, 1498.28
1775273871, 2029, 103, 367, 0, 0, 0.54%, 1, 0, 4, 1402.33
1775273876, 2029, 132, 367, 0, 0, 0.54%, 1, 0, 4, 1430.21
1775273881, 2029, 270, 367, 0, 0, 0.54%, 1, 0, 4, 1518.31
1775273886, 2030, 9, 367, 0, 0, 0.54%, 1, 0, 4, 1334.03
1775273892, 2030, 58, 367, 0, 0, 0.54%, 1, 0, 4, 1340.05
1775273897, 2030, 103, 367, 0, 0, 0.54%, 1, 0, 4, 1465.00
1775273902, 2030, 208, 367, 0, 0, 0.54%, 1, 0, 4, 1601.65
1775273907, 2030, 275, 367, 0, 0, 0.54%, 1, 0, 4, 1446.28
1775273912, 2031, 9, 367, 0, 0, 0.54%, 1, 0, 4, 1317.57
1775273917, 2031, 61, 367, 0, 0, 0.54%, 1, 0, 4, 1537.59
1775273922, 2031, 103, 367, 0, 0, 0.54%, 1, 0, 4, 1291.19
1775273928, 2031, 146, 367, 0, 0, 0.54%, 1, 0, 4, 1437.36
1775273933, 2031, 198, 367, 0, 0, 0.54%, 1, 0, 4, 1436.93
1775273938, 2031, 274, 367, 0, 0, 0.54%, 1, 0, 4, 1493.28
1775273943, 2032, 29, 367, 0, 0, 0.54%, 1, 0, 4, 1350.82
1775273948, 2032, 63, 367, 0, 0, 0.54%, 1, 0, 4, 1449.50
1775273953, 2032, 103, 367, 0, 0, 0.54%, 1, 0, 4, 1336.16
1775273958, 2032, 173, 367, 0, 0, 0.54%, 1, 0, 4, 1408.61
1775273963, 2032, 275, 367, 0, 0, 0.54%, 1, 0, 4, 1479.85
1775273968, 2033, 8, 367, 0, 0, 0.54%, 1, 0, 4, 1342.20
1775273973, 2033, 33, 367, 0, 0, 0.54%, 1, 0, 4, 1481.30
1775273978, 2033, 82, 367, 0, 0, 0.54%, 1, 0, 4, 1499.86
1775273984, 2033, 108, 367, 0, 0, 0.54%, 1, 0, 4, 1446.34
1775273989, 2033, 159, 367, 0, 0, 0.54%, 1, 0, 4, 1441.24
1775273994, 2033, 276, 367, 0, 0, 0.54%, 1, 0, 4, 1517.94
1775273999, 2034, 13, 367, 0, 0, 0.54%, 1, 0, 4, 1400.36
1775274004, 2034, 87, 367, 0, 0, 0.54%, 1, 0, 4, 1536.00
1775274009, 2034, 108, 367, 0, 0, 0.54%, 1, 0, 4, 1501.27
1775274014, 2034, 191, 367, 0, 0, 0.54%, 1, 0, 4, 1427.85
1775274019, 2034, 276, 367, 0, 0, 0.54%, 1, 0, 4, 1358.54
1775274024, 2035, 9, 367, 0, 0, 0.54%, 1, 0, 4, 1105.97
1775274029, 2035, 33, 367, 0, 0, 0.54%, 1, 0, 4, 1324.04
1775274034, 2035, 76, 367, 0, 0, 0.54%, 1, 0, 4, 1467.38
1775274039, 2035, 163, 367, 0, 0, 0.54%, 1, 0, 4, 1397.88
1775274044, 2035, 252, 367, 0, 0, 0.54%, 1, 0, 4, 1482.02
1775274050, 2035, 278, 367, 0, 0, 0.54%, 1, 0, 4, 1408.28
1775274055, 2036, 9, 367, 0, 0, 0.54%, 1, 0, 4, 1315.27
1775274060, 2036, 39, 367, 0, 0, 0.54%, 1, 0, 4, 1430.84
1775274065, 2036, 76, 367, 0, 0, 0.54%, 1, 0, 4, 1479.49
1775274070, 2036, 154, 367, 0, 0, 0.54%, 1, 0, 4, 1426.31
1775274075, 2036, 265, 367, 0, 0, 0.54%, 1, 0, 4, 1460.98
1775274080, 2036, 322, 367, 0, 0, 0.54%, 1, 0, 4, 1385.79
1775274085, 2037, 31, 367, 0, 0, 0.54%, 1, 0, 4, 1299.89
1775274090, 2037, 63, 367, 0, 0, 0.54%, 1, 0, 4, 1533.99
1775274096, 2037, 106, 367, 0, 0, 0.54%, 1, 0, 4, 1388.28
1775274101, 2037, 209, 367, 0, 0, 0.54%, 1, 0, 4, 1450.03
1775274106, 2037, 274, 367, 0, 0, 0.54%, 1, 0, 4, 1492.26
1775274111, 2037, 361, 367, 0, 0, 0.54%, 1, 0, 4, 1155.00
1775274116, 2038, 8, 367, 0, 0, 0.54%, 1, 0, 4, 1317.96
1775274121, 2038, 31, 367, 0, 0, 0.54%, 1, 0, 4, 1450.65
1775274126, 2038, 101, 367, 0, 0, 0.54%, 1, 0, 4, 1500.05
1775274131, 2038, 167, 367, 0, 0, 0.54%, 1, 0, 4, 1403.64
1775274136, 2038, 265, 367, 0, 0, 0.54%, 1, 0, 4, 1474.60
1775274141, 2038, 309, 367, 0, 0, 0.54%, 1, 0, 4, 1479.80
1775274147, 2039, 31, 367, 0, 0, 0.54%, 1, 0, 4, 1430.96
1775274152, 2039, 63, 367, 0, 0, 0.54%, 1, 0, 4, 1512.37
1775274157, 2039, 98, 367, 0, 0, 0.54%, 1, 0, 4, 1469.22
1775274162, 2039, 120, 367, 0, 0, 0.54%, 1, 0, 4, 1439.32
1775274167, 2039, 264, 367, 0, 0, 0.54%, 1, 0, 4, 1460.37
1775274172, 2039, 290, 367, 0, 0, 0.54%, 1, 0, 4, 1392.16
1775274177, 2040, 31, 367, 0, 0, 0.54%, 1, 0, 4, 1342.82
1775274182, 2040, 66, 367, 0, 0, 0.54%, 1, 0, 4, 1491.71
1775274187, 2040, 108, 367, 0, 0, 0.54%, 1, 0, 4, 1558.87
1775274192, 2040, 167, 367, 0, 0, 0.54%, 1, 0, 4, 1493.92
1775274197, 2040, 265, 367, 0, 0, 0.54%, 1, 0, 4, 1524.41
1775274202, 2040, 309, 367, 0, 0, 0.54%, 1, 0, 4, 1360.69
1775274207, 2041, 31, 367, 0, 0, 0.54%, 1, 0, 4, 1519.28
1775274212, 2041, 101, 367, 0, 0, 0.54%, 1, 0, 4, 1505.70
1775274217, 2041, 193, 367, 0, 0, 0.54%, 1, 0, 4, 1426.27
1775274222, 2041, 276, 367, 0, 0, 0.54%, 1, 0, 4, 1344.77
1775274228, 2042, 29, 367, 0, 0, 0.54%, 1, 0, 4, 1414.55
1775274233, 2042, 63, 367, 0, 0, 0.54%, 1, 0, 4, 1379.08
1775274238, 2042, 93, 367, 0, 0, 0.54%, 1, 0, 4, 1411.23
1775274243, 2042, 184, 367, 0, 0, 0.54%, 1, 0, 4, 1469.71
1775274248, 2042, 275, 367, 0, 0, 0.54%, 1, 0, 4, 1463.04
1775274253, 2043, 24, 367, 0, 0, 0.54%, 1, 0, 4, 1381.41
1775274258, 2043, 58, 367, 0, 0, 0.54%, 1, 0, 4, 1402.03
1775274263, 2043, 104, 367, 0, 0, 0.54%, 1, 0, 4, 1388.44
1775274269, 2043, 261, 367, 0, 0, 0.54%, 1, 0, 4, 1519.74
1775274274, 2043, 322, 367, 0, 0, 0.54%, 1, 0, 4, 1403.04
1775274279, 2044, 33, 367, 0, 0, 0.54%, 1, 0, 4, 1519.95
1775274284, 2044, 89, 367, 0, 0, 0.54%, 1, 0, 4, 1414.97
1775274289, 2044, 207, 367, 0, 0, 0.54%, 1, 0, 4, 1438.46
1775274294, 2044, 276, 367, 0, 0, 0.54%, 1, 0, 4, 1392.83
1775274299, 2045, 23, 367, 0, 0, 0.54%, 1, 0, 4, 1246.83
1775274304, 2045, 64, 367, 0, 0, 0.54%, 1, 0, 4, 1475.29
1775274309, 2045, 103, 367, 0, 0, 0.54%, 1, 0, 4, 1304.64
1775274315, 2045, 153, 367, 0, 0, 0.54%, 1, 0, 4, 1391.56
1775274320, 2045, 234, 367, 0, 0, 0.54%, 1, 0, 4, 1351.33
1775274325, 2045, 274, 367, 0, 0, 0.54%, 1, 0, 4, 1501.40
1775274330, 2046, 29, 367, 0, 0, 0.54%, 1, 0, 4, 1455.53
1775274335, 2046, 101, 367, 0, 0, 0.54%, 1, 0, 4, 1506.23
1775274340, 2046, 256, 367, 0, 0, 0.54%, 1, 0, 4, 1454.81
1775274345, 2046, 336, 367, 0, 0, 0.54%, 1, 0, 4, 1329.92
1775274350, 2047, 33, 367, 0, 0, 0.54%, 1, 0, 4, 1445.56
1775274356, 2047, 103, 367, 0, 0, 0.54%, 1, 0, 4, 1292.59
1775274361, 2047, 215, 367, 0, 0, 0.54%, 1, 0, 4, 1375.53
1775274366, 2047, 261, 367, 0, 0, 0.54%, 1, 0, 4, 1222.63
1775274371, 2047, 322, 367, 0, 0, 0.54%, 1, 0, 4, 1368.65
1775274376, 2048, 33, 367, 0, 0, 0.54%, 1, 0, 4, 1297.12
1775274381, 2048, 64, 367, 0, 0, 0.54%, 1, 0, 4, 1409.56
1775274386, 2048, 108, 367, 0, 0, 0.54%, 1, 0, 4, 1391.33
1775274391, 2048, 261, 367, 0, 0, 0.54%, 1, 0, 4, 1346.66
1775274396, 2048, 322, 367, 0, 0, 0.54%, 1, 0, 4, 1330.19
1775274401, 2049, 30, 367, 0, 0, 0.54%, 1, 0, 4, 1544.80
1775274407, 2049, 64, 367, 0, 0, 0.54%, 1, 0, 4, 1496.10
1775274412, 2049, 114, 367, 0, 0, 0.54%, 1, 0, 4, 1420.07
1775274417, 2049, 165, 367, 0, 0, 0.54%, 1, 0, 4, 1433.10
1775274422, 2049, 265, 367, 0, 0, 0.54%, 1, 0, 4, 1445.45
1775274427, 2049, 366, 367, 0, 0, 0.54%, 1, 0, 4, 1351.84
1775274432, 2050, 31, 367, 0, 0, 0.54%, 1, 0, 4, 1503.15
1775274437, 2050, 67, 367, 0, 0, 0.54%, 1, 0, 4, 1501.28
1775274442, 2050, 131, 367, 0, 0, 0.54%, 1, 0, 4, 1475.57
1775274447, 2050, 182, 367, 0, 0, 0.54%, 1, 0, 4, 1457.05
1775274453, 2050, 274, 367, 0, 0, 0.54%, 1, 0, 4, 1457.39
1775274458, 2050, 353, 367, 0, 0, 0.54%, 1, 0, 4, 1229.94
1775274463, 2051, 33, 367, 0, 0, 0.54%, 1, 0, 4, 1541.42
1775274468, 2051, 89, 367, 0, 0, 0.54%, 1, 0, 4, 1458.85
1775274473, 2051, 152, 367, 0, 0, 0.54%, 1, 0, 4, 1418.95
1775274478, 2051, 208, 367, 0, 0, 0.54%, 1, 0, 4, 1363.49
1775274483, 2051, 276, 367, 0, 0, 0.54%, 1, 0, 4, 1351.54
1775274488, 2052, 12, 367, 0, 0, 0.54%, 1, 0, 4, 1366.18
1775274493, 2052, 54, 367, 0, 0, 0.54%, 1, 0, 4, 1430.11
1775274499, 2052, 108, 367, 0, 0, 0.54%, 1, 0, 4, 1410.34
1775274504, 2052, 261, 367, 0, 0, 0.54%, 1, 0, 4, 1448.43
1775274509, 2052, 288, 367, 0, 0, 0.54%, 1, 0, 4, 1371.51
1775274514, 2053, 33, 367, 0, 0, 0.54%, 1, 0, 4, 1394.55
1775274519, 2053, 108, 367, 0, 0, 0.54%, 1, 0, 4, 1463.12
1775274524, 2053, 175, 367, 0, 0, 0.54%, 1, 0, 4, 1511.65
1775274529, 2053, 252, 367, 0, 0, 0.54%, 1, 0, 4, 1438.64
1775274534, 2053, 313, 367, 0, 0, 0.54%, 1, 0, 4, 1373.21
1775274540, 2053, 364, 367, 0, 0, 0.54%, 1, 0, 4, 1230.04
1775274545, 2054, 33, 367, 0, 0, 0.54%, 1, 0, 4, 1381.36
1775274550, 2054, 71, 367, 0, 0, 0.54%, 1, 0, 4, 1409.95
1775274555, 2054, 150, 367, 0, 0, 0.54%, 1, 0, 4, 1489.72
1775274560, 2054, 198, 367, 0, 0, 0.54%, 1, 0, 4, 1462.45
1775274565, 2054, 252, 367, 0, 0, 0.54%, 1, 0, 4, 1389.33
1775274570, 2054, 276, 367, 0, 0, 0.54%, 1, 0, 4, 1299.16
1775274575, 2054, 349, 367, 0, 0, 0.54%, 1, 0, 4, 1164.33
1775274580, 2055, 26, 367, 0, 0, 0.54%, 1, 0, 4, 1511.12
1775274585, 2055, 58, 367, 0, 0, 0.54%, 1, 0, 4, 1440.70
1775274590, 2055, 108, 367, 0, 0, 0.54%, 1, 0, 4, 1416.85
1775274596, 2055, 172, 367, 0, 0, 0.54%, 1, 0, 4, 1454.51
1775274601, 2055, 265, 367, 0, 0, 0.54%, 1, 0, 4, 1442.61
1775274606, 2055, 297, 367, 0, 0, 0.54%, 1, 0, 4, 1335.83
1775274611, 2056, 9, 367, 0, 0, 0.54%, 1, 0, 4, 1325.47
1775274616, 2056, 33, 367, 0, 0, 0.54%, 1, 0, 4, 1429.17
1775274621, 2056, 87, 367, 0, 0, 0.54%, 1, 0, 4, 1502.94
1775274626, 2056, 108, 367, 0, 0, 0.54%, 1, 0, 4, 1318.58
1775274632, 2056, 161, 367, 0, 0, 0.54%, 1, 0, 4, 1444.27
1775274637, 2056, 257, 367, 0, 0, 0.54%, 1, 0, 4, 1369.43
1775274642, 2056, 278, 367, 0, 0, 0.54%, 1, 0, 4, 1466.60
1775274647, 2057, 17, 367, 0, 0, 0.54%, 1, 0, 4, 1393.67
1775274652, 2057, 58, 367, 0, 0, 0.54%, 1, 0, 4, 1446.65
1775274657, 2057, 111, 367, 0, 0, 0.54%, 1, 0, 4, 1433.46
1775274662, 2057, 173, 367, 0, 0, 0.54%, 1, 0, 4, 1412.99
1775274667, 2057, 265, 367, 0, 0, 0.54%, 1, 0, 4, 1364.73
1775274672, 2057, 322, 367, 0, 0, 0.54%, 1, 0, 4, 1423.28
1775274677, 2058, 29, 367, 0, 0, 0.54%, 1, 0, 4, 1446.28
1775274682, 2058, 63, 367, 0, 0, 0.54%, 1, 0, 4, 1424.33
1775274688, 2058, 125, 367, 0, 0, 0.54%, 1, 0, 4, 1485.92
1775274693, 2058, 214, 367, 0, 0, 0.54%, 1, 0, 4, 988.22
1775274698, 2058, 265, 367, 0, 0, 0.54%, 1, 0, 4, 1369.70
1775274703, 2058, 330, 367, 0, 0, 0.54%, 1, 0, 4, 1321.97
1775274708, 2059, 33, 367, 0, 0, 0.54%, 1, 0, 4, 1319.26
1775274713, 2059, 101, 367, 0, 0, 0.54%, 1, 0, 4, 1461.71
1775274718, 2059, 225, 367, 0, 0, 0.54%, 1, 0, 4, 1358.49
1775274723, 2059, 263, 367, 0, 0, 0.54%, 1, 0, 4, 1462.09
1775274728, 2059, 322, 367, 0, 0, 0.54%, 1, 0, 4, 1379.70
1775274733, 2060, 29, 367, 0, 0, 0.54%, 1, 0, 4, 1335.61
1775274739, 2060, 89, 367, 0, 0, 0.54%, 1, 0, 4, 1385.00
1775274744, 2060, 116, 367, 0, 0, 0.54%, 1, 0, 4, 1353.20
1775274749, 2060, 215, 367, 0, 0, 0.54%, 1, 0, 4, 1478.15
1775274754, 2060, 265, 367, 0, 0, 0.54%, 1, 0, 4, 1479.23
1775274759, 2060, 358, 367, 0, 0, 0.54%, 1, 0, 4, 1313.46
1775274764, 2061, 31, 367, 0, 0, 0.54%, 1, 0, 4, 1400.06
1775274769, 2061, 81, 367, 0, 0, 0.54%, 1, 0, 4, 1437.85
1775274774, 2061, 119, 367, 0, 0, 0.54%, 1, 0, 4, 1448.76
1775274779, 2061, 265, 367, 0, 0, 0.54%, 1, 0, 4, 1455.62
1775274784, 2061, 353, 367, 0, 0, 0.54%, 1, 0, 4, 1343.75
1775274790, 2062, 33, 367, 0, 0, 0.54%, 1, 0, 4, 1342.46
1775274795, 2062, 103, 367, 0, 0, 0.54%, 1, 0, 4, 1426.51
1775274800, 2062, 265, 367, 0, 0, 0.54%, 1, 0, 4, 1389.09
1775274805, 2062, 319, 367, 0, 0, 0.54%, 1, 0, 4, 1320.47
1775274810, 2063, 31, 367, 0, 0, 0.54%, 1, 0, 4, 1403.43
1775274815, 2063, 101, 367, 0, 0, 0.54%, 1, 0, 4, 1394.72
1775274820, 2063, 152, 367, 0, 0, 0.54%, 1, 0, 4, 1437.25
1775274825, 2063, 252, 367, 0, 0, 0.54%, 1, 0, 4, 1407.94
1775274830, 2063, 319, 367, 0, 0, 0.54%, 1, 0, 4, 1431.56
1775274836, 2064, 9, 367, 0, 0, 0.54%, 1, 0, 4, 1188.56
1775274841, 2064, 39, 367, 0, 0, 0.54%, 1, 0, 4, 1354.25
1775274846, 2064, 101, 367, 0, 0, 0.54%, 1, 0, 4, 1409.81
1775274851, 2064, 141, 367, 0, 0, 0.54%, 1, 0, 4, 1430.79
1775274856, 2064, 265, 367, 0, 0, 0.54%, 1, 0, 4, 1427.68
1775274861, 2064, 314, 367, 0, 0, 0.54%, 1, 0, 4, 1418.10
1775274866, 2065, 52, 367, 0, 0, 0.54%, 1, 0, 4, 1499.89
1775274871, 2065, 94, 367, 0, 0, 0.54%, 1, 0, 4, 1468.73
1775274876, 2065, 117, 367, 0, 0, 0.54%, 1, 0, 4, 1470.91
1775274881, 2065, 165, 367, 0, 0, 0.54%, 1, 0, 4, 1463.45
1775274887, 2065, 229, 367, 0, 0, 0.54%, 1, 0, 4, 1498.13
1775274892, 2065, 274, 367, 0, 0, 0.54%, 1, 0, 4, 1515.28
1775274897, 2065, 357, 367, 0, 0, 0.54%, 1, 0, 4, 1197.95
1775274902, 2066, 29, 367, 0, 0, 0.54%, 1, 0, 4, 1490.39
1775274907, 2066, 63, 367, 0, 0, 0.54%, 1, 0, 4, 1422.71
1775274912, 2066, 108, 367, 0, 0, 0.54%, 1, 0, 4, 1371.21
1775274917, 2066, 265, 367, 0, 0, 0.54%, 1, 0, 4, 1426.61
1775274922, 2066, 322, 367, 0, 0, 0.54%, 1, 0, 4, 1275.69
1775274928, 2067, 21, 367, 0, 0, 0.54%, 1, 0, 4, 1387.70
1775274933, 2067, 63, 367, 0, 0, 0.54%, 1, 0, 4, 1492.71
1775274938, 2067, 96, 367, 0, 0, 0.54%, 1, 0, 4, 1422.39
1775274943, 2067, 160, 367, 0, 0, 0.54%, 1, 0, 4, 1456.37
1775274948, 2067, 213, 367, 0, 0, 0.54%, 1, 0, 4, 1342.20
1775274953, 2067, 256, 367, 0, 0, 0.54%, 1, 0, 4, 1350.40
1775274958, 2067, 291, 367, 0, 0, 0.54%, 1, 0, 4, 1380.19
1775274963, 2068, 29, 367, 0, 0, 0.54%, 1, 0, 4, 1415.29
1775274968, 2068, 89, 367, 0, 0, 0.54%, 1, 0, 4, 1533.68
1775274973, 2068, 135, 367, 0, 0, 0.54%, 1, 0, 4, 1470.70
1775274978, 2068, 259, 367, 0, 0, 0.54%, 1, 0, 4, 1468.94
1775274983, 2068, 280, 367, 0, 0, 0.54%, 1, 0, 4, 1401.09
1775274989, 2069, 29, 367, 0, 0, 0.54%, 1, 0, 4, 1557.09
1775274994, 2069, 64, 367, 0, 0, 0.54%, 1, 0, 4, 1527.44
1775274999, 2069, 113, 367, 0, 0, 0.54%, 1, 0, 4, 1406.36
1775275004, 2069, 212, 367, 0, 0, 0.54%, 1, 0, 4, 1377.96
1775275009, 2069, 276, 367, 0, 0, 0.54%, 1, 0, 4, 1278.58
1775275014, 2070, 27, 367, 0, 0, 0.54%, 1, 0, 4, 1356.29
1775275019, 2070, 58, 367, 0, 0, 0.54%, 1, 0, 4, 1506.12
1775275024, 2070, 108, 367, 0, 0, 0.54%, 1, 0, 4, 1577.56
1775275029, 2070, 210, 367, 0, 0, 0.54%, 1, 0, 4, 1515.24
1775275034, 2070, 263, 367, 0, 0, 0.54%, 1, 0, 4, 1436.10
1775275039, 2070, 288, 367, 0, 0, 0.54%, 1, 0, 4, 1424.34
1775275045, 2071, 31, 367, 0, 0, 0.54%, 1, 0, 4, 1415.31
1775275050, 2071, 84, 367, 0, 0, 0.54%, 1, 0, 4, 1441.56
1775275055, 2071, 135, 367, 0, 0, 0.54%, 1, 0, 4, 1481.16
1775275060, 2071, 265, 367, 0, 0, 0.54%, 1, 0, 4, 1376.81
1775275065, 2071, 322, 367, 0, 0, 0.54%, 1, 0, 4, 1270.28
1775275070, 2072, 31, 367, 0, 0, 0.54%, 1, 0, 4, 1391.98
1775275075, 2072, 71, 367, 0, 0, 0.54%, 1, 0, 4, 1488.36
1775275080, 2072, 123, 367, 0, 0, 0.54%, 1, 0, 4, 1499.77
1775275085, 2072, 254, 367, 0, 0, 0.54%, 1, 0, 4, 1408.21
1775275090, 2072, 268, 367, 0, 0, 0.54%, 1, 0, 4, 1446.13
1775275096, 2072, 305, 367, 0, 0, 0.54%, 1, 0, 4, 1469.95
1775275101, 2073, 9, 367, 0, 0, 0.54%, 1, 0, 4, 1365.82
1775275106, 2073, 81, 367, 0, 0, 0.54%, 1, 0, 4, 1429.35
1775275111, 2073, 158, 367, 0, 0, 0.54%, 1, 0, 4, 1468.84
1775275116, 2073, 265, 367, 0, 0, 0.54%, 1, 0, 4, 1369.85
1775275121, 2073, 322, 367, 0, 0, 0.54%, 1, 0, 4, 1416.27
1775275126, 2074, 31, 367, 0, 0, 0.54%, 1, 0, 4, 1379.13
1775275131, 2074, 64, 367, 0, 0, 0.54%, 1, 0, 4, 1479.34
1775275137, 2074, 144, 367, 0, 0, 0.54%, 1, 0, 4, 1435.96
1775275142, 2074, 274, 367, 0, 0, 0.54%, 1, 0, 4, 1459.23
1775275147, 2074, 363, 367, 0, 0, 0.54%, 1, 0, 4, 220.63
1775275152, 2075, 33, 367, 0, 0, 0.54%, 1, 0, 4, 1485.28
1775275157, 2075, 89, 367, 0, 0, 0.54%, 1, 0, 4, 1434.59
1775275162, 2075, 176, 367, 0, 0, 0.54%, 1, 0, 4, 1390.99
1775275167, 2075, 212, 367, 0, 0, 0.54%, 1, 0, 4, 1415.14
1775275173, 2075, 274, 367, 0, 0, 0.54%, 1, 0, 4, 1497.55
1775275178, 2076, 22, 367, 0, 0, 0.54%, 1, 0, 4, 1353.70
1775275183, 2076, 64, 367, 0, 0, 0.54%, 1, 0, 4, 1547.07
1775275188, 2076, 108, 367, 0, 0, 0.54%, 1, 0, 4, 1335.61
1775275193, 2076, 145, 367, 0, 0, 0.54%, 1, 0, 4, 1418.87
1775275198, 2076, 261, 367, 0, 0, 0.54%, 1, 0, 4, 1428.18
1775275203, 2076, 276, 367, 0, 0, 0.54%, 1, 0, 4, 1355.82
1775275208, 2076, 366, 367, 0, 0, 0.54%, 1, 0, 4, 1334.40
1775275213, 2077, 29, 367, 0, 0, 0.54%, 1, 0, 4, 1360.75
1775275218, 2077, 70, 367, 0, 0, 0.54%, 1, 0, 4, 1475.41
1775275223, 2077, 126, 367, 0, 0, 0.54%, 1, 0, 4, 1368.47
1775275229, 2077, 187, 367, 0, 0, 0.54%, 1, 0, 4, 1381.17
1775275234, 2077, 265, 367, 0, 0, 0.54%, 1, 0, 4, 1414.62
1775275239, 2077, 283, 367, 0, 0, 0.54%, 1, 0, 4, 1383.75
1775275244, 2078, 9, 367, 0, 0, 0.54%, 1, 0, 4, 1708.39
1775275249, 2078, 31, 367, 0, 0, 0.54%, 1, 0, 4, 1554.97
1775275254, 2078, 89, 367, 0, 0, 0.54%, 1, 0, 4, 1649.03
1775275259, 2078, 168, 367, 0, 0, 0.54%, 1, 0, 4, 1386.05
1775275264, 2078, 274, 367, 0, 0, 0.54%, 1, 0, 4, 1445.29
1775275269, 2079, 9, 367, 0, 0, 0.54%, 1, 0, 4, 1277.03
1775275274, 2079, 58, 367, 0, 0, 0.54%, 1, 0, 4, 1391.88
1775275279, 2079, 128, 367, 0, 0, 0.54%, 1, 0, 4, 1432.72
1775275284, 2079, 237, 367, 0, 0, 0.54%, 1, 0, 4, 1424.32
1775275289, 2079, 276, 367, 0, 0, 0.54%, 1, 0, 4, 1537.53
1775275294, 2080, 29, 367, 0, 0, 0.54%, 1, 0, 4, 1479.33
1775275299, 2080, 58, 367, 0, 0, 0.54%, 1, 0, 4, 1409.29
1775275304, 2080, 103, 367, 0, 0, 0.54%, 1, 0, 4, 1445.97
1775275309, 2080, 224, 367, 0, 0, 0.54%, 1, 0, 4, 1493.21
1775275314, 2080, 276, 367, 0, 0, 0.54%, 1, 0, 4, 1475.36
1775275319, 2081, 9, 367, 0, 0, 0.54%, 1, 0, 4, 1502.02
1775275325, 2081, 58, 367, 0, 0, 0.54%, 1, 0, 4, 1446.49
1775275330, 2081, 108, 367, 0, 0, 0.54%, 1, 0, 4, 1475.86
1775275335, 2081, 182, 367, 0, 0, 0.54%, 1, 0, 4, 288.71
1775275340, 2081, 261, 367, 0, 0, 0.54%, 1, 0, 4, 1172.39
1775275345, 2081, 276, 367, 0, 0, 0.54%, 1, 0, 4, 1359.13
1775275350, 2082, 29, 367, 0, 0, 0.54%, 1, 0, 4, 1454.65
1775275355, 2082, 88, 367, 0, 0, 0.54%, 1, 0, 4, 1434.41
1775275360, 2082, 126, 367, 0, 0, 0.54%, 1, 0, 4, 1383.21
1775275365, 2082, 265, 367, 0, 0, 0.54%, 1, 0, 4, 1545.61
1775275370, 2082, 322, 367, 0, 0, 0.54%, 1, 0, 4, 1214.82
1775275376, 2083, 9, 367, 0, 0, 0.54%, 1, 0, 4, 1279.18
1775275381, 2083, 34, 367, 0, 0, 0.54%, 1, 0, 4, 1361.61
1775275386, 2083, 81, 367, 0, 0, 0.54%, 1, 0, 4, 1427.44
1775275391, 2083, 101, 367, 0, 0, 0.54%, 1, 0, 4, 1349.48
1775275396, 2083, 184, 367, 0, 0, 0.54%, 1, 0, 4, 1447.48
1775275401, 2083, 274, 367, 0, 0, 0.54%, 1, 0, 4, 1548.85
1775275406, 2084, 9, 367, 0, 0, 0.54%, 1, 0, 4, 1408.46
1775275411, 2084, 50, 367, 0, 0, 0.54%, 1, 0, 4, 1659.30
1775275416, 2084, 101, 367, 0, 0, 0.54%, 1, 0, 4, 1555.79
1775275421, 2084, 157, 367, 0, 0, 0.54%, 1, 0, 4, 1425.95
1775275427, 2084, 261, 367, 0, 0, 0.54%, 1, 0, 4, 1311.74
1775275432, 2084, 322, 367, 0, 0, 0.54%, 1, 0, 4, 1191.49
1775275437, 2085, 33, 367, 0, 0, 0.54%, 1, 0, 4, 1320.77
1775275442, 2085, 89, 367, 0, 0, 0.54%, 1, 0, 4, 1453.65
1775275447, 2085, 126, 367, 0, 0, 0.54%, 1, 0, 4, 1376.65
1775275452, 2085, 250, 367, 0, 0, 0.54%, 1, 0, 4, 1381.48
1775275457, 2085, 275, 367, 0, 0, 0.54%, 1, 0, 4, 1417.08
1775275462, 2086, 29, 367, 0, 0, 0.54%, 1, 0, 4, 1348.39
1775275467, 2086, 48, 367, 0, 0, 0.54%, 1, 0, 4, 1469.34
1775275472, 2086, 89, 367, 0, 0, 0.54%, 1, 0, 4, 1383.78
1775275477, 2086, 136, 367, 0, 0, 0.54%, 1, 0, 4, 1372.39
1775275482, 2086, 265, 367, 0, 0, 0.54%, 1, 0, 4, 1405.67
1775275488, 2086, 291, 367, 0, 0, 0.54%, 1, 0, 4, 1241.47
1775275493, 2087, 30, 367, 0, 0, 0.54%, 1, 0, 4, 1593.57
1775275498, 2087, 101, 367, 0, 0, 0.54%, 1, 0, 4, 1490.58
1775275503, 2087, 181, 367, 0, 0, 0.54%, 1, 0, 4, 1429.08
1775275508, 2087, 240, 367, 0, 0, 0.54%, 1, 0, 4, 1352.53
1775275513, 2087, 275, 367, 0, 0, 0.54%, 1, 0, 4, 1434.57
1775275518, 2087, 318, 367, 0, 0, 0.54%, 1, 0, 4, 1282.00
1775275523, 2088, 31, 367, 0, 0, 0.54%, 1, 0, 4, 1399.90
1775275528, 2088, 89, 367, 0, 0, 0.54%, 1, 0, 4, 1459.19
1775275533, 2088, 211, 367, 0, 0, 0.54%, 1, 0, 4, 1410.09
1775275539, 2088, 272, 367, 0, 0, 0.54%, 1, 0, 4, 1388.55
1775275544, 2088, 322, 367, 0, 0, 0.54%, 1, 0, 4, 1340.35
1775275549, 2089, 29, 367, 0, 0, 0.54%, 1, 0, 4, 1433.70
1775275554, 2089, 64, 367, 0, 0, 0.54%, 1, 0, 4, 1458.14
1775275559, 2089, 152, 367, 0, 0, 0.54%, 1, 0, 4, 1331.76
1775275564, 2089, 197, 367, 0, 0, 0.54%, 1, 0, 4, 1433.85
1775275569, 2089, 252, 367, 0, 0, 0.54%, 1, 0, 4, 1525.15
1775275574, 2089, 307, 367, 0, 0, 0.54%, 1, 0, 4, 1389.01
1775275579, 2090, 29, 367, 0, 0, 0.54%, 1, 0, 4, 1365.47
1775275584, 2090, 64, 367, 0, 0, 0.54%, 1, 0, 4, 1499.57
1775275589, 2090, 126, 367, 0, 0, 0.54%, 1, 0, 4, 1448.46
1775275595, 2090, 212, 367, 0, 0, 0.54%, 1, 0, 4, 1492.04
1775275600, 2090, 276, 367, 0, 0, 0.54%, 1, 0, 4, 1414.17
1775275605, 2091, 31, 367, 0, 0, 0.54%, 1, 0, 4, 1342.21
1775275610, 2091, 89, 367, 0, 0, 0.54%, 1, 0, 4, 1485.75
1775275615, 2091, 171, 367, 0, 0, 0.54%, 1, 0, 4, 1505.19
1775275620, 2091, 203, 367, 0, 0, 0.54%, 1, 0, 4, 1440.80
1775275625, 2091, 275, 367, 0, 0, 0.54%, 1, 0, 4, 1151.40
1775275630, 2092, 7, 367, 0, 0, 0.54%, 1, 0, 4, 1322.24
1775275635, 2092, 31, 367, 0, 0, 0.54%, 1, 0, 4, 815.32
1775275640, 2092, 68, 367, 0, 0, 0.54%, 1, 0, 4, 1397.52
1775275646, 2092, 119, 367, 0, 0, 0.54%, 1, 0, 4, 1429.05
1775275651, 2092, 225, 367, 0, 0, 0.54%, 1, 0, 4, 1508.38
1775275656, 2092, 278, 367, 0, 0, 0.54%, 1, 0, 4, 1380.83
1775275661, 2093, 8, 367, 0, 0, 0.54%, 1, 0, 4, 1269.05
1775275666, 2093, 58, 367, 0, 0, 0.54%, 1, 0, 4, 1377.60
1775275671, 2093, 103, 367, 0, 0, 0.54%, 1, 0, 4, 1399.18
1775275676, 2093, 160, 367, 0, 0, 0.54%, 1, 0, 4, 1345.53
1775275681, 2093, 246, 367, 0, 0, 0.54%, 1, 0, 4, 1468.18
1775275686, 2093, 290, 367, 0, 0, 0.54%, 1, 0, 4, 1487.58
1775275692, 2094, 29, 367, 0, 0, 0.54%, 1, 0, 4, 1453.06
1775275697, 2094, 89, 367, 0, 0, 0.54%, 1, 0, 4, 1442.14
1775275702, 2094, 216, 367, 0, 0, 0.54%, 1, 0, 4, 1471.23
1775275707, 2094, 268, 367, 0, 0, 0.54%, 1, 0, 4, 1476.86
1775275712, 2095, 18, 367, 0, 0, 0.54%, 1, 0, 4, 1393.16
1775275717, 2095, 58, 367, 0, 0, 0.54%, 1, 0, 4, 1468.12
1775275722, 2095, 85, 367, 0, 0, 0.54%, 1, 0, 4, 1452.80
1775275727, 2095, 117, 367, 0, 0, 0.54%, 1, 0, 4, 1484.11
1775275732, 2095, 205, 367, 0, 0, 0.54%, 1, 0, 4, 1494.50
1775275738, 2095, 274, 367, 0, 0, 0.54%, 1, 0, 4, 1471.18
1775275743, 2096, 5, 367, 0, 0, 0.54%, 1, 0, 4, 1440.20
1775275748, 2096, 58, 367, 0, 0, 0.54%, 1, 0, 4, 1449.58
1775275753, 2096, 103, 367, 0, 0, 0.54%, 1, 0, 4, 1332.09
1775275758, 2096, 212, 367, 0, 0, 0.54%, 1, 0, 4, 1347.74
1775275763, 2096, 322, 367, 0, 0, 0.54%, 1, 0, 4, 1312.11
1775275768, 2097, 31, 367, 0, 0, 0.54%, 1, 0, 4, 1308.82
1775275773, 2097, 103, 367, 0, 0, 0.54%, 1, 0, 4, 1303.39
1775275778, 2097, 198, 367, 0, 0, 0.54%, 1, 0, 4, 1346.20
1775275783, 2097, 265, 367, 0, 0, 0.54%, 1, 0, 4, 1458.89
1775275789, 2097, 294, 367, 0, 0, 0.54%, 1, 0, 4, 1341.77
1775275794, 2098, 11, 367, 0, 0, 0.54%, 1, 0, 4, 1450.04
1775275799, 2098, 33, 367, 0, 0, 0.54%, 1, 0, 4, 1413.71
1775275804, 2098, 72, 367, 0, 0, 0.54%, 1, 0, 4, 1417.49
1775275809, 2098, 129, 367, 0, 0, 0.54%, 1, 0, 4, 1396.44
1775275814, 2098, 188, 367, 0, 0, 0.54%, 1, 0, 4, 1400.11
1775275819, 2098, 275, 367, 0, 0, 0.54%, 1, 0, 4, 1545.58
1775275825, 2099, 33, 367, 0, 0, 0.54%, 1, 0, 4, 1466.36
1775275830, 2099, 79, 367, 0, 0, 0.54%, 1, 0, 4, 1473.11
1775275835, 2099, 148, 367, 0, 0, 0.54%, 1, 0, 4, 1437.49
1775275840, 2099, 261, 367, 0, 0, 0.54%, 1, 0, 4, 1282.47
1775275845, 2099, 313, 367, 0, 0, 0.54%, 1, 0, 4, 1367.75
1775275850, 2100, 31, 367, 0, 0, 0.54%, 1, 0, 4, 1430.47
1775275855, 2100, 98, 367, 0, 0, 0.54%, 1, 0, 4, 1448.64
1775275860, 2100, 140, 367, 0, 0, 0.54%, 1, 0, 4, 1336.69
1775275865, 2100, 193, 367, 0, 0, 0.54%, 1, 0, 4, 1298.96
1775275871, 2100, 261, 367, 0, 0, 0.54%, 1, 0, 4, 1444.85
1775275876, 2100, 364, 367, 0, 0, 0.54%, 1, 0, 4, 1364.18
1775275881, 2101, 33, 367, 0, 0, 0.54%, 1, 0, 4, 1467.22
1775275886, 2101, 97, 367, 0, 0, 0.54%, 1, 0, 4, 1428.16
1775275891, 2101, 166, 367, 0, 0, 0.54%, 1, 0, 4, 1434.90
1775275896, 2101, 261, 367, 0, 0, 0.54%, 1, 0, 4, 1397.14
1775275901, 2101, 280, 367, 0, 0, 0.54%, 1, 0, 4, 1376.01
1775275907, 2102, 4, 367, 0, 0, 0.54%, 1, 0, 4, 1226.47
1775275912, 2102, 31, 367, 0, 0, 0.54%, 1, 0, 4, 1380.00
1775275917, 2102, 64, 367, 0, 0, 0.54%, 1, 0, 4, 1381.49
1775275922, 2102, 108, 367, 0, 0, 0.54%, 1, 0, 4, 1417.61
1775275927, 2102, 173, 367, 0, 0, 0.54%, 1, 0, 4, 1373.86
1775275932, 2102, 274, 367, 0, 0, 0.54%, 1, 0, 4, 1417.70
1775275937, 2102, 361, 367, 0, 0, 0.54%, 1, 0, 4, 201.61
1775275942, 2103, 31, 367, 0, 0, 0.54%, 1, 0, 4, 1427.81
1775275947, 2103, 89, 367, 0, 0, 0.54%, 1, 0, 4, 1474.35
1775275952, 2103, 160, 367, 0, 0, 0.54%, 1, 0, 4, 1504.35
1775275957, 2103, 265, 367, 0, 0, 0.54%, 1, 0, 4, 1475.53
1775275962, 2104, 20, 367, 0, 0, 0.54%, 1, 0, 4, 1421.47
1775275967, 2104, 63, 367, 0, 0, 0.54%, 1, 0, 4, 1475.29
1775275973, 2104, 108, 367, 0, 0, 0.54%, 1, 0, 4, 1388.85
1775275978, 2104, 195, 367, 0, 0, 0.54%, 1, 0, 4, 1423.32
1775275983, 2104, 275, 367, 0, 0, 0.54%, 1, 0, 4, 1490.15
1775275988, 2105, 20, 367, 0, 0, 0.54%, 1, 0, 4, 1393.92
1775275993, 2105, 63, 367, 0, 0, 0.54%, 1, 0, 4, 1500.09
1775275998, 2105, 103, 367, 0, 0, 0.54%, 1, 0, 4, 1429.52
1775276003, 2105, 187, 367, 0, 0, 0.54%, 1, 0, 4, 1404.79
1775276008, 2105, 265, 367, 0, 0, 0.54%, 1, 0, 4, 1492.78
1775276013, 2105, 357, 367, 0, 0, 0.54%, 1, 0, 4, 1382.86
1775276019, 2106, 58, 367, 0, 0, 0.54%, 1, 0, 4, 1469.74
1775276024, 2106, 101, 367, 0, 0, 0.54%, 1, 0, 4, 1365.72
1775276029, 2106, 141, 367, 0, 0, 0.54%, 1, 0, 4, 1526.75
1775276034, 2106, 259, 367, 0, 0, 0.54%, 1, 0, 4, 1456.87
1775276039, 2106, 276, 367, 0, 0, 0.54%, 1, 0, 4, 1403.02
1775276044, 2107, 1, 367, 0, 0, 0.54%, 1, 0, 4, 1416.94
1775276049, 2107, 52, 367, 0, 0, 0.54%, 1, 0, 4, 1435.26
1775276054, 2107, 103, 367, 0, 0, 0.54%, 1, 0, 4, 1480.41
1775276059, 2107, 265, 367, 0, 0, 0.54%, 1, 0, 4, 1507.95
1775276064, 2107, 322, 367, 0, 0, 0.54%, 1, 0, 4, 1412.91
1775276069, 2108, 30, 367, 0, 0, 0.54%, 1, 0, 4, 1385.34
1775276075, 2108, 66, 367, 0, 0, 0.54%, 1, 0, 4, 1475.60
1775276080, 2108, 108, 367, 0, 0, 0.54%, 1, 0, 4, 1423.83
1775276085, 2108, 255, 367, 0, 0, 0.54%, 1, 0, 4, 1475.33
1775276090, 2108, 276, 367, 0, 0, 0.54%, 1, 0, 4, 444.14
1775276095, 2108, 363, 367, 0, 0, 0.54%, 1, 0, 4, 1000.90
1775276100, 2109, 31, 367, 0, 0, 0.54%, 1, 0, 4, 1237.61
1775276105, 2109, 101, 367, 0, 0, 0.54%, 1, 0, 4, 1464.45
1775276110, 2109, 170, 367, 0, 0, 0.54%, 1, 0, 4, 1579.03
1775276115, 2109, 261, 367, 0, 0, 0.54%, 1, 0, 4, 1374.16
1775276120, 2109, 313, 367, 0, 0, 0.54%, 1, 0, 4, 1335.49
1775276125, 2110, 29, 367, 0, 0, 0.54%, 1, 0, 4, 1396.85
1775276131, 2110, 51, 367, 0, 0, 0.54%, 1, 0, 4, 1507.73
1775276136, 2110, 85, 367, 0, 0, 0.54%, 1, 0, 4, 1469.00
1775276141, 2110, 144, 367, 0, 0, 0.54%, 1, 0, 4, 1486.78
1775276146, 2110, 241, 367, 0, 0, 0.54%, 1, 0, 4, 1413.56
1775276151, 2110, 311, 367, 0, 0, 0.54%, 1, 0, 4, 1463.57
1775276156, 2111, 14, 367, 0, 0, 0.54%, 1, 0, 4, 1591.95
1775276161, 2111, 34, 367, 0, 0, 0.54%, 1, 0, 4, 1498.23
1775276166, 2111, 92, 367, 0, 0, 0.54%, 1, 0, 4, 1489.16
1775276172, 2111, 129, 367, 0, 0, 0.54%, 1, 0, 4, 1441.31
1775276177, 2111, 202, 367, 0, 0, 0.54%, 1, 0, 4, 1529.82
1775276182, 2111, 261, 367, 0, 0, 0.54%, 1, 0, 4, 1542.91
1775276187, 2111, 322, 367, 0, 0, 0.54%, 1, 0, 4, 1455.69
1775276192, 2112, 25, 367, 0, 0, 0.54%, 1, 0, 4, 1551.88
1775276197, 2112, 63, 367, 0, 0, 0.54%, 1, 0, 4, 1508.28
1775276202, 2112, 107, 367, 0, 0, 0.54%, 1, 0, 4, 1526.17
1775276207, 2112, 167, 367, 0, 0, 0.54%, 1, 0, 4, 1474.97
1775276212, 2112, 256, 367, 0, 0, 0.54%, 1, 0, 4, 1477.60
1775276217, 2112, 278, 367, 0, 0, 0.54%, 1, 0, 4, 1411.63
1775276222, 2113, 29, 367, 0, 0, 0.54%, 1, 0, 4, 1331.77
1775276227, 2113, 89, 367, 0, 0, 0.54%, 1, 0, 4, 1428.84
1775276232, 2113, 158, 367, 0, 0, 0.54%, 1, 0, 4, 1406.16
1775276237, 2113, 229, 367, 0, 0, 0.54%, 1, 0, 4, 1355.28
1775276243, 2113, 275, 367, 0, 0, 0.54%, 1, 0, 4, 1458.23
1775276248, 2114, 29, 367, 0, 0, 0.54%, 1, 0, 4, 1406.09
1775276253, 2114, 63, 367, 0, 0, 0.54%, 1, 0, 4, 1531.20
1775276258, 2114, 176, 367, 0, 0, 0.54%, 1, 0, 4, 1454.04
1775276263, 2114, 274, 367, 0, 0, 0.54%, 1, 0, 4, 1366.10
1775276268, 2114, 340, 367, 0, 0, 0.54%, 1, 0, 4, 1255.39
1775276273, 2115, 31, 367, 0, 0, 0.54%, 1, 0, 4, 1354.16
1775276278, 2115, 71, 367, 0, 0, 0.54%, 1, 0, 4, 1234.91
1775276283, 2115, 113, 367, 0, 0, 0.54%, 1, 0, 4, 1439.26
1775276288, 2115, 221, 367, 0, 0, 0.54%, 1, 0, 4, 1485.14
1775276293, 2115, 277, 367, 0, 0, 0.54%, 1, 0, 4, 1455.99
1775276298, 2116, 28, 367, 0, 0, 0.54%, 1, 0, 4, 1443.16
1775276303, 2116, 64, 367, 0, 0, 0.54%, 1, 0, 4, 1502.91
1775276308, 2116, 96, 367, 0, 0, 0.54%, 1, 0, 4, 1318.33
1775276313, 2116, 208, 367, 0, 0, 0.54%, 1, 0, 4, 1449.66
1775276319, 2116, 266, 367, 0, 0, 0.54%, 1, 0, 4, 1462.62
1775276324, 2116, 322, 367, 0, 0, 0.54%, 1, 0, 4, 1288.40
1775276329, 2117, 35, 367, 0, 0, 0.54%, 1, 0, 4, 1377.07
1775276334, 2117, 82, 367, 0, 0, 0.54%, 1, 0, 4, 1461.31
1775276339, 2117, 243, 367, 0, 0, 0.54%, 1, 0, 4, 1460.35
1775276344, 2117, 275, 367, 0, 0, 0.54%, 1, 0, 4, 1335.17
1775276349, 2117, 328, 367, 0, 0, 0.54%, 1, 0, 4, 1175.59
1775276354, 2118, 51, 367, 0, 0, 0.54%, 1, 0, 4, 1306.65
1775276359, 2118, 101, 367, 0, 0, 0.54%, 1, 0, 4, 1416.14
1775276364, 2118, 198, 367, 0, 0, 0.54%, 1, 0, 4, 1433.37
1775276369, 2118, 274, 367, 0, 0, 0.54%, 1, 0, 4, 1466.25
1775276374, 2118, 317, 367, 0, 0, 0.54%, 1, 0, 4, 1347.18
1775276380, 2119, 33, 367, 0, 0, 0.54%, 1, 0, 4, 1369.86
1775276385, 2119, 103, 367, 0, 0, 0.54%, 1, 0, 4, 1404.64
1775276390, 2119, 234, 367, 0, 0, 0.54%, 1, 0, 4, 1553.85
1775276395, 2119, 278, 367, 0, 0, 0.54%, 1, 0, 4, 1385.02
1775276400, 2120, 24, 367, 0, 0, 0.54%, 1, 0, 4, 1371.03
1775276405, 2120, 53, 367, 0, 0, 0.54%, 1, 0, 4, 1402.47
1775276410, 2120, 90, 367, 0, 0, 0.54%, 1, 0, 4, 1399.66
1775276416, 2120, 125, 367, 0, 0, 0.54%, 1, 0, 4, 1388.52
1775276421, 2120, 265, 367, 0, 0, 0.54%, 1, 0, 4, 1384.68
1775276426, 2120, 352, 367, 0, 0, 0.54%, 1, 0, 4, 1356.45
1775276431, 2121, 58, 367, 0, 0, 0.54%, 1, 0, 4, 1900.99
1775276436, 2121, 89, 367, 0, 0, 0.54%, 1, 0, 4, 1602.70
1775276441, 2121, 161, 367, 0, 0, 0.54%, 1, 0, 4, 1527.66
1775276446, 2121, 214, 367, 0, 0, 0.54%, 1, 0, 4, 1353.09
1775276451, 2121, 265, 367, 0, 0, 0.54%, 1, 0, 4, 1357.24
1775276456, 2121, 334, 367, 0, 0, 0.54%, 1, 0, 4, 1224.01
1775276461, 2122, 31, 367, 0, 0, 0.54%, 1, 0, 4, 1357.61
1775276466, 2122, 63, 367, 0, 0, 0.54%, 1, 0, 4, 1488.50
1775276472, 2122, 137, 367, 0, 0, 0.54%, 1, 0, 4, 1332.77
1775276477, 2122, 275, 367, 0, 0, 0.54%, 1, 0, 4, 1467.79
1775276482, 2123, 9, 367, 0, 0, 0.54%, 1, 0, 4, 1355.47
1775276487, 2123, 58, 367, 0, 0, 0.54%, 1, 0, 4, 1433.79
1775276492, 2123, 162, 367, 0, 0, 0.54%, 1, 0, 4, 1448.36
1775276497, 2123, 265, 367, 0, 0, 0.54%, 1, 0, 4, 1426.92
1775276502, 2123, 295, 367, 0, 0, 0.54%, 1, 0, 4, 1372.80
1775276507, 2124, 29, 367, 0, 0, 0.54%, 1, 0, 4, 1349.64
1775276512, 2124, 63, 367, 0, 0, 0.54%, 1, 0, 4, 1359.72
1775276517, 2124, 103, 367, 0, 0, 0.54%, 1, 0, 4, 1308.30
1775276522, 2124, 204, 367, 0, 0, 0.54%, 1, 0, 4, 1469.36
1775276528, 2124, 275, 367, 0, 0, 0.54%, 1, 0, 4, 1500.09
1775276533, 2125, 14, 367, 0, 0, 0.54%, 1, 0, 4, 1457.39
1775276538, 2125, 42, 367, 0, 0, 0.54%, 1, 0, 4, 1310.55
1775276543, 2125, 89, 367, 0, 0, 0.54%, 1, 0, 4, 1505.52
1775276548, 2125, 132, 367, 0, 0, 0.54%, 1, 0, 4, 1451.13
1775276553, 2125, 274, 367, 0, 0, 0.54%, 1, 0, 4, 1519.56
1775276558, 2126, 18, 367, 0, 0, 0.54%, 1, 0, 4, 1391.29
1775276563, 2126, 33, 367, 0, 0, 0.54%, 1, 0, 4, 1448.30
1775276568, 2126, 63, 367, 0, 0, 0.54%, 1, 0, 4, 1459.54
1775276573, 2126, 112, 367, 0, 0, 0.54%, 1, 0, 4, 1478.11
1775276578, 2126, 232, 367, 0, 0, 0.54%, 1, 0, 4, 1472.66
1775276584, 2126, 283, 367, 0, 0, 0.54%, 1, 0, 4, 1425.32
1775276589, 2127, 31, 367, 0, 0, 0.54%, 1, 0, 4, 1499.04
1775276594, 2127, 89, 367, 0, 0, 0.54%, 1, 0, 4, 1620.32
1775276599, 2127, 138, 367, 0, 0, 0.54%, 1, 0, 4, 1386.47
1775276604, 2127, 239, 367, 0, 0, 0.54%, 1, 0, 4, 1509.38
1775276609, 2127, 289, 367, 0, 0, 0.54%, 1, 0, 4, 1417.70
1775276614, 2128, 9, 367, 0, 0, 0.54%, 1, 0, 4, 1322.52
1775276619, 2128, 33, 367, 0, 0, 0.54%, 1, 0, 4, 1481.65
1775276624, 2128, 101, 367, 0, 0, 0.54%, 1, 0, 4, 1430.10
1775276629, 2128, 209, 367, 0, 0, 0.54%, 1, 0, 4, 1417.08
1775276634, 2128, 322, 367, 0, 0, 0.54%, 1, 0, 4, 1397.56
1775276640, 2129, 48, 367, 0, 0, 0.54%, 1, 0, 4, 1460.39
1775276645, 2129, 89, 367, 0, 0, 0.54%, 1, 0, 4, 1488.42
1775276650, 2129, 142, 367, 0, 0, 0.54%, 1, 0, 4, 1433.23
1775276655, 2129, 261, 367, 0, 0, 0.54%, 1, 0, 4, 1479.29
1775276660, 2129, 313, 367, 0, 0, 0.54%, 1, 0, 4, 1452.79
1775276665, 2130, 31, 367, 0, 0, 0.54%, 1, 0, 4, 1305.13
1775276670, 2130, 63, 367, 0, 0, 0.54%, 1, 0, 4, 1331.05
1775276675, 2130, 108, 367, 0, 0, 0.54%, 1, 0, 4, 1376.81
1775276680, 2130, 261, 367, 0, 0, 0.54%, 1, 0, 4, 1375.24
1775276685, 2130, 322, 367, 0, 0, 0.54%, 1, 0, 4, 1459.94
1775276691, 2131, 29, 367, 0, 0, 0.54%, 1, 0, 4, 1278.25
1775276696, 2131, 58, 367, 0, 0, 0.54%, 1, 0, 4, 1295.98
1775276701, 2131, 101, 367, 0, 0, 0.54%, 1, 0, 4, 1510.32
1775276706, 2131, 134, 367, 0, 0, 0.54%, 1, 0, 4, 1538.10
1775276711, 2131, 191, 367, 0, 0, 0.54%, 1, 0, 4, 1442.92
1775276716, 2131, 227, 367, 0, 0, 0.54%, 1, 0, 4, 1361.68
1775276721, 2131, 274, 367, 0, 0, 0.54%, 1, 0, 4, 1490.84
1775276726, 2131, 365, 367, 0, 0, 0.54%, 1, 0, 4, 1314.00
1775276731, 2132, 32, 367, 0, 0, 0.54%, 1, 0, 4, 1468.60
1775276736, 2132, 89, 367, 0, 0, 0.54%, 1, 0, 4, 1510.30
1775276741, 2132, 132, 367, 0, 0, 0.54%, 1, 0, 4, 1337.33
1775276746, 2132, 265, 367, 0, 0, 0.54%, 1, 0, 4, 1531.37
1775276751, 2132, 361, 367, 0, 0, 0.54%, 1, 0, 4, 1214.69
1775276757, 2133, 31, 367, 0, 0, 0.54%, 1, 0, 4, 1419.87
1775276762, 2133, 71, 367, 0, 0, 0.54%, 1, 0, 4, 1358.15
1775276767, 2133, 125, 367, 0, 0, 0.54%, 1, 0, 4, 1400.77
1775276772, 2133, 168, 367, 0, 0, 0.54%, 1, 0, 4, 1403.22
1775276777, 2133, 265, 367, 0, 0, 0.54%, 1, 0, 4, 1421.55
1775276782, 2133, 362, 367, 0, 0, 0.54%, 1, 0, 4, 240.57
1775276787, 2134, 31, 367, 0, 0, 0.54%, 1, 0, 4, 1361.56
1775276792, 2134, 89, 367, 0, 0, 0.54%, 1, 0, 4, 1452.54
1775276798, 2134, 147, 367, 0, 0, 0.54%, 1, 0, 4, 1220.75
1775276803, 2134, 274, 367, 0, 0, 0.54%, 1, 0, 4, 1437.78
1775276808, 2135, 20, 367, 0, 0, 0.54%, 1, 0, 4, 1315.62
1775276813, 2135, 58, 367, 0, 0, 0.54%, 1, 0, 4, 1317.43
1775276818, 2135, 101, 367, 0, 0, 0.54%, 1, 0, 4, 1471.41
1775276823, 2135, 179, 367, 0, 0, 0.54%, 1, 0, 4, 1360.10
1775276828, 2135, 251, 367, 0, 0, 0.54%, 1, 0, 4, 1439.38
1775276833, 2135, 276, 367, 0, 0, 0.54%, 1, 0, 4, 1459.90
1775276839, 2135, 365, 367, 0, 0, 0.54%, 1, 0, 4, 1345.87
1775276844, 2136, 31, 367, 0, 0, 0.54%, 1, 0, 4, 1413.56
1775276849, 2136, 77, 367, 0, 0, 0.54%, 1, 0, 4, 1529.59
1775276854, 2136, 108, 367, 0, 0, 0.54%, 1, 0, 4, 1448.52
1775276859, 2136, 261, 367, 0, 0, 0.54%, 1, 0, 4, 1436.11
1775276864, 2136, 356, 367, 0, 0, 0.54%, 1, 0, 4, 1290.52
1775276869, 2137, 32, 367, 0, 0, 0.54%, 1, 0, 4, 1431.28
1775276874, 2137, 89, 367, 0, 0, 0.54%, 1, 0, 4, 1532.02
1775276879, 2137, 153, 367, 0, 0, 0.54%, 1, 0, 4, 1436.55
1775276884, 2137, 209, 367, 0, 0, 0.54%, 1, 0, 4, 1751.53
1775276890, 2137, 274, 367, 0, 0, 0.54%, 1, 0, 4, 1527.52
1775276895, 2137, 326, 367, 0, 0, 0.54%, 1, 0, 4, 1407.77
1775276900, 2138, 33, 367, 0, 0, 0.54%, 1, 0, 4, 1470.94
1775276905, 2138, 76, 367, 0, 0, 0.54%, 1, 0, 4, 1452.06
1775276910, 2138, 143, 367, 0, 0, 0.54%, 1, 0, 4, 1445.83
1775276915, 2138, 265, 367, 0, 0, 0.54%, 1, 0, 4, 1366.03
1775276920, 2138, 329, 367, 0, 0, 0.54%, 1, 0, 4, 1364.40
1775276925, 2139, 63, 367, 0, 0, 0.54%, 1, 0, 4, 1516.04
1775276930, 2139, 104, 367, 0, 0, 0.54%, 1, 0, 4, 1376.48
1775276935, 2139, 180, 367, 0, 0, 0.54%, 1, 0, 4, 1325.38
1775276940, 2139, 258, 367, 0, 0, 0.54%, 1, 0, 4, 1336.92
1775276946, 2139, 322, 367, 0, 0, 0.54%, 1, 0, 4, 1379.39
1775276951, 2140, 31, 367, 0, 0, 0.54%, 1, 0, 4, 1452.70
1775276956, 2140, 64, 367, 0, 0, 0.54%, 1, 0, 4, 1420.33
1775276961, 2140, 164, 367, 0, 0, 0.54%, 1, 0, 4, 1380.39
1775276966, 2140, 276, 367, 0, 0, 0.54%, 1, 0, 4, 1424.65
1775276971, 2141, 29, 367, 0, 0, 0.54%, 1, 0, 4, 1460.51
1775276976, 2141, 63, 367, 0, 0, 0.54%, 1, 0, 4, 1453.49
1775276981, 2141, 108, 367, 0, 0, 0.54%, 1, 0, 4, 1371.82
1775276986, 2141, 256, 367, 0, 0, 0.54%, 1, 0, 4, 1388.46
1775276992, 2141, 276, 367, 0, 0, 0.54%, 1, 0, 4, 1342.83
1775276997, 2142, 12, 367, 0, 0, 0.54%, 1, 0, 4, 1386.76
1775277002, 2142, 39, 367, 0, 0, 0.54%, 1, 0, 4, 1486.16
1775277007, 2142, 91, 367, 0, 0, 0.54%, 1, 0, 4, 1483.51
1775277012, 2142, 218, 367, 0, 0, 0.54%, 1, 0, 4, 1399.96
1775277017, 2142, 270, 367, 0, 0, 0.54%, 1, 0, 4, 1359.26
1775277022, 2142, 322, 367, 0, 0, 0.54%, 1, 0, 4, 1325.62
1775277027, 2143, 31, 367, 0, 0, 0.54%, 1, 0, 4, 1346.21
1775277032, 2143, 63, 367, 0, 0, 0.54%, 1, 0, 4, 1453.20
1775277037, 2143, 97, 367, 0, 0, 0.54%, 1, 0, 4, 1434.61
1775277042, 2143, 111, 367, 0, 0, 0.54%, 1, 0, 4, 1388.39
1775277047, 2143, 177, 367, 0, 0, 0.54%, 1, 0, 4, 1425.42
1775277052, 2143, 266, 367, 0, 0, 0.54%, 1, 0, 4, 1373.66
1775277058, 2144, 9, 367, 0, 0, 0.54%, 1, 0, 4, 1489.78
1775277063, 2144, 64, 367, 0, 0, 0.54%, 1, 0, 4, 1565.31
1775277068, 2144, 92, 367, 0, 0, 0.54%, 1, 0, 4, 1487.61
1775277073, 2144, 150, 367, 0, 0, 0.54%, 1, 0, 4, 1497.07
1775277078, 2144, 262, 367, 0, 0, 0.54%, 1, 0, 4, 1391.67
1775277083, 2144, 307, 367, 0, 0, 0.54%, 1, 0, 4, 1412.35
1775277088, 2145, 31, 367, 0, 0, 0.54%, 1, 0, 4, 1338.54
1775277093, 2145, 63, 367, 0, 0, 0.54%, 1, 0, 4, 1377.99
1775277098, 2145, 111, 367, 0, 0, 0.54%, 1, 0, 4, 1438.61
1775277104, 2145, 237, 367, 0, 0, 0.54%, 1, 0, 4, 1454.28
1775277109, 2145, 278, 367, 0, 0, 0.54%, 1, 0, 4, 1362.47
1775277114, 2146, 29, 367, 0, 0, 0.54%, 1, 0, 4, 1456.48
1775277119, 2146, 89, 367, 0, 0, 0.54%, 1, 0, 4, 1342.39
1775277124, 2146, 108, 367, 0, 0, 0.54%, 1, 0, 4, 1502.51
1775277129, 2146, 207, 367, 0, 0, 0.54%, 1, 0, 4, 1427.55
1775277134, 2146, 274, 367, 0, 0, 0.54%, 1, 0, 4, 1461.12
1775277139, 2147, 9, 367, 0, 0, 0.54%, 1, 0, 4, 475.29
1775277144, 2147, 42, 367, 0, 0, 0.54%, 1, 0, 4, 1295.52
1775277149, 2147, 103, 367, 0, 0, 0.54%, 1, 0, 4, 1394.07
1775277154, 2147, 261, 367, 0, 0, 0.54%, 1, 0, 4, 1376.10
1775277159, 2148, 9, 367, 0, 0, 0.54%, 1, 0, 4, 1427.12
1775277165, 2148, 58, 367, 0, 0, 0.54%, 1, 0, 4, 1500.92
1775277170, 2148, 101, 367, 0, 0, 0.54%, 1, 0, 4, 1439.34
1775277175, 2148, 241, 367, 0, 0, 0.54%, 1, 0, 4, 1444.70
1775277180, 2148, 275, 367, 0, 0, 0.54%, 1, 0, 4, 1622.36
1775277185, 2149, 9, 367, 0, 0, 0.54%, 1, 0, 4, 1344.98
1775277190, 2149, 58, 367, 0, 0, 0.54%, 1, 0, 4, 1486.63
1775277195, 2149, 131, 367, 0, 0, 0.54%, 1, 0, 4, 1385.40
1775277200, 2149, 265, 367, 0, 0, 0.54%, 1, 0, 4, 1456.85
1775277205, 2149, 311, 367, 0, 0, 0.54%, 1, 0, 4, 1252.00
1775277210, 2150, 31, 367, 0, 0, 0.54%, 1, 0, 4, 1384.24
1775277216, 2150, 89, 367, 0, 0, 0.54%, 1, 0, 4, 1508.12
1775277221, 2150, 183, 367, 0, 0, 0.54%, 1, 0, 4, 1531.79
1775277226, 2150, 265, 367, 0, 0, 0.54%, 1, 0, 4, 1429.00
1775277231, 2151, 7, 367, 0, 0, 0.54%, 1, 0, 4, 1377.64
1775277236, 2151, 58, 367, 0, 0, 0.54%, 1, 0, 4, 1503.31
1775277241, 2151, 95, 367, 0, 0, 0.54%, 1, 0, 4, 1477.61
1775277246, 2151, 260, 367, 0, 0, 0.54%, 1, 0, 4, 1350.10
1775277251, 2151, 322, 367, 0, 0, 0.54%, 1, 0, 4, 1377.06
1775277256, 2152, 29, 367, 0, 0, 0.54%, 1, 0, 4, 1464.94
1775277261, 2152, 63, 367, 0, 0, 0.54%, 1, 0, 4, 1472.97
1775277266, 2152, 104, 367, 0, 0, 0.54%, 1, 0, 4, 1392.49
1775277271, 2152, 209, 367, 0, 0, 0.54%, 1, 0, 4, 1444.91
1775277276, 2152, 276, 367, 0, 0, 0.54%, 1, 0, 4, 1439.01
1775277282, 2153, 31, 367, 0, 0, 0.54%, 1, 0, 4, 1359.89
1775277287, 2153, 98, 367, 0, 0, 0.54%, 1, 0, 4, 1504.92
1775277292, 2153, 199, 367, 0, 0, 0.54%, 1, 0, 4, 1482.97
1775277297, 2153, 274, 367, 0, 0, 0.54%, 1, 0, 4, 1577.57
1775277302, 2153, 316, 367, 0, 0, 0.54%, 1, 0, 4, 1425.42
1775277307, 2154, 31, 367, 0, 0, 0.54%, 1, 0, 4, 1357.27
1775277312, 2154, 101, 367, 0, 0, 0.54%, 1, 0, 4, 1500.80
1775277317, 2154, 187, 367, 0, 0, 0.54%, 1, 0, 4, 1386.39
1775277322, 2154, 243, 367, 0, 0, 0.54%, 1, 0, 4, 1374.94
1775277328, 2154, 297, 367, 0, 0, 0.54%, 1, 0, 4, 1499.54
1775277333, 2155, 30, 367, 0, 0, 0.54%, 1, 0, 4, 1479.38
1775277338, 2155, 73, 367, 0, 0, 0.54%, 1, 0, 4, 1531.63
1775277343, 2155, 108, 367, 0, 0, 0.54%, 1, 0, 4, 1447.44
1775277348, 2155, 183, 367, 0, 0, 0.54%, 1, 0, 4, 1441.71
1775277353, 2155, 275, 367, 0, 0, 0.54%, 1, 0, 4, 1393.88
1775277358, 2156, 5, 367, 0, 0, 0.54%, 1, 0, 4, 1424.94
1775277364, 2156, 33, 367, 0, 0, 0.54%, 1, 0, 4, 1584.16
1775277369, 2156, 92, 367, 0, 0, 0.54%, 1, 0, 4, 1469.23
1775277374, 2156, 228, 367, 0, 0, 0.54%, 1, 0, 4, 1341.33
1775277379, 2156, 268, 367, 0, 0, 0.54%, 1, 0, 4, 1449.40
1775277384, 2157, 1, 367, 0, 0, 0.54%, 1, 0, 4, 1393.57
1775277389, 2157, 44, 367, 0, 0, 0.54%, 1, 0, 4, 1468.85
1775277394, 2157, 87, 367, 0, 0, 0.54%, 1, 0, 4, 1727.25
1775277399, 2157, 120, 367, 0, 0, 0.54%, 1, 0, 4, 1427.28
1775277404, 2157, 223, 367, 0, 0, 0.54%, 1, 0, 4, 1357.23
1775277409, 2157, 265, 367, 0, 0, 0.54%, 1, 0, 4, 1474.74
1775277414, 2157, 336, 367, 0, 0, 0.54%, 1, 0, 4, 1338.20
1775277419, 2158, 9, 367, 0, 0, 0.54%, 1, 0, 4, 1284.06
1775277424, 2158, 64, 367, 0, 0, 0.54%, 1, 0, 4, 1506.14
1775277429, 2158, 103, 367, 0, 0, 0.54%, 1, 0, 4, 1502.48
1775277434, 2158, 212, 367, 0, 0, 0.54%, 1, 0, 4, 1484.61
1775277440, 2158, 274, 367, 0, 0, 0.54%, 1, 0, 4, 1553.58
1775277445, 2159, 9, 367, 0, 0, 0.54%, 1, 0, 4, 1406.07
1775277450, 2159, 42, 367, 0, 0, 0.54%, 1, 0, 4, 1399.94
1775277455, 2159, 103, 367, 0, 0, 0.54%, 1, 0, 4, 1350.35
1775277460, 2159, 265, 367, 0, 0, 0.54%, 1, 0, 4, 1455.54
1775277465, 2159, 364, 367, 0, 0, 0.54%, 1, 0, 4, 1429.32
1775277470, 2160, 33, 367, 0, 0, 0.54%, 1, 0, 4, 1488.88
1775277475, 2160, 83, 367, 0, 0, 0.54%, 1, 0, 4, 1401.42
1775277480, 2160, 103, 367, 0, 0, 0.54%, 1, 0, 4, 1366.52
1775277485, 2160, 235, 367, 0, 0, 0.54%, 1, 0, 4, 1370.72
1775277491, 2160, 276, 367, 0, 0, 0.54%, 1, 0, 4, 1447.36
1775277496, 2161, 28, 367, 0, 0, 0.54%, 1, 0, 4, 1392.57
1775277501, 2161, 58, 367, 0, 0, 0.54%, 1, 0, 4, 1412.05
1775277506, 2161, 89, 367, 0, 0, 0.54%, 1, 0, 4, 1362.24
1775277511, 2161, 140, 367, 0, 0, 0.54%, 1, 0, 4, 1421.71
1775277516, 2161, 197, 367, 0, 0, 0.54%, 1, 0, 4, 1439.09
1775277521, 2161, 274, 367, 0, 0, 0.54%, 1, 0, 4, 1353.17
1775277526, 2161, 326, 367, 0, 0, 0.54%, 1, 0, 4, 1379.93
1775277531, 2162, 33, 367, 0, 0, 0.54%, 1, 0, 4, 1436.64
1775277536, 2162, 70, 367, 0, 0, 0.54%, 1, 0, 4, 1492.38
1775277542, 2162, 184, 367, 0, 0, 0.54%, 1, 0, 4, 287.00
1775277547, 2162, 253, 367, 0, 0, 0.54%, 1, 0, 4, 1530.55
1775277552, 2162, 276, 367, 0, 0, 0.54%, 1, 0, 4, 1455.58
1775277557, 2163, 31, 367, 0, 0, 0.54%, 1, 0, 4, 1461.70
1775277562, 2163, 89, 367, 0, 0, 0.54%, 1, 0, 4, 1470.18
1775277567, 2163, 144, 367, 0, 0, 0.54%, 1, 0, 4, 1417.27
1775277572, 2163, 265, 367, 0, 0, 0.54%, 1, 0, 4, 1372.33
1775277577, 2163, 322, 367, 0, 0, 0.54%, 1, 0, 4, 1257.64
1775277582, 2164, 31, 367, 0, 0, 0.54%, 1, 0, 4, 1300.42
1775277587, 2164, 74, 367, 0, 0, 0.54%, 1, 0, 4, 1291.84
1775277592, 2164, 104, 367, 0, 0, 0.54%, 1, 0, 4, 1602.20
1775277598, 2164, 157, 367, 0, 0, 0.54%, 1, 0, 4, 1371.40
1775277603, 2164, 275, 367, 0, 0, 0.54%, 1, 0, 4, 1484.23
1775277608, 2164, 360, 367, 0, 0, 0.54%, 1, 0, 4, 1365.84
1775277613, 2165, 31, 368, 1, 0, 0.54%, 1, 0, 4, 1469.34
1775277618, 2165, 63, 368, 1, 0, 0.54%, 1, 0, 4, 1469.83
1775277623, 2165, 120, 368, 1, 0, 0.54%, 1, 0, 4, 1455.71
1775277628, 2165, 212, 368, 1, 0, 0.54%, 1, 0, 4, 1293.39
1775277633, 2165, 274, 368, 1, 0, 0.54%, 1, 0, 4, 1455.10
1775277638, 2165, 367, 368, 1, 0, 0.54%, 1, 0, 4, 1493.13
1775277643, 2166, 29, 368, 0, 0, 0.54%, 1, 0, 4, 1605.61
1775277649, 2166, 58, 368, 0, 0, 0.54%, 1, 0, 4, 1482.30
1775277654, 2166, 108, 368, 0, 0, 0.54%, 1, 0, 4, 1450.21
1775277659, 2166, 199, 368, 0, 0, 0.54%, 1, 0, 4, 1376.40
1775277664, 2166, 276, 368, 0, 0, 0.54%, 1, 0, 4, 1426.88
1775277669, 2167, 29, 368, 0, 0, 0.54%, 1, 0, 4, 1290.61
1775277674, 2167, 70, 368, 0, 0, 0.54%, 1, 0, 4, 1476.39
1775277679, 2167, 150, 368, 0, 0, 0.54%, 1, 0, 4, 1394.51
1775277684, 2167, 274, 368, 0, 0, 0.54%, 1, 0, 4, 1426.75
1775277689, 2168, 9, 368, 0, 0, 0.54%, 1, 0, 4, 1428.18
1775277694, 2168, 63, 368, 0, 0, 0.54%, 1, 0, 4, 1476.07
1775277700, 2168, 103, 368, 0, 0, 0.54%, 1, 0, 4, 1469.54
1775277705, 2168, 148, 368, 0, 0, 0.54%, 1, 0, 4, 1429.62
1775277710, 2168, 265, 368, 0, 0, 0.54%, 1, 0, 4, 1513.44
1775277715, 2168, 334, 368, 0, 0, 0.54%, 1, 0, 4, 1406.78
1775277720, 2169, 29, 368, 0, 0, 0.54%, 1, 0, 4, 1422.87
1775277725, 2169, 63, 368, 0, 0, 0.54%, 1, 0, 4, 1444.84
1775277730, 2169, 94, 368, 0, 0, 0.54%, 1, 0, 4, 1276.06
1775277735, 2169, 125, 368, 0, 0, 0.54%, 1, 0, 4, 1416.85
1775277740, 2169, 265, 368, 0, 0, 0.54%, 1, 0, 4, 1502.28
1775277746, 2169, 322, 368, 0, 0, 0.54%, 1, 0, 4, 1311.42
1775277751, 2170, 29, 368, 0, 0, 0.54%, 1, 0, 4, 1363.82
1775277756, 2170, 64, 368, 0, 0, 0.54%, 1, 0, 4, 1127.36
1775277761, 2170, 108, 368, 0, 0, 0.54%, 1, 0, 4, 1305.24
1775277766, 2170, 247, 368, 0, 0, 0.54%, 1, 0, 4, 659.07
1775277771, 2170, 275, 368, 0, 0, 0.54%, 1, 0, 4, 1276.14
1775277776, 2170, 366, 368, 0, 0, 0.54%, 1, 0, 4, 1170.13
1775277781, 2171, 31, 368, 0, 0, 0.54%, 1, 0, 4, 1291.96
1775277787, 2171, 79, 368, 0, 0, 0.54%, 1, 0, 4, 1524.12
1775277792, 2171, 186, 368, 0, 0, 0.54%, 1, 0, 4, 1469.47
1775277797, 2171, 261, 368, 0, 0, 0.54%, 1, 0, 4, 1453.50
1775277802, 2171, 322, 368, 0, 0, 0.54%, 1, 0, 4, 1303.29
1775277807, 2172, 33, 368, 0, 0, 0.54%, 1, 0, 4, 1292.70
1775277812, 2172, 70, 368, 0, 0, 0.54%, 1, 0, 4, 1401.24
1775277817, 2172, 123, 368, 0, 0, 0.54%, 1, 0, 4, 1317.24
1775277822, 2172, 182, 368, 0, 0, 0.54%, 1, 0, 4, 1365.82
1775277827, 2172, 265, 368, 0, 0, 0.54%, 1, 0, 4, 1439.93
1775277832, 2172, 337, 368, 0, 0, 0.54%, 1, 0, 4, 1265.16
1775277837, 2173, 58, 368, 0, 0, 0.54%, 1, 0, 4, 1517.58
1775277842, 2173, 108, 368, 0, 0, 0.54%, 1, 0, 4, 1472.70
1775277847, 2173, 261, 368, 0, 0, 0.54%, 1, 0, 4, 1550.14
1775277852, 2173, 294, 368, 0, 0, 0.54%, 1, 0, 4, 1384.57
1775277857, 2173, 367, 368, 0, 0, 0.54%, 1, 0, 4, 1422.19
1775277863, 2174, 11, 368, 0, 0, 0.54%, 1, 0, 4, 1415.12
1775277868, 2174, 58, 368, 0, 0, 0.54%, 1, 0, 4, 1490.21
1775277873, 2174, 108, 368, 0, 0, 0.54%, 1, 0, 4, 1331.07
1775277878, 2174, 195, 368, 0, 0, 0.54%, 1, 0, 4, 1384.18
1775277883, 2174, 274, 368, 0, 0, 0.54%, 1, 0, 4, 1461.38
1775277888, 2174, 359, 368, 0, 0, 0.54%, 1, 0, 4, 1338.32
1775277893, 2175, 31, 368, 0, 0, 0.54%, 1, 0, 4, 1349.94
1775277898, 2175, 86, 368, 0, 0, 0.54%, 1, 0, 4, 1517.88
1775277903, 2175, 133, 368, 0, 0, 0.54%, 1, 0, 4, 1476.37
1775277908, 2175, 261, 368, 0, 0, 0.54%, 1, 0, 4, 1483.89
1775277914, 2175, 276, 368, 0, 0, 0.54%, 1, 0, 4, 1268.49
1775277919, 2176, 9, 368, 0, 0, 0.54%, 1, 0, 4, 1330.52
1775277924, 2176, 64, 368, 0, 0, 0.54%, 1, 0, 4, 1431.52
1775277929, 2176, 103, 368, 0, 0, 0.54%, 1, 0, 4, 1445.34
1775277934, 2176, 183, 368, 0, 0, 0.54%, 1, 0, 4, 1413.42
1775277939, 2176, 274, 368, 0, 0, 0.54%, 1, 0, 4, 1471.20
1775277944, 2177, 9, 368, 0, 0, 0.54%, 1, 0, 4, 1326.63
1775277949, 2177, 47, 368, 0, 0, 0.54%, 1, 0, 4, 1414.26
1775277954, 2177, 95, 368, 0, 0, 0.54%, 1, 0, 4, 1402.79
1775277960, 2177, 261, 368, 0, 0, 0.54%, 1, 0, 4, 1337.30
1775277965, 2177, 311, 368, 0, 0, 0.54%, 1, 0, 4, 1388.99
1775277970, 2178, 29, 368, 0, 0, 0.54%, 1, 0, 4, 1393.86
1775277975, 2178, 64, 368, 0, 0, 0.54%, 1, 0, 4, 1412.98
1775277980, 2178, 109, 368, 0, 0, 0.54%, 1, 0, 4, 1377.54
1775277985, 2178, 210, 368, 0, 0, 0.54%, 1, 0, 4, 1477.23
1775277990, 2178, 275, 368, 0, 0, 0.54%, 1, 0, 4, 1420.22
1775277995, 2178, 358, 368, 0, 0, 0.54%, 1, 0, 4, 1324.97
1775278000, 2179, 33, 368, 0, 0, 0.54%, 1, 0, 4, 1434.65
1775278006, 2179, 71, 368, 0, 0, 0.54%, 1, 0, 4, 1419.30
1775278011, 2179, 108, 368, 0, 0, 0.54%, 1, 0, 4, 1358.90
1775278016, 2179, 261, 368, 0, 0, 0.54%, 1, 0, 4, 1510.40
1775278021, 2179, 334, 368, 0, 0, 0.54%, 1, 0, 4, 1359.25
1775278026, 2180, 9, 368, 0, 0, 0.54%, 1, 0, 4, 1237.03
1775278031, 2180, 70, 368, 0, 0, 0.54%, 1, 0, 4, 1343.67
1775278036, 2180, 103, 368, 0, 0, 0.54%, 1, 0, 4, 1371.44
1775278042, 2180, 201, 368, 0, 0, 0.54%, 1, 0, 4, 1456.39
1775278047, 2180, 265, 368, 0, 0, 0.54%, 1, 0, 4, 1354.46
1775278052, 2180, 322, 368, 0, 0, 0.54%, 1, 0, 4, 1316.66
1775278057, 2181, 31, 368, 0, 0, 0.54%, 1, 0, 4, 1371.11
1775278062, 2181, 63, 368, 0, 0, 0.54%, 1, 0, 4, 1380.85
1775278067, 2181, 161, 368, 0, 0, 0.54%, 1, 0, 4, 1343.59
1775278073, 2181, 276, 368, 0, 0, 0.54%, 1, 0, 4, 1401.46
1775278078, 2181, 367, 368, 0, 0, 0.54%, 1, 0, 4, 1369.56
1775278083, 2182, 9, 368, 0, 0, 0.54%, 1, 0, 4, 1577.67
1775278088, 2182, 33, 368, 0, 0, 0.54%, 1, 0, 4, 1422.90
1775278093, 2182, 63, 368, 0, 0, 0.54%, 1, 0, 4, 1302.96
1775278098, 2182, 101, 368, 0, 0, 0.54%, 1, 0, 4, 1510.64
1775278103, 2182, 164, 368, 0, 0, 0.54%, 1, 0, 4, 1462.80
1775278108, 2182, 232, 368, 0, 0, 0.54%, 1, 0, 4, 1407.58
1775278113, 2182, 289, 368, 0, 0, 0.54%, 1, 0, 4, 1484.25
1775278118, 2183, 31, 368, 0, 0, 0.54%, 1, 0, 4, 1380.61
1775278123, 2183, 97, 368, 0, 0, 0.54%, 1, 0, 4, 1373.06
1775278128, 2183, 146, 368, 0, 0, 0.54%, 1, 0, 4, 1372.03
1775278134, 2183, 265, 368, 0, 0, 0.54%, 1, 0, 4, 1365.66
1775278139, 2183, 323, 368, 0, 0, 0.54%, 1, 0, 4, 1330.24
1775278144, 2184, 19, 368, 0, 0, 0.54%, 1, 0, 4, 1254.87
1775278149, 2184, 63, 368, 0, 0, 0.54%, 1, 0, 4, 1409.96
1775278154, 2184, 135, 368, 0, 0, 0.54%, 1, 0, 4, 1429.24
1775278159, 2184, 276, 368, 0, 0, 0.54%, 1, 0, 4, 1432.96
1775278164, 2185, 28, 368, 0, 0, 0.54%, 1, 0, 4, 1387.97
1775278169, 2185, 66, 368, 0, 0, 0.54%, 1, 0, 4, 1514.61
1775278174, 2185, 142, 368, 0, 0, 0.54%, 1, 0, 4, 1449.50
1775278180, 2185, 242, 368, 0, 0, 0.54%, 1, 0, 4, 1037.57
1775278185, 2185, 272, 368, 0, 0, 0.54%, 1, 0, 4, 1355.00
1775278190, 2185, 364, 368, 0, 0, 0.54%, 1, 0, 4, 1263.19
1775278195, 2186, 29, 368, 0, 0, 0.54%, 1, 0, 4, 1387.00
1775278200, 2186, 63, 368, 0, 0, 0.54%, 1, 0, 4, 1389.91
1775278205, 2186, 103, 368, 0, 0, 0.54%, 1, 0, 4, 1509.36
1775278210, 2186, 169, 368, 0, 0, 0.54%, 1, 0, 4, 1366.11
1775278215, 2186, 265, 368, 0, 0, 0.54%, 1, 0, 4, 1360.77
1775278220, 2186, 322, 368, 0, 0, 0.54%, 1, 0, 4, 1294.26
1775278225, 2187, 29, 368, 0, 0, 0.54%, 1, 0, 4, 1440.08
1775278231, 2187, 98, 368, 0, 0, 0.54%, 1, 0, 4, 1575.05
1775278236, 2187, 140, 368, 0, 0, 0.54%, 1, 0, 4, 1454.22
1775278241, 2187, 234, 368, 0, 0, 0.54%, 1, 0, 4, 1400.64
1775278246, 2187, 295, 368, 0, 0, 0.54%, 1, 0, 4, 1326.54
1775278251, 2188, 29, 368, 0, 0, 0.54%, 1, 0, 4, 1359.20
1775278256, 2188, 63, 368, 0, 0, 0.54%, 1, 0, 4, 1436.12
1775278261, 2188, 100, 368, 0, 0, 0.54%, 1, 0, 4, 1445.39
1775278266, 2188, 114, 368, 0, 0, 0.54%, 1, 0, 4, 1346.91
1775278271, 2188, 232, 368, 0, 0, 0.54%, 1, 0, 4, 1447.81
1775278276, 2188, 276, 368, 0, 0, 0.54%, 1, 0, 4, 1533.13
1775278282, 2189, 29, 368, 0, 0, 0.54%, 1, 0, 4, 1424.49
1775278287, 2189, 69, 368, 0, 0, 0.54%, 1, 0, 4, 1502.23
1775278292, 2189, 108, 368, 0, 0, 0.54%, 1, 0, 4, 1441.86
1775278297, 2189, 165, 368, 0, 0, 0.54%, 1, 0, 4, 1484.40
1775278302, 2189, 254, 368, 0, 0, 0.54%, 1, 0, 4, 1469.51
1775278307, 2189, 274, 368, 0, 0, 0.54%, 1, 0, 4, 1473.13
1775278312, 2189, 322, 368, 0, 0, 0.54%, 1, 0, 4, 1353.55
1775278317, 2190, 29, 368, 0, 0, 0.54%, 1, 0, 4, 1587.38
1775278322, 2190, 45, 368, 0, 0, 0.54%, 1, 0, 4, 693.71
1775278328, 2190, 95, 368, 0, 0, 0.54%, 1, 0, 4, 1289.29
1775278333, 2190, 176, 368, 0, 0, 0.54%, 1, 0, 4, 1325.97
1775278338, 2190, 274, 368, 0, 0, 0.54%, 1, 0, 4, 1423.73
1775278343, 2191, 7, 368, 0, 0, 0.54%, 1, 0, 4, 1406.34
1775278348, 2191, 33, 368, 0, 0, 0.54%, 1, 0, 4, 1392.05
1775278353, 2191, 89, 368, 0, 0, 0.54%, 1, 0, 4, 1351.71
1775278358, 2191, 127, 368, 0, 0, 0.54%, 1, 0, 4, 1311.56
1775278363, 2191, 274, 368, 0, 0, 0.54%, 1, 0, 4, 1443.23
1775278369, 2192, 9, 368, 0, 0, 0.54%, 1, 0, 4, 1346.81
1775278374, 2192, 58, 368, 0, 0, 0.54%, 1, 0, 4, 1441.78
1775278379, 2192, 101, 368, 0, 0, 0.54%, 1, 0, 4, 1463.60
1775278384, 2192, 163, 368, 0, 0, 0.54%, 1, 0, 4, 1522.02
1775278389, 2192, 261, 368, 0, 0, 0.54%, 1, 0, 4, 1517.00
1775278394, 2192, 322, 368, 0, 0, 0.54%, 1, 0, 4, 1337.29
1775278399, 2193, 9, 368, 0, 0, 0.54%, 1, 0, 4, 1320.38
1775278404, 2193, 47, 368, 0, 0, 0.54%, 1, 0, 4, 1441.10
1775278409, 2193, 103, 368, 0, 0, 0.54%, 1, 0, 4, 1574.87
1775278414, 2193, 234, 368, 0, 0, 0.54%, 1, 0, 4, 1344.35
1775278419, 2193, 275, 368, 0, 0, 0.54%, 1, 0, 4, 1465.72
1775278424, 2194, 29, 368, 0, 0, 0.54%, 1, 0, 4, 1324.28
1775278429, 2194, 101, 368, 0, 0, 0.54%, 1, 0, 4, 1548.61
1775278435, 2194, 185, 368, 0, 0, 0.54%, 1, 0, 4, 1565.14
1775278440, 2194, 267, 368, 0, 0, 0.54%, 1, 0, 4, 1504.55
1775278445, 2194, 313, 368, 0, 0, 0.54%, 1, 0, 4, 1306.54
1775278450, 2195, 33, 368, 0, 0, 0.54%, 1, 0, 4, 1428.26
1775278455, 2195, 63, 368, 0, 0, 0.54%, 1, 0, 4, 1354.17
1775278460, 2195, 107, 368, 0, 0, 0.54%, 1, 0, 4, 1403.60
1775278465, 2195, 144, 368, 0, 0, 0.54%, 1, 0, 4, 1364.80
1775278470, 2195, 261, 368, 0, 0, 0.54%, 1, 0, 4, 1363.09
1775278475, 2195, 276, 368, 0, 0, 0.54%, 1, 0, 4, 1369.96
1775278480, 2195, 367, 368, 0, 0, 0.54%, 1, 0, 4, 1426.15
1775278485, 2196, 31, 368, 0, 0, 0.54%, 1, 0, 4, 1455.04
1775278491, 2196, 63, 368, 0, 0, 0.54%, 1, 0, 4, 1427.48
1775278496, 2196, 108, 368, 0, 0, 0.54%, 1, 0, 4, 1450.52
1775278501, 2196, 197, 368, 0, 0, 0.54%, 1, 0, 4, 1386.29
1775278506, 2196, 265, 368, 0, 0, 0.54%, 1, 0, 4, 1380.13
1775278511, 2196, 342, 368, 0, 0, 0.54%, 1, 0, 4, 1300.32
1775278516, 2197, 33, 368, 0, 0, 0.54%, 1, 0, 4, 1397.75
1775278521, 2197, 101, 368, 0, 0, 0.54%, 1, 0, 4, 1440.23
1775278526, 2197, 135, 368, 0, 0, 0.54%, 1, 0, 4, 1442.96
1775278531, 2197, 261, 368, 0, 0, 0.54%, 1, 0, 4, 1406.08
1775278536, 2197, 276, 368, 0, 0, 0.54%, 1, 0, 4, 1447.49
1775278541, 2198, 14, 368, 0, 0, 0.54%, 1, 0, 4, 1350.15
1775278547, 2198, 35, 368, 0, 0, 0.54%, 1, 0, 4, 1398.68
1775278552, 2198, 91, 368, 0, 0, 0.54%, 1, 0, 4, 1449.11
1775278557, 2198, 223, 368, 0, 0, 0.54%, 1, 0, 4, 1441.56
1775278562, 2198, 276, 368, 0, 0, 0.54%, 1, 0, 4, 1390.55
1775278567, 2199, 9, 368, 0, 0, 0.54%, 1, 0, 4, 1327.68
1775278572, 2199, 58, 368, 0, 0, 0.54%, 1, 0, 4, 1320.11
1775278577, 2199, 103, 368, 0, 0, 0.54%, 1, 0, 4, 1390.89
1775278582, 2199, 165, 368, 0, 0, 0.54%, 1, 0, 4, 1341.20
1775278587, 2199, 229, 368, 0, 0, 0.54%, 1, 0, 4, 1337.01
1775278592, 2199, 276, 368, 0, 0, 0.54%, 1, 0, 4, 1288.64
1775278597, 2200, 9, 368, 0, 0, 0.54%, 1, 0, 4, 1316.62
1775278603, 2200, 31, 368, 0, 0, 0.54%, 1, 0, 4, 1435.51
1775278608, 2200, 89, 368, 0, 0, 0.54%, 1, 0, 4, 1389.84
1775278613, 2200, 190, 368, 0, 0, 0.54%, 1, 0, 4, 1400.10
1775278618, 2200, 275, 368, 0, 0, 0.54%, 1, 0, 4, 1524.07
1775278623, 2201, 9, 368, 0, 0, 0.54%, 1, 0, 4, 1361.29
1775278628, 2201, 63, 368, 0, 0, 0.54%, 1, 0, 4, 1448.91
1775278633, 2201, 109, 368, 0, 0, 0.54%, 1, 0, 4, 1554.20
1775278638, 2201, 187, 368, 0, 0, 0.54%, 1, 0, 4, 1384.10
1775278643, 2201, 226, 368, 0, 0, 0.54%, 1, 0, 4, 1417.10
1775278649, 2201, 290, 368, 0, 0, 0.54%, 1, 0, 4, 1390.88
1775278654, 2202, 29, 368, 0, 0, 0.54%, 1, 0, 4, 1378.56
1775278659, 2202, 63, 368, 0, 0, 0.54%, 1, 0, 4, 1410.79
1775278664, 2202, 108, 368, 0, 0, 0.54%, 1, 0, 4, 1424.18
1775278669, 2202, 202, 368, 0, 0, 0.54%, 1, 0, 4, 1448.68
1775278674, 2202, 276, 368, 0, 0, 0.54%, 1, 0, 4, 1394.30
1775278679, 2203, 1, 368, 0, 0, 0.54%, 1, 0, 4, 1389.28
1775278684, 2203, 33, 368, 0, 0, 0.54%, 1, 0, 4, 1337.20
1775278689, 2203, 64, 368, 0, 0, 0.54%, 1, 0, 4, 1657.02
1775278694, 2203, 108, 368, 0, 0, 0.54%, 1, 0, 4, 1349.39
1775278700, 2203, 204, 368, 0, 0, 0.54%, 1, 0, 4, 1357.91
1775278705, 2203, 240, 368, 0, 0, 0.54%, 1, 0, 4, 1401.68
1775278710, 2203, 276, 368, 0, 0, 0.54%, 1, 0, 4, 1394.19
1775278715, 2204, 9, 368, 0, 0, 0.54%, 1, 0, 4, 1450.42
1775278720, 2204, 58, 368, 0, 0, 0.54%, 1, 0, 4, 1485.29
1775278725, 2204, 103, 368, 0, 0, 0.54%, 1, 0, 4, 1405.15
1775278730, 2204, 265, 368, 0, 0, 0.54%, 1, 0, 4, 1335.12
1775278735, 2205, 1, 368, 0, 0, 0.54%, 1, 0, 4, 1238.49
1775278741, 2205, 32, 368, 0, 0, 0.54%, 1, 0, 4, 1338.66
1775278746, 2205, 64, 368, 0, 0, 0.54%, 1, 0, 4, 1384.06
1775278751, 2205, 141, 368, 0, 0, 0.54%, 1, 0, 4, 1369.38
1775278756, 2205, 239, 368, 0, 0, 0.54%, 1, 0, 4, 1293.88
1775278761, 2205, 276, 368, 0, 0, 0.54%, 1, 0, 4, 1366.86
1775278766, 2206, 29, 368, 0, 0, 0.54%, 1, 0, 4, 1439.33
1775278771, 2206, 58, 368, 0, 0, 0.54%, 1, 0, 4, 1447.06
1775278776, 2206, 103, 368, 0, 0, 0.54%, 1, 0, 4, 1401.24
1775278782, 2206, 261, 368, 0, 0, 0.54%, 1, 0, 4, 1342.04
1775278787, 2206, 325, 368, 0, 0, 0.54%, 1, 0, 4, 1377.42
1775278792, 2207, 33, 368, 0, 0, 0.54%, 1, 0, 4, 1506.05
1775278797, 2207, 65, 368, 0, 0, 0.54%, 1, 0, 4, 1369.66
1775278802, 2207, 103, 368, 0, 0, 0.54%, 1, 0, 4, 1396.74
1775278807, 2207, 265, 368, 0, 0, 0.54%, 1, 0, 4, 1410.62
1775278812, 2207, 322, 368, 0, 0, 0.54%, 1, 0, 4, 1289.87
1775278817, 2208, 9, 368, 0, 0, 0.54%, 1, 0, 4, 1305.30
1775278822, 2208, 44, 368, 0, 0, 0.54%, 1, 0, 4, 1474.82
1775278828, 2208, 84, 368, 0, 0, 0.54%, 1, 0, 4, 1402.32
1775278833, 2208, 108, 368, 0, 0, 0.54%, 1, 0, 4, 1389.56
1775278838, 2208, 265, 368, 0, 0, 0.54%, 1, 0, 4, 1429.90
1775278843, 2208, 358, 368, 0, 0, 0.54%, 1, 0, 4, 1350.31
1775278848, 2209, 31, 368, 0, 0, 0.54%, 1, 0, 4, 1424.89
1775278853, 2209, 101, 368, 0, 0, 0.54%, 1, 0, 4, 1484.18
1775278858, 2209, 176, 368, 0, 0, 0.54%, 1, 0, 4, 1284.65
1775278863, 2209, 229, 368, 0, 0, 0.54%, 1, 0, 4, 1400.09
1775278868, 2209, 276, 368, 0, 0, 0.54%, 1, 0, 4, 1473.23
1775278873, 2209, 365, 368, 0, 0, 0.54%, 1, 0, 4, 1368.90
1775278878, 2210, 29, 369, 1, 0, 0.54%, 1, 0, 4, 990.92
1775278883, 2210, 54, 369, 1, 0, 0.54%, 1, 0, 4, 1363.70
1775278889, 2210, 103, 369, 1, 0, 0.54%, 1, 0, 4, 1349.55
1775278894, 2210, 185, 369, 1, 0, 0.54%, 1, 0, 4, 1390.91
1775278899, 2210, 265, 369, 1, 0, 0.54%, 1, 0, 4, 1524.47
1775278904, 2210, 322, 369, 1, 0, 0.54%, 1, 0, 4, 1251.91
1775278909, 2210, 368, 369, 1, 0, 0.54%, 1, 0, 4, 106.94
1775278919, 2211, 33, 369, 0, 0, 0.54%, 1, 0, 4, 1235.62
1775278924, 2211, 82, 369, 0, 0, 0.54%, 1, 0, 4, 1368.63
1775278929, 2211, 154, 369, 0, 0, 0.54%, 1, 0, 4, 1244.67
1775278935, 2211, 178, 369, 0, 0, 0.54%, 1, 0, 4, 1323.53
1775278940, 2211, 274, 369, 0, 0, 0.54%, 1, 0, 4, 1468.16
1775278945, 2212, 9, 369, 0, 0, 0.54%, 1, 0, 4, 1336.05
1775278950, 2212, 63, 369, 0, 0, 0.54%, 1, 0, 4, 1498.02
1775278955, 2212, 108, 369, 0, 0, 0.54%, 1, 0, 4, 1525.18
1775278960, 2212, 261, 369, 0, 0, 0.54%, 1, 0, 4, 1560.47
1775278965, 2212, 318, 369, 0, 0, 0.54%, 1, 0, 4, 1466.46
1775278970, 2213, 29, 369, 0, 0, 0.54%, 1, 0, 4, 1403.93
1775278975, 2213, 64, 369, 0, 0, 0.54%, 1, 0, 4, 1374.17
1775278980, 2213, 97, 369, 0, 0, 0.54%, 1, 0, 4, 1464.71
1775278985, 2213, 147, 369, 0, 0, 0.54%, 1, 0, 4, 1492.34
1775278990, 2213, 265, 369, 0, 0, 0.54%, 1, 0, 4, 1535.20
1775278996, 2213, 349, 369, 0, 0, 0.54%, 1, 0, 4, 1307.34
1775279001, 2214, 40, 369, 0, 0, 0.54%, 1, 0, 4, 1369.93
1775279006, 2214, 100, 369, 0, 0, 0.54%, 1, 0, 4, 1418.08
1775279011, 2214, 261, 369, 0, 0, 0.54%, 1, 0, 4, 1481.63
1775279016, 2214, 322, 369, 0, 0, 0.54%, 1, 0, 4, 1411.44
1775279021, 2215, 31, 369, 0, 0, 0.54%, 1, 0, 4, 1516.45
1775279026, 2215, 101, 369, 0, 0, 0.54%, 1, 0, 4, 1564.55
1775279031, 2215, 215, 369, 0, 0, 0.54%, 1, 0, 4, 1521.49
1775279036, 2215, 270, 369, 0, 0, 0.54%, 1, 0, 4, 1479.18
1775279042, 2215, 365, 369, 0, 0, 0.54%, 1, 0, 4, 1367.19
1775279047, 2216, 33, 369, 0, 0, 0.54%, 1, 0, 4, 1468.97
1775279052, 2216, 101, 369, 0, 0, 0.54%, 1, 0, 4, 1529.61
1775279057, 2216, 214, 369, 0, 0, 0.54%, 1, 0, 4, 1569.65
1775279062, 2216, 282, 369, 0, 0, 0.54%, 1, 0, 4, 1485.75
1775279067, 2217, 11, 369, 0, 0, 0.54%, 1, 0, 4, 1355.16
1775279072, 2217, 33, 369, 0, 0, 0.54%, 1, 0, 4, 1352.04
1775279077, 2217, 101, 369, 0, 0, 0.54%, 1, 0, 4, 1354.22
1775279082, 2217, 191, 369, 0, 0, 0.54%, 1, 0, 4, 1406.44
1775279087, 2217, 276, 369, 0, 0, 0.54%, 1, 0, 4, 1401.66
1775279092, 2217, 368, 369, 0, 0, 0.54%, 1, 0, 4, 1326.43
1775279098, 2218, 29, 369, 0, 0, 0.54%, 1, 0, 4, 1316.97
1775279103, 2218, 89, 369, 0, 0, 0.54%, 1, 0, 4, 1390.02
1775279108, 2218, 150, 369, 0, 0, 0.54%, 1, 0, 4, 1310.14
1775279113, 2218, 274, 369, 0, 0, 0.54%, 1, 0, 4, 1456.72
1775279118, 2219, 9, 369, 0, 0, 0.54%, 1, 0, 4, 1407.54
1775279123, 2219, 35, 369, 0, 0, 0.54%, 1, 0, 4, 1405.82
1775279128, 2219, 101, 369, 0, 0, 0.54%, 1, 0, 4, 1425.40
1775279134, 2219, 167, 369, 0, 0, 0.54%, 1, 0, 4, 1438.82
1775279139, 2219, 265, 369, 0, 0, 0.54%, 1, 0, 4, 1354.43
1775279144, 2219, 318, 369, 0, 0, 0.54%, 1, 0, 4, 1321.16
1775279149, 2220, 29, 369, 0, 0, 0.54%, 1, 0, 4, 1563.16
1775279154, 2220, 89, 369, 0, 0, 0.54%, 1, 0, 4, 1502.81
1775279159, 2220, 146, 369, 0, 0, 0.54%, 1, 0, 4, 1446.17
1775279164, 2220, 261, 369, 0, 0, 0.54%, 1, 0, 4, 1501.56
1775279169, 2220, 312, 369, 0, 0, 0.54%, 1, 0, 4, 1355.69
1775279174, 2221, 31, 369, 0, 0, 0.54%, 1, 0, 4, 1403.72
1775279179, 2221, 101, 369, 0, 0, 0.54%, 1, 0, 4, 1465.89
1775279184, 2221, 190, 369, 0, 0, 0.54%, 1, 0, 4, 1557.75
1775279189, 2221, 275, 369, 0, 0, 0.54%, 1, 0, 4, 1455.09
1775279195, 2222, 29, 369, 0, 0, 0.54%, 1, 0, 4, 1292.45
1775279200, 2222, 54, 369, 0, 0, 0.54%, 1, 0, 4, 1290.48
1775279205, 2222, 77, 369, 0, 0, 0.54%, 1, 0, 4, 1412.55
1775279210, 2222, 108, 369, 0, 0, 0.54%, 1, 0, 4, 1397.47
1775279215, 2222, 197, 369, 0, 0, 0.54%, 1, 0, 4, 1483.03
1775279220, 2222, 261, 369, 0, 0, 0.54%, 1, 0, 4, 1513.42
1775279225, 2222, 322, 369, 0, 0, 0.54%, 1, 0, 4, 1335.56
1775279230, 2223, 31, 369, 0, 0, 0.54%, 1, 0, 4, 1405.19
1775279235, 2223, 89, 369, 0, 0, 0.54%, 1, 0, 4, 1340.93
1775279240, 2223, 168, 369, 0, 0, 0.54%, 1, 0, 4, 1463.54
1775279245, 2223, 252, 369, 0, 0, 0.54%, 1, 0, 4, 1394.49
1775279251, 2223, 276, 369, 0, 0, 0.54%, 1, 0, 4, 1291.14
1775279256, 2224, 29, 369, 0, 0, 0.54%, 1, 0, 4, 1371.91
1775279261, 2224, 89, 369, 0, 0, 0.54%, 1, 0, 4, 1470.86
1775279266, 2224, 155, 369, 0, 0, 0.54%, 1, 0, 4, 1486.94
1775279271, 2224, 243, 369, 0, 0, 0.54%, 1, 0, 4, 1402.82
1775279276, 2224, 275, 369, 0, 0, 0.54%, 1, 0, 4, 1383.86
1775279281, 2225, 9, 369, 0, 0, 0.54%, 1, 0, 4, 1395.58
1775279286, 2225, 42, 369, 0, 0, 0.54%, 1, 0, 4, 1402.90
1775279291, 2225, 87, 369, 0, 0, 0.54%, 1, 0, 4, 1371.27
1775279296, 2225, 103, 369, 0, 0, 0.54%, 1, 0, 4, 1307.41
1775279301, 2225, 261, 369, 0, 0, 0.54%, 1, 0, 4, 1260.10
1775279306, 2225, 322, 369, 0, 0, 0.54%, 1, 0, 4, 1328.54
1775279312, 2226, 9, 369, 0, 0, 0.54%, 1, 0, 4, 1541.25
1775279317, 2226, 42, 369, 0, 0, 0.54%, 1, 0, 4, 1517.95
1775279322, 2226, 111, 369, 0, 0, 0.54%, 1, 0, 4, 1521.34
1775279327, 2226, 238, 369, 0, 0, 0.54%, 1, 0, 4, 1436.24
1775279332, 2226, 274, 369, 0, 0, 0.54%, 1, 0, 4, 1348.59
1775279337, 2227, 9, 369, 0, 0, 0.54%, 1, 0, 4, 1317.20
1775279342, 2227, 63, 369, 0, 0, 0.54%, 1, 0, 4, 1486.01
1775279347, 2227, 108, 369, 0, 0, 0.54%, 1, 0, 4, 1416.84
1775279352, 2227, 222, 369, 0, 0, 0.54%, 1, 0, 4, 1528.44
1775279357, 2227, 272, 369, 0, 0, 0.54%, 1, 0, 4, 1361.14
1775279362, 2227, 322, 369, 0, 0, 0.54%, 1, 0, 4, 1292.74
1775279368, 2228, 29, 369, 0, 0, 0.54%, 1, 0, 4, 1489.30
1775279373, 2228, 63, 369, 0, 0, 0.54%, 1, 0, 4, 1446.18
1775279378, 2228, 103, 369, 0, 0, 0.54%, 1, 0, 4, 1399.26
1775279383, 2228, 184, 369, 0, 0, 0.54%, 1, 0, 4, 1621.98
1775279388, 2228, 265, 369, 0, 0, 0.54%, 1, 0, 4, 1451.56
1775279393, 2228, 313, 369, 0, 0, 0.54%, 1, 0, 4, 1336.33
1775279398, 2229, 31, 369, 0, 0, 0.54%, 1, 0, 4, 251.12
1775279403, 2229, 102, 369, 0, 0, 0.54%, 1, 0, 4, 1376.28
1775279409, 2229, 155, 369, 0, 0, 0.54%, 1, 0, 4, 1389.36
1775279414, 2229, 216, 369, 0, 0, 0.54%, 1, 0, 4, 1369.52
1775279419, 2229, 274, 369, 0, 0, 0.54%, 1, 0, 4, 1483.53
1775279424, 2229, 357, 369, 0, 0, 0.54%, 1, 0, 4, 1212.61
1775279429, 2230, 31, 369, 0, 0, 0.54%, 1, 0, 4, 1336.71
1775279434, 2230, 63, 369, 0, 0, 0.54%, 1, 0, 4, 1371.55
1775279439, 2230, 108, 369, 0, 0, 0.54%, 1, 0, 4, 1503.33
1775279444, 2230, 182, 369, 0, 0, 0.54%, 1, 0, 4, 1077.55
1775279450, 2230, 260, 369, 0, 0, 0.54%, 1, 0, 4, 1402.82
1775279455, 2230, 275, 369, 0, 0, 0.54%, 1, 0, 4, 1440.55
1775279460, 2231, 29, 369, 0, 0, 0.54%, 1, 0, 4, 409.35
1775279465, 2231, 66, 369, 0, 0, 0.54%, 1, 0, 4, 1134.43
1775279470, 2231, 103, 369, 0, 0, 0.54%, 1, 0, 4, 1336.08
1775279475, 2231, 261, 369, 0, 0, 0.54%, 1, 0, 4, 1489.20
1775279480, 2231, 300, 369, 0, 0, 0.54%, 1, 0, 4, 1439.98
1775279485, 2232, 29, 369, 0, 0, 0.54%, 1, 0, 4, 1379.86
1775279491, 2232, 70, 369, 0, 0, 0.54%, 1, 0, 4, 1545.06
1775279496, 2232, 108, 369, 0, 0, 0.54%, 1, 0, 4, 1497.35
1775279501, 2232, 238, 369, 0, 0, 0.54%, 1, 0, 4, 1506.46
1775279506, 2232, 276, 369, 0, 0, 0.54%, 1, 0, 4, 1327.87
1775279511, 2233, 31, 369, 0, 0, 0.54%, 1, 0, 4, 1362.68
1775279516, 2233, 64, 369, 0, 0, 0.54%, 1, 0, 4, 1617.55
1775279521, 2233, 103, 369, 0, 0, 0.54%, 1, 0, 4, 1448.53
1775279527, 2233, 164, 369, 0, 0, 0.54%, 1, 0, 4, 1404.31
1775279532, 2233, 275, 369, 0, 0, 0.54%, 1, 0, 4, 1312.66
1775279537, 2234, 29, 369, 0, 0, 0.54%, 1, 0, 4, 1427.02
1775279542, 2234, 63, 369, 0, 0, 0.54%, 1, 0, 4, 1513.13
1775279547, 2234, 108, 369, 0, 0, 0.54%, 1, 0, 4, 1333.61
1775279552, 2234, 183, 369, 0, 0, 0.54%, 1, 0, 4, 1380.90
1775279557, 2234, 266, 369, 0, 0, 0.54%, 1, 0, 4, 1458.04
1775279562, 2234, 290, 369, 0, 0, 0.54%, 1, 0, 4, 1215.60
1775279567, 2235, 29, 369, 0, 0, 0.54%, 1, 0, 4, 1376.42
1775279572, 2235, 63, 369, 0, 0, 0.54%, 1, 0, 4, 1365.01
1775279577, 2235, 108, 369, 0, 0, 0.54%, 1, 0, 4, 1414.86
1775279583, 2235, 175, 369, 0, 0, 0.54%, 1, 0, 4, 1347.75
1775279588, 2235, 244, 369, 0, 0, 0.54%, 1, 0, 4, 1379.43
1775279593, 2235, 276, 369, 0, 0, 0.54%, 1, 0, 4, 1356.16
1775279598, 2236, 29, 369, 0, 0, 0.54%, 1, 0, 4, 1257.76
1775279603, 2236, 78, 369, 0, 0, 0.54%, 1, 0, 4, 1549.38
1775279608, 2236, 144, 369, 0, 0, 0.54%, 1, 0, 4, 1391.95
1775279613, 2236, 235, 369, 0, 0, 0.54%, 1, 0, 4, 1460.01
1775279618, 2236, 275, 369, 0, 0, 0.54%, 1, 0, 4, 1473.82
1775279623, 2237, 29, 369, 0, 0, 0.54%, 1, 0, 4, 1472.84
1775279628, 2237, 64, 369, 0, 0, 0.54%, 1, 0, 4, 1574.92
1775279633, 2237, 103, 369, 0, 0, 0.54%, 1, 0, 4, 1470.27
1775279638, 2237, 159, 369, 0, 0, 0.54%, 1, 0, 4, 1507.72
1775279643, 2237, 261, 369, 0, 0, 0.54%, 1, 0, 4, 1439.15
1775279649, 2237, 293, 369, 0, 0, 0.54%, 1, 0, 4, 1379.50
1775279654, 2238, 31, 369, 0, 0, 0.54%, 1, 0, 4, 1463.20
1775279659, 2238, 63, 369, 0, 0, 0.54%, 1, 0, 4, 1438.35
1775279664, 2238, 108, 369, 0, 0, 0.54%, 1, 0, 4, 1424.79
1775279669, 2238, 245, 369, 0, 0, 0.54%, 1, 0, 4, 1287.15
1775279674, 2238, 297, 369, 0, 0, 0.54%, 1, 0, 4, 1373.89
1775279679, 2239, 29, 369, 0, 0, 0.54%, 1, 0, 4, 1300.98
1775279684, 2239, 74, 369, 0, 0, 0.54%, 1, 0, 4, 1338.58
1775279689, 2239, 155, 369, 0, 0, 0.54%, 1, 0, 4, 1416.67
1775279694, 2239, 247, 369, 0, 0, 0.54%, 1, 0, 4, 1395.42
1775279699, 2239, 276, 369, 0, 0, 0.54%, 1, 0, 4, 1301.18
1775279704, 2239, 367, 369, 0, 0, 0.54%, 1, 0, 4, 1371.36
1775279710, 2240, 25, 369, 0, 0, 0.54%, 1, 0, 4, 1357.75
1775279715, 2240, 57, 369, 0, 0, 0.54%, 1, 0, 4, 1463.62
1775279720, 2240, 103, 369, 0, 0, 0.54%, 1, 0, 4, 1388.63
1775279725, 2240, 167, 369, 0, 0, 0.54%, 1, 0, 4, 1422.30
1775279730, 2240, 274, 369, 0, 0, 0.54%, 1, 0, 4, 1416.45
1775279735, 2240, 318, 369, 0, 0, 0.54%, 1, 0, 4, 1284.82
1775279740, 2241, 19, 369, 0, 0, 0.54%, 1, 0, 4, 1388.96
1775279745, 2241, 62, 369, 0, 0, 0.54%, 1, 0, 4, 1460.13
1775279750, 2241, 89, 369, 0, 0, 0.54%, 1, 0, 4, 1403.86
1775279755, 2241, 201, 369, 0, 0, 0.54%, 1, 0, 4, 1458.67
1775279760, 2241, 254, 369, 0, 0, 0.54%, 1, 0, 4, 1444.45
1775279766, 2241, 283, 369, 0, 0, 0.54%, 1, 0, 4, 1348.50
1775279771, 2242, 6, 369, 0, 0, 0.54%, 1, 0, 4, 1309.43
1775279776, 2242, 33, 369, 0, 0, 0.54%, 1, 0, 4, 1441.97
1775279781, 2242, 101, 369, 0, 0, 0.54%, 1, 0, 4, 1371.43
1775279786, 2242, 167, 369, 0, 0, 0.54%, 1, 0, 4, 1451.51
1775279791, 2242, 253, 369, 0, 0, 0.54%, 1, 0, 4, 1415.37
1775279796, 2242, 288, 369, 0, 0, 0.54%, 1, 0, 4, 1404.13
1775279801, 2243, 9, 369, 0, 0, 0.54%, 1, 0, 4, 1311.93
1775279806, 2243, 58, 369, 0, 0, 0.54%, 1, 0, 4, 1378.82
1775279811, 2243, 101, 369, 0, 0, 0.54%, 1, 0, 4, 1409.69
1775279817, 2243, 201, 369, 0, 0, 0.54%, 1, 0, 4, 1367.34
1775279822, 2243, 265, 369, 0, 0, 0.54%, 1, 0, 4, 1450.48
1775279827, 2243, 322, 369, 0, 0, 0.54%, 1, 0, 4, 1285.90
1775279832, 2244, 29, 369, 0, 0, 0.54%, 1, 0, 4, 1346.66
1775279837, 2244, 58, 369, 0, 0, 0.54%, 1, 0, 4, 1487.43
1775279842, 2244, 89, 369, 0, 0, 0.54%, 1, 0, 4, 1374.57
1775279847, 2244, 163, 369, 0, 0, 0.54%, 1, 0, 4, 1371.05
1775279852, 2244, 261, 369, 0, 0, 0.54%, 1, 0, 4, 1337.69
1775279857, 2244, 299, 369, 0, 0, 0.54%, 1, 0, 4, 1338.81
1775279863, 2245, 32, 369, 0, 0, 0.54%, 1, 0, 4, 1425.01
1775279868, 2245, 64, 369, 0, 0, 0.54%, 1, 0, 4, 1400.82
1775279873, 2245, 113, 369, 0, 0, 0.54%, 1, 0, 4, 1390.50
1775279878, 2245, 198, 369, 0, 0, 0.54%, 1, 0, 4, 1421.93
1775279883, 2245, 271, 369, 0, 0, 0.54%, 1, 0, 4, 1344.80
1775279888, 2245, 351, 369, 0, 0, 0.54%, 1, 0, 4, 1246.11
1775279893, 2246, 48, 369, 0, 0, 0.54%, 1, 0, 4, 1408.04
1775279898, 2246, 103, 369, 0, 0, 0.54%, 1, 0, 4, 1464.28
1775279903, 2246, 225, 369, 0, 0, 0.54%, 1, 0, 4, 1523.72
1775279908, 2246, 261, 369, 0, 0, 0.54%, 1, 0, 4, 1592.42
1775279913, 2246, 332, 369, 0, 0, 0.54%, 1, 0, 4, 1412.41
1775279918, 2247, 33, 369, 0, 0, 0.54%, 1, 0, 4, 1473.39
1775279924, 2247, 66, 369, 0, 0, 0.54%, 1, 0, 4, 1503.99
1775279929, 2247, 103, 369, 0, 0, 0.54%, 1, 0, 4, 1462.36
1775279934, 2247, 165, 369, 0, 0, 0.54%, 1, 0, 4, 1454.88
1775279939, 2247, 230, 369, 0, 0, 0.54%, 1, 0, 4, 1432.46
1775279944, 2247, 276, 369, 0, 0, 0.54%, 1, 0, 4, 1359.96
1775279949, 2248, 31, 369, 0, 0, 0.54%, 1, 0, 4, 1415.40
1775279954, 2248, 68, 369, 0, 0, 0.54%, 1, 0, 4, 1517.65
1775279959, 2248, 129, 369, 0, 0, 0.54%, 1, 0, 4, 1468.31
1775279964, 2248, 198, 369, 0, 0, 0.54%, 1, 0, 4, 1454.26
1775279969, 2248, 265, 369, 0, 0, 0.54%, 1, 0, 4, 1368.63
1775279975, 2248, 319, 369, 0, 0, 0.54%, 1, 0, 4, 1293.38
1775279980, 2249, 31, 369, 0, 0, 0.54%, 1, 0, 4, 1381.09
1775279985, 2249, 100, 369, 0, 0, 0.54%, 1, 0, 4, 1499.52
1775279990, 2249, 168, 369, 0, 0, 0.54%, 1, 0, 4, 1412.89
1775279995, 2249, 265, 369, 0, 0, 0.54%, 1, 0, 4, 1476.00
1775280000, 2249, 322, 369, 0, 0, 0.54%, 1, 0, 4, 1383.05
1775280005, 2250, 31, 369, 0, 0, 0.54%, 1, 0, 4, 1561.94
1775280010, 2250, 101, 369, 0, 0, 0.54%, 1, 0, 4, 1508.46
1775280015, 2250, 198, 369, 0, 0, 0.54%, 1, 0, 4, 1452.50
1775280020, 2250, 265, 369, 0, 0, 0.54%, 1, 0, 4, 1476.90
1775280026, 2250, 322, 369, 0, 0, 0.54%, 1, 0, 4, 1387.31
1775280031, 2251, 29, 369, 0, 0, 0.54%, 1, 0, 4, 1309.60
1775280036, 2251, 60, 369, 0, 0, 0.54%, 1, 0, 4, 1441.14
1775280041, 2251, 101, 369, 0, 0, 0.54%, 1, 0, 4, 1273.62
1775280046, 2251, 160, 369, 0, 0, 0.54%, 1, 0, 4, 1294.45
1775280051, 2251, 265, 369, 0, 0, 0.54%, 1, 0, 4, 1329.47
1775280056, 2251, 296, 369, 0, 0, 0.54%, 1, 0, 4, 1189.02
1775280061, 2252, 29, 369, 0, 0, 0.54%, 1, 0, 4, 1313.16
1775280066, 2252, 63, 369, 0, 0, 0.54%, 1, 0, 4, 1361.71
1775280072, 2252, 156, 369, 0, 0, 0.54%, 1, 0, 4, 1418.32
1775280077, 2252, 194, 369, 0, 0, 0.54%, 1, 0, 4, 1299.49
1775280082, 2252, 293, 369, 0, 0, 0.54%, 1, 0, 4, 1308.22
1775280087, 2253, 33, 369, 0, 0, 0.54%, 1, 0, 4, 1340.79
1775280092, 2253, 103, 369, 0, 0, 0.54%, 1, 0, 4, 1387.93
1775280097, 2253, 217, 369, 0, 0, 0.54%, 1, 0, 4, 1355.32
1775280102, 2253, 275, 369, 0, 0, 0.54%, 1, 0, 4, 1334.16
1775280107, 2253, 353, 369, 0, 0, 0.54%, 1, 0, 4, 1246.40
1775280112, 2254, 63, 369, 0, 0, 0.54%, 1, 0, 4, 1454.36
1775280117, 2254, 108, 369, 0, 0, 0.54%, 1, 0, 4, 1411.42
1775280122, 2254, 195, 369, 0, 0, 0.54%, 1, 0, 4, 1370.57
1775280127, 2254, 265, 369, 0, 0, 0.54%, 1, 0, 4, 1384.52
1775280133, 2254, 322, 369, 0, 0, 0.54%, 1, 0, 4, 1382.65
1775280138, 2255, 33, 369, 0, 0, 0.54%, 1, 0, 4, 1371.31
1775280143, 2255, 89, 369, 0, 0, 0.54%, 1, 0, 4, 1384.35
1775280148, 2255, 126, 369, 0, 0, 0.54%, 1, 0, 4, 1478.58
1775280153, 2255, 261, 369, 0, 0, 0.54%, 1, 0, 4, 1518.50
1775280158, 2255, 276, 369, 0, 0, 0.54%, 1, 0, 4, 1504.21
1775280163, 2256, 11, 369, 0, 0, 0.54%, 1, 0, 4, 1306.19
1775280168, 2256, 49, 369, 0, 0, 0.54%, 1, 0, 4, 1481.25
1775280173, 2256, 74, 369, 0, 0, 0.54%, 1, 0, 4, 1406.01
1775280178, 2256, 146, 369, 0, 0, 0.54%, 1, 0, 4, 1430.26
1775280183, 2256, 239, 369, 0, 0, 0.54%, 1, 0, 4, 1370.43
1775280188, 2256, 274, 369, 0, 0, 0.54%, 1, 0, 4, 1529.81
1775280194, 2256, 364, 369, 0, 0, 0.54%, 1, 0, 4, 1339.47
1775280199, 2257, 9, 369, 0, 0, 0.54%, 1, 0, 4, 1446.55
1775280204, 2257, 33, 369, 0, 0, 0.54%, 1, 0, 4, 1401.71
1775280209, 2257, 100, 369, 0, 0, 0.54%, 1, 0, 4, 1517.07
1775280214, 2257, 174, 369, 0, 0, 0.54%, 1, 0, 4, 1540.12
1775280219, 2257, 269, 369, 0, 0, 0.54%, 1, 0, 4, 1408.48
1775280224, 2257, 322, 369, 0, 0, 0.54%, 1, 0, 4, 1345.38
1775280229, 2258, 15, 369, 0, 0, 0.54%, 1, 0, 4, 1330.32
1775280234, 2258, 63, 369, 0, 0, 0.54%, 1, 0, 4, 1396.63
1775280239, 2258, 108, 369, 0, 0, 0.54%, 1, 0, 4, 1433.54
1775280244, 2258, 186, 369, 0, 0, 0.54%, 1, 0, 4, 1472.37
1775280249, 2258, 261, 369, 0, 0, 0.54%, 1, 0, 4, 1478.24
1775280255, 2258, 322, 369, 0, 0, 0.54%, 1, 0, 4, 1337.00
1775280260, 2259, 31, 369, 0, 0, 0.54%, 1, 0, 4, 1388.65
1775280265, 2259, 89, 369, 0, 0, 0.54%, 1, 0, 4, 1364.82
1775280270, 2259, 137, 369, 0, 0, 0.54%, 1, 0, 4, 1357.11
1775280275, 2259, 258, 369, 0, 0, 0.54%, 1, 0, 4, 1463.65
1775280280, 2259, 276, 369, 0, 0, 0.54%, 1, 0, 4, 1397.19
1775280285, 2260, 29, 369, 0, 0, 0.54%, 1, 0, 4, 1365.57
1775280290, 2260, 64, 369, 0, 0, 0.54%, 1, 0, 4, 1473.05
1775280295, 2260, 117, 369, 0, 0, 0.54%, 1, 0, 4, 1534.86
1775280301, 2260, 175, 369, 0, 0, 0.54%, 1, 0, 4, 1482.41
1775280306, 2260, 265, 369, 0, 0, 0.54%, 1, 0, 4, 1474.01
1775280311, 2260, 326, 369, 0, 0, 0.54%, 1, 0, 4, 1323.01
1775280316, 2261, 29, 369, 0, 0, 0.54%, 1, 0, 4, 1350.95
1775280321, 2261, 64, 369, 0, 0, 0.54%, 1, 0, 4, 1470.25
1775280326, 2261, 120, 369, 0, 0, 0.54%, 1, 0, 4, 1447.56
1775280331, 2261, 219, 369, 0, 0, 0.54%, 1, 0, 4, 1489.22
1775280336, 2261, 274, 369, 0, 0, 0.54%, 1, 0, 4, 1525.59
1775280341, 2262, 9, 369, 0, 0, 0.54%, 1, 0, 4, 1511.24
1775280347, 2262, 33, 369, 0, 0, 0.54%, 1, 0, 4, 1437.15
1775280352, 2262, 101, 369, 0, 0, 0.54%, 1, 0, 4, 1527.21
1775280357, 2262, 172, 369, 0, 0, 0.54%, 1, 0, 4, 1422.71
1775280362, 2262, 216, 369, 0, 0, 0.54%, 1, 0, 4, 1346.51
1775280367, 2262, 274, 369, 0, 0, 0.54%, 1, 0, 4, 1348.26
1775280372, 2263, 29, 369, 0, 0, 0.54%, 1, 0, 4, 1442.25
1775280377, 2263, 64, 369, 0, 0, 0.54%, 1, 0, 4, 1532.63
1775280382, 2263, 192, 369, 0, 0, 0.54%, 1, 0, 4, 1484.44
1775280387, 2263, 244, 369, 0, 0, 0.54%, 1, 0, 4, 1427.49
1775280392, 2263, 275, 369, 0, 0, 0.54%, 1, 0, 4, 1455.61
1775280397, 2264, 29, 369, 0, 0, 0.54%, 1, 0, 4, 1431.24
1775280403, 2264, 63, 369, 0, 0, 0.54%, 1, 0, 4, 1476.36
1775280408, 2264, 121, 369, 0, 0, 0.54%, 1, 0, 4, 1466.36
1775280413, 2264, 259, 369, 0, 0, 0.54%, 1, 0, 4, 1336.27
1775280418, 2264, 293, 369, 0, 0, 0.54%, 1, 0, 4, 1344.92
1775280423, 2265, 27, 369, 0, 0, 0.54%, 1, 0, 4, 1223.84
1775280428, 2265, 63, 369, 0, 0, 0.54%, 1, 0, 4, 1395.98
1775280433, 2265, 123, 369, 0, 0, 0.54%, 1, 0, 4, 1453.47
1775280438, 2265, 182, 369, 0, 0, 0.54%, 1, 0, 4, 1443.44
1775280443, 2265, 272, 369, 0, 0, 0.54%, 1, 0, 4, 1440.98
1775280448, 2266, 9, 369, 0, 0, 0.54%, 1, 0, 4, 1319.90
1775280453, 2266, 52, 369, 0, 0, 0.54%, 1, 0, 4, 1430.08
1775280459, 2266, 89, 369, 0, 0, 0.54%, 1, 0, 4, 1438.64
1775280464, 2266, 183, 369, 0, 0, 0.54%, 1, 0, 4, 1468.66
1775280469, 2266, 265, 369, 0, 0, 0.54%, 1, 0, 4, 1441.00
1775280474, 2266, 284, 369, 0, 0, 0.54%, 1, 0, 4, 1317.29
1775280479, 2267, 5, 369, 0, 0, 0.54%, 1, 0, 4, 804.92
1775280484, 2267, 33, 369, 0, 0, 0.54%, 1, 0, 4, 1302.05
1775280489, 2267, 64, 369, 0, 0, 0.54%, 1, 0, 4, 1424.79
1775280494, 2267, 93, 369, 0, 0, 0.54%, 1, 0, 4, 859.73
1775280499, 2267, 156, 369, 0, 0, 0.54%, 1, 0, 4, 1296.37
1775280504, 2267, 261, 369, 0, 0, 0.54%, 1, 0, 4, 1253.08
1775280509, 2267, 313, 369, 0, 0, 0.54%, 1, 0, 4, 1327.83
1775280515, 2268, 9, 369, 0, 0, 0.54%, 1, 0, 4, 1492.88
1775280520, 2268, 58, 369, 0, 0, 0.54%, 1, 0, 4, 1402.10
1775280525, 2268, 103, 369, 0, 0, 0.54%, 1, 0, 4, 1385.53
1775280530, 2268, 161, 369, 0, 0, 0.54%, 1, 0, 4, 1451.65
1775280535, 2268, 270, 369, 0, 0, 0.54%, 1, 0, 4, 1417.35
1775280540, 2269, 9, 369, 0, 0, 0.54%, 1, 0, 4, 1375.13
1775280545, 2269, 61, 369, 0, 0, 0.54%, 1, 0, 4, 1462.72
1775280550, 2269, 103, 369, 0, 0, 0.54%, 1, 0, 4, 1430.71
1775280555, 2269, 182, 369, 0, 0, 0.54%, 1, 0, 4, 1352.81
1775280560, 2269, 276, 369, 0, 0, 0.54%, 1, 0, 4, 1427.86
1775280566, 2269, 366, 369, 0, 0, 0.54%, 1, 0, 4, 1285.83
1775280571, 2270, 34, 369, 0, 0, 0.54%, 1, 0, 4, 1473.75
1775280576, 2270, 92, 369, 0, 0, 0.54%, 1, 0, 4, 1453.46
1775280581, 2270, 108, 369, 0, 0, 0.54%, 1, 0, 4, 1337.88
1775280586, 2270, 241, 369, 0, 0, 0.54%, 1, 0, 4, 1374.47
1775280591, 2270, 274, 369, 0, 0, 0.54%, 1, 0, 4, 1463.73
1775280596, 2271, 0, 369, 0, 0, 0.54%, 1, 0, 4, 1258.19
1775280602, 2271, 47, 369, 0, 0, 0.54%, 1, 0, 4, 1378.31
1775280607, 2271, 89, 369, 0, 0, 0.54%, 1, 0, 4, 1389.49
1775280612, 2271, 133, 369, 0, 0, 0.54%, 1, 0, 4, 1383.34
1775280617, 2271, 260, 369, 0, 0, 0.54%, 1, 0, 4, 1305.22
1775280622, 2271, 303, 369, 0, 0, 0.54%, 1, 0, 4, 1286.96
1775280627, 2272, 31, 369, 0, 0, 0.54%, 1, 0, 4, 1451.19
1775280632, 2272, 80, 369, 0, 0, 0.54%, 1, 0, 4, 1477.12
1775280637, 2272, 103, 369, 0, 0, 0.54%, 1, 0, 4, 1411.52
1775280642, 2272, 227, 369, 0, 0, 0.54%, 1, 0, 4, 1496.56
1775280648, 2272, 275, 369, 0, 0, 0.54%, 1, 0, 4, 1475.69
1775280653, 2273, 4, 369, 0, 0, 0.54%, 1, 0, 4, 1345.76
1775280658, 2273, 58, 369, 0, 0, 0.54%, 1, 0, 4, 1375.51
1775280663, 2273, 101, 369, 0, 0, 0.54%, 1, 0, 4, 1716.79
1775280668, 2273, 118, 369, 0, 0, 0.54%, 1, 0, 4, 1544.11
1775280673, 2273, 206, 369, 0, 0, 0.54%, 1, 0, 4, 1451.60
1775280678, 2273, 265, 369, 0, 0, 0.54%, 1, 0, 4, 1414.00
1775280683, 2273, 280, 369, 0, 0, 0.54%, 1, 0, 4, 1416.27
1775280688, 2274, 23, 369, 0, 0, 0.54%, 1, 0, 4, 1376.30
1775280693, 2274, 64, 369, 0, 0, 0.54%, 1, 0, 4, 1511.47
1775280699, 2274, 184, 369, 0, 0, 0.54%, 1, 0, 4, 1490.98
1775280704, 2274, 265, 369, 0, 0, 0.54%, 1, 0, 4, 1469.70
1775280709, 2274, 322, 369, 0, 0, 0.54%, 1, 0, 4, 1352.23
1775280714, 2275, 31, 369, 0, 0, 0.54%, 1, 0, 4, 1399.24
1775280719, 2275, 71, 369, 0, 0, 0.54%, 1, 0, 4, 1513.87
1775280724, 2275, 123, 369, 0, 0, 0.54%, 1, 0, 4, 1487.42
1775280729, 2275, 182, 369, 0, 0, 0.54%, 1, 0, 4, 1331.24
1775280734, 2275, 231, 369, 0, 0, 0.54%, 1, 0, 4, 1330.05
1775280739, 2275, 275, 369, 0, 0, 0.54%, 1, 0, 4, 1512.19
1775280744, 2275, 366, 369, 0, 0, 0.54%, 1, 0, 4, 673.92
1775280750, 2276, 38, 369, 0, 0, 0.54%, 1, 0, 4, 1723.42
1775280755, 2276, 72, 369, 0, 0, 0.54%, 1, 0, 4, 1528.68
1775280760, 2276, 151, 369, 0, 0, 0.54%, 1, 0, 4, 1460.90
1775280765, 2276, 261, 369, 0, 0, 0.54%, 1, 0, 4, 1522.29
1775280770, 2276, 276, 369, 0, 0, 0.54%, 1, 0, 4, 1304.71
1775280775, 2276, 365, 369, 0, 0, 0.54%, 1, 0, 4, 1576.36
1775280780, 2277, 31, 369, 0, 0, 0.54%, 1, 0, 4, 1510.77
1775280785, 2277, 64, 369, 0, 0, 0.54%, 1, 0, 4, 1473.04
1775280790, 2277, 126, 369, 0, 0, 0.54%, 1, 0, 4, 1395.19
1775280795, 2277, 224, 369, 0, 0, 0.54%, 1, 0, 4, 1424.94
1775280801, 2277, 275, 369, 0, 0, 0.54%, 1, 0, 4, 1482.86
1775280806, 2277, 360, 369, 0, 0, 0.54%, 1, 0, 4, 1292.81
1775280811, 2278, 33, 369, 0, 0, 0.54%, 1, 0, 4, 1451.94
1775280816, 2278, 89, 369, 0, 0, 0.54%, 1, 0, 4, 1484.04
1775280821, 2278, 163, 369, 0, 0, 0.54%, 1, 0, 4, 1536.29
1775280826, 2278, 261, 369, 0, 0, 0.54%, 1, 0, 4, 1567.62
1775280831, 2278, 310, 369, 0, 0, 0.54%, 1, 0, 4, 1347.18
1775280836, 2279, 29, 369, 0, 0, 0.54%, 1, 0, 4, 254.81
1775280841, 2279, 81, 369, 0, 0, 0.54%, 1, 0, 4, 1159.73
1775280846, 2279, 172, 369, 0, 0, 0.54%, 1, 0, 4, 1383.06
1775280852, 2279, 261, 369, 0, 0, 0.54%, 1, 0, 4, 1487.64
1775280857, 2279, 322, 369, 0, 0, 0.54%, 1, 0, 4, 1459.73
1775280862, 2280, 29, 369, 0, 0, 0.54%, 1, 0, 4, 1386.89
1775280867, 2280, 64, 369, 0, 0, 0.54%, 1, 0, 4, 1477.42
1775280872, 2280, 141, 369, 0, 0, 0.54%, 1, 0, 4, 1306.58
1775280877, 2280, 243, 369, 0, 0, 0.54%, 1, 0, 4, 1315.21
1775280882, 2280, 276, 369, 0, 0, 0.54%, 1, 0, 4, 1281.40
1775280887, 2281, 33, 369, 0, 0, 0.54%, 1, 0, 4, 1324.19
1775280893, 2281, 89, 369, 0, 0, 0.54%, 1, 0, 4, 1379.03
1775280898, 2281, 214, 369, 0, 0, 0.54%, 1, 0, 4, 1410.46
1775280903, 2281, 247, 369, 0, 0, 0.54%, 1, 0, 4, 1412.27
1775280908, 2281, 276, 369, 0, 0, 0.54%, 1, 0, 4, 1374.57
1775280913, 2282, 13, 369, 0, 0, 0.54%, 1, 0, 4, 1323.58
1775280918, 2282, 34, 369, 0, 0, 0.54%, 1, 0, 4, 1428.28
1775280923, 2282, 97, 369, 0, 0, 0.54%, 1, 0, 4, 1436.68
1775280928, 2282, 122, 369, 0, 0, 0.54%, 1, 0, 4, 1389.21
1775280933, 2282, 274, 369, 0, 0, 0.54%, 1, 0, 4, 1390.23
1775280938, 2282, 327, 369, 0, 0, 0.54%, 1, 0, 4, 1283.69
1775280944, 2283, 29, 369, 0, 0, 0.54%, 1, 0, 4, 1342.27
1775280949, 2283, 64, 369, 0, 0, 0.54%, 1, 0, 4, 1321.67
1775280954, 2283, 103, 369, 0, 0, 0.54%, 1, 0, 4, 1373.06
1775280959, 2283, 224, 369, 0, 0, 0.54%, 1, 0, 4, 1450.45
1775280964, 2283, 261, 369, 0, 0, 0.54%, 1, 0, 4, 1450.06
1775280969, 2283, 294, 369, 0, 0, 0.54%, 1, 0, 4, 1378.67
1775280974, 2283, 367, 369, 0, 0, 0.54%, 1, 0, 4, 1288.50
1775280979, 2284, 9, 369, 0, 0, 0.54%, 1, 0, 4, 1317.70
1775280984, 2284, 63, 369, 0, 0, 0.54%, 1, 0, 4, 1476.27
1775280989, 2284, 116, 369, 0, 0, 0.54%, 1, 0, 4, 1454.91
1775280995, 2284, 241, 369, 0, 0, 0.54%, 1, 0, 4, 1456.82
1775281000, 2284, 275, 369, 0, 0, 0.54%, 1, 0, 4, 1457.38
1775281005, 2285, 29, 369, 0, 0, 0.54%, 1, 0, 4, 1410.27
1775281010, 2285, 89, 369, 0, 0, 0.54%, 1, 0, 4, 1541.93
1775281015, 2285, 135, 369, 0, 0, 0.54%, 1, 0, 4, 1496.98
1775281020, 2285, 239, 369, 0, 0, 0.54%, 1, 0, 4, 1584.69
1775281025, 2285, 270, 369, 0, 0, 0.54%, 1, 0, 4, 1446.23
1775281030, 2285, 365, 369, 0, 0, 0.54%, 1, 0, 4, 1356.39
1775281035, 2286, 29, 369, 0, 0, 0.54%, 1, 0, 4, 1496.90
1775281040, 2286, 66, 369, 0, 0, 0.54%, 1, 0, 4, 1544.26
1775281045, 2286, 104, 369, 0, 0, 0.54%, 1, 0, 4, 1492.63
1775281050, 2286, 191, 369, 0, 0, 0.54%, 1, 0, 4, 1467.07
1775281056, 2286, 267, 369, 0, 0, 0.54%, 1, 0, 4, 1395.20
1775281061, 2286, 322, 369, 0, 0, 0.54%, 1, 0, 4, 1362.44
1775281066, 2287, 31, 369, 0, 0, 0.54%, 1, 0, 4, 1589.68
1775281071, 2287, 73, 369, 0, 0, 0.54%, 1, 0, 4, 1531.18
1775281076, 2287, 101, 369, 0, 0, 0.54%, 1, 0, 4, 1396.79
1775281081, 2287, 140, 369, 0, 0, 0.54%, 1, 0, 4, 1436.09
1775281086, 2287, 274, 369, 0, 0, 0.54%, 1, 0, 4, 1330.30
1775281091, 2288, 9, 369, 0, 0, 0.54%, 1, 0, 4, 1580.80
1775281096, 2288, 53, 369, 0, 0, 0.54%, 1, 0, 4, 1515.12
1775281101, 2288, 96, 369, 0, 0, 0.54%, 1, 0, 4, 1479.75
1775281106, 2288, 129, 369, 0, 0, 0.54%, 1, 0, 4, 1417.59
1775281111, 2288, 265, 369, 0, 0, 0.54%, 1, 0, 4, 1495.29
1775281117, 2288, 294, 369, 0, 0, 0.54%, 1, 0, 4, 1419.60
1775281122, 2289, 31, 369, 0, 0, 0.54%, 1, 0, 4, 936.39
1775281127, 2289, 83, 369, 0, 0, 0.54%, 1, 0, 4, 1326.47
1775281132, 2289, 191, 369, 0, 0, 0.54%, 1, 0, 4, 1425.69
1775281137, 2289, 253, 369, 0, 0, 0.54%, 1, 0, 4, 1408.43
1775281142, 2289, 276, 369, 0, 0, 0.54%, 1, 0, 4, 1415.32
1775281147, 2289, 367, 369, 0, 0, 0.54%, 1, 0, 4, 1356.37
1775281152, 2290, 29, 369, 0, 0, 0.54%, 1, 0, 4, 1609.89
1775281157, 2290, 64, 369, 0, 0, 0.54%, 1, 0, 4, 1447.11
1775281162, 2290, 128, 369, 0, 0, 0.54%, 1, 0, 4, 1432.27
1775281167, 2290, 265, 369, 0, 0, 0.54%, 1, 0, 4, 1517.38
1775281172, 2290, 322, 369, 0, 0, 0.54%, 1, 0, 4, 1331.44
1775281178, 2291, 31, 369, 0, 0, 0.54%, 1, 0, 4, 1426.58
1775281183, 2291, 95, 369, 0, 0, 0.54%, 1, 0, 4, 1409.42
1775281188, 2291, 157, 369, 0, 0, 0.54%, 1, 0, 4, 1452.02
1775281193, 2291, 243, 369, 0, 0, 0.54%, 1, 0, 4, 1454.42
1775281198, 2291, 295, 369, 0, 0, 0.54%, 1, 0, 4, 1479.61
1775281203, 2292, 25, 369, 0, 0, 0.54%, 1, 0, 4, 1488.88
1775281208, 2292, 57, 369, 0, 0, 0.54%, 1, 0, 4, 1471.66
1775281213, 2292, 101, 369, 0, 0, 0.54%, 1, 0, 4, 1357.00
1775281218, 2292, 226, 369, 0, 0, 0.54%, 1, 0, 4, 1309.16
1775281223, 2292, 284, 369, 0, 0, 0.54%, 1, 0, 4, 1321.29
1775281228, 2293, 3, 369, 0, 0, 0.54%, 1, 0, 4, 1368.48
1775281233, 2293, 50, 369, 0, 0, 0.54%, 1, 0, 4, 1500.21
1775281238, 2293, 85, 369, 0, 0, 0.54%, 1, 0, 4, 1262.14
1775281243, 2293, 164, 369, 0, 0, 0.54%, 1, 0, 4, 1412.32
1775281248, 2293, 265, 369, 0, 0, 0.54%, 1, 0, 4, 1576.86
1775281254, 2293, 358, 369, 0, 0, 0.54%, 1, 0, 4, 1469.74
1775281259, 2294, 25, 369, 0, 0, 0.54%, 1, 0, 4, 1449.13
1775281264, 2294, 58, 369, 0, 0, 0.54%, 1, 0, 4, 1446.19
1775281269, 2294, 101, 369, 0, 0, 0.54%, 1, 0, 4, 1426.54
1775281274, 2294, 221, 369, 0, 0, 0.54%, 1, 0, 4, 1438.44
1775281279, 2294, 270, 369, 0, 0, 0.54%, 1, 0, 4, 1441.53
1775281284, 2294, 367, 369, 0, 0, 0.54%, 1, 0, 4, 1318.95
1775281290, 2295, 9, 369, 0, 0, 0.54%, 1, 0, 4, 1530.16
1775281295, 2295, 63, 369, 0, 0, 0.54%, 1, 0, 4, 1566.26
1775281300, 2295, 103, 369, 0, 0, 0.54%, 1, 0, 4, 1447.77
1775281305, 2295, 175, 369, 0, 0, 0.54%, 1, 0, 4, 1483.73
1775281310, 2295, 226, 369, 0, 0, 0.54%, 1, 0, 4, 1454.80
1775281315, 2295, 291, 369, 0, 0, 0.54%, 1, 0, 4, 1478.70
1775281320, 2296, 27, 369, 0, 0, 0.54%, 1, 0, 4, 209.61
1775281325, 2296, 63, 369, 0, 0, 0.54%, 1, 0, 4, 1679.62
1775281331, 2296, 89, 369, 0, 0, 0.54%, 1, 0, 4, 1532.58
1775281336, 2296, 123, 369, 0, 0, 0.54%, 1, 0, 4, 1521.79
1775281341, 2296, 234, 369, 0, 0, 0.54%, 1, 0, 4, 1435.12
1775281346, 2296, 275, 369, 0, 0, 0.54%, 1, 0, 4, 1555.45
1775281351, 2297, 29, 369, 0, 0, 0.54%, 1, 0, 4, 1478.55
1775281356, 2297, 89, 369, 0, 0, 0.54%, 1, 0, 4, 1643.77
1775281361, 2297, 135, 369, 0, 0, 0.54%, 1, 0, 4, 1467.84
1775281366, 2297, 265, 369, 0, 0, 0.54%, 1, 0, 4, 1501.49
1775281372, 2297, 322, 369, 0, 0, 0.54%, 1, 0, 4, 1317.94
1775281377, 2298, 29, 369, 0, 0, 0.54%, 1, 0, 4, 1372.46
1775281382, 2298, 89, 369, 0, 0, 0.54%, 1, 0, 4, 1470.07
1775281387, 2298, 122, 369, 0, 0, 0.54%, 1, 0, 4, 1377.99
1775281392, 2298, 261, 369, 0, 0, 0.54%, 1, 0, 4, 1441.85
1775281397, 2298, 286, 369, 0, 0, 0.54%, 1, 0, 4, 1337.59
1775281402, 2299, 29, 369, 0, 0, 0.54%, 1, 0, 4, 1287.58
1775281407, 2299, 63, 369, 0, 0, 0.54%, 1, 0, 4, 1468.63
1775281412, 2299, 117, 369, 0, 0, 0.54%, 1, 0, 4, 1446.97
1775281417, 2299, 261, 369, 0, 0, 0.54%, 1, 0, 4, 1519.53
1775281422, 2299, 299, 369, 0, 0, 0.54%, 1, 0, 4, 1379.16
1775281427, 2300, 22, 369, 0, 0, 0.54%, 1, 0, 4, 1487.11
1775281433, 2300, 58, 369, 0, 0, 0.54%, 1, 0, 4, 1579.38
1775281438, 2300, 103, 369, 0, 0, 0.54%, 1, 0, 4, 1547.58
1775281443, 2300, 194, 369, 0, 0, 0.54%, 1, 0, 4, 1461.91
1775281448, 2300, 274, 369, 0, 0, 0.54%, 1, 0, 4, 1435.74
1775281453, 2301, 9, 369, 0, 0, 0.54%, 1, 0, 4, 1369.59
1775281458, 2301, 63, 369, 0, 0, 0.54%, 1, 0, 4, 1470.29
1775281463, 2301, 116, 369, 0, 0, 0.54%, 1, 0, 4, 1451.81
1775281468, 2301, 196, 369, 0, 0, 0.54%, 1, 0, 4, 1409.98
1775281473, 2301, 274, 369, 0, 0, 0.54%, 1, 0, 4, 1450.14
1775281479, 2302, 9, 369, 0, 0, 0.54%, 1, 0, 4, 578.30
1775281484, 2302, 58, 369, 0, 0, 0.54%, 1, 0, 4, 1184.89
1775281489, 2302, 101, 369, 0, 0, 0.54%, 1, 0, 4, 1336.19
1775281494, 2302, 182, 369, 0, 0, 0.54%, 1, 0, 4, 1454.85
1775281499, 2302, 274, 369, 0, 0, 0.54%, 1, 0, 4, 1403.56
1775281504, 2302, 364, 369, 0, 0, 0.54%, 1, 0, 4, 1383.79
1775281509, 2303, 31, 369, 0, 0, 0.54%, 1, 0, 4, 1462.00
1775281514, 2303, 50, 369, 0, 0, 0.54%, 1, 0, 4, 1439.34
1775281519, 2303, 103, 369, 0, 0, 0.54%, 1, 0, 4, 1360.57
1775281525, 2303, 149, 369, 0, 0, 0.54%, 1, 0, 4, 1383.60
1775281530, 2303, 228, 369, 0, 0, 0.54%, 1, 0, 4, 1581.11
1775281535, 2303, 274, 369, 0, 0, 0.54%, 1, 0, 4, 1464.50
1775281540, 2303, 327, 369, 0, 0, 0.54%, 1, 0, 4, 1426.28
1775281545, 2304, 33, 369, 0, 0, 0.54%, 1, 0, 4, 1510.20
1775281550, 2304, 101, 369, 0, 0, 0.54%, 1, 0, 4, 1488.01
1775281555, 2304, 180, 369, 0, 0, 0.54%, 1, 0, 4, 1430.33
1775281560, 2304, 274, 369, 0, 0, 0.54%, 1, 0, 4, 1412.33
1775281565, 2304, 347, 369, 0, 0, 0.54%, 1, 0, 4, 1193.93
1775281570, 2305, 49, 369, 0, 0, 0.54%, 1, 0, 4, 1407.36
1775281575, 2305, 87, 369, 0, 0, 0.54%, 1, 0, 4, 1487.90
1775281581, 2305, 108, 369, 0, 0, 0.54%, 1, 0, 4, 1343.49
1775281586, 2305, 246, 369, 0, 0, 0.54%, 1, 0, 4, 1432.54
1775281591, 2305, 276, 369, 0, 0, 0.54%, 1, 0, 4, 1429.42
1775281596, 2306, 18, 369, 0, 0, 0.54%, 1, 0, 4, 1463.39
1775281601, 2306, 44, 369, 0, 0, 0.54%, 1, 0, 4, 1433.55
1775281606, 2306, 90, 369, 0, 0, 0.54%, 1, 0, 4, 1547.09
1775281611, 2306, 166, 369, 0, 0, 0.54%, 1, 0, 4, 1402.50
1775281616, 2306, 265, 369, 0, 0, 0.54%, 1, 0, 4, 1401.05
1775281622, 2306, 296, 369, 0, 0, 0.54%, 1, 0, 4, 1314.44
1775281627, 2307, 29, 369, 0, 0, 0.54%, 1, 0, 4, 1336.85
1775281632, 2307, 89, 369, 0, 0, 0.54%, 1, 0, 4, 1360.87
1775281637, 2307, 108, 369, 0, 0, 0.54%, 1, 0, 4, 1638.16
1775281642, 2307, 193, 369, 0, 0, 0.54%, 1, 0, 4, 1405.58
1775281647, 2307, 261, 369, 0, 0, 0.54%, 1, 0, 4, 1419.53
1775281652, 2307, 299, 369, 0, 0, 0.54%, 1, 0, 4, 1350.52
1775281657, 2308, 28, 369, 0, 0, 0.54%, 1, 0, 4, 1447.52
1775281663, 2308, 58, 369, 0, 0, 0.54%, 1, 0, 4, 1495.49
1775281668, 2308, 108, 369, 0, 0, 0.54%, 1, 0, 4, 1484.63
1775281673, 2308, 213, 369, 0, 0, 0.54%, 1, 0, 4, 1324.93
1775281678, 2308, 267, 369, 0, 0, 0.54%, 1, 0, 4, 1371.66
1775281683, 2308, 279, 369, 0, 0, 0.54%, 1, 0, 4, 1245.07
1775281688, 2309, 12, 369, 0, 0, 0.54%, 1, 0, 4, 1384.75
1775281693, 2309, 59, 369, 0, 0, 0.54%, 1, 0, 4, 1394.09
1775281698, 2309, 108, 369, 0, 0, 0.54%, 1, 0, 4, 1448.29
1775281704, 2309, 200, 369, 0, 0, 0.54%, 1, 0, 4, 1442.68
1775281709, 2309, 275, 369, 0, 0, 0.54%, 1, 0, 4, 1515.98
1775281714, 2310, 6, 369, 0, 0, 0.54%, 1, 0, 4, 1318.26
1775281719, 2310, 29, 369, 0, 0, 0.54%, 1, 0, 4, 1412.83
1775281724, 2310, 63, 369, 0, 0, 0.54%, 1, 0, 4, 1556.66
1775281729, 2310, 108, 369, 0, 0, 0.54%, 1, 0, 4, 1424.45
1775281734, 2310, 207, 369, 0, 0, 0.54%, 1, 0, 4, 1396.60
1775281739, 2310, 265, 369, 0, 0, 0.54%, 1, 0, 4, 1362.56
1775281744, 2310, 345, 369, 0, 0, 0.54%, 1, 0, 4, 1277.64
1775281749, 2311, 58, 369, 0, 0, 0.54%, 1, 0, 4, 1482.18
1775281754, 2311, 103, 369, 0, 0, 0.54%, 1, 0, 4, 1455.68
1775281760, 2311, 178, 369, 0, 0, 0.54%, 1, 0, 4, 1392.96
1775281765, 2311, 265, 369, 0, 0, 0.54%, 1, 0, 4, 1330.76
1775281770, 2311, 322, 369, 0, 0, 0.54%, 1, 0, 4, 1447.54
1775281775, 2312, 29, 369, 0, 0, 0.54%, 1, 0, 4, 1457.56
1775281780, 2312, 89, 369, 0, 0, 0.54%, 1, 0, 4, 1543.33
1775281785, 2312, 165, 369, 0, 0, 0.54%, 1, 0, 4, 1471.62
1775281790, 2312, 265, 369, 0, 0, 0.54%, 1, 0, 4, 1494.17
1775281795, 2312, 322, 369, 0, 0, 0.54%, 1, 0, 4, 1430.61
1775281800, 2313, 33, 369, 0, 0, 0.54%, 1, 0, 4, 1473.19
1775281805, 2313, 105, 369, 0, 0, 0.54%, 1, 0, 4, 1440.05
1775281810, 2313, 214, 369, 0, 0, 0.54%, 1, 0, 4, 1291.02
1775281815, 2313, 276, 369, 0, 0, 0.54%, 1, 0, 4, 1426.81
1775281820, 2313, 344, 369, 0, 0, 0.54%, 1, 0, 4, 1257.57
1775281825, 2314, 29, 369, 0, 0, 0.54%, 1, 0, 4, 1315.04
1775281830, 2314, 58, 369, 0, 0, 0.54%, 1, 0, 4, 1459.22
1775281836, 2314, 108, 369, 0, 0, 0.54%, 1, 0, 4, 1473.14
1775281841, 2314, 204, 369, 0, 0, 0.54%, 1, 0, 4, 1460.76
1775281846, 2314, 274, 369, 0, 0, 0.54%, 1, 0, 4, 1432.26
1775281851, 2314, 322, 369, 0, 0, 0.54%, 1, 0, 4, 1340.00
1775281856, 2315, 29, 369, 0, 0, 0.54%, 1, 0, 4, 1332.57
1775281861, 2315, 64, 369, 0, 0, 0.54%, 1, 0, 4, 1501.25
1775281866, 2315, 123, 369, 0, 0, 0.54%, 1, 0, 4, 1426.43
1775281871, 2315, 266, 369, 0, 0, 0.54%, 1, 0, 4, 1485.43
1775281876, 2315, 335, 369, 0, 0, 0.54%, 1, 0, 4, 1322.78
1775281881, 2316, 31, 369, 0, 0, 0.54%, 1, 0, 4, 1364.75
1775281886, 2316, 64, 369, 0, 0, 0.54%, 1, 0, 4, 1456.20
1775281892, 2316, 108, 369, 0, 0, 0.54%, 1, 0, 4, 1478.11
1775281897, 2316, 214, 369, 0, 0, 0.54%, 1, 0, 4, 1340.36
1775281902, 2316, 275, 369, 0, 0, 0.54%, 1, 0, 4, 1465.80
1775281907, 2317, 9, 369, 0, 0, 0.54%, 1, 0, 4, 1357.43
1775281912, 2317, 63, 369, 0, 0, 0.54%, 1, 0, 4, 1432.45
1775281917, 2317, 114, 369, 0, 0, 0.54%, 1, 0, 4, 1452.98
1775281922, 2317, 261, 369, 0, 0, 0.54%, 1, 0, 4, 1444.55
1775281927, 2317, 292, 369, 0, 0, 0.54%, 1, 0, 4, 1518.87
1775281932, 2318, 9, 369, 0, 0, 0.54%, 1, 0, 4, 1394.57
1775281938, 2318, 58, 369, 0, 0, 0.54%, 1, 0, 4, 1428.33
1775281943, 2318, 92, 369, 0, 0, 0.54%, 1, 0, 4, 1489.32
1775281948, 2318, 161, 369, 0, 0, 0.54%, 1, 0, 4, 1358.93
1775281953, 2318, 232, 369, 0, 0, 0.54%, 1, 0, 4, 1264.95
1775281958, 2318, 275, 369, 0, 0, 0.54%, 1, 0, 4, 1517.99
1775281963, 2318, 365, 369, 0, 0, 0.54%, 1, 0, 4, 1350.49
1775281968, 2319, 31, 369, 0, 0, 0.54%, 1, 0, 4, 1458.79
1775281973, 2319, 92, 369, 0, 0, 0.54%, 1, 0, 4, 1528.86
1775281979, 2319, 152, 369, 0, 0, 0.54%, 1, 0, 4, 1467.98
1775281984, 2319, 229, 369, 0, 0, 0.54%, 1, 0, 4, 1469.31
1775281989, 2319, 275, 369, 0, 0, 0.54%, 1, 0, 4, 1515.56
1775281994, 2320, 7, 369, 0, 0, 0.54%, 1, 0, 4, 1410.17
1775281999, 2320, 32, 369, 0, 0, 0.54%, 1, 0, 4, 1396.98
1775282004, 2320, 89, 369, 0, 0, 0.54%, 1, 0, 4, 1473.78
1775282009, 2320, 142, 369, 0, 0, 0.54%, 1, 0, 4, 1485.12
1775282014, 2320, 244, 369, 0, 0, 0.54%, 1, 0, 4, 1419.20
1775282019, 2320, 275, 369, 0, 0, 0.54%, 1, 0, 4, 1497.55
1775282024, 2321, 14, 369, 0, 0, 0.54%, 1, 0, 4, 1392.11
1775282029, 2321, 63, 369, 0, 0, 0.54%, 1, 0, 4, 1482.10
1775282034, 2321, 108, 369, 0, 0, 0.54%, 1, 0, 4, 1443.67
1775282039, 2321, 175, 369, 0, 0, 0.54%, 1, 0, 4, 1456.96
1775282045, 2321, 275, 369, 0, 0, 0.54%, 1, 0, 4, 1485.72
1775282050, 2321, 364, 369, 0, 0, 0.54%, 1, 0, 4, 1367.16
1775282055, 2322, 31, 369, 0, 0, 0.54%, 1, 0, 4, 1270.95
1775282060, 2322, 64, 369, 0, 0, 0.54%, 1, 0, 4, 1417.00
1775282065, 2322, 103, 369, 0, 0, 0.54%, 1, 0, 4, 1311.05
1775282070, 2322, 214, 369, 0, 0, 0.54%, 1, 0, 4, 1342.22
1775282075, 2322, 273, 369, 0, 0, 0.54%, 1, 0, 4, 1375.18
1775282080, 2322, 322, 369, 0, 0, 0.54%, 1, 0, 4, 1349.94
1775282085, 2323, 31, 369, 0, 0, 0.54%, 1, 0, 4, 1310.40
1775282090, 2323, 101, 369, 0, 0, 0.54%, 1, 0, 4, 1470.68
1775282096, 2323, 164, 369, 0, 0, 0.54%, 1, 0, 4, 1421.05
1775282101, 2323, 233, 369, 0, 0, 0.54%, 1, 0, 4, 1456.96
1775282106, 2323, 276, 369, 0, 0, 0.54%, 1, 0, 4, 1512.30
1775282111, 2324, 1, 369, 0, 0, 0.54%, 1, 0, 4, 1221.12
1775282116, 2324, 33, 369, 0, 0, 0.54%, 1, 0, 4, 1417.56
1775282121, 2324, 78, 369, 0, 0, 0.54%, 1, 0, 4, 1504.76
1775282126, 2324, 122, 369, 0, 0, 0.54%, 1, 0, 4, 1388.68
1775282131, 2324, 200, 369, 0, 0, 0.54%, 1, 0, 4, 1248.62
1775282136, 2324, 275, 369, 0, 0, 0.54%, 1, 0, 4, 1407.17
1775282141, 2325, 9, 369, 0, 0, 0.54%, 1, 0, 4, 1368.30
1775282146, 2325, 43, 369, 0, 0, 0.54%, 1, 0, 4, 1444.72
1775282151, 2325, 95, 369, 0, 0, 0.54%, 1, 0, 4, 1410.97
1775282156, 2325, 169, 369, 0, 0, 0.54%, 1, 0, 4, 1416.27
1775282161, 2325, 223, 369, 0, 0, 0.54%, 1, 0, 4, 1291.41
1775282167, 2325, 275, 369, 0, 0, 0.54%, 1, 0, 4, 1508.71
1775282172, 2325, 364, 369, 0, 0, 0.54%, 1, 0, 4, 1429.34
1775282177, 2326, 29, 369, 0, 0, 0.54%, 1, 0, 4, 1477.70
1775282182, 2326, 101, 369, 0, 0, 0.54%, 1, 0, 4, 1477.43
1775282187, 2326, 122, 369, 0, 0, 0.54%, 1, 0, 4, 1405.49
1775282192, 2326, 265, 369, 0, 0, 0.54%, 1, 0, 4, 1424.39
1775282197, 2326, 281, 369, 0, 0, 0.54%, 1, 0, 4, 1386.45
1775282202, 2327, 19, 369, 0, 0, 0.54%, 1, 0, 4, 1467.50
1775282207, 2327, 53, 369, 0, 0, 0.54%, 1, 0, 4, 1528.08
1775282212, 2327, 101, 369, 0, 0, 0.54%, 1, 0, 4, 1498.19
1775282217, 2327, 182, 369, 0, 0, 0.54%, 1, 0, 4, 1503.77
1775282222, 2327, 228, 369, 0, 0, 0.54%, 1, 0, 4, 1351.58
1775282228, 2327, 274, 369, 0, 0, 0.54%, 1, 0, 4, 1374.78
1775282233, 2327, 365, 369, 0, 0, 0.54%, 1, 0, 4, 1397.09
1775282238, 2328, 33, 369, 0, 0, 0.54%, 1, 0, 4, 1364.90
1775282243, 2328, 76, 369, 0, 0, 0.54%, 1, 0, 4, 1442.50
1775282248, 2328, 108, 369, 0, 0, 0.54%, 1, 0, 4, 1363.55
1775282253, 2328, 178, 369, 0, 0, 0.54%, 1, 0, 4, 1361.42
1775282258, 2328, 238, 369, 0, 0, 0.54%, 1, 0, 4, 1462.20
1775282263, 2328, 265, 369, 0, 0, 0.54%, 1, 0, 4, 388.49
1775282268, 2328, 321, 369, 0, 0, 0.54%, 1, 0, 4, 1065.90
1775282273, 2329, 26, 369, 0, 0, 0.54%, 1, 0, 4, 1205.76
1775282278, 2329, 50, 369, 0, 0, 0.54%, 1, 0, 4, 1387.18
1775282284, 2329, 103, 369, 0, 0, 0.54%, 1, 0, 4, 1504.80
1775282289, 2329, 185, 369, 0, 0, 0.54%, 1, 0, 4, 1401.19
1775282294, 2329, 231, 369, 0, 0, 0.54%, 1, 0, 4, 1463.26
1775282299, 2329, 276, 369, 0, 0, 0.54%, 1, 0, 4, 1440.33
1775282304, 2330, 7, 369, 0, 0, 0.54%, 1, 0, 4, 1468.15
1775282309, 2330, 44, 369, 0, 0, 0.54%, 1, 0, 4, 1482.68
1775282314, 2330, 74, 369, 0, 0, 0.54%, 1, 0, 4, 1567.13
1775282319, 2330, 112, 369, 0, 0, 0.54%, 1, 0, 4, 1448.19
1775282324, 2330, 266, 369, 0, 0, 0.54%, 1, 0, 4, 1485.30
1775282329, 2330, 283, 369, 0, 0, 0.54%, 1, 0, 4, 1377.29
1775282334, 2331, 18, 369, 0, 0, 0.54%, 1, 0, 4, 1342.11
1775282340, 2331, 63, 369, 0, 0, 0.54%, 1, 0, 4, 1489.23
1775282345, 2331, 89, 369, 0, 0, 0.54%, 1, 0, 4, 1424.97
1775282350, 2331, 135, 369, 0, 0, 0.54%, 1, 0, 4, 1355.99
1775282355, 2331, 261, 369, 0, 0, 0.54%, 1, 0, 4, 1379.81
1775282360, 2331, 322, 369, 0, 0, 0.54%, 1, 0, 4, 1413.97
1775282365, 2332, 29, 369, 0, 0, 0.54%, 1, 0, 4, 1351.75
1775282370, 2332, 72, 369, 0, 0, 0.54%, 1, 0, 4, 1444.14
1775282375, 2332, 103, 369, 0, 0, 0.54%, 1, 0, 4, 1457.03
1775282380, 2332, 161, 369, 0, 0, 0.54%, 1, 0, 4, 1455.41
1775282386, 2332, 274, 369, 0, 0, 0.54%, 1, 0, 4, 1435.17
1775282391, 2332, 323, 369, 0, 0, 0.54%, 1, 0, 4, 1339.74
1775282396, 2333, 25, 369, 0, 0, 0.54%, 1, 0, 4, 1466.42
1775282401, 2333, 63, 369, 0, 0, 0.54%, 1, 0, 4, 1573.64
1775282406, 2333, 108, 369, 0, 0, 0.54%, 1, 0, 4, 1349.71
1775282411, 2333, 239, 369, 0, 0, 0.54%, 1, 0, 4, 1402.98
1775282416, 2333, 276, 369, 0, 0, 0.54%, 1, 0, 4, 1354.87
1775282421, 2334, 29, 369, 0, 0, 0.54%, 1, 0, 4, 1333.49
1775282426, 2334, 63, 369, 0, 0, 0.54%, 1, 0, 4, 1374.21
1775282431, 2334, 108, 369, 0, 0, 0.54%, 1, 0, 4, 1336.48
1775282436, 2334, 199, 369, 0, 0, 0.54%, 1, 0, 4, 1376.14
1775282441, 2334, 275, 369, 0, 0, 0.54%, 1, 0, 4, 1465.17
1775282447, 2335, 9, 369, 0, 0, 0.54%, 1, 0, 4, 1419.56
1775282452, 2335, 37, 369, 0, 0, 0.54%, 1, 0, 4, 1315.56
1775282457, 2335, 89, 369, 0, 0, 0.54%, 1, 0, 4, 1383.23
1775282462, 2335, 178, 369, 0, 0, 0.54%, 1, 0, 4, 1464.86
1775282467, 2335, 231, 369, 0, 0, 0.54%, 1, 0, 4, 1454.77
1775282472, 2335, 276, 369, 0, 0, 0.54%, 1, 0, 4, 1462.26
1775282477, 2336, 31, 369, 0, 0, 0.54%, 1, 0, 4, 1577.97
1775282482, 2336, 85, 369, 0, 0, 0.54%, 1, 0, 4, 1555.54
1775282487, 2336, 124, 369, 0, 0, 0.54%, 1, 0, 4, 1409.63
1775282493, 2336, 274, 369, 0, 0, 0.54%, 1, 0, 4, 1492.19
1775282498, 2337, 9, 369, 0, 0, 0.54%, 1, 0, 4, 1404.17
1775282503, 2337, 63, 369, 0, 0, 0.54%, 1, 0, 4, 1546.95
1775282508, 2337, 117, 369, 0, 0, 0.54%, 1, 0, 4, 1452.37
1775282513, 2337, 212, 369, 0, 0, 0.54%, 1, 0, 4, 1527.87
1775282518, 2337, 276, 369, 0, 0, 0.54%, 1, 0, 4, 1463.76
1775282523, 2338, 9, 369, 0, 0, 0.54%, 1, 0, 4, 1284.64
1775282528, 2338, 31, 369, 0, 0, 0.54%, 1, 0, 4, 1432.01
1775282533, 2338, 63, 369, 0, 0, 0.54%, 1, 0, 4, 474.87
1775282538, 2338, 108, 369, 0, 0, 0.54%, 1, 0, 4, 1221.93
1775282543, 2338, 193, 369, 0, 0, 0.54%, 1, 0, 4, 1231.45
1775282548, 2338, 265, 369, 0, 0, 0.54%, 1, 0, 4, 1391.08
1775282553, 2338, 307, 369, 0, 0, 0.54%, 1, 0, 4, 1307.00
1775282558, 2339, 9, 369, 0, 0, 0.54%, 1, 0, 4, 1411.84
1775282564, 2339, 33, 369, 0, 0, 0.54%, 1, 0, 4, 1310.46
1775282569, 2339, 101, 369, 0, 0, 0.54%, 1, 0, 4, 1422.06
1775282574, 2339, 195, 369, 0, 0, 0.54%, 1, 0, 4, 1426.62
1775282579, 2339, 274, 369, 0, 0, 0.54%, 1, 0, 4, 1425.11
1775282584, 2339, 322, 369, 0, 0, 0.54%, 1, 0, 4, 1401.48
1775282589, 2339, 366, 369, 0, 0, 0.54%, 1, 0, 4, 1266.04
1775282594, 2340, 29, 369, 0, 0, 0.54%, 1, 0, 4, 1424.61
1775282599, 2340, 63, 369, 0, 0, 0.54%, 1, 0, 4, 1568.95
1775282604, 2340, 120, 369, 0, 0, 0.54%, 1, 0, 4, 1514.02
1775282610, 2340, 216, 369, 0, 0, 0.54%, 1, 0, 4, 1427.20
1775282615, 2340, 275, 369, 0, 0, 0.54%, 1, 0, 4, 1485.73
1775282620, 2341, 21, 369, 0, 0, 0.54%, 1, 0, 4, 1404.29
1775282625, 2341, 63, 369, 0, 0, 0.54%, 1, 0, 4, 1505.73
1775282630, 2341, 106, 369, 0, 0, 0.54%, 1, 0, 4, 1472.30
1775282635, 2341, 182, 369, 0, 0, 0.54%, 1, 0, 4, 1385.99
1775282640, 2341, 267, 369, 0, 0, 0.54%, 1, 0, 4, 1470.78
1775282645, 2342, 1, 369, 0, 0, 0.54%, 1, 0, 4, 1418.87
1775282650, 2342, 31, 369, 0, 0, 0.54%, 1, 0, 4, 1475.32
1775282655, 2342, 89, 369, 0, 0, 0.54%, 1, 0, 4, 1462.20
1775282660, 2342, 159, 369, 0, 0, 0.54%, 1, 0, 4, 1420.88
1775282665, 2342, 261, 369, 0, 0, 0.54%, 1, 0, 4, 1332.63
1775282670, 2342, 313, 369, 0, 0, 0.54%, 1, 0, 4, 1357.86
1775282675, 2343, 25, 369, 0, 0, 0.54%, 1, 0, 4, 1445.62
1775282681, 2343, 63, 369, 0, 0, 0.54%, 1, 0, 4, 1476.09
1775282686, 2343, 103, 369, 0, 0, 0.54%, 1, 0, 4, 1423.86
1775282691, 2343, 258, 369, 0, 0, 0.54%, 1, 0, 4, 1371.09
1775282696, 2343, 278, 369, 0, 0, 0.54%, 1, 0, 4, 1429.84
1775282701, 2344, 26, 369, 0, 0, 0.54%, 1, 0, 4, 1322.47
1775282706, 2344, 63, 369, 0, 0, 0.54%, 1, 0, 4, 1547.93
1775282711, 2344, 103, 369, 0, 0, 0.54%, 1, 0, 4, 1491.46
1775282716, 2344, 209, 369, 0, 0, 0.54%, 1, 0, 4, 1534.00
1775282722, 2344, 261, 369, 0, 0, 0.54%, 1, 0, 4, 1459.28
1775282727, 2344, 278, 369, 0, 0, 0.54%, 1, 0, 4, 1404.01
1775282732, 2345, 9, 369, 0, 0, 0.54%, 1, 0, 4, 1338.99
1775282737, 2345, 64, 369, 0, 0, 0.54%, 1, 0, 4, 1501.07
1775282742, 2345, 101, 369, 0, 0, 0.54%, 1, 0, 4, 1421.99
1775282747, 2345, 160, 369, 0, 0, 0.54%, 1, 0, 4, 1432.89
1775282752, 2345, 257, 369, 0, 0, 0.54%, 1, 0, 4, 1385.66
1775282757, 2345, 322, 369, 0, 0, 0.54%, 1, 0, 4, 1380.05
1775282762, 2346, 33, 369, 0, 0, 0.54%, 1, 0, 4, 1344.03
1775282767, 2346, 91, 369, 0, 0, 0.54%, 1, 0, 4, 1429.91
1775282772, 2346, 117, 369, 0, 0, 0.54%, 1, 0, 4, 1419.01
1775282777, 2346, 210, 369, 0, 0, 0.54%, 1, 0, 4, 1364.12
1775282782, 2346, 276, 369, 0, 0, 0.54%, 1, 0, 4, 1452.76
1775282788, 2346, 364, 369, 0, 0, 0.54%, 1, 0, 4, 1376.14
1775282793, 2347, 33, 369, 0, 0, 0.54%, 1, 0, 4, 1338.06
1775282798, 2347, 97, 369, 0, 0, 0.54%, 1, 0, 4, 1508.54
1775282803, 2347, 180, 369, 0, 0, 0.54%, 1, 0, 4, 1415.91
1775282808, 2347, 261, 369, 0, 0, 0.54%, 1, 0, 4, 1370.09
1775282813, 2347, 297, 369, 0, 0, 0.54%, 1, 0, 4, 1378.29
1775282818, 2348, 9, 369, 0, 0, 0.54%, 1, 0, 4, 1246.23
1775282823, 2348, 58, 369, 0, 0, 0.54%, 1, 0, 4, 1425.58
1775282829, 2348, 101, 369, 0, 0, 0.54%, 1, 0, 4, 1417.15
1775282834, 2348, 158, 369, 0, 0, 0.54%, 1, 0, 4, 1386.96
1775282839, 2348, 242, 369, 0, 0, 0.54%, 1, 0, 4, 1474.28
1775282844, 2348, 275, 369, 0, 0, 0.54%, 1, 0, 4, 1520.20
1775282849, 2349, 13, 369, 0, 0, 0.54%, 1, 0, 4, 1458.19
1775282854, 2349, 58, 369, 0, 0, 0.54%, 1, 0, 4, 1519.90
1775282859, 2349, 89, 369, 0, 0, 0.54%, 1, 0, 4, 1565.33
1775282864, 2349, 131, 369, 0, 0, 0.54%, 1, 0, 4, 1385.78
1775282869, 2349, 251, 369, 0, 0, 0.54%, 1, 0, 4, 1416.31
1775282874, 2349, 275, 369, 0, 0, 0.54%, 1, 0, 4, 1382.63
1775282879, 2350, 27, 369, 0, 0, 0.54%, 1, 0, 4, 1473.28
1775282885, 2350, 63, 369, 0, 0, 0.54%, 1, 0, 4, 1452.11
1775282890, 2350, 146, 369, 0, 0, 0.54%, 1, 0, 4, 1411.80
1775282895, 2350, 230, 369, 0, 0, 0.54%, 1, 0, 4, 1409.08
1775282900, 2350, 275, 369, 0, 0, 0.54%, 1, 0, 4, 1377.09
1775282905, 2351, 22, 369, 0, 0, 0.54%, 1, 0, 4, 1340.69
1775282910, 2351, 39, 369, 0, 0, 0.54%, 1, 0, 4, 1412.74
1775282915, 2351, 101, 369, 0, 0, 0.54%, 1, 0, 4, 1428.63
1775282920, 2351, 138, 369, 0, 0, 0.54%, 1, 0, 4, 1344.96
1775282925, 2351, 205, 369, 0, 0, 0.54%, 1, 0, 4, 1389.03
1775282930, 2351, 265, 369, 0, 0, 0.54%, 1, 0, 4, 1431.86
1775282935, 2351, 366, 369, 0, 0, 0.54%, 1, 0, 4, 1430.32
1775282941, 2352, 31, 369, 0, 0, 0.54%, 1, 0, 4, 1421.85
1775282946, 2352, 63, 369, 0, 0, 0.54%, 1, 0, 4, 1362.98
1775282951, 2352, 180, 369, 0, 0, 0.54%, 1, 0, 4, 1412.35
1775282956, 2352, 250, 369, 0, 0, 0.54%, 1, 0, 4, 1377.20
1775282961, 2352, 275, 369, 0, 0, 0.54%, 1, 0, 4, 1515.05
1775282966, 2353, 9, 369, 0, 0, 0.54%, 1, 0, 4, 1324.72
1775282971, 2353, 33, 369, 0, 0, 0.54%, 1, 0, 4, 1246.87
1775282976, 2353, 97, 369, 0, 0, 0.54%, 1, 0, 4, 1453.52
1775282981, 2353, 175, 369, 0, 0, 0.54%, 1, 0, 4, 1451.42
1775282987, 2353, 243, 369, 0, 0, 0.54%, 1, 0, 4, 1408.62
1775282992, 2353, 274, 369, 0, 0, 0.54%, 1, 0, 4, 1349.51
1775282997, 2353, 359, 369, 0, 0, 0.54%, 1, 0, 4, 1264.01
1775283002, 2354, 31, 369, 0, 0, 0.54%, 1, 0, 4, 1301.12
1775283007, 2354, 78, 369, 0, 0, 0.54%, 1, 0, 4, 1381.72
1775283012, 2354, 115, 369, 0, 0, 0.54%, 1, 0, 4, 1393.78
1775283017, 2354, 214, 369, 0, 0, 0.54%, 1, 0, 4, 1503.67
1775283022, 2354, 261, 369, 0, 0, 0.54%, 1, 0, 4, 1414.35
1775283027, 2354, 322, 369, 0, 0, 0.54%, 1, 0, 4, 1364.03
1775283032, 2355, 25, 369, 0, 0, 0.54%, 1, 0, 4, 1239.40
1775283038, 2355, 39, 369, 0, 0, 0.54%, 1, 0, 4, 1564.92
1775283043, 2355, 93, 369, 0, 0, 0.54%, 1, 0, 4, 1445.18
1775283048, 2355, 140, 369, 0, 0, 0.54%, 1, 0, 4, 1387.77
1775283053, 2355, 256, 369, 0, 0, 0.54%, 1, 0, 4, 1373.62
1775283058, 2355, 275, 369, 0, 0, 0.54%, 1, 0, 4, 1428.39
1775283063, 2355, 327, 369, 0, 0, 0.54%, 1, 0, 4, 1239.90
1775283068, 2356, 31, 369, 0, 0, 0.54%, 1, 0, 4, 1332.79
1775283073, 2356, 88, 369, 0, 0, 0.54%, 1, 0, 4, 1409.95
1775283078, 2356, 146, 369, 0, 0, 0.54%, 1, 0, 4, 1216.06
1775283083, 2356, 261, 369, 0, 0, 0.54%, 1, 0, 4, 1232.76
1775283088, 2356, 276, 369, 0, 0, 0.54%, 1, 0, 4, 1306.46
1775283093, 2357, 31, 369, 0, 0, 0.54%, 1, 0, 4, 1403.17
1775283098, 2357, 101, 369, 0, 0, 0.54%, 1, 0, 4, 1487.32
1775283103, 2357, 195, 369, 0, 0, 0.54%, 1, 0, 4, 1629.03
1775283109, 2357, 238, 369, 0, 0, 0.54%, 1, 0, 4, 1458.47
1775283114, 2357, 276, 369, 0, 0, 0.54%, 1, 0, 4, 1351.53
1775283119, 2358, 9, 369, 0, 0, 0.54%, 1, 0, 4, 1277.01
1775283124, 2358, 58, 369, 0, 0, 0.54%, 1, 0, 4, 1417.55
1775283129, 2358, 89, 369, 0, 0, 0.54%, 1, 0, 4, 1385.10
1775283134, 2358, 115, 369, 0, 0, 0.54%, 1, 0, 4, 1388.51
1775283139, 2358, 212, 369, 0, 0, 0.54%, 1, 0, 4, 1688.15
1775283144, 2358, 275, 369, 0, 0, 0.54%, 1, 0, 4, 1519.38
1775283149, 2359, 29, 369, 0, 0, 0.54%, 1, 0, 4, 1427.29
1775283154, 2359, 64, 369, 0, 0, 0.54%, 1, 0, 4, 1472.11
1775283159, 2359, 108, 369, 0, 0, 0.54%, 1, 0, 4, 1497.10
1775283164, 2359, 246, 369, 0, 0, 0.54%, 1, 0, 4, 1470.94
1775283170, 2359, 275, 369, 0, 0, 0.54%, 1, 0, 4, 1480.85
1775283175, 2359, 368, 369, 0, 0, 0.54%, 1, 0, 4, 1122.24
1775283180, 2360, 58, 369, 0, 0, 0.54%, 1, 0, 4, 1419.10
1775283185, 2360, 118, 369, 0, 0, 0.54%, 1, 0, 4, 1468.03
1775283190, 2360, 234, 369, 0, 0, 0.54%, 1, 0, 4, 1446.35
1775283195, 2360, 275, 369, 0, 0, 0.54%, 1, 0, 4, 1503.43
1775283200, 2360, 368, 369, 0, 0, 0.54%, 1, 0, 4, 1042.07
1775283205, 2361, 33, 369, 0, 0, 0.54%, 1, 0, 4, 1386.84
1775283211, 2361, 70, 369, 0, 0, 0.54%, 1, 0, 4, 1486.77
1775283216, 2361, 142, 369, 0, 0, 0.54%, 1, 0, 4, 1553.62
1775283221, 2361, 179, 369, 0, 0, 0.54%, 1, 0, 4, 731.27
1775283226, 2361, 274, 369, 0, 0, 0.54%, 1, 0, 4, 1251.74
1775283231, 2361, 307, 369, 0, 0, 0.54%, 1, 0, 4, 1283.97
1775283236, 2362, 31, 369, 0, 0, 0.54%, 1, 0, 4, 1408.53
1775283241, 2362, 72, 369, 0, 0, 0.54%, 1, 0, 4, 1470.93
1775283246, 2362, 190, 369, 0, 0, 0.54%, 1, 0, 4, 1483.19
1775283251, 2362, 265, 369, 0, 0, 0.54%, 1, 0, 4, 1444.73
1775283256, 2363, 9, 369, 0, 0, 0.54%, 1, 0, 4, 1417.21
1775283262, 2363, 33, 369, 0, 0, 0.54%, 1, 0, 4, 1432.46
1775283267, 2363, 101, 369, 0, 0, 0.54%, 1, 0, 4, 1467.12
1775283272, 2363, 182, 369, 0, 0, 0.54%, 1, 0, 4, 1292.01
1775283277, 2363, 266, 369, 0, 0, 0.54%, 1, 0, 4, 1352.23
1775283282, 2363, 322, 369, 0, 0, 0.54%, 1, 0, 4, 1267.22
1775283287, 2364, 29, 369, 0, 0, 0.54%, 1, 0, 4, 1266.98
1775283292, 2364, 64, 369, 0, 0, 0.54%, 1, 0, 4, 1465.56
1775283298, 2364, 157, 369, 0, 0, 0.54%, 1, 0, 4, 1390.44
1775283303, 2364, 261, 369, 0, 0, 0.54%, 1, 0, 4, 1324.74
1775283308, 2364, 314, 369, 0, 0, 0.54%, 1, 0, 4, 1345.66
1775283313, 2365, 29, 369, 0, 0, 0.54%, 1, 0, 4, 1354.31
1775283318, 2365, 89, 369, 0, 0, 0.54%, 1, 0, 4, 1457.19
1775283323, 2365, 167, 369, 0, 0, 0.54%, 1, 0, 4, 1399.07
1775283328, 2365, 223, 369, 0, 0, 0.54%, 1, 0, 4, 1434.97
1775283333, 2365, 275, 369, 0, 0, 0.54%, 1, 0, 4, 1491.78
1775283338, 2366, 9, 369, 0, 0, 0.54%, 1, 0, 4, 1403.31
1775283343, 2366, 58, 369, 0, 0, 0.54%, 1, 0, 4, 1463.31
1775283348, 2366, 77, 369, 0, 0, 0.54%, 1, 0, 4, 1504.16
1775283353, 2366, 130, 369, 0, 0, 0.54%, 1, 0, 4, 1404.38
1775283359, 2366, 245, 369, 0, 0, 0.54%, 1, 0, 4, 1542.34
1775283364, 2366, 281, 369, 0, 0, 0.54%, 1, 0, 4, 1419.79
1775283369, 2367, 9, 369, 0, 0, 0.54%, 1, 0, 4, 1318.90
1775283374, 2367, 64, 369, 0, 0, 0.54%, 1, 0, 4, 1486.58
1775283379, 2367, 108, 369, 0, 0, 0.54%, 1, 0, 4, 1549.00
1775283384, 2367, 206, 369, 0, 0, 0.54%, 1, 0, 4, 1378.85
1775283389, 2367, 275, 369, 0, 0, 0.54%, 1, 0, 4, 1406.81
1775283394, 2367, 367, 369, 0, 0, 0.54%, 1, 0, 4, 1144.56
1775283399, 2368, 31, 369, 0, 0, 0.54%, 1, 0, 4, 1349.34
1775283405, 2368, 95, 369, 0, 0, 0.54%, 1, 0, 4, 1469.33
1775283410, 2368, 194, 369, 0, 0, 0.54%, 1, 0, 4, 1513.51
1775283415, 2368, 274, 369, 0, 0, 0.54%, 1, 0, 4, 1367.33
1775283420, 2369, 4, 369, 0, 0, 0.54%, 1, 0, 4, 1260.01
1775283425, 2369, 52, 369, 0, 0, 0.54%, 1, 0, 4, 1407.51
1775283430, 2369, 89, 369, 0, 0, 0.54%, 1, 0, 4, 1240.94
1775283435, 2369, 153, 369, 0, 0, 0.54%, 1, 0, 4, 1326.52
1775283440, 2369, 271, 369, 0, 0, 0.54%, 1, 0, 4, 1429.86
1775283446, 2369, 290, 369, 0, 0, 0.54%, 1, 0, 4, 1390.70
1775283451, 2370, 9, 369, 0, 0, 0.54%, 1, 0, 4, 1314.64
1775283456, 2370, 61, 369, 0, 0, 0.54%, 1, 0, 4, 1482.50
1775283461, 2370, 103, 369, 0, 0, 0.54%, 1, 0, 4, 1379.79
1775283466, 2370, 140, 369, 0, 0, 0.54%, 1, 0, 4, 1486.37
1775283471, 2370, 265, 369, 0, 0, 0.54%, 1, 0, 4, 1495.15
1775283476, 2370, 331, 369, 0, 0, 0.54%, 1, 0, 4, 1301.01
1775283481, 2371, 33, 369, 0, 0, 0.54%, 1, 0, 4, 1312.25
1775283486, 2371, 64, 369, 0, 0, 0.54%, 1, 0, 4, 1349.06
1775283492, 2371, 108, 369, 0, 0, 0.54%, 1, 0, 4, 1446.63
1775283497, 2371, 261, 369, 0, 0, 0.54%, 1, 0, 4, 1445.70
1775283502, 2371, 284, 369, 0, 0, 0.54%, 1, 0, 4, 1330.68
1775283507, 2372, 29, 369, 0, 0, 0.54%, 1, 0, 4, 1355.55
1775283512, 2372, 64, 369, 0, 0, 0.54%, 1, 0, 4, 1382.88
1775283517, 2372, 108, 369, 0, 0, 0.54%, 1, 0, 4, 1376.93
1775283522, 2372, 261, 369, 0, 0, 0.54%, 1, 0, 4, 1403.60
1775283527, 2372, 283, 369, 0, 0, 0.54%, 1, 0, 4, 1368.31
1775283532, 2373, 9, 369, 0, 0, 0.54%, 1, 0, 4, 1365.10
1775283537, 2373, 33, 369, 0, 0, 0.54%, 1, 0, 4, 1414.67
1775283543, 2373, 84, 369, 0, 0, 0.54%, 1, 0, 4, 1417.72
1775283548, 2373, 134, 369, 0, 0, 0.54%, 1, 0, 4, 1495.07
1775283553, 2373, 265, 369, 0, 0, 0.54%, 1, 0, 4, 1482.84
1775283558, 2373, 278, 369, 0, 0, 0.54%, 1, 0, 4, 1302.90
1775283563, 2374, 31, 369, 0, 0, 0.54%, 1, 0, 4, 1509.01
1775283568, 2374, 89, 369, 0, 0, 0.54%, 1, 0, 4, 1467.23
1775283573, 2374, 132, 369, 0, 0, 0.54%, 1, 0, 4, 1406.95
1775283578, 2374, 166, 369, 0, 0, 0.54%, 1, 0, 4, 1281.26
1775283583, 2374, 249, 369, 0, 0, 0.54%, 1, 0, 4, 1678.46
1775283588, 2374, 322, 369, 0, 0, 0.54%, 1, 0, 4, 1448.16
1775283593, 2375, 28, 369, 0, 0, 0.54%, 1, 0, 4, 1303.98
1775283598, 2375, 58, 369, 0, 0, 0.54%, 1, 0, 4, 1490.02
1775283604, 2375, 96, 369, 0, 0, 0.54%, 1, 0, 4, 1450.38
1775283609, 2375, 129, 369, 0, 0, 0.54%, 1, 0, 4, 1516.50
1775283614, 2375, 275, 369, 0, 0, 0.54%, 1, 0, 4, 1429.94
1775283619, 2376, 22, 369, 0, 0, 0.54%, 1, 0, 4, 1408.76
1775283624, 2376, 64, 369, 0, 0, 0.54%, 1, 0, 4, 1569.25
1775283629, 2376, 107, 369, 0, 0, 0.54%, 1, 0, 4, 1314.74
1775283634, 2376, 242, 369, 0, 0, 0.54%, 1, 0, 4, 1433.56
1775283639, 2376, 275, 369, 0, 0, 0.54%, 1, 0, 4, 1545.53
1775283644, 2377, 7, 369, 0, 0, 0.54%, 1, 0, 4, 1422.95
1775283649, 2377, 33, 369, 0, 0, 0.54%, 1, 0, 4, 1433.37
1775283654, 2377, 101, 369, 0, 0, 0.54%, 1, 0, 4, 1384.78
1775283659, 2377, 203, 369, 0, 0, 0.54%, 1, 0, 4, 1431.16
1775283664, 2377, 265, 369, 0, 0, 0.54%, 1, 0, 4, 1500.64
1775283669, 2377, 296, 369, 0, 0, 0.54%, 1, 0, 4, 1349.55
1775283675, 2378, 31, 369, 0, 0, 0.54%, 1, 0, 4, 1335.74
1775283680, 2378, 66, 369, 0, 0, 0.54%, 1, 0, 4, 1404.25
1775283685, 2378, 197, 369, 0, 0, 0.54%, 1, 0, 4, 1493.58
1775283690, 2378, 264, 369, 0, 0, 0.54%, 1, 0, 4, 1441.93
1775283695, 2378, 283, 369, 0, 0, 0.54%, 1, 0, 4, 1404.60
1775283700, 2379, 2, 369, 0, 0, 0.54%, 1, 0, 4, 1408.42
1775283705, 2379, 33, 369, 0, 0, 0.54%, 1, 0, 4, 1583.43
1775283710, 2379, 88, 369, 0, 0, 0.54%, 1, 0, 4, 1577.20
1775283715, 2379, 128, 369, 0, 0, 0.54%, 1, 0, 4, 1340.30
1775283721, 2379, 182, 369, 0, 0, 0.54%, 1, 0, 4, 1486.62
1775283726, 2379, 252, 369, 0, 0, 0.54%, 1, 0, 4, 1474.96
1775283731, 2379, 275, 369, 0, 0, 0.54%, 1, 0, 4, 1507.32
1775283736, 2379, 360, 369, 0, 0, 0.54%, 1, 0, 4, 1251.25
1775283741, 2380, 22, 369, 0, 0, 0.54%, 1, 0, 4, 1398.27
1775283746, 2380, 63, 369, 0, 0, 0.54%, 1, 0, 4, 1654.03
1775283751, 2380, 108, 369, 0, 0, 0.54%, 1, 0, 4, 1433.68
1775283756, 2380, 265, 369, 0, 0, 0.54%, 1, 0, 4, 1515.23
1775283761, 2380, 301, 369, 0, 0, 0.54%, 1, 0, 4, 1383.49
1775283766, 2381, 33, 369, 0, 0, 0.54%, 1, 0, 4, 1329.84
1775283772, 2381, 99, 369, 0, 0, 0.54%, 1, 0, 4, 1367.87
1775283777, 2381, 158, 369, 0, 0, 0.54%, 1, 0, 4, 1335.16
1775283782, 2381, 253, 369, 0, 0, 0.54%, 1, 0, 4, 1333.93
1775283787, 2381, 275, 369, 0, 0, 0.54%, 1, 0, 4, 1513.15
1775283792, 2381, 365, 369, 0, 0, 0.54%, 1, 0, 4, 1330.95
1775283797, 2382, 1, 369, 0, 0, 0.54%, 1, 0, 4, 1336.16
1775283802, 2382, 41, 369, 0, 0, 0.54%, 1, 0, 4, 1512.18
1775283807, 2382, 103, 369, 0, 0, 0.54%, 1, 0, 4, 1565.49
1775283812, 2382, 265, 369, 0, 0, 0.54%, 1, 0, 4, 1387.70
1775283817, 2383, 29, 369, 0, 0, 0.54%, 1, 0, 4, 1383.66
1775283822, 2383, 63, 369, 0, 0, 0.54%, 1, 0, 4, 1450.47
1775283828, 2383, 108, 369, 0, 0, 0.54%, 1, 0, 4, 1377.99
1775283833, 2383, 235, 369, 0, 0, 0.54%, 1, 0, 4, 1472.67
1775283838, 2383, 275, 369, 0, 0, 0.54%, 1, 0, 4, 1410.85
1775283843, 2384, 31, 369, 0, 0, 0.54%, 1, 0, 4, 1330.75
1775283848, 2384, 101, 369, 0, 0, 0.54%, 1, 0, 4, 1395.65
1775283853, 2384, 213, 369, 0, 0, 0.54%, 1, 0, 4, 1508.17
1775283858, 2384, 276, 369, 0, 0, 0.54%, 1, 0, 4, 1449.25
1775283863, 2385, 13, 369, 0, 0, 0.54%, 1, 0, 4, 1240.91
1775283868, 2385, 64, 369, 0, 0, 0.54%, 1, 0, 4, 1464.48
1775283873, 2385, 227, 369, 0, 0, 0.54%, 1, 0, 4, 1476.68
1775283878, 2385, 265, 369, 0, 0, 0.54%, 1, 0, 4, 1391.36
1775283884, 2385, 283, 369, 0, 0, 0.54%, 1, 0, 4, 1348.51
1775283889, 2386, 20, 369, 0, 0, 0.54%, 1, 0, 4, 1345.04
1775283894, 2386, 55, 369, 0, 0, 0.54%, 1, 0, 4, 1384.03
1775283899, 2386, 103, 369, 0, 0, 0.54%, 1, 0, 4, 1440.49
1775283904, 2386, 207, 369, 0, 0, 0.54%, 1, 0, 4, 1735.06
1775283909, 2386, 265, 369, 0, 0, 0.54%, 1, 0, 4, 1516.46
1775283914, 2386, 322, 369, 0, 0, 0.54%, 1, 0, 4, 1360.86
1775283919, 2387, 33, 369, 0, 0, 0.54%, 1, 0, 4, 1478.72
1775283925, 2387, 96, 369, 0, 0, 0.54%, 1, 0, 4, 1427.37
1775283930, 2387, 202, 369, 0, 0, 0.54%, 1, 0, 4, 1445.86
1775283935, 2387, 275, 369, 0, 0, 0.54%, 1, 0, 4, 1486.43
1775283940, 2388, 22, 369, 0, 0, 0.54%, 1, 0, 4, 1338.48
1775283945, 2388, 64, 369, 0, 0, 0.54%, 1, 0, 4, 1439.71
1775283950, 2388, 103, 369, 0, 0, 0.54%, 1, 0, 4, 1425.88
1775283955, 2388, 151, 369, 0, 0, 0.54%, 1, 0, 4, 1431.38
1775283960, 2388, 225, 369, 0, 0, 0.54%, 1, 0, 4, 1382.62
1775283965, 2388, 267, 369, 0, 0, 0.54%, 1, 0, 4, 1390.96
1775283970, 2388, 322, 369, 0, 0, 0.54%, 1, 0, 4, 1354.11
1775283975, 2389, 29, 369, 0, 0, 0.54%, 1, 0, 4, 1390.54
1775283980, 2389, 58, 369, 0, 0, 0.54%, 1, 0, 4, 1367.62
1775283986, 2389, 108, 369, 0, 0, 0.54%, 1, 0, 4, 1424.28
1775283991, 2389, 228, 369, 0, 0, 0.54%, 1, 0, 4, 1431.89
1775283996, 2389, 275, 369, 0, 0, 0.54%, 1, 0, 4, 1505.06
1775284001, 2390, 31, 369, 0, 0, 0.54%, 1, 0, 4, 1436.36
1775284006, 2390, 103, 369, 0, 0, 0.54%, 1, 0, 4, 1473.89
1775284011, 2390, 261, 369, 0, 0, 0.54%, 1, 0, 4, 1503.80
1775284016, 2390, 276, 369, 0, 0, 0.54%, 1, 0, 4, 1440.81
1775284021, 2391, 6, 369, 0, 0, 0.54%, 1, 0, 4, 1416.16
1775284027, 2391, 29, 369, 0, 0, 0.54%, 1, 0, 4, 1312.82
1775284032, 2391, 89, 369, 0, 0, 0.54%, 1, 0, 4, 1491.98
1775284037, 2391, 108, 369, 0, 0, 0.54%, 1, 0, 4, 1262.52
1775284042, 2391, 197, 369, 0, 0, 0.54%, 1, 0, 4, 1412.74
1775284047, 2391, 274, 369, 0, 0, 0.54%, 1, 0, 4, 1478.56
1775284052, 2392, 9, 369, 0, 0, 0.54%, 1, 0, 4, 1330.96
1775284057, 2392, 59, 369, 0, 0, 0.54%, 1, 0, 4, 1478.25
1775284062, 2392, 130, 369, 0, 0, 0.54%, 1, 0, 4, 1510.63
1775284067, 2392, 261, 369, 0, 0, 0.54%, 1, 0, 4, 1472.17
1775284072, 2392, 322, 369, 0, 0, 0.54%, 1, 0, 4, 1420.49
1775284078, 2393, 33, 369, 0, 0, 0.54%, 1, 0, 4, 1412.75
1775284083, 2393, 64, 369, 0, 0, 0.54%, 1, 0, 4, 1419.59
1775284088, 2393, 103, 369, 0, 0, 0.54%, 1, 0, 4, 1294.89
1775284093, 2393, 165, 369, 0, 0, 0.54%, 1, 0, 4, 1357.84
1775284098, 2393, 240, 369, 0, 0, 0.54%, 1, 0, 4, 1415.11
1775284103, 2393, 276, 369, 0, 0, 0.54%, 1, 0, 4, 1420.00
1775284108, 2394, 21, 369, 0, 0, 0.54%, 1, 0, 4, 1385.96
1775284113, 2394, 39, 369, 0, 0, 0.54%, 1, 0, 4, 1342.54
1775284118, 2394, 76, 369, 0, 0, 0.54%, 1, 0, 4, 1437.42
1775284123, 2394, 130, 369, 0, 0, 0.54%, 1, 0, 4, 1456.63
1775284129, 2394, 207, 369, 0, 0, 0.54%, 1, 0, 4, 1392.80
1775284134, 2394, 265, 369, 0, 0, 0.54%, 1, 0, 4, 1350.33
1775284139, 2394, 317, 369, 0, 0, 0.54%, 1, 0, 4, 1392.53
1775284144, 2395, 31, 369, 0, 0, 0.54%, 1, 0, 4, 1357.12
1775284149, 2395, 78, 369, 0, 0, 0.54%, 1, 0, 4, 1477.49
1775284154, 2395, 108, 369, 0, 0, 0.54%, 1, 0, 4, 1447.60
1775284159, 2395, 172, 369, 0, 0, 0.54%, 1, 0, 4, 1431.02
1775284164, 2395, 261, 369, 0, 0, 0.54%, 1, 0, 4, 1483.05
1775284169, 2395, 290, 369, 0, 0, 0.54%, 1, 0, 4, 1269.47
1775284174, 2396, 29, 369, 0, 0, 0.54%, 1, 0, 4, 1500.63
1775284179, 2396, 63, 369, 0, 0, 0.54%, 1, 0, 4, 1383.01
1775284185, 2396, 93, 369, 0, 0, 0.54%, 1, 0, 4, 1498.71
1775284190, 2396, 158, 369, 0, 0, 0.54%, 1, 0, 4, 1429.49
1775284195, 2396, 275, 369, 0, 0, 0.54%, 1, 0, 4, 1460.77
1775284200, 2396, 352, 369, 0, 0, 0.54%, 1, 0, 4, 1259.25
1775284205, 2397, 63, 369, 0, 0, 0.54%, 1, 0, 4, 1427.38
1775284210, 2397, 103, 369, 0, 0, 0.54%, 1, 0, 4, 1376.03
1775284215, 2397, 180, 369, 0, 0, 0.54%, 1, 0, 4, 1435.38
1775284220, 2397, 265, 369, 0, 0, 0.54%, 1, 0, 4, 1313.14
1775284226, 2397, 305, 369, 0, 0, 0.54%, 1, 0, 4, 1318.82
1775284231, 2398, 9, 369, 0, 0, 0.54%, 1, 0, 4, 1456.78
1775284236, 2398, 58, 369, 0, 0, 0.54%, 1, 0, 4, 1477.13
1775284241, 2398, 103, 369, 0, 0, 0.54%, 1, 0, 4, 1379.13
1775284246, 2398, 193, 369, 0, 0, 0.54%, 1, 0, 4, 1408.34
1775284251, 2398, 261, 369, 0, 0, 0.54%, 1, 0, 4, 1370.62
1775284256, 2398, 289, 369, 0, 0, 0.54%, 1, 0, 4, 1328.05
1775284261, 2399, 22, 369, 0, 0, 0.54%, 1, 0, 4, 1335.53
1775284266, 2399, 58, 369, 0, 0, 0.54%, 1, 0, 4, 1304.88
1775284271, 2399, 108, 369, 0, 0, 0.54%, 1, 0, 4, 1367.39
1775284276, 2399, 200, 369, 0, 0, 0.54%, 1, 0, 4, 1352.86
1775284281, 2399, 275, 369, 0, 0, 0.54%, 1, 0, 4, 1422.63
1775284286, 2399, 360, 369, 0, 0, 0.54%, 1, 0, 4, 1305.33
1775284292, 2400, 33, 369, 0, 0, 0.54%, 1, 0, 4, 1459.36
1775284297, 2400, 103, 369, 0, 0, 0.54%, 1, 0, 4, 1401.01
1775284302, 2400, 210, 369, 0, 0, 0.54%, 1, 0, 4, 1304.19
1775284307, 2400, 275, 369, 0, 0, 0.54%, 1, 0, 4, 1366.75
1775284312, 2401, 1, 369, 0, 0, 0.54%, 1, 0, 4, 1384.60
1775284317, 2401, 63, 369, 0, 0, 0.54%, 1, 0, 4, 1475.59
1775284322, 2401, 103, 369, 0, 0, 0.54%, 1, 0, 4, 1398.92
1775284327, 2401, 197, 369, 0, 0, 0.54%, 1, 0, 4, 1340.49
1775284332, 2401, 274, 369, 0, 0, 0.54%, 1, 0, 4, 1463.29
1775284337, 2402, 29, 369, 0, 0, 0.54%, 1, 0, 4, 1565.59
1775284342, 2402, 89, 369, 0, 0, 0.54%, 1, 0, 4, 1053.80
1775284347, 2402, 138, 369, 0, 0, 0.54%, 1, 0, 4, 1349.80
1775284353, 2402, 241, 369, 0, 0, 0.54%, 1, 0, 4, 1410.78
1775284358, 2402, 275, 369, 0, 0, 0.54%, 1, 0, 4, 1342.73
1775284363, 2403, 7, 369, 0, 0, 0.54%, 1, 0, 4, 1346.72
1775284368, 2403, 41, 369, 0, 0, 0.54%, 1, 0, 4, 1365.95
1775284373, 2403, 101, 369, 0, 0, 0.54%, 1, 0, 4, 1408.74
1775284378, 2403, 124, 369, 0, 0, 0.54%, 1, 0, 4, 1396.93
1775284383, 2403, 265, 369, 0, 0, 0.54%, 1, 0, 4, 1474.07
1775284388, 2404, 1, 369, 0, 0, 0.54%, 1, 0, 4, 1236.38
1775284393, 2404, 34, 369, 0, 0, 0.54%, 1, 0, 4, 1449.34
1775284399, 2404, 89, 369, 0, 0, 0.54%, 1, 0, 4, 1513.85
1775284404, 2404, 165, 369, 0, 0, 0.54%, 1, 0, 4, 1420.24
1775284409, 2404, 265, 369, 0, 0, 0.54%, 1, 0, 4, 1446.03
1775284414, 2405, 6, 369, 0, 0, 0.54%, 1, 0, 4, 1356.16
1775284419, 2405, 63, 369, 0, 0, 0.54%, 1, 0, 4, 1486.63
1775284424, 2405, 131, 369, 0, 0, 0.54%, 1, 0, 4, 1479.25
1775284429, 2405, 199, 369, 0, 0, 0.54%, 1, 0, 4, 1485.31
1775284434, 2405, 274, 369, 0, 0, 0.54%, 1, 0, 4, 1530.49
1775284439, 2406, 7, 369, 0, 0, 0.54%, 1, 0, 4, 1344.40
1775284444, 2406, 31, 369, 0, 0, 0.54%, 1, 0, 4, 1524.75
1775284450, 2406, 80, 369, 0, 0, 0.54%, 1, 0, 4, 1471.21
1775284455, 2406, 108, 369, 0, 0, 0.54%, 1, 0, 4, 1411.92
1775284460, 2406, 178, 369, 0, 0, 0.54%, 1, 0, 4, 1343.50
1775284465, 2406, 260, 369, 0, 0, 0.54%, 1, 0, 4, 1425.00
1775284470, 2406, 276, 369, 0, 0, 0.54%, 1, 0, 4, 1345.73
1775284475, 2406, 338, 369, 0, 0, 0.54%, 1, 0, 4, 1225.58
1775284480, 2407, 29, 369, 0, 0, 0.54%, 1, 0, 4, 1300.14
1775284485, 2407, 64, 369, 0, 0, 0.54%, 1, 0, 4, 1401.89
1775284490, 2407, 160, 369, 0, 0, 0.54%, 1, 0, 4, 1429.27
1775284495, 2407, 276, 369, 0, 0, 0.54%, 1, 0, 4, 1430.76
1775284500, 2408, 33, 369, 0, 0, 0.54%, 1, 0, 4, 1449.45
1775284505, 2408, 64, 369, 0, 0, 0.54%, 1, 0, 4, 1473.55
1775284510, 2408, 167, 369, 0, 0, 0.54%, 1, 0, 4, 1469.09
1775284516, 2408, 261, 369, 0, 0, 0.54%, 1, 0, 4, 1396.20
1775284521, 2408, 301, 369, 0, 0, 0.54%, 1, 0, 4, 1300.76
1775284526, 2409, 21, 369, 0, 0, 0.54%, 1, 0, 4, 1365.57
1775284531, 2409, 58, 369, 0, 0, 0.54%, 1, 0, 4, 1480.30
1775284536, 2409, 103, 369, 0, 0, 0.54%, 1, 0, 4, 1401.42
1775284541, 2409, 265, 369, 0, 0, 0.54%, 1, 0, 4, 1379.05
1775284546, 2409, 322, 369, 0, 0, 0.54%, 1, 0, 4, 1362.73
1775284551, 2410, 39, 369, 0, 0, 0.54%, 1, 0, 4, 1380.84
1775284556, 2410, 89, 369, 0, 0, 0.54%, 1, 0, 4, 1515.83
1775284561, 2410, 209, 369, 0, 0, 0.54%, 1, 0, 4, 1542.29
1775284566, 2410, 274, 369, 0, 0, 0.54%, 1, 0, 4, 1465.84
1775284572, 2410, 304, 369, 0, 0, 0.54%, 1, 0, 4, 1304.76
1775284577, 2411, 31, 369, 0, 0, 0.54%, 1, 0, 4, 1412.50
1775284582, 2411, 86, 369, 0, 0, 0.54%, 1, 0, 4, 1442.95
1775284587, 2411, 167, 369, 0, 0, 0.54%, 1, 0, 4, 1505.89
1775284592, 2411, 243, 369, 0, 0, 0.54%, 1, 0, 4, 1455.67
1775284597, 2411, 276, 369, 0, 0, 0.54%, 1, 0, 4, 1402.19
1775284602, 2412, 1, 369, 0, 0, 0.54%, 1, 0, 4, 1195.43
1775284607, 2412, 31, 369, 0, 0, 0.54%, 1, 0, 4, 1414.15
1775284612, 2412, 61, 369, 0, 0, 0.54%, 1, 0, 4, 1486.12
1775284617, 2412, 108, 369, 0, 0, 0.54%, 1, 0, 4, 1412.61
1775284622, 2412, 205, 369, 0, 0, 0.54%, 1, 0, 4, 1419.96
1775284627, 2412, 246, 369, 0, 0, 0.54%, 1, 0, 4, 1285.09
1775284633, 2412, 288, 369, 0, 0, 0.54%, 1, 0, 4, 1344.59
1775284638, 2413, 31, 369, 0, 0, 0.54%, 1, 0, 4, 1353.69
1775284643, 2413, 75, 369, 0, 0, 0.54%, 1, 0, 4, 1398.75
1775284648, 2413, 108, 369, 0, 0, 0.54%, 1, 0, 4, 1364.51
1775284653, 2413, 261, 369, 0, 0, 0.54%, 1, 0, 4, 1481.40
1775284658, 2413, 276, 369, 0, 0, 0.54%, 1, 0, 4, 1415.67
1775284663, 2414, 9, 369, 0, 0, 0.54%, 1, 0, 4, 1215.85
1775284668, 2414, 46, 369, 0, 0, 0.54%, 1, 0, 4, 1302.69
1775284673, 2414, 103, 369, 0, 0, 0.54%, 1, 0, 4, 1383.04
1775284678, 2414, 192, 369, 0, 0, 0.54%, 1, 0, 4, 1412.01
1775284683, 2414, 275, 369, 0, 0, 0.54%, 1, 0, 4, 1428.51
1775284688, 2415, 9, 369, 0, 0, 0.54%, 1, 0, 4, 1330.77
1775284693, 2415, 58, 369, 0, 0, 0.54%, 1, 0, 4, 1357.13
1775284699, 2415, 103, 369, 0, 0, 0.54%, 1, 0, 4, 1333.87
1775284704, 2415, 245, 369, 0, 0, 0.54%, 1, 0, 4, 1290.52
1775284709, 2415, 274, 369, 0, 0, 0.54%, 1, 0, 4, 1391.30
1775284714, 2416, 9, 369, 0, 0, 0.54%, 1, 0, 4, 1357.53
1775284719, 2416, 39, 369, 0, 0, 0.54%, 1, 0, 4, 1366.32
1775284724, 2416, 74, 369, 0, 0, 0.54%, 1, 0, 4, 1467.07
1775284729, 2416, 103, 369, 0, 0, 0.54%, 1, 0, 4, 1424.25
1775284734, 2416, 215, 369, 0, 0, 0.54%, 1, 0, 4, 1388.99
1775284739, 2416, 275, 369, 0, 0, 0.54%, 1, 0, 4, 1419.09
1775284745, 2417, 9, 369, 0, 0, 0.54%, 1, 0, 4, 1274.87
1775284750, 2417, 58, 369, 0, 0, 0.54%, 1, 0, 4, 1507.34
1775284755, 2417, 103, 369, 0, 0, 0.54%, 1, 0, 4, 1411.49
1775284760, 2417, 243, 369, 0, 0, 0.54%, 1, 0, 4, 1396.65
1775284765, 2417, 276, 369, 0, 0, 0.54%, 1, 0, 4, 1477.93
1775284770, 2418, 9, 369, 0, 0, 0.54%, 1, 0, 4, 1285.62
1775284775, 2418, 58, 369, 0, 0, 0.54%, 1, 0, 4, 1300.85
1775284780, 2418, 103, 369, 0, 0, 0.54%, 1, 0, 4, 1440.77
1775284785, 2418, 223, 369, 0, 0, 0.54%, 1, 0, 4, 1478.45
1775284790, 2418, 274, 369, 0, 0, 0.54%, 1, 0, 4, 1516.55
1775284795, 2419, 9, 369, 0, 0, 0.54%, 1, 0, 4, 1332.97
1775284801, 2419, 63, 369, 0, 0, 0.54%, 1, 0, 4, 1517.41
1775284806, 2419, 102, 369, 0, 0, 0.54%, 1, 0, 4, 1461.46
1775284811, 2419, 157, 369, 0, 0, 0.54%, 1, 0, 4, 1381.35
1775284816, 2419, 231, 369, 0, 0, 0.54%, 1, 0, 4, 1362.85
1775284821, 2419, 274, 369, 0, 0, 0.54%, 1, 0, 4, 1424.81
1775284826, 2419, 314, 369, 0, 0, 0.54%, 1, 0, 4, 1374.54
1775284831, 2420, 9, 369, 0, 0, 0.54%, 1, 0, 4, 1319.17
1775284836, 2420, 31, 369, 0, 0, 0.54%, 1, 0, 4, 1460.61
1775284841, 2420, 89, 369, 0, 0, 0.54%, 1, 0, 4, 1470.46
1775284846, 2420, 165, 369, 0, 0, 0.54%, 1, 0, 4, 1417.47
1775284851, 2420, 209, 369, 0, 0, 0.54%, 1, 0, 4, 1361.44
1775284856, 2420, 274, 369, 0, 0, 0.54%, 1, 0, 4, 1449.36
1775284861, 2420, 360, 369, 0, 0, 0.54%, 1, 0, 4, 1266.09
1775284867, 2421, 58, 369, 0, 0, 0.54%, 1, 0, 4, 1465.37
1775284872, 2421, 95, 369, 0, 0, 0.54%, 1, 0, 4, 1384.05
1775284877, 2421, 157, 369, 0, 0, 0.54%, 1, 0, 4, 1415.43
1775284882, 2421, 266, 369, 0, 0, 0.54%, 1, 0, 4, 1427.08
1775284887, 2421, 295, 369, 0, 0, 0.54%, 1, 0, 4, 1206.27
1775284892, 2422, 9, 369, 0, 0, 0.54%, 1, 0, 4, 1383.70
1775284897, 2422, 43, 369, 0, 0, 0.54%, 1, 0, 4, 1448.71
1775284902, 2422, 101, 369, 0, 0, 0.54%, 1, 0, 4, 1433.39
1775284908, 2422, 172, 369, 0, 0, 0.54%, 1, 0, 4, 1337.51
1775284913, 2422, 253, 369, 0, 0, 0.54%, 1, 0, 4, 1255.60
1775284918, 2422, 275, 369, 0, 0, 0.54%, 1, 0, 4, 1491.74
1775284923, 2423, 29, 369, 0, 0, 0.54%, 1, 0, 4, 1406.20
1775284928, 2423, 89, 369, 0, 0, 0.54%, 1, 0, 4, 1462.63
1775284933, 2423, 160, 369, 0, 0, 0.54%, 1, 0, 4, 1440.96
1775284938, 2423, 175, 369, 0, 0, 0.54%, 1, 0, 4, 1478.81
1775284943, 2423, 265, 369, 0, 0, 0.54%, 1, 0, 4, 1467.10
1775284948, 2423, 292, 369, 0, 0, 0.54%, 1, 0, 4, 1390.72
1775284953, 2423, 368, 369, 0, 0, 0.54%, 1, 0, 4, 1156.39
1775284958, 2424, 33, 369, 0, 0, 0.54%, 1, 0, 4, 1345.25
1775284963, 2424, 89, 369, 0, 0, 0.54%, 1, 0, 4, 1329.33
1775284969, 2424, 184, 369, 0, 0, 0.54%, 1, 0, 4, 1398.68
1775284974, 2424, 276, 369, 0, 0, 0.54%, 1, 0, 4, 1400.20
1775284979, 2425, 19, 369, 0, 0, 0.54%, 1, 0, 4, 1351.94
1775284984, 2425, 81, 369, 0, 0, 0.54%, 1, 0, 4, 1536.98
1775284989, 2425, 120, 369, 0, 0, 0.54%, 1, 0, 4, 1544.67
1775284994, 2425, 164, 369, 0, 0, 0.54%, 1, 0, 4, 1432.99
1775284999, 2425, 224, 369, 0, 0, 0.54%, 1, 0, 4, 1489.78
1775285004, 2425, 265, 369, 0, 0, 0.54%, 1, 0, 4, 1334.13
1775285009, 2425, 351, 369, 0, 0, 0.54%, 1, 0, 4, 1309.94
1775285014, 2426, 31, 369, 0, 0, 0.54%, 1, 0, 4, 1453.56
1775285019, 2426, 96, 369, 0, 0, 0.54%, 1, 0, 4, 1490.29
1775285024, 2426, 139, 369, 0, 0, 0.54%, 1, 0, 4, 1521.27
1775285029, 2426, 199, 369, 0, 0, 0.54%, 1, 0, 4, 1466.67
1775285035, 2426, 265, 369, 0, 0, 0.54%, 1, 0, 4, 1503.65
1775285040, 2426, 305, 369, 0, 0, 0.54%, 1, 0, 4, 1324.43
1775285045, 2427, 9, 369, 0, 0, 0.54%, 1, 0, 4, 1340.21
1775285050, 2427, 63, 369, 0, 0, 0.54%, 1, 0, 4, 1424.43
1775285055, 2427, 108, 369, 0, 0, 0.54%, 1, 0, 4, 1408.63
1775285060, 2427, 167, 369, 0, 0, 0.54%, 1, 0, 4, 1095.00
1775285065, 2427, 275, 369, 0, 0, 0.54%, 1, 0, 4, 1428.87
1775285070, 2428, 9, 369, 0, 0, 0.54%, 1, 0, 4, 1411.21
1775285075, 2428, 56, 369, 0, 0, 0.54%, 1, 0, 4, 1410.95
1775285080, 2428, 101, 369, 0, 0, 0.54%, 1, 0, 4, 1450.17
1775285085, 2428, 183, 369, 0, 0, 0.54%, 1, 0, 4, 1664.49
1775285091, 2428, 275, 369, 0, 0, 0.54%, 1, 0, 4, 1486.64
1775285096, 2428, 353, 369, 0, 0, 0.54%, 1, 0, 4, 1292.08
1775285101, 2429, 31, 369, 0, 0, 0.54%, 1, 0, 4, 1392.98
1775285106, 2429, 85, 369, 0, 0, 0.54%, 1, 0, 4, 1475.54
1775285111, 2429, 160, 369, 0, 0, 0.54%, 1, 0, 4, 1421.27
1775285116, 2429, 207, 369, 0, 0, 0.54%, 1, 0, 4, 1521.59
1775285121, 2429, 274, 369, 0, 0, 0.54%, 1, 0, 4, 1469.10
1775285126, 2429, 362, 369, 0, 0, 0.54%, 1, 0, 4, 1260.54
1775285131, 2430, 33, 369, 0, 0, 0.54%, 1, 0, 4, 1448.54
1775285137, 2430, 64, 369, 0, 0, 0.54%, 1, 0, 4, 1504.25
1775285142, 2430, 108, 369, 0, 0, 0.54%, 1, 0, 4, 1354.67
1775285147, 2430, 193, 369, 0, 0, 0.54%, 1, 0, 4, 1457.79
1775285152, 2430, 264, 369, 0, 0, 0.54%, 1, 0, 4, 1438.77
1775285157, 2430, 283, 369, 0, 0, 0.54%, 1, 0, 4, 1322.38
1775285162, 2431, 31, 369, 0, 0, 0.54%, 1, 0, 4, 1303.62
1775285167, 2431, 89, 369, 0, 0, 0.54%, 1, 0, 4, 1450.96
1775285172, 2431, 165, 369, 0, 0, 0.54%, 1, 0, 4, 1526.36
1775285177, 2431, 274, 369, 0, 0, 0.54%, 1, 0, 4, 1535.80
1775285182, 2432, 9, 369, 0, 0, 0.54%, 1, 0, 4, 1414.12
1775285187, 2432, 58, 369, 0, 0, 0.54%, 1, 0, 4, 1485.26
1775285193, 2432, 103, 369, 0, 0, 0.54%, 1, 0, 4, 1483.54
1775285198, 2432, 259, 369, 0, 0, 0.54%, 1, 0, 4, 1429.61
1775285203, 2432, 300, 369, 0, 0, 0.54%, 1, 0, 4, 1412.05
1775285208, 2433, 9, 369, 0, 0, 0.54%, 1, 0, 4, 1322.36
1775285213, 2433, 63, 369, 0, 0, 0.54%, 1, 0, 4, 1426.38
1775285218, 2433, 173, 369, 0, 0, 0.54%, 1, 0, 4, 1370.35
1775285223, 2433, 210, 369, 0, 0, 0.54%, 1, 0, 4, 1442.65
1775285228, 2433, 275, 369, 0, 0, 0.54%, 1, 0, 4, 1514.50
1775285233, 2434, 9, 369, 0, 0, 0.54%, 1, 0, 4, 1674.74
1775285238, 2434, 41, 369, 0, 0, 0.54%, 1, 0, 4, 1376.60
1775285244, 2434, 101, 369, 0, 0, 0.54%, 1, 0, 4, 1450.18
1775285249, 2434, 156, 369, 0, 0, 0.54%, 1, 0, 4, 1389.45
1775285254, 2434, 235, 369, 0, 0, 0.54%, 1, 0, 4, 1404.99
1775285259, 2434, 273, 369, 0, 0, 0.54%, 1, 0, 4, 1434.90
1775285264, 2435, 9, 369, 0, 0, 0.54%, 1, 0, 4, 1429.57
1775285269, 2435, 58, 369, 0, 0, 0.54%, 1, 0, 4, 1434.79
1775285274, 2435, 101, 369, 0, 0, 0.54%, 1, 0, 4, 1474.78
1775285279, 2435, 163, 369, 0, 0, 0.54%, 1, 0, 4, 1457.81
1775285284, 2435, 261, 369, 0, 0, 0.54%, 1, 0, 4, 1359.32
1775285289, 2435, 284, 369, 0, 0, 0.54%, 1, 0, 4, 1381.23
1775285295, 2436, 29, 369, 0, 0, 0.54%, 1, 0, 4, 1388.28
1775285300, 2436, 85, 369, 0, 0, 0.54%, 1, 0, 4, 1552.35
1775285305, 2436, 172, 369, 0, 0, 0.54%, 1, 0, 4, 1528.78
1775285310, 2436, 265, 369, 0, 0, 0.54%, 1, 0, 4, 1393.42
1775285315, 2436, 322, 369, 0, 0, 0.54%, 1, 0, 4, 1393.85
1775285320, 2437, 33, 369, 0, 0, 0.54%, 1, 0, 4, 1295.35
1775285325, 2437, 100, 369, 0, 0, 0.54%, 1, 0, 4, 1359.86
1775285330, 2437, 186, 369, 0, 0, 0.54%, 1, 0, 4, 1427.95
1775285335, 2437, 265, 369, 0, 0, 0.54%, 1, 0, 4, 1456.56
1775285340, 2437, 277, 369, 0, 0, 0.54%, 1, 0, 4, 1276.99
1775285345, 2438, 9, 369, 0, 0, 0.54%, 1, 0, 4, 1070.09
1775285350, 2438, 49, 369, 0, 0, 0.54%, 1, 0, 4, 1407.97
1775285355, 2438, 103, 369, 0, 0, 0.54%, 1, 0, 4, 1422.15
1775285361, 2438, 224, 369, 0, 0, 0.54%, 1, 0, 4, 1396.21
1775285366, 2438, 276, 369, 0, 0, 0.54%, 1, 0, 4, 1335.62
1775285371, 2438, 364, 369, 0, 0, 0.54%, 1, 0, 4, 1591.75
1775285376, 2439, 31, 369, 0, 0, 0.54%, 1, 0, 4, 1416.11
1775285381, 2439, 64, 369, 0, 0, 0.54%, 1, 0, 4, 1410.55
1775285386, 2439, 117, 369, 0, 0, 0.54%, 1, 0, 4, 1383.01
1775285391, 2439, 217, 369, 0, 0, 0.54%, 1, 0, 4, 1334.93
1775285396, 2439, 274, 369, 0, 0, 0.54%, 1, 0, 4, 1339.32
1775285401, 2440, 9, 369, 0, 0, 0.54%, 1, 0, 4, 1297.57
1775285406, 2440, 58, 369, 0, 0, 0.54%, 1, 0, 4, 1437.91
1775285412, 2440, 108, 369, 0, 0, 0.54%, 1, 0, 4, 1420.53
1775285417, 2440, 227, 369, 0, 0, 0.54%, 1, 0, 4, 1520.08
1775285422, 2440, 274, 369, 0, 0, 0.54%, 1, 0, 4, 1504.63
1775285427, 2440, 366, 369, 0, 0, 0.54%, 1, 0, 4, 1309.88
1775285432, 2441, 33, 369, 0, 0, 0.54%, 1, 0, 4, 1564.10
1775285437, 2441, 103, 369, 0, 0, 0.54%, 1, 0, 4, 1498.22
1775285442, 2441, 164, 369, 0, 0, 0.54%, 1, 0, 4, 1382.93
1775285447, 2441, 218, 369, 0, 0, 0.54%, 1, 0, 4, 1373.43
1775285452, 2441, 274, 369, 0, 0, 0.54%, 1, 0, 4, 1463.05
1775285457, 2441, 305, 369, 0, 0, 0.54%, 1, 0, 4, 1440.03
1775285462, 2442, 33, 369, 0, 0, 0.54%, 1, 0, 4, 1474.51
1775285467, 2442, 101, 369, 0, 0, 0.54%, 1, 0, 4, 1561.62
1775285473, 2442, 261, 369, 0, 0, 0.54%, 1, 0, 4, 1551.47
1775285478, 2442, 295, 369, 0, 0, 0.54%, 1, 0, 4, 1312.42
1775285483, 2443, 16, 369, 0, 0, 0.54%, 1, 0, 4, 1405.11
1775285488, 2443, 58, 369, 0, 0, 0.54%, 1, 0, 4, 1547.21
1775285493, 2443, 104, 369, 0, 0, 0.54%, 1, 0, 4, 1511.63
1775285498, 2443, 159, 369, 0, 0, 0.54%, 1, 0, 4, 1420.79
1775285503, 2443, 235, 369, 0, 0, 0.54%, 1, 0, 4, 1396.67
1775285508, 2443, 276, 369, 0, 0, 0.54%, 1, 0, 4, 1279.49
1775285513, 2444, 31, 369, 0, 0, 0.54%, 1, 0, 4, 1395.96
1775285518, 2444, 79, 369, 0, 0, 0.54%, 1, 0, 4, 1409.07
1775285523, 2444, 103, 369, 0, 0, 0.54%, 1, 0, 4, 1362.11
1775285528, 2444, 215, 369, 0, 0, 0.54%, 1, 0, 4, 1324.22
1775285533, 2444, 275, 369, 0, 0, 0.54%, 1, 0, 4, 1443.25
1775285539, 2444, 316, 369, 0, 0, 0.54%, 1, 0, 4, 1271.68
1775285544, 2444, 367, 369, 0, 0, 0.54%, 1, 0, 4, 1383.81
1775285549, 2445, 46, 369, 0, 0, 0.54%, 1, 0, 4, 1512.30
1775285554, 2445, 108, 369, 0, 0, 0.54%, 1, 0, 4, 1511.91
1775285559, 2445, 274, 369, 0, 0, 0.54%, 1, 0, 4, 1494.76
1775285564, 2445, 360, 369, 0, 0, 0.54%, 1, 0, 4, 1400.33
1775285569, 2446, 33, 369, 0, 0, 0.54%, 1, 0, 4, 1480.25
1775285575, 2446, 89, 369, 0, 0, 0.54%, 1, 0, 4, 1395.58
1775285580, 2446, 162, 369, 0, 0, 0.54%, 1, 0, 4, 1405.24
1775285585, 2446, 238, 369, 0, 0, 0.54%, 1, 0, 4, 1392.84
1775285590, 2446, 322, 369, 0, 0, 0.54%, 1, 0, 4, 1414.48
1775285595, 2447, 29, 369, 0, 0, 0.54%, 1, 0, 4, 1314.78
1775285600, 2447, 63, 369, 0, 0, 0.54%, 1, 0, 4, 1365.66
1775285605, 2447, 148, 369, 0, 0, 0.54%, 1, 0, 4, 912.20
1775285610, 2447, 265, 369, 0, 0, 0.54%, 1, 0, 4, 1443.17
1775285615, 2448, 3, 369, 0, 0, 0.54%, 1, 0, 4, 1480.39
1775285621, 2448, 29, 369, 0, 0, 0.54%, 1, 0, 4, 1525.24
1775285626, 2448, 86, 369, 0, 0, 0.54%, 1, 0, 4, 1522.54
1775285631, 2448, 173, 369, 0, 0, 0.54%, 1, 0, 4, 1615.84
1775285636, 2448, 266, 369, 0, 0, 0.54%, 1, 0, 4, 1479.75
1775285641, 2449, 1, 369, 0, 0, 0.54%, 1, 0, 4, 1362.25
1775285646, 2449, 29, 369, 0, 0, 0.54%, 1, 0, 4, 1364.59
1775285651, 2449, 63, 369, 0, 0, 0.54%, 1, 0, 4, 1461.59
1775285656, 2449, 104, 369, 0, 0, 0.54%, 1, 0, 4, 1450.47
1775285661, 2449, 177, 369, 0, 0, 0.54%, 1, 0, 4, 1462.57
1775285666, 2449, 264, 369, 0, 0, 0.54%, 1, 0, 4, 1386.91
1775285671, 2449, 312, 369, 0, 0, 0.54%, 1, 0, 4, 1355.91
1775285677, 2450, 26, 369, 0, 0, 0.54%, 1, 0, 4, 1452.71
1775285682, 2450, 39, 369, 0, 0, 0.54%, 1, 0, 4, 1390.39
1775285687, 2450, 102, 369, 0, 0, 0.54%, 1, 0, 4, 1293.09
1775285692, 2450, 149, 369, 0, 0, 0.54%, 1, 0, 4, 1356.18
1775285697, 2450, 233, 369, 0, 0, 0.54%, 1, 0, 4, 1277.67
1775285702, 2450, 276, 369, 0, 0, 0.54%, 1, 0, 4, 1456.30
1775285707, 2451, 2, 369, 0, 0, 0.54%, 1, 0, 4, 1281.39
1775285712, 2451, 58, 369, 0, 0, 0.54%, 1, 0, 4, 1420.58
1775285717, 2451, 101, 369, 0, 0, 0.54%, 1, 0, 4, 1536.43
1775285722, 2451, 224, 369, 0, 0, 0.54%, 1, 0, 4, 1421.21
1775285728, 2451, 275, 369, 0, 0, 0.54%, 1, 0, 4, 1420.45
1775285733, 2451, 360, 369, 0, 0, 0.54%, 1, 0, 4, 1415.21
1775285738, 2452, 58, 369, 0, 0, 0.54%, 1, 0, 4, 1681.60
1775285743, 2452, 128, 369, 0, 0, 0.54%, 1, 0, 4, 1523.82
1775285748, 2452, 208, 369, 0, 0, 0.54%, 1, 0, 4, 1404.38
1775285753, 2452, 275, 369, 0, 0, 0.54%, 1, 0, 4, 1412.08
1775285758, 2453, 9, 369, 0, 0, 0.54%, 1, 0, 4, 1357.49
1775285763, 2453, 64, 369, 0, 0, 0.54%, 1, 0, 4, 1487.28
1775285768, 2453, 137, 369, 0, 0, 0.54%, 1, 0, 4, 1496.05
1775285773, 2453, 198, 369, 0, 0, 0.54%, 1, 0, 4, 1321.85
1775285778, 2453, 275, 369, 0, 0, 0.54%, 1, 0, 4, 1408.73
1775285784, 2454, 9, 369, 0, 0, 0.54%, 1, 0, 4, 1365.84
1775285789, 2454, 52, 369, 0, 0, 0.54%, 1, 0, 4, 1451.81
1775285794, 2454, 103, 369, 0, 0, 0.54%, 1, 0, 4, 1484.38
1775285799, 2454, 177, 369, 0, 0, 0.54%, 1, 0, 4, 1467.37
1775285804, 2454, 271, 369, 0, 0, 0.54%, 1, 0, 4, 1399.34
1775285809, 2455, 5, 369, 0, 0, 0.54%, 1, 0, 4, 1326.08
1775285814, 2455, 37, 369, 0, 0, 0.54%, 1, 0, 4, 1317.00
1775285819, 2455, 103, 369, 0, 0, 0.54%, 1, 0, 4, 1424.47
1775285824, 2455, 265, 369, 0, 0, 0.54%, 1, 0, 4, 1488.33
1775285829, 2455, 356, 369, 0, 0, 0.54%, 1, 0, 4, 1320.30
1775285834, 2456, 42, 369, 0, 0, 0.54%, 1, 0, 4, 1447.75
1775285839, 2456, 71, 369, 0, 0, 0.54%, 1, 0, 4, 1486.43
1775285844, 2456, 108, 369, 0, 0, 0.54%, 1, 0, 4, 1317.12
1775285849, 2456, 261, 369, 0, 0, 0.54%, 1, 0, 4, 1348.08
1775285854, 2456, 314, 369, 0, 0, 0.54%, 1, 0, 4, 1306.52
1775285859, 2457, 22, 369, 0, 0, 0.54%, 1, 0, 4, 1441.92
1775285865, 2457, 63, 369, 0, 0, 0.54%, 1, 0, 4, 1413.10
1775285870, 2457, 108, 369, 0, 0, 0.54%, 1, 0, 4, 1383.84
1775285875, 2457, 212, 369, 0, 0, 0.54%, 1, 0, 4, 1433.36
1775285880, 2457, 275, 369, 0, 0, 0.54%, 1, 0, 4, 1474.65
1775285885, 2458, 19, 369, 0, 0, 0.54%, 1, 0, 4, 1376.12
1775285890, 2458, 58, 369, 0, 0, 0.54%, 1, 0, 4, 1456.69
1775285895, 2458, 160, 369, 0, 0, 0.54%, 1, 0, 4, 1433.70
1775285900, 2458, 261, 369, 0, 0, 0.54%, 1, 0, 4, 1390.67
1775285905, 2458, 299, 369, 0, 0, 0.54%, 1, 0, 4, 1351.50
1775285911, 2459, 31, 369, 0, 0, 0.54%, 1, 0, 4, 1469.05
1775285916, 2459, 108, 369, 0, 0, 0.54%, 1, 0, 4, 1562.55
1775285921, 2459, 203, 369, 0, 0, 0.54%, 1, 0, 4, 1445.60
1775285926, 2459, 247, 369, 0, 0, 0.54%, 1, 0, 4, 1449.66
1775285931, 2459, 276, 369, 0, 0, 0.54%, 1, 0, 4, 1493.66
1775285936, 2460, 29, 369, 0, 0, 0.54%, 1, 0, 4, 1653.37
1775285941, 2460, 89, 369, 0, 0, 0.54%, 1, 0, 4, 1459.41
1775285946, 2460, 140, 369, 0, 0, 0.54%, 1, 0, 4, 1409.93
1775285951, 2460, 233, 369, 0, 0, 0.54%, 1, 0, 4, 1416.30
1775285956, 2460, 275, 369, 0, 0, 0.54%, 1, 0, 4, 1504.13
1775285961, 2460, 364, 369, 0, 0, 0.54%, 1, 0, 4, 1287.96
1775285966, 2461, 31, 369, 0, 0, 0.54%, 1, 0, 4, 1534.08
1775285972, 2461, 101, 369, 0, 0, 0.54%, 1, 0, 4, 1480.18
1775285977, 2461, 193, 369, 0, 0, 0.54%, 1, 0, 4, 1467.25
1775285982, 2461, 262, 369, 0, 0, 0.54%, 1, 0, 4, 1415.67
1775285987, 2461, 320, 369, 0, 0, 0.54%, 1, 0, 4, 1669.02
1775285992, 2462, 33, 369, 0, 0, 0.54%, 1, 0, 4, 1521.06
1775285997, 2462, 101, 369, 0, 0, 0.54%, 1, 0, 4, 1532.26
1775286002, 2462, 248, 369, 0, 0, 0.54%, 1, 0, 4, 1533.23
1775286007, 2462, 275, 369, 0, 0, 0.54%, 1, 0, 4, 1513.54
1775286012, 2462, 364, 369, 0, 0, 0.54%, 1, 0, 4, 1411.24
1775286017, 2463, 28, 369, 0, 0, 0.54%, 1, 0, 4, 884.18
1775286022, 2463, 69, 369, 0, 0, 0.54%, 1, 0, 4, 1372.64
1775286027, 2463, 125, 369, 0, 0, 0.54%, 1, 0, 4, 1293.15
1775286032, 2463, 196, 369, 0, 0, 0.54%, 1, 0, 4, 1503.60
1775286037, 2463, 275, 369, 0, 0, 0.54%, 1, 0, 4, 1478.62
1775286043, 2463, 349, 369, 0, 0, 0.54%, 1, 0, 4, 1250.29
1775286048, 2464, 29, 369, 0, 0, 0.54%, 1, 0, 4, 1468.15
1775286053, 2464, 63, 369, 0, 0, 0.54%, 1, 0, 4, 1417.01
1775286058, 2464, 136, 369, 0, 0, 0.54%, 1, 0, 4, 1145.69
1775286063, 2464, 241, 369, 0, 0, 0.54%, 1, 0, 4, 1358.64
1775286068, 2464, 275, 369, 0, 0, 0.54%, 1, 0, 4, 1394.52
1775286073, 2465, 29, 369, 0, 0, 0.54%, 1, 0, 4, 1453.66
1775286078, 2465, 89, 369, 0, 0, 0.54%, 1, 0, 4, 1489.35
1775286083, 2465, 174, 369, 0, 0, 0.54%, 1, 0, 4, 1382.66
1775286088, 2465, 274, 369, 0, 0, 0.54%, 1, 0, 4, 1440.06
1775286094, 2466, 9, 369, 0, 0, 0.54%, 1, 0, 4, 1396.70
1775286099, 2466, 52, 369, 0, 0, 0.54%, 1, 0, 4, 1363.72
1775286104, 2466, 89, 369, 0, 0, 0.54%, 1, 0, 4, 1460.94
1775286109, 2466, 140, 369, 0, 0, 0.54%, 1, 0, 4, 1404.30
1775286114, 2466, 257, 369, 0, 0, 0.54%, 1, 0, 4, 1397.36
1775286119, 2466, 295, 369, 0, 0, 0.54%, 1, 0, 4, 1405.30
1775286124, 2467, 20, 369, 0, 0, 0.54%, 1, 0, 4, 787.23
1775286129, 2467, 42, 369, 0, 0, 0.54%, 1, 0, 4, 1292.26
1775286134, 2467, 64, 369, 0, 0, 0.54%, 1, 0, 4, 1305.72
1775286140, 2467, 104, 369, 0, 0, 0.54%, 1, 0, 4, 1485.27
1775286145, 2467, 265, 369, 0, 0, 0.54%, 1, 0, 4, 1380.56
1775286150, 2467, 322, 369, 0, 0, 0.54%, 1, 0, 4, 1451.94
1775286155, 2468, 33, 369, 0, 0, 0.54%, 1, 0, 4, 1515.41
1775286160, 2468, 84, 369, 0, 0, 0.54%, 1, 0, 4, 1632.36
1775286165, 2468, 207, 369, 0, 0, 0.54%, 1, 0, 4, 1596.31
1775286171, 2468, 261, 369, 0, 0, 0.54%, 1, 0, 4, 1431.61
1775286176, 2468, 322, 369, 0, 0, 0.54%, 1, 0, 4, 1335.95
1775286181, 2469, 29, 369, 0, 0, 0.54%, 1, 0, 4, 1266.64
1775286186, 2469, 87, 369, 0, 0, 0.54%, 1, 0, 4, 1531.96
1775286191, 2469, 108, 369, 0, 0, 0.54%, 1, 0, 4, 1346.31
1775286196, 2469, 165, 369, 0, 0, 0.54%, 1, 0, 4, 1408.47
1775286201, 2469, 261, 369, 0, 0, 0.54%, 1, 0, 4, 1422.98
1775286206, 2469, 339, 369, 0, 0, 0.54%, 1, 0, 4, 1272.30
1775286211, 2470, 63, 369, 0, 0, 0.54%, 1, 0, 4, 1486.14
1775286216, 2470, 103, 369, 0, 0, 0.54%, 1, 0, 4, 1458.13
1775286221, 2470, 227, 369, 0, 0, 0.54%, 1, 0, 4, 1455.55
1775286226, 2470, 275, 369, 0, 0, 0.54%, 1, 0, 4, 1427.92
1775286231, 2471, 6, 369, 0, 0, 0.54%, 1, 0, 4, 1197.38
1775286236, 2471, 33, 369, 0, 0, 0.54%, 1, 0, 4, 1307.30
1775286242, 2471, 89, 369, 0, 0, 0.54%, 1, 0, 4, 1360.49
1775286247, 2471, 130, 369, 0, 0, 0.54%, 1, 0, 4, 1535.24
1775286252, 2471, 265, 369, 0, 0, 0.54%, 1, 0, 4, 1524.85
1775286257, 2471, 322, 369, 0, 0, 0.54%, 1, 0, 4, 315.97
1775286262, 2472, 31, 369, 0, 0, 0.54%, 1, 0, 4, 1050.89
1775286267, 2472, 80, 369, 0, 0, 0.54%, 1, 0, 4, 1416.49
1775286272, 2472, 198, 369, 0, 0, 0.54%, 1, 0, 4, 1325.26
1775286277, 2472, 276, 369, 0, 0, 0.54%, 1, 0, 4, 1396.54
1775286282, 2473, 29, 369, 0, 0, 0.54%, 1, 0, 4, 1231.49
1775286287, 2473, 61, 369, 0, 0, 0.54%, 1, 0, 4, 1395.89
1775286293, 2473, 132, 369, 0, 0, 0.54%, 1, 0, 4, 1491.03
1775286298, 2473, 244, 369, 0, 0, 0.54%, 1, 0, 4, 1453.18
1775286303, 2473, 274, 369, 0, 0, 0.54%, 1, 0, 4, 1420.83
1775286308, 2473, 368, 369, 0, 0, 0.54%, 1, 0, 4, 1014.50
1775286313, 2474, 43, 369, 0, 0, 0.54%, 1, 0, 4, 1388.01
1775286318, 2474, 104, 369, 0, 0, 0.54%, 1, 0, 4, 1360.63
1775286323, 2474, 129, 369, 0, 0, 0.54%, 1, 0, 4, 1432.72
1775286328, 2474, 209, 369, 0, 0, 0.54%, 1, 0, 4, 1451.26
1775286333, 2474, 275, 369, 0, 0, 0.54%, 1, 0, 4, 1466.60
1775286338, 2475, 7, 369, 0, 0, 0.54%, 1, 0, 4, 1358.68
1775286343, 2475, 33, 369, 0, 0, 0.54%, 1, 0, 4, 1348.80
1775286349, 2475, 108, 369, 0, 0, 0.54%, 1, 0, 4, 1445.62
1775286354, 2475, 192, 369, 0, 0, 0.54%, 1, 0, 4, 1576.64
1775286359, 2475, 275, 369, 0, 0, 0.54%, 1, 0, 4, 1454.41
1775286364, 2476, 18, 369, 0, 0, 0.54%, 1, 0, 4, 1325.69
1775286369, 2476, 63, 369, 0, 0, 0.54%, 1, 0, 4, 1463.64
1775286374, 2476, 141, 369, 0, 0, 0.54%, 1, 0, 4, 1477.63
1775286379, 2476, 210, 369, 0, 0, 0.54%, 1, 0, 4, 1544.98
1775286384, 2476, 275, 369, 0, 0, 0.54%, 1, 0, 4, 1562.15
1775286390, 2477, 29, 369, 0, 0, 0.54%, 1, 0, 4, 1765.74
1775286395, 2477, 63, 369, 0, 0, 0.54%, 1, 0, 4, 1611.23
1775286400, 2477, 103, 369, 0, 0, 0.54%, 1, 0, 4, 1375.62
1775286405, 2477, 185, 369, 0, 0, 0.54%, 1, 0, 4, 1369.88
1775286410, 2477, 245, 369, 0, 0, 0.54%, 1, 0, 4, 1337.98
1775286415, 2477, 265, 369, 0, 0, 0.54%, 1, 0, 4, 1476.00
1775286420, 2477, 350, 369, 0, 0, 0.54%, 1, 0, 4, 1251.30
1775286426, 2478, 59, 369, 0, 0, 0.54%, 1, 0, 4, 1467.15
1775286431, 2478, 101, 369, 0, 0, 0.54%, 1, 0, 4, 1482.30
1775286436, 2478, 177, 369, 0, 0, 0.54%, 1, 0, 4, 1453.75
1775286441, 2478, 261, 369, 0, 0, 0.54%, 1, 0, 4, 1425.75
1775286446, 2478, 275, 369, 0, 0, 0.54%, 1, 0, 4, 1448.20
1775286451, 2478, 330, 369, 0, 0, 0.54%, 1, 0, 4, 1262.50
1775286456, 2479, 31, 369, 0, 0, 0.54%, 1, 0, 4, 1315.12
1775286461, 2479, 102, 369, 0, 0, 0.54%, 1, 0, 4, 1385.65
1775286466, 2479, 165, 369, 0, 0, 0.54%, 1, 0, 4, 1360.37
1775286471, 2479, 225, 369, 0, 0, 0.54%, 1, 0, 4, 1258.53
1775286476, 2479, 283, 369, 0, 0, 0.54%, 1, 0, 4, 1417.99
1775286482, 2480, 9, 369, 0, 0, 0.54%, 1, 0, 4, 1248.54
1775286487, 2480, 52, 369, 0, 0, 0.54%, 1, 0, 4, 1442.81
1775286492, 2480, 94, 369, 0, 0, 0.54%, 1, 0, 4, 1392.86
1775286497, 2480, 112, 369, 0, 0, 0.54%, 1, 0, 4, 1358.32
1775286502, 2480, 235, 369, 0, 0, 0.54%, 1, 0, 4, 1333.50
1775286507, 2480, 275, 369, 0, 0, 0.54%, 1, 0, 4, 1466.19
1775286512, 2480, 360, 369, 0, 0, 0.54%, 1, 0, 4, 1176.37
1775286517, 2481, 33, 369, 0, 0, 0.54%, 1, 0, 4, 1419.64
1775286522, 2481, 83, 369, 0, 0, 0.54%, 1, 0, 4, 1470.22
1775286527, 2481, 125, 369, 0, 0, 0.54%, 1, 0, 4, 1460.85
1775286532, 2481, 265, 369, 0, 0, 0.54%, 1, 0, 4, 1540.62
1775286538, 2481, 290, 369, 0, 0, 0.54%, 1, 0, 4, 1420.33
1775286543, 2482, 27, 369, 0, 0, 0.54%, 1, 0, 4, 1361.37
1775286548, 2482, 63, 369, 0, 0, 0.54%, 1, 0, 4, 1436.06
1775286553, 2482, 94, 369, 0, 0, 0.54%, 1, 0, 4, 1452.46
1775286558, 2482, 153, 369, 0, 0, 0.54%, 1, 0, 4, 1462.05
1775286563, 2482, 261, 369, 0, 0, 0.54%, 1, 0, 4, 1425.64
1775286568, 2482, 284, 369, 0, 0, 0.54%, 1, 0, 4, 1332.83
1775286573, 2483, 9, 369, 0, 0, 0.54%, 1, 0, 4, 1294.45
1775286578, 2483, 63, 369, 0, 0, 0.54%, 1, 0, 4, 1436.98
1775286583, 2483, 133, 369, 0, 0, 0.54%, 1, 0, 4, 1621.96
1775286589, 2483, 272, 369, 0, 0, 0.54%, 1, 0, 4, 1470.83
1775286594, 2483, 347, 369, 0, 0, 0.54%, 1, 0, 4, 1301.26
1775286599, 2484, 51, 369, 0, 0, 0.54%, 1, 0, 4, 1405.28
1775286604, 2484, 91, 369, 0, 0, 0.54%, 1, 0, 4, 1407.77
1775286609, 2484, 141, 369, 0, 0, 0.54%, 1, 0, 4, 1375.17
1775286614, 2484, 200, 369, 0, 0, 0.54%, 1, 0, 4, 1450.12
1775286619, 2484, 274, 369, 0, 0, 0.54%, 1, 0, 4, 1409.28
1775286624, 2484, 332, 369, 0, 0, 0.54%, 1, 0, 4, 1277.90
1775286629, 2485, 31, 369, 0, 0, 0.54%, 1, 0, 4, 1280.82
1775286634, 2485, 101, 369, 0, 0, 0.54%, 1, 0, 4, 1428.55
1775286640, 2485, 190, 369, 0, 0, 0.54%, 1, 0, 4, 1409.36
1775286645, 2485, 265, 369, 0, 0, 0.54%, 1, 0, 4, 1512.46
1775286650, 2485, 345, 369, 0, 0, 0.54%, 1, 0, 4, 1278.62
1775286655, 2486, 33, 369, 0, 0, 0.54%, 1, 0, 4, 1441.21
1775286660, 2486, 64, 369, 0, 0, 0.54%, 1, 0, 4, 1490.53
1775286665, 2486, 120, 369, 0, 0, 0.54%, 1, 0, 4, 1418.10
1775286670, 2486, 223, 369, 0, 0, 0.54%, 1, 0, 4, 1446.56
1775286675, 2486, 275, 369, 0, 0, 0.54%, 1, 0, 4, 1418.21
1775286681, 2486, 364, 369, 0, 0, 0.54%, 1, 0, 4, 1351.27
1775286686, 2487, 25, 369, 0, 0, 0.54%, 1, 0, 4, 1435.08
1775286691, 2487, 39, 369, 0, 0, 0.54%, 1, 0, 4, 1422.23
1775286696, 2487, 101, 369, 0, 0, 0.54%, 1, 0, 4, 1483.09
1775286701, 2487, 265, 369, 0, 0, 0.54%, 1, 0, 4, 1469.96
1775286706, 2488, 9, 369, 0, 0, 0.54%, 1, 0, 4, 1346.75
1775286711, 2488, 42, 369, 0, 0, 0.54%, 1, 0, 4, 1272.82
1775286716, 2488, 101, 369, 0, 0, 0.54%, 1, 0, 4, 1479.00
1775286721, 2488, 163, 369, 0, 0, 0.54%, 1, 0, 4, 1456.00
1775286726, 2488, 265, 369, 0, 0, 0.54%, 1, 0, 4, 1472.94
1775286731, 2488, 326, 369, 0, 0, 0.54%, 1, 0, 4, 1357.89
1775286737, 2489, 31, 369, 0, 0, 0.54%, 1, 0, 4, 1445.15
1775286742, 2489, 64, 369, 0, 0, 0.54%, 1, 0, 4, 1434.01
1775286747, 2489, 108, 369, 0, 0, 0.54%, 1, 0, 4, 1456.77
1775286752, 2489, 171, 369, 0, 0, 0.54%, 1, 0, 4, 1491.70
1775286757, 2489, 261, 369, 0, 0, 0.54%, 1, 0, 4, 1279.72
1775286762, 2489, 289, 369, 0, 0, 0.54%, 1, 0, 4, 1376.02
1775286767, 2490, 28, 369, 0, 0, 0.54%, 1, 0, 4, 1337.32
1775286772, 2490, 53, 369, 0, 0, 0.54%, 1, 0, 4, 1397.05
1775286777, 2490, 89, 369, 0, 0, 0.54%, 1, 0, 4, 1482.94
1775286782, 2490, 163, 369, 0, 0, 0.54%, 1, 0, 4, 1504.06
1775286787, 2490, 265, 369, 0, 0, 0.54%, 1, 0, 4, 1471.58
1775286792, 2490, 294, 369, 0, 0, 0.54%, 1, 0, 4, 1433.79
1775286798, 2491, 9, 369, 0, 0, 0.54%, 1, 0, 4, 1605.90
1775286803, 2491, 57, 369, 0, 0, 0.54%, 1, 0, 4, 1543.72
1775286808, 2491, 94, 369, 0, 0, 0.54%, 1, 0, 4, 1481.16
1775286813, 2491, 106, 369, 0, 0, 0.54%, 1, 0, 4, 1507.31
1775286818, 2491, 164, 369, 0, 0, 0.54%, 1, 0, 4, 1504.11
1775286823, 2491, 274, 369, 0, 0, 0.54%, 1, 0, 4, 1479.85
1775286828, 2492, 29, 369, 0, 0, 0.54%, 1, 0, 4, 1443.88
1775286833, 2492, 63, 369, 0, 0, 0.54%, 1, 0, 4, 1488.46
1775286838, 2492, 108, 369, 0, 0, 0.54%, 1, 0, 4, 1496.95
1775286843, 2492, 156, 369, 0, 0, 0.54%, 1, 0, 4, 1268.56
1775286848, 2492, 265, 369, 0, 0, 0.54%, 1, 0, 4, 1434.45
1775286854, 2492, 322, 369, 0, 0, 0.54%, 1, 0, 4, 1324.16
1775286859, 2493, 31, 369, 0, 0, 0.54%, 1, 0, 4, 1368.10
1775286864, 2493, 63, 369, 0, 0, 0.54%, 1, 0, 4, 1397.73
1775286869, 2493, 114, 369, 0, 0, 0.54%, 1, 0, 4, 1521.24
1775286874, 2493, 274, 369, 0, 0, 0.54%, 1, 0, 4, 1427.04
1775286879, 2493, 322, 369, 0, 0, 0.54%, 1, 0, 4, 1276.83
1775286884, 2494, 33, 369, 0, 0, 0.54%, 1, 0, 4, 1404.00
1775286889, 2494, 108, 369, 0, 0, 0.54%, 1, 0, 4, 1504.43
1775286894, 2494, 265, 369, 0, 0, 0.54%, 1, 0, 4, 1442.62
1775286899, 2494, 328, 369, 0, 0, 0.54%, 1, 0, 4, 1377.34
1775286904, 2495, 31, 369, 0, 0, 0.54%, 1, 0, 4, 1467.54
1775286909, 2495, 101, 369, 0, 0, 0.54%, 1, 0, 4, 1472.21
1775286914, 2495, 184, 369, 0, 0, 0.54%, 1, 0, 4, 1375.76
1775286920, 2495, 274, 369, 0, 0, 0.54%, 1, 0, 4, 1422.74
1775286925, 2495, 344, 369, 0, 0, 0.54%, 1, 0, 4, 1176.25
1775286930, 2496, 31, 369, 0, 0, 0.54%, 1, 0, 4, 1450.51
1775286935, 2496, 89, 369, 0, 0, 0.54%, 1, 0, 4, 1509.86
1775286940, 2496, 151, 369, 0, 0, 0.54%, 1, 0, 4, 1529.18
1775286945, 2496, 239, 369, 0, 0, 0.54%, 1, 0, 4, 1442.16
1775286950, 2496, 270, 369, 0, 0, 0.54%, 1, 0, 4, 1528.22
1775286955, 2496, 297, 369, 0, 0, 0.54%, 1, 0, 4, 1402.75
1775286960, 2497, 29, 369, 0, 0, 0.54%, 1, 0, 4, 1418.34
1775286965, 2497, 68, 369, 0, 0, 0.54%, 1, 0, 4, 1559.64
1775286970, 2497, 124, 369, 0, 0, 0.54%, 1, 0, 4, 1439.91
1775286976, 2497, 244, 369, 0, 0, 0.54%, 1, 0, 4, 1497.47
1775286981, 2497, 275, 369, 0, 0, 0.54%, 1, 0, 4, 1378.27
1775286986, 2498, 4, 369, 0, 0, 0.54%, 1, 0, 4, 1392.52
1775286991, 2498, 32, 369, 0, 0, 0.54%, 1, 0, 4, 1471.22
1775286996, 2498, 64, 369, 0, 0, 0.54%, 1, 0, 4, 1411.93
1775287001, 2498, 134, 369, 0, 0, 0.54%, 1, 0, 4, 1407.43
1775287006, 2498, 256, 369, 0, 0, 0.54%, 1, 0, 4, 1492.50
1775287011, 2498, 276, 369, 0, 0, 0.54%, 1, 0, 4, 1494.71
1775287016, 2499, 29, 369, 0, 0, 0.54%, 1, 0, 4, 1420.85
1775287021, 2499, 89, 369, 0, 0, 0.54%, 1, 0, 4, 1416.04
1775287027, 2499, 114, 369, 0, 0, 0.54%, 1, 0, 4, 1463.46
1775287032, 2499, 261, 369, 0, 0, 0.54%, 1, 0, 4, 220.74
1775287037, 2499, 365, 369, 0, 0, 0.54%, 1, 0, 4, 1457.72
1775287042, 2500, 31, 369, 0, 0, 0.54%, 1, 0, 4, 1483.17
1775287047, 2500, 103, 369, 0, 0, 0.54%, 1, 0, 4, 1552.27
1775287052, 2500, 163, 369, 0, 0, 0.54%, 1, 0, 4, 1506.28
1775287057, 2500, 275, 369, 0, 0, 0.54%, 1, 0, 4, 1493.43
1775287063, 2500, 364, 369, 0, 0, 0.54%, 1, 0, 4, 1436.50
1775287068, 2501, 29, 369, 0, 0, 0.54%, 1, 0, 4, 1560.65
1775287073, 2501, 45, 369, 0, 0, 0.54%, 1, 0, 4, 1461.90
1775287078, 2501, 72, 369, 0, 0, 0.54%, 1, 0, 4, 1421.63
1775287083, 2501, 112, 369, 0, 0, 0.54%, 1, 0, 4, 1425.99
1775287088, 2501, 174, 369, 0, 0, 0.54%, 1, 0, 4, 1245.74
1775287093, 2501, 274, 369, 0, 0, 0.54%, 1, 0, 4, 1351.21
1775287098, 2501, 368, 369, 0, 0, 0.54%, 1, 0, 4, 1098.09
1775287103, 2502, 29, 369, 0, 0, 0.54%, 1, 0, 4, 1327.61
1775287108, 2502, 70, 369, 0, 0, 0.54%, 1, 0, 4, 1430.05
1775287114, 2502, 144, 369, 0, 0, 0.54%, 1, 0, 4, 1504.36
1775287119, 2502, 247, 369, 0, 0, 0.54%, 1, 0, 4, 1482.34
1775287124, 2502, 274, 369, 0, 0, 0.54%, 1, 0, 4, 1485.74
1775287129, 2502, 328, 369, 0, 0, 0.54%, 1, 0, 4, 1305.99
1775287134, 2503, 2, 369, 0, 0, 0.54%, 1, 0, 4, 1349.98
1775287139, 2503, 32, 369, 0, 0, 0.54%, 1, 0, 4, 1342.74
1775287144, 2503, 77, 369, 0, 0, 0.54%, 1, 0, 4, 1417.16
1775287149, 2503, 170, 369, 0, 0, 0.54%, 1, 0, 4, 1427.49
1775287154, 2503, 241, 369, 0, 0, 0.54%, 1, 0, 4, 1431.95
1775287160, 2503, 274, 369, 0, 0, 0.54%, 1, 0, 4, 1567.11
1775287165, 2504, 9, 369, 0, 0, 0.54%, 1, 0, 4, 1389.95
1775287170, 2504, 56, 369, 0, 0, 0.54%, 1, 0, 4, 1484.43
1775287175, 2504, 100, 369, 0, 0, 0.54%, 1, 0, 4, 1431.56
1775287180, 2504, 201, 369, 0, 0, 0.54%, 1, 0, 4, 1350.60
1775287185, 2504, 275, 369, 0, 0, 0.54%, 1, 0, 4, 1390.03
1775287190, 2504, 344, 369, 0, 0, 0.54%, 1, 0, 4, 1207.98
1775287195, 2505, 33, 369, 0, 0, 0.54%, 1, 0, 4, 1415.66
1775287200, 2505, 103, 369, 0, 0, 0.54%, 1, 0, 4, 1509.43
1775287205, 2505, 274, 369, 0, 0, 0.54%, 1, 0, 4, 1457.96
1775287210, 2505, 357, 369, 0, 0, 0.54%, 1, 0, 4, 1172.67
1775287216, 2506, 33, 369, 0, 0, 0.54%, 1, 0, 4, 1299.64
1775287221, 2506, 103, 369, 0, 0, 0.54%, 1, 0, 4, 1421.28
1775287226, 2506, 178, 369, 0, 0, 0.54%, 1, 0, 4, 1406.01
1775287231, 2506, 265, 369, 0, 0, 0.54%, 1, 0, 4, 1437.02
1775287236, 2506, 318, 369, 0, 0, 0.54%, 1, 0, 4, 1393.17
1775287241, 2507, 27, 369, 0, 0, 0.54%, 1, 0, 4, 1441.32
1775287246, 2507, 70, 369, 0, 0, 0.54%, 1, 0, 4, 1501.16
1775287251, 2507, 108, 369, 0, 0, 0.54%, 1, 0, 4, 1420.38
1775287256, 2507, 274, 369, 0, 0, 0.54%, 1, 0, 4, 1426.78
1775287261, 2508, 4, 369, 0, 0, 0.54%, 1, 0, 4, 1392.46
1775287266, 2508, 35, 369, 0, 0, 0.54%, 1, 0, 4, 1513.58
1775287271, 2508, 64, 369, 0, 0, 0.54%, 1, 0, 4, 1530.46
1775287277, 2508, 150, 369, 0, 0, 0.54%, 1, 0, 4, 1492.13
1775287282, 2508, 238, 369, 0, 0, 0.54%, 1, 0, 4, 1491.34
1775287287, 2508, 302, 369, 0, 0, 0.54%, 1, 0, 4, 1439.09
1775287292, 2509, 29, 369, 0, 0, 0.54%, 1, 0, 4, 1114.14
1775287297, 2509, 64, 369, 0, 0, 0.54%, 1, 0, 4, 1345.90
1775287302, 2509, 103, 369, 0, 0, 0.54%, 1, 0, 4, 1445.93
1775287308, 2509, 156, 369, 0, 0, 0.54%, 1, 0, 4, 1400.71
1775287313, 2509, 213, 369, 0, 0, 0.54%, 1, 0, 4, 1385.31
1775287318, 2509, 275, 369, 0, 0, 0.54%, 1, 0, 4, 1526.29
1775287323, 2510, 21, 369, 0, 0, 0.54%, 1, 0, 4, 1371.32
1775287328, 2510, 63, 369, 0, 0, 0.54%, 1, 0, 4, 1515.36
1775287333, 2510, 101, 369, 0, 0, 0.54%, 1, 0, 4, 1446.84
1775287338, 2510, 203, 369, 0, 0, 0.54%, 1, 0, 4, 1421.04
1775287343, 2510, 275, 369, 0, 0, 0.54%, 1, 0, 4, 1403.96
1775287348, 2510, 327, 369, 0, 0, 0.54%, 1, 0, 4, 1206.25
1775287353, 2511, 9, 370, 1, 0, 0.54%, 1, 0, 4, 1579.12
1775287358, 2511, 58, 370, 1, 0, 0.54%, 1, 0, 4, 1522.18
1775287363, 2511, 103, 370, 1, 0, 0.54%, 1, 0, 4, 1485.80
1775287369, 2511, 155, 370, 1, 0, 0.54%, 1, 0, 4, 1465.50
1775287374, 2511, 275, 370, 1, 0, 0.54%, 1, 0, 4, 1509.95
1775287379, 2511, 358, 370, 1, 0, 0.54%, 1, 0, 4, 1302.74
1775287384, 2512, 33, 370, 1, 0, 0.54%, 1, 0, 4, 1464.11
1775287389, 2512, 108, 370, 1, 0, 0.54%, 1, 0, 4, 1395.77
1775287394, 2512, 264, 370, 1, 0, 0.54%, 1, 0, 4, 1486.01
1775287399, 2512, 341, 370, 1, 0, 0.54%, 1, 0, 4, 1386.50
1775287404, 2513, 47, 370, 1, 0, 0.54%, 1, 0, 4, 1462.21
1775287409, 2513, 98, 370, 1, 0, 0.54%, 1, 0, 4, 1398.91
1775287414, 2513, 192, 370, 1, 0, 0.54%, 1, 0, 4, 1460.53
1775287419, 2513, 265, 370, 1, 0, 0.54%, 1, 0, 4, 1380.27
1775287424, 2513, 322, 370, 1, 0, 0.54%, 1, 0, 4, 1354.66
1775287430, 2514, 9, 370, 0, 0, 0.54%, 1, 0, 4, 1285.38
1775287435, 2514, 56, 370, 0, 0, 0.54%, 1, 0, 4, 1491.76
1775287440, 2514, 103, 371, 1, 0, 0.54%, 1, 0, 4, 1445.50
1775287445, 2514, 274, 371, 1, 0, 0.54%, 1, 0, 4, 1518.22
1775287450, 2515, 9, 371, 1, 0, 0.54%, 1, 0, 4, 1324.55
1775287455, 2515, 89, 371, 1, 0, 0.54%, 1, 0, 4, 1504.60
1775287460, 2515, 168, 371, 1, 0, 0.54%, 1, 0, 4, 1409.55
1775287465, 2515, 260, 371, 1, 0, 0.54%, 1, 0, 4, 1273.95
1775287470, 2515, 276, 371, 1, 0, 0.54%, 1, 0, 4, 1394.68
1775287475, 2516, 31, 371, 1, 0, 0.54%, 1, 0, 4, 1406.46
1775287481, 2516, 103, 371, 1, 0, 0.54%, 1, 0, 4, 1467.26
1775287486, 2516, 183, 371, 1, 0, 0.54%, 1, 0, 4, 1449.06
1775287491, 2516, 261, 371, 1, 0, 0.54%, 1, 0, 4, 1455.20
1775287496, 2516, 325, 371, 1, 0, 0.54%, 1, 0, 4, 1382.94
1775287501, 2517, 29, 371, 1, 0, 0.54%, 1, 0, 4, 1053.98
1775287506, 2517, 64, 371, 1, 0, 0.54%, 1, 0, 4, 1367.86
1775287511, 2517, 108, 371, 1, 0, 0.54%, 1, 0, 4, 1307.92
1775287516, 2517, 252, 371, 1, 0, 0.54%, 1, 0, 4, 1328.80
1775287521, 2517, 276, 371, 1, 0, 0.54%, 1, 0, 4, 1358.35
1775287527, 2518, 31, 371, 1, 0, 0.54%, 1, 0, 4, 1496.57
1775287532, 2518, 64, 371, 1, 0, 0.54%, 1, 0, 4, 1614.33
1775287537, 2518, 138, 371, 1, 0, 0.54%, 1, 0, 4, 1383.06
1775287542, 2518, 212, 371, 1, 0, 0.54%, 1, 0, 4, 1350.43
1775287547, 2518, 274, 371, 1, 0, 0.54%, 1, 0, 4, 1441.14
1775287552, 2519, 9, 371, 1, 0, 0.54%, 1, 0, 4, 1398.41
1775287557, 2519, 47, 371, 1, 0, 0.54%, 1, 0, 4, 1529.82
1775287562, 2519, 67, 371, 1, 0, 0.54%, 1, 0, 4, 1524.34
1775287568, 2519, 157, 371, 1, 0, 0.54%, 1, 0, 4, 1458.19
1775287573, 2519, 237, 371, 1, 0, 0.54%, 1, 0, 4, 1527.14
1775287578, 2519, 275, 371, 1, 0, 0.54%, 1, 0, 4, 1484.33
1775287583, 2519, 365, 371, 1, 0, 0.54%, 1, 0, 4, 1239.34
1775287588, 2520, 29, 371, 1, 0, 0.54%, 1, 0, 4, 1548.19
1775287593, 2520, 89, 371, 1, 0, 0.54%, 1, 0, 4, 1565.59
1775287598, 2520, 121, 371, 1, 0, 0.54%, 1, 0, 4, 1473.30
1775287603, 2520, 261, 371, 1, 0, 0.54%, 1, 0, 4, 1458.27
1775287608, 2520, 313, 371, 1, 0, 0.54%, 1, 0, 4, 1375.08
1775287613, 2520, 370, 371, 1, 0, 0.54%, 1, 0, 4, 1270.07
1775287619, 2521, 31, 371, 0, 0, 0.54%, 1, 0, 4, 1329.97
1775287624, 2521, 89, 371, 0, 0, 0.54%, 1, 0, 4, 1470.81
1775287629, 2521, 125, 371, 0, 0, 0.54%, 1, 0, 4, 1434.49
1775287634, 2521, 213, 371, 0, 0, 0.54%, 1, 0, 4, 1524.16
1775287639, 2521, 275, 371, 0, 0, 0.54%, 1, 0, 4, 1556.92
1775287644, 2521, 352, 371, 0, 0, 0.54%, 1, 0, 4, 1319.54
1775287649, 2522, 31, 371, 0, 0, 0.54%, 1, 0, 4, 1302.96
1775287654, 2522, 71, 371, 0, 0, 0.54%, 1, 0, 4, 1376.95
1775287659, 2522, 124, 371, 0, 0, 0.54%, 1, 0, 4, 1510.66
1775287665, 2522, 239, 371, 0, 0, 0.54%, 1, 0, 4, 1424.07
1775287670, 2522, 278, 371, 0, 0, 0.54%, 1, 0, 4, 1556.26
1775287675, 2523, 9, 371, 0, 0, 0.54%, 1, 0, 4, 1263.33
1775287680, 2523, 78, 371, 0, 0, 0.54%, 1, 0, 4, 1388.26
1775287685, 2523, 108, 371, 0, 0, 0.54%, 1, 0, 4, 1302.41
1775287690, 2523, 204, 371, 0, 0, 0.54%, 1, 0, 4, 1281.42
1775287695, 2523, 274, 371, 0, 0, 0.54%, 1, 0, 4, 1406.37
1775287700, 2524, 1, 371, 0, 0, 0.54%, 1, 0, 4, 1315.80
1775287705, 2524, 58, 371, 0, 0, 0.54%, 1, 0, 4, 1514.02
1775287711, 2524, 103, 371, 0, 0, 0.54%, 1, 0, 4, 1555.15
1775287716, 2524, 206, 371, 0, 0, 0.54%, 1, 0, 4, 1370.21
1775287721, 2524, 265, 371, 0, 0, 0.54%, 1, 0, 4, 1300.00
1775287726, 2524, 279, 371, 0, 0, 0.54%, 1, 0, 4, 1261.80
1775287731, 2525, 29, 371, 0, 0, 0.54%, 1, 0, 4, 1256.95
1775287736, 2525, 88, 371, 0, 0, 0.54%, 1, 0, 4, 1302.67
1775287741, 2525, 132, 371, 0, 0, 0.54%, 1, 0, 4, 1436.02
1775287746, 2525, 261, 371, 0, 0, 0.54%, 1, 0, 4, 1380.79
1775287751, 2525, 278, 371, 0, 0, 0.54%, 1, 0, 4, 1448.01
1775287756, 2525, 322, 371, 0, 0, 0.54%, 1, 0, 4, 1378.67
1775287761, 2526, 31, 371, 0, 0, 0.54%, 1, 0, 4, 1468.74
1775287767, 2526, 64, 371, 0, 0, 0.54%, 1, 0, 4, 1464.70
1775287772, 2526, 103, 371, 0, 0, 0.54%, 1, 0, 4, 1407.74
1775287777, 2526, 170, 371, 0, 0, 0.54%, 1, 0, 4, 1414.78
1775287782, 2526, 274, 371, 0, 0, 0.54%, 1, 0, 4, 1437.23
1775287787, 2526, 335, 371, 0, 0, 0.54%, 1, 0, 4, 1284.41
1775287792, 2527, 33, 371, 0, 0, 0.54%, 1, 0, 4, 1375.36
1775287797, 2527, 85, 371, 0, 0, 0.54%, 1, 0, 4, 1436.39
1775287802, 2527, 164, 371, 0, 0, 0.54%, 1, 0, 4, 1408.91
1775287807, 2527, 244, 371, 0, 0, 0.54%, 1, 0, 4, 1437.65
1775287812, 2527, 322, 371, 0, 0, 0.54%, 1, 0, 4, 1424.18
1775287817, 2528, 4, 371, 0, 0, 0.54%, 1, 0, 4, 1406.20
1775287823, 2528, 58, 371, 0, 0, 0.54%, 1, 0, 4, 1434.79
1775287828, 2528, 93, 371, 0, 0, 0.54%, 1, 0, 4, 1336.57
1775287833, 2528, 152, 371, 0, 0, 0.54%, 1, 0, 4, 1406.17
1775287838, 2528, 231, 371, 0, 0, 0.54%, 1, 0, 4, 1449.66
1775287843, 2528, 274, 371, 0, 0, 0.54%, 1, 0, 4, 1411.61
1775287848, 2529, 9, 371, 0, 0, 0.54%, 1, 0, 4, 1150.18
1775287853, 2529, 31, 371, 0, 0, 0.54%, 1, 0, 4, 1487.56
1775287858, 2529, 89, 371, 0, 0, 0.54%, 1, 0, 4, 1510.04
1775287863, 2529, 226, 371, 0, 0, 0.54%, 1, 0, 4, 1472.14
1775287868, 2529, 274, 371, 0, 0, 0.54%, 1, 0, 4, 1515.74
1775287873, 2530, 26, 371, 0, 0, 0.54%, 1, 0, 4, 1467.69
1775287879, 2530, 48, 371, 0, 0, 0.54%, 1, 0, 4, 1361.73
1775287884, 2530, 80, 371, 0, 0, 0.54%, 1, 0, 4, 1487.96
1775287889, 2530, 156, 371, 0, 0, 0.54%, 1, 0, 4, 1464.49
1775287894, 2530, 265, 371, 0, 0, 0.54%, 1, 0, 4, 1408.36
1775287899, 2530, 363, 371, 0, 0, 0.54%, 1, 0, 4, 274.93
1775287904, 2531, 33, 371, 0, 0, 0.54%, 1, 0, 4, 1442.63
1775287909, 2531, 101, 371, 0, 0, 0.54%, 1, 0, 4, 1339.46
1775287914, 2531, 124, 371, 0, 0, 0.54%, 1, 0, 4, 1360.58
1775287919, 2531, 207, 371, 0, 0, 0.54%, 1, 0, 4, 1246.43
1775287924, 2531, 276, 371, 0, 0, 0.54%, 1, 0, 4, 1370.30
1775287930, 2532, 9, 371, 0, 0, 0.54%, 1, 0, 4, 1413.55
1775287935, 2532, 33, 371, 0, 0, 0.54%, 1, 0, 4, 1356.05
1775287940, 2532, 101, 371, 0, 0, 0.54%, 1, 0, 4, 1424.22
1775287945, 2532, 253, 371, 0, 0, 0.54%, 1, 0, 4, 1453.24
1775287950, 2532, 275, 371, 0, 0, 0.54%, 1, 0, 4, 1495.92
1775287955, 2532, 365, 371, 0, 0, 0.54%, 1, 0, 4, 1348.57
1775287960, 2533, 29, 371, 0, 0, 0.54%, 1, 0, 4, 1280.25
1775287965, 2533, 64, 371, 0, 0, 0.54%, 1, 0, 4, 1437.40
1775287971, 2533, 131, 371, 0, 0, 0.54%, 1, 0, 4, 1391.78
1775287976, 2533, 206, 371, 0, 0, 0.54%, 1, 0, 4, 1407.64
1775287981, 2533, 265, 371, 0, 0, 0.54%, 1, 0, 4, 825.83
1775287986, 2533, 348, 371, 0, 0, 0.54%, 1, 0, 4, 1233.96
1775287991, 2534, 16, 371, 0, 0, 0.54%, 1, 0, 4, 1242.00
1775287996, 2534, 45, 371, 0, 0, 0.54%, 1, 0, 4, 1462.30
1775288001, 2534, 89, 371, 0, 0, 0.54%, 1, 0, 4, 1482.11
1775288006, 2534, 141, 371, 0, 0, 0.54%, 1, 0, 4, 1438.19
1775288011, 2534, 183, 371, 0, 0, 0.54%, 1, 0, 4, 1465.77
1775288016, 2534, 259, 371, 0, 0, 0.54%, 1, 0, 4, 1236.09
1775288022, 2534, 276, 371, 0, 0, 0.54%, 1, 0, 4, 1366.11
1775288027, 2534, 359, 371, 0, 0, 0.54%, 1, 0, 4, 1221.44
1775288032, 2535, 31, 371, 0, 0, 0.54%, 1, 0, 4, 1490.43
1775288037, 2535, 89, 371, 0, 0, 0.54%, 1, 0, 4, 1589.39
1775288042, 2535, 131, 371, 0, 0, 0.54%, 1, 0, 4, 1459.04
1775288047, 2535, 274, 371, 0, 0, 0.54%, 1, 0, 4, 1531.15
1775288052, 2535, 364, 371, 0, 0, 0.54%, 1, 0, 4, 1542.60
1775288057, 2536, 31, 371, 0, 0, 0.54%, 1, 0, 4, 1387.34
1775288062, 2536, 89, 371, 0, 0, 0.54%, 1, 0, 4, 1397.91
1775288067, 2536, 162, 371, 0, 0, 0.54%, 1, 0, 4, 1367.09
1775288073, 2536, 245, 371, 0, 0, 0.54%, 1, 0, 4, 1451.30
1775288078, 2536, 275, 371, 0, 0, 0.54%, 1, 0, 4, 1485.49
1775288083, 2537, 26, 371, 0, 0, 0.54%, 1, 0, 4, 1381.70
1775288088, 2537, 33, 371, 0, 0, 0.54%, 1, 0, 4, 1307.91
1775288093, 2537, 72, 371, 0, 0, 0.54%, 1, 0, 4, 1399.98
1775288098, 2537, 149, 371, 0, 0, 0.54%, 1, 0, 4, 1452.76
1775288103, 2537, 232, 371, 0, 0, 0.54%, 1, 0, 4, 1481.23
1775288108, 2537, 275, 371, 0, 0, 0.54%, 1, 0, 4, 1460.65
1775288113, 2538, 1, 371, 0, 0, 0.54%, 1, 0, 4, 1349.78
1775288118, 2538, 33, 371, 0, 0, 0.54%, 1, 0, 4, 1397.08
1775288124, 2538, 89, 371, 0, 0, 0.54%, 1, 0, 4, 1495.28
1775288129, 2538, 121, 371, 0, 0, 0.54%, 1, 0, 4, 1494.97
1775288134, 2538, 171, 371, 0, 0, 0.54%, 1, 0, 4, 1437.81
1775288139, 2538, 265, 371, 0, 0, 0.54%, 1, 0, 4, 1452.54
1775288144, 2538, 342, 371, 0, 0, 0.54%, 1, 0, 4, 1255.31
1775288149, 2539, 31, 371, 0, 0, 0.54%, 1, 0, 4, 1429.17
1775288154, 2539, 64, 371, 0, 0, 0.54%, 1, 0, 4, 1402.18
1775288159, 2539, 159, 371, 0, 0, 0.54%, 1, 0, 4, 1360.66
1775288164, 2539, 258, 371, 0, 0, 0.54%, 1, 0, 4, 1380.03
1775288170, 2539, 287, 371, 0, 0, 0.54%, 1, 0, 4, 1402.54
1775288175, 2539, 340, 371, 0, 0, 0.54%, 1, 0, 4, 1255.16
1775288180, 2539, 367, 371, 0, 0, 0.54%, 1, 0, 4, 1246.50
1775288185, 2540, 31, 371, 0, 0, 0.54%, 1, 0, 4, 1433.83
1775288190, 2540, 103, 371, 0, 0, 0.54%, 1, 0, 4, 1470.14
1775288195, 2540, 147, 371, 0, 0, 0.54%, 1, 0, 4, 1511.86
1775288200, 2540, 275, 371, 0, 0, 0.54%, 1, 0, 4, 1569.32
1775288205, 2541, 9, 371, 0, 0, 0.54%, 1, 0, 4, 531.59
1775288210, 2541, 29, 371, 0, 0, 0.54%, 1, 0, 4, 1171.77
1775288215, 2541, 57, 371, 0, 0, 0.54%, 1, 0, 4, 1360.14
1775288221, 2541, 108, 371, 0, 0, 0.54%, 1, 0, 4, 1512.91
1775288226, 2541, 265, 371, 0, 0, 0.54%, 1, 0, 4, 1444.30
1775288231, 2541, 354, 371, 0, 0, 0.54%, 1, 0, 4, 1292.88
1775288236, 2542, 63, 371, 0, 0, 0.54%, 1, 0, 4, 1536.10
1775288241, 2542, 157, 371, 0, 0, 0.54%, 1, 0, 4, 1564.12
1775288246, 2542, 274, 371, 0, 0, 0.54%, 1, 0, 4, 1520.76
1775288251, 2542, 348, 371, 0, 0, 0.54%, 1, 0, 4, 1280.99
1775288256, 2543, 31, 371, 0, 0, 0.54%, 1, 0, 4, 1502.38
1775288262, 2543, 84, 371, 0, 0, 0.54%, 1, 0, 4, 1636.75
1775288267, 2543, 155, 371, 0, 0, 0.54%, 1, 0, 4, 1511.85
1775288272, 2543, 275, 371, 0, 0, 0.54%, 1, 0, 4, 1512.09
1775288277, 2543, 365, 371, 0, 0, 0.54%, 1, 0, 4, 1245.69
1775288282, 2544, 16, 371, 0, 0, 0.54%, 1, 0, 4, 1538.33
1775288287, 2544, 63, 371, 0, 0, 0.54%, 1, 0, 4, 1532.33
1775288292, 2544, 103, 371, 0, 0, 0.54%, 1, 0, 4, 1448.51
1775288297, 2544, 261, 371, 0, 0, 0.54%, 1, 0, 4, 1475.70
1775288302, 2544, 317, 371, 0, 0, 0.54%, 1, 0, 4, 1276.96
1775288307, 2545, 31, 371, 0, 0, 0.54%, 1, 0, 4, 1390.45
1775288312, 2545, 89, 371, 0, 0, 0.54%, 1, 0, 4, 1527.31
1775288317, 2545, 168, 371, 0, 0, 0.54%, 1, 0, 4, 1330.33
1775288322, 2545, 238, 371, 0, 0, 0.54%, 1, 0, 4, 1350.09
1775288327, 2545, 277, 371, 0, 0, 0.54%, 1, 0, 4, 1325.67
1775288333, 2546, 29, 371, 0, 0, 0.54%, 1, 0, 4, 1246.59
1775288338, 2546, 63, 371, 0, 0, 0.54%, 1, 0, 4, 1516.92
1775288343, 2546, 103, 371, 0, 0, 0.54%, 1, 0, 4, 1424.04
1775288348, 2546, 181, 371, 0, 0, 0.54%, 1, 0, 4, 1436.51
1775288353, 2546, 274, 371, 0, 0, 0.54%, 1, 0, 4, 1388.68
1775288358, 2546, 353, 371, 0, 0, 0.54%, 1, 0, 4, 1289.23
1775288363, 2547, 33, 371, 0, 0, 0.54%, 1, 0, 4, 1244.85
1775288368, 2547, 103, 371, 0, 0, 0.54%, 1, 0, 4, 1376.06
1775288374, 2547, 234, 371, 0, 0, 0.54%, 1, 0, 4, 1451.21
1775288379, 2547, 276, 371, 0, 0, 0.54%, 1, 0, 4, 1477.95
1775288384, 2548, 26, 371, 0, 0, 0.54%, 1, 0, 4, 1443.99
1775288389, 2548, 61, 371, 0, 0, 0.54%, 1, 0, 4, 1460.03
1775288394, 2548, 103, 371, 0, 0, 0.54%, 1, 0, 4, 1362.07
1775288399, 2548, 170, 371, 0, 0, 0.54%, 1, 0, 4, 1447.85
1775288404, 2548, 274, 371, 0, 0, 0.54%, 1, 0, 4, 1556.39
1775288409, 2549, 9, 371, 0, 0, 0.54%, 1, 0, 4, 1370.52
1775288414, 2549, 58, 371, 0, 0, 0.54%, 1, 0, 4, 1444.54
1775288419, 2549, 101, 371, 0, 0, 0.54%, 1, 0, 4, 1506.21
1775288425, 2549, 206, 371, 0, 0, 0.54%, 1, 0, 4, 1427.79
1775288430, 2549, 265, 371, 0, 0, 0.54%, 1, 0, 4, 1600.00
1775288435, 2549, 327, 371, 0, 0, 0.54%, 1, 0, 4, 1260.04
1775288440, 2550, 29, 371, 0, 0, 0.54%, 1, 0, 4, 1410.73
1775288445, 2550, 63, 371, 0, 0, 0.54%, 1, 0, 4, 1445.66
1775288450, 2550, 101, 371, 0, 0, 0.54%, 1, 0, 4, 1379.09
1775288455, 2550, 265, 371, 0, 0, 0.54%, 1, 0, 4, 1422.31
1775288460, 2550, 366, 371, 0, 0, 0.54%, 1, 0, 4, 1290.39
1775288465, 2551, 1, 371, 0, 0, 0.54%, 1, 0, 4, 1535.25
1775288471, 2551, 35, 371, 0, 0, 0.54%, 1, 0, 4, 1536.19
1775288476, 2551, 64, 371, 0, 0, 0.54%, 1, 0, 4, 1499.21
1775288481, 2551, 108, 371, 0, 0, 0.54%, 1, 0, 4, 1486.69
1775288486, 2551, 180, 371, 0, 0, 0.54%, 1, 0, 4, 1401.48
1775288491, 2551, 237, 371, 0, 0, 0.54%, 1, 0, 4, 1412.42
1775288496, 2551, 275, 371, 0, 0, 0.54%, 1, 0, 4, 1405.28
1775288501, 2551, 355, 371, 0, 0, 0.54%, 1, 0, 4, 1183.08
1775288506, 2552, 33, 371, 0, 0, 0.54%, 1, 0, 4, 1399.09
1775288512, 2552, 79, 371, 0, 0, 0.54%, 1, 0, 4, 1462.17
1775288517, 2552, 109, 371, 0, 0, 0.54%, 1, 0, 4, 1476.33
1775288522, 2552, 214, 371, 0, 0, 0.54%, 1, 0, 4, 1521.18
1775288527, 2552, 275, 371, 0, 0, 0.54%, 1, 0, 4, 1475.48
1775288532, 2553, 13, 371, 0, 0, 0.54%, 1, 0, 4, 1459.26
1775288537, 2553, 64, 371, 0, 0, 0.54%, 1, 0, 4, 1639.12
1775288542, 2553, 127, 371, 0, 0, 0.54%, 1, 0, 4, 1336.87
1775288547, 2553, 241, 371, 0, 0, 0.54%, 1, 0, 4, 1353.45
1775288552, 2553, 276, 371, 0, 0, 0.54%, 1, 0, 4, 1393.40
1775288557, 2554, 29, 371, 0, 0, 0.54%, 1, 0, 4, 1378.05
1775288563, 2554, 64, 371, 0, 0, 0.54%, 1, 0, 4, 1437.57
1775288568, 2554, 108, 371, 0, 0, 0.54%, 1, 0, 4, 1357.17
1775288573, 2554, 257, 371, 0, 0, 0.54%, 1, 0, 4, 1478.21
1775288578, 2554, 276, 371, 0, 0, 0.54%, 1, 0, 4, 1441.01
1775288583, 2555, 9, 371, 0, 0, 0.54%, 1, 0, 4, 1216.79
1775288588, 2555, 64, 371, 0, 0, 0.54%, 1, 0, 4, 1528.91
1775288593, 2555, 108, 371, 0, 0, 0.54%, 1, 0, 4, 1485.25
1775288598, 2555, 265, 371, 0, 0, 0.54%, 1, 0, 4, 1380.58
1775288603, 2555, 322, 371, 0, 0, 0.54%, 1, 0, 4, 1442.32
1775288608, 2556, 31, 371, 0, 0, 0.54%, 1, 0, 4, 1218.22
1775288613, 2556, 63, 371, 0, 0, 0.54%, 1, 0, 4, 1398.89
1775288619, 2556, 108, 371, 0, 0, 0.54%, 1, 0, 4, 1446.35
1775288624, 2556, 175, 371, 0, 0, 0.54%, 1, 0, 4, 1490.30
1775288629, 2556, 268, 371, 0, 0, 0.54%, 1, 0, 4, 1477.15
1775288634, 2556, 308, 371, 0, 0, 0.54%, 1, 0, 4, 1296.85
1775288639, 2556, 369, 371, 0, 0, 0.54%, 1, 0, 4, 1376.12
1775288644, 2557, 57, 371, 0, 0, 0.54%, 1, 0, 4, 1427.48
1775288649, 2557, 103, 371, 0, 0, 0.54%, 1, 0, 4, 1328.22
1775288654, 2557, 207, 371, 0, 0, 0.54%, 1, 0, 4, 1387.39
1775288659, 2557, 261, 371, 0, 0, 0.54%, 1, 0, 4, 1378.77
1775288664, 2557, 309, 371, 0, 0, 0.54%, 1, 0, 4, 1454.51
1775288670, 2558, 17, 371, 0, 0, 0.54%, 1, 0, 4, 1383.93
1775288675, 2558, 58, 371, 0, 0, 0.54%, 1, 0, 4, 1543.47
1775288680, 2558, 103, 371, 0, 0, 0.54%, 1, 0, 4, 1451.39
1775288685, 2558, 201, 371, 0, 0, 0.54%, 1, 0, 4, 1387.85
1775288690, 2558, 274, 371, 0, 0, 0.54%, 1, 0, 4, 1464.17
1775288695, 2558, 313, 371, 0, 0, 0.54%, 1, 0, 4, 1354.72
1775288700, 2559, 29, 371, 0, 0, 0.54%, 1, 0, 4, 1498.27
1775288706, 2559, 67, 371, 0, 0, 0.54%, 1, 0, 4, 1530.59
1775288711, 2559, 101, 371, 0, 0, 0.54%, 1, 0, 4, 1488.57
1775288716, 2559, 247, 371, 0, 0, 0.54%, 1, 0, 4, 1418.60
1775288721, 2559, 275, 371, 0, 0, 0.54%, 1, 0, 4, 1368.71
1775288726, 2559, 322, 371, 0, 0, 0.54%, 1, 0, 4, 1232.90
1775288731, 2560, 29, 371, 0, 0, 0.54%, 1, 0, 4, 1341.95
1775288736, 2560, 45, 371, 0, 0, 0.54%, 1, 0, 4, 1427.02
1775288741, 2560, 103, 371, 0, 0, 0.54%, 1, 0, 4, 1447.00
1775288746, 2560, 265, 371, 0, 0, 0.54%, 1, 0, 4, 1486.11
1775288751, 2560, 322, 371, 0, 0, 0.54%, 1, 0, 4, 1396.17
1775288756, 2561, 29, 371, 0, 0, 0.54%, 1, 0, 4, 1344.88
1775288761, 2561, 82, 371, 0, 0, 0.54%, 1, 0, 4, 1492.66
1775288766, 2561, 142, 371, 0, 0, 0.54%, 1, 0, 4, 1439.09
1775288771, 2561, 218, 371, 0, 0, 0.54%, 1, 0, 4, 1451.30
1775288776, 2561, 276, 371, 0, 0, 0.54%, 1, 0, 4, 1331.70
1775288781, 2562, 33, 371, 0, 0, 0.54%, 1, 0, 4, 1405.11
1775288786, 2562, 103, 371, 0, 0, 0.54%, 1, 0, 4, 1431.41
1775288791, 2562, 265, 371, 0, 0, 0.54%, 1, 0, 4, 1506.83
1775288797, 2562, 326, 371, 0, 0, 0.54%, 1, 0, 4, 1286.62
1775288802, 2562, 367, 371, 0, 0, 0.54%, 1, 0, 4, 1185.45
1775288807, 2563, 31, 371, 0, 0, 0.54%, 1, 0, 4, 1589.95
1775288812, 2563, 89, 371, 0, 0, 0.54%, 1, 0, 4, 1404.15
1775288817, 2563, 117, 371, 0, 0, 0.54%, 1, 0, 4, 1511.73
1775288822, 2563, 217, 371, 0, 0, 0.54%, 1, 0, 4, 735.59
1775288828, 2563, 275, 371, 0, 0, 0.54%, 1, 0, 4, 1400.80
1775288833, 2564, 29, 371, 0, 0, 0.54%, 1, 0, 4, 1407.49
1775288838, 2564, 64, 371, 0, 0, 0.54%, 1, 0, 4, 1539.03
1775288843, 2564, 112, 371, 0, 0, 0.54%, 1, 0, 4, 1445.79
1775288848, 2564, 261, 371, 0, 0, 0.54%, 1, 0, 4, 1469.62
1775288853, 2564, 276, 371, 0, 0, 0.54%, 1, 0, 4, 1509.09
1775288858, 2565, 4, 371, 0, 0, 0.54%, 1, 0, 4, 1518.69
1775288863, 2565, 58, 371, 0, 0, 0.54%, 1, 0, 4, 1508.47
1775288868, 2565, 101, 371, 0, 0, 0.54%, 1, 0, 4, 1444.28
1775288874, 2565, 152, 371, 0, 0, 0.54%, 1, 0, 4, 1462.22
1775288879, 2565, 233, 371, 0, 0, 0.54%, 1, 0, 4, 1447.56
1775288884, 2565, 275, 371, 0, 0, 0.54%, 1, 0, 4, 1320.43
1775288889, 2565, 368, 371, 0, 0, 0.54%, 1, 0, 4, 1131.48
1775288894, 2566, 33, 371, 0, 0, 0.54%, 1, 0, 4, 1418.79
1775288899, 2566, 91, 371, 0, 0, 0.54%, 1, 0, 4, 1371.03
1775288904, 2566, 149, 371, 0, 0, 0.54%, 1, 0, 4, 1432.66
1775288909, 2566, 261, 371, 0, 0, 0.54%, 1, 0, 4, 1431.98
1775288915, 2566, 276, 371, 0, 0, 0.54%, 1, 0, 4, 1437.16
1775288920, 2567, 9, 371, 0, 0, 0.54%, 1, 0, 4, 1364.74
1775288925, 2567, 62, 371, 0, 0, 0.54%, 1, 0, 4, 1480.75
1775288930, 2567, 102, 371, 0, 0, 0.54%, 1, 0, 4, 1464.34
1775288935, 2567, 219, 371, 0, 0, 0.54%, 1, 0, 4, 1414.12
1775288940, 2567, 274, 371, 0, 0, 0.54%, 1, 0, 4, 1421.14
1775288945, 2567, 328, 371, 0, 0, 0.54%, 1, 0, 4, 1208.79
1775288950, 2568, 31, 371, 0, 0, 0.54%, 1, 0, 4, 1420.06
1775288955, 2568, 63, 371, 0, 0, 0.54%, 1, 0, 4, 1305.09
1775288960, 2568, 107, 371, 0, 0, 0.54%, 1, 0, 4, 1491.46
1775288965, 2568, 210, 371, 0, 0, 0.54%, 1, 0, 4, 1319.92
1775288970, 2568, 275, 371, 0, 0, 0.54%, 1, 0, 4, 1438.97
1775288975, 2568, 316, 371, 0, 0, 0.54%, 1, 0, 4, 990.58
1775288981, 2569, 29, 371, 0, 0, 0.54%, 1, 0, 4, 1252.63
1775288986, 2569, 68, 371, 0, 0, 0.54%, 1, 0, 4, 1451.77
1775288991, 2569, 147, 371, 0, 0, 0.54%, 1, 0, 4, 1491.42
1775288996, 2569, 208, 371, 0, 0, 0.54%, 1, 0, 4, 1472.21
1775289001, 2569, 265, 371, 0, 0, 0.54%, 1, 0, 4, 1403.32
1775289006, 2569, 327, 371, 0, 0, 0.54%, 1, 0, 4, 1286.20
1775289011, 2570, 31, 371, 0, 0, 0.54%, 1, 0, 4, 1391.90
1775289016, 2570, 83, 371, 0, 0, 0.54%, 1, 0, 4, 1578.92
1775289021, 2570, 168, 371, 0, 0, 0.54%, 1, 0, 4, 1503.37
1775289027, 2570, 225, 371, 0, 0, 0.54%, 1, 0, 4, 1469.32
1775289032, 2570, 275, 371, 0, 0, 0.54%, 1, 0, 4, 1326.59
1775289037, 2571, 30, 371, 0, 0, 0.54%, 1, 0, 4, 1401.01
1775289042, 2571, 73, 371, 0, 0, 0.54%, 1, 0, 4, 1517.35
1775289047, 2571, 110, 371, 0, 0, 0.54%, 1, 0, 4, 1420.91
1775289052, 2571, 211, 371, 0, 0, 0.54%, 1, 0, 4, 1380.16
1775289057, 2571, 275, 371, 0, 0, 0.54%, 1, 0, 4, 1463.03
1775289062, 2571, 370, 371, 0, 0, 0.54%, 1, 0, 4, 1339.23
1775289067, 2572, 38, 371, 0, 0, 0.54%, 1, 0, 4, 1480.19
1775289072, 2572, 101, 371, 0, 0, 0.54%, 1, 0, 4, 1418.94
1775289077, 2572, 261, 371, 0, 0, 0.54%, 1, 0, 4, 1447.02
1775289082, 2572, 282, 371, 0, 0, 0.54%, 1, 0, 4, 1413.32
1775289087, 2573, 9, 371, 0, 0, 0.54%, 1, 0, 4, 1433.99
1775289092, 2573, 58, 371, 0, 0, 0.54%, 1, 0, 4, 1497.99
1775289098, 2573, 107, 371, 0, 0, 0.54%, 1, 0, 4, 1673.11
1775289103, 2573, 261, 371, 0, 0, 0.54%, 1, 0, 4, 1406.89
1775289108, 2573, 322, 371, 0, 0, 0.54%, 1, 0, 4, 1324.66
1775289113, 2574, 29, 371, 0, 0, 0.54%, 1, 0, 4, 1423.24
1775289118, 2574, 63, 371, 0, 0, 0.54%, 1, 0, 4, 1536.18
1775289123, 2574, 101, 371, 0, 0, 0.54%, 1, 0, 4, 1518.30
1775289128, 2574, 184, 371, 0, 0, 0.54%, 1, 0, 4, 1450.23
1775289133, 2574, 261, 371, 0, 0, 0.54%, 1, 0, 4, 1365.81
1775289138, 2574, 295, 371, 0, 0, 0.54%, 1, 0, 4, 1275.41
1775289143, 2575, 31, 371, 0, 0, 0.54%, 1, 0, 4, 1315.33
1775289149, 2575, 101, 371, 0, 0, 0.54%, 1, 0, 4, 1437.09
1775289154, 2575, 155, 371, 0, 0, 0.54%, 1, 0, 4, 1479.63
1775289159, 2575, 251, 371, 0, 0, 0.54%, 1, 0, 4, 1450.66
1775289164, 2575, 286, 371, 0, 0, 0.54%, 1, 0, 4, 1704.26
1775289169, 2576, 27, 371, 0, 0, 0.54%, 1, 0, 4, 1433.07
1775289174, 2576, 58, 371, 0, 0, 0.54%, 1, 0, 4, 1533.73
1775289179, 2576, 89, 371, 0, 0, 0.54%, 1, 0, 4, 1455.81
1775289184, 2576, 131, 371, 0, 0, 0.54%, 1, 0, 4, 1518.82
1775289189, 2576, 247, 371, 0, 0, 0.54%, 1, 0, 4, 1545.52
1775289194, 2576, 275, 371, 0, 0, 0.54%, 1, 0, 4, 1523.74
1775289199, 2577, 29, 371, 0, 0, 0.54%, 1, 0, 4, 1469.16
1775289205, 2577, 64, 371, 0, 0, 0.54%, 1, 0, 4, 1549.27
1775289210, 2577, 147, 371, 0, 0, 0.54%, 1, 0, 4, 1448.58
1775289215, 2577, 227, 371, 0, 0, 0.54%, 1, 0, 4, 1348.37
1775289220, 2577, 274, 371, 0, 0, 0.54%, 1, 0, 4, 1365.58
1775289225, 2578, 9, 371, 0, 0, 0.54%, 1, 0, 4, 1342.70
1775289230, 2578, 60, 371, 0, 0, 0.54%, 1, 0, 4, 1560.48
1775289235, 2578, 103, 371, 0, 0, 0.54%, 1, 0, 4, 1537.29
1775289240, 2578, 236, 371, 0, 0, 0.54%, 1, 0, 4, 1511.46
1775289245, 2578, 276, 371, 0, 0, 0.54%, 1, 0, 4, 1404.55
1775289251, 2578, 367, 371, 0, 0, 0.54%, 1, 0, 4, 1453.79
1775289256, 2579, 9, 371, 0, 0, 0.54%, 1, 0, 4, 1286.41
1775289261, 2579, 33, 371, 0, 0, 0.54%, 1, 0, 4, 1425.80
1775289266, 2579, 101, 371, 0, 0, 0.54%, 1, 0, 4, 1478.88
1775289271, 2579, 158, 371, 0, 0, 0.54%, 1, 0, 4, 1446.27
1775289276, 2579, 274, 371, 0, 0, 0.54%, 1, 0, 4, 1462.11
1775289281, 2580, 9, 371, 0, 0, 0.54%, 1, 0, 4, 1456.34
1775289286, 2580, 49, 371, 0, 0, 0.54%, 1, 0, 4, 1414.85
1775289291, 2580, 80, 371, 0, 0, 0.54%, 1, 0, 4, 1208.22
1775289296, 2580, 159, 371, 0, 0, 0.54%, 1, 0, 4, 498.36
1775289302, 2580, 265, 371, 0, 0, 0.54%, 1, 0, 4, 1266.66
1775289307, 2580, 354, 371, 0, 0, 0.54%, 1, 0, 4, 1309.22
1775289312, 2581, 31, 371, 0, 0, 0.54%, 1, 0, 4, 1215.81
1775289317, 2581, 75, 371, 0, 0, 0.54%, 1, 0, 4, 1454.97
1775289322, 2581, 131, 371, 0, 0, 0.54%, 1, 0, 4, 1423.57
1775289327, 2581, 274, 371, 0, 0, 0.54%, 1, 0, 4, 1349.39
1775289332, 2582, 9, 371, 0, 0, 0.54%, 1, 0, 4, 1386.98
1775289338, 2582, 58, 371, 0, 0, 0.54%, 1, 0, 4, 1355.28
1775289343, 2582, 103, 371, 0, 0, 0.54%, 1, 0, 4, 1366.45
1775289348, 2582, 178, 371, 0, 0, 0.54%, 1, 0, 4, 1313.26
1775289353, 2582, 276, 371, 0, 0, 0.54%, 1, 0, 4, 1382.78
1775289358, 2583, 29, 371, 0, 0, 0.54%, 1, 0, 4, 1426.76
1775289363, 2583, 55, 371, 0, 0, 0.54%, 1, 0, 4, 1407.86
1775289368, 2583, 108, 371, 0, 0, 0.54%, 1, 0, 4, 1447.51
1775289373, 2583, 232, 371, 0, 0, 0.54%, 1, 0, 4, 1494.22
1775289378, 2583, 275, 371, 0, 0, 0.54%, 1, 0, 4, 1475.17
1775289383, 2584, 9, 371, 0, 0, 0.54%, 1, 0, 4, 1484.29
1775289388, 2584, 40, 371, 0, 0, 0.54%, 1, 0, 4, 1462.69
1775289393, 2584, 101, 371, 0, 0, 0.54%, 1, 0, 4, 1381.00
1775289399, 2584, 233, 371, 0, 0, 0.54%, 1, 0, 4, 1369.09
1775289404, 2584, 276, 371, 0, 0, 0.54%, 1, 0, 4, 1466.24
1775289409, 2584, 366, 371, 0, 0, 0.54%, 1, 0, 4, 1382.40
1775289414, 2585, 33, 371, 0, 0, 0.54%, 1, 0, 4, 1471.67
1775289419, 2585, 103, 371, 0, 0, 0.54%, 1, 0, 4, 1457.61
1775289424, 2585, 205, 371, 0, 0, 0.54%, 1, 0, 4, 1434.58
1775289429, 2585, 275, 371, 0, 0, 0.54%, 1, 0, 4, 1442.28
1775289434, 2586, 31, 371, 0, 0, 0.54%, 1, 0, 4, 1359.47
1775289439, 2586, 64, 371, 0, 0, 0.54%, 1, 0, 4, 1411.10
1775289445, 2586, 209, 371, 0, 0, 0.54%, 1, 0, 4, 1474.54
1775289450, 2586, 265, 371, 0, 0, 0.54%, 1, 0, 4, 1397.09
1775289455, 2586, 322, 371, 0, 0, 0.54%, 1, 0, 4, 1296.48
1775289460, 2587, 29, 371, 0, 0, 0.54%, 1, 0, 4, 1501.52
1775289465, 2587, 89, 371, 0, 0, 0.54%, 1, 0, 4, 1443.78
1775289470, 2587, 183, 371, 0, 0, 0.54%, 1, 0, 4, 1413.34
1775289475, 2587, 265, 371, 0, 0, 0.54%, 1, 0, 4, 1342.08
1775289480, 2587, 353, 371, 0, 0, 0.54%, 1, 0, 4, 1324.60
1775289485, 2588, 31, 371, 0, 0, 0.54%, 1, 0, 4, 1334.64
1775289490, 2588, 89, 371, 0, 0, 0.54%, 1, 0, 4, 1434.88
1775289496, 2588, 166, 371, 0, 0, 0.54%, 1, 0, 4, 1440.91
1775289501, 2588, 261, 371, 0, 0, 0.54%, 1, 0, 4, 1420.70
1775289506, 2588, 292, 371, 0, 0, 0.54%, 1, 0, 4, 1391.07
1775289511, 2588, 366, 371, 0, 0, 0.54%, 1, 0, 4, 1427.48
1775289516, 2589, 31, 371, 0, 0, 0.54%, 1, 0, 4, 1386.87
1775289521, 2589, 89, 371, 0, 0, 0.54%, 1, 0, 4, 1501.88
1775289526, 2589, 131, 371, 0, 0, 0.54%, 1, 0, 4, 1464.72
1775289531, 2589, 226, 371, 0, 0, 0.54%, 1, 0, 4, 1339.87
1775289536, 2589, 293, 371, 0, 0, 0.54%, 1, 0, 4, 1447.87
1775289541, 2590, 9, 371, 0, 0, 0.54%, 1, 0, 4, 1307.43
1775289547, 2590, 58, 371, 0, 0, 0.54%, 1, 0, 4, 1443.85
1775289552, 2590, 97, 371, 0, 0, 0.54%, 1, 0, 4, 1278.54
1775289557, 2590, 242, 371, 0, 0, 0.54%, 1, 0, 4, 1405.18
1775289562, 2590, 275, 371, 0, 0, 0.54%, 1, 0, 4, 1428.62
1775289567, 2591, 0, 371, 0, 0, 0.54%, 1, 0, 4, 1266.16
1775289572, 2591, 29, 371, 0, 0, 0.54%, 1, 0, 4, 1411.00
1775289577, 2591, 68, 371, 0, 0, 0.54%, 1, 0, 4, 1513.24
1775289582, 2591, 110, 371, 0, 0, 0.54%, 1, 0, 4, 1333.21
1775289587, 2591, 261, 371, 0, 0, 0.54%, 1, 0, 4, 1376.60
1775289593, 2591, 274, 371, 0, 0, 0.54%, 1, 0, 4, 1377.59
1775289598, 2591, 342, 371, 0, 0, 0.54%, 1, 0, 4, 1216.15
1775289603, 2592, 33, 371, 0, 0, 0.54%, 1, 0, 4, 1421.46
1775289608, 2592, 89, 371, 0, 0, 0.54%, 1, 0, 4, 1500.78
1775289613, 2592, 137, 371, 0, 0, 0.54%, 1, 0, 4, 1480.24
1775289618, 2592, 265, 371, 0, 0, 0.54%, 1, 0, 4, 1433.58
1775289623, 2592, 322, 371, 0, 0, 0.54%, 1, 0, 4, 1324.76
1775289628, 2593, 13, 371, 0, 0, 0.54%, 1, 0, 4, 1322.56
1775289633, 2593, 63, 371, 0, 0, 0.54%, 1, 0, 4, 1393.58
1775289638, 2593, 108, 371, 0, 0, 0.54%, 1, 0, 4, 1457.38
1775289644, 2593, 215, 371, 0, 0, 0.54%, 1, 0, 4, 1313.23
1775289649, 2593, 276, 371, 0, 0, 0.54%, 1, 0, 4, 1415.55
1775289654, 2594, 23, 371, 0, 0, 0.54%, 1, 0, 4, 1443.73
1775289659, 2594, 57, 371, 0, 0, 0.54%, 1, 0, 4, 1481.25
1775289664, 2594, 101, 371, 0, 0, 0.54%, 1, 0, 4, 1534.75
1775289669, 2594, 157, 371, 0, 0, 0.54%, 1, 0, 4, 1499.37
1775289674, 2594, 249, 371, 0, 0, 0.54%, 1, 0, 4, 707.22
1775289679, 2594, 279, 371, 0, 0, 0.54%, 1, 0, 4, 1188.28
1775289684, 2595, 9, 371, 0, 0, 0.54%, 1, 0, 4, 1310.72
1775289689, 2595, 26, 371, 0, 0, 0.54%, 1, 0, 4, 1387.74
1775289694, 2595, 63, 371, 0, 0, 0.54%, 1, 0, 4, 1418.98
1775289699, 2595, 128, 371, 0, 0, 0.54%, 1, 0, 4, 1345.97
1775289704, 2595, 178, 371, 0, 0, 0.54%, 1, 0, 4, 1430.38
1775289710, 2595, 199, 371, 0, 0, 0.54%, 1, 0, 4, 1190.39
1775289715, 2595, 276, 371, 0, 0, 0.54%, 1, 0, 4, 1326.03
1775289720, 2595, 364, 371, 0, 0, 0.54%, 1, 0, 4, 1185.79
1775289725, 2596, 29, 371, 0, 0, 0.54%, 1, 0, 4, 1307.82
1775289730, 2596, 89, 371, 0, 0, 0.54%, 1, 0, 4, 1471.93
1775289735, 2596, 192, 371, 0, 0, 0.54%, 1, 0, 4, 1445.35
1775289740, 2596, 267, 371, 0, 0, 0.54%, 1, 0, 4, 1474.82
1775289745, 2596, 319, 371, 0, 0, 0.54%, 1, 0, 4, 1324.30
1775289750, 2597, 31, 371, 0, 0, 0.54%, 1, 0, 4, 1366.29
1775289755, 2597, 89, 371, 0, 0, 0.54%, 1, 0, 4, 1525.06
1775289760, 2597, 108, 371, 0, 0, 0.54%, 1, 0, 4, 1588.15
1775289765, 2597, 231, 371, 0, 0, 0.54%, 1, 0, 4, 1469.02
1775289771, 2597, 275, 371, 0, 0, 0.54%, 1, 0, 4, 1511.66
1775289776, 2598, 9, 371, 0, 0, 0.54%, 1, 0, 4, 1379.58
1775289781, 2598, 63, 371, 0, 0, 0.54%, 1, 0, 4, 1525.81
1775289786, 2598, 108, 371, 0, 0, 0.54%, 1, 0, 4, 1418.18
1775289791, 2598, 274, 371, 0, 0, 0.54%, 1, 0, 4, 1505.64
1775289796, 2599, 24, 371, 0, 0, 0.54%, 1, 0, 4, 1464.64
1775289801, 2599, 65, 371, 0, 0, 0.54%, 1, 0, 4, 1482.31
1775289806, 2599, 93, 371, 0, 0, 0.54%, 1, 0, 4, 1260.29
1775289811, 2599, 108, 371, 0, 0, 0.54%, 1, 0, 4, 1418.63
1775289816, 2599, 184, 371, 0, 0, 0.54%, 1, 0, 4, 1430.80
1775289822, 2599, 265, 371, 0, 0, 0.54%, 1, 0, 4, 1411.37
1775289827, 2599, 345, 371, 0, 0, 0.54%, 1, 0, 4, 1240.87
1775289832, 2600, 31, 371, 0, 0, 0.54%, 1, 0, 4, 1417.17
1775289837, 2600, 93, 371, 0, 0, 0.54%, 1, 0, 4, 1503.00
1775289842, 2600, 120, 371, 0, 0, 0.54%, 1, 0, 4, 1503.91
1775289847, 2600, 261, 371, 0, 0, 0.54%, 1, 0, 4, 1431.97
1775289852, 2600, 309, 371, 0, 0, 0.54%, 1, 0, 4, 1402.19
1775289857, 2601, 29, 371, 0, 0, 0.54%, 1, 0, 4, 1420.84
1775289862, 2601, 66, 371, 0, 0, 0.54%, 1, 0, 4, 1415.78
1775289867, 2601, 156, 371, 0, 0, 0.54%, 1, 0, 4, 1310.04
1775289873, 2601, 220, 371, 0, 0, 0.54%, 1, 0, 4, 1391.51
1775289878, 2601, 275, 371, 0, 0, 0.54%, 1, 0, 4, 1441.25
1775289883, 2601, 336, 371, 0, 0, 0.54%, 1, 0, 4, 1368.45
1775289888, 2602, 30, 371, 0, 0, 0.54%, 1, 0, 4, 1388.31
1775289893, 2602, 64, 371, 0, 0, 0.54%, 1, 0, 4, 1421.65
1775289898, 2602, 105, 371, 0, 0, 0.54%, 1, 0, 4, 1014.28
1775289903, 2602, 178, 371, 0, 0, 0.54%, 1, 0, 4, 1341.22
1775289908, 2602, 255, 371, 0, 0, 0.54%, 1, 0, 4, 1438.45
1775289914, 2602, 275, 371, 0, 0, 0.54%, 1, 0, 4, 1331.73
1775289919, 2603, 0, 371, 0, 0, 0.54%, 1, 0, 4, 1323.82
1775289924, 2603, 31, 371, 0, 0, 0.54%, 1, 0, 4, 1523.47
1775289929, 2603, 77, 371, 0, 0, 0.54%, 1, 0, 4, 1479.51
1775289934, 2603, 173, 371, 0, 0, 0.54%, 1, 0, 4, 1388.62
1775289939, 2603, 265, 371, 0, 0, 0.54%, 1, 0, 4, 1387.13
1775289944, 2603, 326, 371, 0, 0, 0.54%, 1, 0, 4, 1303.96
1775289949, 2604, 28, 371, 0, 0, 0.54%, 1, 0, 4, 1376.26
1775289954, 2604, 51, 371, 0, 0, 0.54%, 1, 0, 4, 1298.14
1775289959, 2604, 103, 371, 0, 0, 0.54%, 1, 0, 4, 1439.50
1775289964, 2604, 167, 371, 0, 0, 0.54%, 1, 0, 4, 1416.88
1775289970, 2604, 204, 371, 0, 0, 0.54%, 1, 0, 4, 1462.97
1775289975, 2604, 284, 371, 0, 0, 0.54%, 1, 0, 4, 1338.31
1775289980, 2605, 9, 371, 0, 0, 0.54%, 1, 0, 4, 1284.51
1775289985, 2605, 39, 371, 0, 0, 0.54%, 1, 0, 4, 1455.94
1775289990, 2605, 101, 371, 0, 0, 0.54%, 1, 0, 4, 1515.37
1775289995, 2605, 170, 371, 0, 0, 0.54%, 1, 0, 4, 1397.96
1775290000, 2605, 274, 371, 0, 0, 0.54%, 1, 0, 4, 1370.07
1775290005, 2605, 365, 371, 0, 0, 0.54%, 1, 0, 4, 1272.06
1775290010, 2606, 12, 371, 0, 0, 0.54%, 1, 0, 4, 1406.70
1775290015, 2606, 58, 371, 0, 0, 0.54%, 1, 0, 4, 1529.42
1775290020, 2606, 101, 371, 0, 0, 0.54%, 1, 0, 4, 1445.39
1775290026, 2606, 193, 371, 0, 0, 0.54%, 1, 0, 4, 1468.43
1775290031, 2606, 322, 371, 0, 0, 0.54%, 1, 0, 4, 1454.85
1775290036, 2607, 9, 371, 0, 0, 0.54%, 1, 0, 4, 1583.65
1775290041, 2607, 33, 371, 0, 0, 0.54%, 1, 0, 4, 1483.58
1775290046, 2607, 72, 371, 0, 0, 0.54%, 1, 0, 4, 1517.77
1775290051, 2607, 145, 371, 0, 0, 0.54%, 1, 0, 4, 1301.32
1775290056, 2607, 261, 371, 0, 0, 0.54%, 1, 0, 4, 1512.59
1775290061, 2607, 276, 371, 0, 0, 0.54%, 1, 0, 4, 1421.02
1775290066, 2608, 9, 371, 0, 0, 0.54%, 1, 0, 4, 1316.30
1775290072, 2608, 57, 371, 0, 0, 0.54%, 1, 0, 4, 1493.70
1775290077, 2608, 101, 371, 0, 0, 0.54%, 1, 0, 4, 1512.68
1775290082, 2608, 160, 371, 0, 0, 0.54%, 1, 0, 4, 1564.08
1775290087, 2608, 250, 371, 0, 0, 0.54%, 1, 0, 4, 1525.66
1775290092, 2608, 290, 371, 0, 0, 0.54%, 1, 0, 4, 1456.53
1775290097, 2609, 29, 371, 0, 0, 0.54%, 1, 0, 4, 1425.75
1775290102, 2609, 58, 371, 0, 0, 0.54%, 1, 0, 4, 1465.42
1775290107, 2609, 116, 371, 0, 0, 0.54%, 1, 0, 4, 1584.56
1775290112, 2609, 206, 371, 0, 0, 0.54%, 1, 0, 4, 1568.31
1775290117, 2609, 275, 371, 0, 0, 0.54%, 1, 0, 4, 1536.81
1775290122, 2609, 360, 371, 0, 0, 0.54%, 1, 0, 4, 1331.53
1775290127, 2610, 58, 371, 0, 0, 0.54%, 1, 0, 4, 1441.30
1775290133, 2610, 108, 371, 0, 0, 0.54%, 1, 0, 4, 1412.09
1775290138, 2610, 265, 371, 0, 0, 0.54%, 1, 0, 4, 1508.81
1775290143, 2611, 9, 371, 0, 0, 0.54%, 1, 0, 4, 1414.71
1775290148, 2611, 56, 371, 0, 0, 0.54%, 1, 0, 4, 1162.97
1775290153, 2611, 108, 371, 0, 0, 0.54%, 1, 0, 4, 1400.11
1775290158, 2611, 248, 371, 0, 0, 0.54%, 1, 0, 4, 1478.15
1775290163, 2611, 286, 371, 0, 0, 0.54%, 1, 0, 4, 1414.36
1775290168, 2611, 370, 371, 0, 0, 0.54%, 1, 0, 4, 1321.43
1775290173, 2612, 29, 371, 0, 0, 0.54%, 1, 0, 4, 1472.59
1775290178, 2612, 83, 371, 0, 0, 0.54%, 1, 0, 4, 1469.58
1775290183, 2612, 173, 371, 0, 0, 0.54%, 1, 0, 4, 1415.84
1775290189, 2612, 274, 371, 0, 0, 0.54%, 1, 0, 4, 1462.14
1775290194, 2613, 9, 371, 0, 0, 0.54%, 1, 0, 4, 1414.69
1775290199, 2613, 66, 371, 0, 0, 0.54%, 1, 0, 4, 1450.45
1775290204, 2613, 103, 371, 0, 0, 0.54%, 1, 0, 4, 1440.91
1775290209, 2613, 216, 371, 0, 0, 0.54%, 1, 0, 4, 1425.83
1775290214, 2613, 274, 371, 0, 0, 0.54%, 1, 0, 4, 1442.30
1775290219, 2613, 369, 371, 0, 0, 0.54%, 1, 0, 4, 1392.75
1775290224, 2614, 29, 371, 0, 0, 0.54%, 1, 0, 4, 1486.01
1775290229, 2614, 89, 371, 0, 0, 0.54%, 1, 0, 4, 1466.78
1775290234, 2614, 111, 371, 0, 0, 0.54%, 1, 0, 4, 1253.15
1775290239, 2614, 246, 371, 0, 0, 0.54%, 1, 0, 4, 1418.40
1775290245, 2614, 284, 371, 0, 0, 0.54%, 1, 0, 4, 1369.04
1775290250, 2615, 31, 371, 0, 0, 0.54%, 1, 0, 4, 1358.31
1775290255, 2615, 64, 371, 0, 0, 0.54%, 1, 0, 4, 1426.25
1775290260, 2615, 204, 371, 0, 0, 0.54%, 1, 0, 4, 1426.47
1775290265, 2615, 265, 371, 0, 0, 0.54%, 1, 0, 4, 1411.68
1775290270, 2616, 9, 371, 0, 0, 0.54%, 1, 0, 4, 1398.55
1775290275, 2616, 53, 371, 0, 0, 0.54%, 1, 0, 4, 1390.28
1775290280, 2616, 97, 371, 0, 0, 0.54%, 1, 0, 4, 1356.06
1775290285, 2616, 159, 371, 0, 0, 0.54%, 1, 0, 4, 1093.08
1775290290, 2616, 261, 371, 0, 0, 0.54%, 1, 0, 4, 1303.63
1775290295, 2616, 278, 371, 0, 0, 0.54%, 1, 0, 4, 1410.39
1775290300, 2617, 15, 371, 0, 0, 0.54%, 1, 0, 4, 1390.63
1775290305, 2617, 63, 371, 0, 0, 0.54%, 1, 0, 4, 1591.35
1775290311, 2617, 128, 371, 0, 0, 0.54%, 1, 0, 4, 1540.78
1775290316, 2617, 258, 371, 0, 0, 0.54%, 1, 0, 4, 1418.04
1775290321, 2617, 275, 371, 0, 0, 0.54%, 1, 0, 4, 1512.42
1775290326, 2618, 1, 371, 0, 0, 0.54%, 1, 0, 4, 1269.75
1775290331, 2618, 58, 371, 0, 0, 0.54%, 1, 0, 4, 1451.90
1775290336, 2618, 108, 371, 0, 0, 0.54%, 1, 0, 4, 1442.83
1775290341, 2618, 212, 371, 0, 0, 0.54%, 1, 0, 4, 1461.86
1775290346, 2618, 275, 371, 0, 0, 0.54%, 1, 0, 4, 1500.86
1775290351, 2618, 358, 371, 0, 0, 0.54%, 1, 0, 4, 1270.76
1775290357, 2619, 29, 371, 0, 0, 0.54%, 1, 0, 4, 1584.33
1775290362, 2619, 39, 371, 0, 0, 0.54%, 1, 0, 4, 1374.87
1775290367, 2619, 84, 371, 0, 0, 0.54%, 1, 0, 4, 1285.58
1775290372, 2619, 112, 371, 0, 0, 0.54%, 1, 0, 4, 1507.89
1775290377, 2619, 215, 371, 0, 0, 0.54%, 1, 0, 4, 1478.10
1775290382, 2619, 275, 371, 0, 0, 0.54%, 1, 0, 4, 1513.41
1775290387, 2620, 2, 371, 0, 0, 0.54%, 1, 0, 4, 1328.27
1775290392, 2620, 33, 371, 0, 0, 0.54%, 1, 0, 4, 1440.82
1775290397, 2620, 104, 371, 0, 0, 0.54%, 1, 0, 4, 1522.54
1775290402, 2620, 256, 371, 0, 0, 0.54%, 1, 0, 4, 1286.98
1775290407, 2620, 288, 371, 0, 0, 0.54%, 1, 0, 4, 1403.21
1775290413, 2621, 29, 371, 0, 0, 0.54%, 1, 0, 4, 1308.89
1775290418, 2621, 89, 371, 0, 0, 0.54%, 1, 0, 4, 1478.16
1775290423, 2621, 133, 371, 0, 0, 0.54%, 1, 0, 4, 1466.15
1775290428, 2621, 274, 371, 0, 0, 0.54%, 1, 0, 4, 1541.06
1775290433, 2621, 358, 371, 0, 0, 0.54%, 1, 0, 4, 1285.66
1775290438, 2622, 31, 371, 0, 0, 0.54%, 1, 0, 4, 1306.18
1775290443, 2622, 78, 371, 0, 0, 0.54%, 1, 0, 4, 1413.34
1775290449, 2622, 121, 371, 0, 0, 0.54%, 1, 0, 4, 1505.61
1775290454, 2622, 226, 371, 0, 0, 0.54%, 1, 0, 4, 1524.95
1775290459, 2622, 275, 371, 0, 0, 0.54%, 1, 0, 4, 1477.90
1775290464, 2623, 10, 371, 0, 0, 0.54%, 1, 0, 4, 1372.69
1775290469, 2623, 58, 371, 0, 0, 0.54%, 1, 0, 4, 1346.11
1775290474, 2623, 101, 371, 0, 0, 0.54%, 1, 0, 4, 1404.87
1775290479, 2623, 141, 371, 0, 0, 0.54%, 1, 0, 4, 1473.36
1775290484, 2623, 239, 371, 0, 0, 0.54%, 1, 0, 4, 1391.73
1775290489, 2623, 275, 371, 0, 0, 0.54%, 1, 0, 4, 1545.05
1775290494, 2624, 29, 371, 0, 0, 0.54%, 1, 0, 4, 1465.93
1775290499, 2624, 63, 371, 0, 0, 0.54%, 1, 0, 4, 1462.27
1775290505, 2624, 108, 371, 0, 0, 0.54%, 1, 0, 4, 1423.78
1775290510, 2624, 261, 371, 0, 0, 0.54%, 1, 0, 4, 1416.36
1775290515, 2624, 276, 371, 0, 0, 0.54%, 1, 0, 4, 1355.24
1775290520, 2625, 29, 371, 0, 0, 0.54%, 1, 0, 4, 1459.26
1775290525, 2625, 63, 371, 0, 0, 0.54%, 1, 0, 4, 1369.41
1775290530, 2625, 108, 371, 0, 0, 0.54%, 1, 0, 4, 1441.57
1775290535, 2625, 156, 371, 0, 0, 0.54%, 1, 0, 4, 1451.14
1775290540, 2625, 255, 371, 0, 0, 0.54%, 1, 0, 4, 1434.87
1775290546, 2625, 275, 371, 0, 0, 0.54%, 1, 0, 4, 1349.30
1775290551, 2625, 364, 371, 0, 0, 0.54%, 1, 0, 4, 1237.24
1775290556, 2626, 31, 371, 0, 0, 0.54%, 1, 0, 4, 1326.54
1775290561, 2626, 62, 371, 0, 0, 0.54%, 1, 0, 4, 1308.75
1775290566, 2626, 93, 371, 0, 0, 0.54%, 1, 0, 4, 1338.80
1775290571, 2626, 117, 371, 0, 0, 0.54%, 1, 0, 4, 1424.62
1775290576, 2626, 195, 371, 0, 0, 0.54%, 1, 0, 4, 1417.82
1775290581, 2626, 261, 371, 0, 0, 0.54%, 1, 0, 4, 1489.36
1775290586, 2626, 295, 371, 0, 0, 0.54%, 1, 0, 4, 1342.39
1775290592, 2627, 31, 371, 0, 0, 0.54%, 1, 0, 4, 1263.64
1775290597, 2627, 87, 371, 0, 0, 0.54%, 1, 0, 4, 1363.61
1775290602, 2627, 113, 371, 0, 0, 0.54%, 1, 0, 4, 1429.77
1775290607, 2627, 274, 371, 0, 0, 0.54%, 1, 0, 4, 1418.78
1775290612, 2628, 9, 371, 0, 0, 0.54%, 1, 0, 4, 1305.09
1775290617, 2628, 45, 371, 0, 0, 0.54%, 1, 0, 4, 1260.68
1775290622, 2628, 103, 371, 0, 0, 0.54%, 1, 0, 4, 1348.19
1775290627, 2628, 261, 371, 0, 0, 0.54%, 1, 0, 4, 1343.07
1775290632, 2628, 276, 371, 0, 0, 0.54%, 1, 0, 4, 1329.24
1775290637, 2629, 9, 371, 0, 0, 0.54%, 1, 0, 4, 1811.00
1775290643, 2629, 55, 371, 0, 0, 0.54%, 1, 0, 4, 1442.94
1775290648, 2629, 103, 371, 0, 0, 0.54%, 1, 0, 4, 1363.87
1775290653, 2629, 158, 371, 0, 0, 0.54%, 1, 0, 4, 1481.36
1775290658, 2629, 254, 371, 0, 0, 0.54%, 1, 0, 4, 1431.86
1775290663, 2629, 294, 371, 0, 0, 0.54%, 1, 0, 4, 1463.46
1775290668, 2630, 28, 371, 0, 0, 0.54%, 1, 0, 4, 1398.05
1775290673, 2630, 63, 371, 0, 0, 0.54%, 1, 0, 4, 1518.56
1775290678, 2630, 103, 371, 0, 0, 0.54%, 1, 0, 4, 1411.74
1775290684, 2630, 175, 371, 0, 0, 0.54%, 1, 0, 4, 1371.13
1775290689, 2630, 274, 371, 0, 0, 0.54%, 1, 0, 4, 1452.15
1775290694, 2631, 1, 371, 0, 0, 0.54%, 1, 0, 4, 1293.11
1775290699, 2631, 58, 371, 0, 0, 0.54%, 1, 0, 4, 1447.27
1775290704, 2631, 106, 371, 0, 0, 0.54%, 1, 0, 4, 1471.60
1775290709, 2631, 163, 371, 0, 0, 0.54%, 1, 0, 4, 1409.47
1775290714, 2631, 231, 371, 0, 0, 0.54%, 1, 0, 4, 1294.41
1775290719, 2631, 274, 371, 0, 0, 0.54%, 1, 0, 4, 1313.03
1775290724, 2632, 5, 371, 0, 0, 0.54%, 1, 0, 4, 1242.85
1775290729, 2632, 31, 371, 0, 0, 0.54%, 1, 0, 4, 1416.54
1775290734, 2632, 89, 371, 0, 0, 0.54%, 1, 0, 4, 1413.69
1775290739, 2632, 120, 371, 0, 0, 0.54%, 1, 0, 4, 1441.44
1775290745, 2632, 182, 371, 0, 0, 0.54%, 1, 0, 4, 1453.15
1775290750, 2632, 261, 371, 0, 0, 0.54%, 1, 0, 4, 246.38
1775290755, 2632, 282, 371, 0, 0, 0.54%, 1, 0, 4, 1403.86
1775290760, 2633, 29, 371, 0, 0, 0.54%, 1, 0, 4, 1403.73
1775290765, 2633, 64, 371, 0, 0, 0.54%, 1, 0, 4, 1505.55
1775290770, 2633, 115, 371, 0, 0, 0.54%, 1, 0, 4, 1477.37
1775290776, 2633, 275, 371, 0, 0, 0.54%, 1, 0, 4, 1470.38
1775290781, 2634, 9, 371, 0, 0, 0.54%, 1, 0, 4, 1379.08
1775290786, 2634, 33, 371, 0, 0, 0.54%, 1, 0, 4, 1265.34
1775290791, 2634, 94, 371, 0, 0, 0.54%, 1, 0, 4, 1409.64
1775290796, 2634, 159, 371, 0, 0, 0.54%, 1, 0, 4, 1372.79
1775290801, 2634, 274, 371, 0, 0, 0.54%, 1, 0, 4, 1441.55
1775290806, 2635, 9, 371, 0, 0, 0.54%, 1, 0, 4, 1394.59
1775290811, 2635, 58, 371, 0, 0, 0.54%, 1, 0, 4, 1464.37
1775290816, 2635, 108, 371, 0, 0, 0.54%, 1, 0, 4, 1396.36
1775290822, 2635, 207, 371, 0, 0, 0.54%, 1, 0, 4, 1471.25
1775290827, 2635, 275, 371, 0, 0, 0.54%, 1, 0, 4, 1403.94
1775290832, 2635, 322, 371, 0, 0, 0.54%, 1, 0, 4, 1243.75
1775290837, 2636, 29, 371, 0, 0, 0.54%, 1, 0, 4, 1327.05
1775290842, 2636, 64, 371, 0, 0, 0.54%, 1, 0, 4, 1360.87
1775290847, 2636, 131, 371, 0, 0, 0.54%, 1, 0, 4, 1472.54
1775290852, 2636, 209, 371, 0, 0, 0.54%, 1, 0, 4, 1422.74
1775290857, 2636, 275, 371, 0, 0, 0.54%, 1, 0, 4, 1453.98
1775290863, 2637, 16, 371, 0, 0, 0.54%, 1, 0, 4, 232.23
1775290868, 2637, 58, 371, 0, 0, 0.54%, 1, 0, 4, 1520.46
1775290873, 2637, 103, 371, 0, 0, 0.54%, 1, 0, 4, 1451.27
1775290878, 2637, 171, 371, 0, 0, 0.54%, 1, 0, 4, 1378.45
1775290883, 2637, 258, 371, 0, 0, 0.54%, 1, 0, 4, 1434.25
1775290888, 2637, 285, 371, 0, 0, 0.54%, 1, 0, 4, 1383.30
1775290893, 2638, 8, 371, 0, 0, 0.54%, 1, 0, 4, 1355.44
1775290898, 2638, 37, 371, 0, 0, 0.54%, 1, 0, 4, 1490.28
1775290903, 2638, 103, 371, 0, 0, 0.54%, 1, 0, 4, 1478.72
1775290908, 2638, 140, 371, 0, 0, 0.54%, 1, 0, 4, 1421.79
1775290914, 2638, 240, 371, 0, 0, 0.54%, 1, 0, 4, 1499.84
1775290919, 2638, 275, 371, 0, 0, 0.54%, 1, 0, 4, 1442.32
1775290924, 2638, 349, 371, 0, 0, 0.54%, 1, 0, 4, 1375.14
1775290929, 2639, 31, 371, 0, 0, 0.54%, 1, 0, 4, 1293.33
1775290934, 2639, 85, 371, 0, 0, 0.54%, 1, 0, 4, 1414.74
1775290939, 2639, 161, 371, 0, 0, 0.54%, 1, 0, 4, 1256.53
1775290944, 2639, 274, 371, 0, 0, 0.54%, 1, 0, 4, 1415.78
1775290949, 2640, 9, 371, 0, 0, 0.54%, 1, 0, 4, 1350.35
1775290954, 2640, 63, 371, 0, 0, 0.54%, 1, 0, 4, 1524.30
1775290959, 2640, 108, 371, 0, 0, 0.54%, 1, 0, 4, 1463.07
1775290964, 2640, 204, 371, 0, 0, 0.54%, 1, 0, 4, 1527.08
1775290970, 2640, 261, 371, 0, 0, 0.54%, 1, 0, 4, 1440.79
1775290975, 2640, 335, 371, 0, 0, 0.54%, 1, 0, 4, 1283.03
1775290980, 2641, 29, 371, 0, 0, 0.54%, 1, 0, 4, 1431.20
1775290985, 2641, 64, 371, 0, 0, 0.54%, 1, 0, 4, 1553.61
1775290990, 2641, 137, 371, 0, 0, 0.54%, 1, 0, 4, 1511.12
1775290995, 2641, 230, 371, 0, 0, 0.54%, 1, 0, 4, 1468.76
1775291000, 2641, 275, 371, 0, 0, 0.54%, 1, 0, 4, 1413.21
1775291005, 2642, 9, 371, 0, 0, 0.54%, 1, 0, 4, 1327.19
1775291011, 2642, 62, 371, 0, 0, 0.54%, 1, 0, 4, 1455.28
1775291016, 2642, 103, 371, 0, 0, 0.54%, 1, 0, 4, 1421.82
1775291021, 2642, 231, 371, 0, 0, 0.54%, 1, 0, 4, 1430.20
1775291026, 2642, 274, 371, 0, 0, 0.54%, 1, 0, 4, 1432.46
1775291031, 2642, 370, 371, 0, 0, 0.54%, 1, 0, 4, 1509.81
1775291036, 2643, 31, 371, 0, 0, 0.54%, 1, 0, 4, 1465.13
1775291041, 2643, 79, 371, 0, 0, 0.54%, 1, 0, 4, 1483.94
1775291046, 2643, 108, 371, 0, 0, 0.54%, 1, 0, 4, 1369.61
1775291051, 2643, 184, 371, 0, 0, 0.54%, 1, 0, 4, 1483.76
1775291056, 2643, 274, 371, 0, 0, 0.54%, 1, 0, 4, 1441.07
1775291061, 2643, 329, 371, 0, 0, 0.54%, 1, 0, 4, 1419.72
1775291066, 2643, 370, 371, 0, 0, 0.54%, 1, 0, 4, 1281.82
1775291072, 2644, 29, 371, 0, 0, 0.54%, 1, 0, 4, 1323.24
1775291077, 2644, 63, 371, 0, 0, 0.54%, 1, 0, 4, 1397.78
1775291082, 2644, 103, 371, 0, 0, 0.54%, 1, 0, 4, 1294.26
1775291087, 2644, 196, 371, 0, 0, 0.54%, 1, 0, 4, 1422.40
1775291092, 2644, 268, 371, 0, 0, 0.54%, 1, 0, 4, 1506.17
1775291097, 2644, 335, 371, 0, 0, 0.54%, 1, 0, 4, 1389.86
1775291102, 2645, 29, 371, 0, 0, 0.54%, 1, 0, 4, 1431.36
1775291107, 2645, 84, 371, 0, 0, 0.54%, 1, 0, 4, 1477.82
1775291112, 2645, 115, 371, 0, 0, 0.54%, 1, 0, 4, 1492.34
1775291117, 2645, 261, 371, 0, 0, 0.54%, 1, 0, 4, 1443.06
1775291122, 2645, 276, 371, 0, 0, 0.54%, 1, 0, 4, 1278.72
1775291128, 2646, 26, 371, 0, 0, 0.54%, 1, 0, 4, 827.38
1775291133, 2646, 63, 371, 0, 0, 0.54%, 1, 0, 4, 1363.11
1775291138, 2646, 122, 371, 0, 0, 0.54%, 1, 0, 4, 1455.24
1775291143, 2646, 162, 371, 0, 0, 0.54%, 1, 0, 4, 1492.24
1775291148, 2646, 236, 371, 0, 0, 0.54%, 1, 0, 4, 1446.29
1775291153, 2646, 282, 371, 0, 0, 0.54%, 1, 0, 4, 1401.84
1775291158, 2646, 367, 371, 0, 0, 0.54%, 1, 0, 4, 1337.78
1775291163, 2647, 29, 371, 0, 0, 0.54%, 1, 0, 4, 1303.26
1775291168, 2647, 58, 371, 0, 0, 0.54%, 1, 0, 4, 1433.29
1775291173, 2647, 101, 371, 0, 0, 0.54%, 1, 0, 4, 1457.32
1775291178, 2647, 218, 371, 0, 0, 0.54%, 1, 0, 4, 1433.89
1775291184, 2647, 275, 371, 0, 0, 0.54%, 1, 0, 4, 1476.64
1775291189, 2648, 9, 371, 0, 0, 0.54%, 1, 0, 4, 1409.48
1775291194, 2648, 63, 371, 0, 0, 0.54%, 1, 0, 4, 1459.34
1775291199, 2648, 105, 371, 0, 0, 0.54%, 1, 0, 4, 1386.82
1775291204, 2648, 171, 371, 0, 0, 0.54%, 1, 0, 4, 1369.46
1775291209, 2648, 273, 371, 0, 0, 0.54%, 1, 0, 4, 1431.52
1775291214, 2648, 322, 371, 0, 0, 0.54%, 1, 0, 4, 1261.47
1775291219, 2649, 29, 371, 0, 0, 0.54%, 1, 0, 4, 1372.98
1775291224, 2649, 63, 371, 0, 0, 0.54%, 1, 0, 4, 1385.00
1775291229, 2649, 105, 371, 0, 0, 0.54%, 1, 0, 4, 1442.64
1775291234, 2649, 152, 371, 0, 0, 0.54%, 1, 0, 4, 1446.22
1775291239, 2649, 240, 371, 0, 0, 0.54%, 1, 0, 4, 1505.96
1775291245, 2649, 275, 371, 0, 0, 0.54%, 1, 0, 4, 1668.76
1775291250, 2650, 13, 371, 0, 0, 0.54%, 1, 0, 4, 1288.62
1775291255, 2650, 33, 371, 0, 0, 0.54%, 1, 0, 4, 1340.78
1775291260, 2650, 92, 371, 0, 0, 0.54%, 1, 0, 4, 1466.67
1775291265, 2650, 162, 371, 0, 0, 0.54%, 1, 0, 4, 1456.97
1775291270, 2650, 197, 371, 0, 0, 0.54%, 1, 0, 4, 1372.80
1775291275, 2650, 261, 371, 0, 0, 0.54%, 1, 0, 4, 1433.64
1775291280, 2650, 318, 371, 0, 0, 0.54%, 1, 0, 4, 1397.20
1775291285, 2651, 22, 371, 0, 0, 0.54%, 1, 0, 4, 1417.48
1775291290, 2651, 64, 371, 0, 0, 0.54%, 1, 0, 4, 1498.44
1775291295, 2651, 108, 371, 0, 0, 0.54%, 1, 0, 4, 1432.22
1775291300, 2651, 180, 371, 0, 0, 0.54%, 1, 0, 4, 1415.29
1775291305, 2651, 265, 371, 0, 0, 0.54%, 1, 0, 4, 1463.42
1775291310, 2651, 365, 371, 0, 0, 0.54%, 1, 0, 4, 1367.87
1775291315, 2652, 14, 371, 0, 0, 0.54%, 1, 0, 4, 1278.63
1775291321, 2652, 66, 371, 0, 0, 0.54%, 1, 0, 4, 1441.38
1775291326, 2652, 103, 371, 0, 0, 0.54%, 1, 0, 4, 1386.41
1775291331, 2652, 201, 371, 0, 0, 0.54%, 1, 0, 4, 1430.24
1775291336, 2652, 261, 371, 0, 0, 0.54%, 1, 0, 4, 1414.78
1775291341, 2652, 290, 371, 0, 0, 0.54%, 1, 0, 4, 1322.81
1775291346, 2653, 12, 371, 0, 0, 0.54%, 1, 0, 4, 1367.41
1775291351, 2653, 63, 371, 0, 0, 0.54%, 1, 0, 4, 1366.38
1775291356, 2653, 108, 371, 0, 0, 0.54%, 1, 0, 4, 1478.89
1775291362, 2653, 232, 371, 0, 0, 0.54%, 1, 0, 4, 1388.20
1775291367, 2653, 274, 371, 0, 0, 0.54%, 1, 0, 4, 1401.16
1775291372, 2654, 7, 371, 0, 0, 0.54%, 1, 0, 4, 1317.55
1775291377, 2654, 45, 371, 0, 0, 0.54%, 1, 0, 4, 1445.40
1775291382, 2654, 91, 371, 0, 0, 0.54%, 1, 0, 4, 1520.09
1775291387, 2654, 153, 371, 0, 0, 0.54%, 1, 0, 4, 1530.90
1775291392, 2654, 261, 371, 0, 0, 0.54%, 1, 0, 4, 1526.07
1775291397, 2654, 298, 371, 0, 0, 0.54%, 1, 0, 4, 1473.05
1775291402, 2655, 31, 371, 0, 0, 0.54%, 1, 0, 4, 1426.23
1775291407, 2655, 86, 371, 0, 0, 0.54%, 1, 0, 4, 1437.75
1775291413, 2655, 144, 371, 0, 0, 0.54%, 1, 0, 4, 1455.92
1775291418, 2655, 183, 371, 0, 0, 0.54%, 1, 0, 4, 1479.34
1775291423, 2655, 274, 371, 0, 0, 0.54%, 1, 0, 4, 1519.88
1775291428, 2655, 319, 371, 0, 0, 0.54%, 1, 0, 4, 1316.10
1775291433, 2656, 29, 371, 0, 0, 0.54%, 1, 0, 4, 1441.16
1775291438, 2656, 65, 371, 0, 0, 0.54%, 1, 0, 4, 1557.13
1775291443, 2656, 129, 371, 0, 0, 0.54%, 1, 0, 4, 1459.51
1775291448, 2656, 261, 371, 0, 0, 0.54%, 1, 0, 4, 1516.67
1775291453, 2656, 297, 371, 0, 0, 0.54%, 1, 0, 4, 1403.52
1775291458, 2657, 16, 371, 0, 0, 0.54%, 1, 0, 4, 1501.43
1775291463, 2657, 59, 371, 0, 0, 0.54%, 1, 0, 4, 1528.13
1775291469, 2657, 103, 371, 0, 0, 0.54%, 1, 0, 4, 1471.71
1775291474, 2657, 160, 371, 0, 0, 0.54%, 1, 0, 4, 1443.22
1775291479, 2657, 194, 371, 0, 0, 0.54%, 1, 0, 4, 1369.35
1775291484, 2657, 262, 371, 0, 0, 0.54%, 1, 0, 4, 1450.54
1775291489, 2657, 276, 371, 0, 0, 0.54%, 1, 0, 4, 1349.27
1775291494, 2658, 31, 371, 0, 0, 0.54%, 1, 0, 4, 1403.26
1775291499, 2658, 59, 371, 0, 0, 0.54%, 1, 0, 4, 1492.34
1775291504, 2658, 103, 371, 0, 0, 0.54%, 1, 0, 4, 1438.09
1775291509, 2658, 192, 371, 0, 0, 0.54%, 1, 0, 4, 1524.10
1775291514, 2658, 275, 371, 0, 0, 0.54%, 1, 0, 4, 1498.56
1775291519, 2659, 9, 371, 0, 0, 0.54%, 1, 0, 4, 1271.66
1775291525, 2659, 47, 371, 0, 0, 0.54%, 1, 0, 4, 1379.48
1775291530, 2659, 103, 371, 0, 0, 0.54%, 1, 0, 4, 1431.80
1775291535, 2659, 159, 371, 0, 0, 0.54%, 1, 0, 4, 1422.10
1775291540, 2659, 231, 371, 0, 0, 0.54%, 1, 0, 4, 1466.13
1775291545, 2659, 274, 371, 0, 0, 0.54%, 1, 0, 4, 1343.67
1775291550, 2659, 351, 371, 0, 0, 0.54%, 1, 0, 4, 1219.19
1775291555, 2660, 31, 371, 0, 0, 0.54%, 1, 0, 4, 289.22
1775291560, 2660, 92, 371, 0, 0, 0.54%, 1, 0, 4, 1433.50
1775291565, 2660, 220, 371, 0, 0, 0.54%, 1, 0, 4, 1411.52
1775291570, 2660, 265, 371, 0, 0, 0.54%, 1, 0, 4, 1503.31
1775291576, 2660, 302, 371, 0, 0, 0.54%, 1, 0, 4, 1349.36
1775291581, 2661, 31, 371, 0, 0, 0.54%, 1, 0, 4, 1367.69
1775291586, 2661, 64, 371, 0, 0, 0.54%, 1, 0, 4, 1489.43
1775291591, 2661, 112, 371, 0, 0, 0.54%, 1, 0, 4, 1486.59
1775291596, 2661, 232, 371, 0, 0, 0.54%, 1, 0, 4, 1457.17
1775291601, 2661, 275, 371, 0, 0, 0.54%, 1, 0, 4, 1421.40
1775291606, 2661, 364, 371, 0, 0, 0.54%, 1, 0, 4, 1324.30
1775291611, 2662, 35, 371, 0, 0, 0.54%, 1, 0, 4, 1505.11
1775291616, 2662, 87, 371, 0, 0, 0.54%, 1, 0, 4, 1479.50
1775291621, 2662, 132, 371, 0, 0, 0.54%, 1, 0, 4, 1463.38
1775291627, 2662, 261, 371, 0, 0, 0.54%, 1, 0, 4, 1356.08
1775291632, 2662, 283, 371, 0, 0, 0.54%, 1, 0, 4, 1389.24
1775291637, 2663, 29, 371, 0, 0, 0.54%, 1, 0, 4, 1389.07
1775291642, 2663, 68, 371, 0, 0, 0.54%, 1, 0, 4, 1506.53
1775291647, 2663, 105, 371, 0, 0, 0.54%, 1, 0, 4, 1423.22
1775291652, 2663, 232, 371, 0, 0, 0.54%, 1, 0, 4, 1441.34
1775291657, 2663, 274, 371, 0, 0, 0.54%, 1, 0, 4, 1436.10
1775291662, 2663, 333, 371, 0, 0, 0.54%, 1, 0, 4, 1310.27
1775291667, 2664, 31, 371, 0, 0, 0.54%, 1, 0, 4, 1373.33
1775291672, 2664, 69, 371, 0, 0, 0.54%, 1, 0, 4, 1357.45
1775291677, 2664, 108, 371, 0, 0, 0.54%, 1, 0, 4, 1399.12
1775291682, 2664, 209, 371, 0, 0, 0.54%, 1, 0, 4, 1405.12
1775291688, 2664, 275, 371, 0, 0, 0.54%, 1, 0, 4, 1491.12
1775291693, 2664, 322, 371, 0, 0, 0.54%, 1, 0, 4, 1370.83
1775291698, 2665, 48, 371, 0, 0, 0.54%, 1, 0, 4, 1456.36
1775291703, 2665, 102, 371, 0, 0, 0.54%, 1, 0, 4, 1588.30
1775291708, 2665, 208, 371, 0, 0, 0.54%, 1, 0, 4, 1476.02
1775291713, 2665, 261, 371, 0, 0, 0.54%, 1, 0, 4, 1346.14
1775291718, 2665, 278, 371, 0, 0, 0.54%, 1, 0, 4, 1364.04
1775291723, 2666, 58, 371, 0, 0, 0.54%, 1, 0, 4, 1507.83
1775291728, 2666, 108, 371, 0, 0, 0.54%, 1, 0, 4, 1389.14
1775291733, 2666, 261, 371, 0, 0, 0.54%, 1, 0, 4, 1403.35
1775291739, 2666, 322, 371, 0, 0, 0.54%, 1, 0, 4, 1380.83
1775291744, 2667, 33, 371, 0, 0, 0.54%, 1, 0, 4, 1451.68
1775291749, 2667, 103, 371, 0, 0, 0.54%, 1, 0, 4, 1454.27
1775291754, 2667, 257, 371, 0, 0, 0.54%, 1, 0, 4, 1371.83
1775291759, 2667, 276, 371, 0, 0, 0.54%, 1, 0, 4, 1422.91
1775291764, 2668, 6, 371, 0, 0, 0.54%, 1, 0, 4, 1349.30
1775291769, 2668, 33, 371, 0, 0, 0.54%, 1, 0, 4, 1401.22
1775291774, 2668, 68, 371, 0, 0, 0.54%, 1, 0, 4, 1385.90
1775291779, 2668, 132, 371, 0, 0, 0.54%, 1, 0, 4, 1428.18
1775291784, 2668, 189, 371, 0, 0, 0.54%, 1, 0, 4, 1318.60
1775291790, 2668, 267, 371, 0, 0, 0.54%, 1, 0, 4, 1425.87
1775291795, 2668, 322, 371, 0, 0, 0.54%, 1, 0, 4, 1390.16
1775291800, 2669, 31, 371, 0, 0, 0.54%, 1, 0, 4, 1502.77
1775291805, 2669, 89, 371, 0, 0, 0.54%, 1, 0, 4, 1444.63
1775291810, 2669, 186, 371, 0, 0, 0.54%, 1, 0, 4, 1433.25
1775291815, 2669, 267, 371, 0, 0, 0.54%, 1, 0, 4, 1458.46
1775291820, 2669, 314, 371, 0, 0, 0.54%, 1, 0, 4, 1466.91
1775291825, 2670, 29, 371, 0, 0, 0.54%, 1, 0, 4, 1420.55
1775291830, 2670, 75, 371, 0, 0, 0.54%, 1, 0, 4, 1414.76
1775291835, 2670, 190, 371, 0, 0, 0.54%, 1, 0, 4, 1416.02
1775291840, 2670, 274, 371, 0, 0, 0.54%, 1, 0, 4, 1531.01
1775291845, 2671, 9, 371, 0, 0, 0.54%, 1, 0, 4, 1458.92
1775291851, 2671, 45, 371, 0, 0, 0.54%, 1, 0, 4, 1453.33
1775291856, 2671, 103, 371, 0, 0, 0.54%, 1, 0, 4, 1490.97
1775291861, 2671, 195, 371, 0, 0, 0.54%, 1, 0, 4, 1432.22
1775291866, 2671, 274, 371, 0, 0, 0.54%, 1, 0, 4, 1619.16
1775291871, 2671, 304, 371, 0, 0, 0.54%, 1, 0, 4, 1422.35
1775291876, 2672, 31, 371, 0, 0, 0.54%, 1, 0, 4, 1340.78
1775291881, 2672, 89, 371, 0, 0, 0.54%, 1, 0, 4, 1551.33
1775291886, 2672, 108, 371, 0, 0, 0.54%, 1, 0, 4, 1507.17
1775291891, 2672, 234, 371, 0, 0, 0.54%, 1, 0, 4, 1498.66
1775291896, 2672, 318, 371, 0, 0, 0.54%, 1, 0, 4, 1460.71
1775291901, 2673, 9, 371, 0, 0, 0.54%, 1, 0, 4, 1425.62
1775291906, 2673, 33, 371, 0, 0, 0.54%, 1, 0, 4, 1390.14
1775291911, 2673, 89, 371, 0, 0, 0.54%, 1, 0, 4, 1403.98
1775291917, 2673, 212, 371, 0, 0, 0.54%, 1, 0, 4, 1386.37
1775291922, 2673, 244, 371, 0, 0, 0.54%, 1, 0, 4, 1371.68
1775291927, 2673, 287, 371, 0, 0, 0.54%, 1, 0, 4, 1403.08
1775291932, 2674, 13, 371, 0, 0, 0.54%, 1, 0, 4, 236.30
1775291937, 2674, 45, 371, 0, 0, 0.54%, 1, 0, 4, 1418.44
1775291942, 2674, 89, 371, 0, 0, 0.54%, 1, 0, 4, 1469.13
1775291947, 2674, 242, 371, 0, 0, 0.54%, 1, 0, 4, 1457.64
1775291952, 2674, 275, 371, 0, 0, 0.54%, 1, 0, 4, 1458.12
1775291957, 2674, 365, 371, 0, 0, 0.54%, 1, 0, 4, 1199.77
1775291962, 2675, 29, 371, 0, 0, 0.54%, 1, 0, 4, 1430.98
1775291968, 2675, 64, 371, 0, 0, 0.54%, 1, 0, 4, 1488.40
1775291973, 2675, 108, 371, 0, 0, 0.54%, 1, 0, 4, 1445.02
1775291978, 2675, 222, 371, 0, 0, 0.54%, 1, 0, 4, 1553.33
1775291983, 2675, 286, 371, 0, 0, 0.54%, 1, 0, 4, 1391.75
1775291988, 2676, 9, 371, 0, 0, 0.54%, 1, 0, 4, 1260.53
1775291993, 2676, 33, 371, 0, 0, 0.54%, 1, 0, 4, 1479.87
1775291998, 2676, 86, 371, 0, 0, 0.54%, 1, 0, 4, 1409.19
1775292003, 2676, 143, 371, 0, 0, 0.54%, 1, 0, 4, 1430.76
1775292008, 2676, 249, 371, 0, 0, 0.54%, 1, 0, 4, 1678.03
1775292013, 2676, 276, 371, 0, 0, 0.54%, 1, 0, 4, 1364.20
1775292019, 2677, 29, 371, 0, 0, 0.54%, 1, 0, 4, 1206.35
1775292024, 2677, 64, 371, 0, 0, 0.54%, 1, 0, 4, 1387.44
1775292029, 2677, 104, 371, 0, 0, 0.54%, 1, 0, 4, 1301.13
1775292034, 2677, 161, 371, 0, 0, 0.54%, 1, 0, 4, 1403.97
1775292039, 2677, 275, 371, 0, 0, 0.54%, 1, 0, 4, 1396.74
1775292044, 2677, 369, 371, 0, 0, 0.54%, 1, 0, 4, 1329.08
1775292049, 2678, 29, 371, 0, 0, 0.54%, 1, 0, 4, 1388.10
1775292054, 2678, 83, 371, 0, 0, 0.54%, 1, 0, 4, 1472.04
1775292059, 2678, 126, 371, 0, 0, 0.54%, 1, 0, 4, 1542.23
1775292065, 2678, 207, 371, 0, 0, 0.54%, 1, 0, 4, 1415.12
1775292070, 2678, 265, 371, 0, 0, 0.54%, 1, 0, 4, 1363.20
1775292075, 2679, 7, 371, 0, 0, 0.54%, 1, 0, 4, 1409.69
1775292080, 2679, 55, 371, 0, 0, 0.54%, 1, 0, 4, 1428.73
1775292085, 2679, 89, 371, 0, 0, 0.54%, 1, 0, 4, 1416.06
1775292090, 2679, 120, 371, 0, 0, 0.54%, 1, 0, 4, 1396.85
1775292095, 2679, 239, 371, 0, 0, 0.54%, 1, 0, 4, 1355.67
1775292100, 2679, 275, 371, 0, 0, 0.54%, 1, 0, 4, 1408.71
1775292105, 2680, 31, 371, 0, 0, 0.54%, 1, 0, 4, 1414.13
1775292110, 2680, 84, 371, 0, 0, 0.54%, 1, 0, 4, 1420.00
1775292116, 2680, 144, 371, 0, 0, 0.54%, 1, 0, 4, 1388.34
1775292121, 2680, 274, 371, 0, 0, 0.54%, 1, 0, 4, 1447.29
1775292126, 2680, 331, 371, 0, 0, 0.54%, 1, 0, 4, 1282.92
1775292131, 2681, 31, 371, 0, 0, 0.54%, 1, 0, 4, 1419.53
1775292136, 2681, 63, 371, 0, 0, 0.54%, 1, 0, 4, 1441.85
1775292141, 2681, 103, 371, 0, 0, 0.54%, 1, 0, 4, 1420.22
1775292146, 2681, 135, 371, 0, 0, 0.54%, 1, 0, 4, 1551.26
1775292151, 2681, 240, 371, 0, 0, 0.54%, 1, 0, 4, 1496.07
1775292156, 2681, 275, 371, 0, 0, 0.54%, 1, 0, 4, 1348.07
1775292161, 2682, 29, 371, 0, 0, 0.54%, 1, 0, 4, 1346.10
1775292166, 2682, 89, 371, 0, 0, 0.54%, 1, 0, 4, 1487.88
1775292171, 2682, 169, 371, 0, 0, 0.54%, 1, 0, 4, 1306.60
1775292177, 2682, 265, 371, 0, 0, 0.54%, 1, 0, 4, 1436.70
1775292182, 2682, 311, 371, 0, 0, 0.54%, 1, 0, 4, 1398.15
1775292187, 2683, 9, 371, 0, 0, 0.54%, 1, 0, 4, 1208.64
1775292192, 2683, 58, 371, 0, 0, 0.54%, 1, 0, 4, 1370.26
1775292197, 2683, 101, 371, 0, 0, 0.54%, 1, 0, 4, 1548.55
1775292202, 2683, 145, 371, 0, 0, 0.54%, 1, 0, 4, 1470.47
1775292207, 2683, 261, 371, 0, 0, 0.54%, 1, 0, 4, 1332.92
1775292212, 2683, 284, 371, 0, 0, 0.54%, 1, 0, 4, 1315.83
1775292218, 2684, 9, 371, 0, 0, 0.54%, 1, 0, 4, 1432.65
1775292223, 2684, 56, 371, 0, 0, 0.54%, 1, 0, 4, 1412.76
1775292228, 2684, 92, 371, 0, 0, 0.54%, 1, 0, 4, 1400.12
1775292233, 2684, 146, 371, 0, 0, 0.54%, 1, 0, 4, 1360.78
1775292238, 2684, 265, 371, 0, 0, 0.54%, 1, 0, 4, 1479.20
1775292243, 2684, 282, 371, 0, 0, 0.54%, 1, 0, 4, 1347.78
1775292248, 2685, 27, 371, 0, 0, 0.54%, 1, 0, 4, 1402.08
1775292253, 2685, 58, 371, 0, 0, 0.54%, 1, 0, 4, 1433.64
1775292258, 2685, 101, 371, 0, 0, 0.54%, 1, 0, 4, 1492.27
1775292263, 2685, 153, 371, 0, 0, 0.54%, 1, 0, 4, 1526.78
1775292269, 2685, 252, 371, 0, 0, 0.54%, 1, 0, 4, 1524.01
1775292274, 2685, 274, 371, 0, 0, 0.54%, 1, 0, 4, 1533.65
1775292279, 2686, 9, 371, 0, 0, 0.54%, 1, 0, 4, 1503.48
1775292284, 2686, 64, 371, 0, 0, 0.54%, 1, 0, 4, 1501.77
1775292289, 2686, 108, 371, 0, 0, 0.54%, 1, 0, 4, 1491.82
1775292294, 2686, 198, 371, 0, 0, 0.54%, 1, 0, 4, 1335.90
1775292299, 2686, 253, 371, 0, 0, 0.54%, 1, 0, 4, 1388.76
1775292304, 2686, 274, 371, 0, 0, 0.54%, 1, 0, 4, 1473.22
1775292309, 2686, 369, 371, 0, 0, 0.54%, 1, 0, 4, 1328.72
1775292315, 2687, 29, 371, 0, 0, 0.54%, 1, 0, 4, 1349.07
1775292320, 2687, 63, 371, 0, 0, 0.54%, 1, 0, 4, 1406.76
1775292325, 2687, 101, 371, 0, 0, 0.54%, 1, 0, 4, 1368.74
1775292330, 2687, 167, 371, 0, 0, 0.54%, 1, 0, 4, 1495.45
1775292335, 2687, 263, 371, 0, 0, 0.54%, 1, 0, 4, 1433.11
1775292340, 2687, 280, 371, 0, 0, 0.54%, 1, 0, 4, 1407.36
1775292345, 2688, 29, 371, 0, 0, 0.54%, 1, 0, 4, 1291.69
1775292350, 2688, 82, 371, 0, 0, 0.54%, 1, 0, 4, 1539.02
1775292355, 2688, 135, 371, 0, 0, 0.54%, 1, 0, 4, 1367.54
1775292360, 2688, 265, 371, 0, 0, 0.54%, 1, 0, 4, 1423.38
1775292366, 2688, 335, 371, 0, 0, 0.54%, 1, 0, 4, 1315.72
1775292371, 2689, 31, 371, 0, 0, 0.54%, 1, 0, 4, 1420.68
1775292376, 2689, 89, 371, 0, 0, 0.54%, 1, 0, 4, 1423.98
1775292381, 2689, 114, 371, 0, 0, 0.54%, 1, 0, 4, 1431.04
1775292386, 2689, 250, 371, 0, 0, 0.54%, 1, 0, 4, 1322.38
1775292391, 2689, 275, 371, 0, 0, 0.54%, 1, 0, 4, 1462.10
1775292396, 2690, 1, 371, 0, 0, 0.54%, 1, 0, 4, 1161.80
1775292401, 2690, 58, 371, 0, 0, 0.54%, 1, 0, 4, 1498.74
1775292406, 2690, 108, 371, 0, 0, 0.54%, 1, 0, 4, 1358.33
1775292411, 2690, 158, 371, 0, 0, 0.54%, 1, 0, 4, 1405.83
1775292417, 2690, 268, 371, 0, 0, 0.54%, 1, 0, 4, 1412.04
1775292422, 2690, 322, 371, 0, 0, 0.54%, 1, 0, 4, 1274.32
1775292427, 2691, 49, 371, 0, 0, 0.54%, 1, 0, 4, 1432.59
1775292432, 2691, 101, 371, 0, 0, 0.54%, 1, 0, 4, 1408.75
1775292437, 2691, 206, 371, 0, 0, 0.54%, 1, 0, 4, 1492.40
1775292442, 2691, 274, 371, 0, 0, 0.54%, 1, 0, 4, 1559.60
1775292447, 2691, 322, 371, 0, 0, 0.54%, 1, 0, 4, 1310.89
1775292452, 2692, 24, 371, 0, 0, 0.54%, 1, 0, 4, 1310.67
1775292457, 2692, 63, 371, 0, 0, 0.54%, 1, 0, 4, 1490.09
1775292462, 2692, 108, 371, 0, 0, 0.54%, 1, 0, 4, 1518.54
1775292467, 2692, 223, 371, 0, 0, 0.54%, 1, 0, 4, 1271.12
1775292472, 2692, 275, 371, 0, 0, 0.54%, 1, 0, 4, 1308.55
1775292478, 2693, 9, 371, 0, 0, 0.54%, 1, 0, 4, 1339.61
1775292483, 2693, 43, 371, 0, 0, 0.54%, 1, 0, 4, 1478.89
1775292488, 2693, 108, 371, 0, 0, 0.54%, 1, 0, 4, 1457.28
1775292493, 2693, 209, 371, 0, 0, 0.54%, 1, 0, 4, 1465.77
1775292498, 2693, 274, 371, 0, 0, 0.54%, 1, 0, 4, 1532.18
1775292503, 2694, 9, 371, 0, 0, 0.54%, 1, 0, 4, 1368.58
1775292508, 2694, 58, 371, 0, 0, 0.54%, 1, 0, 4, 1446.44
1775292513, 2694, 108, 371, 0, 0, 0.54%, 1, 0, 4, 1470.43
1775292518, 2694, 225, 371, 0, 0, 0.54%, 1, 0, 4, 1395.42
1775292523, 2694, 308, 371, 0, 0, 0.54%, 1, 0, 4, 1459.05
1775292529, 2695, 1, 371, 0, 0, 0.54%, 1, 0, 4, 1467.65
1775292534, 2695, 29, 371, 0, 0, 0.54%, 1, 0, 4, 1399.70
1775292539, 2695, 63, 371, 0, 0, 0.54%, 1, 0, 4, 1542.10
1775292544, 2695, 93, 371, 0, 0, 0.54%, 1, 0, 4, 1464.48
1775292549, 2695, 162, 371, 0, 0, 0.54%, 1, 0, 4, 1441.49
1775292554, 2695, 238, 371, 0, 0, 0.54%, 1, 0, 4, 1348.71
1775292559, 2695, 276, 371, 0, 0, 0.54%, 1, 0, 4, 1445.18
1775292564, 2696, 9, 371, 0, 0, 0.54%, 1, 0, 4, 1357.68
1775292570, 2696, 63, 371, 0, 0, 0.54%, 1, 0, 4, 1500.02
1775292575, 2696, 112, 371, 0, 0, 0.54%, 1, 0, 4, 1397.46
1775292580, 2696, 199, 371, 0, 0, 0.54%, 1, 0, 4, 1419.14
1775292585, 2696, 261, 371, 0, 0, 0.54%, 1, 0, 4, 1296.20
1775292590, 2696, 291, 371, 0, 0, 0.54%, 1, 0, 4, 1327.71
1775292595, 2697, 6, 371, 0, 0, 0.54%, 1, 0, 4, 1353.82
1775292600, 2697, 58, 371, 0, 0, 0.54%, 1, 0, 4, 1356.87
1775292605, 2697, 101, 371, 0, 0, 0.54%, 1, 0, 4, 1470.24
1775292610, 2697, 154, 371, 0, 0, 0.54%, 1, 0, 4, 1482.03
1775292616, 2697, 222, 371, 0, 0, 0.54%, 1, 0, 4, 1433.08
1775292621, 2697, 260, 371, 0, 0, 0.54%, 1, 0, 4, 1343.90
1775292626, 2697, 276, 371, 0, 0, 0.54%, 1, 0, 4, 1239.22
1775292631, 2698, 29, 371, 0, 0, 0.54%, 1, 0, 4, 1387.07
1775292636, 2698, 58, 371, 0, 0, 0.54%, 1, 0, 4, 1491.22
1775292641, 2698, 108, 371, 0, 0, 0.54%, 1, 0, 4, 1445.58
1775292646, 2698, 165, 371, 0, 0, 0.54%, 1, 0, 4, 1519.12
1775292651, 2698, 261, 371, 0, 0, 0.54%, 1, 0, 4, 1374.02
1775292657, 2698, 276, 371, 0, 0, 0.54%, 1, 0, 4, 1307.65
1775292662, 2698, 366, 371, 0, 0, 0.54%, 1, 0, 4, 1201.20
1775292667, 2699, 31, 371, 0, 0, 0.54%, 1, 0, 4, 1437.79
1775292672, 2699, 103, 371, 0, 0, 0.54%, 1, 0, 4, 1395.67
1775292677, 2699, 172, 371, 0, 0, 0.54%, 1, 0, 4, 1403.96
1775292682, 2699, 275, 371, 0, 0, 0.54%, 1, 0, 4, 1487.90
1775292687, 2699, 367, 371, 0, 0, 0.54%, 1, 0, 4, 1398.49
1775292692, 2700, 9, 371, 0, 0, 0.54%, 1, 0, 4, 1281.61
1775292697, 2700, 64, 371, 0, 0, 0.54%, 1, 0, 4, 1501.72
1775292702, 2700, 101, 371, 0, 0, 0.54%, 1, 0, 4, 1382.62
1775292707, 2700, 212, 371, 0, 0, 0.54%, 1, 0, 4, 1522.51
1775292713, 2700, 276, 371, 0, 0, 0.54%, 1, 0, 4, 1465.60
1775292718, 2700, 367, 371, 0, 0, 0.54%, 1, 0, 4, 1620.78
1775292723, 2701, 29, 371, 0, 0, 0.54%, 1, 0, 4, 1365.99
1775292728, 2701, 62, 371, 0, 0, 0.54%, 1, 0, 4, 1414.75
1775292733, 2701, 108, 371, 0, 0, 0.54%, 1, 0, 4, 1457.70
1775292738, 2701, 223, 371, 0, 0, 0.54%, 1, 0, 4, 1390.99
1775292743, 2701, 265, 371, 0, 0, 0.54%, 1, 0, 4, 1406.06
1775292748, 2701, 320, 371, 0, 0, 0.54%, 1, 0, 4, 1400.14
1775292753, 2702, 31, 371, 0, 0, 0.54%, 1, 0, 4, 1448.76
1775292758, 2702, 89, 371, 0, 0, 0.54%, 1, 0, 4, 1466.16
1775292764, 2702, 121, 371, 0, 0, 0.54%, 1, 0, 4, 1396.88
1775292769, 2702, 193, 371, 0, 0, 0.54%, 1, 0, 4, 1377.87
1775292774, 2702, 275, 371, 0, 0, 0.54%, 1, 0, 4, 1507.35
1775292779, 2703, 13, 371, 0, 0, 0.54%, 1, 0, 4, 1395.78
1775292784, 2703, 89, 371, 0, 0, 0.54%, 1, 0, 4, 1492.42
1775292789, 2703, 152, 371, 0, 0, 0.54%, 1, 0, 4, 1410.08
1775292794, 2703, 261, 371, 0, 0, 0.54%, 1, 0, 4, 1111.41
1775292799, 2703, 275, 371, 0, 0, 0.54%, 1, 0, 4, 1430.36
1775292805, 2704, 9, 371, 0, 0, 0.54%, 1, 0, 4, 1411.50
1775292810, 2704, 63, 371, 0, 0, 0.54%, 1, 0, 4, 1419.01
1775292815, 2704, 103, 371, 0, 0, 0.54%, 1, 0, 4, 1427.50
1775292820, 2704, 158, 371, 0, 0, 0.54%, 1, 0, 4, 1395.03
1775292825, 2704, 244, 371, 0, 0, 0.54%, 1, 0, 4, 1358.65
1775292830, 2704, 276, 371, 0, 0, 0.54%, 1, 0, 4, 1423.58
1775292835, 2704, 366, 371, 0, 0, 0.54%, 1, 0, 4, 1242.11
1775292840, 2705, 58, 371, 0, 0, 0.54%, 1, 0, 4, 1514.91
1775292845, 2705, 105, 371, 0, 0, 0.54%, 1, 0, 4, 1504.01
1775292851, 2705, 179, 371, 0, 0, 0.54%, 1, 0, 4, 1460.04
1775292856, 2705, 260, 371, 0, 0, 0.54%, 1, 0, 4, 1441.04
1775292861, 2705, 276, 371, 0, 0, 0.54%, 1, 0, 4, 1268.63
1775292866, 2706, 25, 371, 0, 0, 0.54%, 1, 0, 4, 1268.72
1775292871, 2706, 58, 371, 0, 0, 0.54%, 1, 0, 4, 1442.53
1775292876, 2706, 127, 371, 0, 0, 0.54%, 1, 0, 4, 1425.66
1775292881, 2706, 265, 371, 0, 0, 0.54%, 1, 0, 4, 1404.23
1775292886, 2706, 322, 371, 0, 0, 0.54%, 1, 0, 4, 1429.24
1775292891, 2707, 31, 371, 0, 0, 0.54%, 1, 0, 4, 1362.71
1775292897, 2707, 64, 371, 0, 0, 0.54%, 1, 0, 4, 1328.43
1775292902, 2707, 113, 371, 0, 0, 0.54%, 1, 0, 4, 1422.67
1775292907, 2707, 199, 371, 0, 0, 0.54%, 1, 0, 4, 1435.30
1775292912, 2707, 274, 371, 0, 0, 0.54%, 1, 0, 4, 1510.04
1775292917, 2708, 9, 371, 0, 0, 0.54%, 1, 0, 4, 1364.96
1775292922, 2708, 58, 371, 0, 0, 0.54%, 1, 0, 4, 1434.56
1775292927, 2708, 103, 371, 0, 0, 0.54%, 1, 0, 4, 1390.12
1775292932, 2708, 261, 371, 0, 0, 0.54%, 1, 0, 4, 1324.11
1775292937, 2708, 276, 371, 0, 0, 0.54%, 1, 0, 4, 1331.53
1775292942, 2709, 16, 371, 0, 0, 0.54%, 1, 0, 4, 1415.91
1775292948, 2709, 53, 371, 0, 0, 0.54%, 1, 0, 4, 1289.60
1775292953, 2709, 89, 371, 0, 0, 0.54%, 1, 0, 4, 1401.09
1775292958, 2709, 122, 371, 0, 0, 0.54%, 1, 0, 4, 1410.73
1775292963, 2709, 274, 371, 0, 0, 0.54%, 1, 0, 4, 1485.32
1775292968, 2710, 9, 371, 0, 0, 0.54%, 1, 0, 4, 1413.34
1775292973, 2710, 60, 371, 0, 0, 0.54%, 1, 0, 4, 1531.38
1775292978, 2710, 103, 371, 0, 0, 0.54%, 1, 0, 4, 1545.21
1775292983, 2710, 275, 371, 0, 0, 0.54%, 1, 0, 4, 1476.13
1775292988, 2711, 9, 371, 0, 0, 0.54%, 1, 0, 4, 1348.68
1775292993, 2711, 31, 371, 0, 0, 0.54%, 1, 0, 4, 1671.64
1775292998, 2711, 63, 371, 0, 0, 0.54%, 1, 0, 4, 1594.78
1775293004, 2711, 101, 371, 0, 0, 0.54%, 1, 0, 4, 1497.18
1775293009, 2711, 172, 371, 0, 0, 0.54%, 1, 0, 4, 1463.16
1775293014, 2711, 275, 371, 0, 0, 0.54%, 1, 0, 4, 1496.54
1775293019, 2712, 9, 371, 0, 0, 0.54%, 1, 0, 4, 1396.71
1775293024, 2712, 63, 371, 0, 0, 0.54%, 1, 0, 4, 1512.88
1775293029, 2712, 103, 371, 0, 0, 0.54%, 1, 0, 4, 1270.88
1775293034, 2712, 211, 371, 0, 0, 0.54%, 1, 0, 4, 1468.78
1775293039, 2712, 276, 371, 0, 0, 0.54%, 1, 0, 4, 1481.94
1775293044, 2713, 9, 371, 0, 0, 0.54%, 1, 0, 4, 1334.31
1775293049, 2713, 58, 371, 0, 0, 0.54%, 1, 0, 4, 1470.88
1775293054, 2713, 103, 371, 0, 0, 0.54%, 1, 0, 4, 1463.54
1775293059, 2713, 155, 371, 0, 0, 0.54%, 1, 0, 4, 1527.75
1775293065, 2713, 259, 371, 0, 0, 0.54%, 1, 0, 4, 1442.56
1775293070, 2713, 307, 371, 0, 0, 0.54%, 1, 0, 4, 1455.12
1775293075, 2714, 31, 371, 0, 0, 0.54%, 1, 0, 4, 1377.02
1775293080, 2714, 101, 371, 0, 0, 0.54%, 1, 0, 4, 1412.34
1775293085, 2714, 246, 371, 0, 0, 0.54%, 1, 0, 4, 1364.47
1775293090, 2714, 311, 371, 0, 0, 0.54%, 1, 0, 4, 1323.19
1775293095, 2715, 33, 371, 0, 0, 0.54%, 1, 0, 4, 1403.09
1775293100, 2715, 89, 371, 0, 0, 0.54%, 1, 0, 4, 1532.88
1775293105, 2715, 146, 371, 0, 0, 0.54%, 1, 0, 4, 1434.70
1775293110, 2715, 230, 371, 0, 0, 0.54%, 1, 0, 4, 1296.50
1775293116, 2715, 276, 371, 0, 0, 0.54%, 1, 0, 4, 1404.47
1775293121, 2715, 369, 371, 0, 0, 0.54%, 1, 0, 4, 1417.99
1775293126, 2716, 31, 371, 0, 0, 0.54%, 1, 0, 4, 1454.93
1775293131, 2716, 68, 371, 0, 0, 0.54%, 1, 0, 4, 1580.26
1775293136, 2716, 101, 371, 0, 0, 0.54%, 1, 0, 4, 1459.51
1775293141, 2716, 161, 371, 0, 0, 0.54%, 1, 0, 4, 1393.71
1775293146, 2716, 254, 371, 0, 0, 0.54%, 1, 0, 4, 1323.11
1775293151, 2716, 276, 371, 0, 0, 0.54%, 1, 0, 4, 1385.02
1775293156, 2717, 1, 371, 0, 0, 0.54%, 1, 0, 4, 1193.38
1775293161, 2717, 33, 371, 0, 0, 0.54%, 1, 0, 4, 1463.35
1775293166, 2717, 63, 371, 0, 0, 0.54%, 1, 0, 4, 1446.46
1775293171, 2717, 103, 371, 0, 0, 0.54%, 1, 0, 4, 1389.22
1775293177, 2717, 169, 371, 0, 0, 0.54%, 1, 0, 4, 1402.45
1775293182, 2717, 265, 371, 0, 0, 0.54%, 1, 0, 4, 1366.91
1775293187, 2717, 322, 371, 0, 0, 0.54%, 1, 0, 4, 1287.47
1775293192, 2718, 17, 371, 0, 0, 0.54%, 1, 0, 4, 1278.00
1775293197, 2718, 58, 371, 0, 0, 0.54%, 1, 0, 4, 1311.24
1775293202, 2718, 111, 371, 0, 0, 0.54%, 1, 0, 4, 1382.39
1775293207, 2718, 199, 371, 0, 0, 0.54%, 1, 0, 4, 1323.74
1775293212, 2718, 276, 371, 0, 0, 0.54%, 1, 0, 4, 1361.46
1775293218, 2718, 367, 371, 0, 0, 0.54%, 1, 0, 4, 1428.48
1775293223, 2719, 33, 371, 0, 0, 0.54%, 1, 0, 4, 1458.37
1775293228, 2719, 75, 371, 0, 0, 0.54%, 1, 0, 4, 1361.36
1775293233, 2719, 105, 371, 0, 0, 0.54%, 1, 0, 4, 1333.53
1775293238, 2719, 189, 371, 0, 0, 0.54%, 1, 0, 4, 1301.01
1775293243, 2719, 265, 371, 0, 0, 0.54%, 1, 0, 4, 1372.96
1775293248, 2719, 294, 371, 0, 0, 0.54%, 1, 0, 4, 257.46
1775293253, 2719, 365, 371, 0, 0, 0.54%, 1, 0, 4, 1264.34
1775293258, 2720, 33, 371, 0, 0, 0.54%, 1, 0, 4, 1291.70
1775293263, 2720, 101, 371, 0, 0, 0.54%, 1, 0, 4, 1447.82
1775293268, 2720, 183, 371, 0, 0, 0.54%, 1, 0, 4, 1289.09
1775293274, 2720, 261, 371, 0, 0, 0.54%, 1, 0, 4, 1239.69
1775293279, 2720, 278, 371, 0, 0, 0.54%, 1, 0, 4, 1395.91
1775293284, 2721, 1, 371, 0, 0, 0.54%, 1, 0, 4, 1155.36
1775293289, 2721, 33, 371, 0, 0, 0.54%, 1, 0, 4, 1320.66
1775293294, 2721, 103, 371, 0, 0, 0.54%, 1, 0, 4, 1436.63
1775293299, 2721, 167, 371, 0, 0, 0.54%, 1, 0, 4, 1398.56
1775293304, 2721, 271, 371, 0, 0, 0.54%, 1, 0, 4, 1411.57
1775293309, 2721, 322, 371, 0, 0, 0.54%, 1, 0, 4, 1319.54
1775293314, 2722, 33, 371, 0, 0, 0.54%, 1, 0, 4, 1560.21
1775293319, 2722, 77, 371, 0, 0, 0.54%, 1, 0, 4, 1422.22
1775293324, 2722, 115, 371, 0, 0, 0.54%, 1, 0, 4, 1374.04
1775293330, 2722, 171, 371, 0, 0, 0.54%, 1, 0, 4, 1455.99
1775293335, 2722, 274, 371, 0, 0, 0.54%, 1, 0, 4, 1473.78
1775293340, 2722, 370, 371, 0, 0, 0.54%, 1, 0, 4, 1310.87
1775293345, 2723, 31, 371, 0, 0, 0.54%, 1, 0, 4, 1397.20
1775293350, 2723, 67, 371, 0, 0, 0.54%, 1, 0, 4, 1472.56
1775293355, 2723, 156, 371, 0, 0, 0.54%, 1, 0, 4, 1507.54
1775293360, 2723, 265, 371, 0, 0, 0.54%, 1, 0, 4, 1527.79
1775293365, 2723, 363, 371, 0, 0, 0.54%, 1, 0, 4, 638.56
1775293370, 2724, 29, 371, 0, 0, 0.54%, 1, 0, 4, 1268.27
1775293376, 2724, 63, 371, 0, 0, 0.54%, 1, 0, 4, 1468.52
1775293381, 2724, 102, 371, 0, 0, 0.54%, 1, 0, 4, 1360.71
1775293386, 2724, 157, 371, 0, 0, 0.54%, 1, 0, 4, 1430.84
1775293391, 2724, 221, 371, 0, 0, 0.54%, 1, 0, 4, 1447.35
1775293396, 2724, 275, 371, 0, 0, 0.54%, 1, 0, 4, 1402.28
1775293401, 2724, 330, 371, 0, 0, 0.54%, 1, 0, 4, 1346.13
1775293406, 2725, 33, 371, 0, 0, 0.54%, 1, 0, 4, 1422.66
1775293411, 2725, 64, 371, 0, 0, 0.54%, 1, 0, 4, 1451.72
1775293416, 2725, 141, 371, 0, 0, 0.54%, 1, 0, 4, 1506.51
1775293421, 2725, 274, 371, 0, 0, 0.54%, 1, 0, 4, 1511.36
1775293426, 2725, 340, 371, 0, 0, 0.54%, 1, 0, 4, 1303.63
1775293431, 2726, 29, 371, 0, 0, 0.54%, 1, 0, 4, 1234.43
1775293437, 2726, 63, 371, 0, 0, 0.54%, 1, 0, 4, 1462.67
1775293442, 2726, 158, 371, 0, 0, 0.54%, 1, 0, 4, 1502.79
1775293447, 2726, 274, 371, 0, 0, 0.54%, 1, 0, 4, 1500.04
1775293452, 2726, 356, 371, 0, 0, 0.54%, 1, 0, 4, 1276.51
1775293457, 2727, 49, 371, 0, 0, 0.54%, 1, 0, 4, 1455.18
1775293462, 2727, 103, 371, 0, 0, 0.54%, 1, 0, 4, 1452.41
1775293467, 2727, 186, 371, 0, 0, 0.54%, 1, 0, 4, 1440.72
1775293473, 2727, 269, 371, 0, 0, 0.54%, 1, 0, 4, 1426.00
1775293478, 2727, 322, 371, 0, 0, 0.54%, 1, 0, 4, 1276.87
1775293483, 2728, 31, 371, 0, 0, 0.54%, 1, 0, 4, 1432.10
1775293488, 2728, 89, 371, 0, 0, 0.54%, 1, 0, 4, 1448.51
1775293493, 2728, 165, 371, 0, 0, 0.54%, 1, 0, 4, 1340.92
1775293498, 2728, 222, 371, 0, 0, 0.54%, 1, 0, 4, 1226.08
1775293503, 2728, 274, 371, 0, 0, 0.54%, 1, 0, 4, 1447.80
1775293508, 2728, 369, 371, 0, 0, 0.54%, 1, 0, 4, 1393.10
1775293513, 2729, 31, 371, 0, 0, 0.54%, 1, 0, 4, 1430.80
1775293518, 2729, 78, 371, 0, 0, 0.54%, 1, 0, 4, 1400.90
1775293523, 2729, 103, 371, 0, 0, 0.54%, 1, 0, 4, 1408.96
1775293528, 2729, 260, 371, 0, 0, 0.54%, 1, 0, 4, 1515.05
1775293534, 2729, 276, 371, 0, 0, 0.54%, 1, 0, 4, 1497.79
1775293539, 2730, 27, 371, 0, 0, 0.54%, 1, 0, 4, 1312.00
1775293544, 2730, 60, 371, 0, 0, 0.54%, 1, 0, 4, 1439.24
1775293549, 2730, 101, 371, 0, 0, 0.54%, 1, 0, 4, 1505.06
1775293554, 2730, 153, 371, 0, 0, 0.54%, 1, 0, 4, 1452.67
1775293559, 2730, 275, 371, 0, 0, 0.54%, 1, 0, 4, 1524.51
1775293564, 2731, 5, 371, 0, 0, 0.54%, 1, 0, 4, 1317.61
1775293569, 2731, 35, 371, 0, 0, 0.54%, 1, 0, 4, 1442.07
1775293574, 2731, 107, 371, 0, 0, 0.54%, 1, 0, 4, 1579.21
1775293579, 2731, 176, 371, 0, 0, 0.54%, 1, 0, 4, 1474.52
1775293584, 2731, 274, 371, 0, 0, 0.54%, 1, 0, 4, 1528.01
1775293589, 2731, 365, 371, 0, 0, 0.54%, 1, 0, 4, 1388.66
1775293594, 2732, 33, 371, 0, 0, 0.54%, 1, 0, 4, 1407.16
1775293600, 2732, 103, 371, 0, 0, 0.54%, 1, 0, 4, 1442.81
1775293605, 2732, 140, 371, 0, 0, 0.54%, 1, 0, 4, 1453.66
1775293610, 2732, 228, 371, 0, 0, 0.54%, 1, 0, 4, 1436.32
1775293615, 2732, 275, 371, 0, 0, 0.54%, 1, 0, 4, 1492.46
1775293620, 2732, 366, 371, 0, 0, 0.54%, 1, 0, 4, 1246.66
1775293625, 2733, 45, 371, 0, 0, 0.54%, 1, 0, 4, 1365.86
1775293630, 2733, 103, 371, 0, 0, 0.54%, 1, 0, 4, 1443.12
1775293635, 2733, 254, 371, 0, 0, 0.54%, 1, 0, 4, 1329.60
1775293640, 2733, 276, 371, 0, 0, 0.54%, 1, 0, 4, 1347.64
1775293645, 2733, 364, 371, 0, 0, 0.54%, 1, 0, 4, 1363.89
1775293651, 2734, 33, 371, 0, 0, 0.54%, 1, 0, 4, 1463.75
1775293656, 2734, 101, 371, 0, 0, 0.54%, 1, 0, 4, 1435.52
1775293661, 2734, 142, 371, 0, 0, 0.54%, 1, 0, 4, 1635.26
1775293666, 2734, 215, 371, 0, 0, 0.54%, 1, 0, 4, 1547.96
1775293671, 2734, 272, 371, 0, 0, 0.54%, 1, 0, 4, 1392.94
1775293676, 2734, 305, 371, 0, 0, 0.54%, 1, 0, 4, 1355.72
1775293681, 2735, 9, 371, 0, 0, 0.54%, 1, 0, 4, 1333.05
1775293686, 2735, 62, 371, 0, 0, 0.54%, 1, 0, 4, 1551.05
1775293692, 2735, 108, 371, 0, 0, 0.54%, 1, 0, 4, 1501.55
1775293697, 2735, 218, 371, 0, 0, 0.54%, 1, 0, 4, 1320.40
1775293702, 2735, 265, 371, 0, 0, 0.54%, 1, 0, 4, 1455.73
1775293707, 2735, 343, 371, 0, 0, 0.54%, 1, 0, 4, 1231.88
1775293712, 2736, 29, 371, 0, 0, 0.54%, 1, 0, 4, 1236.06
1775293717, 2736, 89, 371, 0, 0, 0.54%, 1, 0, 4, 1510.52
1775293722, 2736, 240, 371, 0, 0, 0.54%, 1, 0, 4, 1413.11
1775293727, 2736, 276, 371, 0, 0, 0.54%, 1, 0, 4, 1493.71
1775293732, 2737, 9, 371, 0, 0, 0.54%, 1, 0, 4, 304.54
1775293737, 2737, 62, 371, 0, 0, 0.54%, 1, 0, 4, 1535.93
1775293743, 2737, 133, 371, 0, 0, 0.54%, 1, 0, 4, 1457.88
1775293748, 2737, 183, 371, 0, 0, 0.54%, 1, 0, 4, 1274.88
1775293753, 2737, 264, 371, 0, 0, 0.54%, 1, 0, 4, 1336.73
1775293758, 2737, 322, 371, 0, 0, 0.54%, 1, 0, 4, 1360.18
1775293763, 2738, 11, 371, 0, 0, 0.54%, 1, 0, 4, 1254.81
1775293768, 2738, 89, 371, 0, 0, 0.54%, 1, 0, 4, 1392.57
1775293773, 2738, 164, 371, 0, 0, 0.54%, 1, 0, 4, 1422.15
1775293778, 2738, 199, 371, 0, 0, 0.54%, 1, 0, 4, 1347.48
1775293784, 2738, 252, 371, 0, 0, 0.54%, 1, 0, 4, 1277.43
1775293789, 2738, 275, 371, 0, 0, 0.54%, 1, 0, 4, 1465.22
1775293794, 2738, 366, 371, 0, 0, 0.54%, 1, 0, 4, 1288.46
1775293799, 2739, 33, 371, 0, 0, 0.54%, 1, 0, 4, 1479.86
1775293804, 2739, 103, 371, 0, 0, 0.54%, 1, 0, 4, 1367.78
1775293809, 2739, 162, 371, 0, 0, 0.54%, 1, 0, 4, 1357.42
1775293814, 2739, 265, 371, 0, 0, 0.54%, 1, 0, 4, 1445.66
1775293819, 2739, 322, 371, 0, 0, 0.54%, 1, 0, 4, 1202.14
1775293824, 2740, 21, 371, 0, 0, 0.54%, 1, 0, 4, 1281.54
1775293829, 2740, 69, 371, 0, 0, 0.54%, 1, 0, 4, 1476.44
1775293835, 2740, 136, 371, 0, 0, 0.54%, 1, 0, 4, 1368.23
1775293840, 2740, 168, 371, 0, 0, 0.54%, 1, 0, 4, 1390.81
1775293845, 2740, 264, 371, 0, 0, 0.54%, 1, 0, 4, 1363.12
1775293850, 2740, 321, 371, 0, 0, 0.54%, 1, 0, 4, 1280.24
1775293855, 2741, 9, 371, 0, 0, 0.54%, 1, 0, 4, 1360.34
1775293860, 2741, 58, 371, 0, 0, 0.54%, 1, 0, 4, 1388.03
1775293865, 2741, 108, 371, 0, 0, 0.54%, 1, 0, 4, 1382.33
1775293870, 2741, 265, 371, 0, 0, 0.54%, 1, 0, 4, 1487.74
1775293875, 2741, 322, 371, 0, 0, 0.54%, 1, 0, 4, 1345.09
1775293881, 2742, 48, 371, 0, 0, 0.54%, 1, 0, 4, 1415.60
1775293886, 2742, 78, 371, 0, 0, 0.54%, 1, 0, 4, 1397.52
1775293891, 2742, 132, 371, 0, 0, 0.54%, 1, 0, 4, 1334.39
1775293896, 2742, 265, 371, 0, 0, 0.54%, 1, 0, 4, 1406.25
1775293901, 2742, 322, 371, 0, 0, 0.54%, 1, 0, 4, 1385.10
1775293906, 2743, 33, 371, 0, 0, 0.54%, 1, 0, 4, 1325.01
1775293911, 2743, 70, 371, 0, 0, 0.54%, 1, 0, 4, 1420.16
1775293916, 2743, 116, 371, 0, 0, 0.54%, 1, 0, 4, 1364.00
1775293921, 2743, 189, 371, 0, 0, 0.54%, 1, 0, 4, 1349.05
1775293926, 2743, 284, 371, 0, 0, 0.54%, 1, 0, 4, 1404.55
1775293932, 2744, 31, 371, 0, 0, 0.54%, 1, 0, 4, 1342.24
1775293937, 2744, 58, 371, 0, 0, 0.54%, 1, 0, 4, 1501.87
1775293942, 2744, 103, 371, 0, 0, 0.54%, 1, 0, 4, 1343.97
1775293947, 2744, 157, 371, 0, 0, 0.54%, 1, 0, 4, 1463.94
1775293952, 2744, 233, 371, 0, 0, 0.54%, 1, 0, 4, 1447.89
1775293957, 2744, 275, 371, 0, 0, 0.54%, 1, 0, 4, 1450.40
1775293962, 2744, 348, 371, 0, 0, 0.54%, 1, 0, 4, 1191.32
1775293967, 2745, 19, 371, 0, 0, 0.54%, 1, 0, 4, 1454.70
1775293972, 2745, 58, 371, 0, 0, 0.54%, 1, 0, 4, 1401.38
1775293977, 2745, 97, 371, 0, 0, 0.54%, 1, 0, 4, 1476.09
1775293982, 2745, 153, 371, 0, 0, 0.54%, 1, 0, 4, 1401.69
1775293987, 2745, 198, 371, 0, 0, 0.54%, 1, 0, 4, 1321.68
1775293993, 2745, 265, 371, 0, 0, 0.54%, 1, 0, 4, 1298.93
1775293998, 2745, 294, 371, 0, 0, 0.54%, 1, 0, 4, 1204.27
1775294003, 2746, 29, 371, 0, 0, 0.54%, 1, 0, 4, 1284.31
1775294008, 2746, 63, 371, 0, 0, 0.54%, 1, 0, 4, 1427.28
1775294013, 2746, 108, 371, 0, 0, 0.54%, 1, 0, 4, 1429.59
1775294018, 2746, 149, 371, 0, 0, 0.54%, 1, 0, 4, 1335.92
1775294023, 2746, 170, 371, 0, 0, 0.54%, 1, 0, 4, 1341.29
1775294028, 2746, 265, 371, 0, 0, 0.54%, 1, 0, 4, 1486.86
1775294033, 2746, 303, 371, 0, 0, 0.54%, 1, 0, 4, 1362.59
1775294038, 2747, 29, 371, 0, 0, 0.54%, 1, 0, 4, 1378.96
1775294043, 2747, 61, 371, 0, 0, 0.54%, 1, 0, 4, 1459.38
1775294048, 2747, 103, 371, 0, 0, 0.54%, 1, 0, 4, 1454.88
1775294054, 2747, 234, 371, 0, 0, 0.54%, 1, 0, 4, 1403.36
1775294059, 2747, 317, 371, 0, 0, 0.54%, 1, 0, 4, 1336.90
1775294064, 2748, 31, 371, 0, 0, 0.54%, 1, 0, 4, 1602.12
1775294069, 2748, 64, 371, 0, 0, 0.54%, 1, 0, 4, 1415.35
1775294074, 2748, 96, 371, 0, 0, 0.54%, 1, 0, 4, 1386.33
1775294079, 2748, 129, 371, 0, 0, 0.54%, 1, 0, 4, 1340.76
1775294084, 2748, 218, 371, 0, 0, 0.54%, 1, 0, 4, 1447.02
1775294089, 2748, 265, 371, 0, 0, 0.54%, 1, 0, 4, 1456.73
1775294094, 2748, 343, 371, 0, 0, 0.54%, 1, 0, 4, 1274.48
1775294099, 2749, 63, 371, 0, 0, 0.54%, 1, 0, 4, 1502.61
1775294105, 2749, 101, 371, 0, 0, 0.54%, 1, 0, 4, 1406.23
1775294110, 2749, 157, 371, 0, 0, 0.54%, 1, 0, 4, 1442.19
1775294115, 2749, 224, 371, 0, 0, 0.54%, 1, 0, 4, 1400.57
1775294120, 2749, 276, 371, 0, 0, 0.54%, 1, 0, 4, 1267.68
1775294125, 2750, 9, 371, 0, 0, 0.54%, 1, 0, 4, 1261.80
1775294130, 2750, 57, 371, 0, 0, 0.54%, 1, 0, 4, 1391.31
1775294135, 2750, 103, 371, 0, 0, 0.54%, 1, 0, 4, 1449.69
1775294140, 2750, 270, 371, 0, 0, 0.54%, 1, 0, 4, 1455.11
1775294145, 2750, 356, 371, 0, 0, 0.54%, 1, 0, 4, 1265.48
1775294150, 2751, 44, 371, 0, 0, 0.54%, 1, 0, 4, 1444.22
1775294155, 2751, 89, 371, 0, 0, 0.54%, 1, 0, 4, 1498.52
1775294160, 2751, 157, 371, 0, 0, 0.54%, 1, 0, 4, 1492.10
1775294165, 2751, 250, 371, 0, 0, 0.54%, 1, 0, 4, 1375.36
1775294170, 2751, 274, 371, 0, 0, 0.54%, 1, 0, 4, 1296.09
1775294176, 2752, 19, 371, 0, 0, 0.54%, 1, 0, 4, 1268.94
1775294181, 2752, 58, 371, 0, 0, 0.54%, 1, 0, 4, 1392.43
1775294186, 2752, 103, 371, 0, 0, 0.54%, 1, 0, 4, 1400.15
1775294191, 2752, 131, 371, 0, 0, 0.54%, 1, 0, 4, 1235.23
1775294196, 2752, 276, 371, 0, 0, 0.54%, 1, 0, 4, 1403.54
1775294201, 2753, 7, 371, 0, 0, 0.54%, 1, 0, 4, 1383.57
1775294206, 2753, 33, 371, 0, 0, 0.54%, 1, 0, 4, 1266.78
1775294211, 2753, 80, 371, 0, 0, 0.54%, 1, 0, 4, 1469.32
1775294216, 2753, 120, 371, 0, 0, 0.54%, 1, 0, 4, 1415.07
1775294221, 2753, 240, 371, 0, 0, 0.54%, 1, 0, 4, 1345.29
1775294226, 2753, 292, 371, 0, 0, 0.54%, 1, 0, 4, 1369.20
1775294231, 2754, 31, 371, 0, 0, 0.54%, 1, 0, 4, 265.40
1775294237, 2754, 64, 371, 0, 0, 0.54%, 1, 0, 4, 1415.58
1775294242, 2754, 119, 371, 0, 0, 0.54%, 1, 0, 4, 1515.65
1775294247, 2754, 241, 371, 0, 0, 0.54%, 1, 0, 4, 1634.28
1775294252, 2754, 275, 371, 0, 0, 0.54%, 1, 0, 4, 1451.36
1775294257, 2755, 19, 371, 0, 0, 0.54%, 1, 0, 4, 1360.86
1775294262, 2755, 63, 371, 0, 0, 0.54%, 1, 0, 4, 1558.00
1775294267, 2755, 127, 371, 0, 0, 0.54%, 1, 0, 4, 1475.28
1775294272, 2755, 250, 371, 0, 0, 0.54%, 1, 0, 4, 1470.28
1775294277, 2755, 276, 371, 0, 0, 0.54%, 1, 0, 4, 1369.31
1775294282, 2756, 29, 371, 0, 0, 0.54%, 1, 0, 4, 1422.44
1775294287, 2756, 70, 371, 0, 0, 0.54%, 1, 0, 4, 1471.31
1775294292, 2756, 108, 371, 0, 0, 0.54%, 1, 0, 4, 1454.10
1775294297, 2756, 269, 371, 0, 0, 0.54%, 1, 0, 4, 1482.97
1775294303, 2756, 356, 371, 0, 0, 0.54%, 1, 0, 4, 1282.52
1775294308, 2757, 63, 371, 0, 0, 0.54%, 1, 0, 4, 1515.94
1775294313, 2757, 103, 371, 0, 0, 0.54%, 1, 0, 4, 1432.30
1775294318, 2757, 189, 371, 0, 0, 0.54%, 1, 0, 4, 1433.35
1775294323, 2757, 264, 371, 0, 0, 0.54%, 1, 0, 4, 1415.62
1775294328, 2757, 293, 371, 0, 0, 0.54%, 1, 0, 4, 1307.59
1775294333, 2757, 366, 371, 0, 0, 0.54%, 1, 0, 4, 1263.36
1775294339, 2758, 29, 371, 0, 0, 0.54%, 1, 0, 4, 1318.30
1775294344, 2758, 75, 371, 0, 0, 0.54%, 1, 0, 4, 1465.44
1775294349, 2758, 211, 371, 0, 0, 0.54%, 1, 0, 4, 1403.37
1775294354, 2758, 265, 371, 0, 0, 0.54%, 1, 0, 4, 1448.72
1775294359, 2759, 5, 371, 0, 0, 0.54%, 1, 0, 4, 1354.76
1775294364, 2759, 33, 371, 0, 0, 0.54%, 1, 0, 4, 1422.01
1775294369, 2759, 103, 371, 0, 0, 0.54%, 1, 0, 4, 1444.87
1775294374, 2759, 226, 371, 0, 0, 0.54%, 1, 0, 4, 1427.57
1775294379, 2759, 276, 371, 0, 0, 0.54%, 1, 0, 4, 1462.23
1775294385, 2760, 1, 371, 0, 0, 0.54%, 1, 0, 4, 1352.39
1775294390, 2760, 41, 371, 0, 0, 0.54%, 1, 0, 4, 1403.08
1775294395, 2760, 86, 371, 0, 0, 0.54%, 1, 0, 4, 1480.87
1775294400, 2760, 114, 371, 0, 0, 0.54%, 1, 0, 4, 1412.90
1775294405, 2760, 143, 371, 0, 0, 0.54%, 1, 0, 4, 1152.33
1775294410, 2760, 264, 371, 0, 0, 0.54%, 1, 0, 4, 1392.74
1775294415, 2760, 343, 371, 0, 0, 0.54%, 1, 0, 4, 1362.01
1775294420, 2761, 33, 371, 0, 0, 0.54%, 1, 0, 4, 1324.87
1775294425, 2761, 78, 371, 0, 0, 0.54%, 1, 0, 4, 1395.75
1775294430, 2761, 108, 371, 0, 0, 0.54%, 1, 0, 4, 1468.80
1775294436, 2761, 234, 371, 0, 0, 0.54%, 1, 0, 4, 1447.53
1775294441, 2761, 274, 371, 0, 0, 0.54%, 1, 0, 4, 1381.28
1775294446, 2761, 338, 371, 0, 0, 0.54%, 1, 0, 4, 1322.82
1775294451, 2762, 29, 371, 0, 0, 0.54%, 1, 0, 4, 1407.23
1775294456, 2762, 63, 371, 0, 0, 0.54%, 1, 0, 4, 1453.45
1775294461, 2762, 108, 371, 0, 0, 0.54%, 1, 0, 4, 1404.97
1775294466, 2762, 261, 371, 0, 0, 0.54%, 1, 0, 4, 1431.24
1775294471, 2762, 304, 371, 0, 0, 0.54%, 1, 0, 4, 1457.07
1775294476, 2762, 365, 371, 0, 0, 0.54%, 1, 0, 4, 1228.24
1775294481, 2763, 33, 371, 0, 0, 0.54%, 1, 0, 4, 1301.51
1775294486, 2763, 89, 371, 0, 0, 0.54%, 1, 0, 4, 1461.65
1775294491, 2763, 132, 371, 0, 0, 0.54%, 1, 0, 4, 1373.49
1775294496, 2763, 261, 371, 0, 0, 0.54%, 1, 0, 4, 1457.87
1775294502, 2763, 361, 371, 0, 0, 0.54%, 1, 0, 4, 1409.32
1775294507, 2764, 33, 371, 0, 0, 0.54%, 1, 0, 4, 1334.24
1775294512, 2764, 79, 371, 0, 0, 0.54%, 1, 0, 4, 1547.53
1775294517, 2764, 104, 371, 0, 0, 0.54%, 1, 0, 4, 1399.49
1775294522, 2764, 195, 371, 0, 0, 0.54%, 1, 0, 4, 1519.19
1775294527, 2764, 265, 371, 0, 0, 0.54%, 1, 0, 4, 1322.54
1775294532, 2764, 297, 371, 0, 0, 0.54%, 1, 0, 4, 1368.67
1775294537, 2765, 29, 371, 0, 0, 0.54%, 1, 0, 4, 1366.92
1775294542, 2765, 68, 371, 0, 0, 0.54%, 1, 0, 4, 1453.57
1775294548, 2765, 101, 371, 0, 0, 0.54%, 1, 0, 4, 1319.11
1775294553, 2765, 222, 371, 0, 0, 0.54%, 1, 0, 4, 1285.23
1775294558, 2765, 274, 371, 0, 0, 0.54%, 1, 0, 4, 1375.65
1775294563, 2765, 357, 371, 0, 0, 0.54%, 1, 0, 4, 1223.77
1775294568, 2766, 31, 371, 0, 0, 0.54%, 1, 0, 4, 1421.56
1775294573, 2766, 80, 371, 0, 0, 0.54%, 1, 0, 4, 1532.43
1775294578, 2766, 141, 371, 0, 0, 0.54%, 1, 0, 4, 1410.20
1775294583, 2766, 265, 371, 0, 0, 0.54%, 1, 0, 4, 1459.87
1775294588, 2767, 0, 371, 0, 0, 0.54%, 1, 0, 4, 1340.87
1775294593, 2767, 29, 371, 0, 0, 0.54%, 1, 0, 4, 1422.14
1775294599, 2767, 64, 371, 0, 0, 0.54%, 1, 0, 4, 1528.68
1775294604, 2767, 115, 371, 0, 0, 0.54%, 1, 0, 4, 1469.73
1775294609, 2767, 161, 371, 0, 0, 0.54%, 1, 0, 4, 1341.06
1775294614, 2767, 247, 371, 0, 0, 0.54%, 1, 0, 4, 1386.36
1775294619, 2767, 276, 371, 0, 0, 0.54%, 1, 0, 4, 1454.04
1775294624, 2768, 29, 371, 0, 0, 0.54%, 1, 0, 4, 1343.37
1775294629, 2768, 94, 371, 0, 0, 0.54%, 1, 0, 4, 1515.14
1775294634, 2768, 164, 371, 0, 0, 0.54%, 1, 0, 4, 1501.14
1775294639, 2768, 200, 371, 0, 0, 0.54%, 1, 0, 4, 1323.16
1775294644, 2768, 261, 371, 0, 0, 0.54%, 1, 0, 4, 1501.29
1775294650, 2768, 275, 371, 0, 0, 0.54%, 1, 0, 4, 1413.36
1775294655, 2769, 14, 371, 0, 0, 0.54%, 1, 0, 4, 1255.65
1775294660, 2769, 33, 371, 0, 0, 0.54%, 1, 0, 4, 1405.67
1775294665, 2769, 90, 371, 0, 0, 0.54%, 1, 0, 4, 1482.18
1775294670, 2769, 162, 371, 0, 0, 0.54%, 1, 0, 4, 1424.63
1775294675, 2769, 265, 371, 0, 0, 0.54%, 1, 0, 4, 1463.32
1775294680, 2769, 322, 371, 0, 0, 0.54%, 1, 0, 4, 1394.33
1775294685, 2770, 31, 371, 0, 0, 0.54%, 1, 0, 4, 1479.67
1775294690, 2770, 68, 371, 0, 0, 0.54%, 1, 0, 4, 1196.16
1775294696, 2770, 108, 371, 0, 0, 0.54%, 1, 0, 4, 1382.31
1775294701, 2770, 247, 371, 0, 0, 0.54%, 1, 0, 4, 1458.91
1775294706, 2770, 275, 371, 0, 0, 0.54%, 1, 0, 4, 1332.54
1775294711, 2770, 366, 371, 0, 0, 0.54%, 1, 0, 4, 1259.90
1775294716, 2771, 29, 371, 0, 0, 0.54%, 1, 0, 4, 1273.58
1775294721, 2771, 56, 371, 0, 0, 0.54%, 1, 0, 4, 1423.70
1775294726, 2771, 74, 371, 0, 0, 0.54%, 1, 0, 4, 1688.12
1775294731, 2771, 113, 371, 0, 0, 0.54%, 1, 0, 4, 1533.18
1775294736, 2771, 224, 371, 0, 0, 0.54%, 1, 0, 4, 1503.60
1775294741, 2771, 279, 371, 0, 0, 0.54%, 1, 0, 4, 1281.77
1775294746, 2772, 6, 371, 0, 0, 0.54%, 1, 0, 4, 1259.84
1775294751, 2772, 33, 371, 0, 0, 0.54%, 1, 0, 4, 1358.26
1775294756, 2772, 89, 371, 0, 0, 0.54%, 1, 0, 4, 1445.31
1775294761, 2772, 212, 371, 0, 0, 0.54%, 1, 0, 4, 1487.80
1775294767, 2772, 272, 371, 0, 0, 0.54%, 1, 0, 4, 1537.44
1775294772, 2772, 322, 371, 0, 0, 0.54%, 1, 0, 4, 1442.20
1775294777, 2773, 29, 371, 0, 0, 0.54%, 1, 0, 4, 1424.27
1775294782, 2773, 76, 371, 0, 0, 0.54%, 1, 0, 4, 1472.50
1775294787, 2773, 108, 371, 0, 0, 0.54%, 1, 0, 4, 1397.45
1775294792, 2773, 274, 371, 0, 0, 0.54%, 1, 0, 4, 1420.44
1775294797, 2774, 22, 371, 0, 0, 0.54%, 1, 0, 4, 1364.26
1775294802, 2774, 72, 371, 0, 0, 0.54%, 1, 0, 4, 1482.83
1775294807, 2774, 103, 371, 0, 0, 0.54%, 1, 0, 4, 1465.50
1775294812, 2774, 149, 371, 0, 0, 0.54%, 1, 0, 4, 1431.22
1775294818, 2774, 273, 371, 0, 0, 0.54%, 1, 0, 4, 1459.91
1775294823, 2774, 308, 371, 0, 0, 0.54%, 1, 0, 4, 1391.04
1775294828, 2775, 11, 371, 0, 0, 0.54%, 1, 0, 4, 1372.99
1775294833, 2775, 40, 371, 0, 0, 0.54%, 1, 0, 4, 1459.60
1775294838, 2775, 103, 371, 0, 0, 0.54%, 1, 0, 4, 1426.28
1775294843, 2775, 185, 371, 0, 0, 0.54%, 1, 0, 4, 1465.01
1775294848, 2775, 265, 371, 0, 0, 0.54%, 1, 0, 4, 1327.10
1775294853, 2775, 317, 371, 0, 0, 0.54%, 1, 0, 4, 1296.93
1775294859, 2776, 20, 371, 0, 0, 0.54%, 1, 0, 4, 1257.94
1775294864, 2776, 64, 371, 0, 0, 0.54%, 1, 0, 4, 1424.77
1775294869, 2776, 117, 371, 0, 0, 0.54%, 1, 0, 4, 1478.96
1775294874, 2776, 265, 371, 0, 0, 0.54%, 1, 0, 4, 1397.69
1775294879, 2776, 278, 371, 0, 0, 0.54%, 1, 0, 4, 1269.93
1775294884, 2776, 369, 371, 0, 0, 0.54%, 1, 0, 4, 1331.88
1775294889, 2777, 19, 371, 0, 0, 0.54%, 1, 0, 4, 1382.12
1775294894, 2777, 33, 371, 0, 0, 0.54%, 1, 0, 4, 1417.53
1775294899, 2777, 89, 371, 0, 0, 0.54%, 1, 0, 4, 1465.07
1775294905, 2777, 120, 371, 0, 0, 0.54%, 1, 0, 4, 1431.27
1775294910, 2777, 251, 371, 0, 0, 0.54%, 1, 0, 4, 1298.09
1775294915, 2777, 276, 371, 0, 0, 0.54%, 1, 0, 4, 1402.04
1775294920, 2777, 367, 371, 0, 0, 0.54%, 1, 0, 4, 1417.04
1775294925, 2778, 31, 371, 0, 0, 0.54%, 1, 0, 4, 1466.91
1775294930, 2778, 89, 371, 0, 0, 0.54%, 1, 0, 4, 1574.18
1775294935, 2778, 171, 371, 0, 0, 0.54%, 1, 0, 4, 1538.13
1775294940, 2778, 261, 371, 0, 0, 0.54%, 1, 0, 4, 1462.91
1775294945, 2778, 294, 371, 0, 0, 0.54%, 1, 0, 4, 1330.15
1775294950, 2779, 9, 371, 0, 0, 0.54%, 1, 0, 4, 1340.43
1775294955, 2779, 58, 371, 0, 0, 0.54%, 1, 0, 4, 1406.55
1775294960, 2779, 103, 371, 0, 0, 0.54%, 1, 0, 4, 1471.37
1775294966, 2779, 198, 371, 0, 0, 0.54%, 1, 0, 4, 1356.28
1775294971, 2779, 275, 371, 0, 0, 0.54%, 1, 0, 4, 1444.11
1775294976, 2780, 29, 371, 0, 0, 0.54%, 1, 0, 4, 1480.27
1775294981, 2780, 72, 371, 0, 0, 0.54%, 1, 0, 4, 1460.63
1775294986, 2780, 206, 371, 0, 0, 0.54%, 1, 0, 4, 1509.01
1775294991, 2780, 274, 371, 0, 0, 0.54%, 1, 0, 4, 1488.98
1775294996, 2780, 333, 371, 0, 0, 0.54%, 1, 0, 4, 1287.10
1775295001, 2781, 3, 371, 0, 0, 0.54%, 1, 0, 4, 1256.40
1775295006, 2781, 43, 371, 0, 0, 0.54%, 1, 0, 4, 1384.21
1775295011, 2781, 88, 371, 0, 0, 0.54%, 1, 0, 4, 1450.59
1775295017, 2781, 108, 371, 0, 0, 0.54%, 1, 0, 4, 1486.37
1775295022, 2781, 254, 371, 0, 0, 0.54%, 1, 0, 4, 1449.20
1775295027, 2781, 276, 371, 0, 0, 0.54%, 1, 0, 4, 1401.54
1775295032, 2781, 367, 371, 0, 0, 0.54%, 1, 0, 4, 1413.65
1775295037, 2782, 18, 371, 0, 0, 0.54%, 1, 0, 4, 1551.74
1775295042, 2782, 58, 371, 0, 0, 0.54%, 1, 0, 4, 1332.48
1775295047, 2782, 103, 371, 0, 0, 0.54%, 1, 0, 4, 1396.39
1775295052, 2782, 202, 371, 0, 0, 0.54%, 1, 0, 4, 1380.47
1775295057, 2782, 265, 371, 0, 0, 0.54%, 1, 0, 4, 1376.11
1775295062, 2782, 353, 371, 0, 0, 0.54%, 1, 0, 4, 1315.34
1775295068, 2783, 31, 371, 0, 0, 0.54%, 1, 0, 4, 1449.35
1775295073, 2783, 89, 371, 0, 0, 0.54%, 1, 0, 4, 1429.62
1775295078, 2783, 184, 371, 0, 0, 0.54%, 1, 0, 4, 1456.23
1775295083, 2783, 275, 371, 0, 0, 0.54%, 1, 0, 4, 1521.01
1775295088, 2784, 20, 371, 0, 0, 0.54%, 1, 0, 4, 1382.36
1775295093, 2784, 63, 371, 0, 0, 0.54%, 1, 0, 4, 1453.36
1775295098, 2784, 98, 371, 0, 0, 0.54%, 1, 0, 4, 1428.15
1775295103, 2784, 261, 371, 0, 0, 0.54%, 1, 0, 4, 1502.36
1775295108, 2784, 276, 371, 0, 0, 0.54%, 1, 0, 4, 1410.40
1775295113, 2785, 32, 371, 0, 0, 0.54%, 1, 0, 4, 1440.01
1775295118, 2785, 94, 371, 0, 0, 0.54%, 1, 0, 4, 1494.96
1775295124, 2785, 111, 371, 0, 0, 0.54%, 1, 0, 4, 1405.56
1775295129, 2785, 261, 371, 0, 0, 0.54%, 1, 0, 4, 1430.14
1775295134, 2785, 305, 371, 0, 0, 0.54%, 1, 0, 4, 1423.24
1775295139, 2786, 29, 371, 0, 0, 0.54%, 1, 0, 4, 1396.76
1775295144, 2786, 63, 371, 0, 0, 0.54%, 1, 0, 4, 1447.42
1775295149, 2786, 108, 371, 0, 0, 0.54%, 1, 0, 4, 1365.10
1775295154, 2786, 224, 371, 0, 0, 0.54%, 1, 0, 4, 1400.78
1775295159, 2786, 275, 371, 0, 0, 0.54%, 1, 0, 4, 1474.20
1775295164, 2787, 6, 371, 0, 0, 0.54%, 1, 0, 4, 1352.00
1775295169, 2787, 63, 371, 0, 0, 0.54%, 1, 0, 4, 1509.06
1775295174, 2787, 109, 371, 0, 0, 0.54%, 1, 0, 4, 1467.02
1775295179, 2787, 261, 371, 0, 0, 0.54%, 1, 0, 4, 1424.97
1775295185, 2787, 322, 371, 0, 0, 0.54%, 1, 0, 4, 1295.58
1775295190, 2788, 20, 371, 0, 0, 0.54%, 1, 0, 4, 1376.14
1775295195, 2788, 50, 371, 0, 0, 0.54%, 1, 0, 4, 1408.01
1775295200, 2788, 108, 371, 0, 0, 0.54%, 1, 0, 4, 1397.67
1775295205, 2788, 265, 371, 0, 0, 0.54%, 1, 0, 4, 1440.77
1775295210, 2788, 360, 371, 0, 0, 0.54%, 1, 0, 4, 1221.96
1775295215, 2789, 9, 371, 0, 0, 0.54%, 1, 0, 4, 1469.69
1775295220, 2789, 47, 371, 0, 0, 0.54%, 1, 0, 4, 1502.32
1775295225, 2789, 108, 371, 0, 0, 0.54%, 1, 0, 4, 1527.82
1775295230, 2789, 261, 371, 0, 0, 0.54%, 1, 0, 4, 1500.30
1775295235, 2789, 348, 371, 0, 0, 0.54%, 1, 0, 4, 1359.66
1775295241, 2790, 43, 371, 0, 0, 0.54%, 1, 0, 4, 1452.82
1775295246, 2790, 89, 371, 0, 0, 0.54%, 1, 0, 4, 1450.74
1775295251, 2790, 229, 371, 0, 0, 0.54%, 1, 0, 4, 1459.95
1775295256, 2790, 274, 371, 0, 0, 0.54%, 1, 0, 4, 1500.97
1775295261, 2790, 364, 371, 0, 0, 0.54%, 1, 0, 4, 1452.90
1775295266, 2791, 40, 371, 0, 0, 0.54%, 1, 0, 4, 1470.02
1775295271, 2791, 103, 371, 0, 0, 0.54%, 1, 0, 4, 1401.37
1775295276, 2791, 159, 371, 0, 0, 0.54%, 1, 0, 4, 1386.51
1775295282, 2791, 244, 371, 0, 0, 0.54%, 1, 0, 4, 1323.56
1775295287, 2791, 290, 371, 0, 0, 0.54%, 1, 0, 4, 1348.24
1775295292, 2792, 9, 371, 0, 0, 0.54%, 1, 0, 4, 1240.58
1775295297, 2792, 42, 371, 0, 0, 0.54%, 1, 0, 4, 1363.55
1775295302, 2792, 89, 371, 0, 0, 0.54%, 1, 0, 4, 1538.17
1775295307, 2792, 126, 371, 0, 0, 0.54%, 1, 0, 4, 1424.63
1775295312, 2792, 246, 371, 0, 0, 0.54%, 1, 0, 4, 1355.57
1775295317, 2792, 318, 371, 0, 0, 0.54%, 1, 0, 4, 1390.03
1775295322, 2792, 367, 371, 0, 0, 0.54%, 1, 0, 4, 1491.51
1775295327, 2793, 28, 371, 0, 0, 0.54%, 1, 0, 4, 1363.66
1775295332, 2793, 63, 371, 0, 0, 0.54%, 1, 0, 4, 1464.24
1775295337, 2793, 137, 371, 0, 0, 0.54%, 1, 0, 4, 1498.13
1775295342, 2793, 242, 371, 0, 0, 0.54%, 1, 0, 4, 1540.70
1775295348, 2793, 275, 371, 0, 0, 0.54%, 1, 0, 4, 1517.22
1775295353, 2794, 9, 371, 0, 0, 0.54%, 1, 0, 4, 1328.12
1775295358, 2794, 63, 371, 0, 0, 0.54%, 1, 0, 4, 1480.83
1775295363, 2794, 110, 371, 0, 0, 0.54%, 1, 0, 4, 1452.74
1775295368, 2794, 197, 371, 0, 0, 0.54%, 1, 0, 4, 1375.38
1775295373, 2794, 239, 371, 0, 0, 0.54%, 1, 0, 4, 1348.57
1775295378, 2794, 275, 371, 0, 0, 0.54%, 1, 0, 4, 1323.01
1775295383, 2795, 29, 371, 0, 0, 0.54%, 1, 0, 4, 1372.79
1775295388, 2795, 63, 371, 0, 0, 0.54%, 1, 0, 4, 1487.52
1775295393, 2795, 123, 371, 0, 0, 0.54%, 1, 0, 4, 1491.47
1775295398, 2795, 166, 371, 0, 0, 0.54%, 1, 0, 4, 1402.53
1775295403, 2795, 275, 371, 0, 0, 0.54%, 1, 0, 4, 1573.11
1775295408, 2796, 9, 371, 0, 0, 0.54%, 1, 0, 4, 1354.40
1775295413, 2796, 63, 371, 0, 0, 0.54%, 1, 0, 4, 1513.90
1775295419, 2796, 123, 371, 0, 0, 0.54%, 1, 0, 4, 1315.13
1775295424, 2796, 163, 371, 0, 0, 0.54%, 1, 0, 4, 1494.43
1775295429, 2796, 265, 371, 0, 0, 0.54%, 1, 0, 4, 1396.72
1775295434, 2796, 278, 371, 0, 0, 0.54%, 1, 0, 4, 1303.26
1775295439, 2797, 31, 371, 0, 0, 0.54%, 1, 0, 4, 1311.84
1775295444, 2797, 89, 371, 0, 0, 0.54%, 1, 0, 4, 1656.09
1775295449, 2797, 180, 371, 0, 0, 0.54%, 1, 0, 4, 1582.45
1775295454, 2797, 265, 371, 0, 0, 0.54%, 1, 0, 4, 1476.84
1775295459, 2797, 309, 371, 0, 0, 0.54%, 1, 0, 4, 1336.47
1775295465, 2798, 31, 371, 0, 0, 0.54%, 1, 0, 4, 1280.94
1775295470, 2798, 64, 371, 0, 0, 0.54%, 1, 0, 4, 1353.18
1775295475, 2798, 103, 371, 0, 0, 0.54%, 1, 0, 4, 1372.80
1775295480, 2798, 189, 371, 0, 0, 0.54%, 1, 0, 4, 1387.90
1775295485, 2798, 252, 371, 0, 0, 0.54%, 1, 0, 4, 1472.00
1775295490, 2798, 276, 371, 0, 0, 0.54%, 1, 0, 4, 1484.94
1775295495, 2799, 9, 371, 0, 0, 0.54%, 1, 0, 4, 1275.34
1775295500, 2799, 58, 371, 0, 0, 0.54%, 1, 0, 4, 1267.03
1775295505, 2799, 103, 371, 0, 0, 0.54%, 1, 0, 4, 1403.34
1775295510, 2799, 134, 371, 0, 0, 0.54%, 1, 0, 4, 1436.37
1775295515, 2799, 212, 371, 0, 0, 0.54%, 1, 0, 4, 1383.98
1775295521, 2799, 274, 371, 0, 0, 0.54%, 1, 0, 4, 1368.81
1775295526, 2800, 9, 371, 0, 0, 0.54%, 1, 0, 4, 1360.68
1775295531, 2800, 31, 371, 0, 0, 0.54%, 1, 0, 4, 1395.79
1775295536, 2800, 64, 371, 0, 0, 0.54%, 1, 0, 4, 1524.96
1775295541, 2800, 140, 371, 0, 0, 0.54%, 1, 0, 4, 1416.27
1775295546, 2800, 274, 371, 0, 0, 0.54%, 1, 0, 4, 1462.84
1775295551, 2801, 9, 371, 0, 0, 0.54%, 1, 0, 4, 1256.84
1775295556, 2801, 64, 371, 0, 0, 0.54%, 1, 0, 4, 1479.26
1775295561, 2801, 101, 371, 0, 0, 0.54%, 1, 0, 4, 1598.05
1775295566, 2801, 255, 371, 0, 0, 0.54%, 1, 0, 4, 1490.00
1775295571, 2801, 276, 371, 0, 0, 0.54%, 1, 0, 4, 1502.50
1775295577, 2802, 9, 371, 0, 0, 0.54%, 1, 0, 4, 1405.34
1775295582, 2802, 33, 371, 0, 0, 0.54%, 1, 0, 4, 1402.10
1775295587, 2802, 89, 371, 0, 0, 0.54%, 1, 0, 4, 1562.90
1775295592, 2802, 108, 371, 0, 0, 0.54%, 1, 0, 4, 1490.42
1775295597, 2802, 266, 371, 0, 0, 0.54%, 1, 0, 4, 1456.06
1775295602, 2802, 359, 371, 0, 0, 0.54%, 1, 0, 4, 1347.88
1775295607, 2803, 21, 371, 0, 0, 0.54%, 1, 0, 4, 1442.76
1775295612, 2803, 58, 371, 0, 0, 0.54%, 1, 0, 4, 1476.97
1775295617, 2803, 92, 371, 0, 0, 0.54%, 1, 0, 4, 1319.43
1775295623, 2803, 214, 371, 0, 0, 0.54%, 1, 0, 4, 1465.24
1775295628, 2803, 261, 371, 0, 0, 0.54%, 1, 0, 4, 1478.37
1775295633, 2803, 283, 371, 0, 0, 0.54%, 1, 0, 4, 1431.17
1775295638, 2804, 29, 371, 0, 0, 0.54%, 1, 0, 4, 1385.72
1775295643, 2804, 65, 371, 0, 0, 0.54%, 1, 0, 4, 1474.89
1775295648, 2804, 144, 371, 0, 0, 0.54%, 1, 0, 4, 1461.80
1775295653, 2804, 274, 371, 0, 0, 0.54%, 1, 0, 4, 1497.40
1775295658, 2804, 297, 371, 0, 0, 0.54%, 1, 0, 4, 1328.99
1775295663, 2805, 29, 371, 0, 0, 0.54%, 1, 0, 4, 1392.01
1775295668, 2805, 66, 371, 0, 0, 0.54%, 1, 0, 4, 1444.55
1775295673, 2805, 108, 371, 0, 0, 0.54%, 1, 0, 4, 1524.39
1775295678, 2805, 255, 371, 0, 0, 0.54%, 1, 0, 4, 1487.38
1775295683, 2805, 276, 371, 0, 0, 0.54%, 1, 0, 4, 1431.01
1775295689, 2806, 9, 371, 0, 0, 0.54%, 1, 0, 4, 1354.43
1775295694, 2806, 47, 371, 0, 0, 0.54%, 1, 0, 4, 1376.42
1775295699, 2806, 104, 371, 0, 0, 0.54%, 1, 0, 4, 1504.64
1775295704, 2806, 229, 371, 0, 0, 0.54%, 1, 0, 4, 1426.15
1775295709, 2806, 276, 371, 0, 0, 0.54%, 1, 0, 4, 1453.32
1775295714, 2807, 1, 371, 0, 0, 0.54%, 1, 0, 4, 1353.64
1775295719, 2807, 33, 371, 0, 0, 0.54%, 1, 0, 4, 1441.29
1775295724, 2807, 63, 371, 0, 0, 0.54%, 1, 0, 4, 1410.31
1775295730, 2807, 112, 371, 0, 0, 0.54%, 1, 0, 4, 1472.02
1775295735, 2807, 234, 371, 0, 0, 0.54%, 1, 0, 4, 1457.89
1775295740, 2807, 275, 371, 0, 0, 0.54%, 1, 0, 4, 1599.46
1775295745, 2807, 365, 371, 0, 0, 0.54%, 1, 0, 4, 1359.94
1775295750, 2808, 33, 371, 0, 0, 0.54%, 1, 0, 4, 1463.61
1775295755, 2808, 78, 371, 0, 0, 0.54%, 1, 0, 4, 1448.84
1775295760, 2808, 116, 371, 0, 0, 0.54%, 1, 0, 4, 1395.06
1775295765, 2808, 207, 371, 0, 0, 0.54%, 1, 0, 4, 1472.24
1775295770, 2808, 275, 371, 0, 0, 0.54%, 1, 0, 4, 1491.14
1775295775, 2808, 348, 371, 0, 0, 0.54%, 1, 0, 4, 1210.87
1775295780, 2809, 25, 371, 0, 0, 0.54%, 1, 0, 4, 1417.15
1775295785, 2809, 51, 371, 0, 0, 0.54%, 1, 0, 4, 1400.28
1775295790, 2809, 103, 371, 0, 0, 0.54%, 1, 0, 4, 1555.66
1775295796, 2809, 231, 371, 0, 0, 0.54%, 1, 0, 4, 1504.95
1775295801, 2809, 275, 371, 0, 0, 0.54%, 1, 0, 4, 1442.72
1775295806, 2809, 336, 371, 0, 0, 0.54%, 1, 0, 4, 1248.39
1775295811, 2810, 9, 371, 0, 0, 0.54%, 1, 0, 4, 1482.67
1775295816, 2810, 64, 371, 0, 0, 0.54%, 1, 0, 4, 1552.78
1775295821, 2810, 108, 371, 0, 0, 0.54%, 1, 0, 4, 1398.41
1775295826, 2810, 194, 371, 0, 0, 0.54%, 1, 0, 4, 1367.65
1775295831, 2810, 265, 371, 0, 0, 0.54%, 1, 0, 4, 1539.44
1775295836, 2810, 283, 371, 0, 0, 0.54%, 1, 0, 4, 821.93
1775295841, 2811, 31, 371, 0, 0, 0.54%, 1, 0, 4, 1293.94
1775295847, 2811, 103, 371, 0, 0, 0.54%, 1, 0, 4, 1492.12
1775295852, 2811, 141, 371, 0, 0, 0.54%, 1, 0, 4, 1431.32
1775295857, 2811, 216, 371, 0, 0, 0.54%, 1, 0, 4, 1451.85
1775295862, 2811, 276, 371, 0, 0, 0.54%, 1, 0, 4, 1402.45
1775295867, 2812, 16, 371, 0, 0, 0.54%, 1, 0, 4, 1396.39
1775295872, 2812, 63, 371, 0, 0, 0.54%, 1, 0, 4, 1438.60
1775295877, 2812, 103, 371, 0, 0, 0.54%, 1, 0, 4, 1478.01
1775295882, 2812, 182, 371, 0, 0, 0.54%, 1, 0, 4, 1520.53
1775295887, 2812, 237, 371, 0, 0, 0.54%, 1, 0, 4, 1550.32
1775295892, 2812, 299, 371, 0, 0, 0.54%, 1, 0, 4, 1536.49
1775295897, 2813, 33, 371, 0, 0, 0.54%, 1, 0, 4, 1396.78
1775295902, 2813, 101, 371, 0, 0, 0.54%, 1, 0, 4, 1520.46
1775295907, 2813, 187, 371, 0, 0, 0.54%, 1, 0, 4, 1343.72
1775295912, 2813, 265, 371, 0, 0, 0.54%, 1, 0, 4, 1444.05
1775295917, 2813, 344, 371, 0, 0, 0.54%, 1, 0, 4, 1283.72
1775295923, 2814, 29, 371, 0, 0, 0.54%, 1, 0, 4, 1283.08
1775295928, 2814, 59, 371, 0, 0, 0.54%, 1, 0, 4, 1407.67
1775295933, 2814, 103, 371, 0, 0, 0.54%, 1, 0, 4, 1520.25
1775295938, 2814, 208, 371, 0, 0, 0.54%, 1, 0, 4, 1386.43
1775295943, 2814, 275, 371, 0, 0, 0.54%, 1, 0, 4, 1398.38
1775295948, 2815, 8, 371, 0, 0, 0.54%, 1, 0, 4, 1348.44
1775295953, 2815, 33, 371, 0, 0, 0.54%, 1, 0, 4, 1436.10
1775295958, 2815, 101, 371, 0, 0, 0.54%, 1, 0, 4, 1445.99
1775295964, 2815, 264, 371, 0, 0, 0.54%, 1, 0, 4, 1406.09
1775295969, 2815, 288, 371, 0, 0, 0.54%, 1, 0, 4, 1368.10
1775295974, 2816, 9, 371, 0, 0, 0.54%, 1, 0, 4, 1541.11
1775295979, 2816, 63, 371, 0, 0, 0.54%, 1, 0, 4, 1515.52
1775295984, 2816, 101, 371, 0, 0, 0.54%, 1, 0, 4, 1489.27
1775295989, 2816, 261, 371, 0, 0, 0.54%, 1, 0, 4, 1422.12
1775295994, 2816, 322, 371, 0, 0, 0.54%, 1, 0, 4, 1373.72
1775295999, 2817, 34, 371, 0, 0, 0.54%, 1, 0, 4, 1435.22
1775296004, 2817, 87, 371, 0, 0, 0.54%, 1, 0, 4, 1480.36
1775296009, 2817, 129, 371, 0, 0, 0.54%, 1, 0, 4, 1495.97
1775296015, 2817, 265, 371, 0, 0, 0.54%, 1, 0, 4, 1536.37
1775296020, 2817, 364, 371, 0, 0, 0.54%, 1, 0, 4, 1342.01
1775296025, 2818, 25, 371, 0, 0, 0.54%, 1, 0, 4, 1438.21
1775296030, 2818, 58, 371, 0, 0, 0.54%, 1, 0, 4, 1381.98
1775296035, 2818, 101, 371, 0, 0, 0.54%, 1, 0, 4, 1375.78
1775296040, 2818, 168, 371, 0, 0, 0.54%, 1, 0, 4, 1310.79
1775296045, 2818, 261, 371, 0, 0, 0.54%, 1, 0, 4, 1384.64
1775296050, 2818, 322, 371, 0, 0, 0.54%, 1, 0, 4, 1341.83
1775296055, 2819, 33, 371, 0, 0, 0.54%, 1, 0, 4, 1331.41
1775296060, 2819, 103, 371, 0, 0, 0.54%, 1, 0, 4, 1421.85
1775296065, 2819, 179, 371, 0, 0, 0.54%, 1, 0, 4, 1384.97
1775296071, 2819, 265, 371, 0, 0, 0.54%, 1, 0, 4, 1498.12
1775296076, 2819, 294, 371, 0, 0, 0.54%, 1, 0, 4, 1361.75
1775296081, 2820, 21, 371, 0, 0, 0.54%, 1, 0, 4, 1396.24
1775296086, 2820, 49, 371, 0, 0, 0.54%, 1, 0, 4, 1342.66
1775296091, 2820, 92, 371, 0, 0, 0.54%, 1, 0, 4, 1436.16
1775296096, 2820, 108, 371, 0, 0, 0.54%, 1, 0, 4, 1393.25
1775296101, 2820, 230, 371, 0, 0, 0.54%, 1, 0, 4, 1484.39
1775296106, 2820, 275, 371, 0, 0, 0.54%, 1, 0, 4, 1410.05
1775296111, 2820, 360, 371, 0, 0, 0.54%, 1, 0, 4, 1255.11
1775296116, 2821, 9, 371, 0, 0, 0.54%, 1, 0, 4, 1387.54
1775296121, 2821, 58, 371, 0, 0, 0.54%, 1, 0, 4, 1343.66
1775296127, 2821, 89, 371, 0, 0, 0.54%, 1, 0, 4, 1453.03
1775296132, 2821, 119, 371, 0, 0, 0.54%, 1, 0, 4, 1456.68
1775296137, 2821, 181, 371, 0, 0, 0.54%, 1, 0, 4, 1456.37
1775296142, 2821, 265, 371, 0, 0, 0.54%, 1, 0, 4, 1399.27
1775296147, 2821, 322, 371, 0, 0, 0.54%, 1, 0, 4, 1356.74
1775296152, 2822, 9, 371, 0, 0, 0.54%, 1, 0, 4, 1505.13
1775296157, 2822, 89, 371, 0, 0, 0.54%, 1, 0, 4, 1511.96
1775296162, 2822, 166, 371, 0, 0, 0.54%, 1, 0, 4, 1537.99
1775296167, 2822, 221, 371, 0, 0, 0.54%, 1, 0, 4, 1371.92
1775296172, 2822, 274, 371, 0, 0, 0.54%, 1, 0, 4, 1372.68
1775296177, 2822, 367, 371, 0, 0, 0.54%, 1, 0, 4, 1496.88
1775296182, 2823, 29, 371, 0, 0, 0.54%, 1, 0, 4, 1417.13
1775296187, 2823, 63, 371, 0, 0, 0.54%, 1, 0, 4, 1321.30
1775296192, 2823, 101, 371, 0, 0, 0.54%, 1, 0, 4, 1373.95
1775296198, 2823, 208, 371, 0, 0, 0.54%, 1, 0, 4, 1473.99
1775296203, 2823, 261, 371, 0, 0, 0.54%, 1, 0, 4, 1252.50
1775296208, 2823, 347, 371, 0, 0, 0.54%, 1, 0, 4, 1291.33
1775296213, 2824, 31, 371, 0, 0, 0.54%, 1, 0, 4, 1358.27
1775296218, 2824, 101, 371, 0, 0, 0.54%, 1, 0, 4, 294.49
1775296223, 2824, 149, 371, 0, 0, 0.54%, 1, 0, 4, 1141.36
1775296228, 2824, 228, 371, 0, 0, 0.54%, 1, 0, 4, 1369.04
1775296233, 2824, 274, 371, 0, 0, 0.54%, 1, 0, 4, 1415.41
1775296238, 2824, 307, 371, 0, 0, 0.54%, 1, 0, 4, 1352.15
1775296243, 2825, 31, 371, 0, 0, 0.54%, 1, 0, 4, 1311.21
1775296248, 2825, 89, 371, 0, 0, 0.54%, 1, 0, 4, 1440.01
1775296253, 2825, 132, 371, 0, 0, 0.54%, 1, 0, 4, 1321.61
1775296258, 2825, 206, 371, 0, 0, 0.54%, 1, 0, 4, 1498.67
1775296263, 2825, 275, 371, 0, 0, 0.54%, 1, 0, 4, 1374.75
1775296269, 2826, 9, 371, 0, 0, 0.54%, 1, 0, 4, 1302.17
1775296274, 2826, 64, 371, 0, 0, 0.54%, 1, 0, 4, 1469.61
1775296279, 2826, 108, 371, 0, 0, 0.54%, 1, 0, 4, 1399.88
1775296284, 2826, 270, 371, 0, 0, 0.54%, 1, 0, 4, 1424.44
1775296289, 2826, 322, 371, 0, 0, 0.54%, 1, 0, 4, 1240.16
1775296294, 2827, 29, 371, 0, 0, 0.54%, 1, 0, 4, 1318.30
1775296299, 2827, 58, 371, 0, 0, 0.54%, 1, 0, 4, 1404.05
1775296304, 2827, 108, 371, 0, 0, 0.54%, 1, 0, 4, 1478.82
1775296309, 2827, 250, 371, 0, 0, 0.54%, 1, 0, 4, 1448.89
1775296314, 2827, 275, 371, 0, 0, 0.54%, 1, 0, 4, 1576.82
1775296319, 2828, 9, 371, 0, 0, 0.54%, 1, 0, 4, 1457.58
1775296324, 2828, 34, 371, 0, 0, 0.54%, 1, 0, 4, 1363.94
1775296330, 2828, 103, 371, 0, 0, 0.54%, 1, 0, 4, 1464.73
1775296335, 2828, 163, 371, 0, 0, 0.54%, 1, 0, 4, 1478.06
1775296340, 2828, 265, 371, 0, 0, 0.54%, 1, 0, 4, 1494.11
1775296345, 2828, 370, 371, 0, 0, 0.54%, 1, 0, 4, 1259.40
1775296350, 2829, 29, 371, 0, 0, 0.54%, 1, 0, 4, 1357.16
1775296355, 2829, 58, 371, 0, 0, 0.54%, 1, 0, 4, 1423.72
1775296360, 2829, 103, 371, 0, 0, 0.54%, 1, 0, 4, 1521.66
1775296365, 2829, 145, 371, 0, 0, 0.54%, 1, 0, 4, 1368.15
1775296370, 2829, 274, 371, 0, 0, 0.54%, 1, 0, 4, 1480.27
1775296375, 2829, 329, 371, 0, 0, 0.54%, 1, 0, 4, 1282.15
1775296381, 2830, 33, 371, 0, 0, 0.54%, 1, 0, 4, 1302.61
1775296386, 2830, 103, 371, 0, 0, 0.54%, 1, 0, 4, 1307.41
1775296391, 2830, 182, 371, 0, 0, 0.54%, 1, 0, 4, 1432.31
1775296396, 2830, 286, 371, 0, 0, 0.54%, 1, 0, 4, 1343.13
1775296401, 2830, 369, 371, 0, 0, 0.54%, 1, 0, 4, 1160.62
1775296406, 2831, 53, 371, 0, 0, 0.54%, 1, 0, 4, 1377.15
1775296411, 2831, 108, 371, 0, 0, 0.54%, 1, 0, 4, 1536.27
1775296416, 2831, 144, 371, 0, 0, 0.54%, 1, 0, 4, 1430.27
1775296421, 2831, 261, 371, 0, 0, 0.54%, 1, 0, 4, 1376.32
1775296426, 2831, 294, 371, 0, 0, 0.54%, 1, 0, 4, 1414.34
1775296431, 2832, 28, 371, 0, 0, 0.54%, 1, 0, 4, 1375.04
1775296436, 2832, 58, 371, 0, 0, 0.54%, 1, 0, 4, 1440.98
1775296442, 2832, 103, 371, 0, 0, 0.54%, 1, 0, 4, 1447.58
1775296447, 2832, 265, 371, 0, 0, 0.54%, 1, 0, 4, 1482.13
1775296452, 2832, 369, 371, 0, 0, 0.54%, 1, 0, 4, 1346.55
1775296457, 2833, 18, 371, 0, 0, 0.54%, 1, 0, 4, 1779.03
1775296462, 2833, 52, 371, 0, 0, 0.54%, 1, 0, 4, 1527.21
1775296467, 2833, 84, 371, 0, 0, 0.54%, 1, 0, 4, 1472.56
1775296472, 2833, 159, 371, 0, 0, 0.54%, 1, 0, 4, 1563.94
1775296477, 2833, 315, 371, 0, 0, 0.54%, 1, 0, 4, 1343.78
1775296483, 2834, 28, 371, 0, 0, 0.54%, 1, 0, 4, 1342.96
1775296488, 2834, 64, 371, 0, 0, 0.54%, 1, 0, 4, 1474.02
1775296493, 2834, 133, 371, 0, 0, 0.54%, 1, 0, 4, 1449.38
1775296498, 2834, 243, 371, 0, 0, 0.54%, 1, 0, 4, 1401.63
1775296503, 2834, 276, 371, 0, 0, 0.54%, 1, 0, 4, 1412.10
1775296508, 2834, 369, 371, 0, 0, 0.54%, 1, 0, 4, 1260.31
1775296513, 2835, 31, 371, 0, 0, 0.54%, 1, 0, 4, 1241.84
1775296518, 2835, 64, 371, 0, 0, 0.54%, 1, 0, 4, 1356.03
1775296523, 2835, 117, 371, 0, 0, 0.54%, 1, 0, 4, 1368.11
1775296528, 2835, 160, 371, 0, 0, 0.54%, 1, 0, 4, 1373.70
1775296533, 2835, 274, 371, 0, 0, 0.54%, 1, 0, 4, 1482.94
1775296539, 2835, 360, 371, 0, 0, 0.54%, 1, 0, 4, 1290.70
1775296544, 2836, 33, 371, 0, 0, 0.54%, 1, 0, 4, 1425.55
1775296549, 2836, 78, 371, 0, 0, 0.54%, 1, 0, 4, 1567.29
1775296554, 2836, 108, 371, 0, 0, 0.54%, 1, 0, 4, 1393.74
1775296559, 2836, 179, 371, 0, 0, 0.54%, 1, 0, 4, 1332.06
1775296564, 2836, 268, 371, 0, 0, 0.54%, 1, 0, 4, 1467.51
1775296569, 2836, 356, 371, 0, 0, 0.54%, 1, 0, 4, 1342.84
1775296574, 2837, 35, 371, 0, 0, 0.54%, 1, 0, 4, 1447.77
1775296579, 2837, 75, 371, 0, 0, 0.54%, 1, 0, 4, 1493.79
1775296584, 2837, 104, 371, 0, 0, 0.54%, 1, 0, 4, 1355.43
1775296589, 2837, 244, 371, 0, 0, 0.54%, 1, 0, 4, 1738.81
1775296594, 2837, 276, 371, 0, 0, 0.54%, 1, 0, 4, 1459.64
1775296600, 2838, 1, 371, 0, 0, 0.54%, 1, 0, 4, 1411.11
1775296605, 2838, 63, 371, 0, 0, 0.54%, 1, 0, 4, 1519.29
1775296610, 2838, 108, 371, 0, 0, 0.54%, 1, 0, 4, 1416.90
1775296615, 2838, 202, 371, 0, 0, 0.54%, 1, 0, 4, 1376.39
1775296620, 2838, 276, 371, 0, 0, 0.54%, 1, 0, 4, 1404.83
1775296625, 2839, 30, 371, 0, 0, 0.54%, 1, 0, 4, 1415.59
1775296630, 2839, 89, 371, 0, 0, 0.54%, 1, 0, 4, 1488.32
1775296635, 2839, 126, 371, 0, 0, 0.54%, 1, 0, 4, 1445.18
1775296640, 2839, 261, 371, 0, 0, 0.54%, 1, 0, 4, 1331.57
1775296645, 2839, 322, 371, 0, 0, 0.54%, 1, 0, 4, 1351.86
1775296650, 2840, 29, 371, 0, 0, 0.54%, 1, 0, 4, 1379.30
1775296656, 2840, 58, 371, 0, 0, 0.54%, 1, 0, 4, 1266.63
1775296661, 2840, 108, 371, 0, 0, 0.54%, 1, 0, 4, 1423.13
1775296666, 2840, 220, 371, 0, 0, 0.54%, 1, 0, 4, 1551.39
1775296671, 2840, 275, 371, 0, 0, 0.54%, 1, 0, 4, 1436.45
1775296676, 2840, 363, 371, 0, 0, 0.54%, 1, 0, 4, 1318.30
1775296681, 2841, 33, 371, 0, 0, 0.54%, 1, 0, 4, 1414.06
1775296686, 2841, 99, 371, 0, 0, 0.54%, 1, 0, 4, 1337.18
1775296691, 2841, 120, 371, 0, 0, 0.54%, 1, 0, 4, 1379.11
1775296696, 2841, 173, 371, 0, 0, 0.54%, 1, 0, 4, 1436.47
1775296701, 2841, 241, 371, 0, 0, 0.54%, 1, 0, 4, 1442.92
1775296707, 2841, 272, 371, 0, 0, 0.54%, 1, 0, 4, 1460.65
1775296712, 2841, 352, 371, 0, 0, 0.54%, 1, 0, 4, 1377.20
1775296717, 2842, 31, 371, 0, 0, 0.54%, 1, 0, 4, 1287.34
1775296722, 2842, 78, 371, 0, 0, 0.54%, 1, 0, 4, 1341.41
1775296727, 2842, 108, 371, 0, 0, 0.54%, 1, 0, 4, 1372.22
1775296732, 2842, 191, 371, 0, 0, 0.54%, 1, 0, 4, 1515.70
1775296737, 2842, 274, 371, 0, 0, 0.54%, 1, 0, 4, 1469.78
1775296742, 2842, 329, 371, 0, 0, 0.54%, 1, 0, 4, 1311.15
1775296747, 2843, 33, 371, 0, 0, 0.54%, 1, 0, 4, 1378.90
1775296753, 2843, 89, 371, 0, 0, 0.54%, 1, 0, 4, 1417.15
1775296758, 2843, 135, 371, 0, 0, 0.54%, 1, 0, 4, 1412.74
1775296763, 2843, 265, 371, 0, 0, 0.54%, 1, 0, 4, 1318.96
1775296768, 2843, 322, 371, 0, 0, 0.54%, 1, 0, 4, 1348.82
1775296773, 2844, 33, 371, 0, 0, 0.54%, 1, 0, 4, 1365.65
1775296778, 2844, 89, 371, 0, 0, 0.54%, 1, 0, 4, 1407.69
1775296783, 2844, 261, 371, 0, 0, 0.54%, 1, 0, 4, 1418.31
1775296788, 2844, 322, 371, 0, 0, 0.54%, 1, 0, 4, 1351.59
1775296793, 2845, 58, 371, 0, 0, 0.54%, 1, 0, 4, 1480.39
1775296799, 2845, 103, 371, 0, 0, 0.54%, 1, 0, 4, 1360.62
1775296804, 2845, 206, 371, 0, 0, 0.54%, 1, 0, 4, 1512.02
1775296809, 2845, 269, 371, 0, 0, 0.54%, 1, 0, 4, 1297.74
1775296814, 2845, 365, 371, 0, 0, 0.54%, 1, 0, 4, 1338.73
1775296819, 2846, 9, 371, 0, 0, 0.54%, 1, 0, 4, 1478.24
1775296824, 2846, 63, 371, 0, 0, 0.54%, 1, 0, 4, 1448.10
1775296829, 2846, 108, 371, 0, 0, 0.54%, 1, 0, 4, 1345.99
1775296834, 2846, 169, 371, 0, 0, 0.54%, 1, 0, 4, 1369.39
1775296839, 2846, 253, 371, 0, 0, 0.54%, 1, 0, 4, 1467.96
1775296844, 2846, 275, 371, 0, 0, 0.54%, 1, 0, 4, 1486.05
1775296850, 2847, 8, 371, 0, 0, 0.54%, 1, 0, 4, 1293.63
1775296855, 2847, 39, 371, 0, 0, 0.54%, 1, 0, 4, 1429.69
1775296860, 2847, 103, 371, 0, 0, 0.54%, 1, 0, 4, 1475.26
1775296865, 2847, 138, 371, 0, 0, 0.54%, 1, 0, 4, 1413.10
1775296870, 2847, 264, 371, 0, 0, 0.54%, 1, 0, 4, 1455.32
1775296875, 2847, 276, 371, 0, 0, 0.54%, 1, 0, 4, 1332.36
1775296880, 2847, 367, 371, 0, 0, 0.54%, 1, 0, 4, 1200.82
1775296885, 2848, 17, 371, 0, 0, 0.54%, 1, 0, 4, 1405.32
1775296890, 2848, 49, 371, 0, 0, 0.54%, 1, 0, 4, 1444.97
1775296895, 2848, 94, 371, 0, 0, 0.54%, 1, 0, 4, 1451.18
1775296900, 2848, 206, 371, 0, 0, 0.54%, 1, 0, 4, 1401.01
1775296905, 2848, 275, 371, 0, 0, 0.54%, 1, 0, 4, 1378.80
1775296911, 2849, 1, 371, 0, 0, 0.54%, 1, 0, 4, 1286.17
1775296916, 2849, 31, 371, 0, 0, 0.54%, 1, 0, 4, 1330.35
1775296921, 2849, 89, 371, 0, 0, 0.54%, 1, 0, 4, 1389.08
1775296926, 2849, 171, 371, 0, 0, 0.54%, 1, 0, 4, 1412.08
1775296931, 2849, 265, 371, 0, 0, 0.54%, 1, 0, 4, 1433.03
1775296936, 2849, 322, 371, 0, 0, 0.54%, 1, 0, 4, 1332.20
1775296941, 2850, 9, 371, 0, 0, 0.54%, 1, 0, 4, 1337.04
1775296946, 2850, 58, 371, 0, 0, 0.54%, 1, 0, 4, 1496.45
1775296951, 2850, 126, 371, 0, 0, 0.54%, 1, 0, 4, 1446.16
1775296956, 2850, 225, 371, 0, 0, 0.54%, 1, 0, 4, 990.77
1775296962, 2850, 275, 371, 0, 0, 0.54%, 1, 0, 4, 1278.88
1775296967, 2851, 8, 371, 0, 0, 0.54%, 1, 0, 4, 1164.54
1775296972, 2851, 31, 371, 0, 0, 0.54%, 1, 0, 4, 1344.64
1775296977, 2851, 76, 371, 0, 0, 0.54%, 1, 0, 4, 1434.55
1775296982, 2851, 108, 371, 0, 0, 0.54%, 1, 0, 4, 1349.86
1775296987, 2851, 262, 371, 0, 0, 0.54%, 1, 0, 4, 1519.65
1775296992, 2851, 275, 371, 0, 0, 0.54%, 1, 0, 4, 1418.62
1775296997, 2852, 9, 371, 0, 0, 0.54%, 1, 0, 4, 1339.92
1775297003, 2852, 59, 371, 0, 0, 0.54%, 1, 0, 4, 1376.79
1775297008, 2852, 108, 371, 0, 0, 0.54%, 1, 0, 4, 1565.26
1775297013, 2852, 235, 371, 0, 0, 0.54%, 1, 0, 4, 1500.60
1775297018, 2852, 270, 371, 0, 0, 0.54%, 1, 0, 4, 1417.62
1775297023, 2853, 1, 371, 0, 0, 0.54%, 1, 0, 4, 1402.26
1775297028, 2853, 55, 371, 0, 0, 0.54%, 1, 0, 4, 1459.11
1775297033, 2853, 96, 371, 0, 0, 0.54%, 1, 0, 4, 1535.32
1775297038, 2853, 217, 371, 0, 0, 0.54%, 1, 0, 4, 1448.65
1775297043, 2853, 267, 371, 0, 0, 0.54%, 1, 0, 4, 1325.50
1775297048, 2853, 293, 371, 0, 0, 0.54%, 1, 0, 4, 1373.49
1775297054, 2853, 367, 371, 0, 0, 0.54%, 1, 0, 4, 1429.20
1775297059, 2854, 16, 371, 0, 0, 0.54%, 1, 0, 4, 1431.22
1775297064, 2854, 63, 371, 0, 0, 0.54%, 1, 0, 4, 1496.59
1775297069, 2854, 156, 371, 0, 0, 0.54%, 1, 0, 4, 1342.73
1775297074, 2854, 261, 371, 0, 0, 0.54%, 1, 0, 4, 1420.46
1775297079, 2854, 322, 371, 0, 0, 0.54%, 1, 0, 4, 1414.93
1775297084, 2855, 31, 371, 0, 0, 0.54%, 1, 0, 4, 1303.19
1775297089, 2855, 90, 371, 0, 0, 0.54%, 1, 0, 4, 1422.56
1775297094, 2855, 112, 371, 0, 0, 0.54%, 1, 0, 4, 1418.62
1775297100, 2855, 176, 371, 0, 0, 0.54%, 1, 0, 4, 1404.09
1775297105, 2855, 274, 371, 0, 0, 0.54%, 1, 0, 4, 1392.36
1775297110, 2855, 322, 371, 0, 0, 0.54%, 1, 0, 4, 1267.47
1775297115, 2856, 29, 371, 0, 0, 0.54%, 1, 0, 4, 1074.80
1775297120, 2856, 41, 371, 0, 0, 0.54%, 1, 0, 4, 1326.39
1775297125, 2856, 92, 371, 0, 0, 0.54%, 1, 0, 4, 1360.05
1775297130, 2856, 123, 371, 0, 0, 0.54%, 1, 0, 4, 1260.13
1775297135, 2856, 203, 371, 0, 0, 0.54%, 1, 0, 4, 1226.79
1775297140, 2856, 276, 371, 0, 0, 0.54%, 1, 0, 4, 1305.06
1775297145, 2857, 9, 371, 0, 0, 0.54%, 1, 0, 4, 1293.45
1775297150, 2857, 31, 371, 0, 0, 0.54%, 1, 0, 4, 1305.66
1775297155, 2857, 63, 371, 0, 0, 0.54%, 1, 0, 4, 1319.53
1775297161, 2857, 108, 371, 0, 0, 0.54%, 1, 0, 4, 1257.00
1775297166, 2857, 261, 371, 0, 0, 0.54%, 1, 0, 4, 1338.12
1775297171, 2857, 322, 371, 0, 0, 0.54%, 1, 0, 4, 1439.86
1775297176, 2858, 29, 371, 0, 0, 0.54%, 1, 0, 4, 1363.38
1775297181, 2858, 58, 371, 0, 0, 0.54%, 1, 0, 4, 1447.78
1775297186, 2858, 92, 371, 0, 0, 0.54%, 1, 0, 4, 1360.10
1775297191, 2858, 237, 371, 0, 0, 0.54%, 1, 0, 4, 1391.86
1775297197, 2858, 265, 371, 0, 0, 0.54%, 1, 0, 4, 1410.53
1775297202, 2858, 338, 371, 0, 0, 0.54%, 1, 0, 4, 1262.99
1775297207, 2859, 32, 371, 0, 0, 0.54%, 1, 0, 4, 1394.11
1775297212, 2859, 89, 371, 0, 0, 0.54%, 1, 0, 4, 1438.98
1775297217, 2859, 108, 371, 0, 0, 0.54%, 1, 0, 4, 1379.72
1775297222, 2859, 213, 371, 0, 0, 0.54%, 1, 0, 4, 1414.32
1775297227, 2859, 275, 371, 0, 0, 0.54%, 1, 0, 4, 1467.12
1775297232, 2860, 9, 371, 0, 0, 0.54%, 1, 0, 4, 1337.15
1775297237, 2860, 63, 371, 0, 0, 0.54%, 1, 0, 4, 1359.42
1775297242, 2860, 103, 371, 0, 0, 0.54%, 1, 0, 4, 1374.16
1775297247, 2860, 161, 371, 0, 0, 0.54%, 1, 0, 4, 1499.10
1775297252, 2860, 199, 371, 0, 0, 0.54%, 1, 0, 4, 1471.71
1775297257, 2860, 254, 371, 0, 0, 0.54%, 1, 0, 4, 1374.45
1775297263, 2860, 294, 371, 0, 0, 0.54%, 1, 0, 4, 1372.51
1775297268, 2860, 364, 371, 0, 0, 0.54%, 1, 0, 4, 1383.28
1775297273, 2861, 33, 371, 0, 0, 0.54%, 1, 0, 4, 1557.64
1775297278, 2861, 103, 371, 0, 0, 0.54%, 1, 0, 4, 1384.30
1775297283, 2861, 159, 371, 0, 0, 0.54%, 1, 0, 4, 1311.96
1775297288, 2861, 261, 371, 0, 0, 0.54%, 1, 0, 4, 1394.89
1775297293, 2861, 283, 371, 0, 0, 0.54%, 1, 0, 4, 1391.78
1775297298, 2862, 25, 371, 0, 0, 0.54%, 1, 0, 4, 1215.58
1775297303, 2862, 63, 371, 0, 0, 0.54%, 1, 0, 4, 1286.86
1775297309, 2862, 103, 371, 0, 0, 0.54%, 1, 0, 4, 1046.45
1775297314, 2862, 170, 371, 0, 0, 0.54%, 1, 0, 4, 1131.75
1775297319, 2862, 265, 371, 0, 0, 0.54%, 1, 0, 4, 1313.77
1775297324, 2862, 322, 371, 0, 0, 0.54%, 1, 0, 4, 1235.40
1775297329, 2863, 29, 371, 0, 0, 0.54%, 1, 0, 4, 1346.38
1775297334, 2863, 84, 371, 0, 0, 0.54%, 1, 0, 4, 1459.10
1775297339, 2863, 108, 371, 0, 0, 0.54%, 1, 0, 4, 1227.72
1775297344, 2863, 181, 371, 0, 0, 0.54%, 1, 0, 4, 1274.24
1775297349, 2863, 238, 371, 0, 0, 0.54%, 1, 0, 4, 1412.14
1775297354, 2863, 276, 371, 0, 0, 0.54%, 1, 0, 4, 1502.15
1775297359, 2864, 29, 371, 0, 0, 0.54%, 1, 0, 4, 1367.80
1775297364, 2864, 94, 371, 0, 0, 0.54%, 1, 0, 4, 1531.67
1775297369, 2864, 144, 371, 0, 0, 0.54%, 1, 0, 4, 1424.28
1775297375, 2864, 255, 371, 0, 0, 0.54%, 1, 0, 4, 1424.75
1775297380, 2864, 297, 371, 0, 0, 0.54%, 1, 0, 4, 1452.54
1775297385, 2865, 33, 371, 0, 0, 0.54%, 1, 0, 4, 1363.17
1775297390, 2865, 97, 371, 0, 0, 0.54%, 1, 0, 4, 1466.02
1775297395, 2865, 152, 371, 0, 0, 0.54%, 1, 0, 4, 1459.04
1775297400, 2865, 192, 371, 0, 0, 0.54%, 1, 0, 4, 1463.72
1775297405, 2865, 269, 371, 0, 0, 0.54%, 1, 0, 4, 1353.35
1775297410, 2865, 344, 371, 0, 0, 0.54%, 1, 0, 4, 1203.63
1775297415, 2866, 29, 371, 0, 0, 0.54%, 1, 0, 4, 1319.87
1775297420, 2866, 66, 371, 0, 0, 0.54%, 1, 0, 4, 1405.97
1775297426, 2866, 108, 371, 0, 0, 0.54%, 1, 0, 4, 1434.76
1775297431, 2866, 261, 371, 0, 0, 0.54%, 1, 0, 4, 1353.98
1775297436, 2866, 353, 371, 0, 0, 0.54%, 1, 0, 4, 1328.94
1775297441, 2867, 31, 371, 0, 0, 0.54%, 1, 0, 4, 1333.25
1775297446, 2867, 89, 371, 0, 0, 0.54%, 1, 0, 4, 1444.86
1775297451, 2867, 132, 371, 0, 0, 0.54%, 1, 0, 4, 1336.96
1775297456, 2867, 180, 371, 0, 0, 0.54%, 1, 0, 4, 1230.66
1775297461, 2867, 274, 371, 0, 0, 0.54%, 1, 0, 4, 1322.46
1775297466, 2867, 365, 371, 0, 0, 0.54%, 1, 0, 4, 1399.45
1775297471, 2868, 29, 371, 0, 0, 0.54%, 1, 0, 4, 1372.78
1775297476, 2868, 92, 371, 0, 0, 0.54%, 1, 0, 4, 1436.10
1775297481, 2868, 108, 371, 0, 0, 0.54%, 1, 0, 4, 1564.63
1775297487, 2868, 261, 371, 0, 0, 0.54%, 1, 0, 4, 1483.94
1775297492, 2868, 294, 371, 0, 0, 0.54%, 1, 0, 4, 1444.22
1775297497, 2868, 367, 371, 0, 0, 0.54%, 1, 0, 4, 1414.30
1775297502, 2868, 369, 371, 0, 0, 0.54%, 1, 0, 4, 1426.22
1775297507, 2869, 33, 371, 0, 0, 0.54%, 1, 0, 4, 1335.61
1775297512, 2869, 105, 371, 0, 0, 0.54%, 1, 0, 4, 1374.31
1775297517, 2869, 188, 371, 0, 0, 0.54%, 1, 0, 4, 1282.24
1775297522, 2869, 275, 371, 0, 0, 0.54%, 1, 0, 4, 1409.98
1775297527, 2869, 366, 371, 0, 0, 0.54%, 1, 0, 4, 1254.06
1775297532, 2870, 33, 371, 0, 0, 0.54%, 1, 0, 4, 1425.10
1775297537, 2870, 101, 371, 0, 0, 0.54%, 1, 0, 4, 1426.70
1775297542, 2870, 147, 371, 0, 0, 0.54%, 1, 0, 4, 1366.47
1775297548, 2870, 187, 371, 0, 0, 0.54%, 1, 0, 4, 1207.57
1775297553, 2870, 274, 371, 0, 0, 0.54%, 1, 0, 4, 1323.60
1775297558, 2870, 322, 371, 0, 0, 0.54%, 1, 0, 4, 1340.46
1775297563, 2871, 33, 371, 0, 0, 0.54%, 1, 0, 4, 1289.02
1775297568, 2871, 89, 371, 0, 0, 0.54%, 1, 0, 4, 1376.99
1775297573, 2871, 150, 371, 0, 0, 0.54%, 1, 0, 4, 1270.36
1775297578, 2871, 274, 371, 0, 0, 0.54%, 1, 0, 4, 1420.80
1775297583, 2871, 324, 371, 0, 0, 0.54%, 1, 0, 4, 1138.08
1775297588, 2872, 31, 371, 0, 0, 0.54%, 1, 0, 4, 1320.41
1775297593, 2872, 59, 371, 0, 0, 0.54%, 1, 0, 4, 1193.10
1775297599, 2872, 78, 371, 0, 0, 0.54%, 1, 0, 4, 224.51
1775297604, 2872, 101, 371, 0, 0, 0.54%, 1, 0, 4, 287.50
1775297609, 2872, 104, 371, 0, 0, 0.54%, 1, 0, 4, 418.18
1775297614, 2872, 136, 371, 0, 0, 0.54%, 1, 0, 4, 871.52
1775297619, 2872, 201, 371, 0, 0, 0.54%, 1, 0, 4, 1087.49
1775297624, 2872, 265, 371, 0, 0, 0.54%, 1, 0, 4, 1331.32
1775297629, 2872, 323, 371, 0, 0, 0.54%, 1, 0, 4, 1220.44
1775297634, 2873, 38, 371, 0, 0, 0.54%, 1, 0, 4, 1380.03
1775297639, 2873, 86, 371, 0, 0, 0.54%, 1, 0, 4, 1398.28
1775297644, 2873, 109, 371, 0, 0, 0.54%, 1, 0, 4, 1319.87
1775297649, 2873, 274, 371, 0, 0, 0.54%, 1, 0, 4, 1433.02
1775297654, 2873, 304, 371, 0, 0, 0.54%, 1, 0, 4, 1185.66
1775297659, 2873, 364, 371, 0, 0, 0.54%, 1, 0, 4, 159.90
1775297670, 2873, 365, 371, 0, 0, 0.54%, 1, 0, 4, 195.95
1775297685, 2874, 9, 371, 0, 0, 0.54%, 1, 0, 4, 392.55
1775297690, 2874, 63, 371, 0, 0, 0.54%, 1, 0, 4, 1098.96
1775297695, 2874, 103, 371, 0, 0, 0.54%, 1, 0, 4, 1332.66
1775297700, 2874, 183, 371, 0, 0, 0.54%, 1, 0, 4, 1292.55
1775297705, 2874, 265, 371, 0, 0, 0.54%, 1, 0, 4, 1370.69
1775297710, 2874, 322, 371, 0, 0, 0.54%, 1, 0, 4, 1290.58
1775297715, 2875, 9, 371, 0, 0, 0.54%, 1, 0, 4, 1429.15
1775297721, 2875, 33, 371, 0, 0, 0.54%, 1, 0, 4, 1457.88
1775297726, 2875, 89, 371, 0, 0, 0.54%, 1, 0, 4, 1396.33
1775297731, 2875, 120, 371, 0, 0, 0.54%, 1, 0, 4, 1415.55
1775297736, 2875, 207, 371, 0, 0, 0.54%, 1, 0, 4, 1380.11
1775297741, 2875, 265, 371, 0, 0, 0.54%, 1, 0, 4, 1357.16
1775297746, 2875, 275, 371, 0, 0, 0.54%, 1, 0, 4, 1216.31
1775297751, 2876, 29, 371, 0, 0, 0.54%, 1, 0, 4, 1459.17
1775297756, 2876, 83, 371, 0, 0, 0.54%, 1, 0, 4, 1429.94
1775297761, 2876, 144, 371, 0, 0, 0.54%, 1, 0, 4, 1362.05
1775297766, 2876, 210, 371, 0, 0, 0.54%, 1, 0, 4, 1425.66
1775297772, 2876, 275, 371, 0, 0, 0.54%, 1, 0, 4, 1444.57
1775297777, 2877, 9, 371, 0, 0, 0.54%, 1, 0, 4, 1242.72
1775297782, 2877, 58, 371, 0, 0, 0.54%, 1, 0, 4, 1376.86
1775297787, 2877, 89, 371, 0, 0, 0.54%, 1, 0, 4, 1446.53
1775297792, 2877, 106, 371, 0, 0, 0.54%, 1, 0, 4, 1383.92
1775297797, 2877, 188, 371, 0, 0, 0.54%, 1, 0, 4, 1410.27
1775297802, 2877, 216, 371, 0, 0, 0.54%, 1, 0, 4, 1385.07
1775297807, 2877, 274, 371, 0, 0, 0.54%, 1, 0, 4, 1438.03
1775297812, 2877, 326, 371, 0, 0, 0.54%, 1, 0, 4, 1288.04
1775297817, 2878, 31, 371, 0, 0, 0.54%, 1, 0, 4, 1402.84
1775297822, 2878, 85, 371, 0, 0, 0.54%, 1, 0, 4, 1470.44
1775297827, 2878, 129, 371, 0, 0, 0.54%, 1, 0, 4, 1420.01
1775297833, 2878, 188, 371, 0, 0, 0.54%, 1, 0, 4, 1388.17
1775297838, 2878, 261, 371, 0, 0, 0.54%, 1, 0, 4, 1469.90
1775297843, 2878, 289, 371, 0, 0, 0.54%, 1, 0, 4, 1450.20
1775297848, 2878, 369, 371, 0, 0, 0.54%, 1, 0, 4, 1353.90
1775297853, 2879, 31, 371, 0, 0, 0.54%, 1, 0, 4, 1335.15
1775297858, 2879, 89, 371, 0, 0, 0.54%, 1, 0, 4, 1428.20
1775297863, 2879, 141, 371, 0, 0, 0.54%, 1, 0, 4, 1336.42
1775297868, 2879, 180, 371, 0, 0, 0.54%, 1, 0, 4, 1388.97
1775297873, 2879, 265, 371, 0, 0, 0.54%, 1, 0, 4, 1430.82
1775297879, 2879, 362, 371, 0, 0, 0.54%, 1, 0, 4, 1330.21
1775297884, 2880, 29, 371, 0, 0, 0.54%, 1, 0, 4, 1335.07
1775297889, 2880, 71, 371, 0, 0, 0.54%, 1, 0, 4, 1527.81
1775297894, 2880, 121, 371, 0, 0, 0.54%, 1, 0, 4, 1457.40
1775297899, 2880, 244, 371, 0, 0, 0.54%, 1, 0, 4, 1384.40
1775297904, 2880, 305, 371, 0, 0, 0.54%, 1, 0, 4, 1371.81
1775297909, 2881, 29, 371, 0, 0, 0.54%, 1, 0, 4, 1240.90
1775297914, 2881, 63, 371, 0, 0, 0.54%, 1, 0, 4, 1331.17
1775297919, 2881, 153, 371, 0, 0, 0.54%, 1, 0, 4, 1403.87
1775297924, 2881, 274, 371, 0, 0, 0.54%, 1, 0, 4, 1442.87
1775297930, 2881, 322, 371, 0, 0, 0.54%, 1, 0, 4, 1347.96
1775297935, 2881, 370, 371, 0, 0, 0.54%, 1, 0, 4, 1328.30
1775297940, 2882, 27, 371, 0, 0, 0.54%, 1, 0, 4, 1396.12
1775297945, 2882, 42, 371, 0, 0, 0.54%, 1, 0, 4, 1299.70
1775297950, 2882, 99, 371, 0, 0, 0.54%, 1, 0, 4, 1491.22
1775297955, 2882, 141, 371, 0, 0, 0.54%, 1, 0, 4, 1493.34
1775297960, 2882, 242, 371, 0, 0, 0.54%, 1, 0, 4, 1423.19
1775297966, 2882, 275, 371, 0, 0, 0.54%, 1, 0, 4, 1355.62
1775297971, 2883, 29, 371, 0, 0, 0.54%, 1, 0, 4, 1298.23
1775297976, 2883, 52, 371, 0, 0, 0.54%, 1, 0, 4, 1293.46
1775297981, 2883, 100, 371, 0, 0, 0.54%, 1, 0, 4, 1366.32
1775297986, 2883, 139, 371, 0, 0, 0.54%, 1, 0, 4, 1325.25
1775297991, 2883, 270, 371, 0, 0, 0.54%, 1, 0, 4, 1381.46
1775297996, 2883, 322, 371, 0, 0, 0.54%, 1, 0, 4, 1323.05
1775298002, 2884, 1, 371, 0, 0, 0.54%, 1, 0, 4, 1259.55
1775298007, 2884, 63, 371, 0, 0, 0.54%, 1, 0, 4, 1375.36
1775298012, 2884, 95, 371, 0, 0, 0.54%, 1, 0, 4, 1375.47
1775298017, 2884, 138, 371, 0, 0, 0.54%, 1, 0, 4, 1401.89
1775298022, 2884, 264, 371, 0, 0, 0.54%, 1, 0, 4, 1391.20
1775298027, 2884, 280, 371, 0, 0, 0.54%, 1, 0, 4, 1423.41
1775298032, 2885, 9, 371, 0, 0, 0.54%, 1, 0, 4, 1253.41
1775298037, 2885, 41, 371, 0, 0, 0.54%, 1, 0, 4, 1243.37
1775298042, 2885, 103, 371, 0, 0, 0.54%, 1, 0, 4, 1379.20
1775298048, 2885, 219, 371, 0, 0, 0.54%, 1, 0, 4, 1434.38
1775298053, 2885, 275, 371, 0, 0, 0.54%, 1, 0, 4, 1462.67
1775298058, 2886, 9, 371, 0, 0, 0.54%, 1, 0, 4, 1205.84
1775298063, 2886, 58, 371, 0, 0, 0.54%, 1, 0, 4, 1236.07
1775298068, 2886, 153, 371, 0, 0, 0.54%, 1, 0, 4, 1392.33
1775298073, 2886, 261, 371, 0, 0, 0.54%, 1, 0, 4, 1362.83
1775298078, 2886, 279, 371, 0, 0, 0.54%, 1, 0, 4, 1328.94
1775298083, 2887, 20, 371, 0, 0, 0.54%, 1, 0, 4, 1339.98
1775298088, 2887, 48, 371, 0, 0, 0.54%, 1, 0, 4, 1557.99
1775298093, 2887, 89, 371, 0, 0, 0.54%, 1, 0, 4, 1499.50
1775298098, 2887, 261, 371, 0, 0, 0.54%, 1, 0, 4, 1612.53
1775298103, 2887, 341, 371, 0, 0, 0.54%, 1, 0, 4, 1465.34
1775298108, 2888, 10, 371, 0, 0, 0.54%, 1, 0, 4, 1522.37
1775298113, 2888, 63, 371, 0, 0, 0.54%, 1, 0, 4, 1599.77
1775298119, 2888, 101, 371, 0, 0, 0.54%, 1, 0, 4, 1478.69
1775298124, 2888, 200, 371, 0, 0, 0.54%, 1, 0, 4, 1600.23
1775298129, 2888, 266, 371, 0, 0, 0.54%, 1, 0, 4, 1541.44
1775298134, 2888, 365, 371, 0, 0, 0.54%, 1, 0, 4, 1530.05
1775298139, 2889, 33, 371, 0, 0, 0.54%, 1, 0, 4, 1693.21
1775298144, 2889, 103, 371, 0, 0, 0.54%, 1, 0, 4, 1673.62
1775298149, 2889, 214, 371, 0, 0, 0.54%, 1, 0, 4, 1658.99
1775298154, 2889, 293, 371, 0, 0, 0.54%, 1, 0, 4, 1577.18
1775298159, 2890, 30, 371, 0, 0, 0.54%, 1, 0, 4, 1624.56
1775298164, 2890, 64, 371, 0, 0, 0.54%, 1, 0, 4, 1750.17
1775298170, 2890, 152, 371, 0, 0, 0.54%, 1, 0, 4, 1731.16
1775298175, 2890, 261, 371, 0, 0, 0.54%, 1, 0, 4, 1656.89
1775298180, 2890, 304, 371, 0, 0, 0.54%, 1, 0, 4, 1564.02
1775298185, 2891, 29, 371, 0, 0, 0.54%, 1, 0, 4, 1590.71
1775298190, 2891, 76, 371, 0, 0, 0.54%, 1, 0, 4, 1714.98
1775298195, 2891, 152, 371, 0, 0, 0.54%, 1, 0, 4, 1712.67
1775298200, 2891, 265, 371, 0, 0, 0.54%, 1, 0, 4, 1655.86
1775298205, 2891, 368, 371, 0, 0, 0.54%, 1, 0, 4, 1462.27
1775298210, 2892, 33, 371, 0, 0, 0.54%, 1, 0, 4, 1632.21
1775298215, 2892, 88, 371, 0, 0, 0.54%, 1, 0, 4, 1716.01
1775298220, 2892, 160, 371, 0, 0, 0.54%, 1, 0, 4, 1545.22
1775298225, 2892, 274, 371, 0, 0, 0.54%, 1, 0, 4, 1720.45
1775298230, 2892, 331, 371, 0, 0, 0.54%, 1, 0, 4, 1523.79
1775298236, 2893, 33, 371, 0, 0, 0.54%, 1, 0, 4, 1622.25
1775298241, 2893, 103, 371, 0, 0, 0.54%, 1, 0, 4, 1711.91
1775298246, 2893, 261, 371, 0, 0, 0.54%, 1, 0, 4, 1776.10
1775298251, 2893, 322, 371, 0, 0, 0.54%, 1, 0, 4, 1562.99
1775298256, 2893, 367, 371, 0, 0, 0.54%, 1, 0, 4, 1562.87
1775298261, 2894, 33, 371, 0, 0, 0.54%, 1, 0, 4, 1639.89
1775298266, 2894, 101, 371, 0, 0, 0.54%, 1, 0, 4, 1722.16
1775298271, 2894, 261, 371, 0, 0, 0.54%, 1, 0, 4, 2031.20
1775298277, 2895, 3, 371, 0, 0, 0.54%, 1, 0, 4, 1656.05
1775298282, 2895, 63, 371, 0, 0, 0.54%, 1, 0, 4, 1769.54
1775298287, 2895, 261, 371, 0, 0, 0.54%, 1, 0, 4, 1690.76
1775298292, 2895, 338, 371, 0, 0, 0.54%, 1, 0, 4, 1571.14
1775298297, 2896, 33, 371, 0, 0, 0.54%, 1, 0, 4, 1638.68
1775298302, 2896, 119, 371, 0, 0, 0.54%, 1, 0, 4, 1702.60
1775298307, 2896, 220, 371, 0, 0, 0.54%, 1, 0, 4, 1603.71
1775298312, 2896, 275, 371, 0, 0, 0.54%, 1, 0, 4, 1604.92
1775298317, 2897, 29, 371, 0, 0, 0.54%, 1, 0, 4, 1524.12
1775298322, 2897, 86, 371, 0, 0, 0.54%, 1, 0, 4, 1747.89
1775298327, 2897, 261, 371, 0, 0, 0.54%, 1, 0, 4, 1757.17
1775298333, 2897, 314, 371, 0, 0, 0.54%, 1, 0, 4, 1656.87
1775298338, 2898, 9, 371, 0, 0, 0.54%, 1, 0, 4, 1534.32
1775298343, 2898, 58, 371, 0, 0, 0.54%, 1, 0, 4, 1789.63
1775298348, 2898, 108, 371, 0, 0, 0.54%, 1, 0, 4, 1786.29
1775298353, 2898, 214, 371, 0, 0, 0.54%, 1, 0, 4, 1568.97
1775298358, 2898, 276, 371, 0, 0, 0.54%, 1, 0, 4, 1643.69
1775298363, 2898, 370, 371, 0, 0, 0.54%, 1, 0, 4, 1584.37
1775298369, 2899, 33, 371, 0, 0, 0.54%, 1, 0, 4, 1968.05
1775298374, 2899, 101, 371, 0, 0, 0.54%, 1, 0, 4, 1801.49
1775298379, 2899, 155, 371, 0, 0, 0.54%, 1, 0, 4, 1709.78
1775298384, 2899, 275, 371, 0, 0, 0.54%, 1, 0, 4, 1732.66
1775298389, 2900, 9, 371, 0, 0, 0.54%, 1, 0, 4, 1450.33
1775298394, 2900, 59, 371, 0, 0, 0.54%, 1, 0, 4, 1603.36
1775298399, 2900, 117, 371, 0, 0, 0.54%, 1, 0, 4, 1639.36
1775298404, 2900, 261, 371, 0, 0, 0.54%, 1, 0, 4, 1621.22
1775298409, 2900, 343, 371, 0, 0, 0.54%, 1, 0, 4, 1593.33
1775298415, 2901, 26, 371, 0, 0, 0.54%, 1, 0, 4, 1584.03
1775298420, 2901, 64, 371, 0, 0, 0.54%, 1, 0, 4, 1826.54
1775298425, 2901, 128, 371, 0, 0, 0.54%, 1, 0, 4, 1569.30
1775298430, 2901, 274, 371, 0, 0, 0.54%, 1, 0, 4, 1650.94
1775298435, 2901, 357, 371, 0, 0, 0.54%, 1, 0, 4, 1574.87
1775298440, 2902, 31, 371, 0, 0, 0.54%, 1, 0, 4, 1702.45
1775298445, 2902, 101, 371, 0, 0, 0.54%, 1, 0, 4, 1609.24
1775298451, 2902, 158, 371, 0, 0, 0.54%, 1, 0, 4, 1620.64
1775298456, 2902, 260, 371, 0, 0, 0.54%, 1, 0, 4, 1666.87
1775298461, 2902, 360, 371, 0, 0, 0.54%, 1, 0, 4, 1492.26
1775298466, 2903, 42, 371, 0, 0, 0.54%, 1, 0, 4, 1760.37
1775298471, 2903, 103, 371, 0, 0, 0.54%, 1, 0, 4, 1749.91
1775298476, 2903, 144, 371, 0, 0, 0.54%, 1, 0, 4, 1569.27
1775298481, 2903, 238, 371, 0, 0, 0.54%, 1, 0, 4, 1711.14
1775298486, 2903, 274, 371, 0, 0, 0.54%, 1, 0, 4, 1643.23
1775298491, 2904, 29, 371, 0, 0, 0.54%, 1, 0, 4, 1560.94
1775298496, 2904, 64, 371, 0, 0, 0.54%, 1, 0, 4, 1594.48
1775298501, 2904, 153, 371, 0, 0, 0.54%, 1, 0, 4, 1574.40
1775298506, 2904, 228, 371, 0, 0, 0.54%, 1, 0, 4, 1433.28
1775298512, 2904, 278, 371, 0, 0, 0.54%, 1, 0, 4, 1506.28
1775298517, 2905, 9, 371, 0, 0, 0.54%, 1, 0, 4, 1561.59
1775298522, 2905, 47, 371, 0, 0, 0.54%, 1, 0, 4, 1595.40
1775298527, 2905, 108, 371, 0, 0, 0.54%, 1, 0, 4, 1612.44
1775298532, 2905, 265, 371, 0, 0, 0.54%, 1, 0, 4, 1738.76
1775298537, 2905, 307, 371, 0, 0, 0.54%, 1, 0, 4, 1556.43
1775298542, 2906, 25, 371, 0, 0, 0.54%, 1, 0, 4, 1839.61
1775298547, 2906, 87, 371, 0, 0, 0.54%, 1, 0, 4, 1797.04
1775298552, 2906, 129, 371, 0, 0, 0.54%, 1, 0, 4, 1652.09
1775298557, 2906, 276, 371, 0, 0, 0.54%, 1, 0, 4, 1786.62
1775298562, 2907, 10, 371, 0, 0, 0.54%, 1, 0, 4, 1506.74
1775298568, 2907, 63, 371, 0, 0, 0.54%, 1, 0, 4, 1547.14
1775298573, 2907, 108, 371, 0, 0, 0.54%, 1, 0, 4, 1572.34
1775298578, 2907, 244, 371, 0, 0, 0.54%, 1, 0, 4, 1624.83
1775298583, 2907, 276, 371, 0, 0, 0.54%, 1, 0, 4, 1712.43
1775298588, 2907, 368, 371, 0, 0, 0.54%, 1, 0, 4, 1368.24
1775298593, 2908, 33, 371, 0, 0, 0.54%, 1, 0, 4, 1567.48
1775298598, 2908, 108, 371, 0, 0, 0.54%, 1, 0, 4, 1579.25
1775298603, 2908, 193, 371, 0, 0, 0.54%, 1, 0, 4, 1549.18
1775298608, 2908, 285, 371, 0, 0, 0.54%, 1, 0, 4, 1631.08
1775298614, 2909, 9, 371, 0, 0, 0.54%, 1, 0, 4, 1510.81
1775298619, 2909, 63, 371, 0, 0, 0.54%, 1, 0, 4, 1572.22
1775298624, 2909, 133, 371, 0, 0, 0.54%, 1, 0, 4, 1697.20
1775298629, 2909, 226, 371, 0, 0, 0.54%, 1, 0, 4, 1619.52
1775298634, 2909, 276, 371, 0, 0, 0.54%, 1, 0, 4, 1643.04
1775298639, 2910, 31, 371, 0, 0, 0.54%, 1, 0, 4, 1730.82
1775298644, 2910, 90, 371, 0, 0, 0.54%, 1, 0, 4, 1714.75
1775298649, 2910, 171, 371, 0, 0, 0.54%, 1, 0, 4, 1743.82
1775298654, 2910, 267, 371, 0, 0, 0.54%, 1, 0, 4, 1769.77
1775298659, 2911, 10, 371, 0, 0, 0.54%, 1, 0, 4, 1548.53
1775298664, 2911, 58, 371, 0, 0, 0.54%, 1, 0, 4, 1756.08
1775298669, 2911, 108, 371, 0, 0, 0.54%, 1, 0, 4, 1691.08
1775298674, 2911, 169, 371, 0, 0, 0.54%, 1, 0, 4, 1626.73
1775298680, 2911, 275, 371, 0, 0, 0.54%, 1, 0, 4, 1757.02
1775298685, 2912, 9, 371, 0, 0, 0.54%, 1, 0, 4, 1592.50
1775298690, 2912, 50, 371, 0, 0, 0.54%, 1, 0, 4, 1589.03
1775298695, 2912, 108, 371, 0, 0, 0.54%, 1, 0, 4, 1513.81
1775298700, 2912, 183, 371, 0, 0, 0.54%, 1, 0, 4, 1698.91
1775298705, 2912, 265, 371, 0, 0, 0.54%, 1, 0, 4, 1705.87
1775298710, 2912, 354, 371, 0, 0, 0.54%, 1, 0, 4, 1405.98
1775298715, 2913, 58, 371, 0, 0, 0.54%, 1, 0, 4, 1673.64
1775298721, 2913, 157, 371, 0, 0, 0.54%, 1, 0, 4, 1704.61
1775298726, 2913, 210, 371, 0, 0, 0.54%, 1, 0, 4, 983.38
1775298731, 2913, 276, 371, 0, 0, 0.54%, 1, 0, 4, 1426.02
1775298736, 2914, 29, 371, 0, 0, 0.54%, 1, 0, 4, 1556.63
1775298741, 2914, 92, 371, 0, 0, 0.54%, 1, 0, 4, 1771.47
1775298746, 2914, 249, 371, 0, 0, 0.54%, 1, 0, 4, 1721.92
1775298751, 2914, 275, 371, 0, 0, 0.54%, 1, 0, 4, 1826.41
1775298756, 2915, 21, 371, 0, 0, 0.54%, 1, 0, 4, 1719.35
1775298761, 2915, 66, 371, 0, 0, 0.54%, 1, 0, 4, 1754.02
1775298766, 2915, 131, 371, 0, 0, 0.54%, 1, 0, 4, 1739.06
1775298771, 2915, 189, 371, 0, 0, 0.54%, 1, 0, 4, 1773.97
1775298776, 2915, 265, 371, 0, 0, 0.54%, 1, 0, 4, 1668.94
1775298781, 2915, 353, 371, 0, 0, 0.54%, 1, 0, 4, 1550.31
1775298786, 2916, 49, 371, 0, 0, 0.54%, 1, 0, 4, 1530.17
1775298791, 2916, 108, 371, 0, 0, 0.54%, 1, 0, 4, 1672.43
1775298796, 2916, 261, 371, 0, 0, 0.54%, 1, 0, 4, 1672.25
1775298801, 2916, 308, 371, 0, 0, 0.54%, 1, 0, 4, 1527.20
1775298807, 2917, 9, 371, 0, 0, 0.54%, 1, 0, 4, 1408.65
1775298812, 2917, 64, 371, 0, 0, 0.54%, 1, 0, 4, 1621.37
1775298817, 2917, 108, 371, 0, 0, 0.54%, 1, 0, 4, 1688.42
1775298822, 2917, 230, 371, 0, 0, 0.54%, 1, 0, 4, 1639.28
1775298827, 2917, 274, 371, 0, 0, 0.54%, 1, 0, 4, 1569.64
1775298832, 2918, 9, 371, 0, 0, 0.54%, 1, 0, 4, 1615.01
1775298837, 2918, 56, 371, 0, 0, 0.54%, 1, 0, 4, 1690.69
1775298842, 2918, 101, 371, 0, 0, 0.54%, 1, 0, 4, 1747.97
1775298847, 2918, 249, 371, 0, 0, 0.54%, 1, 0, 4, 1614.07
1775298852, 2918, 322, 371, 0, 0, 0.54%, 1, 0, 4, 1656.34
1775298857, 2919, 9, 371, 0, 0, 0.54%, 1, 0, 4, 1508.13
1775298863, 2919, 64, 371, 0, 0, 0.54%, 1, 0, 4, 1731.24
1775298868, 2919, 103, 371, 0, 0, 0.54%, 1, 0, 4, 1663.61
1775298873, 2919, 167, 371, 0, 0, 0.54%, 1, 0, 4, 1554.58
1775298878, 2919, 275, 371, 0, 0, 0.54%, 1, 0, 4, 1685.07
1775298883, 2920, 31, 371, 0, 0, 0.54%, 1, 0, 4, 1642.06
1775298888, 2920, 108, 371, 0, 0, 0.54%, 1, 0, 4, 1700.86
1775298893, 2920, 216, 371, 0, 0, 0.54%, 1, 0, 4, 1756.33
1775298898, 2920, 293, 371, 0, 0, 0.54%, 1, 0, 4, 1576.24
1775298903, 2921, 29, 371, 0, 0, 0.54%, 1, 0, 4, 1621.28
1775298909, 2921, 82, 371, 0, 0, 0.54%, 1, 0, 4, 1740.08
1775298914, 2921, 115, 371, 0, 0, 0.54%, 1, 0, 4, 1528.03
1775298919, 2921, 228, 371, 0, 0, 0.54%, 1, 0, 4, 1567.23
1775298924, 2921, 275, 371, 0, 0, 0.54%, 1, 0, 4, 1695.59
1775298929, 2922, 16, 371, 0, 0, 0.54%, 1, 0, 4, 1550.38
1775298934, 2922, 64, 371, 0, 0, 0.54%, 1, 0, 4, 1663.23
1775298939, 2922, 114, 371, 0, 0, 0.54%, 1, 0, 4, 1579.01
1775298944, 2922, 205, 371, 0, 0, 0.54%, 1, 0, 4, 1598.41
1775298949, 2922, 275, 371, 0, 0, 0.54%, 1, 0, 4, 1650.27
1775298955, 2923, 31, 371, 0, 0, 0.54%, 1, 0, 4, 1531.46
1775298960, 2923, 89, 371, 0, 0, 0.54%, 1, 0, 4, 1677.38
1775298965, 2923, 157, 371, 0, 0, 0.54%, 1, 0, 4, 1707.20
1775298970, 2923, 265, 371, 0, 0, 0.54%, 1, 0, 4, 1674.09
1775298975, 2923, 307, 371, 0, 0, 0.54%, 1, 0, 4, 1594.44
1775298980, 2924, 30, 371, 0, 0, 0.54%, 1, 0, 4, 1509.45
1775298985, 2924, 98, 371, 0, 0, 0.54%, 1, 0, 4, 1657.04
1775298990, 2924, 135, 371, 0, 0, 0.54%, 1, 0, 4, 1715.83
1775298995, 2924, 213, 371, 0, 0, 0.54%, 1, 0, 4, 1394.65
1775299000, 2924, 274, 371, 0, 0, 0.54%, 1, 0, 4, 1527.68
1775299006, 2924, 365, 371, 0, 0, 0.54%, 1, 0, 4, 1491.15
1775299011, 2925, 33, 371, 0, 0, 0.54%, 1, 0, 4, 1631.89
1775299016, 2925, 103, 371, 0, 0, 0.54%, 1, 0, 4, 1684.30
1775299021, 2925, 183, 371, 0, 0, 0.54%, 1, 0, 4, 1650.80
1775299026, 2925, 265, 371, 0, 0, 0.54%, 1, 0, 4, 307.19
1775299031, 2926, 1, 371, 0, 0, 0.54%, 1, 0, 4, 1166.69
1775299036, 2926, 58, 371, 0, 0, 0.54%, 1, 0, 4, 1631.77
1775299041, 2926, 108, 371, 0, 0, 0.54%, 1, 0, 4, 1659.09
1775299046, 2926, 261, 371, 0, 0, 0.54%, 1, 0, 4, 1612.11
1775299051, 2926, 322, 371, 0, 0, 0.54%, 1, 0, 4, 1435.79
1775299056, 2927, 33, 371, 0, 0, 0.54%, 1, 0, 4, 1610.16
1775299062, 2927, 89, 371, 0, 0, 0.54%, 1, 0, 4, 1662.10
1775299067, 2927, 146, 371, 0, 0, 0.54%, 1, 0, 4, 1662.16
1775299072, 2927, 234, 371, 0, 0, 0.54%, 1, 0, 4, 1729.80
1775299077, 2927, 286, 371, 0, 0, 0.54%, 1, 0, 4, 1564.29
1775299082, 2927, 369, 371, 0, 0, 0.54%, 1, 0, 4, 1426.95
1775299087, 2928, 31, 371, 0, 0, 0.54%, 1, 0, 4, 1572.30
1775299092, 2928, 103, 371, 0, 0, 0.54%, 1, 0, 4, 1727.03
1775299097, 2928, 143, 371, 0, 0, 0.54%, 1, 0, 4, 1776.32
1775299102, 2928, 274, 371, 0, 0, 0.54%, 1, 0, 4, 1812.21
1775299107, 2929, 9, 371, 0, 0, 0.54%, 1, 0, 4, 1519.66
1775299112, 2929, 77, 371, 0, 0, 0.54%, 1, 0, 4, 1712.43
1775299117, 2929, 171, 371, 0, 0, 0.54%, 1, 0, 4, 1731.62
1775299123, 2929, 265, 371, 0, 0, 0.54%, 1, 0, 4, 1775.94
1775299128, 2930, 5, 371, 0, 0, 0.54%, 1, 0, 4, 1493.67
1775299133, 2930, 32, 371, 0, 0, 0.54%, 1, 0, 4, 1562.37
1775299138, 2930, 89, 371, 0, 0, 0.54%, 1, 0, 4, 1665.00
1775299143, 2930, 157, 371, 0, 0, 0.54%, 1, 0, 4, 1595.04
1775299148, 2930, 274, 371, 0, 0, 0.54%, 1, 0, 4, 1687.06
1775299153, 2930, 367, 371, 0, 0, 0.54%, 1, 0, 4, 1662.08
1775299159, 2931, 28, 371, 0, 0, 0.54%, 1, 0, 4, 492.88
1775299164, 2931, 95, 371, 0, 0, 0.54%, 1, 0, 4, 1458.08
1775299169, 2931, 171, 371, 0, 0, 0.54%, 1, 0, 4, 1505.15
1775299174, 2931, 276, 371, 0, 0, 0.54%, 1, 0, 4, 1670.19
1775299179, 2932, 14, 371, 0, 0, 0.54%, 1, 0, 4, 1452.14
1775299184, 2932, 64, 371, 0, 0, 0.54%, 1, 0, 4, 1618.65
1775299189, 2932, 168, 371, 0, 0, 0.54%, 1, 0, 4, 1491.11
1775299194, 2932, 274, 371, 0, 0, 0.54%, 1, 0, 4, 1615.82
1775299199, 2932, 367, 371, 0, 0, 0.54%, 1, 0, 4, 1504.95
1775299204, 2933, 29, 371, 0, 0, 0.54%, 1, 0, 4, 1611.27
1775299209, 2933, 71, 371, 0, 0, 0.54%, 1, 0, 4, 1709.02
1775299214, 2933, 144, 371, 0, 0, 0.54%, 1, 0, 4, 1735.47
1775299220, 2933, 274, 371, 0, 0, 0.54%, 1, 0, 4, 1655.51
1775299225, 2933, 322, 371, 0, 0, 0.54%, 1, 0, 4, 1618.56
1775299230, 2934, 31, 371, 0, 0, 0.54%, 1, 0, 4, 1570.61
1775299235, 2934, 85, 371, 0, 0, 0.54%, 1, 0, 4, 1671.08
1775299240, 2934, 212, 371, 0, 0, 0.54%, 1, 0, 4, 1726.17
1775299245, 2934, 286, 371, 0, 0, 0.54%, 1, 0, 4, 1642.85
1775299250, 2935, 29, 371, 0, 0, 0.54%, 1, 0, 4, 1609.89
1775299255, 2935, 64, 371, 0, 0, 0.54%, 1, 0, 4, 1646.67
1775299260, 2935, 136, 371, 0, 0, 0.54%, 1, 0, 4, 1594.35
1775299265, 2935, 275, 371, 0, 0, 0.54%, 1, 0, 4, 1659.61
1775299270, 2936, 31, 371, 0, 0, 0.54%, 1, 0, 4, 1493.37
1775299275, 2936, 89, 371, 0, 0, 0.54%, 1, 0, 4, 1611.76
1775299281, 2936, 153, 371, 0, 0, 0.54%, 1, 0, 4, 1709.51
1775299286, 2936, 254, 371, 0, 0, 0.54%, 1, 0, 4, 1525.37
1775299291, 2936, 304, 371, 0, 0, 0.54%, 1, 0, 4, 1608.76
1775299296, 2937, 31, 371, 0, 0, 0.54%, 1, 0, 4, 1668.27
1775299301, 2937, 89, 371, 0, 0, 0.54%, 1, 0, 4, 1716.83
1775299306, 2937, 135, 371, 0, 0, 0.54%, 1, 0, 4, 1772.64
1775299311, 2937, 230, 371, 0, 0, 0.54%, 1, 0, 4, 1664.55
1775299316, 2937, 274, 371, 0, 0, 0.54%, 1, 0, 4, 1711.07
1775299321, 2938, 9, 371, 0, 0, 0.54%, 1, 0, 4, 1655.08
1775299326, 2938, 64, 371, 0, 0, 0.54%, 1, 0, 4, 1705.40
1775299331, 2938, 146, 371, 0, 0, 0.54%, 1, 0, 4, 1750.70
1775299336, 2938, 251, 371, 0, 0, 0.54%, 1, 0, 4, 1466.70
1775299342, 2938, 310, 371, 0, 0, 0.54%, 1, 0, 4, 1707.53
1775299347, 2939, 29, 371, 0, 0, 0.54%, 1, 0, 4, 1478.77
1775299352, 2939, 64, 371, 0, 0, 0.54%, 1, 0, 4, 1596.33
1775299357, 2939, 103, 371, 0, 0, 0.54%, 1, 0, 4, 1627.78
1775299362, 2939, 265, 371, 0, 0, 0.54%, 1, 0, 4, 1700.87
1775299367, 2940, 3, 371, 0, 0, 0.54%, 1, 0, 4, 1642.31
1775299372, 2940, 42, 371, 0, 0, 0.54%, 1, 0, 4, 1713.73
1775299377, 2940, 101, 371, 0, 0, 0.54%, 1, 0, 4, 1669.21
1775299382, 2940, 144, 371, 0, 0, 0.54%, 1, 0, 4, 349.44
1775299388, 2940, 262, 371, 0, 0, 0.54%, 1, 0, 4, 1665.87
1775299393, 2940, 322, 371, 0, 0, 0.54%, 1, 0, 4, 1614.70
1775299398, 2941, 33, 371, 0, 0, 0.54%, 1, 0, 4, 1513.40
1775299403, 2941, 103, 371, 0, 0, 0.54%, 1, 0, 4, 1602.01
1775299408, 2941, 205, 371, 0, 0, 0.54%, 1, 0, 4, 1616.30
1775299413, 2941, 275, 371, 0, 0, 0.54%, 1, 0, 4, 1763.86
1775299418, 2942, 24, 371, 0, 0, 0.54%, 1, 0, 4, 1525.16
1775299423, 2942, 89, 371, 0, 0, 0.54%, 1, 0, 4, 1652.04
1775299428, 2942, 164, 371, 0, 0, 0.54%, 1, 0, 4, 1604.56
1775299433, 2942, 274, 371, 0, 0, 0.54%, 1, 0, 4, 1727.05
1775299438, 2943, 9, 371, 0, 0, 0.54%, 1, 0, 4, 1611.43
1775299444, 2943, 64, 371, 0, 0, 0.54%, 1, 0, 4, 1649.71
1775299449, 2943, 103, 371, 0, 0, 0.54%, 1, 0, 4, 1719.93
1775299454, 2943, 193, 371, 0, 0, 0.54%, 1, 0, 4, 1638.55
1775299459, 2943, 273, 371, 0, 0, 0.54%, 1, 0, 4, 1700.62
1775299464, 2944, 4, 371, 0, 0, 0.54%, 1, 0, 4, 1572.82
1775299469, 2944, 33, 371, 0, 0, 0.54%, 1, 0, 4, 1626.73
1775299474, 2944, 103, 371, 0, 0, 0.54%, 1, 0, 4, 1729.65
1775299479, 2944, 227, 371, 0, 0, 0.54%, 1, 0, 4, 1505.36
1775299484, 2944, 276, 371, 0, 0, 0.54%, 1, 0, 4, 1614.23
1775299489, 2945, 1, 371, 0, 0, 0.54%, 1, 0, 4, 1529.10
1775299494, 2945, 33, 371, 0, 0, 0.54%, 1, 0, 4, 1660.11
1775299499, 2945, 64, 371, 0, 0, 0.54%, 1, 0, 4, 1653.02
1775299504, 2945, 134, 371, 0, 0, 0.54%, 1, 0, 4, 1561.16
1775299510, 2945, 275, 371, 0, 0, 0.54%, 1, 0, 4, 1606.63
1775299515, 2945, 366, 371, 0, 0, 0.54%, 1, 0, 4, 1418.89
1775299520, 2946, 33, 371, 0, 0, 0.54%, 1, 0, 4, 1556.41
1775299525, 2946, 89, 371, 0, 0, 0.54%, 1, 0, 4, 1588.98
1775299530, 2946, 126, 371, 0, 0, 0.54%, 1, 0, 4, 1608.95
1775299535, 2946, 260, 371, 0, 0, 0.54%, 1, 0, 4, 1573.72
1775299540, 2946, 322, 371, 0, 0, 0.54%, 1, 0, 4, 1510.89
1775299545, 2947, 31, 371, 0, 0, 0.54%, 1, 0, 4, 1521.70
1775299550, 2947, 64, 371, 0, 0, 0.54%, 1, 0, 4, 1649.60
1775299555, 2947, 116, 371, 0, 0, 0.54%, 1, 0, 4, 1599.63
1775299560, 2947, 231, 371, 0, 0, 0.54%, 1, 0, 4, 1585.52
1775299565, 2947, 296, 371, 0, 0, 0.54%, 1, 0, 4, 1558.60
1775299570, 2948, 33, 371, 0, 0, 0.54%, 1, 0, 4, 1573.76
1775299576, 2948, 103, 371, 0, 0, 0.54%, 1, 0, 4, 1591.02
1775299581, 2948, 175, 371, 0, 0, 0.54%, 1, 0, 4, 1685.61
1775299586, 2948, 274, 371, 0, 0, 0.54%, 1, 0, 4, 1877.30
1775299591, 2948, 367, 371, 0, 0, 0.54%, 1, 0, 4, 1706.24
1775299596, 2949, 26, 371, 0, 0, 0.54%, 1, 0, 4, 1745.69
1775299601, 2949, 64, 371, 0, 0, 0.54%, 1, 0, 4, 1816.33
1775299606, 2949, 117, 371, 0, 0, 0.54%, 1, 0, 4, 1667.15
1775299611, 2949, 261, 371, 0, 0, 0.54%, 1, 0, 4, 1561.17
1775299616, 2949, 310, 371, 0, 0, 0.54%, 1, 0, 4, 1464.55
1775299622, 2950, 21, 371, 0, 0, 0.54%, 1, 0, 4, 1422.40
1775299627, 2950, 42, 371, 0, 0, 0.54%, 1, 0, 4, 378.01
1775299632, 2950, 101, 371, 0, 0, 0.54%, 1, 0, 4, 1346.78
1775299637, 2950, 203, 371, 0, 0, 0.54%, 1, 0, 4, 1544.60
1775299642, 2950, 275, 371, 0, 0, 0.54%, 1, 0, 4, 1692.09
1775299647, 2951, 29, 371, 0, 0, 0.54%, 1, 0, 4, 1576.15
1775299652, 2951, 82, 371, 0, 0, 0.54%, 1, 0, 4, 1634.15
1775299658, 2951, 113, 371, 0, 0, 0.54%, 1, 0, 4, 1455.99
1775299663, 2951, 211, 371, 0, 0, 0.54%, 1, 0, 4, 1574.72
1775299668, 2951, 268, 371, 0, 0, 0.54%, 1, 0, 4, 1638.50
1775299673, 2952, 8, 371, 0, 0, 0.54%, 1, 0, 4, 1614.30
1775299678, 2952, 58, 371, 0, 0, 0.54%, 1, 0, 4, 1756.00
1775299683, 2952, 103, 371, 0, 0, 0.54%, 1, 0, 4, 1700.83
1775299688, 2952, 239, 371, 0, 0, 0.54%, 1, 0, 4, 1595.07
1775299693, 2952, 276, 371, 0, 0, 0.54%, 1, 0, 4, 1678.66
1775299698, 2952, 365, 371, 0, 0, 0.54%, 1, 0, 4, 1354.01
1775299703, 2953, 31, 371, 0, 0, 0.54%, 1, 0, 4, 1449.08
1775299709, 2953, 108, 371, 0, 0, 0.54%, 1, 0, 4, 1571.56
1775299714, 2953, 261, 371, 0, 0, 0.54%, 1, 0, 4, 1575.52
1775299719, 2953, 283, 371, 0, 0, 0.54%, 1, 0, 4, 1529.70
1775299724, 2954, 31, 371, 0, 0, 0.54%, 1, 0, 4, 2090.19
1775299729, 2954, 89, 371, 0, 0, 0.54%, 1, 0, 4, 1644.85
1775299734, 2954, 260, 371, 0, 0, 0.54%, 1, 0, 4, 1540.49
1775299739, 2954, 299, 371, 0, 0, 0.54%, 1, 0, 4, 1538.45
1775299744, 2955, 29, 371, 0, 0, 0.54%, 1, 0, 4, 1505.55
1775299750, 2955, 101, 371, 0, 0, 0.54%, 1, 0, 4, 1608.87
1775299755, 2955, 195, 371, 0, 0, 0.54%, 1, 0, 4, 1690.47
1775299760, 2955, 265, 371, 0, 0, 0.54%, 1, 0, 4, 1626.40
1775299765, 2955, 317, 371, 0, 0, 0.54%, 1, 0, 4, 1506.21
1775299770, 2955, 369, 371, 0, 0, 0.54%, 1, 0, 4, 1282.34
1775299775, 2956, 33, 371, 0, 0, 0.54%, 1, 0, 4, 1585.33
1775299780, 2956, 94, 371, 0, 0, 0.54%, 1, 0, 4, 1697.67
1775299785, 2956, 113, 371, 0, 0, 0.54%, 1, 0, 4, 1751.31
1775299790, 2956, 261, 371, 0, 0, 0.54%, 1, 0, 4, 1539.91
1775299795, 2956, 276, 371, 0, 0, 0.54%, 1, 0, 4, 1593.81
1775299800, 2957, 31, 371, 0, 0, 0.54%, 1, 0, 4, 1504.90
1775299806, 2957, 108, 371, 0, 0, 0.54%, 1, 0, 4, 1650.50
1775299811, 2957, 261, 371, 0, 0, 0.54%, 1, 0, 4, 1511.77
1775299816, 2957, 327, 371, 0, 0, 0.54%, 1, 0, 4, 1578.91
1775299821, 2958, 31, 371, 0, 0, 0.54%, 1, 0, 4, 1659.83
1775299826, 2958, 89, 371, 0, 0, 0.54%, 1, 0, 4, 1669.62
1775299831, 2958, 175, 371, 0, 0, 0.54%, 1, 0, 4, 1594.96
1775299836, 2958, 234, 371, 0, 0, 0.54%, 1, 0, 4, 1606.65
1775299841, 2958, 283, 371, 0, 0, 0.54%, 1, 0, 4, 1615.03
1775299846, 2958, 369, 371, 0, 0, 0.54%, 1, 0, 4, 1607.16
1775299852, 2959, 6, 371, 0, 0, 0.54%, 1, 0, 4, 1528.19
1775299857, 2959, 58, 371, 0, 0, 0.54%, 1, 0, 4, 1601.39
1775299862, 2959, 101, 371, 0, 0, 0.54%, 1, 0, 4, 1662.08
1775299867, 2959, 140, 371, 0, 0, 0.54%, 1, 0, 4, 1499.22
1775299872, 2959, 275, 371, 0, 0, 0.54%, 1, 0, 4, 1635.13
1775299877, 2959, 364, 371, 0, 0, 0.54%, 1, 0, 4, 1478.58
1775299882, 2960, 58, 371, 0, 0, 0.54%, 1, 0, 4, 1748.26
1775299887, 2960, 108, 371, 0, 0, 0.54%, 1, 0, 4, 1693.96
1775299892, 2960, 261, 371, 0, 0, 0.54%, 1, 0, 4, 1658.36
1775299897, 2960, 322, 371, 0, 0, 0.54%, 1, 0, 4, 1566.52
1775299902, 2961, 50, 371, 0, 0, 0.54%, 1, 0, 4, 1802.09
1775299907, 2961, 103, 371, 0, 0, 0.54%, 1, 0, 4, 1697.09
1775299912, 2961, 196, 371, 0, 0, 0.54%, 1, 0, 4, 1683.47
1775299918, 2961, 242, 371, 0, 0, 0.54%, 1, 0, 4, 1615.05
1775299923, 2961, 305, 371, 0, 0, 0.54%, 1, 0, 4, 1611.11
1775299928, 2962, 8, 371, 0, 0, 0.54%, 1, 0, 4, 1382.16
1775299933, 2962, 58, 371, 0, 0, 0.54%, 1, 0, 4, 2059.11
1775299938, 2962, 117, 371, 0, 0, 0.54%, 1, 0, 4, 1664.06
1775299943, 2962, 268, 371, 0, 0, 0.54%, 1, 0, 4, 1721.01
1775299948, 2962, 350, 371, 0, 0, 0.54%, 1, 0, 4, 1477.88
1775299953, 2963, 29, 371, 0, 0, 0.54%, 1, 0, 4, 1452.21
1775299959, 2963, 63, 371, 0, 0, 0.54%, 1, 0, 4, 1710.58
1775299964, 2963, 103, 371, 0, 0, 0.54%, 1, 0, 4, 1637.39
1775299969, 2963, 235, 371, 0, 0, 0.54%, 1, 0, 4, 1716.58
1775299974, 2963, 276, 371, 0, 0, 0.54%, 1, 0, 4, 1608.52
1775299979, 2964, 25, 371, 0, 0, 0.54%, 1, 0, 4, 1641.36
1775299984, 2964, 57, 371, 0, 0, 0.54%, 1, 0, 4, 1653.98
1775299989, 2964, 108, 371, 0, 0, 0.54%, 1, 0, 4, 1607.29
1775299994, 2964, 248, 371, 0, 0, 0.54%, 1, 0, 4, 1703.37
1775299999, 2964, 276, 371, 0, 0, 0.54%, 1, 0, 4, 1697.47
1775300004, 2964, 369, 371, 0, 0, 0.54%, 1, 0, 4, 1854.76
1775300010, 2965, 31, 371, 0, 0, 0.54%, 1, 0, 4, 1756.22
1775300015, 2965, 89, 371, 0, 0, 0.54%, 1, 0, 4, 1822.45
1775300020, 2965, 215, 371, 0, 0, 0.54%, 1, 0, 4, 1785.65
1775300025, 2965, 274, 371, 0, 0, 0.54%, 1, 0, 4, 1661.57
1775300030, 2965, 369, 371, 0, 0, 0.54%, 1, 0, 4, 1561.66
1775300035, 2966, 31, 371, 0, 0, 0.54%, 1, 0, 4, 1889.64
1775300040, 2966, 89, 371, 0, 0, 0.54%, 1, 0, 4, 1824.08
1775300045, 2966, 147, 371, 0, 0, 0.54%, 1, 0, 4, 1641.10
1775300050, 2966, 275, 371, 0, 0, 0.54%, 1, 0, 4, 1670.36
1775300055, 2967, 33, 371, 0, 0, 0.54%, 1, 0, 4, 1670.03
1775300060, 2967, 94, 371, 0, 0, 0.54%, 1, 0, 4, 1609.33
1775300066, 2967, 137, 371, 0, 0, 0.54%, 1, 0, 4, 1632.97
1775300071, 2967, 223, 371, 0, 0, 0.54%, 1, 0, 4, 1675.42
1775300076, 2967, 265, 371, 0, 0, 0.54%, 1, 0, 4, 1628.76
1775300081, 2967, 322, 371, 0, 0, 0.54%, 1, 0, 4, 1532.87
1775300086, 2968, 58, 371, 0, 0, 0.54%, 1, 0, 4, 1607.62
1775300091, 2968, 125, 371, 0, 0, 0.54%, 1, 0, 4, 1629.02
1775300096, 2968, 261, 371, 0, 0, 0.54%, 1, 0, 4, 1642.51
1775300101, 2968, 320, 371, 0, 0, 0.54%, 1, 0, 4, 1540.89
1775300106, 2969, 29, 371, 0, 0, 0.54%, 1, 0, 4, 1638.58
1775300111, 2969, 99, 371, 0, 0, 0.54%, 1, 0, 4, 1833.63
1775300116, 2969, 158, 371, 0, 0, 0.54%, 1, 0, 4, 1705.51
1775300121, 2969, 275, 371, 0, 0, 0.54%, 1, 0, 4, 1675.60
1775300126, 2970, 29, 371, 0, 0, 0.54%, 1, 0, 4, 1629.03
1775300132, 2970, 89, 371, 0, 0, 0.54%, 1, 0, 4, 1741.38
1775300137, 2970, 201, 371, 0, 0, 0.54%, 1, 0, 4, 1623.16
1775300142, 2970, 262, 371, 0, 0, 0.54%, 1, 0, 4, 1587.89
1775300147, 2970, 364, 371, 0, 0, 0.54%, 1, 0, 4, 1470.66
1775300152, 2971, 29, 371, 0, 0, 0.54%, 1, 0, 4, 1537.62
1775300157, 2971, 64, 371, 0, 0, 0.54%, 1, 0, 4, 1631.26
1775300162, 2971, 108, 371, 0, 0, 0.54%, 1, 0, 4, 1482.15
1775300167, 2971, 194, 371, 0, 0, 0.54%, 1, 0, 4, 1540.81
1775300172, 2971, 276, 371, 0, 0, 0.54%, 1, 0, 4, 1621.78
1775300178, 2972, 12, 371, 0, 0, 0.54%, 1, 0, 4, 1466.27
1775300183, 2972, 48, 371, 0, 0, 0.54%, 1, 0, 4, 1599.29
1775300188, 2972, 105, 371, 0, 0, 0.54%, 1, 0, 4, 1672.51
1775300193, 2972, 172, 371, 0, 0, 0.54%, 1, 0, 4, 1955.45
1775300198, 2972, 274, 371, 0, 0, 0.54%, 1, 0, 4, 1750.82
1775300203, 2973, 29, 371, 0, 0, 0.54%, 1, 0, 4, 1724.19
1775300208, 2973, 87, 371, 0, 0, 0.54%, 1, 0, 4, 1746.21
1775300213, 2973, 147, 371, 0, 0, 0.54%, 1, 0, 4, 1684.66
1775300218, 2973, 274, 371, 0, 0, 0.54%, 1, 0, 4, 1731.44
1775300223, 2974, 29, 371, 0, 0, 0.54%, 1, 0, 4, 1719.86
1775300228, 2974, 63, 371, 0, 0, 0.54%, 1, 0, 4, 1720.80
1775300233, 2974, 141, 371, 0, 0, 0.54%, 1, 0, 4, 1727.84
1775300238, 2974, 247, 371, 0, 0, 0.54%, 1, 0, 4, 320.00
1775300243, 2974, 293, 371, 0, 0, 0.54%, 1, 0, 4, 1310.16
1775300249, 2975, 18, 371, 0, 0, 0.54%, 1, 0, 4, 1540.04
1775300254, 2975, 58, 371, 0, 0, 0.54%, 1, 0, 4, 1663.45
1775300259, 2975, 112, 371, 0, 0, 0.54%, 1, 0, 4, 1487.25
1775300264, 2975, 219, 371, 0, 0, 0.54%, 1, 0, 4, 1592.68
1775300269, 2975, 275, 371, 0, 0, 0.54%, 1, 0, 4, 1603.23
1775300274, 2976, 29, 371, 0, 0, 0.54%, 1, 0, 4, 1367.54
1775300279, 2976, 101, 371, 0, 0, 0.54%, 1, 0, 4, 1623.44
1775300284, 2976, 162, 371, 0, 0, 0.54%, 1, 0, 4, 1633.21
1775300289, 2976, 273, 371, 0, 0, 0.54%, 1, 0, 4, 1616.65
1775300295, 2976, 361, 371, 0, 0, 0.54%, 1, 0, 4, 1309.33
1775300300, 2977, 51, 371, 0, 0, 0.54%, 1, 0, 4, 1631.71
1775300305, 2977, 101, 371, 0, 0, 0.54%, 1, 0, 4, 1578.71
1775300310, 2977, 125, 371, 0, 0, 0.54%, 1, 0, 4, 1535.61
1775300315, 2977, 275, 371, 0, 0, 0.54%, 1, 0, 4, 1642.33
1775300320, 2977, 355, 371, 0, 0, 0.54%, 1, 0, 4, 1431.08
1775300325, 2978, 33, 371, 0, 0, 0.54%, 1, 0, 4, 1721.49
1775300330, 2978, 90, 371, 0, 0, 0.54%, 1, 0, 4, 1803.34
1775300335, 2978, 167, 371, 0, 0, 0.54%, 1, 0, 4, 1494.69
1775300340, 2978, 244, 371, 0, 0, 0.54%, 1, 0, 4, 1507.35
1775300346, 2978, 275, 371, 0, 0, 0.54%, 1, 0, 4, 1615.78
1775300351, 2979, 14, 371, 0, 0, 0.54%, 1, 0, 4, 1575.79
1775300356, 2979, 58, 371, 0, 0, 0.54%, 1, 0, 4, 1484.31
1775300361, 2979, 89, 371, 0, 0, 0.54%, 1, 0, 4, 1670.67
1775300366, 2979, 192, 371, 0, 0, 0.54%, 1, 0, 4, 1667.70
1775300371, 2979, 265, 371, 0, 0, 0.54%, 1, 0, 4, 1692.09
1775300376, 2979, 344, 371, 0, 0, 0.54%, 1, 0, 4, 1436.23
1775300381, 2980, 63, 371, 0, 0, 0.54%, 1, 0, 4, 1708.93
1775300386, 2980, 96, 371, 0, 0, 0.54%, 1, 0, 4, 1655.58
1775300391, 2980, 253, 371, 0, 0, 0.54%, 1, 0, 4, 1631.99
1775300397, 2980, 292, 371, 0, 0, 0.54%, 1, 0, 4, 1610.68
1775300402, 2981, 21, 371, 0, 0, 0.54%, 1, 0, 4, 1572.17
1775300407, 2981, 58, 371, 0, 0, 0.54%, 1, 0, 4, 1608.59
1775300412, 2981, 108, 371, 0, 0, 0.54%, 1, 0, 4, 1590.57
1775300417, 2981, 217, 371, 0, 0, 0.54%, 1, 0, 4, 1388.29
1775300422, 2981, 276, 371, 0, 0, 0.54%, 1, 0, 4, 1667.45
1775300427, 2982, 29, 371, 0, 0, 0.54%, 1, 0, 4, 1570.36
1775300432, 2982, 79, 371, 0, 0, 0.54%, 1, 0, 4, 1737.37
1775300437, 2982, 138, 371, 0, 0, 0.54%, 1, 0, 4, 1615.61
1775300442, 2982, 245, 371, 0, 0, 0.54%, 1, 0, 4, 1632.74
1775300448, 2982, 284, 371, 0, 0, 0.54%, 1, 0, 4, 1576.51
1775300453, 2983, 9, 371, 0, 0, 0.54%, 1, 0, 4, 1394.02
1775300458, 2983, 42, 371, 0, 0, 0.54%, 1, 0, 4, 1603.83
1775300463, 2983, 77, 371, 0, 0, 0.54%, 1, 0, 4, 1720.95
1775300468, 2983, 108, 371, 0, 0, 0.54%, 1, 0, 4, 1560.39
1775300473, 2983, 184, 371, 0, 0, 0.54%, 1, 0, 4, 1690.75
1775300478, 2983, 265, 371, 0, 0, 0.54%, 1, 0, 4, 1655.51
1775300483, 2983, 351, 371, 0, 0, 0.54%, 1, 0, 4, 1428.40
1775300488, 2984, 63, 371, 0, 0, 0.54%, 1, 0, 4, 1611.72
1775300493, 2984, 152, 371, 0, 0, 0.54%, 1, 0, 4, 300.47
1775300498, 2984, 270, 371, 0, 0, 0.54%, 1, 0, 4, 1682.63
1775300504, 2984, 322, 371, 0, 0, 0.54%, 1, 0, 4, 1546.89
1775300509, 2985, 31, 371, 0, 0, 0.54%, 1, 0, 4, 1490.94
1775300514, 2985, 90, 371, 0, 0, 0.54%, 1, 0, 4, 1638.41
1775300519, 2985, 181, 371, 0, 0, 0.54%, 1, 0, 4, 1682.46
1775300524, 2985, 275, 371, 0, 0, 0.54%, 1, 0, 4, 1687.94
1775300529, 2985, 370, 371, 0, 0, 0.54%, 1, 0, 4, 1521.61
1775300534, 2986, 33, 371, 0, 0, 0.54%, 1, 0, 4, 1543.06
1775300539, 2986, 103, 371, 0, 0, 0.54%, 1, 0, 4, 1672.99
1775300544, 2986, 204, 371, 0, 0, 0.54%, 1, 0, 4, 1630.48
1775300549, 2986, 274, 371, 0, 0, 0.54%, 1, 0, 4, 1708.17
1775300554, 2987, 29, 371, 0, 0, 0.54%, 1, 0, 4, 1581.93
1775300559, 2987, 81, 371, 0, 0, 0.54%, 1, 0, 4, 1709.94
1775300564, 2987, 119, 371, 0, 0, 0.54%, 1, 0, 4, 1547.77
1775300569, 2987, 274, 371, 0, 0, 0.54%, 1, 0, 4, 1659.60
1775300574, 2988, 29, 371, 0, 0, 0.54%, 1, 0, 4, 1647.81
1775300580, 2988, 63, 371, 0, 0, 0.54%, 1, 0, 4, 1635.63
1775300585, 2988, 111, 371, 0, 0, 0.54%, 1, 0, 4, 1421.05
1775300590, 2988, 260, 371, 0, 0, 0.54%, 1, 0, 4, 1526.61
1775300595, 2988, 279, 371, 0, 0, 0.54%, 1, 0, 4, 1544.17
1775300600, 2989, 29, 371, 0, 0, 0.54%, 1, 0, 4, 1541.01
1775300605, 2989, 63, 371, 0, 0, 0.54%, 1, 0, 4, 1718.07
1775300610, 2989, 132, 371, 0, 0, 0.54%, 1, 0, 4, 1677.18
1775300615, 2989, 307, 371, 0, 0, 0.54%, 1, 0, 4, 1607.64
1775300620, 2990, 29, 371, 0, 0, 0.54%, 1, 0, 4, 1460.65
1775300625, 2990, 63, 371, 0, 0, 0.54%, 1, 0, 4, 1558.38
1775300630, 2990, 104, 371, 0, 0, 0.54%, 1, 0, 4, 1686.51
1775300636, 2990, 203, 371, 0, 0, 0.54%, 1, 0, 4, 1599.09
1775300641, 2990, 274, 371, 0, 0, 0.54%, 1, 0, 4, 1703.29
1775300646, 2991, 9, 371, 0, 0, 0.54%, 1, 0, 4, 1583.26
1775300651, 2991, 33, 371, 0, 0, 0.54%, 1, 0, 4, 1652.02
1775300656, 2991, 101, 371, 0, 0, 0.54%, 1, 0, 4, 1705.65
1775300661, 2991, 206, 371, 0, 0, 0.54%, 1, 0, 4, 1511.39
1775300666, 2991, 274, 371, 0, 0, 0.54%, 1, 0, 4, 1643.31
1775300671, 2991, 337, 371, 0, 0, 0.54%, 1, 0, 4, 1451.85
1775300676, 2992, 58, 371, 0, 0, 0.54%, 1, 0, 4, 1647.02
1775300682, 2992, 103, 371, 0, 0, 0.54%, 1, 0, 4, 1575.80
1775300687, 2992, 191, 371, 0, 0, 0.54%, 1, 0, 4, 1611.09
1775300692, 2992, 244, 371, 0, 0, 0.54%, 1, 0, 4, 1661.09
1775300697, 2992, 275, 371, 0, 0, 0.54%, 1, 0, 4, 1736.18
1775300702, 2992, 322, 371, 0, 0, 0.54%, 1, 0, 4, 1524.03
1775300707, 2993, 35, 371, 0, 0, 0.54%, 1, 0, 4, 1551.18
1775300712, 2993, 103, 371, 0, 0, 0.54%, 1, 0, 4, 1704.26
1775300717, 2993, 265, 371, 0, 0, 0.54%, 1, 0, 4, 1791.67
1775300722, 2993, 322, 371, 0, 0, 0.54%, 1, 0, 4, 1532.12
1775300727, 2994, 33, 371, 0, 0, 0.54%, 1, 0, 4, 1709.77
1775300733, 2994, 90, 371, 0, 0, 0.54%, 1, 0, 4, 1748.01
1775300738, 2994, 129, 371, 0, 0, 0.54%, 1, 0, 4, 1717.02
1775300743, 2994, 253, 371, 0, 0, 0.54%, 1, 0, 4, 1756.54
1775300748, 2994, 312, 371, 0, 0, 0.54%, 1, 0, 4, 1600.97
1775300753, 2995, 29, 371, 0, 0, 0.54%, 1, 0, 4, 1516.77
1775300758, 2995, 67, 371, 0, 0, 0.54%, 1, 0, 4, 1648.29
1775300763, 2995, 106, 371, 0, 0, 0.54%, 1, 0, 4, 1509.61
1775300768, 2995, 165, 371, 0, 0, 0.54%, 1, 0, 4, 1626.37
1775300773, 2995, 252, 371, 0, 0, 0.54%, 1, 0, 4, 1591.69
1775300778, 2995, 311, 371, 0, 0, 0.54%, 1, 0, 4, 1639.15
1775300784, 2996, 31, 371, 0, 0, 0.54%, 1, 0, 4, 1607.79
1775300789, 2996, 64, 371, 0, 0, 0.54%, 1, 0, 4, 1787.52
1775300794, 2996, 115, 371, 0, 0, 0.54%, 1, 0, 4, 1645.51
1775300799, 2996, 183, 371, 0, 0, 0.54%, 1, 0, 4, 1595.50
1775300804, 2996, 261, 371, 0, 0, 0.54%, 1, 0, 4, 1628.20
1775300809, 2996, 282, 371, 0, 0, 0.54%, 1, 0, 4, 1563.90
1775300814, 2997, 1, 371, 0, 0, 0.54%, 1, 0, 4, 1600.70
1775300819, 2997, 33, 371, 0, 0, 0.54%, 1, 0, 4, 1649.36
1775300825, 2997, 100, 371, 0, 0, 0.54%, 1, 0, 4, 1715.51
1775300830, 2997, 200, 371, 0, 0, 0.54%, 1, 0, 4, 1767.01
1775300835, 2997, 276, 371, 0, 0, 0.54%, 1, 0, 4, 1622.04
1775300840, 2998, 31, 371, 0, 0, 0.54%, 1, 0, 4, 1682.92
1775300845, 2998, 85, 371, 0, 0, 0.54%, 1, 0, 4, 1765.49
1775300850, 2998, 159, 371, 0, 0, 0.54%, 1, 0, 4, 1663.66
1775300855, 2998, 275, 371, 0, 0, 0.54%, 1, 0, 4, 1706.06
1775300860, 2999, 8, 371, 0, 0, 0.54%, 1, 0, 4, 1589.77
1775300865, 2999, 33, 371, 0, 0, 0.54%, 1, 0, 4, 1637.53
1775300870, 2999, 89, 371, 0, 0, 0.54%, 1, 0, 4, 1716.20
1775300876, 2999, 162, 371, 0, 0, 0.54%, 1, 0, 4, 1832.78
1775300881, 2999, 261, 371, 0, 0, 0.54%, 1, 0, 4, 1667.68
1775300886, 3000, 1, 371, 0, 0, 0.54%, 1, 0, 4, 1551.27
1775300891, 3000, 51, 371, 0, 0, 0.54%, 1, 0, 4, 280.00
1775300896, 3000, 103, 371, 0, 0, 0.54%, 1, 0, 4, 1289.35
1775300901, 3000, 184, 371, 0, 0, 0.54%, 1, 0, 4, 1543.94
1775300906, 3000, 259, 371, 0, 0, 0.54%, 1, 0, 4, 1657.40
1775300911, 3000, 313, 371, 0, 0, 0.54%, 1, 0, 4, 1691.10
1775300916, 3000, 367, 371, 0, 0, 0.54%, 1, 0, 4, 1543.48
1775300921, 3001, 29, 371, 0, 0, 0.54%, 1, 0, 4, 1907.92
1775300927, 3001, 64, 371, 0, 0, 0.54%, 1, 0, 4, 1610.51
1775300932, 3001, 177, 371, 0, 0, 0.54%, 1, 0, 4, 1726.71
1775300937, 3001, 273, 371, 0, 0, 0.54%, 1, 0, 4, 1651.08
1775300942, 3001, 338, 371, 0, 0, 0.54%, 1, 0, 4, 1395.17
1775300947, 3002, 31, 371, 0, 0, 0.54%, 1, 0, 4, 1582.36
1775300952, 3002, 103, 371, 0, 0, 0.54%, 1, 0, 4, 1651.45
1775300957, 3002, 261, 371, 0, 0, 0.54%, 1, 0, 4, 1745.72
1775300962, 3003, 9, 371, 0, 0, 0.54%, 1, 0, 4, 1644.34
1775300967, 3003, 63, 371, 0, 0, 0.54%, 1, 0, 4, 1754.22
1775300972, 3003, 147, 371, 0, 0, 0.54%, 1, 0, 4, 1605.86
1775300977, 3003, 275, 371, 0, 0, 0.54%, 1, 0, 4, 1697.82
1775300983, 3003, 367, 371, 0, 0, 0.54%, 1, 0, 4, 1531.08
1775300988, 3004, 29, 371, 0, 0, 0.54%, 1, 0, 4, 1615.47
1775300993, 3004, 64, 371, 0, 0, 0.54%, 1, 0, 4, 1643.37
1775300998, 3004, 122, 371, 0, 0, 0.54%, 1, 0, 4, 1573.89
1775301003, 3004, 261, 371, 0, 0, 0.54%, 1, 0, 4, 1499.42
1775301008, 3004, 305, 371, 0, 0, 0.54%, 1, 0, 4, 1598.54
1775301013, 3005, 57, 371, 0, 0, 0.54%, 1, 0, 4, 1734.92
1775301018, 3005, 112, 371, 0, 0, 0.54%, 1, 0, 4, 1686.70
1775301023, 3005, 165, 371, 0, 0, 0.54%, 1, 0, 4, 1598.27
1775301029, 3005, 265, 371, 0, 0, 0.54%, 1, 0, 4, 1680.78
1775301034, 3005, 368, 371, 0, 0, 0.54%, 1, 0, 4, 1529.35
1775301039, 3006, 34, 371, 0, 0, 0.54%, 1, 0, 4, 1553.11
1775301044, 3006, 75, 371, 0, 0, 0.54%, 1, 0, 4, 1712.78
1775301049, 3006, 108, 371, 0, 0, 0.54%, 1, 0, 4, 1558.67
1775301054, 3006, 222, 371, 0, 0, 0.54%, 1, 0, 4, 1606.40
1775301059, 3006, 275, 371, 0, 0, 0.54%, 1, 0, 4, 1646.30
1775301064, 3007, 29, 371, 0, 0, 0.54%, 1, 0, 4, 1549.17
1775301069, 3007, 64, 371, 0, 0, 0.54%, 1, 0, 4, 1738.92
1775301074, 3007, 172, 371, 0, 0, 0.54%, 1, 0, 4, 1779.79
1775301080, 3007, 265, 371, 0, 0, 0.54%, 1, 0, 4, 1538.68
1775301085, 3007, 322, 371, 0, 0, 0.54%, 1, 0, 4, 1547.45
1775301090, 3008, 7, 371, 0, 0, 0.54%, 1, 0, 4, 1854.96
1775301095, 3008, 30, 371, 0, 0, 0.54%, 1, 0, 4, 1586.91
1775301100, 3008, 101, 371, 0, 0, 0.54%, 1, 0, 4, 1793.25
1775301105, 3008, 147, 371, 0, 0, 0.54%, 1, 0, 4, 1790.68
1775301110, 3008, 223, 371, 0, 0, 0.54%, 1, 0, 4, 1617.71
1775301116, 3008, 275, 371, 0, 0, 0.54%, 1, 0, 4, 1633.65
1775301121, 3009, 9, 371, 0, 0, 0.54%, 1, 0, 4, 1497.03
1775301126, 3009, 73, 371, 0, 0, 0.54%, 1, 0, 4, 1639.92
1775301131, 3009, 171, 371, 0, 0, 0.54%, 1, 0, 4, 1670.07
1775301136, 3009, 262, 371, 0, 0, 0.54%, 1, 0, 4, 1617.89
1775301141, 3009, 305, 371, 0, 0, 0.54%, 1, 0, 4, 1572.75
1775301146, 3010, 33, 371, 0, 0, 0.54%, 1, 0, 4, 1650.78
1775301151, 3010, 103, 371, 0, 0, 0.54%, 1, 0, 4, 1660.41
1775301157, 3010, 193, 371, 0, 0, 0.54%, 1, 0, 4, 1591.61
1775301162, 3010, 273, 371, 0, 0, 0.54%, 1, 0, 4, 1746.24
1775301167, 3010, 322, 371, 0, 0, 0.54%, 1, 0, 4, 1538.03
1775301172, 3011, 31, 371, 0, 0, 0.54%, 1, 0, 4, 1631.17
1775301177, 3011, 87, 371, 0, 0, 0.54%, 1, 0, 4, 1712.72
1775301182, 3011, 115, 371, 0, 0, 0.54%, 1, 0, 4, 1642.15
1775301187, 3011, 274, 371, 0, 0, 0.54%, 1, 0, 4, 1700.74
1775301192, 3012, 9, 371, 0, 0, 0.54%, 1, 0, 4, 1561.76
1775301197, 3012, 63, 371, 0, 0, 0.54%, 1, 0, 4, 1813.63
1775301202, 3012, 125, 371, 0, 0, 0.54%, 1, 0, 4, 1638.61
1775301208, 3012, 261, 371, 0, 0, 0.54%, 1, 0, 4, 1497.05
1775301213, 3012, 345, 371, 0, 0, 0.54%, 1, 0, 4, 1413.86
1775301218, 3013, 37, 371, 0, 0, 0.54%, 1, 0, 4, 1582.91
1775301223, 3013, 76, 371, 0, 0, 0.54%, 1, 0, 4, 1636.73
1775301228, 3013, 126, 371, 0, 0, 0.54%, 1, 0, 4, 1660.98
1775301233, 3013, 180, 371, 0, 0, 0.54%, 1, 0, 4, 1540.10
1775301238, 3013, 275, 371, 0, 0, 0.54%, 1, 0, 4, 1737.86
1775301243, 3013, 369, 371, 0, 0, 0.54%, 1, 0, 4, 1548.28
1775301248, 3014, 31, 371, 0, 0, 0.54%, 1, 0, 4, 1748.74
1775301254, 3014, 89, 371, 0, 0, 0.54%, 1, 0, 4, 1722.68
1775301259, 3014, 158, 371, 0, 0, 0.54%, 1, 0, 4, 1693.01
1775301264, 3014, 265, 371, 0, 0, 0.54%, 1, 0, 4, 1533.97
1775301269, 3015, 1, 371, 0, 0, 0.54%, 1, 0, 4, 1395.11
1775301274, 3015, 48, 371, 0, 0, 0.54%, 1, 0, 4, 1688.29
1775301279, 3015, 108, 371, 0, 0, 0.54%, 1, 0, 4, 1771.81
1775301284, 3015, 257, 371, 0, 0, 0.54%, 1, 0, 4, 1765.99
1775301289, 3015, 308, 371, 0, 0, 0.54%, 1, 0, 4, 1662.62
1775301294, 3016, 38, 371, 0, 0, 0.54%, 1, 0, 4, 1670.10
1775301300, 3016, 101, 371, 0, 0, 0.54%, 1, 0, 4, 1810.84
1775301305, 3016, 176, 371, 0, 0, 0.54%, 1, 0, 4, 1639.34
1775301310, 3016, 265, 371, 0, 0, 0.54%, 1, 0, 4, 1793.77
1775301315, 3017, 1, 371, 0, 0, 0.54%, 1, 0, 4, 1480.95
1775301320, 3017, 64, 371, 0, 0, 0.54%, 1, 0, 4, 1725.51
1775301325, 3017, 126, 371, 0, 0, 0.54%, 1, 0, 4, 1735.62
1775301330, 3017, 270, 371, 0, 0, 0.54%, 1, 0, 4, 1616.41
1775301335, 3018, 9, 371, 0, 0, 0.54%, 1, 0, 4, 1669.75
1775301341, 3018, 63, 371, 0, 0, 0.54%, 1, 0, 4, 1780.73
1775301346, 3018, 145, 371, 0, 0, 0.54%, 1, 0, 4, 1624.40
1775301351, 3018, 215, 371, 0, 0, 0.54%, 1, 0, 4, 1556.93
1775301356, 3018, 275, 371, 0, 0, 0.54%, 1, 0, 4, 1557.31
1775301361, 3019, 31, 371, 0, 0, 0.54%, 1, 0, 4, 1752.10
1775301366, 3019, 100, 371, 0, 0, 0.54%, 1, 0, 4, 1677.87
1775301371, 3019, 166, 371, 0, 0, 0.54%, 1, 0, 4, 1596.31
1775301376, 3019, 261, 371, 0, 0, 0.54%, 1, 0, 4, 1611.58
1775301381, 3019, 310, 371, 0, 0, 0.54%, 1, 0, 4, 1483.55
1775301387, 3019, 367, 371, 0, 0, 0.54%, 1, 0, 4, 1566.37
1775301392, 3020, 27, 371, 0, 0, 0.54%, 1, 0, 4, 1823.89
1775301397, 3020, 60, 371, 0, 0, 0.54%, 1, 0, 4, 1546.08
1775301402, 3020, 104, 371, 0, 0, 0.54%, 1, 0, 4, 1699.91
1775301407, 3020, 175, 371, 0, 0, 0.54%, 1, 0, 4, 1599.91
1775301412, 3020, 265, 371, 0, 0, 0.54%, 1, 0, 4, 1572.80
1775301417, 3021, 9, 371, 0, 0, 0.54%, 1, 0, 4, 1559.03
1775301422, 3021, 64, 371, 0, 0, 0.54%, 1, 0, 4, 1633.43
1775301427, 3021, 113, 371, 0, 0, 0.54%, 1, 0, 4, 1604.89
1775301433, 3021, 185, 371, 0, 0, 0.54%, 1, 0, 4, 1586.93
1775301438, 3021, 277, 371, 0, 0, 0.54%, 1, 0, 4, 1594.12
1775301443, 3022, 58, 371, 0, 0, 0.54%, 1, 0, 4, 1540.19
1775301448, 3022, 103, 371, 0, 0, 0.54%, 1, 0, 4, 1636.41
1775301453, 3022, 197, 371, 0, 0, 0.54%, 1, 0, 4, 1691.39
1775301458, 3022, 250, 371, 0, 0, 0.54%, 1, 0, 4, 1606.60
1775301463, 3022, 297, 371, 0, 0, 0.54%, 1, 0, 4, 1584.27
1775301468, 3022, 369, 371, 0, 0, 0.54%, 1, 0, 4, 1545.32
1775301474, 3023, 58, 371, 0, 0, 0.54%, 1, 0, 4, 1641.47
1775301479, 3023, 124, 371, 0, 0, 0.54%, 1, 0, 4, 1650.64
1775301484, 3023, 265, 371, 0, 0, 0.54%, 1, 0, 4, 1603.87
1775301489, 3023, 282, 371, 0, 0, 0.54%, 1, 0, 4, 1540.87
1775301494, 3024, 33, 371, 0, 0, 0.54%, 1, 0, 4, 1522.66
1775301499, 3024, 101, 371, 0, 0, 0.54%, 1, 0, 4, 1648.82
1775301504, 3024, 172, 371, 0, 0, 0.54%, 1, 0, 4, 1663.26
1775301509, 3024, 265, 371, 0, 0, 0.54%, 1, 0, 4, 1502.50
1775301515, 3024, 326, 371, 0, 0, 0.54%, 1, 0, 4, 1472.11
1775301520, 3025, 1, 371, 0, 0, 0.54%, 1, 0, 4, 1477.17
1775301525, 3025, 64, 371, 0, 0, 0.54%, 1, 0, 4, 1599.36
1775301530, 3025, 125, 371, 0, 0, 0.54%, 1, 0, 4, 1611.00
1775301535, 3025, 203, 371, 0, 0, 0.54%, 1, 0, 4, 1731.49
1775301540, 3025, 274, 371, 0, 0, 0.54%, 1, 0, 4, 1614.31
1775301545, 3026, 9, 371, 0, 0, 0.54%, 1, 0, 4, 1441.38
1775301550, 3026, 89, 371, 0, 0, 0.54%, 1, 0, 4, 1615.86
1775301556, 3026, 147, 371, 0, 0, 0.54%, 1, 0, 4, 1521.99
1775301561, 3026, 261, 371, 0, 0, 0.54%, 1, 0, 4, 1597.38
1775301566, 3026, 305, 371, 0, 0, 0.54%, 1, 0, 4, 1595.05
1775301571, 3026, 370, 371, 0, 0, 0.54%, 1, 0, 4, 1452.55
1775301576, 3027, 39, 371, 0, 0, 0.54%, 1, 0, 4, 1654.07
1775301581, 3027, 103, 371, 0, 0, 0.54%, 1, 0, 4, 1658.87
1775301586, 3027, 228, 371, 0, 0, 0.54%, 1, 0, 4, 1685.29
1775301591, 3027, 275, 371, 0, 0, 0.54%, 1, 0, 4, 1676.24
1775301596, 3028, 9, 371, 0, 0, 0.54%, 1, 0, 4, 1587.57
1775301602, 3028, 64, 371, 0, 0, 0.54%, 1, 0, 4, 1565.66
1775301607, 3028, 158, 371, 0, 0, 0.54%, 1, 0, 4, 1597.23
1775301612, 3028, 257, 371, 0, 0, 0.54%, 1, 0, 4, 1544.81
1775301617, 3028, 310, 371, 0, 0, 0.54%, 1, 0, 4, 1570.75
1775301622, 3029, 15, 371, 0, 0, 0.54%, 1, 0, 4, 1566.74
1775301627, 3029, 58, 371, 0, 0, 0.54%, 1, 0, 4, 1732.63
1775301632, 3029, 108, 371, 0, 0, 0.54%, 1, 0, 4, 1613.07
1775301637, 3029, 245, 371, 0, 0, 0.54%, 1, 0, 4, 1615.47
1775301642, 3029, 300, 371, 0, 0, 0.54%, 1, 0, 4, 1691.03
1775301647, 3030, 33, 371, 0, 0, 0.54%, 1, 0, 4, 1667.25
1775301652, 3030, 91, 371, 0, 0, 0.54%, 1, 0, 4, 1750.76
1775301657, 3030, 200, 371, 0, 0, 0.54%, 1, 0, 4, 1688.48
1775301662, 3030, 275, 371, 0, 0, 0.54%, 1, 0, 4, 1689.96
1775301667, 3031, 1, 371, 0, 0, 0.54%, 1, 0, 4, 1484.46
1775301672, 3031, 58, 371, 0, 0, 0.54%, 1, 0, 4, 1703.46
1775301678, 3031, 108, 371, 0, 0, 0.54%, 1, 0, 4, 1498.65
1775301683, 3031, 261, 371, 0, 0, 0.54%, 1, 0, 4, 1663.84
1775301688, 3031, 322, 371, 0, 0, 0.54%, 1, 0, 4, 1589.62
1775301693, 3032, 42, 371, 0, 0, 0.54%, 1, 0, 4, 1737.64
1775301698, 3032, 101, 371, 0, 0, 0.54%, 1, 0, 4, 1628.84
1775301703, 3032, 244, 371, 0, 0, 0.54%, 1, 0, 4, 1646.12
1775301708, 3032, 289, 371, 0, 0, 0.54%, 1, 0, 4, 1639.68
1775301713, 3033, 31, 371, 0, 0, 0.54%, 1, 0, 4, 1642.56
1775301718, 3033, 89, 371, 0, 0, 0.54%, 1, 0, 4, 1581.53
1775301723, 3033, 261, 371, 0, 0, 0.54%, 1, 0, 4, 1713.79
1775301728, 3033, 367, 371, 0, 0, 0.54%, 1, 0, 4, 1468.03
1775301733, 3034, 8, 371, 0, 0, 0.54%, 1, 0, 4, 1461.20
1775301739, 3034, 58, 371, 0, 0, 0.54%, 1, 0, 4, 1627.63
1775301744, 3034, 168, 371, 0, 0, 0.54%, 1, 0, 4, 1661.84
1775301749, 3034, 276, 371, 0, 0, 0.54%, 1, 0, 4, 1622.18
1775301754, 3035, 31, 371, 0, 0, 0.54%, 1, 0, 4, 1615.00
1775301759, 3035, 101, 371, 0, 0, 0.54%, 1, 0, 4, 1587.24
1775301764, 3035, 189, 371, 0, 0, 0.54%, 1, 0, 4, 1488.08
1775301769, 3035, 274, 371, 0, 0, 0.54%, 1, 0, 4, 1626.28
1775301774, 3035, 328, 371, 0, 0, 0.54%, 1, 0, 4, 1437.26
1775301779, 3036, 31, 371, 0, 0, 0.54%, 1, 0, 4, 1401.30
1775301784, 3036, 64, 371, 0, 0, 0.54%, 1, 0, 4, 1609.28
1775301789, 3036, 140, 371, 0, 0, 0.54%, 1, 0, 4, 1592.48
1775301795, 3036, 261, 371, 0, 0, 0.54%, 1, 0, 4, 1589.63
1775301800, 3036, 314, 371, 0, 0, 0.54%, 1, 0, 4, 1628.30
1775301805, 3037, 31, 371, 0, 0, 0.54%, 1, 0, 4, 1559.04
1775301810, 3037, 101, 371, 0, 0, 0.54%, 1, 0, 4, 1688.09
1775301815, 3037, 143, 371, 0, 0, 0.54%, 1, 0, 4, 1651.41
1775301820, 3037, 274, 371, 0, 0, 0.54%, 1, 0, 4, 1672.65
1775301825, 3038, 9, 371, 0, 0, 0.54%, 1, 0, 4, 1591.26
1775301830, 3038, 63, 371, 0, 0, 0.54%, 1, 0, 4, 1741.25
1775301835, 3038, 113, 371, 0, 0, 0.54%, 1, 0, 4, 1756.46
1775301840, 3038, 225, 371, 0, 0, 0.54%, 1, 0, 4, 1485.49
1775301846, 3038, 275, 371, 0, 0, 0.54%, 1, 0, 4, 1667.01
1775301851, 3039, 8, 371, 0, 0, 0.54%, 1, 0, 4, 1705.24
1775301856, 3039, 58, 371, 0, 0, 0.54%, 1, 0, 4, 1719.85
1775301861, 3039, 103, 371, 0, 0, 0.54%, 1, 0, 4, 1696.11
1775301866, 3039, 215, 371, 0, 0, 0.54%, 1, 0, 4, 1623.33
1775301871, 3039, 283, 371, 0, 0, 0.54%, 1, 0, 4, 1679.72
1775301876, 3040, 29, 371, 0, 0, 0.54%, 1, 0, 4, 1641.56
1775301881, 3040, 63, 371, 0, 0, 0.54%, 1, 0, 4, 1680.73
1775301887, 3040, 108, 371, 0, 0, 0.54%, 1, 0, 4, 1599.00
1775301892, 3040, 168, 371, 0, 0, 0.54%, 1, 0, 4, 1474.97
1775301897, 3040, 268, 371, 0, 0, 0.54%, 1, 0, 4, 1514.87
1775301902, 3040, 345, 371, 0, 0, 0.54%, 1, 0, 4, 1448.50
1775301907, 3041, 33, 371, 0, 0, 0.54%, 1, 0, 4, 1807.35
1775301912, 3041, 103, 371, 0, 0, 0.54%, 1, 0, 4, 1685.05
1775301917, 3041, 223, 371, 0, 0, 0.54%, 1, 0, 4, 1671.25
1775301922, 3041, 281, 371, 0, 0, 0.54%, 1, 0, 4, 1584.60
1775301928, 3042, 9, 371, 0, 0, 0.54%, 1, 0, 4, 1528.27
1775301933, 3042, 56, 371, 0, 0, 0.54%, 1, 0, 4, 1634.75
1775301938, 3042, 181, 371, 0, 0, 0.54%, 1, 0, 4, 1653.96
1775301943, 3042, 261, 371, 0, 0, 0.54%, 1, 0, 4, 1683.03
1775301948, 3042, 322, 371, 0, 0, 0.54%, 1, 0, 4, 1680.86
1775301953, 3043, 29, 371, 0, 0, 0.54%, 1, 0, 4, 1615.92
1775301958, 3043, 51, 371, 0, 0, 0.54%, 1, 0, 4, 1640.95
1775301963, 3043, 108, 371, 0, 0, 0.54%, 1, 0, 4, 1704.61
1775301968, 3043, 215, 371, 0, 0, 0.54%, 1, 0, 4, 1670.09
1775301973, 3043, 276, 371, 0, 0, 0.54%, 1, 0, 4, 1560.87
1775301979, 3044, 33, 371, 0, 0, 0.54%, 1, 0, 4, 1595.09
1775301984, 3044, 101, 371, 0, 0, 0.54%, 1, 0, 4, 1607.01
1775301989, 3044, 145, 371, 0, 0, 0.54%, 1, 0, 4, 1682.02
1775301994, 3044, 254, 371, 0, 0, 0.54%, 1, 0, 4, 1793.97
1775301999, 3044, 276, 371, 0, 0, 0.54%, 1, 0, 4, 1630.41
1775302004, 3045, 33, 371, 0, 0, 0.54%, 1, 0, 4, 1622.37
1775302009, 3045, 108, 371, 0, 0, 0.54%, 1, 0, 4, 1766.03
1775302014, 3045, 261, 371, 0, 0, 0.54%, 1, 0, 4, 1710.79
1775302020, 3045, 321, 371, 0, 0, 0.54%, 1, 0, 4, 1670.98
1775302025, 3046, 31, 371, 0, 0, 0.54%, 1, 0, 4, 1625.98
1775302030, 3046, 64, 371, 0, 0, 0.54%, 1, 0, 4, 1687.74
1775302035, 3046, 103, 371, 0, 0, 0.54%, 1, 0, 4, 1534.59
1775302040, 3046, 228, 371, 0, 0, 0.54%, 1, 0, 4, 1660.99
1775302045, 3046, 274, 371, 0, 0, 0.54%, 1, 0, 4, 1761.82
1775302050, 3047, 31, 371, 0, 0, 0.54%, 1, 0, 4, 1682.49
1775302055, 3047, 64, 371, 0, 0, 0.54%, 1, 0, 4, 1637.34
1775302060, 3047, 173, 371, 0, 0, 0.54%, 1, 0, 4, 1440.68
1775302065, 3047, 261, 371, 0, 0, 0.54%, 1, 0, 4, 1586.52
1775302071, 3047, 322, 371, 0, 0, 0.54%, 1, 0, 4, 1468.99
1775302076, 3048, 58, 371, 0, 0, 0.54%, 1, 0, 4, 1652.29
1775302081, 3048, 101, 371, 0, 0, 0.54%, 1, 0, 4, 1752.30
1775302086, 3048, 164, 371, 0, 0, 0.54%, 1, 0, 4, 1603.49
1775302091, 3048, 260, 371, 0, 0, 0.54%, 1, 0, 4, 1547.48
1775302096, 3048, 278, 371, 0, 0, 0.54%, 1, 0, 4, 1532.17
1775302101, 3048, 367, 371, 0, 0, 0.54%, 1, 0, 4, 1642.23
1775302106, 3049, 29, 371, 0, 0, 0.54%, 1, 0, 4, 1672.66
1775302111, 3049, 101, 371, 0, 0, 0.54%, 1, 0, 4, 1710.08
1775302116, 3049, 142, 371, 0, 0, 0.54%, 1, 0, 4, 1674.44
1775302121, 3049, 242, 371, 0, 0, 0.54%, 1, 0, 4, 1665.05
1775302126, 3049, 276, 371, 0, 0, 0.54%, 1, 0, 4, 1618.00
1775302131, 3050, 33, 371, 0, 0, 0.54%, 1, 0, 4, 1555.86
1775302136, 3050, 89, 371, 0, 0, 0.54%, 1, 0, 4, 1688.63
1775302141, 3050, 165, 371, 0, 0, 0.54%, 1, 0, 4, 1757.43
1775302147, 3050, 235, 371, 0, 0, 0.54%, 1, 0, 4, 1540.46
1775302152, 3050, 276, 371, 0, 0, 0.54%, 1, 0, 4, 1561.34
1775302157, 3051, 31, 371, 0, 0, 0.54%, 1, 0, 4, 1412.85
1775302162, 3051, 73, 371, 0, 0, 0.54%, 1, 0, 4, 1585.59
1775302167, 3051, 188, 371, 0, 0, 0.54%, 1, 0, 4, 1531.73
1775302172, 3051, 265, 371, 0, 0, 0.54%, 1, 0, 4, 1546.68
1775302177, 3052, 9, 371, 0, 0, 0.54%, 1, 0, 4, 1534.03
1775302182, 3052, 63, 371, 0, 0, 0.54%, 1, 0, 4, 1660.48
1775302187, 3052, 108, 371, 0, 0, 0.54%, 1, 0, 4, 1582.91
1775302192, 3052, 178, 371, 0, 0, 0.54%, 1, 0, 4, 880.22
1775302198, 3052, 271, 371, 0, 0, 0.54%, 1, 0, 4, 1605.24
1775302203, 3052, 337, 371, 0, 0, 0.54%, 1, 0, 4, 1454.93
1775302208, 3053, 33, 371, 0, 0, 0.54%, 1, 0, 4, 1667.63
1775302213, 3053, 103, 371, 0, 0, 0.54%, 1, 0, 4, 1746.22
1775302218, 3053, 189, 371, 0, 0, 0.54%, 1, 0, 4, 1795.02
1775302223, 3053, 274, 371, 0, 0, 0.54%, 1, 0, 4, 1553.42
1775302228, 3054, 9, 371, 0, 0, 0.54%, 1, 0, 4, 1587.92
1775302233, 3054, 58, 371, 0, 0, 0.54%, 1, 0, 4, 1636.72
1775302238, 3054, 150, 371, 0, 0, 0.54%, 1, 0, 4, 1697.51
1775302243, 3054, 261, 371, 0, 0, 0.54%, 1, 0, 4, 1624.63
1775302248, 3054, 322, 371, 0, 0, 0.54%, 1, 0, 4, 1562.96
1775302253, 3055, 23, 371, 0, 0, 0.54%, 1, 0, 4, 1544.51
1775302258, 3055, 39, 371, 0, 0, 0.54%, 1, 0, 4, 1565.74
1775302263, 3055, 103, 371, 0, 0, 0.54%, 1, 0, 4, 1714.45
1775302269, 3055, 217, 371, 0, 0, 0.54%, 1, 0, 4, 1611.58
1775302274, 3055, 276, 371, 0, 0, 0.54%, 1, 0, 4, 1748.88
1775302279, 3056, 33, 371, 0, 0, 0.54%, 1, 0, 4, 1683.44
1775302284, 3056, 108, 371, 0, 0, 0.54%, 1, 0, 4, 1659.19
1775302289, 3056, 205, 371, 0, 0, 0.54%, 1, 0, 4, 1610.06
1775302294, 3056, 276, 371, 0, 0, 0.54%, 1, 0, 4, 1593.71
1775302299, 3056, 369, 371, 0, 0, 0.54%, 1, 0, 4, 1524.81
1775302304, 3057, 31, 371, 0, 0, 0.54%, 1, 0, 4, 1665.50
1775302309, 3057, 98, 371, 0, 0, 0.54%, 1, 0, 4, 1588.06
1775302315, 3057, 147, 371, 0, 0, 0.54%, 1, 0, 4, 1628.45
1775302320, 3057, 265, 371, 0, 0, 0.54%, 1, 0, 4, 1589.72
1775302325, 3057, 356, 371, 0, 0, 0.54%, 1, 0, 4, 1362.00
1775302330, 3058, 31, 371, 0, 0, 0.54%, 1, 0, 4, 1492.51
1775302335, 3058, 64, 371, 0, 0, 0.54%, 1, 0, 4, 1648.63
1775302340, 3058, 198, 371, 0, 0, 0.54%, 1, 0, 4, 1536.94
1775302345, 3058, 274, 371, 0, 0, 0.54%, 1, 0, 4, 1500.67
1775302350, 3058, 335, 371, 0, 0, 0.54%, 1, 0, 4, 1386.27
1775302355, 3059, 57, 371, 0, 0, 0.54%, 1, 0, 4, 1563.28
1775302360, 3059, 113, 371, 0, 0, 0.54%, 1, 0, 4, 1683.28
1775302365, 3059, 193, 371, 0, 0, 0.54%, 1, 0, 4, 1759.32
1775302371, 3059, 275, 371, 0, 0, 0.54%, 1, 0, 4, 1707.52
1775302376, 3060, 9, 371, 0, 0, 0.54%, 1, 0, 4, 1554.82
1775302381, 3060, 64, 371, 0, 0, 0.54%, 1, 0, 4, 1634.49
1775302386, 3060, 120, 371, 0, 0, 0.54%, 1, 0, 4, 1644.77
1775302391, 3060, 214, 371, 0, 0, 0.54%, 1, 0, 4, 1597.97
1775302396, 3060, 307, 371, 0, 0, 0.54%, 1, 0, 4, 1563.81
1775302401, 3061, 29, 371, 0, 0, 0.54%, 1, 0, 4, 1594.03
1775302406, 3061, 68, 371, 0, 0, 0.54%, 1, 0, 4, 1639.37
1775302411, 3061, 125, 371, 0, 0, 0.54%, 1, 0, 4, 1689.83
1775302416, 3061, 245, 371, 0, 0, 0.54%, 1, 0, 4, 1670.71
1775302421, 3061, 320, 371, 0, 0, 0.54%, 1, 0, 4, 1645.07
1775302427, 3062, 31, 371, 0, 0, 0.54%, 1, 0, 4, 1648.69
1775302432, 3062, 89, 371, 0, 0, 0.54%, 1, 0, 4, 1530.04
1775302437, 3062, 149, 371, 0, 0, 0.54%, 1, 0, 4, 1491.21
1775302442, 3062, 265, 371, 0, 0, 0.54%, 1, 0, 4, 1651.24
1775302447, 3062, 322, 371, 0, 0, 0.54%, 1, 0, 4, 1498.67
1775302452, 3063, 27, 371, 0, 0, 0.54%, 1, 0, 4, 1514.10
1775302457, 3063, 58, 371, 0, 0, 0.54%, 1, 0, 4, 1411.82
1775302462, 3063, 108, 371, 0, 0, 0.54%, 1, 0, 4, 1571.70
1775302467, 3063, 205, 371, 0, 0, 0.54%, 1, 0, 4, 1563.28
1775302472, 3063, 275, 371, 0, 0, 0.54%, 1, 0, 4, 1515.03
1775302477, 3064, 27, 371, 0, 0, 0.54%, 1, 0, 4, 1528.70
1775302483, 3064, 58, 371, 0, 0, 0.54%, 1, 0, 4, 1682.73
1775302488, 3064, 101, 371, 0, 0, 0.54%, 1, 0, 4, 1577.94
1775302493, 3064, 149, 371, 0, 0, 0.54%, 1, 0, 4, 1461.48
1775302498, 3064, 224, 371, 0, 0, 0.54%, 1, 0, 4, 1566.73
1775302503, 3064, 275, 371, 0, 0, 0.54%, 1, 0, 4, 1665.40
1775302508, 3065, 29, 371, 0, 0, 0.54%, 1, 0, 4, 1504.53
1775302513, 3065, 99, 371, 0, 0, 0.54%, 1, 0, 4, 1623.88
1775302518, 3065, 261, 371, 0, 0, 0.54%, 1, 0, 4, 1681.27
1775302523, 3065, 337, 371, 0, 0, 0.54%, 1, 0, 4, 1516.19
1775302529, 3066, 54, 371, 0, 0, 0.54%, 1, 0, 4, 1617.99
1775302534, 3066, 103, 371, 0, 0, 0.54%, 1, 0, 4, 1685.23
1775302539, 3066, 185, 371, 0, 0, 0.54%, 1, 0, 4, 1622.39
1775302544, 3066, 305, 371, 0, 0, 0.54%, 1, 0, 4, 1563.05
1775302549, 3067, 29, 371, 0, 0, 0.54%, 1, 0, 4, 1590.65
1775302554, 3067, 64, 371, 0, 0, 0.54%, 1, 0, 4, 1571.85
1775302559, 3067, 120, 371, 0, 0, 0.54%, 1, 0, 4, 1610.40
1775302564, 3067, 171, 371, 0, 0, 0.54%, 1, 0, 4, 1535.49
1775302569, 3067, 256, 371, 0, 0, 0.54%, 1, 0, 4, 1534.12
1775302574, 3067, 275, 371, 0, 0, 0.54%, 1, 0, 4, 1436.22
1775302579, 3067, 362, 371, 0, 0, 0.54%, 1, 0, 4, 1233.20
1775302585, 3068, 29, 371, 0, 0, 0.54%, 1, 0, 4, 1489.03
1775302590, 3068, 89, 371, 0, 0, 0.54%, 1, 0, 4, 1568.70
1775302595, 3068, 253, 371, 0, 0, 0.54%, 1, 0, 4, 1537.97
1775302600, 3068, 276, 371, 0, 0, 0.54%, 1, 0, 4, 1597.67
1775302605, 3069, 31, 371, 0, 0, 0.54%, 1, 0, 4, 1538.11
1775302610, 3069, 76, 371, 0, 0, 0.54%, 1, 0, 4, 1617.67
1775302615, 3069, 153, 371, 0, 0, 0.54%, 1, 0, 4, 1651.46
1775302620, 3069, 270, 371, 0, 0, 0.54%, 1, 0, 4, 1527.27
1775302625, 3069, 322, 371, 0, 0, 0.54%, 1, 0, 4, 1633.11
1775302630, 3070, 31, 371, 0, 0, 0.54%, 1, 0, 4, 1534.81
1775302636, 3070, 101, 371, 0, 0, 0.54%, 1, 0, 4, 1700.52
1775302641, 3070, 177, 371, 0, 0, 0.54%, 1, 0, 4, 1608.86
1775302646, 3070, 271, 371, 0, 0, 0.54%, 1, 0, 4, 1613.77
1775302651, 3070, 348, 371, 0, 0, 0.54%, 1, 0, 4, 1407.24
1775302656, 3071, 58, 371, 0, 0, 0.54%, 1, 0, 4, 1679.21
1775302661, 3071, 108, 371, 0, 0, 0.54%, 1, 0, 4, 1697.20
1775302666, 3071, 265, 371, 0, 0, 0.54%, 1, 0, 4, 1684.56
1775302671, 3072, 9, 371, 0, 0, 0.54%, 1, 0, 4, 1557.86
1775302676, 3072, 64, 371, 0, 0, 0.54%, 1, 0, 4, 1653.50
1775302682, 3072, 94, 371, 0, 0, 0.54%, 1, 0, 4, 1682.08
1775302687, 3072, 167, 371, 0, 0, 0.54%, 1, 0, 4, 1535.66
1775302692, 3072, 244, 371, 0, 0, 0.54%, 1, 0, 4, 1441.47
1775302697, 3072, 314, 371, 0, 0, 0.54%, 1, 0, 4, 1672.22
1775302702, 3073, 9, 371, 0, 0, 0.54%, 1, 0, 4, 1746.17
1775302707, 3073, 33, 371, 0, 0, 0.54%, 1, 0, 4, 1495.31
1775302712, 3073, 103, 371, 0, 0, 0.54%, 1, 0, 4, 1597.63
1775302717, 3073, 162, 371, 0, 0, 0.54%, 1, 0, 4, 1628.62
1775302722, 3073, 274, 371, 0, 0, 0.54%, 1, 0, 4, 1609.00
1775302727, 3073, 338, 371, 0, 0, 0.54%, 1, 0, 4, 1492.81
1775302732, 3074, 31, 371, 0, 0, 0.54%, 1, 0, 4, 1546.83
1775302738, 3074, 64, 371, 0, 0, 0.54%, 1, 0, 4, 1627.50
1775302743, 3074, 109, 371, 0, 0, 0.54%, 1, 0, 4, 1514.41
1775302748, 3074, 238, 371, 0, 0, 0.54%, 1, 0, 4, 1636.43
1775302753, 3074, 276, 371, 0, 0, 0.54%, 1, 0, 4, 1549.37
1775302758, 3075, 29, 371, 0, 0, 0.54%, 1, 0, 4, 1543.39
1775302763, 3075, 89, 371, 0, 0, 0.54%, 1, 0, 4, 1559.17
1775302768, 3075, 170, 371, 0, 0, 0.54%, 1, 0, 4, 1553.88
1775302773, 3075, 265, 371, 0, 0, 0.54%, 1, 0, 4, 1433.63
1775302778, 3076, 29, 371, 0, 0, 0.54%, 1, 0, 4, 1605.73
1775302783, 3076, 89, 371, 0, 0, 0.54%, 1, 0, 4, 1674.21
1775302789, 3076, 165, 371, 0, 0, 0.54%, 1, 0, 4, 1698.67
1775302794, 3076, 276, 371, 0, 0, 0.54%, 1, 0, 4, 1745.37
1775302799, 3077, 9, 371, 0, 0, 0.54%, 1, 0, 4, 1549.52
1775302804, 3077, 89, 371, 0, 0, 0.54%, 1, 0, 4, 1689.01
1775302809, 3077, 133, 371, 0, 0, 0.54%, 1, 0, 4, 1665.44
1775302814, 3077, 265, 371, 0, 0, 0.54%, 1, 0, 4, 1690.08
1775302819, 3077, 342, 371, 0, 0, 0.54%, 1, 0, 4, 1507.81
1775302824, 3078, 33, 371, 0, 0, 0.54%, 1, 0, 4, 1654.68
1775302829, 3078, 87, 371, 0, 0, 0.54%, 1, 0, 4, 1622.87
1775302834, 3078, 108, 371, 0, 0, 0.54%, 1, 0, 4, 1604.42
1775302839, 3078, 227, 371, 0, 0, 0.54%, 1, 0, 4, 1560.36
1775302845, 3078, 274, 371, 0, 0, 0.54%, 1, 0, 4, 1610.40
1775302850, 3078, 370, 371, 0, 0, 0.54%, 1, 0, 4, 1571.27
1775302855, 3079, 63, 371, 0, 0, 0.54%, 1, 0, 4, 1620.20
1775302860, 3079, 124, 371, 0, 0, 0.54%, 1, 0, 4, 1499.29
1775302865, 3079, 275, 371, 0, 0, 0.54%, 1, 0, 4, 1661.37
1775302870, 3080, 9, 371, 0, 0, 0.54%, 1, 0, 4, 1584.45
1775302875, 3080, 58, 371, 0, 0, 0.54%, 1, 0, 4, 1728.76
1775302881, 3080, 103, 371, 0, 0, 0.54%, 1, 0, 4, 1491.52
1775302886, 3080, 237, 371, 0, 0, 0.54%, 1, 0, 4, 1562.43
1775302891, 3080, 274, 371, 0, 0, 0.54%, 1, 0, 4, 1561.87
1775302896, 3081, 9, 371, 0, 0, 0.54%, 1, 0, 4, 1515.42
1775302901, 3081, 63, 371, 0, 0, 0.54%, 1, 0, 4, 1726.09
1775302906, 3081, 135, 371, 0, 0, 0.54%, 1, 0, 4, 1653.13
1775302911, 3081, 275, 371, 0, 0, 0.54%, 1, 0, 4, 1781.01
1775302916, 3082, 31, 371, 0, 0, 0.54%, 1, 0, 4, 1654.23
1775302921, 3082, 101, 371, 0, 0, 0.54%, 1, 0, 4, 1726.96
1775302927, 3082, 265, 371, 0, 0, 0.54%, 1, 0, 4, 1704.88
1775302932, 3082, 369, 371, 0, 0, 0.54%, 1, 0, 4, 1610.43
1775302937, 3083, 31, 371, 0, 0, 0.54%, 1, 0, 4, 1529.71
1775302942, 3083, 84, 371, 0, 0, 0.54%, 1, 0, 4, 1664.12
1775302947, 3083, 218, 371, 0, 0, 0.54%, 1, 0, 4, 1676.30
1775302952, 3083, 275, 371, 0, 0, 0.54%, 1, 0, 4, 1595.07
1775302957, 3084, 31, 371, 0, 0, 0.54%, 1, 0, 4, 1678.87
1775302962, 3084, 89, 371, 0, 0, 0.54%, 1, 0, 4, 1758.90
1775302967, 3084, 214, 371, 0, 0, 0.54%, 1, 0, 4, 1601.46
1775302972, 3084, 265, 371, 0, 0, 0.54%, 1, 0, 4, 1732.31
1775302977, 3084, 352, 371, 0, 0, 0.54%, 1, 0, 4, 1580.14
1775302982, 3085, 9, 371, 0, 0, 0.54%, 1, 0, 4, 1569.92
1775302987, 3085, 61, 371, 0, 0, 0.54%, 1, 0, 4, 1630.12
1775302993, 3085, 101, 371, 0, 0, 0.54%, 1, 0, 4, 1582.98
1775302998, 3085, 199, 371, 0, 0, 0.54%, 1, 0, 4, 1764.66
1775303003, 3085, 265, 371, 0, 0, 0.54%, 1, 0, 4, 1719.53
1775303008, 3085, 286, 371, 0, 0, 0.54%, 1, 0, 4, 1527.51
1775303013, 3086, 39, 371, 0, 0, 0.54%, 1, 0, 4, 1690.26
1775303018, 3086, 68, 371, 0, 0, 0.54%, 1, 0, 4, 1615.56
1775303023, 3086, 114, 371, 0, 0, 0.54%, 1, 0, 4, 1538.92
1775303028, 3086, 191, 371, 0, 0, 0.54%, 1, 0, 4, 1530.29
1775303033, 3086, 265, 371, 0, 0, 0.54%, 1, 0, 4, 1561.65
1775303038, 3086, 319, 371, 0, 0, 0.54%, 1, 0, 4, 1551.13
1775303043, 3087, 31, 371, 0, 0, 0.54%, 1, 0, 4, 1552.75
1775303049, 3087, 80, 371, 0, 0, 0.54%, 1, 0, 4, 1686.62
1775303054, 3087, 133, 371, 0, 0, 0.54%, 1, 0, 4, 1657.63
1775303059, 3087, 203, 371, 0, 0, 0.54%, 1, 0, 4, 1594.93
1775303064, 3087, 276, 371, 0, 0, 0.54%, 1, 0, 4, 1482.51
1775303069, 3088, 33, 371, 0, 0, 0.54%, 1, 0, 4, 1669.38
1775303074, 3088, 89, 371, 0, 0, 0.54%, 1, 0, 4, 1677.72
1775303079, 3088, 246, 371, 0, 0, 0.54%, 1, 0, 4, 1479.75
1775303084, 3088, 297, 371, 0, 0, 0.54%, 1, 0, 4, 1613.59
1775303089, 3088, 367, 371, 0, 0, 0.54%, 1, 0, 4, 1514.03
1775303094, 3089, 50, 371, 0, 0, 0.54%, 1, 0, 4, 1715.31
1775303099, 3089, 159, 371, 0, 0, 0.54%, 1, 0, 4, 1663.78
1775303105, 3089, 247, 371, 0, 0, 0.54%, 1, 0, 4, 929.86
1775303110, 3089, 275, 371, 0, 0, 0.54%, 1, 0, 4, 1487.71
1775303115, 3090, 23, 371, 0, 0, 0.54%, 1, 0, 4, 1656.00
1775303120, 3090, 63, 371, 0, 0, 0.54%, 1, 0, 4, 1696.88
1775303125, 3090, 143, 371, 0, 0, 0.54%, 1, 0, 4, 1705.73
1775303130, 3090, 201, 371, 0, 0, 0.54%, 1, 0, 4, 1781.71
1775303135, 3090, 274, 371, 0, 0, 0.54%, 1, 0, 4, 1739.64
1775303140, 3091, 9, 371, 0, 0, 0.54%, 1, 0, 4, 1682.99
1775303145, 3091, 63, 371, 0, 0, 0.54%, 1, 0, 4, 1718.12
1775303150, 3091, 100, 371, 0, 0, 0.54%, 1, 0, 4, 1577.21
1775303155, 3091, 152, 371, 0, 0, 0.54%, 1, 0, 4, 1647.82
1775303160, 3091, 265, 371, 0, 0, 0.54%, 1, 0, 4, 1693.21
1775303166, 3091, 342, 371, 0, 0, 0.54%, 1, 0, 4, 1574.60
1775303171, 3092, 29, 371, 0, 0, 0.54%, 1, 0, 4, 1622.70
1775303176, 3092, 72, 371, 0, 0, 0.54%, 1, 0, 4, 1690.73
1775303181, 3092, 158, 371, 0, 0, 0.54%, 1, 0, 4, 1635.32
1775303186, 3092, 253, 371, 0, 0, 0.54%, 1, 0, 4, 1566.04
1775303191, 3092, 277, 371, 0, 0, 0.54%, 1, 0, 4, 1588.71
1775303196, 3093, 5, 371, 0, 0, 0.54%, 1, 0, 4, 1522.15
1775303201, 3093, 42, 371, 0, 0, 0.54%, 1, 0, 4, 1625.31
1775303206, 3093, 103, 371, 0, 0, 0.54%, 1, 0, 4, 1615.41
1775303212, 3093, 192, 371, 0, 0, 0.54%, 1, 0, 4, 1554.38
1775303217, 3093, 274, 371, 0, 0, 0.54%, 1, 0, 4, 1647.92
1775303222, 3093, 322, 371, 0, 0, 0.54%, 1, 0, 4, 1536.07
1775303227, 3094, 27, 371, 0, 0, 0.54%, 1, 0, 4, 1545.64
1775303232, 3094, 64, 371, 0, 0, 0.54%, 1, 0, 4, 1644.78
1775303237, 3094, 123, 371, 0, 0, 0.54%, 1, 0, 4, 1669.66
1775303242, 3094, 182, 371, 0, 0, 0.54%, 1, 0, 4, 1530.39
1775303247, 3094, 274, 371, 0, 0, 0.54%, 1, 0, 4, 1625.05
1775303252, 3095, 29, 371, 0, 0, 0.54%, 1, 0, 4, 1648.90
1775303257, 3095, 89, 371, 0, 0, 0.54%, 1, 0, 4, 1528.44
1775303263, 3095, 177, 371, 0, 0, 0.54%, 1, 0, 4, 1495.78
1775303268, 3095, 275, 371, 0, 0, 0.54%, 1, 0, 4, 1670.16
1775303273, 3096, 7, 371, 0, 0, 0.54%, 1, 0, 4, 1640.03
1775303278, 3096, 33, 371, 0, 0, 0.54%, 1, 0, 4, 1688.79
1775303283, 3096, 108, 371, 0, 0, 0.54%, 1, 0, 4, 1689.27
1775303288, 3096, 216, 371, 0, 0, 0.54%, 1, 0, 4, 1606.94
1775303293, 3096, 274, 371, 0, 0, 0.54%, 1, 0, 4, 1701.81
1775303298, 3097, 16, 371, 0, 0, 0.54%, 1, 0, 4, 1541.74
1775303303, 3097, 63, 371, 0, 0, 0.54%, 1, 0, 4, 1688.86
1775303308, 3097, 108, 371, 0, 0, 0.54%, 1, 0, 4, 1634.71
1775303313, 3097, 212, 371, 0, 0, 0.54%, 1, 0, 4, 1640.03
1775303318, 3097, 292, 371, 0, 0, 0.54%, 1, 0, 4, 1589.51
1775303323, 3098, 29, 371, 0, 0, 0.54%, 1, 0, 4, 1782.31
1775303328, 3098, 81, 371, 0, 0, 0.54%, 1, 0, 4, 1672.35
1775303334, 3098, 200, 371, 0, 0, 0.54%, 1, 0, 4, 1723.30
1775303339, 3098, 275, 371, 0, 0, 0.54%, 1, 0, 4, 1705.30
1775303344, 3099, 9, 371, 0, 0, 0.54%, 1, 0, 4, 1659.06
1775303349, 3099, 64, 371, 0, 0, 0.54%, 1, 0, 4, 1826.67
1775303354, 3099, 122, 371, 0, 0, 0.54%, 1, 0, 4, 1684.46
1775303359, 3099, 216, 371, 0, 0, 0.54%, 1, 0, 4, 1659.06
1775303364, 3099, 274, 371, 0, 0, 0.54%, 1, 0, 4, 1808.22
1775303369, 3100, 9, 371, 0, 0, 0.54%, 1, 0, 4, 1697.82
1775303374, 3100, 52, 371, 0, 0, 0.54%, 1, 0, 4, 1771.41
1775303379, 3100, 108, 371, 0, 0, 0.54%, 1, 0, 4, 1698.78
1775303385, 3100, 177, 371, 0, 0, 0.54%, 1, 0, 4, 1628.35
1775303390, 3100, 261, 371, 0, 0, 0.54%, 1, 0, 4, 1549.59
1775303395, 3101, 9, 371, 0, 0, 0.54%, 1, 0, 4, 1573.32
1775303400, 3101, 64, 371, 0, 0, 0.54%, 1, 0, 4, 1696.76
1775303405, 3101, 139, 371, 0, 0, 0.54%, 1, 0, 4, 1664.80
1775303410, 3101, 220, 371, 0, 0, 0.54%, 1, 0, 4, 1643.00
1775303415, 3101, 274, 371, 0, 0, 0.54%, 1, 0, 4, 1770.76
1775303420, 3102, 9, 371, 0, 0, 0.54%, 1, 0, 4, 1629.67
1775303425, 3102, 63, 371, 0, 0, 0.54%, 1, 0, 4, 1619.01
1775303430, 3102, 155, 371, 0, 0, 0.54%, 1, 0, 4, 1667.48
1775303436, 3102, 274, 371, 0, 0, 0.54%, 1, 0, 4, 1612.49
1775303441, 3102, 369, 371, 0, 0, 0.54%, 1, 0, 4, 1547.07
1775303446, 3103, 29, 371, 0, 0, 0.54%, 1, 0, 4, 1706.16
1775303451, 3103, 89, 371, 0, 0, 0.54%, 1, 0, 4, 1789.70
1775303456, 3103, 188, 371, 0, 0, 0.54%, 1, 0, 4, 1722.37
1775303461, 3103, 255, 371, 0, 0, 0.54%, 1, 0, 4, 1680.13
1775303466, 3103, 275, 371, 0, 0, 0.54%, 1, 0, 4, 1783.41
1775303471, 3104, 9, 371, 0, 0, 0.54%, 1, 0, 4, 1573.92
1775303476, 3104, 81, 371, 0, 0, 0.54%, 1, 0, 4, 1723.97
1775303482, 3104, 146, 371, 0, 0, 0.54%, 1, 0, 4, 1736.85
1775303487, 3104, 261, 371, 0, 0, 0.54%, 1, 0, 4, 1722.16
1775303492, 3104, 314, 371, 0, 0, 0.54%, 1, 0, 4, 1823.76
1775303497, 3104, 367, 371, 0, 0, 0.54%, 1, 0, 4, 1834.84
1775303502, 3105, 31, 371, 0, 0, 0.54%, 1, 0, 4, 1961.56
1775303507, 3105, 101, 371, 0, 0, 0.54%, 1, 0, 4, 1953.23
1775303512, 3105, 173, 371, 0, 0, 0.54%, 1, 0, 4, 1823.99
1775303517, 3105, 276, 371, 0, 0, 0.54%, 1, 0, 4, 1869.81
1775303522, 3106, 31, 371, 0, 0, 0.54%, 1, 0, 4, 1907.34
1775303527, 3106, 87, 371, 0, 0, 0.54%, 1, 0, 4, 1890.21
1775303533, 3106, 162, 371, 0, 0, 0.54%, 1, 0, 4, 1710.59
1775303538, 3106, 270, 371, 0, 0, 0.54%, 1, 0, 4, 1871.72
1775303543, 3106, 322, 371, 0, 0, 0.54%, 1, 0, 4, 1864.57
1775303548, 3107, 6, 371, 0, 0, 0.54%, 1, 0, 4, 2365.52
1775303553, 3107, 33, 371, 0, 0, 0.54%, 1, 0, 4, 1870.83
1775303558, 3107, 103, 371, 0, 0, 0.54%, 1, 0, 4, 1915.36
1775303563, 3107, 170, 371, 0, 0, 0.54%, 1, 0, 4, 1979.74
1775303568, 3107, 265, 371, 0, 0, 0.54%, 1, 0, 4, 2041.76
1775303573, 3108, 6, 371, 0, 0, 0.54%, 1, 0, 4, 1804.79
1775303578, 3108, 64, 371, 0, 0, 0.54%, 1, 0, 4, 2036.72
