# unix_time, cycles_done, cur_path, paths_total, pending_total, pending_favs, map_size, unique_crashes, unique_hangs, max_depth, execs_per_sec
1775217157, 0, 0, 1, 1, 1, 0.33%, 0, 0, 1, 1333.33
1775217163, 0, 6, 140, 138, 16, 0.53%, 0, 0, 2, 2016.69
1775217168, 1, 1, 155, 137, 0, 0.53%, 0, 0, 3, 2149.45
1775217173, 2, 9, 159, 129, 0, 0.53%, 0, 0, 3, 2181.25
1775217178, 2, 72, 164, 121, 0, 0.53%, 0, 0, 3, 2202.21
1775217183, 2, 106, 167, 118, 0, 0.53%, 0, 0, 3, 2115.42
1775217188, 2, 160, 172, 116, 0, 0.53%, 0, 0, 3, 2047.05
1775217193, 2, 170, 182, 124, 0, 0.53%, 0, 0, 3, 2070.13
1775217199, 3, 88, 183, 118, 0, 0.53%, 0, 0, 3, 2004.01
1775217204, 3, 136, 191, 117, 0, 0.53%, 0, 0, 3, 2075.51
1775217209, 3, 185, 191, 110, 0, 0.53%, 0, 0, 3, 2061.95
1775217214, 3, 190, 202, 120, 0, 0.53%, 0, 0, 3, 2046.36
1775217219, 3, 202, 205, 118, 0, 0.53%, 0, 0, 4, 1953.63
1775217224, 4, 51, 208, 111, 0, 0.53%, 0, 0, 4, 2003.78
1775217229, 4, 93, 212, 110, 0, 0.53%, 0, 0, 4, 2000.11
1775217234, 4, 146, 217, 106, 0, 0.53%, 0, 0, 4, 1996.07
1775217239, 4, 206, 218, 102, 0, 0.53%, 0, 0, 4, 1987.72
1775217245, 4, 217, 222, 102, 0, 0.53%, 0, 0, 4, 1976.23
1775217250, 5, 37, 223, 95, 0, 0.53%, 0, 0, 4, 1991.61
1775217255, 5, 106, 224, 93, 0, 0.53%, 0, 0, 4, 1996.52
1775217260, 5, 180, 225, 87, 0, 0.53%, 0, 0, 4, 1981.21
1775217265, 5, 214, 226, 83, 0, 0.53%, 0, 0, 4, 1943.00
1775217270, 5, 227, 229, 83, 0, 0.53%, 0, 0, 4, 1976.08
1775217275, 6, 51, 230, 80, 0, 0.53%, 0, 0, 4, 1972.90
1775217281, 6, 88, 231, 74, 0, 0.53%, 0, 0, 4, 1952.48
1775217286, 6, 170, 231, 69, 0, 0.53%, 0, 0, 4, 1983.46
1775217291, 6, 194, 232, 65, 0, 0.53%, 0, 0, 4, 1928.78
1775217296, 6, 224, 233, 62, 0, 0.53%, 0, 0, 4, 1928.75
1775217301, 6, 229, 234, 61, 0, 0.53%, 0, 0, 5, 1968.66
1775217306, 7, 32, 236, 58, 0, 0.53%, 0, 0, 5, 2071.90
1775217311, 7, 84, 236, 56, 0, 0.53%, 0, 0, 5, 2075.63
1775217317, 7, 184, 236, 50, 0, 0.53%, 0, 0, 5, 2101.81
1775217322, 7, 230, 237, 48, 0, 0.53%, 0, 0, 5, 2067.68
1775217327, 8, 74, 237, 45, 0, 0.53%, 0, 0, 5, 2181.45
1775217332, 8, 162, 241, 45, 0, 0.53%, 0, 0, 5, 2129.78
1775217337, 8, 215, 241, 40, 0, 0.53%, 0, 0, 5, 2180.45
1775217342, 8, 233, 243, 40, 0, 0.53%, 0, 0, 5, 2192.19
1775217347, 8, 240, 245, 38, 0, 0.53%, 0, 0, 5, 2209.06
1775217352, 9, 71, 249, 38, 0, 0.53%, 0, 0, 5, 2175.00
1775217357, 9, 161, 250, 36, 0, 0.53%, 0, 0, 5, 2149.97
1775217363, 9, 202, 251, 34, 0, 0.53%, 0, 0, 5, 2161.56
1775217368, 9, 249, 256, 37, 0, 0.53%, 0, 0, 5, 2172.94
1775217373, 10, 89, 257, 36, 0, 0.53%, 0, 0, 5, 2189.86
1775217378, 10, 168, 258, 35, 0, 0.53%, 0, 0, 5, 2166.85
1775217383, 10, 242, 260, 34, 0, 0.53%, 0, 0, 5, 2160.22
1775217388, 10, 253, 260, 30, 0, 0.53%, 0, 0, 5, 2126.52
1775217393, 11, 18, 260, 27, 0, 0.53%, 0, 0, 5, 2134.77
1775217398, 11, 89, 261, 25, 0, 0.53%, 0, 0, 5, 2206.91
1775217403, 11, 230, 263, 25, 0, 0.53%, 0, 0, 5, 2230.77
1775217409, 11, 253, 263, 23, 0, 0.53%, 0, 0, 5, 2122.12
1775217414, 11, 261, 266, 25, 0, 0.53%, 0, 0, 5, 2154.57
1775217419, 12, 17, 266, 22, 0, 0.53%, 0, 0, 5, 2135.80
1775217424, 12, 77, 267, 21, 0, 0.53%, 0, 0, 5, 2173.15
1775217429, 12, 164, 267, 21, 0, 0.53%, 0, 0, 5, 2105.57
1775217434, 12, 256, 267, 17, 0, 0.53%, 0, 0, 5, 2071.45
1775217439, 12, 266, 267, 14, 0, 0.53%, 0, 0, 5, 2077.55
1775217444, 13, 86, 268, 13, 0, 0.53%, 0, 0, 5, 2174.59
1775217449, 13, 197, 268, 12, 0, 0.53%, 0, 0, 5, 2108.81
1775217454, 13, 267, 268, 9, 0, 0.53%, 0, 0, 5, 2073.44
1775217459, 14, 86, 268, 8, 0, 0.53%, 0, 0, 5, 2004.88
1775217464, 14, 198, 268, 8, 0, 0.53%, 0, 0, 5, 1898.29
1775217469, 14, 251, 270, 9, 0, 0.53%, 0, 0, 5, 2037.78
1775217474, 15, 86, 271, 10, 0, 0.53%, 0, 0, 5, 2131.06
1775217480, 15, 239, 271, 8, 0, 0.53%, 0, 0, 5, 2167.56
1775217485, 15, 270, 271, 8, 0, 0.53%, 0, 0, 5, 2165.45
1775217490, 16, 86, 273, 9, 0, 0.53%, 0, 0, 5, 2124.22
1775217495, 16, 259, 273, 9, 0, 0.53%, 0, 0, 5, 2064.99
1775217500, 17, 74, 273, 7, 0, 0.53%, 0, 0, 5, 2130.74
1775217505, 17, 158, 273, 5, 0, 0.53%, 0, 0, 5, 2176.65
1775217510, 18, 46, 273, 4, 0, 0.53%, 0, 0, 5, 2210.29
1775217515, 18, 106, 273, 4, 0, 0.53%, 0, 0, 5, 2158.48
1775217520, 18, 268, 273, 4, 0, 0.53%, 0, 0, 5, 2138.95
1775217526, 19, 88, 273, 3, 0, 0.53%, 0, 0, 5, 2180.04
1775217531, 19, 202, 273, 3, 0, 0.53%, 0, 0, 5, 2211.76
1775217536, 20, 2, 273, 2, 0, 0.53%, 0, 0, 5, 2222.80
1775217541, 20, 88, 273, 2, 0, 0.53%, 0, 0, 5, 2186.42
1775217546, 20, 229, 273, 2, 0, 0.53%, 0, 0, 5, 2178.78
1775217551, 21, 64, 274, 3, 0, 0.53%, 0, 0, 5, 2197.45
1775217556, 21, 158, 274, 2, 0, 0.53%, 0, 0, 5, 2180.91
1775217561, 21, 273, 277, 5, 0, 0.53%, 0, 0, 5, 2140.56
1775217566, 21, 277, 279, 6, 0, 0.53%, 0, 0, 5, 2172.90
1775217571, 22, 77, 282, 8, 0, 0.53%, 0, 0, 5, 2130.32
1775217576, 22, 251, 282, 8, 0, 0.53%, 0, 0, 5, 2079.56
1775217581, 22, 278, 282, 7, 0, 0.53%, 0, 0, 5, 2053.43
1775217587, 23, 51, 282, 4, 0, 0.53%, 0, 0, 5, 2123.77
1775217592, 23, 105, 282, 4, 0, 0.53%, 0, 0, 5, 2056.42
1775217597, 23, 274, 282, 4, 0, 0.53%, 0, 0, 5, 2119.41
1775217602, 23, 275, 282, 3, 0, 0.53%, 0, 0, 5, 2104.99
1775217607, 24, 86, 282, 2, 0, 0.53%, 0, 0, 5, 2086.88
1775217612, 24, 207, 282, 2, 0, 0.53%, 0, 0, 5, 2081.44
1775217617, 24, 277, 282, 1, 0, 0.53%, 0, 0, 5, 2123.93
1775217622, 25, 37, 282, 1, 0, 0.53%, 0, 0, 5, 2134.53
1775217628, 25, 94, 282, 1, 0, 0.53%, 0, 0, 5, 2144.97
1775217633, 25, 210, 282, 1, 0, 0.53%, 0, 0, 5, 2116.11
1775217638, 26, 51, 282, 0, 0, 0.53%, 0, 0, 5, 2234.03
1775217643, 26, 158, 282, 0, 0, 0.53%, 0, 0, 5, 2201.30
1775217648, 26, 244, 282, 0, 0, 0.53%, 0, 0, 5, 2155.58
1775217653, 27, 88, 282, 0, 0, 0.53%, 0, 0, 5, 2182.33
1775217659, 27, 237, 282, 0, 0, 0.53%, 0, 0, 5, 2178.15
1775217664, 28, 64, 282, 0, 0, 0.53%, 0, 0, 5, 2194.95
1775217669, 28, 221, 282, 0, 0, 0.53%, 0, 0, 5, 2177.65
1775217674, 28, 267, 282, 0, 0, 0.53%, 0, 0, 5, 2198.52
1775217679, 29, 83, 282, 0, 0, 0.53%, 0, 0, 5, 2199.36
1775217684, 29, 243, 282, 0, 0, 0.53%, 0, 0, 5, 2169.65
1775217689, 30, 51, 282, 0, 0, 0.53%, 0, 0, 5, 2244.03
1775217694, 30, 158, 282, 0, 0, 0.53%, 0, 0, 5, 2209.88
1775217699, 30, 270, 282, 0, 0, 0.53%, 0, 0, 5, 2160.81
1775217704, 31, 73, 282, 0, 0, 0.53%, 0, 0, 5, 2187.13
1775217709, 31, 176, 282, 0, 0, 0.53%, 0, 0, 5, 2234.94
1775217715, 32, 64, 282, 0, 0, 0.53%, 0, 0, 5, 2252.86
1775217720, 32, 163, 282, 0, 0, 0.53%, 0, 0, 5, 2196.33
1775217725, 33, 61, 282, 0, 0, 0.53%, 0, 0, 5, 2265.51
1775217730, 33, 220, 282, 0, 0, 0.53%, 0, 0, 5, 2203.84
1775217735, 34, 81, 282, 0, 0, 0.53%, 0, 0, 5, 2228.80
1775217740, 34, 204, 282, 0, 0, 0.53%, 0, 0, 5, 2234.34
1775217746, 35, 285, 290, 8, 2, 0.54%, 0, 0, 5, 391.33
1775217751, 35, 285, 303, 21, 2, 0.54%, 0, 0, 5, 661.43
1775217756, 35, 285, 304, 22, 2, 0.54%, 0, 0, 5, 941.11
1775217761, 35, 291, 308, 24, 4, 0.54%, 0, 0, 5, 1668.93
1775217766, 35, 294, 308, 23, 3, 0.54%, 0, 0, 5, 783.66
1775217771, 35, 304, 314, 28, 3, 0.54%, 0, 0, 5, 922.84
1775217776, 35, 312, 315, 26, 1, 0.54%, 0, 0, 5, 1844.98
1775217781, 35, 315, 316, 25, 1, 0.54%, 0, 0, 5, 807.32
1775217786, 36, 73, 316, 24, 0, 0.54%, 0, 0, 5, 1908.78
1775217792, 36, 199, 317, 25, 0, 0.54%, 0, 0, 5, 2144.17
1775217797, 36, 284, 318, 25, 0, 0.54%, 0, 0, 5, 1935.71
1775217802, 36, 288, 323, 29, 0, 0.54%, 0, 0, 5, 2055.38
1775217807, 36, 296, 324, 28, 0, 0.54%, 0, 0, 5, 1804.01
1775217812, 36, 304, 324, 26, 0, 0.54%, 0, 0, 5, 1709.55
1775217817, 36, 312, 325, 26, 0, 0.54%, 0, 0, 5, 1851.36
1775217822, 37, 51, 326, 26, 0, 0.54%, 0, 0, 5, 2027.34
1775217827, 37, 201, 326, 26, 0, 0.54%, 0, 0, 5, 2118.59
1775217832, 37, 304, 326, 25, 0, 0.54%, 0, 0, 5, 2004.14
1775217837, 37, 306, 326, 25, 0, 0.54%, 0, 0, 5, 232.22
1775217842, 37, 311, 326, 23, 0, 0.54%, 0, 0, 5, 1489.04
1775217848, 37, 318, 330, 27, 0, 0.54%, 0, 0, 5, 1793.20
1775217853, 37, 324, 330, 26, 0, 0.54%, 0, 0, 5, 915.29
1775217858, 38, 333, 343, 38, 1, 0.54%, 0, 0, 5, 1516.82
1775217863, 38, 337, 346, 40, 1, 0.54%, 0, 0, 5, 1701.85
1775217868, 39, 3, 347, 38, 0, 0.54%, 0, 0, 5, 1507.44
1775217873, 39, 129, 350, 41, 0, 0.54%, 0, 0, 5, 1976.21
1775217878, 39, 287, 351, 41, 0, 0.54%, 0, 0, 5, 2036.56
1775217883, 39, 300, 351, 40, 0, 0.54%, 0, 0, 5, 549.11
1775217888, 39, 302, 351, 39, 0, 0.54%, 0, 0, 5, 1071.59
1775217894, 39, 312, 351, 38, 0, 0.54%, 0, 0, 5, 1830.16
1775217899, 39, 335, 351, 37, 0, 0.54%, 0, 0, 5, 1722.51
1775217904, 40, 141, 351, 36, 0, 0.54%, 0, 0, 5, 2040.29
1775217909, 40, 295, 351, 36, 0, 0.54%, 0, 0, 5, 391.82
1775217914, 40, 312, 351, 35, 0, 0.54%, 0, 0, 5, 1341.32
1775217919, 40, 323, 351, 33, 0, 0.54%, 0, 0, 5, 1814.35
1775217924, 40, 333, 351, 31, 0, 0.54%, 0, 0, 5, 1770.64
1775217929, 40, 344, 351, 30, 0, 0.54%, 0, 0, 5, 1543.46
1775217934, 40, 348, 351, 28, 0, 0.54%, 0, 0, 5, 1195.89
1775217940, 41, 104, 351, 27, 0, 0.54%, 0, 0, 5, 1886.55
1775217945, 41, 287, 351, 27, 0, 0.54%, 0, 0, 5, 2076.19
1775217950, 41, 299, 351, 27, 0, 0.54%, 0, 0, 5, 1268.94
1775217955, 41, 303, 351, 26, 0, 0.54%, 0, 0, 5, 809.82
1775217960, 41, 312, 351, 24, 0, 0.54%, 0, 0, 5, 1784.18
1775217965, 41, 329, 351, 23, 0, 0.54%, 0, 0, 5, 1789.93
1775217970, 41, 340, 351, 21, 0, 0.54%, 0, 0, 5, 1746.67
1775217975, 41, 341, 351, 20, 0, 0.54%, 0, 0, 5, 1348.23
1775217980, 41, 343, 351, 18, 0, 0.54%, 0, 0, 5, 1306.17
1775217985, 42, 123, 351, 17, 0, 0.54%, 0, 0, 5, 2030.49
1775217991, 42, 240, 351, 17, 0, 0.54%, 0, 0, 5, 2068.10
1775217996, 42, 312, 351, 17, 0, 0.54%, 0, 0, 5, 2014.72
1775218001, 42, 336, 351, 16, 0, 0.54%, 0, 0, 5, 1782.78
1775218006, 42, 346, 351, 15, 0, 0.54%, 0, 0, 5, 1417.65
1775218011, 43, 42, 351, 13, 0, 0.54%, 0, 0, 5, 1704.53
1775218016, 43, 164, 351, 13, 0, 0.54%, 0, 0, 5, 2069.09
1775218021, 43, 287, 351, 13, 0, 0.54%, 0, 0, 5, 2070.25
1775218026, 43, 317, 351, 13, 0, 0.54%, 0, 0, 5, 2039.72
1775218031, 44, 19, 352, 13, 0, 0.54%, 0, 0, 5, 1948.13
1775218036, 44, 158, 352, 13, 0, 0.54%, 0, 0, 5, 2026.53
1775218041, 44, 287, 352, 13, 0, 0.54%, 0, 0, 5, 1933.36
1775218046, 44, 298, 352, 12, 0, 0.54%, 0, 0, 5, 1758.58
1775218051, 44, 320, 352, 11, 0, 0.54%, 0, 0, 5, 1791.86
1775218056, 44, 351, 352, 10, 0, 0.54%, 0, 0, 5, 1499.33
1775218061, 45, 73, 353, 10, 0, 0.54%, 0, 0, 5, 1781.18
1775218066, 45, 173, 353, 10, 0, 0.54%, 0, 0, 5, 1958.77
1775218071, 45, 265, 353, 10, 0, 0.54%, 0, 0, 5, 1996.67
1775218076, 45, 322, 353, 10, 0, 0.54%, 0, 0, 5, 1897.64
1775218081, 45, 352, 353, 9, 0, 0.54%, 0, 0, 5, 1621.19
1775218086, 46, 86, 353, 8, 0, 0.54%, 0, 0, 5, 1972.57
1775218092, 46, 206, 353, 8, 0, 0.54%, 0, 0, 5, 2000.36
1775218097, 46, 287, 353, 8, 0, 0.54%, 0, 0, 5, 1944.72
1775218102, 46, 313, 353, 7, 0, 0.54%, 0, 0, 5, 1965.96
1775218107, 46, 333, 353, 6, 0, 0.54%, 0, 0, 5, 1888.33
1775218112, 47, 53, 353, 6, 0, 0.54%, 0, 0, 5, 1964.08
1775218117, 47, 168, 353, 6, 0, 0.54%, 0, 0, 5, 2048.14
1775218122, 47, 290, 353, 6, 0, 0.54%, 0, 0, 5, 1981.68
1775218127, 47, 333, 353, 5, 0, 0.54%, 0, 0, 5, 1809.22
1775218132, 48, 93, 353, 5, 0, 0.54%, 0, 0, 5, 2033.21
1775218137, 48, 203, 353, 5, 0, 0.54%, 0, 0, 5, 2053.28
1775218142, 48, 278, 353, 5, 0, 0.54%, 0, 0, 5, 2102.85
1775218147, 48, 292, 353, 5, 0, 0.54%, 0, 0, 5, 1145.38
1775218153, 48, 336, 353, 4, 0, 0.54%, 0, 0, 5, 1746.57
1775218158, 49, 106, 353, 4, 0, 0.54%, 0, 0, 5, 1977.25
1775218163, 49, 274, 353, 4, 0, 0.54%, 0, 0, 5, 1960.72
1775218168, 50, 5, 353, 4, 0, 0.54%, 0, 0, 5, 1930.25
1775218173, 50, 93, 353, 4, 0, 0.54%, 0, 0, 5, 2023.24
1775218178, 50, 287, 353, 4, 0, 0.54%, 0, 0, 5, 2019.98
1775218184, 50, 348, 353, 3, 0, 0.54%, 0, 0, 5, 1834.16
1775218189, 51, 123, 353, 3, 0, 0.54%, 0, 0, 5, 2061.30
1775218194, 51, 312, 353, 3, 0, 0.54%, 0, 0, 5, 1940.40
1775218199, 51, 339, 353, 3, 0, 0.54%, 0, 0, 5, 1992.91
1775218204, 51, 351, 353, 2, 0, 0.54%, 0, 0, 5, 1347.69
1775218209, 52, 107, 353, 2, 0, 0.54%, 0, 0, 5, 1907.97
1775218214, 52, 294, 353, 2, 0, 0.54%, 0, 0, 5, 1891.11
1775218219, 52, 338, 353, 2, 0, 0.54%, 0, 0, 5, 1857.52
1775218225, 53, 86, 353, 2, 0, 0.54%, 0, 0, 5, 1788.24
1775218230, 53, 213, 353, 2, 0, 0.54%, 0, 0, 5, 1916.71
1775218235, 53, 304, 353, 2, 0, 0.54%, 0, 0, 5, 1845.24
1775218240, 54, 88, 353, 2, 0, 0.54%, 0, 0, 5, 1993.47
1775218245, 54, 253, 353, 2, 0, 0.54%, 0, 0, 5, 2077.10
1775218250, 55, 1, 353, 2, 0, 0.54%, 0, 0, 5, 1970.44
1775218255, 55, 157, 353, 2, 0, 0.54%, 0, 0, 5, 2086.23
1775218260, 55, 276, 353, 2, 0, 0.54%, 0, 0, 5, 2092.89
1775218266, 55, 277, 353, 2, 0, 0.54%, 0, 0, 5, 1911.58
1775218271, 56, 40, 353, 2, 0, 0.54%, 0, 0, 5, 1962.22
1775218276, 56, 202, 353, 2, 0, 0.54%, 0, 0, 5, 2023.73
1775218281, 56, 277, 353, 2, 0, 0.54%, 0, 0, 5, 2059.03
1775218286, 56, 325, 353, 2, 0, 0.54%, 0, 0, 5, 1982.55
1775218291, 57, 85, 353, 2, 0, 0.54%, 0, 0, 5, 2047.67
1775218296, 57, 260, 353, 2, 0, 0.54%, 0, 0, 5, 2004.52
1775218301, 57, 351, 353, 2, 0, 0.54%, 0, 0, 5, 1941.73
1775218306, 58, 93, 353, 2, 0, 0.54%, 0, 0, 5, 2081.72
1775218311, 58, 287, 353, 2, 0, 0.54%, 0, 0, 5, 2051.27
1775218317, 58, 350, 353, 2, 0, 0.54%, 0, 0, 5, 1373.70
1775218322, 59, 106, 353, 1, 0, 0.54%, 0, 0, 5, 1869.53
1775218327, 59, 327, 353, 1, 0, 0.54%, 0, 0, 5, 1731.69
1775218332, 60, 57, 353, 0, 0, 0.54%, 0, 0, 5, 1927.77
1775218337, 60, 185, 353, 0, 0, 0.54%, 0, 0, 5, 2062.03
1775218342, 60, 278, 353, 0, 0, 0.54%, 0, 0, 5, 2018.76
1775218347, 61, 51, 353, 0, 0, 0.54%, 0, 0, 5, 1982.71
1775218352, 61, 198, 353, 0, 0, 0.54%, 0, 0, 5, 2019.53
1775218357, 62, 49, 353, 0, 0, 0.54%, 0, 0, 5, 2069.77
1775218362, 62, 176, 353, 0, 0, 0.54%, 0, 0, 5, 2018.53
1775218368, 62, 308, 353, 0, 0, 0.54%, 0, 0, 5, 1910.21
1775218373, 62, 337, 354, 1, 0, 0.54%, 0, 0, 5, 1934.85
1775218378, 63, 106, 354, 1, 0, 0.54%, 0, 0, 5, 2032.37
1775218383, 63, 273, 354, 1, 0, 0.54%, 0, 0, 5, 2015.43
1775218388, 63, 311, 354, 1, 0, 0.54%, 0, 0, 5, 1940.39
1775218393, 64, 62, 354, 1, 0, 0.54%, 0, 0, 5, 1943.30
1775218398, 64, 289, 356, 3, 0, 0.54%, 0, 0, 5, 1887.09
1775218403, 64, 330, 357, 4, 0, 0.54%, 0, 0, 5, 1786.37
1775218409, 65, 86, 360, 7, 0, 0.54%, 0, 0, 5, 1779.80
1775218414, 65, 183, 360, 7, 0, 0.54%, 0, 0, 5, 1835.78
1775218419, 65, 283, 360, 7, 0, 0.54%, 0, 0, 5, 1756.62
1775218424, 65, 333, 360, 7, 0, 0.54%, 0, 0, 5, 1683.95
1775218429, 65, 355, 360, 7, 0, 0.54%, 0, 0, 5, 851.33
1775218434, 65, 356, 360, 6, 0, 0.54%, 0, 0, 5, 447.97
1775218439, 65, 357, 360, 5, 0, 0.54%, 0, 0, 5, 403.53
1775218444, 65, 357, 361, 6, 0, 0.54%, 0, 0, 5, 286.62
1775218449, 66, 93, 361, 5, 0, 0.54%, 0, 0, 5, 1372.19
1775218454, 66, 285, 361, 5, 0, 0.54%, 0, 0, 5, 1560.16
1775218459, 66, 311, 361, 5, 0, 0.54%, 0, 0, 5, 1534.82
1775218465, 67, 16, 361, 5, 0, 0.54%, 0, 0, 5, 1658.05
1775218470, 67, 88, 362, 6, 0, 0.54%, 0, 0, 5, 1709.01
1775218475, 67, 254, 362, 6, 0, 0.54%, 0, 0, 5, 1695.38
1775218480, 67, 274, 362, 6, 0, 0.54%, 0, 0, 5, 1601.63
1775218485, 67, 276, 362, 6, 0, 0.54%, 0, 0, 5, 1601.80
1775218490, 67, 340, 362, 6, 0, 0.54%, 0, 0, 5, 1566.16
1775218495, 67, 353, 362, 6, 0, 0.54%, 0, 0, 5, 1041.19
1775218500, 67, 354, 362, 5, 0, 0.54%, 0, 0, 5, 644.68
1775218505, 68, 55, 362, 4, 0, 0.54%, 0, 0, 5, 1125.53
1775218510, 68, 126, 362, 4, 0, 0.54%, 0, 0, 5, 1524.07
1775218516, 68, 276, 362, 4, 0, 0.54%, 0, 0, 5, 1611.35
1775218521, 68, 281, 362, 4, 0, 0.54%, 0, 0, 5, 1614.62
1775218526, 68, 315, 363, 5, 0, 0.54%, 0, 0, 5, 1588.16
1775218531, 68, 358, 363, 5, 0, 0.54%, 0, 0, 5, 1535.30
1775218541, 68, 359, 363, 4, 0, 0.54%, 0, 0, 5, 460.62
1775218546, 68, 362, 368, 8, 0, 0.54%, 0, 0, 5, 311.95
1775218551, 68, 367, 368, 7, 0, 0.54%, 0, 0, 5, 287.10
1775218561, 69, 29, 369, 7, 0, 0.54%, 0, 0, 5, 1695.82
1775218566, 69, 95, 369, 7, 0, 0.54%, 0, 0, 5, 1661.25
1775218571, 69, 275, 369, 7, 0, 0.54%, 0, 0, 5, 1573.40
1775218581, 69, 362, 372, 10, 0, 0.54%, 0, 0, 5, 1050.79
1775218587, 70, 83, 372, 10, 0, 0.54%, 0, 0, 5, 1533.66
1775218592, 70, 124, 372, 10, 0, 0.54%, 0, 0, 5, 1615.67
1775218597, 70, 254, 372, 10, 0, 0.54%, 0, 0, 5, 1609.25
1775218602, 70, 287, 372, 10, 0, 0.54%, 0, 0, 5, 1580.92
1775218607, 70, 341, 372, 10, 0, 0.54%, 0, 0, 5, 1521.55
1775218612, 70, 365, 372, 10, 0, 0.54%, 0, 0, 5, 201.05
1775218617, 70, 368, 372, 9, 0, 0.54%, 0, 0, 5, 125.53
1775218633, 70, 369, 373, 9, 0, 0.54%, 0, 0, 5, 129.87
1775218648, 70, 371, 373, 8, 0, 0.54%, 0, 0, 5, 1301.71
1775218669, 70, 374, 377, 11, 0, 0.54%, 0, 0, 5, 168.55
1775218674, 71, 19, 377, 10, 0, 0.54%, 0, 0, 5, 1412.60
1775218679, 71, 88, 377, 10, 0, 0.54%, 0, 0, 5, 1554.65
1775218684, 71, 185, 378, 11, 0, 0.54%, 0, 0, 5, 1533.91
1775218689, 71, 262, 379, 12, 0, 0.54%, 0, 0, 5, 1470.83
1775218694, 71, 308, 379, 12, 0, 0.54%, 0, 0, 5, 1352.39
1775218699, 71, 323, 379, 12, 0, 0.54%, 0, 0, 5, 1531.69
1775218704, 71, 360, 379, 12, 0, 0.54%, 0, 0, 5, 200.92
1775218709, 71, 361, 379, 11, 0, 0.54%, 0, 0, 5, 1411.18
1775218720, 71, 375, 379, 10, 0, 0.54%, 0, 0, 5, 90.58
1775218735, 71, 376, 379, 9, 0, 0.54%, 0, 0, 5, 95.84
1775218750, 71, 377, 379, 8, 0, 0.54%, 0, 0, 5, 103.86
1775218766, 72, 6, 379, 7, 0, 0.54%, 0, 0, 5, 1353.91
1775218771, 72, 83, 380, 8, 0, 0.54%, 0, 0, 5, 1812.82
1775218776, 72, 153, 380, 8, 0, 0.54%, 0, 0, 5, 1623.05
1775218781, 72, 251, 380, 8, 0, 0.54%, 0, 0, 5, 1515.66
1775218786, 72, 274, 380, 8, 0, 0.54%, 0, 0, 5, 1583.90
1775218791, 72, 287, 380, 8, 0, 0.54%, 0, 0, 5, 1317.62
1775218796, 72, 322, 380, 8, 0, 0.54%, 0, 0, 5, 1371.04
1775218801, 73, 6, 380, 8, 0, 0.54%, 0, 0, 5, 1502.48
1775218806, 73, 73, 380, 8, 0, 0.54%, 0, 0, 5, 1614.27
1775218812, 73, 122, 380, 8, 0, 0.54%, 0, 0, 5, 1580.63
1775218817, 73, 237, 380, 8, 0, 0.54%, 0, 0, 5, 1626.45
1775218822, 73, 276, 380, 8, 0, 0.54%, 0, 0, 5, 1510.54
1775218827, 73, 323, 380, 8, 0, 0.54%, 0, 0, 5, 1474.37
1775218832, 73, 364, 380, 8, 0, 0.54%, 0, 0, 5, 206.03
1775218837, 73, 366, 380, 7, 0, 0.54%, 0, 0, 5, 1291.78
1775218847, 73, 372, 380, 6, 0, 0.54%, 0, 0, 5, 112.71
1775218857, 73, 373, 380, 5, 0, 0.54%, 0, 0, 5, 95.38
1775218873, 73, 378, 380, 4, 0, 0.54%, 0, 0, 5, 140.85
1775218888, 74, 56, 380, 3, 0, 0.54%, 0, 0, 5, 1437.75
1775218893, 74, 98, 380, 3, 0, 0.54%, 0, 0, 5, 1557.18
1775218898, 74, 192, 380, 3, 0, 0.54%, 0, 0, 5, 1537.83
1775218903, 74, 301, 380, 3, 0, 0.54%, 0, 0, 5, 1461.24
1775218908, 74, 317, 380, 3, 0, 0.54%, 0, 0, 5, 1489.55
1775218914, 74, 337, 380, 3, 0, 0.54%, 0, 0, 5, 1461.86
1775218919, 74, 367, 380, 3, 0, 0.54%, 0, 0, 5, 1396.14
1775218924, 75, 66, 380, 3, 0, 0.54%, 0, 0, 5, 1517.70
1775218929, 75, 132, 380, 3, 0, 0.54%, 0, 0, 5, 1645.47
1775218934, 75, 187, 380, 3, 0, 0.54%, 0, 0, 5, 1659.76
1775218939, 75, 291, 380, 3, 0, 0.54%, 0, 0, 5, 1511.55
1775218944, 75, 319, 380, 3, 0, 0.54%, 0, 0, 5, 1506.16
1775218949, 75, 334, 380, 3, 0, 0.54%, 0, 0, 5, 1474.74
1775218954, 76, 51, 380, 3, 0, 0.54%, 0, 0, 5, 1442.39
1775218959, 76, 121, 380, 3, 0, 0.54%, 0, 0, 5, 1626.45
1775218964, 76, 203, 380, 3, 0, 0.54%, 0, 0, 5, 1549.90
1775218970, 76, 292, 380, 3, 0, 0.54%, 0, 0, 5, 1541.40
1775218975, 76, 319, 380, 3, 0, 0.54%, 0, 0, 5, 1576.36
1775218980, 76, 340, 380, 3, 0, 0.54%, 0, 0, 5, 1607.77
1775218985, 76, 379, 380, 3, 0, 0.54%, 0, 0, 5, 92.65
1775219000, 77, 18, 380, 2, 0, 0.54%, 0, 0, 5, 1259.79
1775219005, 77, 83, 380, 2, 0, 0.54%, 0, 0, 5, 1527.32
1775219010, 77, 158, 380, 2, 0, 0.54%, 0, 0, 5, 1543.74
1775219016, 77, 304, 380, 2, 0, 0.54%, 0, 0, 5, 1520.50
1775219021, 77, 370, 380, 2, 0, 0.54%, 0, 0, 5, 124.29
1775219031, 78, 57, 380, 1, 0, 0.54%, 0, 0, 5, 1571.77
1775219036, 78, 97, 380, 1, 0, 0.54%, 0, 0, 5, 1628.52
1775219041, 78, 199, 380, 1, 0, 0.54%, 0, 0, 5, 1617.04
1775219046, 78, 307, 380, 1, 0, 0.54%, 0, 0, 5, 1457.31
1775219051, 78, 334, 380, 1, 0, 0.54%, 0, 0, 5, 1488.63
1775219056, 78, 360, 380, 1, 0, 0.54%, 0, 0, 5, 1279.22
1775219061, 79, 83, 380, 1, 0, 0.54%, 0, 0, 5, 1567.73
1775219066, 79, 123, 380, 1, 0, 0.54%, 0, 0, 5, 1582.85
1775219071, 79, 269, 380, 1, 0, 0.54%, 0, 0, 5, 1588.18
1775219076, 79, 272, 380, 1, 0, 0.54%, 0, 0, 5, 1458.87
1775219081, 79, 318, 380, 1, 0, 0.54%, 0, 0, 5, 1436.78
1775219087, 79, 342, 380, 1, 0, 0.54%, 0, 0, 5, 1329.60
1775219092, 80, 73, 380, 1, 0, 0.54%, 0, 0, 5, 1473.87
1775219097, 80, 124, 380, 1, 0, 0.54%, 0, 0, 5, 1594.62
1775219102, 80, 192, 380, 1, 0, 0.54%, 0, 0, 5, 1543.34
1775219107, 80, 289, 380, 1, 0, 0.54%, 0, 0, 5, 1636.21
1775219112, 80, 323, 380, 1, 0, 0.54%, 0, 0, 5, 1610.44
1775219117, 80, 343, 380, 1, 0, 0.54%, 0, 0, 5, 1423.05
1775219122, 81, 57, 380, 1, 0, 0.54%, 0, 0, 5, 1512.50
1775219127, 81, 105, 380, 1, 0, 0.54%, 0, 0, 5, 1611.47
1775219132, 81, 268, 380, 1, 0, 0.54%, 0, 0, 5, 1538.22
1775219138, 81, 322, 380, 1, 0, 0.54%, 0, 0, 5, 1553.51
1775219143, 81, 369, 380, 1, 0, 0.54%, 0, 0, 5, 1352.30
1775219148, 82, 74, 380, 1, 0, 0.54%, 0, 0, 5, 1449.59
1775219153, 82, 124, 380, 1, 0, 0.54%, 0, 0, 5, 1458.22
1775219158, 82, 210, 380, 1, 0, 0.54%, 0, 0, 5, 1542.70
1775219163, 82, 308, 380, 1, 0, 0.54%, 0, 0, 5, 1446.59
1775219168, 82, 379, 380, 1, 0, 0.54%, 0, 0, 5, 1476.37
1775219173, 83, 86, 380, 1, 0, 0.54%, 0, 0, 5, 1544.39
1775219178, 83, 158, 380, 1, 0, 0.54%, 0, 0, 5, 1539.49
1775219184, 83, 304, 380, 1, 0, 0.54%, 0, 0, 5, 1531.09
1775219189, 83, 357, 380, 1, 0, 0.54%, 0, 0, 5, 1324.27
1775219194, 84, 69, 380, 1, 0, 0.54%, 0, 0, 5, 1485.97
1775219199, 84, 135, 380, 1, 0, 0.54%, 0, 0, 5, 1573.69
1775219204, 84, 251, 380, 1, 0, 0.54%, 0, 0, 5, 1580.81
1775219209, 84, 309, 380, 1, 0, 0.54%, 0, 0, 5, 1527.60
1775219214, 84, 330, 380, 1, 0, 0.54%, 0, 0, 5, 1514.93
1775219219, 85, 62, 380, 1, 0, 0.54%, 0, 0, 5, 1599.08
1775219224, 85, 123, 380, 1, 0, 0.54%, 0, 0, 5, 1560.13
1775219229, 85, 247, 380, 1, 0, 0.54%, 0, 0, 5, 1498.13
1775219234, 85, 304, 380, 1, 0, 0.54%, 0, 0, 5, 1497.77
1775219239, 85, 338, 380, 1, 0, 0.54%, 0, 0, 5, 1479.61
1775219245, 85, 363, 380, 1, 0, 0.54%, 0, 0, 5, 199.63
1775219250, 86, 31, 380, 0, 0, 0.54%, 0, 0, 5, 1637.77
1775219255, 86, 93, 380, 0, 0, 0.54%, 0, 0, 5, 1579.07
1775219260, 86, 271, 380, 0, 0, 0.54%, 0, 0, 5, 1574.16
1775219265, 86, 323, 380, 0, 0, 0.54%, 0, 0, 5, 1478.78
1775219270, 86, 352, 380, 0, 0, 0.54%, 0, 0, 5, 1466.36
1775219275, 87, 57, 380, 0, 0, 0.54%, 0, 0, 5, 1451.68
1775219280, 87, 125, 380, 0, 0, 0.54%, 0, 0, 5, 1562.57
1775219285, 87, 279, 380, 0, 0, 0.54%, 0, 0, 5, 1566.32
1775219290, 87, 296, 380, 0, 0, 0.54%, 0, 0, 5, 1478.37
1775219296, 87, 331, 380, 0, 0, 0.54%, 0, 0, 5, 1481.37
1775219301, 88, 57, 380, 0, 0, 0.54%, 0, 0, 5, 1565.71
1775219306, 88, 86, 380, 0, 0, 0.54%, 0, 0, 5, 1513.45
1775219311, 88, 143, 380, 0, 0, 0.54%, 0, 0, 5, 1596.63
1775219316, 88, 289, 380, 0, 0, 0.54%, 0, 0, 5, 1721.66
1775219321, 88, 313, 380, 0, 0, 0.54%, 0, 0, 5, 1545.16
1775219326, 88, 335, 380, 0, 0, 0.54%, 0, 0, 5, 1583.51
1775219331, 89, 57, 380, 0, 0, 0.54%, 0, 0, 5, 1467.86
1775219336, 89, 90, 380, 0, 0, 0.54%, 0, 0, 5, 1614.34
1775219342, 89, 211, 380, 0, 0, 0.54%, 0, 0, 5, 1523.22
1775219347, 89, 280, 380, 0, 0, 0.54%, 0, 0, 5, 1520.01
1775219352, 89, 305, 380, 0, 0, 0.54%, 0, 0, 5, 1386.23
1775219357, 89, 319, 380, 0, 0, 0.54%, 0, 0, 5, 1416.12
1775219362, 90, 57, 380, 0, 0, 0.54%, 0, 0, 5, 1510.88
1775219367, 90, 106, 380, 0, 0, 0.54%, 0, 0, 5, 1563.35
1775219372, 90, 238, 380, 0, 0, 0.54%, 0, 0, 5, 1599.15
1775219377, 90, 306, 380, 0, 0, 0.54%, 0, 0, 5, 1359.07
1775219382, 90, 345, 380, 0, 0, 0.54%, 0, 0, 5, 1435.03
1775219387, 91, 25, 380, 0, 0, 0.54%, 0, 0, 5, 1390.86
1775219392, 91, 91, 380, 0, 0, 0.54%, 0, 0, 5, 1629.51
1775219397, 91, 147, 380, 0, 0, 0.54%, 0, 0, 5, 1573.32
1775219402, 91, 265, 380, 0, 0, 0.54%, 0, 0, 5, 1535.56
1775219407, 91, 321, 380, 0, 0, 0.54%, 0, 0, 5, 1546.93
1775219413, 91, 350, 380, 0, 0, 0.54%, 0, 0, 5, 1306.43
1775219418, 92, 66, 380, 0, 0, 0.54%, 0, 0, 5, 1455.91
1775219423, 92, 88, 380, 0, 0, 0.54%, 0, 0, 5, 1567.33
1775219428, 92, 135, 380, 0, 0, 0.54%, 0, 0, 5, 1586.42
1775219433, 92, 242, 380, 0, 0, 0.54%, 0, 0, 5, 1587.86
1775219438, 92, 275, 380, 0, 0, 0.54%, 0, 0, 5, 1547.95
1775219443, 92, 304, 380, 0, 0, 0.54%, 0, 0, 5, 1466.51
1775219448, 92, 375, 380, 0, 0, 0.54%, 0, 0, 5, 1317.51
1775219453, 93, 83, 381, 1, 0, 0.54%, 0, 0, 5, 1595.23
1775219458, 93, 123, 381, 1, 0, 0.54%, 0, 0, 5, 1603.66
1775219463, 93, 278, 381, 1, 0, 0.54%, 0, 0, 5, 1746.38
1775219468, 93, 296, 381, 1, 0, 0.54%, 0, 0, 5, 1368.81
1775219473, 93, 321, 381, 1, 0, 0.54%, 0, 0, 5, 1570.03
1775219479, 93, 337, 381, 1, 0, 0.54%, 0, 0, 5, 1535.49
1775219484, 94, 57, 381, 1, 0, 0.54%, 0, 0, 5, 1536.19
1775219489, 94, 93, 381, 1, 0, 0.54%, 0, 0, 5, 1569.31
1775219494, 94, 160, 381, 1, 0, 0.54%, 0, 0, 5, 1573.85
1775219499, 94, 312, 381, 1, 0, 0.54%, 0, 0, 5, 1447.42
1775219504, 94, 327, 381, 1, 0, 0.54%, 0, 0, 5, 1469.94
1775219509, 94, 361, 381, 1, 0, 0.54%, 0, 0, 5, 1510.82
1775219514, 94, 380, 381, 1, 0, 0.54%, 0, 0, 5, 195.38
1775219519, 95, 25, 381, 0, 0, 0.54%, 0, 0, 5, 1641.27
1775219524, 95, 75, 381, 0, 0, 0.54%, 0, 0, 5, 1636.09
1775219529, 95, 140, 381, 0, 0, 0.54%, 0, 0, 5, 1565.27
1775219534, 95, 297, 381, 0, 0, 0.54%, 0, 0, 5, 1383.12
1775219539, 95, 316, 381, 0, 0, 0.54%, 0, 0, 5, 1493.54
1775219544, 95, 360, 381, 0, 0, 0.54%, 0, 0, 5, 1395.79
1775219550, 96, 66, 381, 0, 0, 0.54%, 0, 0, 5, 1465.29
1775219555, 96, 124, 381, 0, 0, 0.54%, 0, 0, 5, 1614.98
1775219560, 96, 244, 381, 0, 0, 0.54%, 0, 0, 5, 1632.58
1775219565, 96, 306, 381, 0, 0, 0.54%, 0, 0, 5, 1429.85
1775219570, 96, 337, 381, 0, 0, 0.54%, 0, 0, 5, 1311.90
1775219575, 97, 24, 381, 0, 0, 0.54%, 0, 0, 5, 1298.36
1775219580, 97, 79, 381, 0, 0, 0.54%, 0, 0, 5, 1474.56
1775219585, 97, 146, 381, 0, 0, 0.54%, 0, 0, 5, 1539.84
1775219590, 97, 212, 381, 0, 0, 0.54%, 0, 0, 5, 1603.04
1775219595, 97, 312, 381, 0, 0, 0.54%, 0, 0, 5, 1490.55
1775219600, 98, 57, 381, 0, 0, 0.54%, 0, 0, 5, 1510.37
1775219605, 98, 93, 381, 0, 0, 0.54%, 0, 0, 5, 1622.33
1775219610, 98, 266, 381, 0, 0, 0.54%, 0, 0, 5, 1596.76
1775219615, 98, 282, 381, 0, 0, 0.54%, 0, 0, 5, 1649.54
1775219621, 98, 313, 381, 0, 0, 0.54%, 0, 0, 5, 1573.87
1775219626, 98, 349, 381, 0, 0, 0.54%, 0, 0, 5, 1579.33
1775219631, 99, 51, 381, 0, 0, 0.54%, 0, 0, 5, 1389.74
1775219636, 99, 106, 381, 0, 0, 0.54%, 0, 0, 5, 1557.77
1775219641, 99, 203, 381, 0, 0, 0.54%, 0, 0, 5, 1501.79
1775219646, 99, 289, 381, 0, 0, 0.54%, 0, 0, 5, 1609.25
1775219651, 99, 307, 381, 0, 0, 0.54%, 0, 0, 5, 1480.90
1775219656, 99, 362, 381, 0, 0, 0.54%, 0, 0, 5, 1346.30
1775219661, 100, 75, 381, 0, 0, 0.54%, 0, 0, 5, 1587.39
1775219666, 100, 206, 381, 0, 0, 0.54%, 0, 0, 5, 1594.64
1775219671, 100, 290, 381, 0, 0, 0.54%, 0, 0, 5, 1447.79
1775219676, 100, 352, 381, 0, 0, 0.54%, 0, 0, 5, 1520.27
1775219682, 101, 41, 381, 0, 0, 0.54%, 0, 0, 5, 1340.02
1775219687, 101, 88, 381, 0, 0, 0.54%, 0, 0, 5, 1634.14
1775219692, 101, 152, 381, 0, 0, 0.54%, 0, 0, 5, 1528.08
1775219697, 101, 232, 381, 0, 0, 0.54%, 0, 0, 5, 1531.52
1775219702, 101, 283, 381, 0, 0, 0.54%, 0, 0, 5, 1472.16
1775219707, 101, 304, 381, 0, 0, 0.54%, 0, 0, 5, 1215.34
1775219712, 101, 335, 381, 0, 0, 0.54%, 0, 0, 5, 1416.94
1775219717, 102, 47, 381, 0, 0, 0.54%, 0, 0, 5, 1329.51
1775219722, 102, 88, 381, 0, 0, 0.54%, 0, 0, 5, 1583.21
1775219727, 102, 217, 382, 1, 0, 0.54%, 0, 0, 5, 1426.56
1775219732, 102, 277, 382, 1, 0, 0.54%, 0, 0, 5, 1404.43
1775219738, 102, 362, 382, 1, 0, 0.54%, 0, 0, 5, 1309.52
1775219743, 103, 73, 382, 1, 0, 0.54%, 0, 0, 5, 1467.81
1775219748, 103, 139, 382, 1, 0, 0.54%, 0, 0, 5, 1576.71
1775219753, 103, 248, 382, 1, 0, 0.54%, 0, 0, 5, 1529.53
1775219758, 103, 304, 382, 1, 0, 0.54%, 0, 0, 5, 1485.95
1775219763, 103, 359, 382, 1, 0, 0.54%, 0, 0, 5, 1342.00
1775219768, 104, 57, 382, 0, 0, 0.54%, 0, 0, 5, 1496.44
1775219773, 104, 95, 382, 0, 0, 0.54%, 0, 0, 5, 1571.46
1775219778, 104, 293, 382, 0, 0, 0.54%, 0, 0, 5, 1502.72
1775219784, 104, 333, 382, 0, 0, 0.54%, 0, 0, 5, 1324.91
1775219789, 104, 359, 382, 0, 0, 0.54%, 0, 0, 5, 1350.59
1775219794, 105, 57, 382, 0, 0, 0.54%, 0, 0, 5, 1441.82
1775219799, 105, 101, 382, 0, 0, 0.54%, 0, 0, 5, 1462.11
1775219804, 105, 158, 382, 0, 0, 0.54%, 0, 0, 5, 1575.71
1775219809, 105, 312, 382, 0, 0, 0.54%, 0, 0, 5, 1534.61
1775219814, 106, 35, 382, 0, 0, 0.54%, 0, 0, 5, 1387.20
1775219819, 106, 93, 382, 0, 0, 0.54%, 0, 0, 5, 1612.73
1775219824, 106, 154, 383, 1, 0, 0.54%, 0, 0, 5, 1572.36
1775219829, 106, 275, 383, 1, 0, 0.54%, 0, 0, 5, 1608.58
1775219835, 106, 282, 383, 1, 0, 0.54%, 0, 0, 5, 1546.85
1775219840, 106, 312, 383, 1, 0, 0.54%, 0, 0, 5, 1544.18
1775219845, 106, 333, 383, 1, 0, 0.54%, 0, 0, 5, 1556.09
1775219850, 107, 57, 383, 1, 0, 0.54%, 0, 0, 5, 1534.15
1775219855, 107, 93, 383, 1, 0, 0.54%, 0, 0, 5, 1520.86
1775219860, 107, 242, 383, 1, 0, 0.54%, 0, 0, 5, 1585.95
1775219865, 107, 304, 383, 1, 0, 0.54%, 0, 0, 5, 1499.29
1775219870, 107, 382, 383, 1, 0, 0.54%, 0, 0, 5, 233.55
1775219880, 108, 83, 383, 0, 0, 0.54%, 0, 0, 5, 1585.40
1775219885, 108, 194, 383, 0, 0, 0.54%, 0, 0, 5, 1620.23
1775219890, 108, 273, 383, 0, 0, 0.54%, 0, 0, 5, 1579.01
1775219895, 108, 321, 383, 0, 0, 0.54%, 0, 0, 5, 1588.05
1775219901, 108, 339, 383, 0, 0, 0.54%, 0, 0, 5, 1480.16
1775219906, 109, 57, 383, 0, 0, 0.54%, 0, 0, 5, 1559.50
1775219911, 109, 88, 383, 0, 0, 0.54%, 0, 0, 5, 1516.04
1775219916, 109, 117, 383, 0, 0, 0.54%, 0, 0, 5, 1498.31
1775219921, 109, 290, 383, 0, 0, 0.54%, 0, 0, 5, 1494.29
1775219926, 109, 315, 383, 0, 0, 0.54%, 0, 0, 5, 1542.35
1775219931, 110, 57, 383, 0, 0, 0.54%, 0, 0, 5, 1418.33
1775219936, 110, 84, 383, 0, 0, 0.54%, 0, 0, 5, 1563.81
1775219941, 110, 139, 383, 0, 0, 0.54%, 0, 0, 5, 1568.83
1775219946, 110, 312, 383, 0, 0, 0.54%, 0, 0, 5, 1611.32
1775219952, 111, 51, 383, 0, 0, 0.54%, 0, 0, 5, 1448.30
1775219957, 111, 106, 383, 0, 0, 0.54%, 0, 0, 5, 1527.17
1775219962, 111, 183, 383, 0, 0, 0.54%, 0, 0, 5, 1429.17
1775219967, 111, 315, 383, 0, 0, 0.54%, 0, 0, 5, 1395.66
1775219972, 112, 51, 383, 0, 0, 0.54%, 0, 0, 5, 1215.94
1775219977, 112, 86, 383, 0, 0, 0.54%, 0, 0, 5, 1371.08
1775219982, 112, 106, 383, 0, 0, 0.54%, 0, 0, 5, 1327.23
1775219987, 112, 226, 383, 0, 0, 0.54%, 0, 0, 5, 1440.75
1775219992, 112, 305, 383, 0, 0, 0.54%, 0, 0, 5, 1339.21
1775219997, 112, 329, 383, 0, 0, 0.54%, 0, 0, 5, 1500.55
1775220003, 112, 342, 383, 0, 0, 0.54%, 0, 0, 5, 1442.96
1775220008, 113, 29, 383, 0, 0, 0.54%, 0, 0, 5, 1344.78
1775220013, 113, 86, 383, 0, 0, 0.54%, 0, 0, 5, 1484.47
1775220018, 113, 129, 383, 0, 0, 0.54%, 0, 0, 5, 1576.19
1775220023, 113, 287, 383, 0, 0, 0.54%, 0, 0, 5, 1463.91
1775220028, 113, 312, 383, 0, 0, 0.54%, 0, 0, 5, 1560.07
1775220033, 114, 53, 383, 0, 0, 0.54%, 0, 0, 5, 1521.03
1775220038, 114, 88, 383, 0, 0, 0.54%, 0, 0, 5, 1565.02
1775220043, 114, 158, 383, 0, 0, 0.54%, 0, 0, 5, 1405.13
1775220049, 114, 254, 383, 0, 0, 0.54%, 0, 0, 5, 1469.05
1775220054, 114, 311, 383, 0, 0, 0.54%, 0, 0, 5, 1438.97
1775220059, 115, 44, 383, 0, 0, 0.54%, 0, 0, 5, 1512.46
1775220064, 115, 88, 383, 0, 0, 0.54%, 0, 0, 5, 1571.11
1775220069, 115, 168, 383, 0, 0, 0.54%, 0, 0, 5, 1600.64
1775220074, 115, 290, 383, 0, 0, 0.54%, 0, 0, 5, 1467.71
1775220079, 115, 333, 383, 0, 0, 0.54%, 0, 0, 5, 1478.78
1775220084, 115, 358, 383, 0, 0, 0.54%, 0, 0, 5, 1411.01
1775220089, 116, 73, 383, 0, 0, 0.54%, 0, 0, 5, 1569.47
1775220094, 116, 106, 383, 0, 0, 0.54%, 0, 0, 5, 1610.60
1775220099, 116, 202, 383, 0, 0, 0.54%, 0, 0, 5, 1528.85
1775220104, 116, 277, 383, 0, 0, 0.54%, 0, 0, 5, 1460.83
1775220109, 116, 305, 383, 0, 0, 0.54%, 0, 0, 5, 1409.13
1775220114, 117, 51, 383, 0, 0, 0.54%, 0, 0, 5, 1353.36
1775220119, 117, 93, 383, 0, 0, 0.54%, 0, 0, 5, 1460.18
1775220124, 117, 158, 383, 0, 0, 0.54%, 0, 0, 5, 1577.20
1775220130, 117, 293, 383, 0, 0, 0.54%, 0, 0, 5, 1464.09
1775220135, 117, 337, 383, 0, 0, 0.54%, 0, 0, 5, 1407.50
1775220140, 118, 12, 383, 0, 0, 0.54%, 0, 0, 5, 1246.67
1775220145, 118, 83, 383, 0, 0, 0.54%, 0, 0, 5, 1520.66
1775220150, 118, 139, 383, 0, 0, 0.54%, 0, 0, 5, 1473.80
1775220155, 118, 217, 383, 0, 0, 0.54%, 0, 0, 5, 1530.21
1775220160, 118, 312, 383, 0, 0, 0.54%, 0, 0, 5, 1501.39
1775220165, 119, 51, 383, 0, 0, 0.54%, 0, 0, 5, 1479.07
1775220170, 119, 93, 383, 0, 0, 0.54%, 0, 0, 5, 1651.57
1775220175, 119, 158, 383, 0, 0, 0.54%, 0, 0, 5, 1616.11
1775220180, 119, 264, 383, 0, 0, 0.54%, 0, 0, 5, 1505.10
1775220185, 119, 302, 383, 0, 0, 0.54%, 0, 0, 5, 1539.06
1775220190, 119, 332, 383, 0, 0, 0.54%, 0, 0, 5, 1487.70
1775220195, 120, 57, 383, 0, 0, 0.54%, 0, 0, 5, 1555.83
1775220200, 120, 93, 383, 0, 0, 0.54%, 0, 0, 5, 1493.14
1775220206, 120, 158, 383, 0, 0, 0.54%, 0, 0, 5, 1508.59
1775220211, 120, 289, 383, 0, 0, 0.54%, 0, 0, 5, 1589.73
1775220216, 120, 333, 383, 0, 0, 0.54%, 0, 0, 5, 1539.66
1775220221, 121, 57, 383, 0, 0, 0.54%, 0, 0, 5, 1525.84
1775220226, 121, 93, 383, 0, 0, 0.54%, 0, 0, 5, 1484.34
1775220231, 121, 158, 383, 0, 0, 0.54%, 0, 0, 5, 1435.09
1775220236, 121, 301, 383, 0, 0, 0.54%, 0, 0, 5, 1591.10
1775220241, 121, 337, 383, 0, 0, 0.54%, 0, 0, 5, 1581.81
1775220246, 121, 370, 383, 0, 0, 0.54%, 0, 0, 5, 1152.18
1775220251, 122, 57, 383, 0, 0, 0.54%, 0, 0, 5, 1376.83
1775220256, 122, 88, 383, 0, 0, 0.54%, 0, 0, 5, 1416.29
1775220261, 122, 225, 383, 0, 0, 0.54%, 0, 0, 5, 1501.55
1775220266, 122, 312, 383, 0, 0, 0.54%, 0, 0, 5, 1579.94
1775220272, 123, 83, 383, 0, 0, 0.54%, 0, 0, 5, 1500.02
1775220277, 123, 106, 383, 0, 0, 0.54%, 0, 0, 5, 1452.75
1775220282, 123, 253, 383, 0, 0, 0.54%, 0, 0, 5, 1483.47
1775220287, 123, 293, 383, 0, 0, 0.54%, 0, 0, 5, 1627.28
1775220292, 123, 315, 383, 0, 0, 0.54%, 0, 0, 5, 1424.70
1775220297, 124, 5, 383, 0, 0, 0.54%, 0, 0, 5, 1337.85
1775220302, 124, 52, 383, 0, 0, 0.54%, 0, 0, 5, 1455.70
1775220307, 124, 84, 383, 0, 0, 0.54%, 0, 0, 5, 1441.94
1775220312, 124, 106, 383, 0, 0, 0.54%, 0, 0, 5, 1625.96
1775220317, 124, 235, 383, 0, 0, 0.54%, 0, 0, 5, 1545.72
1775220322, 124, 311, 383, 0, 0, 0.54%, 0, 0, 5, 1526.71
1775220327, 124, 340, 383, 0, 0, 0.54%, 0, 0, 5, 1441.00
1775220333, 125, 57, 383, 0, 0, 0.54%, 0, 0, 5, 1538.03
1775220338, 125, 106, 383, 0, 0, 0.54%, 0, 0, 5, 1581.76
1775220343, 125, 258, 383, 0, 0, 0.54%, 0, 0, 5, 1624.41
1775220348, 125, 330, 383, 0, 0, 0.54%, 0, 0, 5, 1560.37
1775220353, 126, 57, 383, 0, 0, 0.54%, 0, 0, 5, 1463.72
1775220358, 126, 93, 383, 0, 0, 0.54%, 0, 0, 5, 1578.24
1775220363, 126, 287, 383, 0, 0, 0.54%, 0, 0, 5, 1498.79
1775220368, 126, 321, 383, 0, 0, 0.54%, 0, 0, 5, 1539.56
1775220373, 127, 73, 383, 0, 0, 0.54%, 0, 0, 5, 1530.85
1775220378, 127, 129, 383, 0, 0, 0.54%, 0, 0, 5, 1528.07
1775220383, 127, 281, 383, 0, 0, 0.54%, 0, 0, 5, 1487.92
1775220388, 127, 311, 383, 0, 0, 0.54%, 0, 0, 5, 1589.59
1775220394, 127, 344, 383, 0, 0, 0.54%, 0, 0, 5, 1437.24
1775220399, 128, 57, 383, 0, 0, 0.54%, 0, 0, 5, 1285.66
1775220404, 128, 100, 383, 0, 0, 0.54%, 0, 0, 5, 1476.59
1775220409, 128, 170, 383, 0, 0, 0.54%, 0, 0, 5, 1556.08
1775220414, 128, 312, 383, 0, 0, 0.54%, 0, 0, 5, 1496.95
1775220419, 129, 57, 383, 0, 0, 0.54%, 0, 0, 5, 1459.85
1775220424, 129, 88, 383, 0, 0, 0.54%, 0, 0, 5, 1585.16
1775220429, 129, 177, 383, 0, 0, 0.54%, 0, 0, 5, 1575.15
1775220434, 129, 287, 383, 0, 0, 0.54%, 0, 0, 5, 1561.96
1775220439, 129, 351, 383, 0, 0, 0.54%, 0, 0, 5, 1421.78
1775220444, 130, 57, 383, 0, 0, 0.54%, 0, 0, 5, 1483.22
1775220449, 130, 96, 383, 0, 0, 0.54%, 0, 0, 5, 1539.45
1775220455, 130, 197, 383, 0, 0, 0.54%, 0, 0, 5, 1495.02
1775220460, 130, 287, 383, 0, 0, 0.54%, 0, 0, 5, 1399.07
1775220465, 130, 320, 383, 0, 0, 0.54%, 0, 0, 5, 1454.50
1775220470, 130, 337, 383, 0, 0, 0.54%, 0, 0, 5, 1532.34
1775220475, 131, 73, 383, 0, 0, 0.54%, 0, 0, 5, 1538.13
1775220480, 131, 106, 383, 0, 0, 0.54%, 0, 0, 5, 1603.78
1775220485, 131, 165, 383, 0, 0, 0.54%, 0, 0, 5, 1586.48
1775220490, 131, 287, 383, 0, 0, 0.54%, 0, 0, 5, 1598.94
1775220495, 131, 313, 383, 0, 0, 0.54%, 0, 0, 5, 1523.97
1775220500, 131, 342, 383, 0, 0, 0.54%, 0, 0, 5, 1523.36
1775220505, 132, 58, 383, 0, 0, 0.54%, 0, 0, 5, 987.60
1775220511, 132, 106, 383, 0, 0, 0.54%, 0, 0, 5, 1578.58
1775220516, 132, 160, 383, 0, 0, 0.54%, 0, 0, 5, 1505.88
1775220521, 132, 210, 383, 0, 0, 0.54%, 0, 0, 5, 1502.78
1775220526, 132, 286, 383, 0, 0, 0.54%, 0, 0, 5, 1567.06
1775220531, 132, 305, 383, 0, 0, 0.54%, 0, 0, 5, 1383.37
1775220536, 133, 4, 383, 0, 0, 0.54%, 0, 0, 5, 1380.14
1775220541, 133, 82, 383, 0, 0, 0.54%, 0, 0, 5, 1469.29
1775220546, 133, 244, 383, 0, 0, 0.54%, 0, 0, 5, 1678.92
1775220551, 133, 333, 383, 0, 0, 0.54%, 0, 0, 5, 1683.99
1775220556, 134, 63, 383, 0, 0, 0.54%, 0, 0, 5, 1481.94
1775220561, 134, 91, 383, 0, 0, 0.54%, 0, 0, 5, 1532.89
1775220567, 134, 158, 383, 0, 0, 0.54%, 0, 0, 5, 1511.36
1775220572, 134, 287, 383, 0, 0, 0.54%, 0, 0, 5, 1365.40
1775220577, 134, 318, 383, 0, 0, 0.54%, 0, 0, 5, 1206.10
1775220582, 135, 51, 383, 0, 0, 0.54%, 0, 0, 5, 1414.10
1775220587, 135, 93, 383, 0, 0, 0.54%, 0, 0, 5, 1501.52
1775220592, 135, 274, 383, 0, 0, 0.54%, 0, 0, 5, 1555.91
1775220597, 135, 311, 383, 0, 0, 0.54%, 0, 0, 5, 1391.01
1775220602, 136, 18, 383, 0, 0, 0.54%, 0, 0, 5, 1420.20
1775220607, 136, 57, 383, 0, 0, 0.54%, 0, 0, 5, 1553.00
1775220612, 136, 106, 383, 0, 0, 0.54%, 0, 0, 5, 1622.56
1775220617, 136, 273, 383, 0, 0, 0.54%, 0, 0, 5, 1584.28
1775220623, 136, 311, 383, 0, 0, 0.54%, 0, 0, 5, 1457.44
1775220628, 136, 336, 383, 0, 0, 0.54%, 0, 0, 5, 1375.66
1775220633, 137, 11, 383, 0, 0, 0.54%, 0, 0, 5, 1379.30
1775220638, 137, 88, 383, 0, 0, 0.54%, 0, 0, 5, 1558.26
1775220643, 137, 173, 383, 0, 0, 0.54%, 0, 0, 5, 1612.95
1775220648, 137, 330, 383, 0, 0, 0.54%, 0, 0, 5, 1590.01
1775220653, 137, 337, 383, 0, 0, 0.54%, 0, 0, 5, 1444.68
1775220658, 138, 57, 383, 0, 0, 0.54%, 0, 0, 5, 1454.71
1775220663, 138, 106, 383, 0, 0, 0.54%, 0, 0, 5, 1493.50
1775220669, 138, 248, 383, 0, 0, 0.54%, 0, 0, 5, 1495.98
1775220674, 138, 312, 383, 0, 0, 0.54%, 0, 0, 5, 1572.21
1775220679, 139, 5, 383, 0, 0, 0.54%, 0, 0, 5, 1258.51
1775220684, 139, 73, 383, 0, 0, 0.54%, 0, 0, 5, 1511.17
1775220689, 139, 109, 383, 0, 0, 0.54%, 0, 0, 5, 1571.68
1775220694, 139, 278, 383, 0, 0, 0.54%, 0, 0, 5, 1498.89
1775220699, 139, 292, 383, 0, 0, 0.54%, 0, 0, 5, 1436.98
1775220704, 139, 310, 383, 0, 0, 0.54%, 0, 0, 5, 1454.96
1775220709, 140, 57, 383, 0, 0, 0.54%, 0, 0, 5, 1507.91
1775220714, 140, 86, 383, 0, 0, 0.54%, 0, 0, 5, 1477.86
1775220719, 140, 158, 383, 0, 0, 0.54%, 0, 0, 5, 1507.86
1775220724, 140, 258, 383, 0, 0, 0.54%, 0, 0, 5, 1533.38
1775220729, 140, 377, 383, 0, 0, 0.54%, 0, 0, 5, 282.41
1775220734, 141, 73, 383, 0, 0, 0.54%, 0, 0, 5, 1627.93
1775220739, 141, 106, 383, 0, 0, 0.54%, 0, 0, 5, 1659.19
1775220744, 141, 161, 383, 0, 0, 0.54%, 0, 0, 5, 1553.19
1775220750, 141, 233, 383, 0, 0, 0.54%, 0, 0, 5, 1584.61
1775220755, 141, 306, 383, 0, 0, 0.54%, 0, 0, 5, 1301.75
1775220760, 141, 363, 383, 0, 0, 0.54%, 0, 0, 5, 1330.01
1775220765, 142, 83, 383, 0, 0, 0.54%, 0, 0, 5, 1464.09
1775220770, 142, 158, 383, 0, 0, 0.54%, 0, 0, 5, 1554.01
1775220775, 142, 340, 383, 0, 0, 0.54%, 0, 0, 5, 1437.83
1775220780, 143, 24, 383, 0, 0, 0.54%, 0, 0, 5, 1493.05
1775220785, 143, 79, 383, 0, 0, 0.54%, 0, 0, 5, 1490.19
1775220790, 143, 111, 383, 0, 0, 0.54%, 0, 0, 5, 1524.34
1775220795, 143, 254, 383, 0, 0, 0.54%, 0, 0, 5, 1484.17
1775220800, 143, 287, 383, 0, 0, 0.54%, 0, 0, 5, 1554.93
1775220805, 143, 333, 383, 0, 0, 0.54%, 0, 0, 5, 1391.33
1775220810, 144, 73, 383, 0, 0, 0.54%, 0, 0, 5, 1452.94
1775220815, 144, 106, 383, 0, 0, 0.54%, 0, 0, 5, 1377.44
1775220821, 144, 225, 383, 0, 0, 0.54%, 0, 0, 5, 1398.53
1775220826, 144, 282, 383, 0, 0, 0.54%, 0, 0, 5, 1448.60
1775220831, 144, 313, 383, 0, 0, 0.54%, 0, 0, 5, 1470.88
1775220836, 144, 375, 383, 0, 0, 0.54%, 0, 0, 5, 1275.12
1775220841, 145, 88, 383, 0, 0, 0.54%, 0, 0, 5, 1443.91
1775220846, 145, 196, 383, 0, 0, 0.54%, 0, 0, 5, 1525.25
1775220851, 145, 380, 383, 0, 0, 0.54%, 0, 0, 5, 1232.75
1775220856, 146, 73, 383, 0, 0, 0.54%, 0, 0, 5, 1436.65
1775220861, 146, 103, 383, 0, 0, 0.54%, 0, 0, 5, 1500.14
1775220866, 146, 210, 383, 0, 0, 0.54%, 0, 0, 5, 1420.07
1775220871, 146, 312, 383, 0, 0, 0.54%, 0, 0, 5, 1333.55
1775220877, 147, 57, 383, 0, 0, 0.54%, 0, 0, 5, 1516.62
1775220882, 147, 99, 383, 0, 0, 0.54%, 0, 0, 5, 1455.00
1775220887, 147, 163, 383, 0, 0, 0.54%, 0, 0, 5, 1502.19
1775220892, 147, 284, 383, 0, 0, 0.54%, 0, 0, 5, 1487.63
1775220897, 147, 304, 383, 0, 0, 0.54%, 0, 0, 5, 1317.77
1775220902, 147, 328, 383, 0, 0, 0.54%, 0, 0, 5, 1328.18
1775220907, 148, 31, 383, 0, 0, 0.54%, 0, 0, 5, 1278.83
1775220912, 148, 73, 383, 0, 0, 0.54%, 0, 0, 5, 1453.39
1775220917, 148, 106, 383, 0, 0, 0.54%, 0, 0, 5, 1420.03
1775220922, 148, 179, 383, 0, 0, 0.54%, 0, 0, 5, 1450.42
1775220927, 148, 298, 383, 0, 0, 0.54%, 0, 0, 5, 1341.19
1775220932, 148, 306, 383, 0, 0, 0.54%, 0, 0, 5, 1134.32
1775220937, 148, 371, 383, 0, 0, 0.54%, 0, 0, 5, 1208.96
1775220943, 149, 51, 383, 0, 0, 0.54%, 0, 0, 5, 1460.92
1775220948, 149, 88, 383, 0, 0, 0.54%, 0, 0, 5, 1563.70
1775220953, 149, 175, 383, 0, 0, 0.54%, 0, 0, 5, 1454.92
1775220958, 149, 296, 383, 0, 0, 0.54%, 0, 0, 5, 1483.29
1775220963, 149, 333, 383, 0, 0, 0.54%, 0, 0, 5, 1468.74
1775220968, 150, 73, 383, 0, 0, 0.54%, 0, 0, 5, 1477.28
1775220973, 150, 148, 383, 0, 0, 0.54%, 0, 0, 5, 1440.14
1775220978, 150, 268, 383, 0, 0, 0.54%, 0, 0, 5, 1429.06
1775220983, 150, 359, 383, 0, 0, 0.54%, 0, 0, 5, 1195.73
1775220988, 151, 83, 383, 0, 0, 0.54%, 0, 0, 5, 1385.36
1775220993, 151, 167, 383, 0, 0, 0.54%, 0, 0, 5, 1397.18
1775220998, 151, 282, 383, 0, 0, 0.54%, 0, 0, 5, 1448.60
1775221004, 151, 283, 383, 0, 0, 0.54%, 0, 0, 5, 1412.44
1775221009, 151, 337, 383, 0, 0, 0.54%, 0, 0, 5, 1426.52
1775221014, 152, 52, 383, 0, 0, 0.54%, 0, 0, 5, 1248.41
1775221019, 152, 83, 383, 0, 0, 0.54%, 0, 0, 5, 1408.89
1775221024, 152, 110, 383, 0, 0, 0.54%, 0, 0, 5, 1485.85
1775221029, 152, 238, 383, 0, 0, 0.54%, 0, 0, 5, 1482.31
1775221034, 152, 311, 383, 0, 0, 0.54%, 0, 0, 5, 1222.33
1775221039, 152, 365, 383, 0, 0, 0.54%, 0, 0, 5, 1166.79
1775221044, 153, 56, 384, 1, 0, 0.54%, 0, 0, 5, 1242.71
1775221049, 153, 88, 384, 1, 0, 0.54%, 0, 0, 5, 1479.10
1775221054, 153, 158, 384, 1, 0, 0.54%, 0, 0, 5, 1539.62
1775221060, 153, 209, 384, 1, 0, 0.54%, 0, 0, 5, 1433.34
1775221065, 153, 304, 384, 1, 0, 0.54%, 0, 0, 5, 1228.14
1775221070, 154, 42, 384, 1, 0, 0.54%, 0, 0, 5, 1332.74
1775221075, 154, 82, 384, 1, 0, 0.54%, 0, 0, 5, 1398.31
1775221080, 154, 113, 384, 1, 0, 0.54%, 0, 0, 5, 1488.21
1775221085, 154, 230, 384, 1, 0, 0.54%, 0, 0, 5, 278.97
1775221090, 154, 311, 384, 1, 0, 0.54%, 0, 0, 5, 1380.96
1775221095, 154, 344, 384, 1, 0, 0.54%, 0, 0, 5, 1367.51
1775221100, 155, 51, 384, 1, 0, 0.54%, 0, 0, 5, 1388.98
1775221106, 155, 93, 384, 1, 0, 0.54%, 0, 0, 5, 1475.43
1775221111, 155, 234, 384, 1, 0, 0.54%, 0, 0, 5, 1468.69
1775221116, 155, 283, 384, 1, 0, 0.54%, 0, 0, 5, 1422.81
1775221121, 155, 302, 384, 1, 0, 0.54%, 0, 0, 5, 1446.28
1775221126, 155, 381, 384, 1, 0, 0.54%, 0, 0, 5, 1394.29
1775221131, 155, 383, 384, 1, 0, 0.54%, 0, 0, 5, 90.48
1775221146, 156, 47, 385, 1, 0, 0.54%, 0, 0, 5, 1161.71
1775221151, 156, 90, 385, 1, 0, 0.54%, 0, 0, 5, 1499.44
1775221157, 156, 169, 385, 1, 0, 0.54%, 0, 0, 5, 1460.90
1775221162, 156, 333, 385, 1, 0, 0.54%, 0, 0, 5, 1398.67
1775221167, 157, 83, 385, 1, 0, 0.54%, 0, 0, 5, 1362.68
1775221172, 157, 113, 385, 1, 0, 0.54%, 0, 0, 5, 1417.26
1775221177, 157, 210, 385, 1, 0, 0.54%, 0, 0, 5, 1493.27
1775221182, 157, 273, 385, 1, 0, 0.54%, 0, 0, 5, 1372.16
1775221187, 157, 332, 385, 1, 0, 0.54%, 0, 0, 5, 1309.58
1775221192, 158, 57, 385, 1, 0, 0.54%, 0, 0, 5, 1316.10
1775221197, 158, 93, 385, 1, 0, 0.54%, 0, 0, 5, 1505.29
1775221202, 158, 180, 385, 1, 0, 0.54%, 0, 0, 5, 1507.85
1775221207, 158, 266, 385, 1, 0, 0.54%, 0, 0, 5, 1496.96
1775221212, 158, 351, 385, 1, 0, 0.54%, 0, 0, 5, 1331.50
1775221218, 158, 384, 385, 1, 0, 0.54%, 0, 0, 5, 130.95
1775221233, 159, 8, 385, 0, 0, 0.54%, 0, 0, 5, 861.28
1775221238, 159, 57, 385, 0, 0, 0.54%, 0, 0, 5, 1382.38
1775221243, 159, 89, 385, 0, 0, 0.54%, 0, 0, 5, 1522.99
1775221248, 159, 188, 385, 0, 0, 0.54%, 0, 0, 5, 1458.63
1775221253, 159, 259, 385, 0, 0, 0.54%, 0, 0, 5, 1388.95
1775221258, 159, 310, 385, 0, 0, 0.54%, 0, 0, 5, 1483.39
1775221263, 159, 329, 385, 0, 0, 0.54%, 0, 0, 5, 1375.76
1775221268, 159, 345, 385, 0, 0, 0.54%, 0, 0, 5, 1297.19
1775221273, 160, 31, 385, 0, 0, 0.54%, 0, 0, 5, 1348.65
1775221278, 160, 57, 385, 0, 0, 0.54%, 0, 0, 5, 1552.40
1775221283, 160, 119, 385, 0, 0, 0.54%, 0, 0, 5, 1603.74
1775221289, 160, 250, 385, 0, 0, 0.54%, 0, 0, 5, 1447.96
1775221294, 160, 333, 385, 0, 0, 0.54%, 0, 0, 5, 1291.02
1775221299, 161, 51, 385, 0, 0, 0.54%, 0, 0, 5, 1449.29
1775221304, 161, 92, 385, 0, 0, 0.54%, 0, 0, 5, 1516.39
1775221309, 161, 142, 385, 0, 0, 0.54%, 0, 0, 5, 1508.04
1775221314, 161, 203, 385, 0, 0, 0.54%, 0, 0, 5, 1570.07
1775221319, 161, 279, 385, 0, 0, 0.54%, 0, 0, 5, 1573.08
1775221324, 161, 326, 385, 0, 0, 0.54%, 0, 0, 5, 1474.28
1775221329, 161, 368, 385, 0, 0, 0.54%, 0, 0, 5, 1496.17
1775221334, 162, 57, 385, 0, 0, 0.54%, 0, 0, 5, 1355.09
1775221339, 162, 93, 385, 0, 0, 0.54%, 0, 0, 5, 1511.29
1775221344, 162, 158, 385, 0, 0, 0.54%, 0, 0, 5, 1475.21
1775221350, 162, 234, 385, 0, 0, 0.54%, 0, 0, 5, 1474.17
1775221355, 162, 311, 385, 0, 0, 0.54%, 0, 0, 5, 1423.63
1775221360, 163, 52, 385, 0, 0, 0.54%, 0, 0, 5, 1312.20
1775221365, 163, 88, 385, 0, 0, 0.54%, 0, 0, 5, 1409.91
1775221370, 163, 153, 385, 0, 0, 0.54%, 0, 0, 5, 1486.89
1775221375, 163, 287, 385, 0, 0, 0.54%, 0, 0, 5, 1433.82
1775221380, 163, 333, 385, 0, 0, 0.54%, 0, 0, 5, 1459.59
1775221385, 164, 2, 385, 0, 0, 0.54%, 0, 0, 5, 1306.41
1775221390, 164, 51, 385, 0, 0, 0.54%, 0, 0, 5, 1482.61
1775221396, 164, 82, 386, 1, 0, 0.54%, 0, 0, 5, 1435.46
1775221401, 164, 106, 386, 1, 0, 0.54%, 0, 0, 5, 1490.75
1775221406, 164, 196, 386, 1, 0, 0.54%, 0, 0, 5, 1456.95
1775221411, 164, 279, 386, 1, 0, 0.54%, 0, 0, 5, 1455.03
1775221416, 164, 288, 386, 1, 0, 0.54%, 0, 0, 5, 1572.31
1775221421, 165, 35, 386, 1, 0, 0.54%, 0, 0, 5, 1486.34
1775221426, 165, 82, 386, 1, 0, 0.54%, 0, 0, 5, 1424.62
1775221431, 165, 117, 386, 1, 0, 0.54%, 0, 0, 5, 1549.47
1775221436, 165, 202, 386, 1, 0, 0.54%, 0, 0, 5, 1409.76
1775221442, 165, 311, 386, 1, 0, 0.54%, 0, 0, 5, 1238.83
1775221447, 166, 0, 386, 1, 0, 0.54%, 0, 0, 5, 1171.96
1775221452, 166, 73, 386, 1, 0, 0.54%, 0, 0, 5, 1471.47
1775221457, 166, 103, 386, 1, 0, 0.54%, 0, 0, 5, 1318.97
1775221462, 166, 175, 386, 1, 0, 0.54%, 0, 0, 5, 1361.23
1775221467, 166, 261, 386, 1, 0, 0.54%, 0, 0, 5, 1378.89
1775221472, 166, 317, 386, 1, 0, 0.54%, 0, 0, 5, 1441.87
1775221477, 166, 367, 386, 1, 0, 0.54%, 0, 0, 5, 1103.10
1775221482, 167, 51, 386, 1, 0, 0.54%, 0, 0, 5, 1362.46
1775221488, 167, 86, 386, 1, 0, 0.54%, 0, 0, 5, 1355.11
1775221493, 167, 197, 386, 1, 0, 0.54%, 0, 0, 5, 1433.72
1775221498, 167, 286, 386, 1, 0, 0.54%, 0, 0, 5, 1555.49
1775221503, 167, 304, 386, 1, 0, 0.54%, 0, 0, 5, 1490.91
1775221508, 167, 333, 386, 1, 0, 0.54%, 0, 0, 5, 1360.01
1775221513, 168, 61, 386, 1, 0, 0.54%, 0, 0, 5, 1388.33
1775221518, 168, 93, 386, 1, 0, 0.54%, 0, 0, 5, 1493.54
1775221523, 168, 158, 386, 1, 0, 0.54%, 0, 0, 5, 1537.18
1775221528, 168, 271, 386, 1, 0, 0.54%, 0, 0, 5, 1414.42
1775221533, 168, 320, 386, 1, 0, 0.54%, 0, 0, 5, 1437.30
1775221538, 168, 334, 386, 1, 0, 0.54%, 0, 0, 5, 1381.39
1775221543, 169, 30, 386, 1, 0, 0.54%, 0, 0, 5, 1373.64
1775221549, 169, 83, 386, 1, 0, 0.54%, 0, 0, 5, 1366.64
1775221554, 169, 206, 386, 1, 0, 0.54%, 0, 0, 5, 1473.63
1775221559, 169, 279, 386, 1, 0, 0.54%, 0, 0, 5, 1532.88
1775221564, 169, 312, 386, 1, 0, 0.54%, 0, 0, 5, 1340.37
1775221569, 169, 368, 386, 1, 0, 0.54%, 0, 0, 5, 1238.78
1775221574, 170, 29, 386, 1, 0, 0.54%, 0, 0, 5, 1230.71
1775221579, 170, 82, 386, 1, 0, 0.54%, 0, 0, 5, 1411.50
1775221585, 170, 106, 386, 1, 0, 0.54%, 0, 0, 5, 1474.32
1775221590, 170, 258, 386, 1, 0, 0.54%, 0, 0, 5, 1561.72
1775221595, 170, 337, 386, 1, 0, 0.54%, 0, 0, 5, 1335.64
1775221600, 171, 66, 386, 1, 0, 0.54%, 0, 0, 5, 1334.38
1775221605, 171, 93, 386, 1, 0, 0.54%, 0, 0, 5, 1417.62
1775221610, 171, 158, 386, 1, 0, 0.54%, 0, 0, 5, 1468.28
1775221615, 171, 299, 386, 1, 0, 0.54%, 0, 0, 5, 1338.44
1775221620, 171, 381, 386, 1, 0, 0.54%, 0, 0, 5, 1263.56
1775221625, 172, 73, 386, 1, 0, 0.54%, 0, 0, 5, 1393.00
1775221630, 172, 93, 386, 1, 0, 0.54%, 0, 0, 5, 1393.28
1775221635, 172, 161, 386, 1, 0, 0.54%, 0, 0, 5, 1418.29
1775221640, 172, 251, 386, 1, 0, 0.54%, 0, 0, 5, 1533.18
1775221645, 172, 283, 386, 1, 0, 0.54%, 0, 0, 5, 1453.78
1775221650, 172, 328, 386, 1, 0, 0.54%, 0, 0, 5, 1413.76
1775221655, 172, 337, 386, 1, 0, 0.54%, 0, 0, 5, 1372.34
1775221660, 173, 27, 386, 1, 0, 0.54%, 0, 0, 5, 1292.06
1775221665, 173, 86, 386, 1, 0, 0.54%, 0, 0, 5, 1468.98
1775221670, 173, 139, 386, 1, 0, 0.54%, 0, 0, 5, 1549.65
1775221676, 173, 273, 386, 1, 0, 0.54%, 0, 0, 5, 1503.21
1775221681, 173, 336, 386, 1, 0, 0.54%, 0, 0, 5, 1482.15
1775221686, 174, 48, 386, 1, 0, 0.54%, 0, 0, 5, 1427.84
1775221691, 174, 86, 386, 1, 0, 0.54%, 0, 0, 5, 1496.79
1775221696, 174, 132, 386, 1, 0, 0.54%, 0, 0, 5, 1480.52
1775221701, 174, 217, 386, 1, 0, 0.54%, 0, 0, 5, 1488.36
1775221706, 174, 314, 386, 1, 0, 0.54%, 0, 0, 5, 1409.97
1775221711, 174, 365, 386, 1, 0, 0.54%, 0, 0, 5, 1194.50
1775221716, 175, 57, 386, 1, 0, 0.54%, 0, 0, 5, 1357.17
1775221721, 175, 89, 386, 1, 0, 0.54%, 0, 0, 5, 1248.38
1775221727, 175, 130, 386, 1, 0, 0.54%, 0, 0, 5, 1423.76
1775221732, 175, 287, 386, 1, 0, 0.54%, 0, 0, 5, 1405.66
1775221737, 175, 337, 386, 1, 0, 0.54%, 0, 0, 5, 1386.46
1775221742, 175, 351, 386, 1, 0, 0.54%, 0, 0, 5, 1278.33
1775221747, 176, 57, 386, 1, 0, 0.54%, 0, 0, 5, 1391.49
1775221752, 176, 88, 386, 1, 0, 0.54%, 0, 0, 5, 1486.69
1775221757, 176, 158, 386, 1, 0, 0.54%, 0, 0, 5, 1427.13
1775221762, 176, 210, 386, 1, 0, 0.54%, 0, 0, 5, 1492.54
1775221767, 176, 290, 386, 1, 0, 0.54%, 0, 0, 5, 1392.75
1775221772, 177, 3, 386, 1, 0, 0.54%, 0, 0, 5, 1249.12
1775221778, 177, 86, 386, 1, 0, 0.54%, 0, 0, 5, 1440.02
1775221783, 177, 136, 386, 1, 0, 0.54%, 0, 0, 5, 1462.98
1775221788, 177, 287, 386, 1, 0, 0.54%, 0, 0, 5, 1466.84
1775221793, 177, 322, 386, 1, 0, 0.54%, 0, 0, 5, 1312.62
1775221798, 177, 352, 386, 1, 0, 0.54%, 0, 0, 5, 1396.28
1775221803, 177, 385, 386, 1, 0, 0.54%, 0, 0, 5, 93.83
1775221823, 178, 68, 386, 0, 0, 0.54%, 0, 0, 5, 1427.20
1775221829, 178, 86, 386, 0, 0, 0.54%, 0, 0, 5, 1506.70
1775221834, 178, 156, 386, 0, 0, 0.54%, 0, 0, 5, 1432.86
1775221839, 178, 257, 386, 0, 0, 0.54%, 0, 0, 5, 1398.86
1775221844, 178, 298, 386, 0, 0, 0.54%, 0, 0, 5, 1389.85
1775221849, 178, 328, 386, 0, 0, 0.54%, 0, 0, 5, 1340.05
1775221854, 178, 337, 386, 0, 0, 0.54%, 0, 0, 5, 1162.01
1775221859, 178, 345, 386, 0, 0, 0.54%, 0, 0, 5, 1068.61
1775221864, 179, 75, 386, 0, 0, 0.54%, 0, 0, 5, 1419.67
1775221869, 179, 91, 386, 0, 0, 0.54%, 0, 0, 5, 1464.53
1775221874, 179, 123, 386, 0, 0, 0.54%, 0, 0, 5, 1498.28
1775221880, 179, 183, 386, 0, 0, 0.54%, 0, 0, 5, 1468.82
1775221885, 179, 287, 386, 0, 0, 0.54%, 0, 0, 5, 1457.59
1775221890, 179, 337, 386, 0, 0, 0.54%, 0, 0, 5, 1411.87
1775221895, 180, 72, 386, 0, 0, 0.54%, 0, 0, 5, 1362.70
1775221900, 180, 96, 386, 0, 0, 0.54%, 0, 0, 5, 1390.02
1775221905, 180, 173, 386, 0, 0, 0.54%, 0, 0, 5, 1524.40
1775221910, 180, 279, 386, 0, 0, 0.54%, 0, 0, 5, 1495.00
1775221915, 180, 322, 386, 0, 0, 0.54%, 0, 0, 5, 1420.68
1775221920, 180, 367, 386, 0, 0, 0.54%, 0, 0, 5, 1332.72
1775221925, 181, 83, 386, 0, 0, 0.54%, 0, 0, 5, 1441.61
1775221930, 181, 212, 386, 0, 0, 0.54%, 0, 0, 5, 1568.30
1775221935, 181, 307, 386, 0, 0, 0.54%, 0, 0, 5, 1496.17
1775221940, 181, 320, 386, 0, 0, 0.54%, 0, 0, 5, 1374.46
1775221946, 181, 384, 386, 0, 0, 0.54%, 0, 0, 5, 1171.62
1775221951, 182, 83, 386, 0, 0, 0.54%, 0, 0, 5, 1479.15
1775221956, 182, 110, 386, 0, 0, 0.54%, 0, 0, 5, 1490.16
1775221961, 182, 259, 386, 0, 0, 0.54%, 0, 0, 5, 1538.32
1775221966, 182, 304, 386, 0, 0, 0.54%, 0, 0, 5, 1445.46
1775221971, 182, 371, 386, 0, 0, 0.54%, 0, 0, 5, 1366.95
1775221976, 183, 51, 386, 0, 0, 0.54%, 0, 0, 5, 1218.96
1775221981, 183, 83, 386, 0, 0, 0.54%, 0, 0, 5, 1469.41
1775221986, 183, 112, 386, 0, 0, 0.54%, 0, 0, 5, 1502.15
1775221991, 183, 186, 386, 0, 0, 0.54%, 0, 0, 5, 1539.30
1775221996, 183, 287, 386, 0, 0, 0.54%, 0, 0, 5, 1500.98
1775222001, 184, 51, 386, 0, 0, 0.54%, 0, 0, 5, 1349.45
1775222007, 184, 93, 386, 0, 0, 0.54%, 0, 0, 5, 1489.50
1775222012, 184, 156, 386, 0, 0, 0.54%, 0, 0, 5, 1487.85
1775222017, 184, 311, 386, 0, 0, 0.54%, 0, 0, 5, 1459.85
1775222022, 184, 318, 386, 0, 0, 0.54%, 0, 0, 5, 1373.42
1775222027, 184, 340, 386, 0, 0, 0.54%, 0, 0, 5, 1367.00
1775222032, 184, 385, 386, 0, 0, 0.54%, 0, 0, 5, 1075.83
1775222037, 185, 57, 386, 0, 0, 0.54%, 0, 0, 5, 1365.99
1775222042, 185, 93, 386, 0, 0, 0.54%, 0, 0, 5, 1447.67
1775222047, 185, 158, 386, 0, 0, 0.54%, 0, 0, 5, 527.86
1775222052, 185, 292, 386, 0, 0, 0.54%, 0, 0, 5, 1173.50
1775222057, 185, 322, 386, 0, 0, 0.54%, 0, 0, 5, 1501.64
1775222062, 186, 14, 386, 0, 0, 0.54%, 0, 0, 5, 1049.47
1775222067, 186, 86, 386, 0, 0, 0.54%, 0, 0, 5, 1368.15
1775222073, 186, 127, 386, 0, 0, 0.54%, 0, 0, 5, 1394.52
1775222078, 186, 255, 386, 0, 0, 0.54%, 0, 0, 5, 1479.19
1775222083, 186, 312, 386, 0, 0, 0.54%, 0, 0, 5, 1410.58
1775222088, 187, 47, 386, 0, 0, 0.54%, 0, 0, 5, 1493.88
1775222093, 187, 88, 386, 0, 0, 0.54%, 0, 0, 5, 1607.15
1775222098, 187, 136, 386, 0, 0, 0.54%, 0, 0, 5, 1495.61
1775222103, 187, 205, 386, 0, 0, 0.54%, 0, 0, 5, 1510.84
1775222108, 187, 298, 386, 0, 0, 0.54%, 0, 0, 5, 1537.56
1775222113, 187, 358, 386, 0, 0, 0.54%, 0, 0, 5, 1324.12
1775222118, 188, 57, 386, 0, 0, 0.54%, 0, 0, 5, 1343.68
1775222123, 188, 93, 386, 0, 0, 0.54%, 0, 0, 5, 1528.86
1775222128, 188, 245, 386, 0, 0, 0.54%, 0, 0, 5, 1462.74
1775222133, 188, 331, 386, 0, 0, 0.54%, 0, 0, 5, 1368.98
1775222138, 188, 341, 386, 0, 0, 0.54%, 0, 0, 5, 1270.00
1775222144, 189, 42, 386, 0, 0, 0.54%, 0, 0, 5, 1386.71
1775222149, 189, 81, 386, 0, 0, 0.54%, 0, 0, 5, 1566.72
1775222154, 189, 113, 386, 0, 0, 0.54%, 0, 0, 5, 1522.36
1775222159, 189, 220, 386, 0, 0, 0.54%, 0, 0, 5, 1451.92
1775222164, 189, 289, 386, 0, 0, 0.54%, 0, 0, 5, 1562.29
1775222169, 189, 312, 386, 0, 0, 0.54%, 0, 0, 5, 1324.64
1775222174, 189, 358, 386, 0, 0, 0.54%, 0, 0, 5, 1225.10
1775222179, 190, 57, 386, 0, 0, 0.54%, 0, 0, 5, 1363.29
1775222184, 190, 88, 386, 0, 0, 0.54%, 0, 0, 5, 1453.11
1775222189, 190, 158, 386, 0, 0, 0.54%, 0, 0, 5, 1575.61
1775222194, 190, 312, 387, 1, 0, 0.54%, 0, 0, 5, 1435.99
1775222199, 190, 380, 387, 1, 0, 0.54%, 0, 0, 5, 1173.60
1775222204, 191, 83, 387, 1, 0, 0.54%, 0, 0, 5, 1451.51
1775222209, 191, 102, 387, 1, 0, 0.54%, 0, 0, 5, 1465.31
1775222215, 191, 271, 387, 1, 0, 0.54%, 0, 0, 5, 1502.02
1775222220, 191, 318, 387, 1, 0, 0.54%, 0, 0, 5, 1363.93
1775222225, 192, 5, 387, 1, 0, 0.54%, 0, 0, 5, 1355.86
1775222230, 192, 68, 387, 1, 0, 0.54%, 0, 0, 5, 1467.47
1775222235, 192, 93, 387, 1, 0, 0.54%, 0, 0, 5, 1410.11
1775222240, 192, 265, 387, 1, 0, 0.54%, 0, 0, 5, 1512.35
1775222245, 192, 320, 387, 1, 0, 0.54%, 0, 0, 5, 1456.30
1775222250, 192, 365, 387, 1, 0, 0.54%, 0, 0, 5, 1275.29
1775222255, 193, 57, 387, 1, 0, 0.54%, 0, 0, 5, 1494.03
1775222260, 193, 93, 387, 1, 0, 0.54%, 0, 0, 5, 1488.30
1775222265, 193, 139, 387, 1, 0, 0.54%, 0, 0, 5, 1423.04
1775222271, 193, 287, 387, 1, 0, 0.54%, 0, 0, 5, 1451.33
1775222276, 193, 333, 387, 1, 0, 0.54%, 0, 0, 5, 1412.67
1775222281, 194, 57, 387, 1, 0, 0.54%, 0, 0, 5, 1530.81
1775222286, 194, 106, 387, 1, 0, 0.54%, 0, 0, 5, 1565.35
1775222291, 194, 188, 387, 1, 0, 0.54%, 0, 0, 5, 1567.94
1775222296, 195, 5, 387, 1, 0, 0.54%, 0, 0, 5, 1230.45
1775222301, 195, 65, 387, 1, 0, 0.54%, 0, 0, 5, 1385.34
1775222306, 195, 93, 387, 1, 0, 0.54%, 0, 0, 5, 1484.71
1775222311, 195, 184, 387, 1, 0, 0.54%, 0, 0, 5, 1458.48
1775222316, 195, 312, 387, 1, 0, 0.54%, 0, 0, 5, 1431.18
1775222321, 196, 24, 387, 1, 0, 0.54%, 0, 0, 5, 1353.24
1775222327, 196, 63, 387, 1, 0, 0.54%, 0, 0, 5, 1456.19
1775222332, 196, 106, 387, 1, 0, 0.54%, 0, 0, 5, 1482.07
1775222337, 196, 249, 387, 1, 0, 0.54%, 0, 0, 5, 1493.54
1775222342, 196, 308, 387, 1, 0, 0.54%, 0, 0, 5, 1480.35
1775222347, 196, 370, 387, 1, 0, 0.54%, 0, 0, 5, 1297.25
1775222352, 197, 86, 387, 1, 0, 0.54%, 0, 0, 5, 1400.21
1775222357, 197, 123, 387, 1, 0, 0.54%, 0, 0, 5, 1473.62
1775222362, 197, 207, 387, 1, 0, 0.54%, 0, 0, 5, 1451.67
1775222367, 197, 331, 387, 1, 0, 0.54%, 0, 0, 5, 1409.44
1775222372, 197, 386, 387, 1, 0, 0.54%, 0, 0, 5, 202.59
1775222382, 198, 73, 387, 0, 0, 0.54%, 0, 0, 5, 1376.61
1775222387, 198, 103, 387, 0, 0, 0.54%, 0, 0, 5, 1521.19
1775222392, 198, 199, 387, 0, 0, 0.54%, 0, 0, 5, 1544.11
1775222397, 198, 326, 387, 0, 0, 0.54%, 0, 0, 5, 1550.64
1775222403, 198, 339, 387, 0, 0, 0.54%, 0, 0, 5, 1442.56
1775222408, 198, 352, 387, 0, 0, 0.54%, 0, 0, 5, 1434.77
1775222413, 199, 33, 387, 0, 0, 0.54%, 0, 0, 5, 1443.71
1775222418, 199, 86, 387, 0, 0, 0.54%, 0, 0, 5, 1484.55
1775222423, 199, 202, 387, 0, 0, 0.54%, 0, 0, 5, 1523.64
1775222428, 199, 314, 387, 0, 0, 0.54%, 0, 0, 5, 1498.92
1775222433, 199, 371, 387, 0, 0, 0.54%, 0, 0, 5, 1238.94
1775222438, 200, 57, 387, 0, 0, 0.54%, 0, 0, 5, 1473.60
1775222443, 200, 88, 387, 0, 0, 0.54%, 0, 0, 5, 1526.69
1775222448, 200, 124, 387, 0, 0, 0.54%, 0, 0, 5, 1510.39
1775222453, 200, 284, 387, 0, 0, 0.54%, 0, 0, 5, 1475.50
1775222458, 200, 338, 387, 0, 0, 0.54%, 0, 0, 5, 1444.95
1775222463, 201, 88, 387, 0, 0, 0.54%, 0, 0, 5, 1483.61
1775222469, 201, 129, 387, 0, 0, 0.54%, 0, 0, 5, 1559.02
1775222474, 201, 255, 387, 0, 0, 0.54%, 0, 0, 5, 1412.51
1775222479, 201, 286, 387, 0, 0, 0.54%, 0, 0, 5, 1486.22
1775222484, 201, 333, 387, 0, 0, 0.54%, 0, 0, 5, 1495.70
1775222489, 202, 68, 387, 0, 0, 0.54%, 0, 0, 5, 1479.30
1775222494, 202, 93, 387, 0, 0, 0.54%, 0, 0, 5, 1502.86
1775222499, 202, 177, 387, 0, 0, 0.54%, 0, 0, 5, 1547.53
1775222504, 202, 333, 387, 0, 0, 0.54%, 0, 0, 5, 1452.88
1775222509, 203, 55, 387, 0, 0, 0.54%, 0, 0, 5, 1306.85
1775222514, 203, 85, 387, 0, 0, 0.54%, 0, 0, 5, 1448.08
1775222519, 203, 143, 387, 0, 0, 0.54%, 0, 0, 5, 1383.79
1775222524, 203, 271, 387, 0, 0, 0.54%, 0, 0, 5, 1497.31
1775222529, 203, 312, 387, 0, 0, 0.54%, 0, 0, 5, 1509.69
1775222534, 204, 57, 387, 0, 0, 0.54%, 0, 0, 5, 1369.27
1775222539, 204, 88, 387, 0, 0, 0.54%, 0, 0, 5, 1469.29
1775222545, 204, 168, 387, 0, 0, 0.54%, 0, 0, 5, 1534.89
1775222550, 204, 272, 387, 0, 0, 0.54%, 0, 0, 5, 1492.00
1775222555, 204, 336, 387, 0, 0, 0.54%, 0, 0, 5, 1424.88
1775222560, 204, 376, 387, 0, 0, 0.54%, 0, 0, 5, 1007.90
1775222565, 205, 57, 387, 0, 0, 0.54%, 0, 0, 5, 1391.89
1775222570, 205, 88, 387, 0, 0, 0.54%, 0, 0, 5, 1562.11
1775222575, 205, 250, 387, 0, 0, 0.54%, 0, 0, 5, 1414.92
1775222580, 205, 349, 387, 0, 0, 0.54%, 0, 0, 5, 1326.59
1775222585, 206, 73, 387, 0, 0, 0.54%, 0, 0, 5, 1340.59
1775222591, 206, 104, 387, 0, 0, 0.54%, 0, 0, 5, 1380.71
1775222596, 206, 158, 387, 0, 0, 0.54%, 0, 0, 5, 1503.44
1775222601, 206, 222, 387, 0, 0, 0.54%, 0, 0, 5, 1359.06
1775222606, 206, 286, 387, 0, 0, 0.54%, 0, 0, 5, 1579.67
1775222611, 206, 320, 387, 0, 0, 0.54%, 0, 0, 5, 1457.39
1775222616, 206, 364, 387, 0, 0, 0.54%, 0, 0, 5, 1191.17
1775222621, 207, 73, 387, 0, 0, 0.54%, 0, 0, 5, 1422.49
1775222626, 207, 104, 387, 0, 0, 0.54%, 0, 0, 5, 1486.97
1775222631, 207, 193, 387, 0, 0, 0.54%, 0, 0, 5, 1555.58
1775222637, 207, 324, 387, 0, 0, 0.54%, 0, 0, 5, 1418.51
1775222642, 208, 48, 387, 0, 0, 0.54%, 0, 0, 5, 1286.13
1775222647, 208, 83, 387, 0, 0, 0.54%, 0, 0, 5, 1398.58
1775222652, 208, 104, 387, 0, 0, 0.54%, 0, 0, 5, 1413.72
1775222657, 208, 184, 387, 0, 0, 0.54%, 0, 0, 5, 1416.40
1775222662, 208, 284, 387, 0, 0, 0.54%, 0, 0, 5, 1505.58
1775222667, 208, 311, 387, 0, 0, 0.54%, 0, 0, 5, 1543.45
1775222672, 208, 356, 387, 0, 0, 0.54%, 0, 0, 5, 1310.63
1775222677, 209, 8, 387, 0, 0, 0.54%, 0, 0, 5, 1139.44
1775222682, 209, 86, 387, 0, 0, 0.54%, 0, 0, 5, 1380.79
1775222687, 209, 126, 387, 0, 0, 0.54%, 0, 0, 5, 1381.44
1775222692, 209, 161, 387, 0, 0, 0.54%, 0, 0, 5, 1484.40
1775222697, 209, 275, 387, 0, 0, 0.54%, 0, 0, 5, 1422.36
1775222703, 209, 295, 387, 0, 0, 0.54%, 0, 0, 5, 1455.81
1775222708, 209, 325, 387, 0, 0, 0.54%, 0, 0, 5, 1332.38
1775222713, 209, 352, 387, 0, 0, 0.54%, 0, 0, 5, 1264.15
1775222718, 210, 57, 387, 0, 0, 0.54%, 0, 0, 5, 1459.49
1775222723, 210, 88, 387, 0, 0, 0.54%, 0, 0, 5, 1483.01
1775222728, 210, 124, 387, 0, 0, 0.54%, 0, 0, 5, 1452.61
1775222733, 210, 248, 387, 0, 0, 0.54%, 0, 0, 5, 1396.66
1775222738, 210, 354, 387, 0, 0, 0.54%, 0, 0, 5, 1357.96
1775222743, 211, 73, 387, 0, 0, 0.54%, 0, 0, 5, 1558.19
1775222748, 211, 106, 387, 0, 0, 0.54%, 0, 0, 5, 1399.29
1775222753, 211, 173, 387, 0, 0, 0.54%, 0, 0, 5, 1417.59
1775222758, 211, 274, 387, 0, 0, 0.54%, 0, 0, 5, 1512.53
1775222764, 211, 287, 387, 0, 0, 0.54%, 0, 0, 5, 1507.21
1775222769, 211, 335, 387, 0, 0, 0.54%, 0, 0, 5, 1311.74
1775222774, 212, 26, 387, 0, 0, 0.54%, 0, 0, 5, 1383.90
1775222779, 212, 83, 387, 0, 0, 0.54%, 0, 0, 5, 1460.69
1775222784, 212, 129, 387, 0, 0, 0.54%, 0, 0, 5, 1449.45
1775222789, 212, 272, 387, 0, 0, 0.54%, 0, 0, 5, 1576.06
1775222794, 213, 38, 387, 0, 0, 0.54%, 0, 0, 5, 1456.30
1775222799, 213, 88, 387, 0, 0, 0.54%, 0, 0, 5, 1464.14
1775222804, 213, 133, 387, 0, 0, 0.54%, 0, 0, 5, 1500.79
1775222809, 213, 249, 387, 0, 0, 0.54%, 0, 0, 5, 1452.76
1775222814, 213, 362, 387, 0, 0, 0.54%, 0, 0, 5, 1399.29
1775222819, 214, 15, 388, 1, 0, 0.54%, 0, 0, 5, 1440.11
1775222824, 214, 61, 388, 1, 0, 0.54%, 0, 0, 5, 1441.41
1775222829, 214, 88, 388, 1, 0, 0.54%, 0, 0, 5, 1578.67
1775222834, 214, 181, 388, 1, 0, 0.54%, 0, 0, 5, 1496.36
1775222839, 214, 301, 388, 1, 0, 0.54%, 0, 0, 5, 1376.34
1775222844, 214, 334, 388, 1, 0, 0.54%, 0, 0, 5, 1344.91
1775222850, 214, 387, 388, 1, 0, 0.54%, 0, 0, 5, 1271.32
1775222855, 215, 51, 388, 0, 0, 0.54%, 0, 0, 5, 1404.87
1775222860, 215, 86, 388, 0, 0, 0.54%, 0, 0, 5, 1508.85
1775222865, 215, 113, 388, 0, 0, 0.54%, 0, 0, 5, 1532.41
1775222870, 215, 178, 388, 0, 0, 0.54%, 0, 0, 5, 1418.19
1775222875, 215, 304, 388, 0, 0, 0.54%, 0, 0, 5, 1415.37
1775222880, 215, 326, 388, 0, 0, 0.54%, 0, 0, 5, 1405.81
1775222885, 215, 353, 388, 0, 0, 0.54%, 0, 0, 5, 1236.22
1775222890, 216, 70, 388, 0, 0, 0.54%, 0, 0, 5, 1254.43
1775222896, 216, 93, 388, 0, 0, 0.54%, 0, 0, 5, 1478.85
1775222901, 216, 158, 388, 0, 0, 0.54%, 0, 0, 5, 1510.39
1775222906, 216, 258, 388, 0, 0, 0.54%, 0, 0, 5, 1393.03
1775222911, 216, 289, 388, 0, 0, 0.54%, 0, 0, 5, 1489.64
1775222916, 216, 310, 388, 0, 0, 0.54%, 0, 0, 5, 1313.74
1775222921, 216, 387, 388, 0, 0, 0.54%, 0, 0, 5, 1488.65
1775222926, 217, 86, 388, 0, 0, 0.54%, 0, 0, 5, 1463.85
1775222931, 217, 106, 388, 0, 0, 0.54%, 0, 0, 5, 1506.04
1775222936, 217, 274, 388, 0, 0, 0.54%, 0, 0, 5, 1435.68
1775222941, 217, 337, 388, 0, 0, 0.54%, 0, 0, 5, 1470.40
1775222946, 217, 363, 388, 0, 0, 0.54%, 0, 0, 5, 1274.29
1775222952, 218, 68, 388, 0, 0, 0.54%, 0, 0, 5, 1358.53
1775222957, 218, 93, 388, 0, 0, 0.54%, 0, 0, 5, 1400.06
1775222962, 218, 139, 388, 0, 0, 0.54%, 0, 0, 5, 1516.55
1775222967, 218, 309, 388, 0, 0, 0.54%, 0, 0, 5, 1377.18
1775222972, 218, 334, 388, 0, 0, 0.54%, 0, 0, 5, 1331.60
1775222977, 218, 387, 388, 0, 0, 0.54%, 0, 0, 5, 1441.88
1775222982, 219, 73, 388, 0, 0, 0.54%, 0, 0, 5, 1514.76
1775222987, 219, 145, 388, 0, 0, 0.54%, 0, 0, 5, 1495.78
1775222992, 219, 243, 388, 0, 0, 0.54%, 0, 0, 5, 1338.97
1775222997, 219, 304, 388, 0, 0, 0.54%, 0, 0, 5, 1396.80
1775223003, 219, 337, 388, 0, 0, 0.54%, 0, 0, 5, 1465.64
1775223008, 220, 53, 388, 0, 0, 0.54%, 0, 0, 5, 1324.45
1775223013, 220, 83, 388, 0, 0, 0.54%, 0, 0, 5, 1508.13
1775223018, 220, 114, 388, 0, 0, 0.54%, 0, 0, 5, 1547.26
1775223023, 220, 186, 388, 0, 0, 0.54%, 0, 0, 5, 1057.53
1775223028, 220, 274, 388, 0, 0, 0.54%, 0, 0, 5, 1381.45
1775223033, 220, 333, 388, 0, 0, 0.54%, 0, 0, 5, 1353.77
1775223038, 220, 387, 388, 0, 0, 0.54%, 0, 0, 5, 1381.43
1775223043, 221, 77, 388, 0, 0, 0.54%, 0, 0, 5, 1529.97
1775223048, 221, 119, 388, 0, 0, 0.54%, 0, 0, 5, 1547.63
1775223053, 221, 257, 388, 0, 0, 0.54%, 0, 0, 5, 1397.13
1775223059, 221, 311, 388, 0, 0, 0.54%, 0, 0, 5, 1305.35
1775223064, 222, 73, 388, 0, 0, 0.54%, 0, 0, 5, 1320.99
1775223069, 222, 106, 388, 0, 0, 0.54%, 0, 0, 5, 1421.93
1775223074, 222, 159, 388, 0, 0, 0.54%, 0, 0, 5, 1474.54
1775223079, 222, 304, 388, 0, 0, 0.54%, 0, 0, 5, 1352.99
1775223084, 222, 374, 388, 0, 0, 0.54%, 0, 0, 5, 1137.89
1775223089, 223, 73, 388, 0, 0, 0.54%, 0, 0, 5, 1370.56
1775223094, 223, 106, 388, 0, 0, 0.54%, 0, 0, 5, 1381.44
1775223099, 223, 231, 388, 0, 0, 0.54%, 0, 0, 5, 1420.71
1775223105, 223, 348, 388, 0, 0, 0.54%, 0, 0, 5, 1342.19
1775223110, 223, 382, 388, 0, 0, 0.54%, 0, 0, 5, 1183.86
1775223115, 224, 48, 388, 0, 0, 0.54%, 0, 0, 5, 1413.33
1775223120, 224, 86, 388, 0, 0, 0.54%, 0, 0, 5, 1421.04
1775223125, 224, 101, 388, 0, 0, 0.54%, 0, 0, 5, 1421.41
1775223130, 224, 178, 388, 0, 0, 0.54%, 0, 0, 5, 1507.03
1775223135, 224, 304, 388, 0, 0, 0.54%, 0, 0, 5, 1429.20
1775223140, 224, 355, 388, 0, 0, 0.54%, 0, 0, 5, 1180.06
1775223145, 225, 57, 388, 0, 0, 0.54%, 0, 0, 5, 1135.83
1775223150, 225, 88, 388, 0, 0, 0.54%, 0, 0, 5, 1327.60
1775223156, 225, 185, 388, 0, 0, 0.54%, 0, 0, 5, 1398.54
1775223161, 225, 275, 388, 0, 0, 0.54%, 0, 0, 5, 1461.97
1775223166, 225, 340, 388, 0, 0, 0.54%, 0, 0, 5, 1383.11
1775223171, 225, 379, 388, 0, 0, 0.54%, 0, 0, 5, 1237.86
1775223176, 226, 57, 388, 0, 0, 0.54%, 0, 0, 5, 1284.22
1775223181, 226, 86, 388, 0, 0, 0.54%, 0, 0, 5, 1472.60
1775223186, 226, 118, 388, 0, 0, 0.54%, 0, 0, 5, 1454.77
1775223191, 226, 234, 388, 0, 0, 0.54%, 0, 0, 5, 1432.65
1775223196, 226, 333, 388, 0, 0, 0.54%, 0, 0, 5, 1339.95
1775223201, 226, 387, 389, 1, 0, 0.54%, 0, 0, 5, 1427.21
1775223207, 226, 388, 389, 1, 0, 0.54%, 0, 0, 5, 1288.26
1775223212, 227, 73, 389, 0, 0, 0.54%, 0, 0, 5, 1376.57
1775223217, 227, 103, 389, 0, 0, 0.54%, 0, 0, 5, 1398.64
1775223222, 227, 136, 389, 0, 0, 0.54%, 0, 0, 5, 1346.96
1775223227, 227, 203, 389, 0, 0, 0.54%, 0, 0, 5, 1357.05
1775223232, 227, 250, 389, 0, 0, 0.54%, 0, 0, 5, 1416.36
1775223237, 227, 368, 389, 0, 0, 0.54%, 0, 0, 5, 1404.48
1775223242, 228, 5, 389, 0, 0, 0.54%, 0, 0, 5, 1384.09
1775223247, 228, 86, 389, 0, 0, 0.54%, 0, 0, 5, 1432.59
1775223253, 228, 121, 389, 0, 0, 0.54%, 0, 0, 5, 1336.66
1775223258, 228, 201, 389, 0, 0, 0.54%, 0, 0, 5, 1469.21
1775223263, 228, 337, 389, 0, 0, 0.54%, 0, 0, 5, 1392.29
1775223268, 229, 57, 389, 0, 0, 0.54%, 0, 0, 5, 1475.55
1775223273, 229, 90, 389, 0, 0, 0.54%, 0, 0, 5, 1462.14
1775223278, 229, 158, 389, 0, 0, 0.54%, 0, 0, 5, 1373.06
1775223283, 229, 280, 389, 0, 0, 0.54%, 0, 0, 5, 1317.41
1775223288, 229, 305, 389, 0, 0, 0.54%, 0, 0, 5, 1424.85
1775223293, 229, 332, 389, 0, 0, 0.54%, 0, 0, 5, 1462.89
1775223298, 230, 57, 389, 0, 0, 0.54%, 0, 0, 5, 1367.14
1775223303, 230, 88, 389, 0, 0, 0.54%, 0, 0, 5, 1486.81
1775223308, 230, 180, 389, 0, 0, 0.54%, 0, 0, 5, 1475.86
1775223313, 230, 316, 389, 0, 0, 0.54%, 0, 0, 5, 1421.70
1775223318, 230, 360, 389, 0, 0, 0.54%, 0, 0, 5, 1265.80
1775223324, 231, 77, 389, 0, 0, 0.54%, 0, 0, 5, 1419.85
1775223329, 231, 93, 389, 0, 0, 0.54%, 0, 0, 5, 1503.30
1775223334, 231, 275, 389, 0, 0, 0.54%, 0, 0, 5, 1368.89
1775223339, 231, 313, 389, 0, 0, 0.54%, 0, 0, 5, 1465.82
1775223344, 232, 43, 389, 0, 0, 0.54%, 0, 0, 5, 1382.17
1775223349, 232, 88, 389, 0, 0, 0.54%, 0, 0, 5, 1476.65
1775223354, 232, 158, 389, 0, 0, 0.54%, 0, 0, 5, 1386.15
1775223359, 232, 321, 389, 0, 0, 0.54%, 0, 0, 5, 1385.56
1775223364, 233, 27, 389, 0, 0, 0.54%, 0, 0, 5, 1412.89
1775223369, 233, 73, 389, 0, 0, 0.54%, 0, 0, 5, 1540.40
1775223375, 233, 91, 389, 0, 0, 0.54%, 0, 0, 5, 1418.65
1775223380, 233, 122, 389, 0, 0, 0.54%, 0, 0, 5, 1397.22
1775223385, 233, 203, 389, 0, 0, 0.54%, 0, 0, 5, 1417.14
1775223390, 233, 303, 389, 0, 0, 0.54%, 0, 0, 5, 1405.59
1775223395, 233, 381, 389, 0, 0, 0.54%, 0, 0, 5, 1414.67
1775223400, 234, 37, 389, 0, 0, 0.54%, 0, 0, 5, 1145.54
1775223406, 234, 86, 389, 0, 0, 0.54%, 0, 0, 5, 1435.74
1775223411, 234, 132, 389, 0, 0, 0.54%, 0, 0, 5, 1484.54
1775223416, 234, 213, 389, 0, 0, 0.54%, 0, 0, 5, 1561.49
1775223421, 234, 285, 389, 0, 0, 0.54%, 0, 0, 5, 1492.89
1775223426, 234, 332, 389, 0, 0, 0.54%, 0, 0, 5, 1493.93
1775223431, 234, 348, 389, 0, 0, 0.54%, 0, 0, 5, 1350.93
1775223436, 235, 32, 389, 0, 0, 0.54%, 0, 0, 5, 1328.09
1775223441, 235, 88, 389, 0, 0, 0.54%, 0, 0, 5, 1382.20
1775223447, 235, 166, 389, 0, 0, 0.54%, 0, 0, 5, 1574.87
1775223452, 235, 277, 389, 0, 0, 0.54%, 0, 0, 5, 1429.64
1775223457, 235, 344, 389, 0, 0, 0.54%, 0, 0, 5, 1251.91
1775223462, 236, 83, 389, 0, 0, 0.54%, 0, 0, 5, 1487.97
1775223467, 236, 129, 389, 0, 0, 0.54%, 0, 0, 5, 1448.44
1775223472, 236, 233, 389, 0, 0, 0.54%, 0, 0, 5, 1469.74
1775223477, 236, 323, 389, 0, 0, 0.54%, 0, 0, 5, 1413.94
1775223482, 237, 16, 389, 0, 0, 0.54%, 0, 0, 5, 1239.02
1775223487, 237, 70, 389, 0, 0, 0.54%, 0, 0, 5, 1361.52
1775223492, 237, 89, 389, 0, 0, 0.54%, 0, 0, 5, 1452.49
1775223497, 237, 150, 389, 0, 0, 0.54%, 0, 0, 5, 1462.15
1775223503, 237, 287, 389, 0, 0, 0.54%, 0, 0, 5, 1447.74
1775223508, 237, 322, 389, 0, 0, 0.54%, 0, 0, 5, 1420.50
1775223513, 238, 57, 389, 0, 0, 0.54%, 0, 0, 5, 1344.59
1775223518, 238, 93, 389, 0, 0, 0.54%, 0, 0, 5, 1466.48
1775223523, 238, 153, 389, 0, 0, 0.54%, 0, 0, 5, 1448.73
1775223528, 238, 287, 389, 0, 0, 0.54%, 0, 0, 5, 1471.48
1775223533, 238, 344, 389, 0, 0, 0.54%, 0, 0, 5, 1370.74
1775223538, 239, 26, 389, 0, 0, 0.54%, 0, 0, 5, 1284.08
1775223543, 239, 60, 389, 0, 0, 0.54%, 0, 0, 5, 1389.34
1775223548, 239, 106, 389, 0, 0, 0.54%, 0, 0, 5, 1511.62
1775223553, 239, 166, 389, 0, 0, 0.54%, 0, 0, 5, 1369.86
1775223558, 239, 311, 389, 0, 0, 0.54%, 0, 0, 5, 1444.29
1775223563, 239, 347, 389, 0, 0, 0.54%, 0, 0, 5, 1389.65
1775223568, 240, 57, 389, 0, 0, 0.54%, 0, 0, 5, 1418.42
1775223574, 240, 106, 389, 0, 0, 0.54%, 0, 0, 5, 1520.68
1775223579, 240, 147, 389, 0, 0, 0.54%, 0, 0, 5, 1438.59
1775223584, 240, 311, 389, 0, 0, 0.54%, 0, 0, 5, 1488.68
1775223589, 240, 344, 389, 0, 0, 0.54%, 0, 0, 5, 1456.16
1775223594, 241, 64, 389, 0, 0, 0.54%, 0, 0, 5, 1356.81
1775223599, 241, 95, 389, 0, 0, 0.54%, 0, 0, 5, 1491.29
1775223604, 241, 242, 389, 0, 0, 0.54%, 0, 0, 5, 1433.02
1775223609, 241, 317, 389, 0, 0, 0.54%, 0, 0, 5, 1520.76
1775223614, 241, 370, 389, 0, 0, 0.54%, 0, 0, 5, 1246.68
1775223619, 242, 73, 389, 0, 0, 0.54%, 0, 0, 5, 1422.11
1775223624, 242, 88, 389, 0, 0, 0.54%, 0, 0, 5, 1468.21
1775223629, 242, 151, 389, 0, 0, 0.54%, 0, 0, 5, 1365.10
1775223634, 242, 218, 389, 0, 0, 0.54%, 0, 0, 5, 1459.58
1775223639, 242, 304, 389, 0, 0, 0.54%, 0, 0, 5, 1418.31
1775223645, 243, 51, 389, 0, 0, 0.54%, 0, 0, 5, 1299.28
1775223650, 243, 89, 389, 0, 0, 0.54%, 0, 0, 5, 1459.39
1775223655, 243, 158, 389, 0, 0, 0.54%, 0, 0, 5, 1452.91
1775223660, 243, 287, 389, 0, 0, 0.54%, 0, 0, 5, 1509.52
1775223665, 243, 340, 389, 0, 0, 0.54%, 0, 0, 5, 1449.75
1775223670, 244, 56, 389, 0, 0, 0.54%, 0, 0, 5, 1428.81
1775223675, 244, 88, 389, 0, 0, 0.54%, 0, 0, 5, 1517.35
1775223680, 244, 138, 389, 0, 0, 0.54%, 0, 0, 5, 1445.85
1775223685, 244, 239, 389, 0, 0, 0.54%, 0, 0, 5, 1506.49
1775223690, 244, 312, 389, 0, 0, 0.54%, 0, 0, 5, 1425.14
1775223696, 244, 387, 389, 0, 0, 0.54%, 0, 0, 5, 1378.59
1775223701, 245, 65, 389, 0, 0, 0.54%, 0, 0, 5, 1489.73
1775223706, 245, 106, 389, 0, 0, 0.54%, 0, 0, 5, 1579.30
1775223711, 245, 158, 389, 0, 0, 0.54%, 0, 0, 5, 1547.28
1775223716, 245, 261, 389, 0, 0, 0.54%, 0, 0, 5, 1448.31
1775223721, 245, 335, 389, 0, 0, 0.54%, 0, 0, 5, 1406.26
1775223726, 246, 51, 389, 0, 0, 0.54%, 0, 0, 5, 1512.19
1775223731, 246, 87, 389, 0, 0, 0.54%, 0, 0, 5, 1476.82
1775223736, 246, 110, 389, 0, 0, 0.54%, 0, 0, 5, 1448.85
1775223741, 246, 172, 389, 0, 0, 0.54%, 0, 0, 5, 1475.25
1775223746, 246, 288, 389, 0, 0, 0.54%, 0, 0, 5, 1534.14
1775223751, 246, 333, 389, 0, 0, 0.54%, 0, 0, 5, 1496.62
1775223756, 247, 5, 389, 0, 0, 0.54%, 0, 0, 5, 1147.52
1775223762, 247, 73, 389, 0, 0, 0.54%, 0, 0, 5, 1328.16
1775223767, 247, 107, 389, 0, 0, 0.54%, 0, 0, 5, 1506.34
1775223772, 247, 304, 389, 0, 0, 0.54%, 0, 0, 5, 1458.08
1775223777, 247, 372, 389, 0, 0, 0.54%, 0, 0, 5, 274.38
1775223782, 248, 42, 389, 0, 0, 0.54%, 0, 0, 5, 1167.93
1775223787, 248, 88, 389, 0, 0, 0.54%, 0, 0, 5, 1490.57
1775223792, 248, 180, 389, 0, 0, 0.54%, 0, 0, 5, 1463.95
1775223797, 248, 337, 389, 0, 0, 0.54%, 0, 0, 5, 1397.74
1775223802, 249, 73, 389, 0, 0, 0.54%, 0, 0, 5, 1347.18
1775223807, 249, 95, 389, 0, 0, 0.54%, 0, 0, 5, 1431.78
1775223812, 249, 216, 389, 0, 0, 0.54%, 0, 0, 5, 1466.63
1775223817, 249, 333, 389, 0, 0, 0.54%, 0, 0, 5, 1435.27
1775223823, 249, 382, 389, 0, 0, 0.54%, 0, 0, 5, 1081.18
1775223828, 250, 73, 389, 0, 0, 0.54%, 0, 0, 5, 1356.48
1775223833, 250, 93, 389, 0, 0, 0.54%, 0, 0, 5, 1396.24
1775223838, 250, 138, 389, 0, 0, 0.54%, 0, 0, 5, 1385.35
1775223843, 250, 238, 389, 0, 0, 0.54%, 0, 0, 5, 1475.94
1775223848, 250, 333, 389, 0, 0, 0.54%, 0, 0, 5, 1423.67
1775223853, 251, 57, 389, 0, 0, 0.54%, 0, 0, 5, 1454.09
1775223858, 251, 88, 389, 0, 0, 0.54%, 0, 0, 5, 1423.48
1775223863, 251, 123, 389, 0, 0, 0.54%, 0, 0, 5, 1457.66
1775223868, 251, 240, 389, 0, 0, 0.54%, 0, 0, 5, 1296.38
1775223874, 251, 311, 389, 0, 0, 0.54%, 0, 0, 5, 1467.50
1775223879, 251, 374, 389, 0, 0, 0.54%, 0, 0, 5, 1220.29
1775223884, 252, 41, 389, 0, 0, 0.54%, 0, 0, 5, 1449.70
1775223889, 252, 93, 389, 0, 0, 0.54%, 0, 0, 5, 1582.78
1775223894, 252, 145, 389, 0, 0, 0.54%, 0, 0, 5, 1497.21
1775223899, 252, 287, 389, 0, 0, 0.54%, 0, 0, 5, 1528.48
1775223904, 252, 334, 389, 0, 0, 0.54%, 0, 0, 5, 1456.58
1775223909, 253, 51, 389, 0, 0, 0.54%, 0, 0, 5, 1249.68
1775223914, 253, 86, 389, 0, 0, 0.54%, 0, 0, 5, 1389.88
1775223919, 253, 129, 389, 0, 0, 0.54%, 0, 0, 5, 1412.76
1775223924, 253, 212, 389, 0, 0, 0.54%, 0, 0, 5, 1515.68
1775223930, 253, 263, 389, 0, 0, 0.54%, 0, 0, 5, 1465.43
1775223935, 253, 304, 389, 0, 0, 0.54%, 0, 0, 5, 1486.95
1775223940, 253, 328, 389, 0, 0, 0.54%, 0, 0, 5, 1475.19
1775223945, 253, 370, 389, 0, 0, 0.54%, 0, 0, 5, 1221.03
1775223950, 254, 73, 389, 0, 0, 0.54%, 0, 0, 5, 1473.38
1775223955, 254, 114, 389, 0, 0, 0.54%, 0, 0, 5, 1482.60
1775223960, 254, 304, 389, 0, 0, 0.54%, 0, 0, 5, 1461.61
1775223965, 255, 6, 389, 0, 0, 0.54%, 0, 0, 5, 1233.62
1775223970, 255, 73, 389, 0, 0, 0.54%, 0, 0, 5, 1346.41
1775223975, 255, 93, 389, 0, 0, 0.54%, 0, 0, 5, 1492.81
1775223980, 255, 182, 389, 0, 0, 0.54%, 0, 0, 5, 1538.03
1775223986, 255, 242, 389, 0, 0, 0.54%, 0, 0, 5, 1486.83
1775223991, 255, 327, 389, 0, 0, 0.54%, 0, 0, 5, 1377.63
1775223996, 255, 387, 389, 0, 0, 0.54%, 0, 0, 5, 1301.03
1775224001, 256, 57, 389, 0, 0, 0.54%, 0, 0, 5, 1469.95
1775224006, 256, 86, 389, 0, 0, 0.54%, 0, 0, 5, 1566.72
1775224011, 256, 110, 389, 0, 0, 0.54%, 0, 0, 5, 1578.04
1775224016, 256, 219, 389, 0, 0, 0.54%, 0, 0, 5, 1468.78
1775224021, 256, 312, 389, 0, 0, 0.54%, 0, 0, 5, 1368.95
1775224026, 257, 57, 389, 0, 0, 0.54%, 0, 0, 5, 1410.78
1775224031, 257, 91, 389, 0, 0, 0.54%, 0, 0, 5, 1504.13
1775224036, 257, 152, 389, 0, 0, 0.54%, 0, 0, 5, 1403.83
1775224041, 257, 248, 389, 0, 0, 0.54%, 0, 0, 5, 1367.60
1775224046, 257, 350, 389, 0, 0, 0.54%, 0, 0, 5, 1276.43
1775224052, 258, 34, 389, 0, 0, 0.54%, 0, 0, 5, 1339.04
1775224057, 258, 82, 389, 0, 0, 0.54%, 0, 0, 5, 1605.18
1775224062, 258, 106, 389, 0, 0, 0.54%, 0, 0, 5, 1558.94
1775224067, 258, 159, 389, 0, 0, 0.54%, 0, 0, 5, 1494.74
1775224072, 258, 233, 389, 0, 0, 0.54%, 0, 0, 5, 1375.91
1775224077, 258, 333, 389, 0, 0, 0.54%, 0, 0, 5, 1429.04
1775224082, 259, 51, 389, 0, 0, 0.54%, 0, 0, 5, 1391.03
1775224087, 259, 83, 389, 0, 0, 0.54%, 0, 0, 5, 1523.39
1775224092, 259, 124, 389, 0, 0, 0.54%, 0, 0, 5, 1528.30
1775224097, 259, 210, 389, 0, 0, 0.54%, 0, 0, 5, 1401.81
1775224102, 259, 281, 389, 0, 0, 0.54%, 0, 0, 5, 1507.96
1775224108, 259, 348, 389, 0, 0, 0.54%, 0, 0, 5, 1405.90
1775224113, 260, 15, 389, 0, 0, 0.54%, 0, 0, 5, 1167.88
1775224118, 260, 66, 389, 0, 0, 0.54%, 0, 0, 5, 1335.45
1775224123, 260, 88, 389, 0, 0, 0.54%, 0, 0, 5, 1487.54
1775224128, 260, 110, 389, 0, 0, 0.54%, 0, 0, 5, 1495.01
1775224133, 260, 189, 389, 0, 0, 0.54%, 0, 0, 5, 1544.38
1775224138, 260, 287, 389, 0, 0, 0.54%, 0, 0, 5, 1399.93
1775224143, 260, 355, 389, 0, 0, 0.54%, 0, 0, 5, 1318.53
1775224148, 261, 60, 389, 0, 0, 0.54%, 0, 0, 5, 1455.10
1775224153, 261, 99, 389, 0, 0, 0.54%, 0, 0, 5, 1581.78
1775224158, 261, 158, 389, 0, 0, 0.54%, 0, 0, 5, 1548.54
1775224163, 261, 274, 389, 0, 0, 0.54%, 0, 0, 5, 1426.81
1775224168, 261, 337, 389, 0, 0, 0.54%, 0, 0, 5, 1447.58
1775224174, 262, 73, 389, 0, 0, 0.54%, 0, 0, 5, 1461.94
1775224179, 262, 106, 389, 0, 0, 0.54%, 0, 0, 5, 1479.16
1775224184, 262, 251, 389, 0, 0, 0.54%, 0, 0, 5, 1500.86
1775224189, 262, 365, 389, 0, 0, 0.54%, 0, 0, 5, 1344.58
1775224194, 263, 57, 389, 0, 0, 0.54%, 0, 0, 5, 1445.11
1775224199, 263, 88, 389, 0, 0, 0.54%, 0, 0, 5, 1426.98
1775224204, 263, 158, 389, 0, 0, 0.54%, 0, 0, 5, 1468.09
1775224209, 263, 228, 389, 0, 0, 0.54%, 0, 0, 5, 1423.45
1775224214, 263, 311, 389, 0, 0, 0.54%, 0, 0, 5, 1431.25
1775224219, 263, 346, 389, 0, 0, 0.54%, 0, 0, 5, 1393.84
1775224224, 264, 57, 389, 0, 0, 0.54%, 0, 0, 5, 1486.59
1775224229, 264, 88, 389, 0, 0, 0.54%, 0, 0, 5, 1461.23
1775224235, 264, 158, 389, 0, 0, 0.54%, 0, 0, 5, 1380.09
1775224240, 264, 273, 389, 0, 0, 0.54%, 0, 0, 5, 1422.23
1775224245, 265, 51, 389, 0, 0, 0.54%, 0, 0, 5, 1398.09
1775224250, 265, 86, 389, 0, 0, 0.54%, 0, 0, 5, 1494.71
1775224255, 265, 120, 389, 0, 0, 0.54%, 0, 0, 5, 1388.47
1775224260, 265, 210, 389, 0, 0, 0.54%, 0, 0, 5, 1495.50
1775224265, 265, 337, 389, 0, 0, 0.54%, 0, 0, 5, 1431.35
1775224271, 266, 50, 389, 0, 0, 0.54%, 0, 0, 5, 1406.54
1775224276, 266, 86, 389, 0, 0, 0.54%, 0, 0, 5, 1506.27
1775224281, 266, 128, 389, 0, 0, 0.54%, 0, 0, 5, 1577.53
1775224286, 266, 312, 389, 0, 0, 0.54%, 0, 0, 5, 1532.17
1775224291, 266, 361, 389, 0, 0, 0.54%, 0, 0, 5, 1284.18
1775224296, 267, 57, 389, 0, 0, 0.54%, 0, 0, 5, 1368.14
1775224301, 267, 93, 389, 0, 0, 0.54%, 0, 0, 5, 1431.72
1775224306, 267, 155, 389, 0, 0, 0.54%, 0, 0, 5, 1531.45
1775224311, 267, 287, 389, 0, 0, 0.54%, 0, 0, 5, 1492.54
1775224316, 268, 47, 389, 0, 0, 0.54%, 0, 0, 5, 1292.73
1775224322, 268, 83, 389, 0, 0, 0.54%, 0, 0, 5, 1542.56
1775224327, 268, 94, 389, 0, 0, 0.54%, 0, 0, 5, 1544.37
1775224332, 268, 158, 389, 0, 0, 0.54%, 0, 0, 5, 1466.05
1775224337, 268, 306, 389, 0, 0, 0.54%, 0, 0, 5, 1433.00
1775224342, 269, 2, 389, 0, 0, 0.54%, 0, 0, 5, 1505.37
1775224347, 269, 83, 389, 0, 0, 0.54%, 0, 0, 5, 1513.52
1775224352, 269, 158, 389, 0, 0, 0.54%, 0, 0, 5, 1578.83
1775224357, 269, 233, 389, 0, 0, 0.54%, 0, 0, 5, 1520.51
1775224362, 269, 333, 389, 0, 0, 0.54%, 0, 0, 5, 1427.49
1775224367, 269, 368, 389, 0, 0, 0.54%, 0, 0, 5, 1164.56
1775224372, 270, 73, 389, 0, 0, 0.54%, 0, 0, 5, 1401.64
1775224377, 270, 106, 389, 0, 0, 0.54%, 0, 0, 5, 1418.75
1775224382, 270, 304, 389, 0, 0, 0.54%, 0, 0, 5, 1534.89
1775224388, 271, 16, 389, 0, 0, 0.54%, 0, 0, 5, 1409.13
1775224393, 271, 83, 389, 0, 0, 0.54%, 0, 0, 5, 1531.55
1775224398, 271, 106, 389, 0, 0, 0.54%, 0, 0, 5, 1488.76
1775224403, 271, 147, 389, 0, 0, 0.54%, 0, 0, 5, 1516.50
1775224408, 271, 237, 389, 0, 0, 0.54%, 0, 0, 5, 1456.97
1775224413, 271, 337, 389, 0, 0, 0.54%, 0, 0, 5, 1454.98
1775224418, 272, 57, 389, 0, 0, 0.54%, 0, 0, 5, 1483.13
1775224423, 272, 101, 389, 0, 0, 0.54%, 0, 0, 5, 1509.21
1775224428, 272, 165, 389, 0, 0, 0.54%, 0, 0, 5, 1557.76
1775224433, 272, 287, 389, 0, 0, 0.54%, 0, 0, 5, 1385.45
1775224438, 273, 57, 389, 0, 0, 0.54%, 0, 0, 5, 1457.23
1775224443, 273, 106, 389, 0, 0, 0.54%, 0, 0, 5, 1530.82
1775224448, 273, 253, 389, 0, 0, 0.54%, 0, 0, 5, 1420.85
1775224453, 273, 288, 389, 0, 0, 0.54%, 0, 0, 5, 1333.98
1775224459, 273, 337, 389, 0, 0, 0.54%, 0, 0, 5, 1389.36
1775224464, 274, 70, 389, 0, 0, 0.54%, 0, 0, 5, 1511.31
1775224469, 274, 106, 389, 0, 0, 0.54%, 0, 0, 5, 1634.97
1775224474, 274, 169, 389, 0, 0, 0.54%, 0, 0, 5, 1492.18
1775224479, 274, 295, 389, 0, 0, 0.54%, 0, 0, 5, 1400.33
1775224484, 274, 339, 389, 0, 0, 0.54%, 0, 0, 5, 1383.08
1775224489, 275, 73, 389, 0, 0, 0.54%, 0, 0, 5, 1267.73
1775224494, 275, 107, 389, 0, 0, 0.54%, 0, 0, 5, 1428.12
1775224499, 275, 158, 389, 0, 0, 0.54%, 0, 0, 5, 1474.95
1775224504, 275, 312, 389, 0, 0, 0.54%, 0, 0, 5, 1441.35
1775224510, 276, 74, 389, 0, 0, 0.54%, 0, 0, 5, 1539.27
1775224515, 276, 93, 389, 0, 0, 0.54%, 0, 0, 5, 1587.97
1775224520, 276, 178, 389, 0, 0, 0.54%, 0, 0, 5, 1471.17
1775224525, 276, 265, 389, 0, 0, 0.54%, 0, 0, 5, 1366.56
1775224530, 276, 333, 389, 0, 0, 0.54%, 0, 0, 5, 1395.54
1775224535, 277, 43, 389, 0, 0, 0.54%, 0, 0, 5, 1425.02
1775224540, 277, 78, 389, 0, 0, 0.54%, 0, 0, 5, 1538.30
1775224545, 277, 113, 389, 0, 0, 0.54%, 0, 0, 5, 1439.59
1775224550, 277, 163, 389, 0, 0, 0.54%, 0, 0, 5, 1492.60
1775224555, 277, 272, 389, 0, 0, 0.54%, 0, 0, 5, 1707.95
1775224560, 278, 31, 389, 0, 0, 0.54%, 0, 0, 5, 1467.28
1775224565, 278, 73, 389, 0, 0, 0.54%, 0, 0, 5, 1449.87
1775224570, 278, 145, 389, 0, 0, 0.54%, 0, 0, 5, 1454.22
1775224576, 278, 266, 389, 0, 0, 0.54%, 0, 0, 5, 1398.46
1775224581, 278, 333, 389, 0, 0, 0.54%, 0, 0, 5, 1443.19
1775224586, 279, 86, 389, 0, 0, 0.54%, 0, 0, 5, 1503.51
1775224591, 279, 142, 389, 0, 0, 0.54%, 0, 0, 5, 1369.24
1775224596, 279, 202, 389, 0, 0, 0.54%, 0, 0, 5, 1492.39
1775224601, 279, 287, 389, 0, 0, 0.54%, 0, 0, 5, 1406.81
1775224606, 280, 36, 389, 0, 0, 0.54%, 0, 0, 5, 1338.13
1775224611, 280, 83, 389, 0, 0, 0.54%, 0, 0, 5, 1431.02
1775224616, 280, 107, 389, 0, 0, 0.54%, 0, 0, 5, 1381.12
1775224621, 280, 163, 389, 0, 0, 0.54%, 0, 0, 5, 1437.49
1775224626, 280, 304, 389, 0, 0, 0.54%, 0, 0, 5, 1455.41
1775224631, 281, 29, 389, 0, 0, 0.54%, 0, 0, 5, 1548.66
1775224636, 281, 88, 389, 0, 0, 0.54%, 0, 0, 5, 1510.29
1775224642, 281, 194, 389, 0, 0, 0.54%, 0, 0, 5, 1366.69
1775224647, 281, 251, 389, 0, 0, 0.54%, 0, 0, 5, 1522.99
1775224652, 281, 313, 389, 0, 0, 0.54%, 0, 0, 5, 1424.06
1775224657, 282, 51, 389, 0, 0, 0.54%, 0, 0, 5, 1336.63
1775224662, 282, 93, 389, 0, 0, 0.54%, 0, 0, 5, 1466.20
1775224667, 282, 157, 389, 0, 0, 0.54%, 0, 0, 5, 1551.62
1775224672, 282, 274, 389, 0, 0, 0.54%, 0, 0, 5, 1496.37
1775224677, 282, 328, 389, 0, 0, 0.54%, 0, 0, 5, 1495.06
1775224682, 283, 15, 389, 0, 0, 0.54%, 0, 0, 5, 1311.34
1775224687, 283, 62, 389, 0, 0, 0.54%, 0, 0, 5, 1424.55
1775224692, 283, 93, 389, 0, 0, 0.54%, 0, 0, 5, 1454.56
1775224698, 283, 229, 389, 0, 0, 0.54%, 0, 0, 5, 1517.65
1775224703, 283, 346, 389, 0, 0, 0.54%, 0, 0, 5, 1435.81
1775224708, 284, 80, 389, 0, 0, 0.54%, 0, 0, 5, 1466.74
1775224713, 284, 94, 389, 0, 0, 0.54%, 0, 0, 5, 1467.54
1775224718, 284, 124, 389, 0, 0, 0.54%, 0, 0, 5, 1447.27
1775224723, 284, 261, 389, 0, 0, 0.54%, 0, 0, 5, 1420.40
1775224728, 284, 295, 389, 0, 0, 0.54%, 0, 0, 5, 1403.76
1775224733, 285, 51, 389, 0, 0, 0.54%, 0, 0, 5, 1375.38
1775224738, 285, 86, 389, 0, 0, 0.54%, 0, 0, 5, 1462.86
1775224743, 285, 118, 389, 0, 0, 0.54%, 0, 0, 5, 1454.79
1775224748, 285, 226, 389, 0, 0, 0.54%, 0, 0, 5, 1478.20
1775224753, 285, 337, 389, 0, 0, 0.54%, 0, 0, 5, 1496.69
1775224759, 286, 5, 389, 0, 0, 0.54%, 0, 0, 5, 1416.54
1775224764, 286, 88, 389, 0, 0, 0.54%, 0, 0, 5, 1494.33
1775224769, 286, 155, 389, 0, 0, 0.54%, 0, 0, 5, 1419.85
1775224774, 286, 277, 389, 0, 0, 0.54%, 0, 0, 5, 1413.55
1775224779, 286, 337, 389, 0, 0, 0.54%, 0, 0, 5, 1096.48
1775224784, 287, 57, 389, 0, 0, 0.54%, 0, 0, 5, 1327.54
1775224789, 287, 88, 389, 0, 0, 0.54%, 0, 0, 5, 1528.83
1775224794, 287, 172, 389, 0, 0, 0.54%, 0, 0, 5, 1468.62
1775224799, 287, 333, 389, 0, 0, 0.54%, 0, 0, 5, 1440.38
1775224804, 287, 387, 389, 0, 0, 0.54%, 0, 0, 5, 1337.01
1775224810, 288, 43, 389, 0, 0, 0.54%, 0, 0, 5, 1489.11
1775224815, 288, 83, 389, 0, 0, 0.54%, 0, 0, 5, 1547.97
1775224820, 288, 139, 389, 0, 0, 0.54%, 0, 0, 5, 1565.50
1775224825, 288, 218, 389, 0, 0, 0.54%, 0, 0, 5, 1360.05
1775224830, 288, 337, 389, 0, 0, 0.54%, 0, 0, 5, 1328.41
1775224835, 289, 83, 389, 0, 0, 0.54%, 0, 0, 5, 1400.36
1775224840, 289, 126, 389, 0, 0, 0.54%, 0, 0, 5, 1530.77
1775224845, 289, 251, 389, 0, 0, 0.54%, 0, 0, 5, 1522.26
1775224850, 289, 333, 389, 0, 0, 0.54%, 0, 0, 5, 1441.26
1775224856, 290, 13, 389, 0, 0, 0.54%, 0, 0, 5, 1233.01
1775224861, 290, 57, 389, 0, 0, 0.54%, 0, 0, 5, 1434.34
1775224866, 290, 88, 389, 0, 0, 0.54%, 0, 0, 5, 1429.19
1775224871, 290, 175, 389, 0, 0, 0.54%, 0, 0, 5, 1497.31
1775224876, 290, 287, 389, 0, 0, 0.54%, 0, 0, 5, 1530.03
1775224881, 291, 28, 389, 0, 0, 0.54%, 0, 0, 5, 1341.23
1775224886, 291, 83, 389, 0, 0, 0.54%, 0, 0, 5, 1420.09
1775224891, 291, 106, 389, 0, 0, 0.54%, 0, 0, 5, 1357.02
1775224896, 291, 219, 389, 0, 0, 0.54%, 0, 0, 5, 1530.75
1775224901, 291, 312, 389, 0, 0, 0.54%, 0, 0, 5, 1475.52
1775224906, 292, 21, 389, 0, 0, 0.54%, 0, 0, 5, 1330.19
1775224911, 292, 83, 389, 0, 0, 0.54%, 0, 0, 5, 1505.79
1775224916, 292, 106, 389, 0, 0, 0.54%, 0, 0, 5, 1561.25
1775224921, 292, 301, 389, 0, 0, 0.54%, 0, 0, 5, 1706.66
1775224926, 292, 388, 389, 0, 0, 0.54%, 0, 0, 5, 1435.77
1775224932, 293, 48, 389, 0, 0, 0.54%, 0, 0, 5, 1471.74
1775224937, 293, 83, 389, 0, 0, 0.54%, 0, 0, 5, 1517.58
1775224942, 293, 106, 389, 0, 0, 0.54%, 0, 0, 5, 1472.65
1775224947, 293, 235, 389, 0, 0, 0.54%, 0, 0, 5, 1548.67
1775224952, 293, 320, 389, 0, 0, 0.54%, 0, 0, 5, 1519.55
1775224957, 293, 369, 389, 0, 0, 0.54%, 0, 0, 5, 1311.22
1775224962, 294, 73, 389, 0, 0, 0.54%, 0, 0, 5, 1440.09
1775224967, 294, 106, 389, 0, 0, 0.54%, 0, 0, 5, 1603.17
1775224972, 294, 244, 389, 0, 0, 0.54%, 0, 0, 5, 1491.46
1775224978, 294, 331, 389, 0, 0, 0.54%, 0, 0, 5, 1434.45
1775224983, 295, 16, 389, 0, 0, 0.54%, 0, 0, 5, 1191.30
1775224988, 295, 83, 389, 0, 0, 0.54%, 0, 0, 5, 1483.66
1775224993, 295, 158, 389, 0, 0, 0.54%, 0, 0, 5, 1506.93
1775224998, 295, 244, 389, 0, 0, 0.54%, 0, 0, 5, 1399.48
1775225003, 295, 300, 389, 0, 0, 0.54%, 0, 0, 5, 1442.08
1775225008, 296, 9, 389, 0, 0, 0.54%, 0, 0, 5, 1375.47
1775225013, 296, 88, 389, 0, 0, 0.54%, 0, 0, 5, 1384.39
1775225018, 296, 218, 389, 0, 0, 0.54%, 0, 0, 5, 1484.71
1775225023, 296, 333, 389, 0, 0, 0.54%, 0, 0, 5, 1506.58
1775225028, 297, 73, 389, 0, 0, 0.54%, 0, 0, 5, 1543.79
1775225034, 297, 106, 389, 0, 0, 0.54%, 0, 0, 5, 1640.94
1775225039, 297, 158, 389, 0, 0, 0.54%, 0, 0, 5, 1521.08
1775225044, 297, 300, 389, 0, 0, 0.54%, 0, 0, 5, 1472.20
1775225049, 297, 387, 389, 0, 0, 0.54%, 0, 0, 5, 1384.95
1775225054, 298, 83, 389, 0, 0, 0.54%, 0, 0, 5, 1506.56
1775225059, 298, 106, 389, 0, 0, 0.54%, 0, 0, 5, 1526.63
1775225064, 298, 189, 389, 0, 0, 0.54%, 0, 0, 5, 1561.69
1775225069, 298, 311, 389, 0, 0, 0.54%, 0, 0, 5, 1366.01
1775225074, 299, 7, 389, 0, 0, 0.54%, 0, 0, 5, 1379.07
1775225079, 299, 73, 389, 0, 0, 0.54%, 0, 0, 5, 1403.65
1775225084, 299, 93, 389, 0, 0, 0.54%, 0, 0, 5, 1405.03
1775225089, 299, 158, 389, 0, 0, 0.54%, 0, 0, 5, 1480.20
1775225094, 299, 304, 389, 0, 0, 0.54%, 0, 0, 5, 1368.20
1775225100, 299, 361, 389, 0, 0, 0.54%, 0, 0, 5, 1212.49
1775225105, 299, 386, 389, 0, 0, 0.54%, 0, 0, 5, 1095.65
1775225110, 300, 86, 389, 0, 0, 0.54%, 0, 0, 5, 1527.14
1775225115, 300, 139, 389, 0, 0, 0.54%, 0, 0, 5, 1544.42
1775225120, 300, 294, 389, 0, 0, 0.54%, 0, 0, 5, 1314.46
1775225125, 301, 7, 389, 0, 0, 0.54%, 0, 0, 5, 1277.29
1775225130, 301, 86, 389, 0, 0, 0.54%, 0, 0, 5, 1422.59
1775225135, 301, 124, 389, 0, 0, 0.54%, 0, 0, 5, 1487.78
1775225140, 301, 210, 389, 0, 0, 0.54%, 0, 0, 5, 1434.16
1775225146, 301, 287, 389, 0, 0, 0.54%, 0, 0, 5, 1425.96
1775225151, 301, 361, 389, 0, 0, 0.54%, 0, 0, 5, 1301.62
1775225156, 302, 83, 389, 0, 0, 0.54%, 0, 0, 5, 1429.42
1775225161, 302, 158, 389, 0, 0, 0.54%, 0, 0, 5, 1483.62
1775225166, 302, 215, 389, 0, 0, 0.54%, 0, 0, 5, 1464.26
1775225171, 302, 303, 389, 0, 0, 0.54%, 0, 0, 5, 1319.10
1775225176, 303, 5, 389, 0, 0, 0.54%, 0, 0, 5, 1331.02
1775225181, 303, 86, 389, 0, 0, 0.54%, 0, 0, 5, 1406.74
1775225186, 303, 151, 389, 0, 0, 0.54%, 0, 0, 5, 1423.46
1775225191, 303, 261, 389, 0, 0, 0.54%, 0, 0, 5, 1405.82
1775225196, 303, 337, 389, 0, 0, 0.54%, 0, 0, 5, 1332.40
1775225202, 304, 27, 389, 0, 0, 0.54%, 0, 0, 5, 1188.92
1775225207, 304, 83, 389, 0, 0, 0.54%, 0, 0, 5, 1418.92
1775225212, 304, 109, 389, 0, 0, 0.54%, 0, 0, 5, 1494.53
1775225217, 304, 165, 389, 0, 0, 0.54%, 0, 0, 5, 1432.61
1775225222, 304, 333, 389, 0, 0, 0.54%, 0, 0, 5, 1342.16
1775225227, 305, 51, 389, 0, 0, 0.54%, 0, 0, 5, 1121.95
1775225232, 305, 88, 389, 0, 0, 0.54%, 0, 0, 5, 1419.33
1775225237, 305, 119, 389, 0, 0, 0.54%, 0, 0, 5, 1476.24
1775225242, 305, 173, 389, 0, 0, 0.54%, 0, 0, 5, 1437.96
1775225247, 305, 207, 389, 0, 0, 0.54%, 0, 0, 5, 1402.90
1775225252, 305, 329, 389, 0, 0, 0.54%, 0, 0, 5, 1371.51
1775225257, 306, 33, 389, 0, 0, 0.54%, 0, 0, 5, 1271.44
1775225262, 306, 83, 389, 0, 0, 0.54%, 0, 0, 5, 1419.69
1775225268, 306, 118, 389, 0, 0, 0.54%, 0, 0, 5, 1413.41
1775225273, 306, 289, 389, 0, 0, 0.54%, 0, 0, 5, 1523.87
1775225278, 306, 383, 389, 0, 0, 0.54%, 0, 0, 5, 1262.48
1775225283, 307, 73, 389, 0, 0, 0.54%, 0, 0, 5, 1310.46
1775225288, 307, 131, 389, 0, 0, 0.54%, 0, 0, 5, 1447.97
1775225293, 307, 235, 389, 0, 0, 0.54%, 0, 0, 5, 1438.78
1775225298, 307, 323, 389, 0, 0, 0.54%, 0, 0, 5, 1379.16
1775225303, 308, 57, 389, 0, 0, 0.54%, 0, 0, 5, 1430.14
1775225308, 308, 93, 389, 0, 0, 0.54%, 0, 0, 5, 1443.32
1775225313, 308, 176, 389, 0, 0, 0.54%, 0, 0, 5, 1393.58
1775225318, 308, 278, 389, 0, 0, 0.54%, 0, 0, 5, 1569.99
1775225323, 308, 333, 389, 0, 0, 0.54%, 0, 0, 5, 1441.65
1775225329, 309, 51, 389, 0, 0, 0.54%, 0, 0, 5, 1456.38
1775225334, 309, 93, 389, 0, 0, 0.54%, 0, 0, 5, 1475.61
1775225339, 309, 158, 389, 0, 0, 0.54%, 0, 0, 5, 1465.86
1775225344, 309, 203, 389, 0, 0, 0.54%, 0, 0, 5, 1310.76
1775225349, 309, 287, 389, 0, 0, 0.54%, 0, 0, 5, 1367.44
1775225354, 309, 316, 389, 0, 0, 0.54%, 0, 0, 5, 1428.61
1775225359, 310, 45, 389, 0, 0, 0.54%, 0, 0, 5, 1440.09
1775225364, 310, 88, 389, 0, 0, 0.54%, 0, 0, 5, 1569.31
1775225369, 310, 127, 389, 0, 0, 0.54%, 0, 0, 5, 1601.29
1775225374, 310, 256, 389, 0, 0, 0.54%, 0, 0, 5, 1512.29
1775225379, 310, 312, 389, 0, 0, 0.54%, 0, 0, 5, 1443.91
1775225385, 311, 74, 389, 0, 0, 0.54%, 0, 0, 5, 1419.69
1775225390, 311, 102, 389, 0, 0, 0.54%, 0, 0, 5, 1455.13
1775225395, 311, 175, 389, 0, 0, 0.54%, 0, 0, 5, 1407.61
1775225400, 311, 278, 389, 0, 0, 0.54%, 0, 0, 5, 1274.70
1775225405, 311, 369, 389, 0, 0, 0.54%, 0, 0, 5, 1268.94
1775225410, 312, 38, 389, 0, 0, 0.54%, 0, 0, 5, 1348.91
1775225415, 312, 75, 389, 0, 0, 0.54%, 0, 0, 5, 1459.62
1775225420, 312, 106, 389, 0, 0, 0.54%, 0, 0, 5, 1513.13
1775225425, 312, 286, 389, 0, 0, 0.54%, 0, 0, 5, 1508.95
1775225431, 312, 337, 389, 0, 0, 0.54%, 0, 0, 5, 1447.20
1775225436, 313, 51, 389, 0, 0, 0.54%, 0, 0, 5, 1463.76
1775225441, 313, 88, 389, 0, 0, 0.54%, 0, 0, 5, 1496.67
1775225446, 313, 253, 389, 0, 0, 0.54%, 0, 0, 5, 1475.64
1775225451, 313, 312, 389, 0, 0, 0.54%, 0, 0, 5, 1404.86
1775225456, 313, 342, 389, 0, 0, 0.54%, 0, 0, 5, 1325.95
1775225461, 313, 388, 389, 0, 0, 0.54%, 0, 0, 5, 1228.84
1775225466, 314, 29, 389, 0, 0, 0.54%, 0, 0, 5, 1404.14
1775225471, 314, 83, 389, 0, 0, 0.54%, 0, 0, 5, 1452.86
1775225476, 314, 111, 389, 0, 0, 0.54%, 0, 0, 5, 1385.81
1775225481, 314, 304, 389, 0, 0, 0.54%, 0, 0, 5, 1428.85
1775225486, 314, 382, 389, 0, 0, 0.54%, 0, 0, 5, 1156.82
1775225492, 315, 57, 389, 0, 0, 0.54%, 0, 0, 5, 1393.17
1775225497, 315, 95, 389, 0, 0, 0.54%, 0, 0, 5, 1459.71
1775225502, 315, 158, 389, 0, 0, 0.54%, 0, 0, 5, 1541.80
1775225507, 315, 249, 389, 0, 0, 0.54%, 0, 0, 5, 1442.13
1775225512, 315, 337, 389, 0, 0, 0.54%, 0, 0, 5, 1415.39
1775225517, 316, 17, 389, 0, 0, 0.54%, 0, 0, 5, 1305.73
1775225522, 316, 73, 389, 0, 0, 0.54%, 0, 0, 5, 1400.23
1775225527, 316, 106, 389, 0, 0, 0.54%, 0, 0, 5, 1459.94
1775225532, 316, 170, 389, 0, 0, 0.54%, 0, 0, 5, 1376.18
1775225537, 316, 237, 389, 0, 0, 0.54%, 0, 0, 5, 1404.14
1775225543, 316, 287, 389, 0, 0, 0.54%, 0, 0, 5, 1455.28
1775225548, 316, 348, 389, 0, 0, 0.54%, 0, 0, 5, 1371.44
1775225553, 317, 51, 389, 0, 0, 0.54%, 0, 0, 5, 1450.13
1775225558, 317, 86, 389, 0, 0, 0.54%, 0, 0, 5, 1465.27
1775225563, 317, 129, 389, 0, 0, 0.54%, 0, 0, 5, 1492.93
1775225568, 317, 287, 389, 0, 0, 0.54%, 0, 0, 5, 1465.20
1775225573, 317, 373, 389, 0, 0, 0.54%, 0, 0, 5, 1296.01
1775225578, 318, 57, 389, 0, 0, 0.54%, 0, 0, 5, 1348.30
1775225583, 318, 103, 389, 0, 0, 0.54%, 0, 0, 5, 1429.41
1775225588, 318, 228, 389, 0, 0, 0.54%, 0, 0, 5, 1463.55
1775225593, 318, 312, 389, 0, 0, 0.54%, 0, 0, 5, 1429.74
1775225598, 318, 353, 389, 0, 0, 0.54%, 0, 0, 5, 1316.79
1775225603, 319, 73, 389, 0, 0, 0.54%, 0, 0, 5, 1362.59
1775225608, 319, 106, 389, 0, 0, 0.54%, 0, 0, 5, 1416.22
1775225613, 319, 200, 389, 0, 0, 0.54%, 0, 0, 5, 1547.03
1775225619, 319, 311, 389, 0, 0, 0.54%, 0, 0, 5, 1461.82
1775225624, 320, 57, 389, 0, 0, 0.54%, 0, 0, 5, 1463.06
1775225629, 320, 93, 389, 0, 0, 0.54%, 0, 0, 5, 1487.50
1775225634, 320, 157, 389, 0, 0, 0.54%, 0, 0, 5, 1468.87
1775225639, 320, 312, 389, 0, 0, 0.54%, 0, 0, 5, 1480.42
1775225644, 321, 57, 389, 0, 0, 0.54%, 0, 0, 5, 1412.52
1775225649, 321, 93, 389, 0, 0, 0.54%, 0, 0, 5, 1515.31
1775225654, 321, 211, 389, 0, 0, 0.54%, 0, 0, 5, 1403.26
1775225659, 321, 312, 389, 0, 0, 0.54%, 0, 0, 5, 1379.19
1775225664, 322, 44, 389, 0, 0, 0.54%, 0, 0, 5, 1471.52
1775225669, 322, 86, 389, 0, 0, 0.54%, 0, 0, 5, 1556.51
1775225674, 322, 151, 389, 0, 0, 0.54%, 0, 0, 5, 1531.93
1775225680, 322, 221, 389, 0, 0, 0.54%, 0, 0, 5, 1412.08
1775225685, 322, 323, 389, 0, 0, 0.54%, 0, 0, 5, 1423.10
1775225690, 322, 380, 389, 0, 0, 0.54%, 0, 0, 5, 1164.47
1775225695, 323, 66, 389, 0, 0, 0.54%, 0, 0, 5, 1404.26
1775225700, 323, 106, 389, 0, 0, 0.54%, 0, 0, 5, 1567.50
1775225705, 323, 199, 389, 0, 0, 0.54%, 0, 0, 5, 1401.64
1775225710, 323, 286, 389, 0, 0, 0.54%, 0, 0, 5, 1448.90
1775225715, 323, 344, 389, 0, 0, 0.54%, 0, 0, 5, 1388.01
1775225720, 324, 52, 389, 0, 0, 0.54%, 0, 0, 5, 1311.72
1775225725, 324, 81, 389, 0, 0, 0.54%, 0, 0, 5, 1519.93
1775225730, 324, 106, 389, 0, 0, 0.54%, 0, 0, 5, 1370.90
1775225735, 324, 219, 389, 0, 0, 0.54%, 0, 0, 5, 1492.03
1775225740, 324, 372, 389, 0, 0, 0.54%, 0, 0, 5, 1351.42
1775225745, 325, 47, 389, 0, 0, 0.54%, 0, 0, 5, 1465.37
1775225751, 325, 93, 389, 0, 0, 0.54%, 0, 0, 5, 1527.78
1775225756, 325, 119, 389, 0, 0, 0.54%, 0, 0, 5, 1445.77
1775225761, 325, 171, 389, 0, 0, 0.54%, 0, 0, 5, 1472.54
1775225766, 325, 278, 389, 0, 0, 0.54%, 0, 0, 5, 1482.58
1775225771, 325, 302, 389, 0, 0, 0.54%, 0, 0, 5, 1329.10
1775225776, 325, 348, 389, 0, 0, 0.54%, 0, 0, 5, 1325.22
1775225781, 326, 55, 389, 0, 0, 0.54%, 0, 0, 5, 1438.04
1775225786, 326, 88, 389, 0, 0, 0.54%, 0, 0, 5, 1515.58
1775225791, 326, 139, 389, 0, 0, 0.54%, 0, 0, 5, 1480.64
1775225796, 326, 233, 389, 0, 0, 0.54%, 0, 0, 5, 1442.65
1775225801, 326, 304, 389, 0, 0, 0.54%, 0, 0, 5, 1468.17
1775225806, 326, 356, 389, 0, 0, 0.54%, 0, 0, 5, 1360.63
1775225811, 326, 387, 389, 0, 0, 0.54%, 0, 0, 5, 1176.23
1775225817, 327, 31, 389, 0, 0, 0.54%, 0, 0, 5, 1432.03
1775225822, 327, 87, 389, 0, 0, 0.54%, 0, 0, 5, 1506.32
1775225827, 327, 132, 389, 0, 0, 0.54%, 0, 0, 5, 1539.23
1775225832, 327, 232, 389, 0, 0, 0.54%, 0, 0, 5, 1506.29
1775225837, 327, 311, 389, 0, 0, 0.54%, 0, 0, 5, 1415.77
1775225842, 328, 51, 389, 0, 0, 0.54%, 0, 0, 5, 1744.65
1775225847, 328, 78, 389, 0, 0, 0.54%, 0, 0, 5, 1553.80
1775225852, 328, 106, 389, 0, 0, 0.54%, 0, 0, 5, 1402.45
1775225857, 328, 222, 389, 0, 0, 0.54%, 0, 0, 5, 1453.09
1775225863, 328, 337, 389, 0, 0, 0.54%, 0, 0, 5, 1408.13
1775225868, 329, 73, 389, 0, 0, 0.54%, 0, 0, 5, 1532.91
1775225873, 329, 106, 389, 0, 0, 0.54%, 0, 0, 5, 1530.11
1775225878, 329, 189, 389, 0, 0, 0.54%, 0, 0, 5, 1507.71
1775225883, 329, 290, 389, 0, 0, 0.54%, 0, 0, 5, 1528.97
1775225888, 329, 349, 389, 0, 0, 0.54%, 0, 0, 5, 1405.86
1775225893, 330, 57, 389, 0, 0, 0.54%, 0, 0, 5, 1347.10
1775225898, 330, 88, 389, 0, 0, 0.54%, 0, 0, 5, 1366.72
1775225903, 330, 244, 389, 0, 0, 0.54%, 0, 0, 5, 1525.19
1775225908, 330, 327, 389, 0, 0, 0.54%, 0, 0, 5, 1474.43
1775225913, 331, 49, 389, 0, 0, 0.54%, 0, 0, 5, 1440.94
1775225918, 331, 86, 389, 0, 0, 0.54%, 0, 0, 5, 1501.15
1775225924, 331, 133, 389, 0, 0, 0.54%, 0, 0, 5, 1401.18
1775225929, 331, 210, 389, 0, 0, 0.54%, 0, 0, 5, 1465.18
1775225934, 331, 337, 389, 0, 0, 0.54%, 0, 0, 5, 1410.73
1775225939, 332, 34, 389, 0, 0, 0.54%, 0, 0, 5, 1265.18
1775225944, 332, 86, 389, 0, 0, 0.54%, 0, 0, 5, 1479.41
1775225949, 332, 244, 389, 0, 0, 0.54%, 0, 0, 5, 1521.33
1775225954, 332, 353, 389, 0, 0, 0.54%, 0, 0, 5, 1328.07
1775225959, 333, 50, 389, 0, 0, 0.54%, 0, 0, 5, 1246.10
1775225964, 333, 83, 389, 0, 0, 0.54%, 0, 0, 5, 1489.34
1775225969, 333, 101, 389, 0, 0, 0.54%, 0, 0, 5, 1630.00
1775225974, 333, 148, 389, 0, 0, 0.54%, 0, 0, 5, 1546.52
1775225979, 333, 228, 389, 0, 0, 0.54%, 0, 0, 5, 1525.93
1775225985, 333, 312, 389, 0, 0, 0.54%, 0, 0, 5, 1419.67
1775225990, 334, 32, 389, 0, 0, 0.54%, 0, 0, 5, 1436.38
1775225995, 334, 73, 389, 0, 0, 0.54%, 0, 0, 5, 1410.75
1775226000, 334, 138, 389, 0, 0, 0.54%, 0, 0, 5, 1513.50
1775226005, 334, 187, 389, 0, 0, 0.54%, 0, 0, 5, 1437.26
1775226010, 334, 287, 389, 0, 0, 0.54%, 0, 0, 5, 1380.72
1775226015, 334, 375, 389, 0, 0, 0.54%, 0, 0, 5, 1222.72
1775226020, 335, 61, 389, 0, 0, 0.54%, 0, 0, 5, 1541.87
1775226025, 335, 93, 389, 0, 0, 0.54%, 0, 0, 5, 1522.26
1775226030, 335, 158, 389, 0, 0, 0.54%, 0, 0, 5, 1495.77
1775226035, 335, 312, 389, 0, 0, 0.54%, 0, 0, 5, 1480.21
1775226040, 336, 1, 389, 0, 0, 0.54%, 0, 0, 5, 1437.74
1775226046, 336, 73, 389, 0, 0, 0.54%, 0, 0, 5, 1369.00
1775226051, 336, 93, 389, 0, 0, 0.54%, 0, 0, 5, 1522.56
1775226056, 336, 244, 389, 0, 0, 0.54%, 0, 0, 5, 1464.13
1775226061, 336, 288, 389, 0, 0, 0.54%, 0, 0, 5, 1524.04
1775226066, 336, 369, 389, 0, 0, 0.54%, 0, 0, 5, 1387.16
1775226071, 337, 57, 389, 0, 0, 0.54%, 0, 0, 5, 1301.75
1775226076, 337, 93, 389, 0, 0, 0.54%, 0, 0, 5, 1463.64
1775226081, 337, 186, 389, 0, 0, 0.54%, 0, 0, 5, 1409.33
1775226086, 337, 325, 389, 0, 0, 0.54%, 0, 0, 5, 1368.56
1775226091, 338, 83, 389, 0, 0, 0.54%, 0, 0, 5, 1441.21
1775226096, 338, 93, 389, 0, 0, 0.54%, 0, 0, 5, 1442.56
1775226101, 338, 262, 389, 0, 0, 0.54%, 0, 0, 5, 1444.30
1775226107, 338, 333, 389, 0, 0, 0.54%, 0, 0, 5, 1380.77
1775226112, 339, 57, 389, 0, 0, 0.54%, 0, 0, 5, 1383.06
1775226117, 339, 87, 389, 0, 0, 0.54%, 0, 0, 5, 1430.18
1775226122, 339, 111, 389, 0, 0, 0.54%, 0, 0, 5, 1385.56
1775226127, 339, 193, 389, 0, 0, 0.54%, 0, 0, 5, 1420.79
1775226132, 339, 333, 389, 0, 0, 0.54%, 0, 0, 5, 1421.42
1775226137, 340, 30, 389, 0, 0, 0.54%, 0, 0, 5, 1155.91
1775226142, 340, 76, 389, 0, 0, 0.54%, 0, 0, 5, 1449.95
1775226147, 340, 88, 389, 0, 0, 0.54%, 0, 0, 5, 1516.27
1775226153, 340, 106, 389, 0, 0, 0.54%, 0, 0, 5, 1509.95
1775226158, 340, 287, 389, 0, 0, 0.54%, 0, 0, 5, 1378.59
1775226163, 340, 347, 389, 0, 0, 0.54%, 0, 0, 5, 1458.53
1775226168, 341, 52, 389, 0, 0, 0.54%, 0, 0, 5, 1449.56
1775226173, 341, 88, 389, 0, 0, 0.54%, 0, 0, 5, 1528.92
1775226178, 341, 158, 389, 0, 0, 0.54%, 0, 0, 5, 1589.13
1775226183, 341, 304, 389, 0, 0, 0.54%, 0, 0, 5, 1510.11
1775226189, 342, 57, 389, 0, 0, 0.54%, 0, 0, 5, 1451.38
1775226194, 342, 93, 389, 0, 0, 0.54%, 0, 0, 5, 1545.98
1775226199, 342, 124, 389, 0, 0, 0.54%, 0, 0, 5, 1522.05
1775226204, 342, 201, 389, 0, 0, 0.54%, 0, 0, 5, 1509.01
1775226209, 343, 5, 389, 0, 0, 0.54%, 0, 0, 5, 1403.76
1775226214, 343, 80, 389, 0, 0, 0.54%, 0, 0, 5, 1547.63
1775226219, 343, 106, 389, 0, 0, 0.54%, 0, 0, 5, 1437.41
1775226224, 343, 174, 389, 0, 0, 0.54%, 0, 0, 5, 1480.22
1775226229, 343, 277, 389, 0, 0, 0.54%, 0, 0, 5, 1518.29
1775226234, 343, 333, 389, 0, 0, 0.54%, 0, 0, 5, 1407.02
1775226239, 344, 83, 389, 0, 0, 0.54%, 0, 0, 5, 1474.81
1775226244, 344, 109, 389, 0, 0, 0.54%, 0, 0, 5, 1503.59
1775226249, 344, 158, 389, 0, 0, 0.54%, 0, 0, 5, 1503.83
1775226255, 344, 287, 389, 0, 0, 0.54%, 0, 0, 5, 1537.56
1775226260, 344, 381, 389, 0, 0, 0.54%, 0, 0, 5, 1453.78
1775226265, 345, 73, 389, 0, 0, 0.54%, 0, 0, 5, 1547.49
1775226270, 345, 106, 389, 0, 0, 0.54%, 0, 0, 5, 1421.61
1775226275, 345, 182, 389, 0, 0, 0.54%, 0, 0, 5, 1385.34
1775226280, 345, 274, 389, 0, 0, 0.54%, 0, 0, 5, 1361.48
1775226285, 345, 311, 389, 0, 0, 0.54%, 0, 0, 5, 1363.27
1775226290, 346, 46, 389, 0, 0, 0.54%, 0, 0, 5, 1343.29
1775226295, 346, 88, 389, 0, 0, 0.54%, 0, 0, 5, 1528.29
1775226300, 346, 257, 389, 0, 0, 0.54%, 0, 0, 5, 1487.01
1775226305, 346, 305, 389, 0, 0, 0.54%, 0, 0, 5, 1463.92
1775226310, 347, 22, 389, 0, 0, 0.54%, 0, 0, 5, 1445.91
1775226315, 347, 85, 389, 0, 0, 0.54%, 0, 0, 5, 1510.48
1775226320, 347, 146, 389, 0, 0, 0.54%, 0, 0, 5, 1450.26
1775226325, 347, 208, 389, 0, 0, 0.54%, 0, 0, 5, 1510.27
1775226331, 347, 381, 389, 0, 0, 0.54%, 0, 0, 5, 1414.77
1775226336, 348, 57, 389, 0, 0, 0.54%, 0, 0, 5, 1541.01
1775226341, 348, 106, 389, 0, 0, 0.54%, 0, 0, 5, 1551.68
1775226346, 348, 268, 389, 0, 0, 0.54%, 0, 0, 5, 1479.84
1775226351, 348, 311, 389, 0, 0, 0.54%, 0, 0, 5, 1415.03
1775226356, 349, 63, 389, 0, 0, 0.54%, 0, 0, 5, 1471.85
1775226361, 349, 93, 389, 0, 0, 0.54%, 0, 0, 5, 1532.29
1775226366, 349, 161, 389, 0, 0, 0.54%, 0, 0, 5, 1458.28
1775226371, 349, 292, 389, 0, 0, 0.54%, 0, 0, 5, 1399.40
1775226376, 350, 2, 389, 0, 0, 0.54%, 0, 0, 5, 1328.67
1775226381, 350, 58, 389, 0, 0, 0.54%, 0, 0, 5, 1399.17
1775226386, 350, 83, 389, 0, 0, 0.54%, 0, 0, 5, 1408.75
1775226391, 350, 110, 389, 0, 0, 0.54%, 0, 0, 5, 1377.86
1775226396, 350, 209, 389, 0, 0, 0.54%, 0, 0, 5, 1521.15
1775226401, 350, 287, 389, 0, 0, 0.54%, 0, 0, 5, 1486.46
1775226406, 350, 354, 389, 0, 0, 0.54%, 0, 0, 5, 1312.65
1775226412, 351, 45, 389, 0, 0, 0.54%, 0, 0, 5, 1337.35
1775226417, 351, 86, 389, 0, 0, 0.54%, 0, 0, 5, 1395.80
1775226422, 351, 136, 389, 0, 0, 0.54%, 0, 0, 5, 1491.43
1775226427, 351, 287, 389, 0, 0, 0.54%, 0, 0, 5, 1368.19
1775226432, 351, 378, 389, 0, 0, 0.54%, 0, 0, 5, 1340.01
1775226437, 352, 54, 389, 0, 0, 0.54%, 0, 0, 5, 1443.87
1775226442, 352, 86, 389, 0, 0, 0.54%, 0, 0, 5, 1557.19
1775226447, 352, 158, 389, 0, 0, 0.54%, 0, 0, 5, 1571.01
1775226452, 352, 281, 389, 0, 0, 0.54%, 0, 0, 5, 1406.87
1775226458, 352, 333, 389, 0, 0, 0.54%, 0, 0, 5, 1387.94
1775226463, 353, 57, 389, 0, 0, 0.54%, 0, 0, 5, 1531.38
1775226468, 353, 88, 389, 0, 0, 0.54%, 0, 0, 5, 1501.79
1775226473, 353, 178, 389, 0, 0, 0.54%, 0, 0, 5, 1588.87
1775226478, 353, 248, 389, 0, 0, 0.54%, 0, 0, 5, 1492.25
1775226483, 353, 383, 389, 0, 0, 0.54%, 0, 0, 5, 1288.11
1775226488, 354, 57, 389, 0, 0, 0.54%, 0, 0, 5, 1389.50
1775226493, 354, 99, 389, 0, 0, 0.54%, 0, 0, 5, 1506.04
1775226498, 354, 171, 389, 0, 0, 0.54%, 0, 0, 5, 1502.08
1775226503, 354, 300, 389, 0, 0, 0.54%, 0, 0, 5, 1452.44
1775226508, 355, 8, 389, 0, 0, 0.54%, 0, 0, 5, 1411.98
1775226514, 355, 75, 389, 0, 0, 0.54%, 0, 0, 5, 1507.28
1775226519, 355, 101, 389, 0, 0, 0.54%, 0, 0, 5, 1466.72
1775226524, 355, 168, 389, 0, 0, 0.54%, 0, 0, 5, 1575.87
1775226529, 355, 252, 389, 0, 0, 0.54%, 0, 0, 5, 1436.48
1775226534, 355, 304, 389, 0, 0, 0.54%, 0, 0, 5, 1441.27
1775226539, 356, 47, 389, 0, 0, 0.54%, 0, 0, 5, 1323.24
1775226544, 356, 73, 389, 0, 0, 0.54%, 0, 0, 5, 1474.57
1775226549, 356, 116, 389, 0, 0, 0.54%, 0, 0, 5, 1475.14
1775226554, 356, 275, 389, 0, 0, 0.54%, 0, 0, 5, 1477.43
1775226559, 356, 317, 389, 0, 0, 0.54%, 0, 0, 5, 1436.61
1775226564, 357, 57, 389, 0, 0, 0.54%, 0, 0, 5, 1465.45
1775226569, 357, 88, 389, 0, 0, 0.54%, 0, 0, 5, 1560.05
1775226575, 357, 158, 389, 0, 0, 0.54%, 0, 0, 5, 1469.34
1775226580, 357, 275, 389, 0, 0, 0.54%, 0, 0, 5, 1507.76
1775226585, 357, 350, 389, 0, 0, 0.54%, 0, 0, 5, 1438.31
1775226590, 357, 388, 389, 0, 0, 0.54%, 0, 0, 5, 1213.48
1775226595, 358, 41, 390, 1, 0, 0.54%, 0, 0, 5, 1393.04
1775226600, 358, 86, 390, 1, 0, 0.54%, 0, 0, 5, 1474.44
1775226605, 358, 157, 390, 1, 0, 0.54%, 0, 0, 5, 1542.24
1775226610, 358, 245, 390, 1, 0, 0.54%, 0, 0, 5, 1490.63
1775226615, 358, 316, 390, 1, 0, 0.54%, 0, 0, 5, 1392.08
1775226620, 358, 388, 390, 1, 0, 0.54%, 0, 0, 5, 1369.46
1775226625, 359, 78, 390, 1, 0, 0.54%, 0, 0, 5, 1526.99
1775226631, 359, 115, 390, 1, 0, 0.54%, 0, 0, 5, 1502.50
1775226636, 359, 154, 390, 1, 0, 0.54%, 0, 0, 5, 1477.15
1775226641, 359, 253, 390, 1, 0, 0.54%, 0, 0, 5, 1410.78
1775226646, 359, 347, 390, 1, 0, 0.54%, 0, 0, 5, 1437.91
1775226651, 359, 389, 390, 1, 0, 0.54%, 0, 0, 5, 1552.67
1775226656, 360, 58, 390, 0, 0, 0.54%, 0, 0, 5, 1522.78
1775226661, 360, 93, 390, 0, 0, 0.54%, 0, 0, 5, 1495.00
1775226666, 360, 133, 390, 0, 0, 0.54%, 0, 0, 5, 1418.62
1775226671, 360, 276, 390, 0, 0, 0.54%, 0, 0, 5, 1462.67
1775226676, 360, 333, 390, 0, 0, 0.54%, 0, 0, 5, 1466.59
1775226681, 361, 41, 390, 0, 0, 0.54%, 0, 0, 5, 1301.55
1775226687, 361, 69, 390, 0, 0, 0.54%, 0, 0, 5, 1464.38
1775226692, 361, 88, 390, 0, 0, 0.54%, 0, 0, 5, 1572.90
1775226697, 361, 109, 390, 0, 0, 0.54%, 0, 0, 5, 1415.29
1775226702, 361, 176, 390, 0, 0, 0.54%, 0, 0, 5, 1455.17
1775226707, 361, 287, 390, 0, 0, 0.54%, 0, 0, 5, 1439.63
1775226712, 362, 24, 390, 0, 0, 0.54%, 0, 0, 5, 1312.47
1775226717, 362, 83, 390, 0, 0, 0.54%, 0, 0, 5, 1462.31
1775226722, 362, 133, 390, 0, 0, 0.54%, 0, 0, 5, 1472.24
1775226727, 362, 228, 390, 0, 0, 0.54%, 0, 0, 5, 1437.39
1775226732, 362, 311, 390, 0, 0, 0.54%, 0, 0, 5, 1468.11
1775226737, 362, 381, 390, 0, 0, 0.54%, 0, 0, 5, 1190.23
1775226742, 363, 51, 390, 0, 0, 0.54%, 0, 0, 5, 1448.70
1775226748, 363, 93, 390, 0, 0, 0.54%, 0, 0, 5, 1528.51
1775226753, 363, 158, 390, 0, 0, 0.54%, 0, 0, 5, 1361.41
1775226758, 363, 242, 390, 0, 0, 0.54%, 0, 0, 5, 1386.68
1775226763, 364, 20, 390, 0, 0, 0.54%, 0, 0, 5, 1388.99
1775226768, 364, 82, 390, 0, 0, 0.54%, 0, 0, 5, 1511.71
1775226773, 364, 106, 390, 0, 0, 0.54%, 0, 0, 5, 1525.50
1775226778, 364, 223, 390, 0, 0, 0.54%, 0, 0, 5, 1533.77
1775226783, 364, 333, 390, 0, 0, 0.54%, 0, 0, 5, 1422.32
1775226788, 364, 389, 390, 0, 0, 0.54%, 0, 0, 5, 1497.44
1775226793, 365, 71, 390, 0, 0, 0.54%, 0, 0, 5, 1544.51
1775226798, 365, 98, 390, 0, 0, 0.54%, 0, 0, 5, 1547.37
1775226803, 365, 200, 390, 0, 0, 0.54%, 0, 0, 5, 1521.46
1775226808, 366, 16, 390, 0, 0, 0.54%, 0, 0, 5, 1523.09
1775226814, 366, 83, 390, 0, 0, 0.54%, 0, 0, 5, 1488.00
1775226819, 366, 106, 390, 0, 0, 0.54%, 0, 0, 5, 1513.52
1775226824, 366, 156, 390, 0, 0, 0.54%, 0, 0, 5, 1519.89
1775226829, 366, 177, 390, 0, 0, 0.54%, 0, 0, 5, 1342.28
1775226834, 366, 312, 390, 0, 0, 0.54%, 0, 0, 5, 1410.82
1775226839, 367, 44, 390, 0, 0, 0.54%, 0, 0, 5, 1235.22
1775226844, 367, 83, 390, 0, 0, 0.54%, 0, 0, 5, 1453.18
1775226849, 367, 106, 390, 0, 0, 0.54%, 0, 0, 5, 1469.44
1775226854, 367, 259, 390, 0, 0, 0.54%, 0, 0, 5, 1431.61
1775226859, 367, 384, 390, 0, 0, 0.54%, 0, 0, 5, 1286.01
1775226864, 368, 83, 390, 0, 0, 0.54%, 0, 0, 5, 1492.54
1775226869, 368, 106, 390, 0, 0, 0.54%, 0, 0, 5, 1491.13
1775226875, 368, 158, 390, 0, 0, 0.54%, 0, 0, 5, 1492.64
1775226880, 368, 250, 390, 0, 0, 0.54%, 0, 0, 5, 1407.21
1775226885, 368, 337, 390, 0, 0, 0.54%, 0, 0, 5, 1317.33
1775226890, 369, 27, 390, 0, 0, 0.54%, 0, 0, 5, 1359.66
1775226895, 369, 86, 390, 0, 0, 0.54%, 0, 0, 5, 1320.32
1775226900, 369, 119, 390, 0, 0, 0.54%, 0, 0, 5, 1537.73
1775226905, 369, 312, 390, 0, 0, 0.54%, 0, 0, 5, 1467.94
1775226910, 370, 46, 390, 0, 0, 0.54%, 0, 0, 5, 1246.14
1775226916, 370, 88, 390, 0, 0, 0.54%, 0, 0, 5, 1446.51
1775226921, 370, 132, 390, 0, 0, 0.54%, 0, 0, 5, 1400.19
1775226926, 370, 202, 390, 0, 0, 0.54%, 0, 0, 5, 1322.68
1775226931, 370, 311, 390, 0, 0, 0.54%, 0, 0, 5, 1389.01
1775226936, 371, 33, 390, 0, 0, 0.54%, 0, 0, 5, 1503.91
1775226941, 371, 88, 390, 0, 0, 0.54%, 0, 0, 5, 1517.86
1775226946, 371, 138, 390, 0, 0, 0.54%, 0, 0, 5, 1536.46
1775226951, 371, 185, 390, 0, 0, 0.54%, 0, 0, 5, 1398.21
1775226956, 371, 312, 390, 0, 0, 0.54%, 0, 0, 5, 1396.21
1775226961, 372, 65, 390, 0, 0, 0.54%, 0, 0, 5, 1519.53
1775226966, 372, 93, 390, 0, 0, 0.54%, 0, 0, 5, 1534.52
1775226972, 372, 135, 390, 0, 0, 0.54%, 0, 0, 5, 1559.02
1775226977, 372, 196, 390, 0, 0, 0.54%, 0, 0, 5, 1413.01
1775226982, 372, 355, 390, 0, 0, 0.54%, 0, 0, 5, 1309.59
1775226987, 373, 57, 390, 0, 0, 0.54%, 0, 0, 5, 1358.41
1775226992, 373, 93, 390, 0, 0, 0.54%, 0, 0, 5, 1453.83
1775226997, 373, 155, 390, 0, 0, 0.54%, 0, 0, 5, 1573.76
1775227002, 373, 288, 390, 0, 0, 0.54%, 0, 0, 5, 1522.64
1775227007, 373, 389, 390, 0, 0, 0.54%, 0, 0, 5, 1366.46
1775227012, 374, 17, 390, 0, 0, 0.54%, 0, 0, 5, 1397.02
1775227018, 374, 73, 390, 0, 0, 0.54%, 0, 0, 5, 1466.71
1775227023, 374, 158, 390, 0, 0, 0.54%, 0, 0, 5, 1520.87
1775227028, 374, 204, 390, 0, 0, 0.54%, 0, 0, 5, 1415.78
1775227033, 374, 383, 390, 0, 0, 0.54%, 0, 0, 5, 1167.00
1775227038, 375, 57, 390, 0, 0, 0.54%, 0, 0, 5, 1369.01
1775227043, 375, 86, 390, 0, 0, 0.54%, 0, 0, 5, 1463.85
1775227048, 375, 107, 390, 0, 0, 0.54%, 0, 0, 5, 1419.51
1775227053, 375, 208, 390, 0, 0, 0.54%, 0, 0, 5, 1503.18
1775227058, 375, 337, 390, 0, 0, 0.54%, 0, 0, 5, 1456.03
1775227063, 376, 32, 390, 0, 0, 0.54%, 0, 0, 5, 1431.09
1775227068, 376, 88, 390, 0, 0, 0.54%, 0, 0, 5, 1551.04
1775227073, 376, 127, 390, 0, 0, 0.54%, 0, 0, 5, 1545.88
1775227079, 376, 304, 390, 0, 0, 0.54%, 0, 0, 5, 1406.14
1775227084, 376, 387, 390, 0, 0, 0.54%, 0, 0, 5, 1296.08
1775227089, 377, 51, 390, 0, 0, 0.54%, 0, 0, 5, 1418.66
1775227094, 377, 88, 390, 0, 0, 0.54%, 0, 0, 5, 1582.16
1775227099, 377, 176, 390, 0, 0, 0.54%, 0, 0, 5, 1535.85
1775227104, 377, 297, 390, 0, 0, 0.54%, 0, 0, 5, 1308.52
1775227109, 377, 362, 390, 0, 0, 0.54%, 0, 0, 5, 1265.05
1775227114, 378, 57, 390, 0, 0, 0.54%, 0, 0, 5, 1527.94
1775227120, 378, 93, 390, 0, 0, 0.54%, 0, 0, 5, 1490.02
1775227125, 378, 233, 390, 0, 0, 0.54%, 0, 0, 5, 1451.16
1775227130, 378, 322, 390, 0, 0, 0.54%, 0, 0, 5, 1442.99
1775227135, 379, 73, 390, 0, 0, 0.54%, 0, 0, 5, 1458.85
1775227140, 379, 111, 390, 0, 0, 0.54%, 0, 0, 5, 1466.58
1775227145, 379, 187, 390, 0, 0, 0.54%, 0, 0, 5, 1446.39
1775227150, 379, 337, 390, 0, 0, 0.54%, 0, 0, 5, 1355.86
1775227155, 380, 12, 390, 0, 0, 0.54%, 0, 0, 5, 1444.57
1775227160, 380, 83, 390, 0, 0, 0.54%, 0, 0, 5, 1378.59
1775227165, 380, 140, 390, 0, 0, 0.54%, 0, 0, 5, 1391.48
1775227170, 380, 304, 390, 0, 0, 0.54%, 0, 0, 5, 1378.04
1775227176, 380, 385, 390, 0, 0, 0.54%, 0, 0, 5, 1145.39
1775227181, 381, 57, 390, 0, 0, 0.54%, 0, 0, 5, 1309.02
1775227186, 381, 83, 390, 0, 0, 0.54%, 0, 0, 5, 1374.70
1775227191, 381, 106, 390, 0, 0, 0.54%, 0, 0, 5, 1386.87
1775227196, 381, 265, 390, 0, 0, 0.54%, 0, 0, 5, 1389.80
1775227201, 381, 337, 390, 0, 0, 0.54%, 0, 0, 5, 1395.23
1775227206, 382, 88, 390, 0, 0, 0.54%, 0, 0, 5, 1525.66
1775227211, 382, 225, 390, 0, 0, 0.54%, 0, 0, 5, 1559.97
1775227216, 382, 387, 390, 0, 0, 0.54%, 0, 0, 5, 1470.08
1775227221, 383, 33, 390, 0, 0, 0.54%, 0, 0, 5, 1506.76
1775227226, 383, 85, 390, 0, 0, 0.54%, 0, 0, 5, 1469.77
1775227231, 383, 145, 390, 0, 0, 0.54%, 0, 0, 5, 1465.09
1775227237, 383, 296, 390, 0, 0, 0.54%, 0, 0, 5, 1406.47
1775227242, 384, 57, 390, 0, 0, 0.54%, 0, 0, 5, 1389.38
1775227247, 384, 88, 390, 0, 0, 0.54%, 0, 0, 5, 1496.37
1775227252, 384, 161, 390, 0, 0, 0.54%, 0, 0, 5, 1451.93
1775227257, 384, 269, 390, 0, 0, 0.54%, 0, 0, 5, 1463.91
1775227262, 384, 337, 390, 0, 0, 0.54%, 0, 0, 5, 1324.14
1775227267, 385, 73, 390, 0, 0, 0.54%, 0, 0, 5, 1290.86
1775227272, 385, 88, 390, 0, 0, 0.54%, 0, 0, 5, 1434.29
1775227277, 385, 134, 390, 0, 0, 0.54%, 0, 0, 5, 1474.61
1775227283, 385, 254, 390, 0, 0, 0.54%, 0, 0, 5, 1492.31
1775227288, 385, 312, 390, 0, 0, 0.54%, 0, 0, 5, 1386.51
1775227293, 386, 9, 390, 0, 0, 0.54%, 0, 0, 5, 1313.14
1775227298, 386, 58, 390, 0, 0, 0.54%, 0, 0, 5, 1323.74
1775227303, 386, 93, 390, 0, 0, 0.54%, 0, 0, 5, 1337.33
1775227308, 386, 188, 390, 0, 0, 0.54%, 0, 0, 5, 1480.54
1775227313, 386, 287, 390, 0, 0, 0.54%, 0, 0, 5, 1443.95
1775227318, 386, 337, 390, 0, 0, 0.54%, 0, 0, 5, 1422.73
1775227323, 387, 73, 390, 0, 0, 0.54%, 0, 0, 5, 1432.61
1775227328, 387, 93, 390, 0, 0, 0.54%, 0, 0, 5, 1467.72
1775227333, 387, 182, 390, 0, 0, 0.54%, 0, 0, 5, 1501.33
1775227338, 387, 304, 390, 0, 0, 0.54%, 0, 0, 5, 1332.46
1775227343, 387, 377, 390, 0, 0, 0.54%, 0, 0, 5, 1188.42
1775227348, 388, 63, 390, 0, 0, 0.54%, 0, 0, 5, 1382.95
1775227354, 388, 106, 390, 0, 0, 0.54%, 0, 0, 5, 1535.99
1775227359, 388, 257, 390, 0, 0, 0.54%, 0, 0, 5, 1492.48
1775227364, 388, 333, 390, 0, 0, 0.54%, 0, 0, 5, 1374.98
1775227369, 389, 83, 390, 0, 0, 0.54%, 0, 0, 5, 1443.87
1775227374, 389, 106, 390, 0, 0, 0.54%, 0, 0, 5, 1377.70
1775227379, 389, 200, 390, 0, 0, 0.54%, 0, 0, 5, 1430.65
1775227384, 389, 333, 390, 0, 0, 0.54%, 0, 0, 5, 1457.93
1775227389, 390, 58, 390, 0, 0, 0.54%, 0, 0, 5, 1412.63
1775227394, 390, 85, 390, 0, 0, 0.54%, 0, 0, 5, 1514.46
1775227399, 390, 106, 390, 0, 0, 0.54%, 0, 0, 5, 1512.40
1775227404, 390, 202, 390, 0, 0, 0.54%, 0, 0, 5, 1500.28
1775227410, 390, 278, 390, 0, 0, 0.54%, 0, 0, 5, 1475.78
1775227415, 390, 337, 390, 0, 0, 0.54%, 0, 0, 5, 1490.21
1775227420, 391, 51, 390, 0, 0, 0.54%, 0, 0, 5, 1431.75
1775227425, 391, 86, 390, 0, 0, 0.54%, 0, 0, 5, 1544.69
1775227430, 391, 129, 390, 0, 0, 0.54%, 0, 0, 5, 1477.18
1775227435, 391, 203, 390, 0, 0, 0.54%, 0, 0, 5, 1357.61
1775227440, 391, 290, 390, 0, 0, 0.54%, 0, 0, 5, 1494.81
1775227445, 392, 42, 390, 0, 0, 0.54%, 0, 0, 5, 1386.36
1775227450, 392, 83, 390, 0, 0, 0.54%, 0, 0, 5, 1596.49
1775227455, 392, 106, 390, 0, 0, 0.54%, 0, 0, 5, 1465.54
1775227460, 392, 204, 390, 0, 0, 0.54%, 0, 0, 5, 1486.58
1775227465, 392, 311, 390, 0, 0, 0.54%, 0, 0, 5, 1484.82
1775227471, 393, 73, 390, 0, 0, 0.54%, 0, 0, 5, 1446.15
1775227476, 393, 84, 390, 0, 0, 0.54%, 0, 0, 5, 1387.94
1775227481, 393, 106, 390, 0, 0, 0.54%, 0, 0, 5, 1402.26
1775227486, 393, 128, 390, 0, 0, 0.54%, 0, 0, 5, 1408.62
1775227491, 393, 277, 390, 0, 0, 0.54%, 0, 0, 5, 1411.05
1775227496, 393, 335, 390, 0, 0, 0.54%, 0, 0, 5, 1464.46
1775227501, 394, 57, 390, 0, 0, 0.54%, 0, 0, 5, 1417.87
1775227507, 394, 106, 390, 0, 0, 0.54%, 0, 0, 5, 1486.67
1775227512, 394, 247, 390, 0, 0, 0.54%, 0, 0, 5, 1546.68
1775227517, 394, 333, 390, 0, 0, 0.54%, 0, 0, 5, 1450.77
1775227522, 395, 15, 390, 0, 0, 0.54%, 0, 0, 5, 1294.19
1775227527, 395, 73, 390, 0, 0, 0.54%, 0, 0, 5, 1436.68
1775227532, 395, 106, 390, 0, 0, 0.54%, 0, 0, 5, 1474.62
1775227537, 395, 287, 390, 0, 0, 0.54%, 0, 0, 5, 1477.07
1775227542, 396, 10, 390, 0, 0, 0.54%, 0, 0, 5, 1503.03
1775227547, 396, 83, 390, 0, 0, 0.54%, 0, 0, 5, 1574.79
1775227552, 396, 155, 390, 0, 0, 0.54%, 0, 0, 5, 1464.36
1775227558, 396, 217, 390, 0, 0, 0.54%, 0, 0, 5, 1429.89
1775227563, 396, 309, 390, 0, 0, 0.54%, 0, 0, 5, 1303.43
1775227568, 397, 57, 390, 0, 0, 0.54%, 0, 0, 5, 1300.61
1775227573, 397, 93, 390, 0, 0, 0.54%, 0, 0, 5, 1479.95
1775227578, 397, 155, 390, 0, 0, 0.54%, 0, 0, 5, 1401.08
1775227583, 397, 298, 390, 0, 0, 0.54%, 0, 0, 5, 1421.71
1775227588, 397, 354, 390, 0, 0, 0.54%, 0, 0, 5, 1331.63
1775227593, 398, 57, 390, 0, 0, 0.54%, 0, 0, 5, 1340.20
1775227598, 398, 88, 390, 0, 0, 0.54%, 0, 0, 5, 1459.18
1775227604, 398, 168, 390, 0, 0, 0.54%, 0, 0, 5, 1457.85
1775227609, 398, 311, 390, 0, 0, 0.54%, 0, 0, 5, 1420.10
1775227614, 399, 57, 390, 0, 0, 0.54%, 0, 0, 5, 1400.93
1775227619, 399, 93, 390, 0, 0, 0.54%, 0, 0, 5, 1469.33
1775227624, 399, 246, 390, 0, 0, 0.54%, 0, 0, 5, 1487.88
1775227629, 399, 311, 390, 0, 0, 0.54%, 0, 0, 5, 1408.78
1775227634, 400, 1, 390, 0, 0, 0.54%, 0, 0, 5, 1297.53
1775227639, 400, 83, 390, 0, 0, 0.54%, 0, 0, 5, 1404.13
1775227644, 400, 106, 390, 0, 0, 0.54%, 0, 0, 5, 1464.50
1775227649, 400, 290, 390, 0, 0, 0.54%, 0, 0, 5, 1481.93
1775227654, 401, 32, 390, 0, 0, 0.54%, 0, 0, 5, 1297.96
1775227659, 401, 83, 390, 0, 0, 0.54%, 0, 0, 5, 1432.38
1775227664, 401, 105, 390, 0, 0, 0.54%, 0, 0, 5, 1450.14
1775227669, 401, 143, 390, 0, 0, 0.54%, 0, 0, 5, 1433.94
1775227675, 401, 260, 390, 0, 0, 0.54%, 0, 0, 5, 1371.04
1775227680, 401, 337, 390, 0, 0, 0.54%, 0, 0, 5, 1433.77
1775227685, 401, 388, 390, 0, 0, 0.54%, 0, 0, 5, 1259.93
1775227690, 402, 72, 390, 0, 0, 0.54%, 0, 0, 5, 1348.03
1775227695, 402, 97, 390, 0, 0, 0.54%, 0, 0, 5, 1447.48
1775227700, 402, 163, 390, 0, 0, 0.54%, 0, 0, 5, 1467.76
1775227705, 402, 268, 390, 0, 0, 0.54%, 0, 0, 5, 1522.35
1775227710, 403, 28, 390, 0, 0, 0.54%, 0, 0, 5, 1441.69
1775227715, 403, 83, 390, 0, 0, 0.54%, 0, 0, 5, 1451.37
1775227720, 403, 106, 390, 0, 0, 0.54%, 0, 0, 5, 1451.89
1775227726, 403, 191, 390, 0, 0, 0.54%, 0, 0, 5, 1488.45
1775227731, 403, 326, 390, 0, 0, 0.54%, 0, 0, 5, 1429.31
1775227736, 403, 388, 390, 0, 0, 0.54%, 0, 0, 5, 1488.58
1775227741, 404, 93, 390, 0, 0, 0.54%, 0, 0, 5, 1565.40
1775227746, 404, 255, 390, 0, 0, 0.54%, 0, 0, 5, 1513.83
1775227751, 404, 337, 390, 0, 0, 0.54%, 0, 0, 5, 1439.06
1775227756, 405, 51, 390, 0, 0, 0.54%, 0, 0, 5, 1543.76
1775227761, 405, 99, 390, 0, 0, 0.54%, 0, 0, 5, 1648.80
1775227766, 405, 160, 390, 0, 0, 0.54%, 0, 0, 5, 1511.87
1775227772, 405, 333, 390, 0, 0, 0.54%, 0, 0, 5, 1312.24
1775227777, 406, 12, 390, 0, 0, 0.54%, 0, 0, 5, 1438.68
1775227782, 406, 73, 390, 0, 0, 0.54%, 0, 0, 5, 1426.02
1775227787, 406, 94, 390, 0, 0, 0.54%, 0, 0, 5, 1497.92
1775227792, 406, 158, 390, 0, 0, 0.54%, 0, 0, 5, 1461.83
1775227797, 406, 311, 390, 0, 0, 0.54%, 0, 0, 5, 1478.99
1775227802, 407, 57, 390, 0, 0, 0.54%, 0, 0, 5, 1432.39
1775227807, 407, 88, 390, 0, 0, 0.54%, 0, 0, 5, 1480.20
1775227813, 407, 158, 390, 0, 0, 0.54%, 0, 0, 5, 1451.81
1775227818, 407, 313, 390, 0, 0, 0.54%, 0, 0, 5, 1475.28
1775227823, 408, 5, 390, 0, 0, 0.54%, 0, 0, 5, 441.62
1775227828, 408, 83, 390, 0, 0, 0.54%, 0, 0, 5, 1217.42
1775227833, 408, 160, 390, 0, 0, 0.54%, 0, 0, 5, 1374.30
1775227838, 408, 287, 390, 0, 0, 0.54%, 0, 0, 5, 1427.80
1775227843, 408, 362, 390, 0, 0, 0.54%, 0, 0, 5, 1288.97
1775227848, 408, 388, 390, 0, 0, 0.54%, 0, 0, 5, 1304.60
1775227853, 409, 57, 390, 0, 0, 0.54%, 0, 0, 5, 1306.18
1775227858, 409, 88, 390, 0, 0, 0.54%, 0, 0, 5, 1375.92
1775227864, 409, 143, 390, 0, 0, 0.54%, 0, 0, 5, 1476.08
1775227869, 409, 211, 390, 0, 0, 0.54%, 0, 0, 5, 1334.76
1775227874, 409, 309, 390, 0, 0, 0.54%, 0, 0, 5, 1355.37
1775227879, 410, 57, 390, 0, 0, 0.54%, 0, 0, 5, 1467.33
1775227884, 410, 106, 390, 0, 0, 0.54%, 0, 0, 5, 1469.34
1775227889, 410, 173, 390, 0, 0, 0.54%, 0, 0, 5, 1428.61
1775227894, 410, 312, 390, 0, 0, 0.54%, 0, 0, 5, 1456.12
1775227899, 411, 57, 390, 0, 0, 0.54%, 0, 0, 5, 1467.40
1775227904, 411, 90, 390, 0, 0, 0.54%, 0, 0, 5, 1439.58
1775227909, 411, 158, 390, 0, 0, 0.54%, 0, 0, 5, 1520.34
1775227915, 411, 287, 390, 0, 0, 0.54%, 0, 0, 5, 1481.47
1775227920, 411, 376, 390, 0, 0, 0.54%, 0, 0, 5, 1234.38
1775227925, 412, 63, 390, 0, 0, 0.54%, 0, 0, 5, 1442.49
1775227930, 412, 88, 390, 0, 0, 0.54%, 0, 0, 5, 1494.08
1775227935, 412, 158, 390, 0, 0, 0.54%, 0, 0, 5, 1559.73
1775227940, 412, 210, 390, 0, 0, 0.54%, 0, 0, 5, 1513.89
1775227945, 412, 324, 390, 0, 0, 0.54%, 0, 0, 5, 1258.25
1775227950, 412, 388, 390, 0, 0, 0.54%, 0, 0, 5, 1297.94
1775227955, 413, 69, 390, 0, 0, 0.54%, 0, 0, 5, 1439.83
1775227960, 413, 93, 390, 0, 0, 0.54%, 0, 0, 5, 1427.35
1775227965, 413, 158, 390, 0, 0, 0.54%, 0, 0, 5, 1457.39
1775227970, 413, 222, 390, 0, 0, 0.54%, 0, 0, 5, 1415.99
1775227976, 414, 7, 390, 0, 0, 0.54%, 0, 0, 5, 1350.29
1775227981, 414, 83, 390, 0, 0, 0.54%, 0, 0, 5, 1521.61
1775227986, 414, 111, 390, 0, 0, 0.54%, 0, 0, 5, 1504.59
1775227991, 414, 257, 390, 0, 0, 0.54%, 0, 0, 5, 1468.10
1775227996, 414, 333, 390, 0, 0, 0.54%, 0, 0, 5, 1363.84
1775228001, 415, 57, 390, 0, 0, 0.54%, 0, 0, 5, 1386.68
1775228006, 415, 93, 390, 0, 0, 0.54%, 0, 0, 5, 1456.03
1775228011, 415, 187, 390, 0, 0, 0.54%, 0, 0, 5, 1419.35
1775228016, 415, 287, 390, 0, 0, 0.54%, 0, 0, 5, 1476.34
1775228021, 416, 28, 390, 0, 0, 0.54%, 0, 0, 5, 1470.85
1775228026, 416, 83, 390, 0, 0, 0.54%, 0, 0, 5, 1454.85
1775228032, 416, 106, 390, 0, 0, 0.54%, 0, 0, 5, 1449.61
1775228037, 416, 304, 390, 0, 0, 0.54%, 0, 0, 5, 1457.33
1775228042, 416, 389, 391, 1, 0, 0.54%, 0, 0, 5, 1437.63
1775228047, 417, 7, 391, 1, 0, 0.54%, 0, 0, 5, 1416.16
1775228052, 417, 71, 391, 1, 0, 0.54%, 0, 0, 5, 1426.27
1775228057, 417, 93, 391, 1, 0, 0.54%, 0, 0, 5, 1474.33
1775228062, 417, 304, 391, 1, 0, 0.54%, 0, 0, 5, 1415.75
1775228067, 418, 13, 391, 1, 0, 0.54%, 0, 0, 5, 1259.40
1775228072, 418, 88, 391, 1, 0, 0.54%, 0, 0, 5, 1535.36
1775228077, 418, 158, 391, 1, 0, 0.54%, 0, 0, 5, 1510.62
1775228083, 418, 281, 391, 1, 0, 0.54%, 0, 0, 5, 1423.25
1775228088, 418, 343, 391, 1, 0, 0.54%, 0, 0, 5, 1243.59
1775228093, 419, 5, 391, 1, 0, 0.54%, 0, 0, 5, 1156.12
1775228098, 419, 86, 391, 1, 0, 0.54%, 0, 0, 5, 1439.15
1775228103, 419, 155, 391, 1, 0, 0.54%, 0, 0, 5, 1461.26
1775228108, 419, 278, 391, 1, 0, 0.54%, 0, 0, 5, 1486.32
1775228113, 419, 337, 391, 1, 0, 0.54%, 0, 0, 5, 1357.21
1775228118, 420, 51, 391, 1, 0, 0.54%, 0, 0, 5, 1392.74
1775228123, 420, 88, 391, 1, 0, 0.54%, 0, 0, 5, 1536.04
1775228128, 420, 196, 391, 1, 0, 0.54%, 0, 0, 5, 1446.68
1775228133, 420, 256, 391, 1, 0, 0.54%, 0, 0, 5, 1379.55
1775228138, 420, 333, 391, 1, 0, 0.54%, 0, 0, 5, 1393.08
1775228143, 421, 14, 391, 1, 0, 0.54%, 0, 0, 5, 1306.74
1775228149, 421, 83, 391, 1, 0, 0.54%, 0, 0, 5, 1457.13
1775228154, 421, 106, 391, 1, 0, 0.54%, 0, 0, 5, 1383.12
1775228159, 421, 158, 391, 1, 0, 0.54%, 0, 0, 5, 1430.71
1775228164, 421, 272, 391, 1, 0, 0.54%, 0, 0, 5, 1460.88
1775228169, 421, 308, 391, 1, 0, 0.54%, 0, 0, 5, 1259.37
1775228174, 422, 51, 391, 1, 0, 0.54%, 0, 0, 5, 1383.53
1775228179, 422, 88, 391, 1, 0, 0.54%, 0, 0, 5, 1430.39
1775228184, 422, 200, 391, 1, 0, 0.54%, 0, 0, 5, 1414.52
1775228189, 422, 317, 391, 1, 0, 0.54%, 0, 0, 5, 1440.69
1775228194, 422, 390, 391, 1, 0, 0.54%, 0, 0, 5, 62.42
1775228210, 423, 32, 391, 0, 0, 0.54%, 0, 0, 5, 1331.20
1775228215, 423, 83, 391, 0, 0, 0.54%, 0, 0, 5, 1402.33
1775228220, 423, 120, 391, 0, 0, 0.54%, 0, 0, 5, 1452.35
1775228225, 423, 234, 391, 0, 0, 0.54%, 0, 0, 5, 1392.46
1775228230, 423, 333, 391, 0, 0, 0.54%, 0, 0, 5, 1377.32
1775228235, 424, 20, 391, 0, 0, 0.54%, 0, 0, 5, 1296.95
1775228240, 424, 88, 391, 0, 0, 0.54%, 0, 0, 5, 1464.81
1775228245, 424, 232, 391, 0, 0, 0.54%, 0, 0, 5, 1422.45
1775228250, 424, 368, 391, 0, 0, 0.54%, 0, 0, 5, 1236.96
1775228255, 425, 73, 391, 0, 0, 0.54%, 0, 0, 5, 1431.10
1775228261, 425, 105, 391, 0, 0, 0.54%, 0, 0, 5, 1476.75
1775228266, 425, 242, 391, 0, 0, 0.54%, 0, 0, 5, 1420.75
1775228271, 425, 312, 391, 0, 0, 0.54%, 0, 0, 5, 1389.40
1775228276, 426, 57, 391, 0, 0, 0.54%, 0, 0, 5, 1415.26
1775228281, 426, 88, 391, 0, 0, 0.54%, 0, 0, 5, 1558.14
1775228286, 426, 112, 391, 0, 0, 0.54%, 0, 0, 5, 1496.33
1775228291, 426, 193, 391, 0, 0, 0.54%, 0, 0, 5, 1456.51
1775228296, 426, 233, 391, 0, 0, 0.54%, 0, 0, 5, 1328.51
1775228302, 426, 282, 391, 0, 0, 0.54%, 0, 0, 5, 1537.93
1775228307, 426, 337, 391, 0, 0, 0.54%, 0, 0, 5, 1482.71
1775228312, 427, 18, 391, 0, 0, 0.54%, 0, 0, 5, 1464.69
1775228317, 427, 73, 391, 0, 0, 0.54%, 0, 0, 5, 1423.73
1775228322, 427, 106, 391, 0, 0, 0.54%, 0, 0, 5, 1530.74
1775228327, 427, 192, 391, 0, 0, 0.54%, 0, 0, 5, 1492.11
1775228332, 427, 333, 391, 0, 0, 0.54%, 0, 0, 5, 1382.15
1775228337, 428, 47, 391, 0, 0, 0.54%, 0, 0, 5, 1416.43
1775228342, 428, 66, 391, 0, 0, 0.54%, 0, 0, 5, 1469.57
1775228347, 428, 93, 391, 0, 0, 0.54%, 0, 0, 5, 1445.15
1775228352, 428, 158, 391, 0, 0, 0.54%, 0, 0, 5, 1420.19
1775228357, 428, 251, 391, 0, 0, 0.54%, 0, 0, 5, 1440.88
1775228362, 428, 312, 391, 0, 0, 0.54%, 0, 0, 5, 1470.96
1775228368, 429, 34, 391, 0, 0, 0.54%, 0, 0, 5, 1491.42
1775228373, 429, 83, 391, 0, 0, 0.54%, 0, 0, 5, 1454.04
1775228378, 429, 122, 391, 0, 0, 0.54%, 0, 0, 5, 1392.41
1775228383, 429, 202, 391, 0, 0, 0.54%, 0, 0, 5, 1350.90
1775228388, 429, 311, 391, 0, 0, 0.54%, 0, 0, 5, 1339.53
1775228393, 430, 48, 391, 0, 0, 0.54%, 0, 0, 5, 1323.77
1775228398, 430, 88, 391, 0, 0, 0.54%, 0, 0, 5, 1476.74
1775228403, 430, 111, 391, 0, 0, 0.54%, 0, 0, 5, 1433.05
1775228408, 430, 190, 391, 0, 0, 0.54%, 0, 0, 5, 1501.48
1775228413, 430, 304, 391, 0, 0, 0.54%, 0, 0, 5, 1388.82
1775228419, 431, 51, 391, 0, 0, 0.54%, 0, 0, 5, 1447.69
1775228424, 431, 80, 391, 0, 0, 0.54%, 0, 0, 5, 1356.38
1775228429, 431, 140, 391, 0, 0, 0.54%, 0, 0, 5, 1473.32
1775228434, 431, 287, 391, 0, 0, 0.54%, 0, 0, 5, 1483.40
1775228439, 432, 9, 391, 0, 0, 0.54%, 0, 0, 5, 1428.23
1775228444, 432, 71, 391, 0, 0, 0.54%, 0, 0, 5, 1422.42
1775228449, 432, 97, 391, 0, 0, 0.54%, 0, 0, 5, 1642.42
1775228454, 432, 242, 391, 0, 0, 0.54%, 0, 0, 5, 1541.78
1775228459, 432, 349, 391, 0, 0, 0.54%, 0, 0, 5, 1342.49
1775228464, 433, 83, 391, 0, 0, 0.54%, 0, 0, 5, 1511.08
1775228469, 433, 121, 391, 0, 0, 0.54%, 0, 0, 5, 1414.95
1775228474, 433, 156, 391, 0, 0, 0.54%, 0, 0, 5, 1327.69
1775228480, 433, 269, 391, 0, 0, 0.54%, 0, 0, 5, 1427.82
1775228485, 433, 337, 391, 0, 0, 0.54%, 0, 0, 5, 1403.78
1775228490, 434, 73, 391, 0, 0, 0.54%, 0, 0, 5, 1398.53
1775228495, 434, 106, 391, 0, 0, 0.54%, 0, 0, 5, 1341.81
1775228500, 434, 287, 391, 0, 0, 0.54%, 0, 0, 5, 1430.02
1775228505, 434, 338, 391, 0, 0, 0.54%, 0, 0, 5, 1389.26
1775228510, 435, 55, 391, 0, 0, 0.54%, 0, 0, 5, 1427.34
1775228515, 435, 88, 391, 0, 0, 0.54%, 0, 0, 5, 1466.31
1775228520, 435, 167, 391, 0, 0, 0.54%, 0, 0, 5, 1533.54
1775228525, 435, 333, 391, 0, 0, 0.54%, 0, 0, 5, 1406.66
1775228531, 435, 387, 391, 0, 0, 0.54%, 0, 0, 5, 1299.55
1775228536, 436, 73, 391, 0, 0, 0.54%, 0, 0, 5, 1354.59
1775228541, 436, 106, 391, 0, 0, 0.54%, 0, 0, 5, 1551.65
1775228546, 436, 253, 391, 0, 0, 0.54%, 0, 0, 5, 1509.03
1775228551, 436, 333, 391, 0, 0, 0.54%, 0, 0, 5, 1437.91
1775228556, 437, 49, 391, 0, 0, 0.54%, 0, 0, 5, 1308.15
1775228561, 437, 83, 391, 0, 0, 0.54%, 0, 0, 5, 1484.10
1775228566, 437, 102, 391, 0, 0, 0.54%, 0, 0, 5, 1599.87
1775228571, 437, 223, 391, 0, 0, 0.54%, 0, 0, 5, 1450.56
1775228576, 437, 333, 391, 0, 0, 0.54%, 0, 0, 5, 1446.38
1775228581, 438, 71, 391, 0, 0, 0.54%, 0, 0, 5, 1472.01
1775228586, 438, 88, 391, 0, 0, 0.54%, 0, 0, 5, 1558.36
1775228591, 438, 158, 391, 0, 0, 0.54%, 0, 0, 5, 1540.13
1775228597, 438, 213, 391, 0, 0, 0.54%, 0, 0, 5, 1412.00
1775228602, 438, 312, 391, 0, 0, 0.54%, 0, 0, 5, 1450.09
1775228607, 438, 385, 391, 0, 0, 0.54%, 0, 0, 5, 1113.26
1775228612, 439, 81, 391, 0, 0, 0.54%, 0, 0, 5, 1375.33
1775228617, 439, 106, 391, 0, 0, 0.54%, 0, 0, 5, 1493.71
1775228622, 439, 251, 391, 0, 0, 0.54%, 0, 0, 5, 1393.82
1775228627, 439, 337, 391, 0, 0, 0.54%, 0, 0, 5, 1380.52
1775228632, 439, 389, 391, 0, 0, 0.54%, 0, 0, 5, 1296.42
1775228637, 440, 83, 391, 0, 0, 0.54%, 0, 0, 5, 1577.95
1775228642, 440, 154, 391, 0, 0, 0.54%, 0, 0, 5, 1578.23
1775228648, 440, 234, 391, 0, 0, 0.54%, 0, 0, 5, 1405.29
1775228653, 440, 337, 391, 0, 0, 0.54%, 0, 0, 5, 1346.58
1775228658, 441, 80, 391, 0, 0, 0.54%, 0, 0, 5, 1418.94
1775228663, 441, 106, 391, 0, 0, 0.54%, 0, 0, 5, 1454.92
1775228668, 441, 272, 391, 0, 0, 0.54%, 0, 0, 5, 1436.23
1775228673, 441, 327, 391, 0, 0, 0.54%, 0, 0, 5, 1403.99
1775228678, 442, 51, 391, 0, 0, 0.54%, 0, 0, 5, 1302.68
1775228683, 442, 83, 391, 0, 0, 0.54%, 0, 0, 5, 1498.00
1775228688, 442, 117, 391, 0, 0, 0.54%, 0, 0, 5, 1427.05
1775228693, 442, 178, 391, 0, 0, 0.54%, 0, 0, 5, 1355.15
1775228699, 442, 311, 391, 0, 0, 0.54%, 0, 0, 5, 1448.05
1775228704, 443, 51, 391, 0, 0, 0.54%, 0, 0, 5, 1481.65
1775228709, 443, 71, 391, 0, 0, 0.54%, 0, 0, 5, 1504.86
1775228714, 443, 106, 391, 0, 0, 0.54%, 0, 0, 5, 1533.89
1775228719, 443, 260, 391, 0, 0, 0.54%, 0, 0, 5, 1467.16
1775228724, 443, 304, 391, 0, 0, 0.54%, 0, 0, 5, 1337.55
1775228729, 443, 386, 391, 0, 0, 0.54%, 0, 0, 5, 1121.33
1775228734, 444, 32, 391, 0, 0, 0.54%, 0, 0, 5, 1425.07
1775228739, 444, 86, 391, 0, 0, 0.54%, 0, 0, 5, 1504.74
1775228744, 444, 123, 391, 0, 0, 0.54%, 0, 0, 5, 1500.94
1775228750, 444, 287, 391, 0, 0, 0.54%, 0, 0, 5, 1435.80
1775228755, 444, 337, 391, 0, 0, 0.54%, 0, 0, 5, 1349.28
1775228760, 445, 57, 391, 0, 0, 0.54%, 0, 0, 5, 1444.68
1775228765, 445, 91, 391, 0, 0, 0.54%, 0, 0, 5, 1453.72
1775228770, 445, 177, 391, 0, 0, 0.54%, 0, 0, 5, 1413.97
1775228775, 445, 346, 391, 0, 0, 0.54%, 0, 0, 5, 1441.52
1775228780, 446, 73, 391, 0, 0, 0.54%, 0, 0, 5, 1394.86
1775228785, 446, 158, 391, 0, 0, 0.54%, 0, 0, 5, 1606.85
1775228790, 446, 239, 391, 0, 0, 0.54%, 0, 0, 5, 1431.05
1775228795, 446, 312, 391, 0, 0, 0.54%, 0, 0, 5, 1412.83
1775228800, 447, 76, 391, 0, 0, 0.54%, 0, 0, 5, 1515.40
1775228805, 447, 93, 391, 0, 0, 0.54%, 0, 0, 5, 1573.83
1775228810, 447, 230, 391, 0, 0, 0.54%, 0, 0, 5, 1507.16
1775228815, 447, 312, 391, 0, 0, 0.54%, 0, 0, 5, 1451.39
1775228821, 447, 389, 391, 0, 0, 0.54%, 0, 0, 5, 1531.81
1775228826, 448, 57, 391, 0, 0, 0.54%, 0, 0, 5, 1476.88
1775228831, 448, 93, 391, 0, 0, 0.54%, 0, 0, 5, 1595.84
1775228836, 448, 158, 391, 0, 0, 0.54%, 0, 0, 5, 1515.17
1775228841, 448, 287, 391, 0, 0, 0.54%, 0, 0, 5, 1568.81
1775228846, 448, 341, 391, 0, 0, 0.54%, 0, 0, 5, 1403.62
1775228851, 449, 51, 391, 0, 0, 0.54%, 0, 0, 5, 1489.03
1775228857, 449, 83, 391, 0, 0, 0.54%, 0, 0, 5, 1443.10
1775228862, 449, 148, 391, 0, 0, 0.54%, 0, 0, 5, 1502.45
1775228867, 449, 233, 391, 0, 0, 0.54%, 0, 0, 5, 1511.23
1775228872, 449, 276, 391, 0, 0, 0.54%, 0, 0, 5, 1352.23
1775228877, 449, 312, 391, 0, 0, 0.54%, 0, 0, 5, 1375.89
1775228882, 450, 51, 391, 0, 0, 0.54%, 0, 0, 5, 1391.96
1775228887, 450, 88, 391, 0, 0, 0.54%, 0, 0, 5, 1478.30
1775228892, 450, 106, 391, 0, 0, 0.54%, 0, 0, 5, 1375.43
1775228897, 450, 193, 391, 0, 0, 0.54%, 0, 0, 5, 1308.21
1775228902, 450, 277, 391, 0, 0, 0.54%, 0, 0, 5, 1392.43
1775228907, 450, 333, 391, 0, 0, 0.54%, 0, 0, 5, 1284.90
1775228913, 451, 19, 391, 0, 0, 0.54%, 0, 0, 5, 1283.69
1775228918, 451, 85, 391, 0, 0, 0.54%, 0, 0, 5, 1437.49
1775228923, 451, 106, 391, 0, 0, 0.54%, 0, 0, 5, 1285.23
1775228928, 451, 210, 391, 0, 0, 0.54%, 0, 0, 5, 1465.36
1775228933, 451, 321, 391, 0, 0, 0.54%, 0, 0, 5, 1460.54
1775228938, 452, 40, 391, 0, 0, 0.54%, 0, 0, 5, 1488.84
1775228943, 452, 93, 391, 0, 0, 0.54%, 0, 0, 5, 1532.74
1775228948, 452, 118, 391, 0, 0, 0.54%, 0, 0, 5, 1431.36
1775228953, 452, 183, 391, 0, 0, 0.54%, 0, 0, 5, 1414.01
1775228958, 452, 311, 391, 0, 0, 0.54%, 0, 0, 5, 1443.20
1775228964, 453, 24, 391, 0, 0, 0.54%, 0, 0, 5, 1651.90
1775228969, 453, 83, 391, 0, 0, 0.54%, 0, 0, 5, 1491.87
1775228974, 453, 113, 392, 1, 0, 0.54%, 0, 0, 5, 1465.59
1775228979, 453, 255, 392, 1, 0, 0.54%, 0, 0, 5, 1513.73
1775228984, 453, 313, 392, 1, 0, 0.54%, 0, 0, 5, 1464.72
1775228989, 454, 11, 392, 1, 0, 0.54%, 0, 0, 5, 1322.21
1775228994, 454, 82, 392, 1, 0, 0.54%, 0, 0, 5, 1511.99
1775228999, 454, 98, 392, 1, 0, 0.54%, 0, 0, 5, 1451.48
1775229005, 454, 186, 392, 1, 0, 0.54%, 0, 0, 5, 1443.02
1775229010, 454, 275, 392, 1, 0, 0.54%, 0, 0, 5, 1468.08
1775229015, 454, 337, 392, 1, 0, 0.54%, 0, 0, 5, 1369.03
1775229020, 454, 388, 392, 1, 0, 0.54%, 0, 0, 5, 1278.12
1775229025, 455, 83, 392, 1, 0, 0.54%, 0, 0, 5, 1488.95
1775229030, 455, 106, 392, 1, 0, 0.54%, 0, 0, 5, 1506.95
1775229035, 455, 275, 392, 1, 0, 0.54%, 0, 0, 5, 1390.17
1775229040, 455, 312, 392, 1, 0, 0.54%, 0, 0, 5, 1380.31
1775229045, 455, 391, 392, 1, 0, 0.54%, 0, 0, 5, 63.17
1775229061, 456, 28, 392, 0, 0, 0.54%, 0, 0, 5, 1354.03
1775229066, 456, 83, 392, 0, 0, 0.54%, 0, 0, 5, 1532.36
1775229071, 456, 106, 392, 0, 0, 0.54%, 0, 0, 5, 1491.91
1775229076, 456, 209, 392, 0, 0, 0.54%, 0, 0, 5, 1516.85
1775229081, 456, 255, 392, 0, 0, 0.54%, 0, 0, 5, 1377.10
1775229086, 456, 337, 392, 0, 0, 0.54%, 0, 0, 5, 1398.24
1775229091, 457, 51, 392, 0, 0, 0.54%, 0, 0, 5, 1426.47
1775229096, 457, 83, 392, 0, 0, 0.54%, 0, 0, 5, 1488.51
1775229101, 457, 118, 392, 0, 0, 0.54%, 0, 0, 5, 1479.53
1775229106, 457, 311, 392, 0, 0, 0.54%, 0, 0, 5, 1471.26
1775229112, 457, 387, 392, 0, 0, 0.54%, 0, 0, 5, 1423.89
1775229117, 458, 27, 392, 0, 0, 0.54%, 0, 0, 5, 1455.76
1775229122, 458, 83, 392, 0, 0, 0.54%, 0, 0, 5, 1558.96
1775229127, 458, 106, 392, 0, 0, 0.54%, 0, 0, 5, 1519.28
1775229132, 458, 205, 392, 0, 0, 0.54%, 0, 0, 5, 1458.33
1775229137, 458, 312, 392, 0, 0, 0.54%, 0, 0, 5, 1462.17
1775229142, 459, 57, 392, 0, 0, 0.54%, 0, 0, 5, 1535.55
1775229147, 459, 105, 392, 0, 0, 0.54%, 0, 0, 5, 1618.40
1775229152, 459, 262, 392, 0, 0, 0.54%, 0, 0, 5, 1468.11
1775229157, 459, 337, 392, 0, 0, 0.54%, 0, 0, 5, 1452.11
1775229162, 460, 57, 392, 0, 0, 0.54%, 0, 0, 5, 1279.58
1775229167, 460, 92, 392, 0, 0, 0.54%, 0, 0, 5, 1522.46
1775229173, 460, 148, 392, 0, 0, 0.54%, 0, 0, 5, 1498.28
1775229178, 460, 287, 392, 0, 0, 0.54%, 0, 0, 5, 1495.06
1775229183, 460, 337, 392, 0, 0, 0.54%, 0, 0, 5, 1402.07
1775229188, 460, 389, 392, 0, 0, 0.54%, 0, 0, 5, 1558.90
1775229193, 461, 51, 392, 0, 0, 0.54%, 0, 0, 5, 1514.83
1775229198, 461, 88, 392, 0, 0, 0.54%, 0, 0, 5, 1594.37
1775229203, 461, 164, 392, 0, 0, 0.54%, 0, 0, 5, 1542.78
1775229208, 461, 232, 392, 0, 0, 0.54%, 0, 0, 5, 1367.80
1775229213, 461, 312, 392, 0, 0, 0.54%, 0, 0, 5, 1383.71
1775229218, 462, 23, 392, 0, 0, 0.54%, 0, 0, 5, 1299.07
1775229223, 462, 73, 392, 0, 0, 0.54%, 0, 0, 5, 1412.12
1775229229, 462, 93, 392, 0, 0, 0.54%, 0, 0, 5, 1389.68
1775229234, 462, 252, 392, 0, 0, 0.54%, 0, 0, 5, 1367.19
1775229239, 462, 312, 392, 0, 0, 0.54%, 0, 0, 5, 1277.58
1775229244, 462, 387, 392, 0, 0, 0.54%, 0, 0, 5, 1454.69
1775229249, 463, 73, 392, 0, 0, 0.54%, 0, 0, 5, 1391.70
1775229254, 463, 93, 392, 0, 0, 0.54%, 0, 0, 5, 1431.93
1775229259, 463, 185, 392, 0, 0, 0.54%, 0, 0, 5, 1520.24
1775229264, 463, 237, 392, 0, 0, 0.54%, 0, 0, 5, 1452.30
1775229269, 463, 331, 392, 0, 0, 0.54%, 0, 0, 5, 1388.08
1775229275, 464, 20, 392, 0, 0, 0.54%, 0, 0, 5, 1296.78
1775229280, 464, 83, 392, 0, 0, 0.54%, 0, 0, 5, 1478.63
1775229285, 464, 123, 392, 0, 0, 0.54%, 0, 0, 5, 1477.35
1775229290, 464, 201, 392, 0, 0, 0.54%, 0, 0, 5, 1513.39
1775229295, 464, 303, 392, 0, 0, 0.54%, 0, 0, 5, 1348.62
1775229300, 464, 387, 392, 0, 0, 0.54%, 0, 0, 5, 1341.04
1775229305, 465, 57, 392, 0, 0, 0.54%, 0, 0, 5, 1430.03
1775229310, 465, 88, 392, 0, 0, 0.54%, 0, 0, 5, 1544.74
1775229315, 465, 123, 392, 0, 0, 0.54%, 0, 0, 5, 1468.44
1775229321, 465, 277, 392, 0, 0, 0.54%, 0, 0, 5, 1445.90
1775229326, 465, 318, 392, 0, 0, 0.54%, 0, 0, 5, 1352.84
1775229331, 466, 51, 392, 0, 0, 0.54%, 0, 0, 5, 1667.13
1775229336, 466, 93, 392, 0, 0, 0.54%, 0, 0, 5, 1537.84
1775229341, 466, 206, 392, 0, 0, 0.54%, 0, 0, 5, 1418.21
1775229346, 466, 274, 392, 0, 0, 0.54%, 0, 0, 5, 1398.29
1775229351, 466, 373, 392, 0, 0, 0.54%, 0, 0, 5, 1241.60
1775229356, 467, 43, 392, 0, 0, 0.54%, 0, 0, 5, 1400.04
1775229361, 467, 86, 392, 0, 0, 0.54%, 0, 0, 5, 1520.49
1775229366, 467, 143, 392, 0, 0, 0.54%, 0, 0, 5, 1500.15
1775229371, 467, 280, 392, 0, 0, 0.54%, 0, 0, 5, 1510.26
1775229377, 467, 344, 392, 0, 0, 0.54%, 0, 0, 5, 1447.94
1775229382, 468, 76, 392, 0, 0, 0.54%, 0, 0, 5, 1460.56
1775229387, 468, 106, 392, 0, 0, 0.54%, 0, 0, 5, 1350.06
1775229392, 468, 167, 392, 0, 0, 0.54%, 0, 0, 5, 1395.33
1775229397, 468, 251, 392, 0, 0, 0.54%, 0, 0, 5, 1297.98
1775229402, 468, 349, 392, 0, 0, 0.54%, 0, 0, 5, 1394.47
1775229407, 469, 48, 392, 0, 0, 0.54%, 0, 0, 5, 1253.93
1775229412, 469, 90, 392, 0, 0, 0.54%, 0, 0, 5, 1565.24
1775229418, 469, 151, 392, 0, 0, 0.54%, 0, 0, 5, 1487.51
1775229423, 469, 217, 392, 0, 0, 0.54%, 0, 0, 5, 1463.14
1775229428, 469, 333, 392, 0, 0, 0.54%, 0, 0, 5, 1390.69
1775229433, 470, 73, 392, 0, 0, 0.54%, 0, 0, 5, 1592.63
1775229438, 470, 93, 392, 0, 0, 0.54%, 0, 0, 5, 1527.19
1775229443, 470, 158, 392, 0, 0, 0.54%, 0, 0, 5, 1508.46
1775229448, 470, 274, 392, 0, 0, 0.54%, 0, 0, 5, 1538.07
1775229453, 470, 318, 392, 0, 0, 0.54%, 0, 0, 5, 1448.19
1775229459, 470, 387, 392, 0, 0, 0.54%, 0, 0, 5, 1344.71
1775229464, 471, 57, 392, 0, 0, 0.54%, 0, 0, 5, 1580.03
1775229469, 471, 89, 392, 0, 0, 0.54%, 0, 0, 5, 1496.10
1775229474, 471, 161, 392, 0, 0, 0.54%, 0, 0, 5, 1512.38
1775229479, 471, 227, 392, 0, 0, 0.54%, 0, 0, 5, 1445.05
1775229484, 472, 5, 392, 0, 0, 0.54%, 0, 0, 5, 1289.23
1775229489, 472, 86, 392, 0, 0, 0.54%, 0, 0, 5, 1434.32
1775229494, 472, 106, 392, 0, 0, 0.54%, 0, 0, 5, 1551.60
1775229499, 472, 245, 392, 0, 0, 0.54%, 0, 0, 5, 1149.40
1775229504, 472, 337, 392, 0, 0, 0.54%, 0, 0, 5, 1392.24
1775229510, 473, 83, 392, 0, 0, 0.54%, 0, 0, 5, 1473.12
1775229515, 473, 158, 392, 0, 0, 0.54%, 0, 0, 5, 1481.40
1775229520, 473, 312, 392, 0, 0, 0.54%, 0, 0, 5, 1459.23
1775229525, 474, 59, 392, 0, 0, 0.54%, 0, 0, 5, 1477.26
1775229530, 474, 88, 392, 0, 0, 0.54%, 0, 0, 5, 1576.18
1775229535, 474, 150, 392, 0, 0, 0.54%, 0, 0, 5, 1474.89
1775229540, 474, 261, 392, 0, 0, 0.54%, 0, 0, 5, 1362.92
1775229545, 474, 337, 392, 0, 0, 0.54%, 0, 0, 5, 1386.01
1775229550, 475, 63, 392, 0, 0, 0.54%, 0, 0, 5, 1391.41
1775229555, 475, 93, 392, 0, 0, 0.54%, 0, 0, 5, 1512.58
1775229561, 475, 221, 392, 0, 0, 0.54%, 0, 0, 5, 1525.54
1775229566, 475, 333, 392, 0, 0, 0.54%, 0, 0, 5, 1524.38
1775229571, 476, 51, 392, 0, 0, 0.54%, 0, 0, 5, 1345.00
1775229576, 476, 93, 392, 0, 0, 0.54%, 0, 0, 5, 1572.73
1775229581, 476, 185, 392, 0, 0, 0.54%, 0, 0, 5, 1480.72
1775229586, 476, 287, 392, 0, 0, 0.54%, 0, 0, 5, 1483.76
1775229591, 477, 7, 392, 0, 0, 0.54%, 0, 0, 5, 1281.65
1775229596, 477, 73, 392, 0, 0, 0.54%, 0, 0, 5, 1463.42
1775229601, 477, 106, 392, 0, 0, 0.54%, 0, 0, 5, 1537.32
1775229606, 477, 247, 392, 0, 0, 0.54%, 0, 0, 5, 1525.50
1775229612, 477, 320, 392, 0, 0, 0.54%, 0, 0, 5, 1496.11
1775229617, 478, 51, 392, 0, 0, 0.54%, 0, 0, 5, 1449.92
1775229622, 478, 88, 392, 0, 0, 0.54%, 0, 0, 5, 1541.03
1775229627, 478, 182, 392, 0, 0, 0.54%, 0, 0, 5, 1500.81
1775229632, 478, 252, 392, 0, 0, 0.54%, 0, 0, 5, 1385.92
1775229637, 478, 304, 392, 0, 0, 0.54%, 0, 0, 5, 1262.18
1775229642, 478, 381, 392, 0, 0, 0.54%, 0, 0, 5, 1343.30
1775229647, 479, 17, 392, 0, 0, 0.54%, 0, 0, 5, 1268.31
1775229653, 479, 88, 392, 0, 0, 0.54%, 0, 0, 5, 1297.05
1775229658, 479, 124, 392, 0, 0, 0.54%, 0, 0, 5, 1452.33
1775229663, 479, 180, 392, 0, 0, 0.54%, 0, 0, 5, 1507.02
1775229668, 479, 240, 392, 0, 0, 0.54%, 0, 0, 5, 1345.61
1775229673, 479, 337, 392, 0, 0, 0.54%, 0, 0, 5, 1341.32
1775229678, 480, 49, 392, 0, 0, 0.54%, 0, 0, 5, 1425.21
1775229683, 480, 73, 392, 0, 0, 0.54%, 0, 0, 5, 1456.13
1775229688, 480, 107, 392, 0, 0, 0.54%, 0, 0, 5, 1510.38
1775229693, 480, 203, 392, 0, 0, 0.54%, 0, 0, 5, 1422.13
1775229698, 480, 304, 392, 0, 0, 0.54%, 0, 0, 5, 1390.17
1775229703, 481, 45, 392, 0, 0, 0.54%, 0, 0, 5, 1248.16
1775229709, 481, 88, 392, 0, 0, 0.54%, 0, 0, 5, 1432.73
1775229714, 481, 148, 392, 0, 0, 0.54%, 0, 0, 5, 1426.33
1775229719, 481, 304, 392, 0, 0, 0.54%, 0, 0, 5, 1333.29
1775229724, 481, 380, 392, 0, 0, 0.54%, 0, 0, 5, 1203.11
1775229729, 482, 83, 392, 0, 0, 0.54%, 0, 0, 5, 1362.94
1775229734, 482, 106, 392, 0, 0, 0.54%, 0, 0, 5, 1520.63
1775229739, 482, 182, 392, 0, 0, 0.54%, 0, 0, 5, 1433.46
1775229744, 482, 333, 392, 0, 0, 0.54%, 0, 0, 5, 1454.87
1775229750, 483, 73, 392, 0, 0, 0.54%, 0, 0, 5, 1449.27
1775229755, 483, 106, 392, 0, 0, 0.54%, 0, 0, 5, 1585.41
1775229760, 483, 171, 392, 0, 0, 0.54%, 0, 0, 5, 1505.74
1775229765, 483, 304, 392, 0, 0, 0.54%, 0, 0, 5, 1394.03
1775229770, 484, 72, 392, 0, 0, 0.54%, 0, 0, 5, 1523.63
1775229775, 484, 88, 392, 0, 0, 0.54%, 0, 0, 5, 1520.64
1775229780, 484, 161, 392, 0, 0, 0.54%, 0, 0, 5, 1495.82
1775229785, 484, 296, 392, 0, 0, 0.54%, 0, 0, 5, 1481.67
1775229790, 484, 384, 392, 0, 0, 0.54%, 0, 0, 5, 1268.43
1775229795, 485, 64, 392, 0, 0, 0.54%, 0, 0, 5, 1446.57
1775229801, 485, 106, 392, 0, 0, 0.54%, 0, 0, 5, 1586.68
1775229806, 485, 304, 392, 0, 0, 0.54%, 0, 0, 5, 1435.42
1775229811, 485, 349, 392, 0, 0, 0.54%, 0, 0, 5, 1330.52
1775229816, 486, 51, 392, 0, 0, 0.54%, 0, 0, 5, 1511.12
1775229821, 486, 86, 392, 0, 0, 0.54%, 0, 0, 5, 1452.39
1775229826, 486, 106, 392, 0, 0, 0.54%, 0, 0, 5, 1453.30
1775229831, 486, 204, 392, 0, 0, 0.54%, 0, 0, 5, 1501.39
1775229836, 486, 312, 392, 0, 0, 0.54%, 0, 0, 5, 1423.57
1775229841, 486, 387, 392, 0, 0, 0.54%, 0, 0, 5, 1212.51
1775229846, 487, 33, 392, 0, 0, 0.54%, 0, 0, 5, 1392.88
1775229851, 487, 88, 392, 0, 0, 0.54%, 0, 0, 5, 1589.97
1775229857, 487, 106, 392, 0, 0, 0.54%, 0, 0, 5, 1483.00
1775229862, 487, 304, 392, 0, 0, 0.54%, 0, 0, 5, 1374.93
1775229867, 488, 57, 392, 0, 0, 0.54%, 0, 0, 5, 1542.53
1775229872, 488, 93, 392, 0, 0, 0.54%, 0, 0, 5, 1605.76
1775229877, 488, 198, 392, 0, 0, 0.54%, 0, 0, 5, 1578.09
1775229882, 488, 294, 392, 0, 0, 0.54%, 0, 0, 5, 1451.01
1775229887, 488, 338, 392, 0, 0, 0.54%, 0, 0, 5, 1447.29
1775229892, 489, 57, 392, 0, 0, 0.54%, 0, 0, 5, 1549.67
1775229897, 489, 91, 392, 0, 0, 0.54%, 0, 0, 5, 1549.38
1775229902, 489, 137, 392, 0, 0, 0.54%, 0, 0, 5, 1561.22
1775229907, 489, 228, 392, 0, 0, 0.54%, 0, 0, 5, 1452.28
1775229913, 489, 275, 392, 0, 0, 0.54%, 0, 0, 5, 1517.26
1775229918, 489, 348, 392, 0, 0, 0.54%, 0, 0, 5, 1458.01
1775229923, 490, 67, 392, 0, 0, 0.54%, 0, 0, 5, 1400.23
1775229928, 490, 106, 392, 0, 0, 0.54%, 0, 0, 5, 1515.23
1775229933, 490, 235, 392, 0, 0, 0.54%, 0, 0, 5, 1560.86
1775229938, 490, 312, 392, 0, 0, 0.54%, 0, 0, 5, 1393.27
1775229943, 491, 65, 392, 0, 0, 0.54%, 0, 0, 5, 1491.84
1775229948, 491, 91, 392, 0, 0, 0.54%, 0, 0, 5, 1467.61
1775229953, 491, 202, 392, 0, 0, 0.54%, 0, 0, 5, 1490.85
1775229958, 491, 287, 392, 0, 0, 0.54%, 0, 0, 5, 1401.94
1775229964, 492, 34, 392, 0, 0, 0.54%, 0, 0, 5, 1497.46
1775229969, 492, 88, 392, 0, 0, 0.54%, 0, 0, 5, 1559.50
1775229974, 492, 158, 392, 0, 0, 0.54%, 0, 0, 5, 1450.26
1775229979, 492, 241, 392, 0, 0, 0.54%, 0, 0, 5, 1420.61
1775229984, 492, 267, 392, 0, 0, 0.54%, 0, 0, 5, 1467.92
1775229989, 492, 311, 392, 0, 0, 0.54%, 0, 0, 5, 1374.80
1775229994, 493, 3, 392, 0, 0, 0.54%, 0, 0, 5, 1233.69
1775229999, 493, 58, 392, 0, 0, 0.54%, 0, 0, 5, 1416.08
1775230004, 493, 93, 392, 0, 0, 0.54%, 0, 0, 5, 1500.83
1775230009, 493, 161, 392, 0, 0, 0.54%, 0, 0, 5, 1526.71
1775230014, 493, 260, 392, 0, 0, 0.54%, 0, 0, 5, 1490.07
1775230019, 494, 24, 392, 0, 0, 0.54%, 0, 0, 5, 1440.16
1775230025, 494, 86, 392, 0, 0, 0.54%, 0, 0, 5, 1499.59
1775230030, 494, 147, 392, 0, 0, 0.54%, 0, 0, 5, 1562.12
1775230035, 494, 277, 392, 0, 0, 0.54%, 0, 0, 5, 1542.64
1775230040, 494, 337, 392, 0, 0, 0.54%, 0, 0, 5, 1371.66
1775230045, 495, 73, 392, 0, 0, 0.54%, 0, 0, 5, 1507.77
1775230050, 495, 142, 392, 0, 0, 0.54%, 0, 0, 5, 1552.41
1775230055, 495, 208, 392, 0, 0, 0.54%, 0, 0, 5, 1492.53
1775230061, 495, 333, 392, 0, 0, 0.54%, 0, 0, 5, 1477.29
1775230066, 496, 59, 392, 0, 0, 0.54%, 0, 0, 5, 1475.14
1775230071, 496, 86, 392, 0, 0, 0.54%, 0, 0, 5, 1433.16
1775230076, 496, 155, 392, 0, 0, 0.54%, 0, 0, 5, 1492.44
1775230081, 496, 310, 392, 0, 0, 0.54%, 0, 0, 5, 1444.32
1775230086, 497, 57, 392, 0, 0, 0.54%, 0, 0, 5, 1453.11
1775230091, 497, 93, 392, 0, 0, 0.54%, 0, 0, 5, 1494.77
1775230096, 497, 198, 392, 0, 0, 0.54%, 0, 0, 5, 1524.61
1775230101, 497, 257, 392, 0, 0, 0.54%, 0, 0, 5, 1546.74
1775230106, 497, 333, 392, 0, 0, 0.54%, 0, 0, 5, 1451.09
1775230111, 498, 51, 392, 0, 0, 0.54%, 0, 0, 5, 1501.48
1775230116, 498, 86, 392, 0, 0, 0.54%, 0, 0, 5, 1678.87
1775230121, 498, 139, 392, 0, 0, 0.54%, 0, 0, 5, 1554.48
1775230127, 498, 231, 392, 0, 0, 0.54%, 0, 0, 5, 1445.74
1775230132, 498, 293, 392, 0, 0, 0.54%, 0, 0, 5, 1391.22
1775230137, 498, 367, 392, 0, 0, 0.54%, 0, 0, 5, 1391.82
1775230142, 499, 73, 392, 0, 0, 0.54%, 0, 0, 5, 1477.64
1775230147, 499, 122, 392, 0, 0, 0.54%, 0, 0, 5, 1556.29
1775230152, 499, 287, 392, 0, 0, 0.54%, 0, 0, 5, 1439.57
1775230157, 499, 359, 392, 0, 0, 0.54%, 0, 0, 5, 1371.80
1775230162, 500, 0, 392, 0, 0, 0.54%, 0, 0, 5, 1466.94
1775230167, 500, 81, 392, 0, 0, 0.54%, 0, 0, 5, 1573.64
1775230172, 500, 93, 392, 0, 0, 0.54%, 0, 0, 5, 1413.28
1775230178, 500, 141, 392, 0, 0, 0.54%, 0, 0, 5, 1456.16
1775230183, 500, 242, 392, 0, 0, 0.54%, 0, 0, 5, 1519.30
1775230188, 500, 281, 392, 0, 0, 0.54%, 0, 0, 5, 1412.74
1775230193, 500, 311, 392, 0, 0, 0.54%, 0, 0, 5, 1318.90
1775230198, 501, 6, 392, 0, 0, 0.54%, 0, 0, 5, 1226.26
1775230203, 501, 88, 392, 0, 0, 0.54%, 0, 0, 5, 1527.08
1775230208, 501, 158, 392, 0, 0, 0.54%, 0, 0, 5, 1369.48
1775230213, 501, 304, 392, 0, 0, 0.54%, 0, 0, 5, 1322.38
1775230218, 501, 376, 392, 0, 0, 0.54%, 0, 0, 5, 1209.07
1775230223, 501, 389, 392, 0, 0, 0.54%, 0, 0, 5, 1492.35
1775230228, 502, 73, 392, 0, 0, 0.54%, 0, 0, 5, 1502.49
1775230233, 502, 104, 392, 0, 0, 0.54%, 0, 0, 5, 1513.39
1775230239, 502, 188, 392, 0, 0, 0.54%, 0, 0, 5, 1541.92
1775230244, 502, 312, 392, 0, 0, 0.54%, 0, 0, 5, 1396.71
1775230249, 503, 50, 392, 0, 0, 0.54%, 0, 0, 5, 1389.00
1775230254, 503, 86, 392, 0, 0, 0.54%, 0, 0, 5, 1492.49
1775230259, 503, 149, 392, 0, 0, 0.54%, 0, 0, 5, 1399.51
1775230264, 503, 263, 392, 0, 0, 0.54%, 0, 0, 5, 1500.91
1775230269, 503, 329, 392, 0, 0, 0.54%, 0, 0, 5, 1380.47
1775230274, 504, 51, 392, 0, 0, 0.54%, 0, 0, 5, 1452.33
1775230279, 504, 86, 392, 0, 0, 0.54%, 0, 0, 5, 1450.98
1775230284, 504, 133, 392, 0, 0, 0.54%, 0, 0, 5, 1430.23
1775230289, 504, 228, 392, 0, 0, 0.54%, 0, 0, 5, 1382.00
1775230294, 504, 284, 392, 0, 0, 0.54%, 0, 0, 5, 466.98
1775230299, 505, 32, 392, 0, 0, 0.54%, 0, 0, 5, 1297.68
1775230304, 505, 83, 392, 0, 0, 0.54%, 0, 0, 5, 1471.98
1775230310, 505, 115, 392, 0, 0, 0.54%, 0, 0, 5, 1463.85
1775230315, 505, 205, 392, 0, 0, 0.54%, 0, 0, 5, 1486.70
1775230320, 505, 319, 392, 0, 0, 0.54%, 0, 0, 5, 1543.58
1775230325, 506, 27, 392, 0, 0, 0.54%, 0, 0, 5, 1498.88
1775230330, 506, 83, 392, 0, 0, 0.54%, 0, 0, 5, 1483.58
1775230335, 506, 141, 392, 0, 0, 0.54%, 0, 0, 5, 1434.88
1775230340, 506, 217, 392, 0, 0, 0.54%, 0, 0, 5, 1381.39
1775230345, 506, 287, 392, 0, 0, 0.54%, 0, 0, 5, 1448.28
1775230350, 506, 384, 392, 0, 0, 0.54%, 0, 0, 5, 1241.23
1775230356, 507, 73, 392, 0, 0, 0.54%, 0, 0, 5, 1440.31
1775230361, 507, 102, 392, 0, 0, 0.54%, 0, 0, 5, 1529.30
1775230366, 507, 143, 392, 0, 0, 0.54%, 0, 0, 5, 1469.57
1775230371, 507, 241, 392, 0, 0, 0.54%, 0, 0, 5, 1462.75
1775230376, 507, 333, 392, 0, 0, 0.54%, 0, 0, 5, 1385.26
1775230381, 508, 51, 392, 0, 0, 0.54%, 0, 0, 5, 1399.34
1775230386, 508, 87, 392, 0, 0, 0.54%, 0, 0, 5, 1331.77
1775230391, 508, 141, 392, 0, 0, 0.54%, 0, 0, 5, 1365.40
1775230396, 508, 220, 392, 0, 0, 0.54%, 0, 0, 5, 1437.40
1775230401, 508, 348, 392, 0, 0, 0.54%, 0, 0, 5, 1349.95
1775230406, 509, 21, 392, 0, 0, 0.54%, 0, 0, 5, 1226.70
1775230411, 509, 64, 392, 0, 0, 0.54%, 0, 0, 5, 1438.91
1775230417, 509, 93, 392, 0, 0, 0.54%, 0, 0, 5, 1575.19
1775230422, 509, 160, 392, 0, 0, 0.54%, 0, 0, 5, 1477.34
1775230427, 509, 234, 392, 0, 0, 0.54%, 0, 0, 5, 1473.01
1775230432, 509, 333, 392, 0, 0, 0.54%, 0, 0, 5, 1430.77
1775230437, 510, 52, 392, 0, 0, 0.54%, 0, 0, 5, 1430.10
1775230442, 510, 85, 392, 0, 0, 0.54%, 0, 0, 5, 1508.67
1775230447, 510, 118, 392, 0, 0, 0.54%, 0, 0, 5, 1479.38
1775230452, 510, 266, 392, 0, 0, 0.54%, 0, 0, 5, 1503.46
1775230457, 510, 320, 392, 0, 0, 0.54%, 0, 0, 5, 1446.38
1775230462, 511, 57, 392, 0, 0, 0.54%, 0, 0, 5, 1346.81
1775230467, 511, 93, 392, 0, 0, 0.54%, 0, 0, 5, 1501.59
1775230472, 511, 177, 392, 0, 0, 0.54%, 0, 0, 5, 1471.47
1775230477, 511, 304, 392, 0, 0, 0.54%, 0, 0, 5, 1283.88
1775230482, 512, 17, 392, 0, 0, 0.54%, 0, 0, 5, 1412.58
1775230487, 512, 83, 392, 0, 0, 0.54%, 0, 0, 5, 1407.98
1775230492, 512, 119, 392, 0, 0, 0.54%, 0, 0, 5, 1433.58
1775230498, 512, 287, 392, 0, 0, 0.54%, 0, 0, 5, 1340.11
1775230503, 513, 57, 392, 0, 0, 0.54%, 0, 0, 5, 1476.41
1775230508, 513, 83, 392, 0, 0, 0.54%, 0, 0, 5, 1425.35
1775230513, 513, 106, 392, 0, 0, 0.54%, 0, 0, 5, 1465.06
1775230518, 513, 180, 392, 0, 0, 0.54%, 0, 0, 5, 1498.14
1775230523, 513, 311, 392, 0, 0, 0.54%, 0, 0, 5, 1437.97
1775230528, 514, 41, 392, 0, 0, 0.54%, 0, 0, 5, 1361.99
1775230533, 514, 83, 392, 0, 0, 0.54%, 0, 0, 5, 1534.47
1775230538, 514, 150, 392, 0, 0, 0.54%, 0, 0, 5, 1473.78
1775230543, 514, 311, 392, 0, 0, 0.54%, 0, 0, 5, 997.51
1775230548, 514, 383, 392, 0, 0, 0.54%, 0, 0, 5, 1022.65
1775230554, 515, 73, 392, 0, 0, 0.54%, 0, 0, 5, 1368.51
1775230559, 515, 106, 392, 0, 0, 0.54%, 0, 0, 5, 1526.67
1775230564, 515, 274, 392, 0, 0, 0.54%, 0, 0, 5, 1518.97
1775230569, 515, 349, 392, 0, 0, 0.54%, 0, 0, 5, 1401.74
1775230574, 516, 47, 392, 0, 0, 0.54%, 0, 0, 5, 1302.38
1775230579, 516, 83, 392, 0, 0, 0.54%, 0, 0, 5, 1403.27
1775230584, 516, 106, 392, 0, 0, 0.54%, 0, 0, 5, 1402.16
1775230589, 516, 238, 392, 0, 0, 0.54%, 0, 0, 5, 1409.14
1775230594, 516, 333, 392, 0, 0, 0.54%, 0, 0, 5, 1471.59
1775230599, 517, 83, 392, 0, 0, 0.54%, 0, 0, 5, 1590.61
1775230604, 517, 129, 393, 1, 0, 0.54%, 0, 0, 5, 1428.75
1775230609, 517, 275, 393, 1, 0, 0.54%, 0, 0, 5, 1635.71
1775230614, 517, 308, 393, 1, 0, 0.54%, 0, 0, 5, 1475.37
1775230620, 517, 364, 393, 1, 0, 0.54%, 0, 0, 5, 1202.22
1775230625, 517, 392, 393, 1, 0, 0.54%, 0, 0, 5, 107.94
1775230640, 518, 45, 393, 0, 0, 0.54%, 0, 0, 5, 1052.38
1775230645, 518, 86, 393, 0, 0, 0.54%, 0, 0, 5, 1412.38
1775230650, 518, 167, 393, 0, 0, 0.54%, 0, 0, 5, 1531.61
1775230655, 518, 312, 393, 0, 0, 0.54%, 0, 0, 5, 1429.26
1775230660, 519, 55, 393, 0, 0, 0.54%, 0, 0, 5, 1403.82
1775230665, 519, 86, 393, 0, 0, 0.54%, 0, 0, 5, 1476.61
1775230670, 519, 129, 393, 0, 0, 0.54%, 0, 0, 5, 1526.51
1775230675, 519, 244, 393, 0, 0, 0.54%, 0, 0, 5, 1572.99
1775230680, 519, 312, 393, 0, 0, 0.54%, 0, 0, 5, 1359.02
1775230685, 519, 387, 393, 0, 0, 0.54%, 0, 0, 5, 292.06
1775230691, 520, 51, 393, 0, 0, 0.54%, 0, 0, 5, 1442.74
1775230696, 520, 86, 393, 0, 0, 0.54%, 0, 0, 5, 1454.12
1775230701, 520, 123, 393, 0, 0, 0.54%, 0, 0, 5, 1469.32
1775230706, 520, 304, 393, 0, 0, 0.54%, 0, 0, 5, 1399.46
1775230711, 521, 31, 393, 0, 0, 0.54%, 0, 0, 5, 1430.29
1775230716, 521, 82, 393, 0, 0, 0.54%, 0, 0, 5, 1392.27
1775230721, 521, 93, 393, 0, 0, 0.54%, 0, 0, 5, 1507.43
1775230726, 521, 165, 393, 0, 0, 0.54%, 0, 0, 5, 1438.91
1775230731, 521, 311, 393, 0, 0, 0.54%, 0, 0, 5, 1393.44
1775230736, 522, 3, 393, 0, 0, 0.54%, 0, 0, 5, 1374.04
1775230741, 522, 73, 393, 0, 0, 0.54%, 0, 0, 5, 1447.82
1775230746, 522, 113, 393, 0, 0, 0.54%, 0, 0, 5, 1494.01
1775230751, 522, 190, 393, 0, 0, 0.54%, 0, 0, 5, 1443.72
1775230757, 522, 289, 393, 0, 0, 0.54%, 0, 0, 5, 1447.42
1775230762, 522, 351, 393, 0, 0, 0.54%, 0, 0, 5, 1400.45
1775230767, 523, 51, 393, 0, 0, 0.54%, 0, 0, 5, 1349.73
1775230772, 523, 75, 393, 0, 0, 0.54%, 0, 0, 5, 1450.46
1775230777, 523, 106, 393, 0, 0, 0.54%, 0, 0, 5, 1543.21
1775230782, 523, 158, 393, 0, 0, 0.54%, 0, 0, 5, 1499.00
1775230787, 523, 249, 393, 0, 0, 0.54%, 0, 0, 5, 1508.50
1775230792, 523, 333, 393, 0, 0, 0.54%, 0, 0, 5, 1441.81
1775230797, 524, 14, 393, 0, 0, 0.54%, 0, 0, 5, 1536.37
1775230803, 524, 57, 393, 0, 0, 0.54%, 0, 0, 5, 1461.54
1775230808, 524, 88, 393, 0, 0, 0.54%, 0, 0, 5, 1472.16
1775230813, 524, 141, 393, 0, 0, 0.54%, 0, 0, 5, 1537.84
1775230818, 524, 233, 393, 0, 0, 0.54%, 0, 0, 5, 1348.55
1775230823, 524, 311, 393, 0, 0, 0.54%, 0, 0, 5, 1405.29
1775230828, 525, 57, 393, 0, 0, 0.54%, 0, 0, 5, 1443.64
1775230833, 525, 86, 393, 0, 0, 0.54%, 0, 0, 5, 1541.83
1775230838, 525, 112, 393, 0, 0, 0.54%, 0, 0, 5, 1556.20
1775230843, 525, 266, 393, 0, 0, 0.54%, 0, 0, 5, 1543.37
1775230849, 525, 367, 393, 0, 0, 0.54%, 0, 0, 5, 1363.57
1775230854, 526, 63, 393, 0, 0, 0.54%, 0, 0, 5, 1467.52
1775230859, 526, 93, 393, 0, 0, 0.54%, 0, 0, 5, 1461.89
1775230864, 526, 170, 393, 0, 0, 0.54%, 0, 0, 5, 1502.88
1775230869, 526, 287, 393, 0, 0, 0.54%, 0, 0, 5, 1491.18
1775230874, 526, 337, 393, 0, 0, 0.54%, 0, 0, 5, 1398.09
1775230879, 527, 58, 393, 0, 0, 0.54%, 0, 0, 5, 1400.01
1775230884, 527, 88, 393, 0, 0, 0.54%, 0, 0, 5, 1487.49
1775230890, 527, 240, 393, 0, 0, 0.54%, 0, 0, 5, 1471.36
1775230895, 527, 337, 393, 0, 0, 0.54%, 0, 0, 5, 1320.40
1775230900, 528, 51, 393, 0, 0, 0.54%, 0, 0, 5, 1256.77
1775230905, 528, 88, 393, 0, 0, 0.54%, 0, 0, 5, 1403.87
1775230910, 528, 167, 393, 0, 0, 0.54%, 0, 0, 5, 1510.71
1775230915, 528, 258, 393, 0, 0, 0.54%, 0, 0, 5, 1478.41
1775230920, 528, 333, 393, 0, 0, 0.54%, 0, 0, 5, 1389.82
1775230925, 529, 57, 393, 0, 0, 0.54%, 0, 0, 5, 1443.03
1775230930, 529, 93, 393, 0, 0, 0.54%, 0, 0, 5, 1493.53
1775230935, 529, 186, 393, 0, 0, 0.54%, 0, 0, 5, 1381.31
1775230941, 529, 277, 393, 0, 0, 0.54%, 0, 0, 5, 1508.96
1775230946, 529, 333, 393, 0, 0, 0.54%, 0, 0, 5, 1418.89
1775230951, 530, 79, 393, 0, 0, 0.54%, 0, 0, 5, 1479.26
1775230956, 530, 125, 393, 0, 0, 0.54%, 0, 0, 5, 1462.34
1775230961, 530, 167, 393, 0, 0, 0.54%, 0, 0, 5, 1446.37
1775230966, 530, 251, 393, 0, 0, 0.54%, 0, 0, 5, 1353.64
1775230971, 530, 337, 393, 0, 0, 0.54%, 0, 0, 5, 1347.69
1775230976, 531, 47, 393, 0, 0, 0.54%, 0, 0, 5, 1563.29
1775230981, 531, 76, 393, 0, 0, 0.54%, 0, 0, 5, 1551.61
1775230986, 531, 103, 393, 0, 0, 0.54%, 0, 0, 5, 1527.57
1775230992, 531, 182, 393, 0, 0, 0.54%, 0, 0, 5, 1547.29
1775230997, 531, 362, 393, 0, 0, 0.54%, 0, 0, 5, 1413.41
1775231002, 532, 65, 393, 0, 0, 0.54%, 0, 0, 5, 1340.00
1775231007, 532, 88, 393, 0, 0, 0.54%, 0, 0, 5, 1472.07
1775231012, 532, 145, 393, 0, 0, 0.54%, 0, 0, 5, 1396.49
1775231017, 532, 213, 393, 0, 0, 0.54%, 0, 0, 5, 1506.15
1775231022, 532, 320, 393, 0, 0, 0.54%, 0, 0, 5, 1501.27
1775231027, 533, 51, 393, 0, 0, 0.54%, 0, 0, 5, 1371.51
1775231032, 533, 86, 393, 0, 0, 0.54%, 0, 0, 5, 1462.71
1775231037, 533, 122, 393, 0, 0, 0.54%, 0, 0, 5, 1493.32
1775231042, 533, 201, 393, 0, 0, 0.54%, 0, 0, 5, 1438.14
1775231047, 533, 287, 393, 0, 0, 0.54%, 0, 0, 5, 1433.75
1775231053, 533, 338, 393, 0, 0, 0.54%, 0, 0, 5, 1331.68
1775231058, 534, 77, 393, 0, 0, 0.54%, 0, 0, 5, 1439.35
1775231063, 534, 94, 393, 0, 0, 0.54%, 0, 0, 5, 1422.63
1775231068, 534, 120, 393, 0, 0, 0.54%, 0, 0, 5, 1312.15
1775231073, 534, 185, 393, 0, 0, 0.54%, 0, 0, 5, 1381.86
1775231078, 534, 292, 393, 0, 0, 0.54%, 0, 0, 5, 1297.33
1775231083, 534, 342, 393, 0, 0, 0.54%, 0, 0, 5, 1315.23
1775231088, 535, 69, 393, 0, 0, 0.54%, 0, 0, 5, 1322.94
1775231093, 535, 88, 393, 0, 0, 0.54%, 0, 0, 5, 1307.08
1775231098, 535, 158, 393, 0, 0, 0.54%, 0, 0, 5, 1383.17
1775231104, 535, 233, 393, 0, 0, 0.54%, 0, 0, 5, 1520.94
1775231109, 535, 275, 393, 0, 0, 0.54%, 0, 0, 5, 1474.86
1775231114, 535, 333, 393, 0, 0, 0.54%, 0, 0, 5, 1349.43
1775231119, 536, 55, 393, 0, 0, 0.54%, 0, 0, 5, 1469.85
1775231124, 536, 88, 393, 0, 0, 0.54%, 0, 0, 5, 1559.47
1775231129, 536, 158, 393, 0, 0, 0.54%, 0, 0, 5, 1394.78
1775231134, 536, 311, 393, 0, 0, 0.54%, 0, 0, 5, 1391.63
1775231139, 537, 51, 393, 0, 0, 0.54%, 0, 0, 5, 1320.61
1775231145, 537, 88, 393, 0, 0, 0.54%, 0, 0, 5, 1395.23
1775231150, 537, 143, 393, 0, 0, 0.54%, 0, 0, 5, 1421.22
1775231155, 537, 208, 393, 0, 0, 0.54%, 0, 0, 5, 1391.17
1775231160, 537, 344, 393, 0, 0, 0.54%, 0, 0, 5, 1385.08
1775231165, 538, 73, 393, 0, 0, 0.54%, 0, 0, 5, 1430.79
1775231170, 538, 93, 393, 0, 0, 0.54%, 0, 0, 5, 1370.43
1775231175, 538, 180, 393, 0, 0, 0.54%, 0, 0, 5, 1388.20
1775231180, 538, 239, 393, 0, 0, 0.54%, 0, 0, 5, 1472.86
1775231185, 538, 299, 393, 0, 0, 0.54%, 0, 0, 5, 1355.39
1775231190, 538, 343, 393, 0, 0, 0.54%, 0, 0, 5, 1314.44
1775231196, 539, 61, 393, 0, 0, 0.54%, 0, 0, 5, 1401.80
1775231201, 539, 93, 393, 0, 0, 0.54%, 0, 0, 5, 1343.96
1775231206, 539, 171, 393, 0, 0, 0.54%, 0, 0, 5, 1485.69
1775231211, 539, 320, 393, 0, 0, 0.54%, 0, 0, 5, 1474.95
1775231216, 539, 389, 393, 0, 0, 0.54%, 0, 0, 5, 1570.65
1775231221, 540, 41, 393, 0, 0, 0.54%, 0, 0, 5, 1593.24
1775231226, 540, 83, 393, 0, 0, 0.54%, 0, 0, 5, 1570.14
1775231231, 540, 139, 393, 0, 0, 0.54%, 0, 0, 5, 1464.09
1775231236, 540, 287, 393, 0, 0, 0.54%, 0, 0, 5, 1511.58
1775231241, 540, 337, 393, 0, 0, 0.54%, 0, 0, 5, 1441.75
1775231246, 541, 56, 393, 0, 0, 0.54%, 0, 0, 5, 1439.64
1775231252, 541, 93, 393, 0, 0, 0.54%, 0, 0, 5, 1484.85
1775231257, 541, 173, 393, 0, 0, 0.54%, 0, 0, 5, 1509.13
1775231262, 541, 312, 393, 0, 0, 0.54%, 0, 0, 5, 1395.62
1775231267, 542, 30, 393, 0, 0, 0.54%, 0, 0, 5, 1297.10
1775231272, 542, 83, 393, 0, 0, 0.54%, 0, 0, 5, 1378.29
1775231277, 542, 118, 393, 0, 0, 0.54%, 0, 0, 5, 1502.36
1775231282, 542, 232, 393, 0, 0, 0.54%, 0, 0, 5, 1520.24
1775231287, 542, 312, 393, 0, 0, 0.54%, 0, 0, 5, 1423.68
1775231293, 543, 57, 393, 0, 0, 0.54%, 0, 0, 5, 1348.95
1775231298, 543, 73, 393, 0, 0, 0.54%, 0, 0, 5, 1504.33
1775231303, 543, 93, 393, 0, 0, 0.54%, 0, 0, 5, 1626.74
1775231308, 543, 164, 393, 0, 0, 0.54%, 0, 0, 5, 1406.17
1775231313, 543, 269, 393, 0, 0, 0.54%, 0, 0, 5, 1411.41
1775231318, 544, 1, 393, 0, 0, 0.54%, 0, 0, 5, 1355.94
1775231323, 544, 83, 393, 0, 0, 0.54%, 0, 0, 5, 1470.11
1775231328, 544, 134, 393, 0, 0, 0.54%, 0, 0, 5, 1527.01
1775231333, 544, 203, 393, 0, 0, 0.54%, 0, 0, 5, 1472.33
1775231338, 544, 307, 393, 0, 0, 0.54%, 0, 0, 5, 1492.40
1775231344, 545, 31, 393, 0, 0, 0.54%, 0, 0, 5, 1396.68
1775231349, 545, 86, 393, 0, 0, 0.54%, 0, 0, 5, 1366.75
1775231354, 545, 112, 393, 0, 0, 0.54%, 0, 0, 5, 1477.80
1775231359, 545, 191, 393, 0, 0, 0.54%, 0, 0, 5, 1465.77
1775231364, 545, 261, 393, 0, 0, 0.54%, 0, 0, 5, 1490.68
1775231369, 545, 337, 393, 0, 0, 0.54%, 0, 0, 5, 1417.39
1775231374, 546, 57, 393, 0, 0, 0.54%, 0, 0, 5, 1386.37
1775231379, 546, 88, 393, 0, 0, 0.54%, 0, 0, 5, 1463.22
1775231385, 546, 142, 393, 0, 0, 0.54%, 0, 0, 5, 1422.87
1775231390, 546, 233, 393, 0, 0, 0.54%, 0, 0, 5, 1501.71
1775231395, 546, 337, 393, 0, 0, 0.54%, 0, 0, 5, 1444.90
1775231400, 547, 41, 393, 0, 0, 0.54%, 0, 0, 5, 1316.90
1775231405, 547, 83, 393, 0, 0, 0.54%, 0, 0, 5, 1488.04
1775231410, 547, 127, 393, 0, 0, 0.54%, 0, 0, 5, 1530.88
1775231415, 547, 311, 393, 0, 0, 0.54%, 0, 0, 5, 1379.87
1775231420, 548, 57, 393, 0, 0, 0.54%, 0, 0, 5, 1564.81
1775231425, 548, 93, 393, 0, 0, 0.54%, 0, 0, 5, 1526.37
1775231431, 548, 125, 393, 0, 0, 0.54%, 0, 0, 5, 1537.38
1775231436, 548, 233, 393, 0, 0, 0.54%, 0, 0, 5, 1540.41
1775231441, 548, 304, 393, 0, 0, 0.54%, 0, 0, 5, 1308.60
1775231446, 548, 391, 393, 0, 0, 0.54%, 0, 0, 5, 1266.70
1775231451, 549, 53, 393, 0, 0, 0.54%, 0, 0, 5, 1468.49
1775231456, 549, 86, 393, 0, 0, 0.54%, 0, 0, 5, 1531.59
1775231461, 549, 202, 393, 0, 0, 0.54%, 0, 0, 5, 1486.20
1775231466, 549, 238, 393, 0, 0, 0.54%, 0, 0, 5, 1528.00
1775231472, 549, 311, 393, 0, 0, 0.54%, 0, 0, 5, 1358.38
1775231477, 550, 42, 393, 0, 0, 0.54%, 0, 0, 5, 1446.91
1775231482, 550, 83, 393, 0, 0, 0.54%, 0, 0, 5, 1475.77
1775231487, 550, 106, 393, 0, 0, 0.54%, 0, 0, 5, 1536.48
1775231492, 550, 287, 393, 0, 0, 0.54%, 0, 0, 5, 1491.00
1775231497, 551, 37, 393, 0, 0, 0.54%, 0, 0, 5, 1248.70
1775231502, 551, 83, 393, 0, 0, 0.54%, 0, 0, 5, 1508.32
1775231507, 551, 125, 393, 0, 0, 0.54%, 0, 0, 5, 1488.27
1775231512, 551, 275, 393, 0, 0, 0.54%, 0, 0, 5, 1617.81
1775231517, 551, 312, 393, 0, 0, 0.54%, 0, 0, 5, 1535.65
1775231523, 551, 387, 393, 0, 0, 0.54%, 0, 0, 5, 1448.46
1775231528, 552, 52, 393, 0, 0, 0.54%, 0, 0, 5, 1517.03
1775231533, 552, 86, 393, 0, 0, 0.54%, 0, 0, 5, 1532.51
1775231538, 552, 123, 393, 0, 0, 0.54%, 0, 0, 5, 1520.26
1775231543, 552, 247, 393, 0, 0, 0.54%, 0, 0, 5, 1465.60
1775231548, 552, 337, 393, 0, 0, 0.54%, 0, 0, 5, 1453.92
1775231553, 553, 77, 393, 0, 0, 0.54%, 0, 0, 5, 1512.14
1775231558, 553, 96, 393, 0, 0, 0.54%, 0, 0, 5, 1722.96
1775231563, 553, 158, 393, 0, 0, 0.54%, 0, 0, 5, 1541.06
1775231568, 553, 249, 393, 0, 0, 0.54%, 0, 0, 5, 1511.98
1775231574, 553, 340, 393, 0, 0, 0.54%, 0, 0, 5, 1479.38
1775231579, 554, 76, 393, 0, 0, 0.54%, 0, 0, 5, 1538.52
1775231584, 554, 106, 393, 0, 0, 0.54%, 0, 0, 5, 1531.30
1775231589, 554, 239, 393, 0, 0, 0.54%, 0, 0, 5, 1519.45
1775231594, 554, 304, 393, 0, 0, 0.54%, 0, 0, 5, 1492.40
1775231599, 554, 368, 393, 0, 0, 0.54%, 0, 0, 5, 1316.35
1775231604, 555, 83, 393, 0, 0, 0.54%, 0, 0, 5, 1631.32
1775231609, 555, 102, 393, 0, 0, 0.54%, 0, 0, 5, 1583.61
1775231614, 555, 171, 393, 0, 0, 0.54%, 0, 0, 5, 1473.39
1775231619, 555, 311, 393, 0, 0, 0.54%, 0, 0, 5, 1403.88
1775231624, 556, 49, 393, 0, 0, 0.54%, 0, 0, 5, 1525.82
1775231629, 556, 86, 393, 0, 0, 0.54%, 0, 0, 5, 1565.35
1775231635, 556, 158, 393, 0, 0, 0.54%, 0, 0, 5, 1516.82
1775231640, 556, 243, 393, 0, 0, 0.54%, 0, 0, 5, 1361.31
1775231645, 556, 329, 393, 0, 0, 0.54%, 0, 0, 5, 1441.01
1775231650, 557, 57, 393, 0, 0, 0.54%, 0, 0, 5, 1476.37
1775231655, 557, 88, 393, 0, 0, 0.54%, 0, 0, 5, 1489.88
1775231660, 557, 287, 393, 0, 0, 0.54%, 0, 0, 5, 1461.47
1775231665, 558, 18, 393, 0, 0, 0.54%, 0, 0, 5, 1554.41
1775231671, 558, 86, 393, 0, 0, 0.54%, 0, 0, 5, 1591.74
1775231676, 558, 158, 393, 0, 0, 0.54%, 0, 0, 5, 1522.91
1775231681, 558, 252, 393, 0, 0, 0.54%, 0, 0, 5, 1488.70
1775231686, 558, 312, 393, 0, 0, 0.54%, 0, 0, 5, 1481.42
1775231691, 559, 30, 393, 0, 0, 0.54%, 0, 0, 5, 1518.22
1775231696, 559, 83, 393, 0, 0, 0.54%, 0, 0, 5, 1408.14
1775231701, 559, 106, 393, 0, 0, 0.54%, 0, 0, 5, 1423.77
1775231706, 559, 242, 393, 0, 0, 0.54%, 0, 0, 5, 1387.69
1775231711, 559, 337, 393, 0, 0, 0.54%, 0, 0, 5, 1424.97
1775231716, 560, 69, 393, 0, 0, 0.54%, 0, 0, 5, 1323.32
1775231721, 560, 106, 393, 0, 0, 0.54%, 0, 0, 5, 1418.43
1775231726, 560, 200, 393, 0, 0, 0.54%, 0, 0, 5, 1446.43
1775231731, 560, 259, 393, 0, 0, 0.54%, 0, 0, 5, 1430.93
1775231737, 560, 373, 393, 0, 0, 0.54%, 0, 0, 5, 1169.49
1775231742, 561, 51, 393, 0, 0, 0.54%, 0, 0, 5, 1425.90
1775231747, 561, 86, 393, 0, 0, 0.54%, 0, 0, 5, 1540.89
1775231752, 561, 152, 393, 0, 0, 0.54%, 0, 0, 5, 1507.49
1775231757, 561, 280, 393, 0, 0, 0.54%, 0, 0, 5, 1352.91
1775231762, 561, 347, 393, 0, 0, 0.54%, 0, 0, 5, 1399.30
1775231767, 562, 83, 393, 0, 0, 0.54%, 0, 0, 5, 1501.39
1775231772, 562, 106, 393, 0, 0, 0.54%, 0, 0, 5, 1496.09
1775231777, 562, 200, 393, 0, 0, 0.54%, 0, 0, 5, 1389.94
1775231782, 562, 331, 393, 0, 0, 0.54%, 0, 0, 5, 1445.37
1775231787, 563, 54, 393, 0, 0, 0.54%, 0, 0, 5, 1519.60
1775231793, 563, 88, 393, 0, 0, 0.54%, 0, 0, 5, 1480.53
1775231798, 563, 158, 393, 0, 0, 0.54%, 0, 0, 5, 1382.21
1775231803, 563, 231, 393, 0, 0, 0.54%, 0, 0, 5, 1350.45
1775231808, 563, 310, 393, 0, 0, 0.54%, 0, 0, 5, 1333.54
1775231813, 564, 51, 393, 0, 0, 0.54%, 0, 0, 5, 1364.91
1775231818, 564, 88, 393, 0, 0, 0.54%, 0, 0, 5, 1530.04
1775231823, 564, 173, 393, 0, 0, 0.54%, 0, 0, 5, 1486.24
1775231828, 564, 276, 393, 0, 0, 0.54%, 0, 0, 5, 1390.32
1775231833, 564, 318, 393, 0, 0, 0.54%, 0, 0, 5, 1358.45
1775231838, 565, 51, 393, 0, 0, 0.54%, 0, 0, 5, 1424.93
1775231843, 565, 83, 393, 0, 0, 0.54%, 0, 0, 5, 1322.25
1775231849, 565, 142, 393, 0, 0, 0.54%, 0, 0, 5, 1369.84
1775231854, 565, 265, 393, 0, 0, 0.54%, 0, 0, 5, 1460.10
1775231859, 565, 370, 393, 0, 0, 0.54%, 0, 0, 5, 1313.49
1775231864, 565, 389, 393, 0, 0, 0.54%, 0, 0, 5, 1567.95
1775231869, 566, 78, 393, 0, 0, 0.54%, 0, 0, 5, 1518.50
1775231874, 566, 89, 393, 0, 0, 0.54%, 0, 0, 5, 1571.25
1775231879, 566, 158, 393, 0, 0, 0.54%, 0, 0, 5, 1547.85
1775231884, 566, 287, 393, 0, 0, 0.54%, 0, 0, 5, 1500.93
1775231889, 566, 384, 393, 0, 0, 0.54%, 0, 0, 5, 1121.03
1775231894, 567, 57, 393, 0, 0, 0.54%, 0, 0, 5, 1452.39
1775231900, 567, 88, 393, 0, 0, 0.54%, 0, 0, 5, 1357.04
1775231905, 567, 135, 393, 0, 0, 0.54%, 0, 0, 5, 1379.93
1775231910, 567, 169, 393, 0, 0, 0.54%, 0, 0, 5, 1426.61
1775231915, 567, 282, 393, 0, 0, 0.54%, 0, 0, 5, 1509.90
1775231920, 568, 12, 393, 0, 0, 0.54%, 0, 0, 5, 1485.38
1775231925, 568, 83, 393, 0, 0, 0.54%, 0, 0, 5, 1586.05
1775231930, 568, 158, 393, 0, 0, 0.54%, 0, 0, 5, 1504.22
1775231935, 568, 251, 393, 0, 0, 0.54%, 0, 0, 5, 1463.30
1775231940, 568, 373, 393, 0, 0, 0.54%, 0, 0, 5, 1211.48
1775231945, 569, 51, 393, 0, 0, 0.54%, 0, 0, 5, 1498.76
1775231950, 569, 86, 393, 0, 0, 0.54%, 0, 0, 5, 1446.67
1775231956, 569, 158, 393, 0, 0, 0.54%, 0, 0, 5, 1383.28
1775231961, 569, 238, 393, 0, 0, 0.54%, 0, 0, 5, 1386.96
1775231966, 569, 312, 393, 0, 0, 0.54%, 0, 0, 5, 1374.71
1775231971, 570, 30, 393, 0, 0, 0.54%, 0, 0, 5, 1369.77
1775231976, 570, 57, 393, 0, 0, 0.54%, 0, 0, 5, 1441.56
1775231981, 570, 93, 393, 0, 0, 0.54%, 0, 0, 5, 1544.06
1775231986, 570, 158, 393, 0, 0, 0.54%, 0, 0, 5, 1439.68
1775231991, 570, 314, 393, 0, 0, 0.54%, 0, 0, 5, 1379.67
1775231996, 571, 1, 393, 0, 0, 0.54%, 0, 0, 5, 1168.15
1775232001, 571, 88, 393, 0, 0, 0.54%, 0, 0, 5, 1463.30
1775232006, 571, 159, 393, 0, 0, 0.54%, 0, 0, 5, 1379.71
1775232012, 571, 219, 393, 0, 0, 0.54%, 0, 0, 5, 358.96
1775232017, 571, 334, 393, 0, 0, 0.54%, 0, 0, 5, 1130.94
1775232022, 572, 21, 393, 0, 0, 0.54%, 0, 0, 5, 1328.92
1775232027, 572, 73, 393, 0, 0, 0.54%, 0, 0, 5, 1465.40
1775232032, 572, 158, 393, 0, 0, 0.54%, 0, 0, 5, 1567.22
1775232037, 572, 275, 393, 0, 0, 0.54%, 0, 0, 5, 1540.81
1775232042, 572, 317, 393, 0, 0, 0.54%, 0, 0, 5, 1407.04
1775232047, 573, 42, 393, 0, 0, 0.54%, 0, 0, 5, 1386.68
1775232052, 573, 86, 393, 0, 0, 0.54%, 0, 0, 5, 1503.42
1775232057, 573, 137, 393, 0, 0, 0.54%, 0, 0, 5, 1523.31
1775232062, 573, 287, 393, 0, 0, 0.54%, 0, 0, 5, 777.54
1775232067, 574, 5, 393, 0, 0, 0.54%, 0, 0, 5, 1114.86
1775232072, 574, 83, 393, 0, 0, 0.54%, 0, 0, 5, 1521.60
1775232078, 574, 158, 393, 0, 0, 0.54%, 0, 0, 5, 1457.26
1775232083, 574, 233, 393, 0, 0, 0.54%, 0, 0, 5, 1420.33
1775232088, 574, 293, 393, 0, 0, 0.54%, 0, 0, 5, 1356.48
1775232093, 574, 388, 393, 0, 0, 0.54%, 0, 0, 5, 1344.47
1775232098, 575, 51, 393, 0, 0, 0.54%, 0, 0, 5, 1493.94
1775232103, 575, 88, 393, 0, 0, 0.54%, 0, 0, 5, 1696.08
1775232108, 575, 125, 393, 0, 0, 0.54%, 0, 0, 5, 1104.64
1775232113, 575, 237, 393, 0, 0, 0.54%, 0, 0, 5, 1465.52
1775232118, 576, 17, 393, 0, 0, 0.54%, 0, 0, 5, 1452.03
1775232123, 576, 72, 393, 0, 0, 0.54%, 0, 0, 5, 1497.54
1775232129, 576, 106, 393, 0, 0, 0.54%, 0, 0, 5, 1493.30
1775232134, 576, 165, 393, 0, 0, 0.54%, 0, 0, 5, 1514.66
1775232139, 576, 258, 393, 0, 0, 0.54%, 0, 0, 5, 1528.63
1775232144, 576, 311, 393, 0, 0, 0.54%, 0, 0, 5, 1457.46
1775232149, 577, 8, 393, 0, 0, 0.54%, 0, 0, 5, 1428.80
1775232154, 577, 67, 393, 0, 0, 0.54%, 0, 0, 5, 1383.01
1775232159, 577, 88, 393, 0, 0, 0.54%, 0, 0, 5, 1457.23
1775232164, 577, 158, 393, 0, 0, 0.54%, 0, 0, 5, 1463.72
1775232169, 577, 312, 393, 0, 0, 0.54%, 0, 0, 5, 1483.34
1775232174, 578, 57, 393, 0, 0, 0.54%, 0, 0, 5, 1413.63
1775232179, 578, 88, 393, 0, 0, 0.54%, 0, 0, 5, 1516.12
1775232184, 578, 155, 394, 1, 0, 0.54%, 0, 0, 5, 1465.67
1775232189, 578, 304, 394, 1, 0, 0.54%, 0, 0, 5, 1391.19
1775232195, 578, 381, 394, 1, 0, 0.54%, 0, 0, 5, 1410.80
1775232200, 579, 57, 394, 1, 0, 0.54%, 0, 0, 5, 1596.43
1775232205, 579, 86, 394, 1, 0, 0.54%, 0, 0, 5, 1451.11
1775232210, 579, 106, 394, 1, 0, 0.54%, 0, 0, 5, 1512.51
1775232215, 579, 201, 394, 1, 0, 0.54%, 0, 0, 5, 1433.52
1775232220, 579, 277, 394, 1, 0, 0.54%, 0, 0, 5, 1476.96
1775232225, 579, 333, 394, 1, 0, 0.54%, 0, 0, 5, 1403.08
1775232230, 580, 57, 394, 1, 0, 0.54%, 0, 0, 5, 1298.59
1775232235, 580, 88, 394, 1, 0, 0.54%, 0, 0, 5, 1456.09
1775232240, 580, 160, 394, 1, 0, 0.54%, 0, 0, 5, 1374.14
1775232245, 580, 251, 394, 1, 0, 0.54%, 0, 0, 5, 1507.63
1775232250, 580, 309, 394, 1, 0, 0.54%, 0, 0, 5, 1442.54
1775232256, 580, 363, 394, 1, 0, 0.54%, 0, 0, 5, 1300.51
1775232261, 581, 73, 394, 1, 0, 0.54%, 0, 0, 5, 1423.42
1775232266, 581, 93, 394, 1, 0, 0.54%, 0, 0, 5, 1365.38
1775232271, 581, 137, 394, 1, 0, 0.54%, 0, 0, 5, 1401.42
1775232276, 581, 191, 394, 1, 0, 0.54%, 0, 0, 5, 1481.54
1775232281, 581, 236, 394, 1, 0, 0.54%, 0, 0, 5, 1471.96
1775232286, 581, 337, 394, 1, 0, 0.54%, 0, 0, 5, 1486.47
1775232292, 582, 29, 394, 1, 0, 0.54%, 0, 0, 5, 1452.59
1775232297, 582, 60, 394, 1, 0, 0.54%, 0, 0, 5, 1509.38
1775232302, 582, 93, 394, 1, 0, 0.54%, 0, 0, 5, 1447.42
1775232307, 582, 258, 394, 1, 0, 0.54%, 0, 0, 5, 1441.65
1775232312, 582, 337, 394, 1, 0, 0.54%, 0, 0, 5, 1360.67
1775232317, 583, 52, 394, 1, 0, 0.54%, 0, 0, 5, 1430.60
1775232322, 583, 86, 394, 1, 0, 0.54%, 0, 0, 5, 1449.89
1775232327, 583, 105, 394, 1, 0, 0.54%, 0, 0, 5, 1506.34
1775232332, 583, 218, 394, 1, 0, 0.54%, 0, 0, 5, 1486.15
1775232337, 584, 42, 394, 1, 0, 0.54%, 0, 0, 5, 1434.97
1775232342, 584, 83, 394, 1, 0, 0.54%, 0, 0, 5, 1459.66
1775232348, 584, 99, 394, 1, 0, 0.54%, 0, 0, 5, 1398.30
1775232353, 584, 127, 394, 1, 0, 0.54%, 0, 0, 5, 1434.60
1775232358, 584, 304, 394, 1, 0, 0.54%, 0, 0, 5, 1504.36
1775232363, 584, 375, 394, 1, 0, 0.54%, 0, 0, 5, 1336.77
1775232368, 585, 51, 394, 0, 0, 0.54%, 0, 0, 5, 1359.98
1775232373, 585, 83, 394, 0, 0, 0.54%, 0, 0, 5, 1538.93
1775232378, 585, 158, 394, 0, 0, 0.54%, 0, 0, 5, 1521.12
1775232383, 585, 286, 394, 0, 0, 0.54%, 0, 0, 5, 1482.08
1775232388, 585, 387, 394, 0, 0, 0.54%, 0, 0, 5, 1399.01
1775232393, 586, 73, 394, 0, 0, 0.54%, 0, 0, 5, 1514.36
1775232398, 586, 106, 394, 0, 0, 0.54%, 0, 0, 5, 1426.99
1775232404, 586, 304, 394, 0, 0, 0.54%, 0, 0, 5, 1377.44
1775232409, 586, 381, 394, 0, 0, 0.54%, 0, 0, 5, 1252.87
1775232414, 587, 73, 394, 0, 0, 0.54%, 0, 0, 5, 1490.42
1775232419, 587, 106, 394, 0, 0, 0.54%, 0, 0, 5, 1521.09
1775232424, 587, 195, 394, 0, 0, 0.54%, 0, 0, 5, 1796.74
1775232429, 587, 312, 394, 0, 0, 0.54%, 0, 0, 5, 1534.37
1775232434, 588, 26, 394, 0, 0, 0.54%, 0, 0, 5, 1315.35
1775232439, 588, 73, 394, 0, 0, 0.54%, 0, 0, 5, 1533.49
1775232444, 588, 106, 394, 0, 0, 0.54%, 0, 0, 5, 1558.26
1775232449, 588, 219, 394, 0, 0, 0.54%, 0, 0, 5, 1485.90
1775232455, 588, 387, 394, 0, 0, 0.54%, 0, 0, 5, 1421.43
1775232460, 589, 60, 394, 0, 0, 0.54%, 0, 0, 5, 1501.29
1775232465, 589, 90, 394, 0, 0, 0.54%, 0, 0, 5, 1526.40
1775232470, 589, 133, 394, 0, 0, 0.54%, 0, 0, 5, 1483.78
1775232475, 589, 244, 394, 0, 0, 0.54%, 0, 0, 5, 1491.00
1775232480, 589, 304, 394, 0, 0, 0.54%, 0, 0, 5, 1483.12
1775232485, 589, 387, 394, 0, 0, 0.54%, 0, 0, 5, 1431.68
1775232490, 590, 41, 394, 0, 0, 0.54%, 0, 0, 5, 1482.11
1775232495, 590, 76, 394, 0, 0, 0.54%, 0, 0, 5, 1524.31
1775232500, 590, 102, 394, 0, 0, 0.54%, 0, 0, 5, 1594.68
1775232505, 590, 207, 394, 0, 0, 0.54%, 0, 0, 5, 1584.19
1775232510, 590, 302, 394, 0, 0, 0.54%, 0, 0, 5, 1389.52
1775232515, 590, 348, 394, 0, 0, 0.54%, 0, 0, 5, 1332.73
1775232521, 590, 389, 394, 0, 0, 0.54%, 0, 0, 5, 1648.14
1775232526, 591, 61, 394, 0, 0, 0.54%, 0, 0, 5, 1451.47
1775232531, 591, 88, 394, 0, 0, 0.54%, 0, 0, 5, 1530.95
1775232536, 591, 149, 394, 0, 0, 0.54%, 0, 0, 5, 1499.73
1775232541, 591, 213, 394, 0, 0, 0.54%, 0, 0, 5, 1457.69
1775232546, 591, 333, 394, 0, 0, 0.54%, 0, 0, 5, 1468.32
1775232551, 591, 388, 394, 0, 0, 0.54%, 0, 0, 5, 1360.34
1775232556, 591, 389, 394, 0, 0, 0.54%, 0, 0, 5, 1276.95
1775232561, 592, 54, 394, 0, 0, 0.54%, 0, 0, 5, 1505.55
1775232566, 592, 88, 394, 0, 0, 0.54%, 0, 0, 5, 1591.46
1775232572, 592, 182, 394, 0, 0, 0.54%, 0, 0, 5, 1490.83
1775232577, 592, 316, 394, 0, 0, 0.54%, 0, 0, 5, 1316.37
1775232582, 593, 83, 394, 0, 0, 0.54%, 0, 0, 5, 1501.36
1775232587, 593, 106, 394, 0, 0, 0.54%, 0, 0, 5, 1269.13
1775232592, 593, 158, 394, 0, 0, 0.54%, 0, 0, 5, 1319.76
1775232597, 593, 304, 394, 0, 0, 0.54%, 0, 0, 5, 1434.54
1775232602, 593, 351, 394, 0, 0, 0.54%, 0, 0, 5, 1270.15
1775232608, 594, 57, 394, 0, 0, 0.54%, 0, 0, 5, 1334.11
1775232613, 594, 88, 394, 0, 0, 0.54%, 0, 0, 5, 1469.67
1775232618, 594, 153, 394, 0, 0, 0.54%, 0, 0, 5, 1454.28
1775232623, 594, 239, 394, 0, 0, 0.54%, 0, 0, 5, 1392.22
1775232628, 594, 312, 394, 0, 0, 0.54%, 0, 0, 5, 1452.35
1775232633, 595, 51, 394, 0, 0, 0.54%, 0, 0, 5, 1439.29
1775232638, 595, 83, 394, 0, 0, 0.54%, 0, 0, 5, 1432.72
1775232643, 595, 106, 394, 0, 0, 0.54%, 0, 0, 5, 1474.45
1775232648, 595, 158, 394, 0, 0, 0.54%, 0, 0, 5, 1470.85
1775232653, 595, 248, 394, 0, 0, 0.54%, 0, 0, 5, 1474.69
1775232658, 595, 317, 394, 0, 0, 0.54%, 0, 0, 5, 1363.41
1775232663, 596, 8, 394, 0, 0, 0.54%, 0, 0, 5, 1331.75
1775232668, 596, 65, 394, 0, 0, 0.54%, 0, 0, 5, 1447.18
1775232673, 596, 83, 394, 0, 0, 0.54%, 0, 0, 5, 1487.27
1775232679, 596, 107, 394, 0, 0, 0.54%, 0, 0, 5, 1421.21
1775232684, 596, 173, 394, 0, 0, 0.54%, 0, 0, 5, 1408.47
1775232689, 596, 276, 394, 0, 0, 0.54%, 0, 0, 5, 1392.74
1775232694, 596, 333, 394, 0, 0, 0.54%, 0, 0, 5, 1333.04
1775232699, 597, 57, 394, 0, 0, 0.54%, 0, 0, 5, 1408.62
1775232704, 597, 93, 394, 0, 0, 0.54%, 0, 0, 5, 1563.87
1775232709, 597, 192, 394, 0, 0, 0.54%, 0, 0, 5, 1560.48
1775232714, 597, 310, 394, 0, 0, 0.54%, 0, 0, 5, 1405.38
1775232719, 597, 393, 394, 0, 0, 0.54%, 0, 0, 5, 1375.04
1775232725, 598, 71, 394, 0, 0, 0.54%, 0, 0, 5, 1473.05
1775232730, 598, 105, 394, 0, 0, 0.54%, 0, 0, 5, 1560.80
1775232735, 598, 151, 394, 0, 0, 0.54%, 0, 0, 5, 1442.20
1775232740, 598, 287, 394, 0, 0, 0.54%, 0, 0, 5, 1449.72
1775232745, 599, 57, 394, 0, 0, 0.54%, 0, 0, 5, 1429.68
1775232750, 599, 93, 394, 0, 0, 0.54%, 0, 0, 5, 1506.68
1775232755, 599, 158, 394, 0, 0, 0.54%, 0, 0, 5, 1460.78
1775232760, 599, 333, 394, 0, 0, 0.54%, 0, 0, 5, 1398.77
1775232765, 600, 51, 394, 0, 0, 0.54%, 0, 0, 5, 1433.40
1775232770, 600, 86, 394, 0, 0, 0.54%, 0, 0, 5, 1346.51
1775232775, 600, 115, 394, 0, 0, 0.54%, 0, 0, 5, 1365.49
1775232780, 600, 272, 394, 0, 0, 0.54%, 0, 0, 5, 1476.90
1775232785, 600, 339, 394, 0, 0, 0.54%, 0, 0, 5, 1471.00
1775232791, 601, 29, 394, 0, 0, 0.54%, 0, 0, 5, 1303.18
1775232796, 601, 83, 394, 0, 0, 0.54%, 0, 0, 5, 1537.88
1775232801, 601, 157, 394, 0, 0, 0.54%, 0, 0, 5, 1515.13
1775232806, 601, 232, 394, 0, 0, 0.54%, 0, 0, 5, 1305.08
1775232811, 601, 283, 394, 0, 0, 0.54%, 0, 0, 5, 1344.89
1775232816, 601, 338, 394, 0, 0, 0.54%, 0, 0, 5, 1268.32
1775232821, 602, 60, 394, 0, 0, 0.54%, 0, 0, 5, 1310.72
1775232826, 602, 93, 394, 0, 0, 0.54%, 0, 0, 5, 1407.33
1775232832, 602, 196, 394, 0, 0, 0.54%, 0, 0, 5, 1506.55
1775232837, 602, 269, 394, 0, 0, 0.54%, 0, 0, 5, 1434.27
1775232842, 602, 373, 394, 0, 0, 0.54%, 0, 0, 5, 1314.02
1775232847, 603, 67, 394, 0, 0, 0.54%, 0, 0, 5, 1394.94
1775232852, 603, 93, 394, 0, 0, 0.54%, 0, 0, 5, 1518.56
1775232857, 603, 251, 394, 0, 0, 0.54%, 0, 0, 5, 1497.32
1775232862, 603, 304, 394, 0, 0, 0.54%, 0, 0, 5, 1292.67
1775232867, 603, 386, 394, 0, 0, 0.54%, 0, 0, 5, 1106.83
1775232872, 603, 389, 394, 0, 0, 0.54%, 0, 0, 5, 1421.07
1775232877, 604, 69, 394, 0, 0, 0.54%, 0, 0, 5, 1420.34
1775232883, 604, 98, 394, 0, 0, 0.54%, 0, 0, 5, 1672.56
1775232888, 604, 209, 394, 0, 0, 0.54%, 0, 0, 5, 1527.61
1775232893, 604, 301, 394, 0, 0, 0.54%, 0, 0, 5, 1371.75
1775232898, 605, 55, 394, 0, 0, 0.54%, 0, 0, 5, 1310.26
1775232903, 605, 86, 394, 0, 0, 0.54%, 0, 0, 5, 1323.19
1775232908, 605, 134, 394, 0, 0, 0.54%, 0, 0, 5, 1475.20
1775232913, 605, 225, 394, 0, 0, 0.54%, 0, 0, 5, 1549.62
1775232918, 605, 287, 394, 0, 0, 0.54%, 0, 0, 5, 1442.74
1775232923, 606, 10, 394, 0, 0, 0.54%, 0, 0, 5, 1430.84
1775232928, 606, 63, 394, 0, 0, 0.54%, 0, 0, 5, 1516.53
1775232933, 606, 93, 394, 0, 0, 0.54%, 0, 0, 5, 1508.99
1775232939, 606, 158, 394, 0, 0, 0.54%, 0, 0, 5, 1392.57
1775232944, 606, 304, 394, 0, 0, 0.54%, 0, 0, 5, 1309.44
1775232949, 606, 365, 394, 0, 0, 0.54%, 0, 0, 5, 1293.18
1775232954, 607, 76, 394, 0, 0, 0.54%, 0, 0, 5, 1250.97
1775232959, 607, 106, 394, 0, 0, 0.54%, 0, 0, 5, 1345.34
1775232964, 607, 141, 394, 0, 0, 0.54%, 0, 0, 5, 1451.40
1775232969, 607, 254, 394, 0, 0, 0.54%, 0, 0, 5, 1397.07
1775232974, 607, 333, 394, 0, 0, 0.54%, 0, 0, 5, 1358.40
1775232979, 608, 83, 394, 0, 0, 0.54%, 0, 0, 5, 1505.29
1775232985, 608, 144, 394, 0, 0, 0.54%, 0, 0, 5, 1440.12
1775232990, 608, 185, 394, 0, 0, 0.54%, 0, 0, 5, 1432.09
1775232995, 608, 337, 394, 0, 0, 0.54%, 0, 0, 5, 1326.47
1775233000, 609, 57, 394, 0, 0, 0.54%, 0, 0, 5, 1385.19
1775233005, 609, 106, 394, 0, 0, 0.54%, 0, 0, 5, 1516.98
1775233010, 609, 158, 394, 0, 0, 0.54%, 0, 0, 5, 1639.73
1775233015, 609, 226, 394, 0, 0, 0.54%, 0, 0, 5, 1430.19
1775233020, 609, 310, 394, 0, 0, 0.54%, 0, 0, 5, 1375.70
1775233025, 609, 381, 394, 0, 0, 0.54%, 0, 0, 5, 1377.12
1775233030, 610, 51, 394, 0, 0, 0.54%, 0, 0, 5, 965.89
1775233036, 610, 88, 394, 0, 0, 0.54%, 0, 0, 5, 1448.03
1775233041, 610, 166, 394, 0, 0, 0.54%, 0, 0, 5, 1523.45
1775233046, 610, 276, 394, 0, 0, 0.54%, 0, 0, 5, 1563.01
1775233051, 610, 312, 394, 0, 0, 0.54%, 0, 0, 5, 1429.09
1775233056, 610, 388, 394, 0, 0, 0.54%, 0, 0, 5, 1471.13
1775233061, 611, 73, 394, 0, 0, 0.54%, 0, 0, 5, 1528.15
1775233066, 611, 99, 394, 0, 0, 0.54%, 0, 0, 5, 1505.52
1775233071, 611, 220, 394, 0, 0, 0.54%, 0, 0, 5, 1372.53
1775233076, 611, 306, 394, 0, 0, 0.54%, 0, 0, 5, 1281.73
1775233081, 611, 385, 394, 0, 0, 0.54%, 0, 0, 5, 1217.94
1775233086, 612, 73, 394, 0, 0, 0.54%, 0, 0, 5, 1405.77
1775233092, 612, 97, 394, 0, 0, 0.54%, 0, 0, 5, 1417.70
1775233097, 612, 241, 394, 0, 0, 0.54%, 0, 0, 5, 1549.48
1775233102, 612, 311, 394, 0, 0, 0.54%, 0, 0, 5, 1415.97
1775233107, 613, 57, 394, 0, 0, 0.54%, 0, 0, 5, 1493.41
1775233112, 613, 86, 394, 0, 0, 0.54%, 0, 0, 5, 1531.16
1775233117, 613, 235, 394, 0, 0, 0.54%, 0, 0, 5, 1460.63
1775233122, 613, 316, 394, 0, 0, 0.54%, 0, 0, 5, 1419.99
1775233127, 614, 48, 394, 0, 0, 0.54%, 0, 0, 5, 1469.06
1775233132, 614, 86, 394, 0, 0, 0.54%, 0, 0, 5, 1511.18
1775233137, 614, 116, 394, 0, 0, 0.54%, 0, 0, 5, 1392.55
1775233142, 614, 228, 394, 0, 0, 0.54%, 0, 0, 5, 1678.15
1775233147, 614, 351, 394, 0, 0, 0.54%, 0, 0, 5, 1444.49
1775233152, 615, 29, 394, 0, 0, 0.54%, 0, 0, 5, 1211.64
1775233157, 615, 86, 394, 0, 0, 0.54%, 0, 0, 5, 1539.50
1775233162, 615, 158, 394, 0, 0, 0.54%, 0, 0, 5, 1494.09
1775233167, 615, 298, 394, 0, 0, 0.54%, 0, 0, 5, 1415.17
1775233173, 616, 73, 394, 0, 0, 0.54%, 0, 0, 5, 1463.26
1775233178, 616, 106, 394, 0, 0, 0.54%, 0, 0, 5, 1479.07
1775233183, 616, 206, 394, 0, 0, 0.54%, 0, 0, 5, 1505.40
1775233188, 616, 304, 394, 0, 0, 0.54%, 0, 0, 5, 1372.23
1775233193, 617, 21, 394, 0, 0, 0.54%, 0, 0, 5, 1365.99
1775233198, 617, 48, 394, 0, 0, 0.54%, 0, 0, 5, 1360.87
1775233204, 617, 86, 394, 0, 0, 0.54%, 0, 0, 5, 1345.42
1775233209, 617, 121, 394, 0, 0, 0.54%, 0, 0, 5, 1387.76
1775233214, 617, 201, 394, 0, 0, 0.54%, 0, 0, 5, 1422.24
1775233219, 617, 257, 394, 0, 0, 0.54%, 0, 0, 5, 1399.14
1775233224, 617, 337, 394, 0, 0, 0.54%, 0, 0, 5, 1433.24
1775233229, 618, 57, 394, 0, 0, 0.54%, 0, 0, 5, 1378.90
1775233234, 618, 88, 394, 0, 0, 0.54%, 0, 0, 5, 1551.60
1775233239, 618, 133, 394, 0, 0, 0.54%, 0, 0, 5, 1531.05
1775233244, 618, 229, 394, 0, 0, 0.54%, 0, 0, 5, 1638.61
1775233249, 618, 307, 394, 0, 0, 0.54%, 0, 0, 5, 1403.47
1775233255, 618, 386, 394, 0, 0, 0.54%, 0, 0, 5, 1148.60
1775233260, 619, 86, 394, 0, 0, 0.54%, 0, 0, 5, 1437.68
1775233265, 619, 134, 394, 0, 0, 0.54%, 0, 0, 5, 1500.37
1775233270, 619, 253, 394, 0, 0, 0.54%, 0, 0, 5, 1390.17
1775233275, 619, 333, 394, 0, 0, 0.54%, 0, 0, 5, 1440.59
1775233280, 620, 48, 394, 0, 0, 0.54%, 0, 0, 5, 1418.86
1775233285, 620, 86, 394, 0, 0, 0.54%, 0, 0, 5, 1534.48
1775233290, 620, 135, 394, 0, 0, 0.54%, 0, 0, 5, 1404.27
1775233295, 620, 263, 394, 0, 0, 0.54%, 0, 0, 5, 1407.66
1775233300, 620, 352, 394, 0, 0, 0.54%, 0, 0, 5, 1357.53
1775233305, 621, 23, 394, 0, 0, 0.54%, 0, 0, 5, 1403.88
1775233310, 621, 88, 394, 0, 0, 0.54%, 0, 0, 5, 1537.98
1775233315, 621, 158, 394, 0, 0, 0.54%, 0, 0, 5, 1515.84
1775233321, 621, 287, 394, 0, 0, 0.54%, 0, 0, 5, 1453.07
1775233326, 621, 333, 394, 0, 0, 0.54%, 0, 0, 5, 1412.30
1775233331, 622, 51, 394, 0, 0, 0.54%, 0, 0, 5, 1423.15
1775233336, 622, 86, 394, 0, 0, 0.54%, 0, 0, 5, 1419.40
1775233341, 622, 137, 394, 0, 0, 0.54%, 0, 0, 5, 1378.42
1775233346, 622, 165, 394, 0, 0, 0.54%, 0, 0, 5, 1409.00
1775233351, 622, 282, 394, 0, 0, 0.54%, 0, 0, 5, 1519.88
1775233356, 622, 351, 394, 0, 0, 0.54%, 0, 0, 5, 1471.33
1775233362, 623, 67, 394, 0, 0, 0.54%, 0, 0, 5, 1397.78
1775233367, 623, 88, 394, 0, 0, 0.54%, 0, 0, 5, 1480.13
1775233372, 623, 182, 394, 0, 0, 0.54%, 0, 0, 5, 1523.88
1775233377, 623, 280, 394, 0, 0, 0.54%, 0, 0, 5, 1494.08
1775233382, 623, 333, 394, 0, 0, 0.54%, 0, 0, 5, 1323.93
1775233387, 624, 57, 394, 0, 0, 0.54%, 0, 0, 5, 1461.26
1775233392, 624, 106, 394, 0, 0, 0.54%, 0, 0, 5, 1549.41
1775233397, 624, 139, 394, 0, 0, 0.54%, 0, 0, 5, 1481.72
1775233402, 624, 239, 394, 0, 0, 0.54%, 0, 0, 5, 1426.62
1775233407, 624, 329, 394, 0, 0, 0.54%, 0, 0, 5, 1382.04
1775233412, 625, 57, 394, 0, 0, 0.54%, 0, 0, 5, 1457.88
1775233417, 625, 93, 394, 0, 0, 0.54%, 0, 0, 5, 1509.54
1775233423, 625, 158, 394, 0, 0, 0.54%, 0, 0, 5, 1468.83
1775233428, 625, 258, 394, 0, 0, 0.54%, 0, 0, 5, 1392.82
1775233433, 625, 333, 394, 0, 0, 0.54%, 0, 0, 5, 1444.80
1775233438, 626, 83, 394, 0, 0, 0.54%, 0, 0, 5, 1539.98
1775233443, 626, 106, 394, 0, 0, 0.54%, 0, 0, 5, 1528.93
1775233448, 626, 222, 394, 0, 0, 0.54%, 0, 0, 5, 1457.51
1775233453, 626, 319, 394, 0, 0, 0.54%, 0, 0, 5, 1342.26
1775233459, 627, 27, 394, 0, 0, 0.54%, 0, 0, 5, 1281.89
1775233464, 627, 83, 394, 0, 0, 0.54%, 0, 0, 5, 1516.54
1775233469, 627, 118, 394, 0, 0, 0.54%, 0, 0, 5, 1385.44
1775233474, 627, 197, 394, 0, 0, 0.54%, 0, 0, 5, 1444.62
1775233479, 627, 312, 394, 0, 0, 0.54%, 0, 0, 5, 1478.53
1775233484, 628, 51, 394, 0, 0, 0.54%, 0, 0, 5, 1548.23
1775233489, 628, 78, 394, 0, 0, 0.54%, 0, 0, 5, 1619.64
1775233494, 628, 113, 394, 0, 0, 0.54%, 0, 0, 5, 1563.81
1775233499, 628, 261, 394, 0, 0, 0.54%, 0, 0, 5, 1594.92
1775233504, 628, 377, 394, 0, 0, 0.54%, 0, 0, 5, 1476.48
1775233509, 629, 73, 394, 0, 0, 0.54%, 0, 0, 5, 1379.27
1775233514, 629, 93, 394, 0, 0, 0.54%, 0, 0, 5, 1530.64
1775233519, 629, 188, 394, 0, 0, 0.54%, 0, 0, 5, 1503.33
1775233524, 629, 234, 394, 0, 0, 0.54%, 0, 0, 5, 1449.86
1775233530, 629, 371, 394, 0, 0, 0.54%, 0, 0, 5, 1426.33
1775233535, 630, 57, 394, 0, 0, 0.54%, 0, 0, 5, 1489.69
1775233540, 630, 93, 394, 0, 0, 0.54%, 0, 0, 5, 1593.07
1775233545, 630, 175, 394, 0, 0, 0.54%, 0, 0, 5, 1526.17
1775233550, 630, 287, 394, 0, 0, 0.54%, 0, 0, 5, 1432.32
1775233555, 630, 380, 394, 0, 0, 0.54%, 0, 0, 5, 1351.02
1775233560, 631, 57, 394, 0, 0, 0.54%, 0, 0, 5, 1324.72
1775233565, 631, 88, 394, 0, 0, 0.54%, 0, 0, 5, 1443.18
1775233570, 631, 151, 394, 0, 0, 0.54%, 0, 0, 5, 1381.96
1775233575, 631, 224, 394, 0, 0, 0.54%, 0, 0, 5, 1482.24
1775233581, 631, 297, 394, 0, 0, 0.54%, 0, 0, 5, 986.90
1775233586, 631, 349, 394, 0, 0, 0.54%, 0, 0, 5, 1195.79
1775233591, 632, 77, 394, 0, 0, 0.54%, 0, 0, 5, 1501.70
1775233596, 632, 116, 394, 0, 0, 0.54%, 0, 0, 5, 1468.61
1775233601, 632, 170, 394, 0, 0, 0.54%, 0, 0, 5, 1553.28
1775233606, 632, 233, 394, 0, 0, 0.54%, 0, 0, 5, 1460.45
1775233611, 632, 312, 394, 0, 0, 0.54%, 0, 0, 5, 1583.76
1775233616, 633, 18, 394, 0, 0, 0.54%, 0, 0, 5, 1778.95
1775233621, 633, 73, 394, 0, 0, 0.54%, 0, 0, 5, 1617.92
1775233627, 633, 103, 394, 0, 0, 0.54%, 0, 0, 5, 1472.91
1775233632, 633, 250, 394, 0, 0, 0.54%, 1, 0, 5, 1542.55
1775233637, 633, 312, 394, 0, 0, 0.54%, 1, 0, 5, 1498.54
1775233642, 634, 57, 394, 0, 0, 0.54%, 1, 0, 5, 1444.39
1775233647, 634, 93, 394, 0, 0, 0.54%, 1, 0, 5, 1414.68
1775233652, 634, 237, 394, 0, 0, 0.54%, 1, 0, 5, 1537.95
1775233657, 634, 304, 394, 0, 0, 0.54%, 1, 0, 5, 1381.06
1775233662, 635, 23, 394, 0, 0, 0.54%, 1, 0, 5, 1843.07
1775233667, 635, 83, 394, 0, 0, 0.54%, 1, 0, 5, 1535.97
1775233673, 635, 158, 394, 0, 0, 0.54%, 1, 0, 5, 1431.56
1775233678, 635, 327, 394, 0, 0, 0.54%, 1, 0, 5, 1370.13
1775233683, 636, 21, 394, 0, 0, 0.54%, 1, 0, 5, 1447.91
1775233688, 636, 88, 394, 0, 0, 0.54%, 1, 0, 5, 229.09
1775233693, 636, 173, 394, 0, 0, 0.54%, 1, 0, 5, 1406.68
1775233698, 636, 283, 394, 0, 0, 0.54%, 1, 0, 5, 1467.02
1775233703, 636, 365, 394, 0, 0, 0.54%, 1, 0, 5, 1555.42
1775233708, 637, 22, 394, 0, 0, 0.54%, 1, 0, 5, 1576.86
1775233714, 637, 73, 394, 0, 0, 0.54%, 1, 0, 5, 1517.28
1775233719, 637, 106, 394, 0, 0, 0.54%, 1, 0, 5, 1536.06
1775233724, 637, 181, 394, 0, 0, 0.54%, 1, 0, 5, 1416.66
1775233729, 637, 286, 394, 0, 0, 0.54%, 1, 0, 5, 1532.79
1775233734, 637, 337, 394, 0, 0, 0.54%, 1, 0, 5, 1366.24
1775233739, 638, 73, 394, 0, 0, 0.54%, 1, 0, 5, 1539.39
1775233744, 638, 107, 394, 0, 0, 0.54%, 1, 0, 5, 1584.20
1775233749, 638, 157, 394, 0, 0, 0.54%, 1, 0, 5, 1507.55
1775233755, 638, 254, 394, 0, 0, 0.54%, 1, 0, 5, 1499.37
1775233760, 638, 312, 394, 0, 0, 0.54%, 1, 0, 5, 1279.14
1775233765, 638, 393, 394, 0, 0, 0.54%, 1, 0, 5, 1159.18
1775233770, 639, 73, 394, 0, 0, 0.54%, 1, 0, 5, 1316.38
1775233775, 639, 106, 394, 0, 0, 0.54%, 1, 0, 5, 1367.40
1775233780, 639, 267, 394, 0, 0, 0.54%, 1, 0, 5, 1505.75
1775233785, 639, 345, 394, 0, 0, 0.54%, 1, 0, 5, 1350.85
1775233790, 640, 83, 394, 0, 0, 0.54%, 1, 0, 5, 1481.32
1775233795, 640, 106, 394, 0, 0, 0.54%, 1, 0, 5, 1457.18
1775233800, 640, 190, 394, 0, 0, 0.54%, 1, 0, 5, 1430.88
1775233806, 640, 312, 394, 0, 0, 0.54%, 1, 0, 5, 1486.52
1775233811, 640, 393, 394, 0, 0, 0.54%, 1, 0, 5, 1148.66
1775233816, 641, 73, 394, 0, 0, 0.54%, 1, 0, 5, 1503.35
1775233821, 641, 95, 394, 0, 0, 0.54%, 1, 0, 5, 1479.40
1775233826, 641, 178, 394, 0, 0, 0.54%, 1, 0, 5, 1510.46
1775233831, 641, 272, 394, 0, 0, 0.54%, 1, 0, 5, 1537.69
1775233836, 641, 312, 394, 0, 0, 0.54%, 1, 0, 5, 1419.51
1775233841, 642, 57, 394, 0, 0, 0.54%, 1, 0, 5, 1414.03
1775233847, 642, 88, 394, 0, 0, 0.54%, 1, 0, 5, 772.60
1775233852, 642, 121, 394, 0, 0, 0.54%, 1, 0, 5, 1235.92
1775233857, 642, 273, 394, 0, 0, 0.54%, 1, 0, 5, 1345.63
1775233862, 642, 312, 394, 0, 0, 0.54%, 1, 0, 5, 1386.39
1775233867, 643, 57, 394, 0, 0, 0.54%, 1, 0, 5, 1519.38
1775233872, 643, 93, 394, 0, 0, 0.54%, 1, 0, 5, 1555.33
1775233877, 643, 172, 394, 0, 0, 0.54%, 1, 0, 5, 1582.81
1775233882, 643, 287, 394, 0, 0, 0.54%, 1, 0, 5, 1534.05
1775233887, 643, 349, 394, 0, 0, 0.54%, 1, 0, 5, 1353.59
1775233892, 644, 69, 394, 0, 0, 0.54%, 1, 0, 5, 1342.13
1775233897, 644, 93, 394, 0, 0, 0.54%, 1, 0, 5, 1420.81
1775233902, 644, 158, 394, 0, 0, 0.54%, 1, 0, 5, 1421.95
1775233907, 644, 283, 394, 0, 0, 0.54%, 1, 0, 5, 1505.22
1775233913, 644, 320, 394, 0, 0, 0.54%, 1, 0, 5, 1359.35
1775233918, 645, 22, 394, 0, 0, 0.54%, 1, 0, 5, 1365.35
1775233923, 645, 57, 394, 0, 0, 0.54%, 1, 0, 5, 1373.22
1775233928, 645, 92, 394, 0, 0, 0.54%, 1, 0, 5, 1499.74
1775233933, 645, 158, 394, 0, 0, 0.54%, 1, 0, 5, 1460.99
1775233938, 645, 304, 394, 0, 0, 0.54%, 1, 0, 5, 1415.93
1775233943, 645, 393, 394, 0, 0, 0.54%, 1, 0, 5, 1405.12
1775233948, 646, 57, 394, 0, 0, 0.54%, 1, 0, 5, 1296.24
1775233953, 646, 89, 394, 0, 0, 0.54%, 1, 0, 5, 1500.65
1775233958, 646, 141, 394, 0, 0, 0.54%, 1, 0, 5, 1597.11
1775233964, 646, 281, 394, 0, 0, 0.54%, 1, 0, 5, 1528.84
1775233969, 646, 343, 394, 0, 0, 0.54%, 1, 0, 5, 1407.10
1775233974, 647, 78, 394, 0, 0, 0.54%, 1, 0, 5, 1471.20
1775233979, 647, 106, 394, 0, 0, 0.54%, 1, 0, 5, 1604.01
1775233984, 647, 191, 394, 0, 0, 0.54%, 1, 0, 5, 1607.41
1775233989, 647, 241, 394, 0, 0, 0.54%, 1, 0, 5, 1380.03
1775233994, 647, 365, 394, 0, 0, 0.54%, 1, 0, 5, 1307.84
1775233999, 648, 59, 394, 0, 0, 0.54%, 1, 0, 5, 1460.24
1775234004, 648, 86, 394, 0, 0, 0.54%, 1, 0, 5, 1490.40
1775234009, 648, 109, 394, 0, 0, 0.54%, 1, 0, 5, 1475.50
1775234014, 648, 256, 394, 0, 0, 0.54%, 1, 0, 5, 1526.43
1775234019, 648, 311, 394, 0, 0, 0.54%, 1, 0, 5, 1497.71
1775234024, 648, 370, 394, 0, 0, 0.54%, 1, 0, 5, 1382.91
1775234029, 649, 62, 394, 0, 0, 0.54%, 1, 0, 5, 1485.90
1775234034, 649, 88, 394, 0, 0, 0.54%, 1, 0, 5, 1417.95
1775234040, 649, 218, 394, 0, 0, 0.54%, 1, 0, 5, 1434.21
1775234045, 649, 333, 394, 0, 0, 0.54%, 1, 0, 5, 1438.10
1775234050, 650, 57, 394, 0, 0, 0.54%, 1, 0, 5, 1391.50
1775234055, 650, 88, 394, 0, 0, 0.54%, 1, 0, 5, 1627.09
1775234060, 650, 232, 394, 0, 0, 0.54%, 1, 0, 5, 1560.16
1775234065, 650, 287, 394, 0, 0, 0.54%, 1, 0, 5, 1416.14
1775234070, 650, 335, 394, 0, 0, 0.54%, 1, 0, 5, 1403.82
1775234075, 651, 47, 394, 0, 0, 0.54%, 1, 0, 5, 1446.96
1775234080, 651, 84, 394, 0, 0, 0.54%, 1, 0, 5, 1558.92
1775234086, 651, 119, 394, 0, 0, 0.54%, 1, 0, 5, 1467.31
1775234091, 651, 197, 394, 0, 0, 0.54%, 1, 0, 5, 1501.61
1775234096, 651, 279, 394, 0, 0, 0.54%, 1, 0, 5, 1407.09
1775234101, 651, 367, 394, 0, 0, 0.54%, 1, 0, 5, 1398.54
1775234106, 652, 73, 394, 0, 0, 0.54%, 1, 0, 5, 1505.84
1775234111, 652, 106, 394, 0, 0, 0.54%, 1, 0, 5, 1577.49
1775234116, 652, 183, 394, 0, 0, 0.54%, 1, 0, 5, 1518.25
1775234121, 652, 311, 394, 0, 0, 0.54%, 1, 0, 5, 1414.07
1775234126, 653, 57, 394, 0, 0, 0.54%, 1, 0, 5, 1512.60
1775234131, 653, 83, 394, 0, 0, 0.54%, 1, 0, 5, 1496.70
1775234136, 653, 158, 394, 0, 0, 0.54%, 1, 0, 5, 1671.06
1775234141, 653, 224, 394, 0, 0, 0.54%, 1, 0, 5, 1614.32
1775234147, 653, 287, 394, 0, 0, 0.54%, 1, 0, 5, 1468.39
1775234152, 653, 348, 394, 0, 0, 0.54%, 1, 0, 5, 1310.72
1775234157, 654, 83, 394, 0, 0, 0.54%, 1, 0, 5, 1450.40
1775234162, 654, 106, 394, 0, 0, 0.54%, 1, 0, 5, 1453.85
1775234167, 654, 215, 394, 0, 0, 0.54%, 1, 0, 5, 1346.35
1775234172, 654, 288, 394, 0, 0, 0.54%, 1, 0, 5, 1381.45
1775234178, 655, 13, 394, 0, 0, 0.54%, 1, 0, 5, 1338.08
1775234183, 655, 73, 394, 0, 0, 0.54%, 1, 0, 5, 1496.14
1775234188, 655, 91, 394, 0, 0, 0.54%, 1, 0, 5, 1522.01
1775234193, 655, 188, 394, 0, 0, 0.54%, 1, 0, 5, 1488.03
1775234198, 655, 277, 394, 0, 0, 0.54%, 1, 0, 5, 1523.53
1775234203, 655, 333, 394, 0, 0, 0.54%, 1, 0, 5, 1503.15
1775234208, 656, 57, 394, 0, 0, 0.54%, 1, 0, 5, 1435.47
1775234213, 656, 99, 394, 0, 0, 0.54%, 1, 0, 5, 1472.27
1775234218, 656, 158, 394, 0, 0, 0.54%, 1, 0, 5, 1476.29
1775234223, 656, 254, 394, 0, 0, 0.54%, 1, 0, 5, 1515.36
1775234229, 656, 333, 394, 0, 0, 0.54%, 1, 0, 5, 1481.13
1775234234, 656, 389, 394, 0, 0, 0.54%, 1, 0, 5, 1189.48
1775234239, 657, 40, 394, 0, 0, 0.54%, 1, 0, 5, 1523.31
1775234244, 657, 73, 394, 0, 0, 0.54%, 1, 0, 5, 1431.70
1775234249, 657, 106, 394, 0, 0, 0.54%, 1, 0, 5, 1569.84
1775234254, 657, 158, 394, 0, 0, 0.54%, 1, 0, 5, 1472.43
1775234259, 657, 286, 394, 0, 0, 0.54%, 1, 0, 5, 1590.19
1775234264, 657, 370, 394, 0, 0, 0.54%, 1, 0, 5, 1336.57
1775234269, 658, 88, 394, 0, 0, 0.54%, 1, 0, 5, 1359.70
1775234274, 658, 187, 394, 0, 0, 0.54%, 1, 0, 5, 1435.51
1775234279, 658, 275, 394, 0, 0, 0.54%, 1, 0, 5, 1436.38
1775234284, 658, 312, 394, 0, 0, 0.54%, 1, 0, 5, 1451.95
1775234289, 659, 51, 394, 0, 0, 0.54%, 1, 0, 5, 1416.56
1775234295, 659, 86, 394, 0, 0, 0.54%, 1, 0, 5, 1566.11
1775234300, 659, 106, 394, 0, 0, 0.54%, 1, 0, 5, 1377.08
1775234305, 659, 235, 394, 0, 0, 0.54%, 1, 0, 5, 1493.56
1775234310, 659, 312, 394, 0, 0, 0.54%, 1, 0, 5, 1380.34
1775234315, 660, 18, 394, 0, 0, 0.54%, 1, 0, 5, 631.93
1775234320, 660, 83, 394, 0, 0, 0.54%, 1, 0, 5, 1234.67
1775234325, 660, 151, 394, 0, 0, 0.54%, 1, 0, 5, 1480.28
1775234330, 660, 287, 394, 0, 0, 0.54%, 1, 0, 5, 1493.06
1775234335, 661, 32, 394, 0, 0, 0.54%, 1, 0, 5, 1352.42
1775234340, 661, 83, 394, 0, 0, 0.54%, 1, 0, 5, 1460.59
1775234345, 661, 130, 394, 0, 0, 0.54%, 1, 0, 5, 1448.35
1775234350, 661, 226, 394, 0, 0, 0.54%, 1, 0, 5, 1415.20
1775234356, 661, 296, 394, 0, 0, 0.54%, 1, 0, 5, 1453.37
1775234361, 661, 387, 394, 0, 0, 0.54%, 1, 0, 5, 1299.35
1775234366, 661, 388, 394, 0, 0, 0.54%, 1, 0, 5, 229.06
1775234371, 662, 57, 394, 0, 0, 0.54%, 1, 0, 5, 1586.85
1775234376, 662, 106, 394, 0, 0, 0.54%, 1, 0, 5, 1409.64
1775234381, 662, 238, 394, 0, 0, 0.54%, 1, 0, 5, 1332.64
1775234386, 662, 316, 394, 0, 0, 0.54%, 1, 0, 5, 1341.72
1775234391, 663, 51, 394, 0, 0, 0.54%, 1, 0, 5, 1423.11
1775234396, 663, 83, 394, 0, 0, 0.54%, 1, 0, 5, 1491.51
1775234402, 663, 136, 394, 0, 0, 0.54%, 1, 0, 5, 1488.95
1775234407, 663, 225, 394, 0, 0, 0.54%, 1, 0, 5, 1466.47
1775234412, 663, 288, 394, 0, 0, 0.54%, 1, 0, 5, 1335.54
1775234417, 663, 337, 394, 0, 0, 0.54%, 1, 0, 5, 1322.65
1775234422, 663, 389, 394, 0, 0, 0.54%, 1, 0, 5, 1514.21
1775234427, 664, 51, 394, 0, 0, 0.54%, 1, 0, 5, 960.17
1775234432, 664, 86, 394, 0, 0, 0.54%, 1, 0, 5, 1461.21
1775234437, 664, 111, 394, 0, 0, 0.54%, 1, 0, 5, 1561.12
1775234442, 664, 159, 394, 0, 0, 0.54%, 1, 0, 5, 1443.50
1775234447, 664, 287, 394, 0, 0, 0.54%, 1, 0, 5, 1444.81
1775234453, 664, 337, 394, 0, 0, 0.54%, 1, 0, 5, 1326.15
1775234458, 665, 73, 394, 0, 0, 0.54%, 1, 0, 5, 1312.56
1775234463, 665, 106, 394, 0, 0, 0.54%, 1, 0, 5, 1392.38
1775234468, 665, 206, 394, 0, 0, 0.54%, 1, 0, 5, 1450.02
1775234473, 665, 304, 394, 0, 0, 0.54%, 1, 0, 5, 1349.75
1775234478, 665, 362, 394, 0, 0, 0.54%, 1, 0, 5, 1257.82
1775234483, 666, 32, 394, 0, 0, 0.54%, 1, 0, 5, 1284.59
1775234488, 666, 86, 394, 0, 0, 0.54%, 1, 0, 5, 1456.36
1775234494, 666, 118, 394, 0, 0, 0.54%, 1, 0, 5, 1518.77
1775234499, 666, 172, 394, 0, 0, 0.54%, 1, 0, 5, 1563.72
1775234504, 666, 287, 394, 0, 0, 0.54%, 1, 0, 5, 1432.18
1775234509, 667, 5, 394, 0, 0, 0.54%, 1, 0, 5, 1365.18
1775234514, 667, 86, 394, 0, 0, 0.54%, 1, 0, 5, 1551.74
1775234519, 667, 158, 394, 0, 0, 0.54%, 1, 0, 5, 1486.90
1775234524, 667, 305, 394, 0, 0, 0.54%, 1, 0, 5, 1324.46
1775234529, 668, 12, 394, 0, 0, 0.54%, 1, 0, 5, 1285.86
1775234534, 668, 83, 394, 0, 0, 0.54%, 1, 0, 5, 1508.49
1775234539, 668, 125, 394, 0, 0, 0.54%, 1, 0, 5, 1513.56
1775234544, 668, 236, 394, 0, 0, 0.54%, 1, 0, 5, 1497.67
1775234549, 668, 337, 394, 0, 0, 0.54%, 1, 0, 5, 1387.18
1775234555, 669, 51, 394, 0, 0, 0.54%, 1, 0, 5, 1266.08
1775234560, 669, 83, 394, 0, 0, 0.54%, 1, 0, 5, 1475.01
1775234565, 669, 114, 394, 0, 0, 0.54%, 1, 0, 5, 1630.23
1775234570, 669, 234, 394, 0, 0, 0.54%, 1, 0, 5, 1491.62
1775234575, 669, 337, 394, 0, 0, 0.54%, 1, 0, 5, 1288.52
1775234580, 670, 14, 394, 0, 0, 0.54%, 1, 0, 5, 1255.32
1775234585, 670, 83, 394, 0, 0, 0.54%, 1, 0, 5, 1414.23
1775234590, 670, 114, 394, 0, 0, 0.54%, 1, 0, 5, 1504.14
1775234595, 670, 156, 394, 0, 0, 0.54%, 1, 0, 5, 1319.48
1775234600, 670, 259, 394, 0, 0, 0.54%, 1, 0, 5, 1394.96
1775234605, 670, 336, 394, 0, 0, 0.54%, 1, 0, 5, 1387.28
1775234610, 671, 57, 394, 0, 0, 0.54%, 1, 0, 5, 1357.39
1775234616, 671, 88, 394, 0, 0, 0.54%, 1, 0, 5, 1422.29
1775234621, 671, 149, 394, 0, 0, 0.54%, 1, 0, 5, 1442.12
1775234626, 671, 237, 394, 0, 0, 0.54%, 1, 0, 5, 1307.04
1775234631, 671, 289, 394, 0, 0, 0.54%, 1, 0, 5, 1466.03
1775234636, 671, 322, 394, 0, 0, 0.54%, 1, 0, 5, 1402.17
1775234641, 672, 23, 394, 0, 0, 0.54%, 1, 0, 5, 1129.07
1775234646, 672, 73, 394, 0, 0, 0.54%, 1, 0, 5, 1372.67
1775234651, 672, 106, 394, 0, 0, 0.54%, 1, 0, 5, 1489.01
1775234656, 672, 158, 394, 0, 0, 0.54%, 1, 0, 5, 1384.17
1775234661, 672, 251, 394, 0, 0, 0.54%, 1, 0, 5, 1465.16
1775234666, 672, 318, 394, 0, 0, 0.54%, 1, 0, 5, 1379.85
1775234672, 673, 22, 394, 0, 0, 0.54%, 1, 0, 5, 1263.69
1775234677, 673, 62, 394, 0, 0, 0.54%, 1, 0, 5, 1425.42
1775234682, 673, 88, 394, 0, 0, 0.54%, 1, 0, 5, 1509.21
1775234687, 673, 139, 394, 0, 0, 0.54%, 1, 0, 5, 1421.49
1775234692, 673, 284, 394, 0, 0, 0.54%, 1, 0, 5, 1437.39
1775234697, 674, 9, 394, 0, 0, 0.54%, 1, 0, 5, 1407.09
1775234702, 674, 83, 394, 0, 0, 0.54%, 1, 0, 5, 1494.86
1775234707, 674, 133, 394, 0, 0, 0.54%, 1, 0, 5, 1461.08
1775234712, 674, 333, 394, 0, 0, 0.54%, 1, 0, 5, 1370.14
1775234717, 674, 389, 394, 0, 0, 0.54%, 1, 0, 5, 1467.15
1775234722, 675, 57, 394, 0, 0, 0.54%, 1, 0, 5, 1463.57
1775234728, 675, 93, 394, 0, 0, 0.54%, 1, 0, 5, 1548.32
1775234733, 675, 187, 394, 0, 0, 0.54%, 1, 0, 5, 1441.69
1775234738, 675, 287, 394, 0, 0, 0.54%, 1, 0, 5, 1378.58
1775234743, 675, 387, 394, 0, 0, 0.54%, 1, 0, 5, 1421.62
1775234748, 676, 50, 394, 0, 0, 0.54%, 1, 0, 5, 1524.69
1775234753, 676, 86, 394, 0, 0, 0.54%, 1, 0, 5, 1493.89
1775234758, 676, 116, 394, 0, 0, 0.54%, 1, 0, 5, 1465.44
1775234763, 676, 304, 394, 0, 0, 0.54%, 1, 0, 5, 1432.13
1775234768, 677, 26, 394, 0, 0, 0.54%, 1, 0, 5, 1430.32
1775234773, 677, 78, 394, 0, 0, 0.54%, 1, 0, 5, 1457.01
1775234778, 677, 93, 394, 0, 0, 0.54%, 1, 0, 5, 1457.57
1775234784, 677, 167, 394, 0, 0, 0.54%, 1, 0, 5, 1465.14
1775234789, 677, 221, 394, 0, 0, 0.54%, 1, 0, 5, 1299.46
1775234794, 677, 337, 394, 0, 0, 0.54%, 1, 0, 5, 1390.93
1775234799, 678, 57, 394, 0, 0, 0.54%, 1, 0, 5, 1528.60
1775234804, 678, 83, 394, 0, 0, 0.54%, 1, 0, 5, 1446.29
1775234809, 678, 127, 394, 0, 0, 0.54%, 1, 0, 5, 1554.24
1775234814, 678, 187, 394, 0, 0, 0.54%, 1, 0, 5, 1630.32
1775234819, 678, 239, 394, 0, 0, 0.54%, 1, 0, 5, 1465.35
1775234824, 678, 333, 394, 0, 0, 0.54%, 1, 0, 5, 1420.06
1775234829, 679, 57, 394, 0, 0, 0.54%, 1, 0, 5, 1363.87
1775234834, 679, 86, 394, 0, 0, 0.54%, 1, 0, 5, 1433.48
1775234840, 679, 140, 394, 0, 0, 0.54%, 1, 0, 5, 1518.81
1775234845, 679, 281, 394, 0, 0, 0.54%, 1, 0, 5, 1486.40
1775234850, 680, 9, 394, 0, 0, 0.54%, 1, 0, 5, 1484.79
1775234855, 680, 83, 394, 0, 0, 0.54%, 1, 0, 5, 1483.36
1775234860, 680, 129, 394, 0, 0, 0.54%, 1, 0, 5, 1455.82
1775234865, 680, 218, 394, 0, 0, 0.54%, 1, 0, 5, 1491.87
1775234870, 680, 309, 394, 0, 0, 0.54%, 1, 0, 5, 1414.93
1775234876, 680, 392, 394, 0, 0, 0.54%, 1, 0, 5, 1301.00
1775234881, 681, 73, 394, 0, 0, 0.54%, 1, 0, 5, 1529.40
1775234886, 681, 101, 394, 0, 0, 0.54%, 1, 0, 5, 1477.65
1775234891, 681, 158, 394, 0, 0, 0.54%, 1, 0, 5, 1584.54
1775234896, 681, 247, 394, 0, 0, 0.54%, 1, 0, 5, 1511.43
1775234901, 681, 334, 394, 0, 0, 0.54%, 1, 0, 5, 1407.48
1775234906, 682, 83, 394, 0, 0, 0.54%, 1, 0, 5, 1458.50
1775234911, 682, 106, 394, 0, 0, 0.54%, 1, 0, 5, 1550.00
1775234917, 682, 199, 394, 0, 0, 0.54%, 1, 0, 5, 1360.32
1775234922, 682, 311, 394, 0, 0, 0.54%, 1, 0, 5, 1461.74
1775234927, 682, 388, 394, 0, 0, 0.54%, 1, 0, 5, 1325.69
1775234932, 683, 83, 394, 0, 0, 0.54%, 1, 0, 5, 1422.01
1775234937, 683, 106, 394, 0, 0, 0.54%, 1, 0, 5, 1415.17
1775234942, 683, 276, 394, 0, 0, 0.54%, 1, 0, 5, 1564.13
1775234947, 683, 311, 394, 0, 0, 0.54%, 1, 0, 5, 1530.60
1775234952, 684, 22, 394, 0, 0, 0.54%, 1, 0, 5, 1393.74
1775234957, 684, 59, 394, 0, 0, 0.54%, 1, 0, 5, 1344.49
1775234963, 684, 88, 394, 0, 0, 0.54%, 1, 0, 5, 1411.54
1775234968, 684, 122, 394, 0, 0, 0.54%, 1, 0, 5, 1324.93
1775234973, 684, 192, 394, 0, 0, 0.54%, 1, 0, 5, 1348.23
1775234978, 684, 270, 394, 0, 0, 0.54%, 1, 0, 5, 1462.38
1775234983, 684, 330, 394, 0, 0, 0.54%, 1, 0, 5, 1362.13
1775234988, 685, 57, 394, 0, 0, 0.54%, 1, 0, 5, 1345.93
1775234993, 685, 88, 394, 0, 0, 0.54%, 1, 0, 5, 1424.93
1775234998, 685, 158, 394, 0, 0, 0.54%, 1, 0, 5, 1428.20
1775235003, 685, 229, 394, 0, 0, 0.54%, 1, 0, 5, 1511.94
1775235008, 685, 337, 394, 0, 0, 0.54%, 1, 0, 5, 1403.01
1775235014, 686, 41, 394, 0, 0, 0.54%, 1, 0, 5, 1411.84
1775235019, 686, 86, 394, 0, 0, 0.54%, 1, 0, 5, 1445.08
1775235024, 686, 112, 394, 0, 0, 0.54%, 1, 0, 5, 1472.65
1775235029, 686, 275, 394, 0, 0, 0.54%, 1, 0, 5, 1509.60
1775235034, 686, 311, 394, 0, 0, 0.54%, 1, 0, 5, 1467.30
1775235039, 686, 389, 394, 0, 0, 0.54%, 1, 0, 5, 1479.86
1775235044, 687, 49, 394, 0, 0, 0.54%, 1, 0, 5, 1549.33
1775235049, 687, 86, 394, 0, 0, 0.54%, 1, 0, 5, 1545.24
1775235054, 687, 111, 394, 0, 0, 0.54%, 1, 0, 5, 1517.85
1775235059, 687, 158, 394, 0, 0, 0.54%, 1, 0, 5, 1417.96
1775235065, 687, 257, 394, 0, 0, 0.54%, 1, 0, 5, 1481.23
1775235070, 687, 312, 394, 0, 0, 0.54%, 1, 0, 5, 1337.81
1775235075, 688, 14, 394, 0, 0, 0.54%, 1, 0, 5, 1285.62
1775235080, 688, 73, 394, 0, 0, 0.54%, 1, 0, 5, 1472.02
1775235085, 688, 106, 394, 0, 0, 0.54%, 1, 0, 5, 1542.62
1775235090, 688, 172, 394, 0, 0, 0.54%, 1, 0, 5, 1519.96
1775235095, 688, 273, 394, 0, 0, 0.54%, 1, 0, 5, 1564.48
1775235100, 688, 330, 394, 0, 0, 0.54%, 1, 0, 5, 1415.93
1775235105, 688, 387, 394, 0, 0, 0.54%, 1, 0, 5, 1233.25
1775235110, 689, 51, 394, 0, 0, 0.54%, 1, 0, 5, 1360.77
1775235115, 689, 86, 394, 0, 0, 0.54%, 1, 0, 5, 1386.19
1775235120, 689, 152, 394, 0, 0, 0.54%, 1, 0, 5, 1461.11
1775235126, 689, 200, 394, 0, 0, 0.54%, 1, 0, 5, 1578.52
1775235131, 689, 288, 394, 0, 0, 0.54%, 1, 0, 5, 1435.08
1775235136, 689, 342, 394, 0, 0, 0.54%, 1, 0, 5, 1345.90
1775235141, 689, 389, 394, 0, 0, 0.54%, 1, 0, 5, 1419.66
1775235146, 690, 51, 394, 0, 0, 0.54%, 1, 0, 5, 1482.04
1775235151, 690, 84, 394, 0, 0, 0.54%, 1, 0, 5, 1392.37
1775235156, 690, 152, 394, 0, 0, 0.54%, 1, 0, 5, 1464.71
1775235161, 690, 202, 394, 0, 0, 0.54%, 1, 0, 5, 1436.66
1775235166, 690, 287, 394, 0, 0, 0.54%, 1, 0, 5, 1455.04
1775235172, 690, 337, 394, 0, 0, 0.54%, 1, 0, 5, 1338.37
1775235177, 691, 71, 394, 0, 0, 0.54%, 1, 0, 5, 1431.09
1775235182, 691, 88, 394, 0, 0, 0.54%, 1, 0, 5, 1551.99
1775235187, 691, 158, 394, 0, 0, 0.54%, 1, 0, 5, 1535.14
1775235192, 691, 324, 394, 0, 0, 0.54%, 1, 0, 5, 1481.02
1775235197, 692, 51, 394, 0, 0, 0.54%, 1, 0, 5, 1370.62
1775235202, 692, 91, 394, 0, 0, 0.54%, 1, 0, 5, 1538.88
1775235207, 692, 158, 394, 0, 0, 0.54%, 1, 0, 5, 1428.51
1775235212, 692, 245, 394, 0, 0, 0.54%, 1, 0, 5, 1338.62
1775235218, 692, 333, 394, 0, 0, 0.54%, 1, 0, 5, 1406.38
1775235223, 693, 57, 394, 0, 0, 0.54%, 1, 0, 5, 1334.60
1775235228, 693, 106, 394, 0, 0, 0.54%, 1, 0, 5, 1512.79
1775235233, 693, 311, 394, 0, 0, 0.54%, 1, 0, 5, 1411.22
1775235238, 694, 31, 394, 0, 0, 0.54%, 1, 0, 5, 1371.64
1775235243, 694, 83, 394, 0, 0, 0.54%, 1, 0, 5, 1431.88
1775235248, 694, 107, 394, 0, 0, 0.54%, 1, 0, 5, 1419.86
1775235253, 694, 206, 394, 0, 0, 0.54%, 1, 0, 5, 1362.64
1775235258, 694, 310, 394, 0, 0, 0.54%, 1, 0, 5, 1340.77
1775235263, 694, 364, 394, 0, 0, 0.54%, 1, 0, 5, 1312.33
1775235268, 695, 57, 394, 0, 0, 0.54%, 1, 0, 5, 1422.03
1775235274, 695, 88, 394, 0, 0, 0.54%, 1, 0, 5, 1464.24
1775235279, 695, 158, 394, 0, 0, 0.54%, 1, 0, 5, 1465.54
1775235284, 695, 288, 394, 0, 0, 0.54%, 1, 0, 5, 1295.97
1775235289, 695, 378, 394, 0, 0, 0.54%, 1, 0, 5, 1260.17
1775235294, 696, 73, 394, 0, 0, 0.54%, 1, 0, 5, 1474.02
1775235299, 696, 99, 394, 0, 0, 0.54%, 1, 0, 5, 1490.77
1775235304, 696, 158, 394, 0, 0, 0.54%, 1, 0, 5, 1297.77
1775235309, 696, 271, 394, 0, 0, 0.54%, 1, 0, 5, 1433.42
1775235314, 696, 312, 394, 0, 0, 0.54%, 1, 0, 5, 1296.48
1775235319, 697, 57, 394, 0, 0, 0.54%, 1, 0, 5, 1450.20
1775235324, 697, 88, 394, 0, 0, 0.54%, 1, 0, 5, 1431.32
1775235329, 697, 166, 394, 0, 0, 0.54%, 1, 0, 5, 1453.97
1775235334, 697, 255, 394, 0, 0, 0.54%, 1, 0, 5, 1477.73
1775235340, 697, 361, 394, 0, 0, 0.54%, 1, 0, 5, 1277.59
1775235345, 698, 51, 394, 0, 0, 0.54%, 1, 0, 5, 1279.63
1775235350, 698, 93, 394, 0, 0, 0.54%, 1, 0, 5, 1464.92
1775235355, 698, 158, 394, 0, 0, 0.54%, 1, 0, 5, 1591.10
1775235360, 698, 283, 394, 0, 0, 0.54%, 1, 0, 5, 1519.78
1775235365, 698, 333, 394, 0, 0, 0.54%, 1, 0, 5, 1402.53
1775235370, 699, 22, 394, 0, 0, 0.54%, 1, 0, 5, 1240.41
1775235375, 699, 83, 394, 0, 0, 0.54%, 1, 0, 5, 1419.15
1775235380, 699, 96, 394, 0, 0, 0.54%, 1, 0, 5, 1574.43
1775235385, 699, 158, 394, 0, 0, 0.54%, 1, 0, 5, 1453.54
1775235390, 699, 275, 394, 0, 0, 0.54%, 1, 0, 5, 1658.77
1775235396, 699, 326, 394, 0, 0, 0.54%, 1, 0, 5, 1430.21
1775235401, 700, 57, 394, 0, 0, 0.54%, 1, 0, 5, 1431.97
1775235406, 700, 88, 394, 0, 0, 0.54%, 1, 0, 5, 1485.18
1775235411, 700, 158, 394, 0, 0, 0.54%, 1, 0, 5, 1508.25
1775235416, 700, 220, 394, 0, 0, 0.54%, 1, 0, 5, 1507.23
1775235421, 700, 287, 394, 0, 0, 0.54%, 1, 0, 5, 1420.83
1775235426, 700, 343, 394, 0, 0, 0.54%, 1, 0, 5, 1345.34
1775235431, 701, 83, 394, 0, 0, 0.54%, 1, 0, 5, 1405.34
1775235436, 701, 142, 394, 0, 0, 0.54%, 1, 0, 5, 1428.04
1775235441, 701, 212, 394, 0, 0, 0.54%, 1, 0, 5, 1544.90
1775235447, 701, 296, 394, 0, 0, 0.54%, 1, 0, 5, 1497.84
1775235452, 701, 369, 394, 0, 0, 0.54%, 1, 0, 5, 1361.90
1775235457, 702, 62, 394, 0, 0, 0.54%, 1, 0, 5, 392.31
1775235462, 702, 88, 394, 0, 0, 0.54%, 1, 0, 5, 1320.62
1775235467, 702, 158, 394, 0, 0, 0.54%, 1, 0, 5, 1436.60
1775235472, 702, 311, 394, 0, 0, 0.54%, 1, 0, 5, 1475.45
1775235477, 703, 57, 394, 0, 0, 0.54%, 1, 0, 5, 1400.23
1775235482, 703, 86, 394, 0, 0, 0.54%, 1, 0, 5, 1463.23
1775235487, 703, 144, 394, 0, 0, 0.54%, 1, 0, 5, 1483.59
1775235492, 703, 312, 394, 0, 0, 0.54%, 1, 0, 5, 1428.48
1775235497, 703, 389, 394, 0, 0, 0.54%, 1, 0, 5, 1447.84
1775235508, 704, 77, 394, 0, 0, 0.54%, 1, 0, 5, 1531.50
1775235513, 704, 94, 394, 0, 0, 0.54%, 1, 0, 5, 1477.61
1775235518, 704, 240, 394, 0, 0, 0.54%, 1, 0, 5, 1491.30
1775235523, 704, 311, 394, 0, 0, 0.54%, 1, 0, 5, 1355.66
1775235528, 704, 393, 394, 0, 0, 0.54%, 1, 0, 5, 1486.82
1775235533, 705, 57, 394, 0, 0, 0.54%, 1, 0, 5, 1394.46
1775235538, 705, 93, 394, 0, 0, 0.54%, 1, 0, 5, 1393.88
1775235544, 705, 196, 394, 0, 0, 0.54%, 1, 0, 5, 1492.06
1775235549, 705, 304, 394, 0, 0, 0.54%, 1, 0, 5, 1433.32
1775235554, 706, 57, 394, 0, 0, 0.54%, 1, 0, 5, 1484.61
1775235559, 706, 93, 394, 0, 0, 0.54%, 1, 0, 5, 1538.04
1775235564, 706, 175, 394, 0, 0, 0.54%, 1, 0, 5, 1414.41
1775235569, 706, 287, 394, 0, 0, 0.54%, 1, 0, 5, 1310.41
1775235574, 706, 337, 394, 0, 0, 0.54%, 1, 0, 5, 1274.08
1775235579, 707, 57, 394, 0, 0, 0.54%, 1, 0, 5, 1392.04
1775235584, 707, 83, 394, 0, 0, 0.54%, 1, 0, 5, 1356.03
1775235589, 707, 103, 394, 0, 0, 0.54%, 1, 0, 5, 1377.82
1775235595, 707, 218, 394, 0, 0, 0.54%, 1, 0, 5, 1754.11
1775235600, 707, 251, 394, 0, 0, 0.54%, 1, 0, 5, 1013.21
1775235605, 707, 329, 394, 0, 0, 0.54%, 1, 0, 5, 1311.26
1775235610, 708, 41, 394, 0, 0, 0.54%, 1, 0, 5, 1357.34
1775235615, 708, 73, 394, 0, 0, 0.54%, 1, 0, 5, 1371.31
1775235620, 708, 95, 394, 0, 0, 0.54%, 1, 0, 5, 1436.41
1775235625, 708, 201, 394, 0, 0, 0.54%, 1, 0, 5, 1442.45
1775235630, 708, 312, 394, 0, 0, 0.54%, 1, 0, 5, 1378.30
1775235635, 709, 57, 394, 0, 0, 0.54%, 1, 0, 5, 1353.34
1775235640, 709, 88, 394, 0, 0, 0.54%, 1, 0, 5, 1505.50
1775235645, 709, 274, 394, 0, 0, 0.54%, 1, 0, 5, 1607.04
1775235651, 709, 311, 394, 0, 0, 0.54%, 1, 0, 5, 1425.00
1775235656, 710, 11, 394, 0, 0, 0.54%, 1, 0, 5, 1462.77
1775235661, 710, 57, 394, 0, 0, 0.54%, 1, 0, 5, 1419.92
1775235666, 710, 86, 394, 0, 0, 0.54%, 1, 0, 5, 1401.27
1775235671, 710, 122, 394, 0, 0, 0.54%, 1, 0, 5, 1458.55
1775235676, 710, 221, 394, 0, 0, 0.54%, 1, 0, 5, 1465.73
1775235681, 710, 312, 394, 0, 0, 0.54%, 1, 0, 5, 1423.51
1775235686, 710, 389, 394, 0, 0, 0.54%, 1, 0, 5, 1402.64
1775235697, 711, 86, 394, 0, 0, 0.54%, 1, 0, 5, 1494.51
1775235702, 711, 122, 394, 0, 0, 0.54%, 1, 0, 5, 1497.65
1775235707, 711, 215, 394, 0, 0, 0.54%, 1, 0, 5, 1403.93
1775235712, 711, 333, 394, 0, 0, 0.54%, 1, 0, 5, 1365.97
1775235717, 711, 388, 394, 0, 0, 0.54%, 1, 0, 5, 1387.44
1775235722, 712, 57, 394, 0, 0, 0.54%, 1, 0, 5, 1026.84
1775235727, 712, 88, 394, 0, 0, 0.54%, 1, 0, 5, 1446.62
1775235733, 712, 287, 394, 0, 0, 0.54%, 1, 0, 5, 1501.34
1775235738, 712, 349, 394, 0, 0, 0.54%, 1, 0, 5, 1339.19
1775235743, 713, 51, 394, 0, 0, 0.54%, 1, 0, 5, 1298.91
1775235748, 713, 88, 394, 0, 0, 0.54%, 1, 0, 5, 1500.26
1775235753, 713, 121, 394, 0, 0, 0.54%, 1, 0, 5, 1350.36
1775235758, 713, 195, 394, 0, 0, 0.54%, 1, 0, 5, 1434.49
1775235763, 713, 287, 394, 0, 0, 0.54%, 1, 0, 5, 1369.95
1775235768, 713, 349, 394, 0, 0, 0.54%, 1, 0, 5, 1355.65
1775235773, 714, 73, 394, 0, 0, 0.54%, 1, 0, 5, 1496.65
1775235778, 714, 106, 394, 0, 0, 0.54%, 1, 0, 5, 1466.71
1775235783, 714, 158, 394, 0, 0, 0.54%, 1, 0, 5, 1459.34
1775235788, 714, 311, 394, 0, 0, 0.54%, 1, 0, 5, 1438.83
1775235794, 714, 385, 394, 0, 0, 0.54%, 1, 0, 5, 248.90
1775235799, 715, 83, 394, 0, 0, 0.54%, 1, 0, 5, 1342.67
1775235804, 715, 124, 394, 0, 0, 0.54%, 1, 0, 5, 1444.56
1775235809, 715, 188, 394, 0, 0, 0.54%, 1, 0, 5, 1442.67
1775235814, 715, 283, 394, 0, 0, 0.54%, 1, 0, 5, 1465.23
1775235819, 715, 390, 394, 0, 0, 0.54%, 1, 0, 5, 1341.38
1775235824, 716, 65, 394, 0, 0, 0.54%, 1, 0, 5, 1368.19
1775235829, 716, 93, 394, 0, 0, 0.54%, 1, 0, 5, 1490.95
1775235834, 716, 198, 394, 0, 0, 0.54%, 1, 0, 5, 1560.62
1775235840, 716, 230, 394, 0, 0, 0.54%, 1, 0, 5, 1511.22
1775235845, 716, 275, 394, 0, 0, 0.54%, 1, 0, 5, 1359.45
1775235850, 717, 13, 394, 0, 0, 0.54%, 1, 0, 5, 1390.87
1775235855, 717, 83, 394, 0, 0, 0.54%, 1, 0, 5, 1398.17
1775235860, 717, 129, 394, 0, 0, 0.54%, 1, 0, 5, 1450.74
1775235865, 717, 200, 394, 0, 0, 0.54%, 1, 0, 5, 1433.37
1775235870, 717, 333, 394, 0, 0, 0.54%, 1, 0, 5, 1424.90
1775235875, 718, 57, 394, 0, 0, 0.54%, 1, 0, 5, 1364.61
1775235880, 718, 88, 394, 0, 0, 0.54%, 1, 0, 5, 1414.40
1775235885, 718, 181, 394, 0, 0, 0.54%, 1, 0, 5, 1434.91
1775235890, 718, 252, 394, 0, 0, 0.54%, 1, 0, 5, 1442.25
1775235895, 718, 306, 394, 0, 0, 0.54%, 1, 0, 5, 1346.79
1775235900, 718, 347, 394, 0, 0, 0.54%, 1, 0, 5, 1372.70
1775235906, 719, 73, 394, 0, 0, 0.54%, 1, 0, 5, 1433.53
1775235911, 719, 93, 394, 0, 0, 0.54%, 1, 0, 5, 1408.62
1775235916, 719, 299, 394, 0, 0, 0.54%, 1, 0, 5, 1468.23
1775235921, 719, 345, 394, 0, 0, 0.54%, 1, 0, 5, 1301.20
1775235926, 720, 63, 394, 0, 0, 0.54%, 1, 0, 5, 1368.70
1775235931, 720, 86, 394, 0, 0, 0.54%, 1, 0, 5, 1522.22
1775235936, 720, 130, 394, 0, 0, 0.54%, 1, 0, 5, 1448.95
1775235941, 720, 204, 394, 0, 0, 0.54%, 1, 0, 5, 1541.82
1775235946, 720, 333, 394, 0, 0, 0.54%, 1, 0, 5, 1428.95
1775235951, 721, 57, 394, 0, 0, 0.54%, 1, 0, 5, 1536.61
1775235957, 721, 88, 394, 0, 0, 0.54%, 1, 0, 5, 1597.01
1775235962, 721, 134, 394, 0, 0, 0.54%, 1, 0, 5, 1472.80
1775235967, 721, 202, 394, 0, 0, 0.54%, 1, 0, 5, 1443.81
1775235972, 721, 276, 394, 0, 0, 0.54%, 1, 0, 5, 1323.52
1775235977, 721, 316, 394, 0, 0, 0.54%, 1, 0, 5, 1361.37
1775235982, 721, 382, 394, 0, 0, 0.54%, 1, 0, 5, 1320.46
1775235987, 722, 61, 394, 0, 0, 0.54%, 1, 0, 5, 1472.31
1775235992, 722, 89, 394, 0, 0, 0.54%, 1, 0, 5, 1477.59
1775235997, 722, 158, 394, 0, 0, 0.54%, 1, 0, 5, 1406.81
1775236002, 722, 333, 394, 0, 0, 0.54%, 1, 0, 5, 1435.11
1775236007, 723, 32, 394, 0, 0, 0.54%, 1, 0, 5, 1444.84
1775236013, 723, 60, 394, 0, 0, 0.54%, 1, 0, 5, 1406.74
1775236018, 723, 86, 394, 0, 0, 0.54%, 1, 0, 5, 1505.48
1775236023, 723, 122, 394, 0, 0, 0.54%, 1, 0, 5, 1416.20
1775236028, 723, 244, 394, 0, 0, 0.54%, 1, 0, 5, 1456.89
1775236033, 723, 316, 394, 0, 0, 0.54%, 1, 0, 5, 1442.79
1775236038, 723, 387, 394, 0, 0, 0.54%, 1, 0, 5, 1485.20
1775236043, 724, 73, 394, 0, 0, 0.54%, 1, 0, 5, 1516.10
1775236049, 724, 86, 394, 0, 0, 0.54%, 1, 0, 5, 1460.26
1775236054, 724, 158, 394, 0, 0, 0.54%, 1, 0, 5, 1169.83
1775236059, 724, 277, 394, 0, 0, 0.54%, 1, 0, 5, 1428.15
1775236064, 724, 312, 394, 0, 0, 0.54%, 1, 0, 5, 1415.98
1775236069, 724, 387, 394, 0, 0, 0.54%, 1, 0, 5, 1481.95
1775236074, 725, 41, 394, 0, 0, 0.54%, 1, 0, 5, 1497.79
1775236079, 725, 83, 394, 0, 0, 0.54%, 1, 0, 5, 1750.00
1775236084, 725, 106, 394, 0, 0, 0.54%, 1, 0, 5, 1593.29
1775236089, 725, 281, 394, 0, 0, 0.54%, 1, 0, 5, 1507.97
1775236094, 725, 332, 394, 0, 0, 0.54%, 1, 0, 5, 1368.45
1775236100, 726, 57, 394, 0, 0, 0.54%, 1, 0, 5, 1494.11
1775236105, 726, 88, 394, 0, 0, 0.54%, 1, 0, 5, 1570.03
1775236110, 726, 142, 394, 0, 0, 0.54%, 1, 0, 5, 1616.47
1775236115, 726, 202, 394, 0, 0, 0.54%, 1, 0, 5, 1532.59
1775236120, 726, 287, 394, 0, 0, 0.54%, 1, 0, 5, 1450.13
1775236125, 726, 384, 394, 0, 0, 0.54%, 1, 0, 5, 1198.13
1775236130, 727, 24, 394, 0, 0, 0.54%, 1, 0, 5, 1430.76
1775236135, 727, 69, 394, 0, 0, 0.54%, 1, 0, 5, 1553.27
1775236140, 727, 93, 394, 0, 0, 0.54%, 1, 0, 5, 1522.39
1775236146, 727, 161, 394, 0, 0, 0.54%, 1, 0, 5, 1595.44
1775236151, 727, 273, 394, 0, 0, 0.54%, 1, 0, 5, 1413.34
1775236156, 727, 287, 394, 0, 0, 0.54%, 1, 0, 5, 250.70
1775236161, 728, 16, 394, 0, 0, 0.54%, 1, 0, 5, 1327.78
1775236166, 728, 83, 394, 0, 0, 0.54%, 1, 0, 5, 1424.80
1775236171, 728, 118, 394, 0, 0, 0.54%, 1, 0, 5, 1364.75
1775236176, 728, 248, 394, 0, 0, 0.54%, 1, 0, 5, 1466.43
1775236182, 728, 312, 394, 0, 0, 0.54%, 1, 0, 5, 1391.76
1775236187, 729, 42, 394, 0, 0, 0.54%, 1, 0, 5, 1489.52
1775236192, 729, 83, 394, 0, 0, 0.54%, 1, 0, 5, 1476.57
1775236197, 729, 106, 394, 0, 0, 0.54%, 1, 0, 5, 1408.17
1775236202, 729, 263, 394, 0, 0, 0.54%, 1, 0, 5, 1472.14
1775236207, 729, 344, 394, 0, 0, 0.54%, 1, 0, 5, 1424.57
1775236212, 730, 57, 394, 0, 0, 0.54%, 1, 0, 5, 1410.94
1775236218, 730, 87, 394, 0, 0, 0.54%, 1, 0, 5, 1515.35
1775236223, 730, 121, 394, 0, 0, 0.54%, 1, 0, 5, 1339.95
1775236228, 730, 199, 394, 0, 0, 0.54%, 1, 0, 5, 1349.67
1775236233, 730, 270, 394, 0, 0, 0.54%, 1, 0, 5, 1473.90
1775236238, 730, 368, 394, 0, 0, 0.54%, 1, 0, 5, 1325.27
1775236243, 731, 57, 394, 0, 0, 0.54%, 1, 0, 5, 1402.55
1775236248, 731, 86, 394, 0, 0, 0.54%, 1, 0, 5, 1544.53
1775236253, 731, 138, 394, 0, 0, 0.54%, 1, 0, 5, 1533.86
1775236258, 731, 275, 394, 0, 0, 0.54%, 1, 0, 5, 1549.88
1775236263, 731, 371, 394, 0, 0, 0.54%, 1, 0, 5, 1354.94
1775236269, 732, 57, 394, 0, 0, 0.54%, 1, 0, 5, 1454.62
1775236274, 732, 86, 394, 0, 0, 0.54%, 1, 0, 5, 1521.53
1775236279, 732, 101, 394, 0, 0, 0.54%, 1, 0, 5, 1461.36
1775236284, 732, 149, 394, 0, 0, 0.54%, 1, 0, 5, 1419.83
1775236289, 732, 278, 394, 0, 0, 0.54%, 1, 0, 5, 1330.91
1775236294, 732, 340, 394, 0, 0, 0.54%, 1, 0, 5, 1385.84
1775236299, 733, 59, 394, 0, 0, 0.54%, 1, 0, 5, 1337.21
1775236304, 733, 86, 394, 0, 0, 0.54%, 1, 0, 5, 1569.94
1775236309, 733, 138, 394, 0, 0, 0.54%, 1, 0, 5, 1497.52
1775236314, 733, 211, 394, 0, 0, 0.54%, 1, 0, 5, 1506.85
1775236320, 733, 287, 394, 0, 0, 0.54%, 1, 0, 5, 1337.85
1775236325, 734, 5, 394, 0, 0, 0.54%, 1, 0, 5, 1223.53
1775236330, 734, 81, 394, 0, 0, 0.54%, 1, 0, 5, 1461.01
1775236335, 734, 98, 394, 0, 0, 0.54%, 1, 0, 5, 1493.02
1775236340, 734, 267, 394, 0, 0, 0.54%, 1, 0, 5, 1519.94
1775236345, 734, 337, 394, 0, 0, 0.54%, 1, 0, 5, 1413.83
1775236350, 735, 32, 394, 0, 0, 0.54%, 1, 0, 5, 1261.10
1775236355, 735, 79, 394, 0, 0, 0.54%, 1, 0, 5, 1373.54
1775236360, 735, 93, 394, 0, 0, 0.54%, 1, 0, 5, 1499.65
1775236365, 735, 158, 394, 0, 0, 0.54%, 1, 0, 5, 1474.36
1775236371, 735, 250, 394, 0, 0, 0.54%, 1, 0, 5, 1255.38
1775236376, 735, 320, 394, 0, 0, 0.54%, 1, 0, 5, 1414.29
1775236381, 736, 9, 394, 0, 0, 0.54%, 1, 0, 5, 1227.07
1775236386, 736, 83, 394, 0, 0, 0.54%, 1, 0, 5, 1486.30
1775236391, 736, 105, 394, 0, 0, 0.54%, 1, 0, 5, 1581.13
1775236396, 736, 267, 394, 0, 0, 0.54%, 1, 0, 5, 1477.74
1775236401, 736, 337, 394, 0, 0, 0.54%, 1, 0, 5, 1363.24
1775236406, 736, 392, 394, 0, 0, 0.54%, 1, 0, 5, 941.26
1775236411, 737, 18, 394, 0, 0, 0.54%, 1, 0, 5, 1268.37
1775236416, 737, 83, 394, 0, 0, 0.54%, 1, 0, 5, 1525.90
1775236421, 737, 106, 394, 0, 0, 0.54%, 1, 0, 5, 1432.45
1775236426, 737, 165, 394, 0, 0, 0.54%, 1, 0, 5, 1479.27
1775236431, 737, 312, 394, 0, 0, 0.54%, 1, 0, 5, 1406.09
1775236437, 738, 5, 394, 0, 0, 0.54%, 1, 0, 5, 1090.99
1775236442, 738, 83, 394, 0, 0, 0.54%, 1, 0, 5, 1440.35
1775236447, 738, 139, 394, 0, 0, 0.54%, 1, 0, 5, 1424.51
1775236452, 738, 231, 394, 0, 0, 0.54%, 1, 0, 5, 1444.68
1775236457, 738, 351, 394, 0, 0, 0.54%, 1, 0, 5, 1352.42
1775236462, 739, 57, 394, 0, 0, 0.54%, 1, 0, 5, 1343.08
1775236467, 739, 106, 394, 0, 0, 0.54%, 1, 0, 5, 1470.34
1775236472, 739, 218, 394, 0, 0, 0.54%, 1, 0, 5, 1514.98
1775236477, 739, 280, 394, 0, 0, 0.54%, 1, 0, 5, 1554.68
1775236482, 739, 333, 394, 0, 0, 0.54%, 1, 0, 5, 1490.21
1775236488, 739, 389, 394, 0, 0, 0.54%, 1, 0, 5, 1101.19
1775236498, 740, 73, 394, 0, 0, 0.54%, 1, 0, 5, 1441.88
1775236503, 740, 106, 394, 0, 0, 0.54%, 1, 0, 5, 1498.01
1775236508, 740, 186, 394, 0, 0, 0.54%, 1, 0, 5, 1294.37
1775236513, 740, 312, 394, 0, 0, 0.54%, 1, 0, 5, 1380.32
1775236518, 741, 49, 394, 0, 0, 0.54%, 1, 0, 5, 1379.40
1775236523, 741, 88, 394, 0, 0, 0.54%, 1, 0, 5, 1429.04
1775236529, 741, 150, 394, 0, 0, 0.54%, 1, 0, 5, 1351.38
1775236534, 741, 249, 394, 0, 0, 0.54%, 1, 0, 5, 1439.44
1775236539, 741, 316, 394, 0, 0, 0.54%, 1, 0, 5, 1416.58
1775236544, 741, 389, 394, 0, 0, 0.54%, 1, 0, 5, 1256.91
1775236549, 742, 22, 394, 0, 0, 0.54%, 1, 0, 5, 1552.78
1775236554, 742, 86, 394, 0, 0, 0.54%, 1, 0, 5, 1467.80
1775236559, 742, 158, 394, 0, 0, 0.54%, 1, 0, 5, 1473.75
1775236564, 742, 304, 394, 0, 0, 0.54%, 1, 0, 5, 1462.60
1775236570, 743, 17, 394, 0, 0, 0.54%, 1, 0, 5, 1469.69
1775236575, 743, 73, 394, 0, 0, 0.54%, 1, 0, 5, 202.53
1775236580, 743, 106, 394, 0, 0, 0.54%, 1, 0, 5, 1437.03
1775236585, 743, 227, 394, 0, 0, 0.54%, 1, 0, 5, 1244.69
1775236590, 743, 287, 394, 0, 0, 0.54%, 1, 0, 5, 1366.45
1775236595, 743, 337, 394, 0, 0, 0.54%, 1, 0, 5, 1367.41
1775236600, 743, 388, 394, 0, 0, 0.54%, 1, 0, 5, 1517.34
1775236605, 744, 69, 394, 0, 0, 0.54%, 1, 0, 5, 1364.40
1775236610, 744, 93, 394, 0, 0, 0.54%, 1, 0, 5, 1494.03
1775236616, 744, 180, 394, 0, 0, 0.54%, 1, 0, 5, 1464.10
1775236621, 744, 317, 394, 0, 0, 0.54%, 1, 0, 5, 1464.32
1775236626, 744, 388, 394, 0, 0, 0.54%, 1, 0, 5, 1414.46
1775236631, 745, 59, 394, 0, 0, 0.54%, 1, 0, 5, 1331.42
1775236636, 745, 93, 394, 0, 0, 0.54%, 1, 0, 5, 1474.77
1775236641, 745, 146, 394, 0, 0, 0.54%, 1, 0, 5, 1344.75
1775236646, 745, 304, 394, 0, 0, 0.54%, 1, 0, 5, 1446.74
1775236651, 746, 15, 394, 0, 0, 0.54%, 1, 0, 5, 1194.55
1775236656, 746, 80, 394, 0, 0, 0.54%, 1, 0, 5, 1368.64
1775236661, 746, 98, 394, 0, 0, 0.54%, 1, 0, 5, 1479.77
1775236666, 746, 221, 394, 0, 0, 0.54%, 1, 0, 5, 1457.46
1775236671, 746, 312, 394, 0, 0, 0.54%, 1, 0, 5, 1401.01
1775236676, 747, 21, 394, 0, 0, 0.54%, 1, 0, 5, 1410.55
1775236682, 747, 83, 394, 0, 0, 0.54%, 1, 0, 5, 1396.47
1775236687, 747, 112, 394, 0, 0, 0.54%, 1, 0, 5, 1416.21
1775236692, 747, 191, 394, 0, 0, 0.54%, 1, 0, 5, 1544.30
1775236697, 747, 312, 394, 0, 0, 0.54%, 1, 0, 5, 1428.10
1775236702, 748, 33, 394, 0, 0, 0.54%, 1, 0, 5, 1325.72
1775236707, 748, 83, 394, 0, 0, 0.54%, 1, 0, 5, 1404.67
1775236712, 748, 137, 394, 0, 0, 0.54%, 1, 0, 5, 1355.07
1775236717, 748, 274, 394, 0, 0, 0.54%, 1, 0, 5, 1362.83
1775236722, 748, 311, 394, 0, 0, 0.54%, 1, 0, 5, 1363.45
1775236727, 749, 31, 394, 0, 0, 0.54%, 1, 0, 5, 1398.03
1775236732, 749, 83, 394, 0, 0, 0.54%, 1, 0, 5, 1292.76
1775236738, 749, 106, 394, 0, 0, 0.54%, 1, 0, 5, 1501.23
1775236743, 749, 240, 394, 0, 0, 0.54%, 1, 0, 5, 1527.30
1775236748, 749, 287, 394, 0, 0, 0.54%, 1, 0, 5, 1414.02
1775236753, 750, 27, 394, 0, 0, 0.54%, 1, 0, 5, 1416.07
1775236758, 750, 83, 394, 0, 0, 0.54%, 1, 0, 5, 1409.30
1775236763, 750, 106, 394, 0, 0, 0.54%, 1, 0, 5, 221.45
1775236768, 750, 238, 394, 0, 0, 0.54%, 1, 0, 5, 1296.57
1775236773, 750, 337, 394, 0, 0, 0.54%, 1, 0, 5, 1215.41
1775236778, 750, 388, 394, 0, 0, 0.54%, 1, 0, 5, 1205.12
1775236783, 751, 86, 394, 0, 0, 0.54%, 1, 0, 5, 1509.24
1775236788, 751, 167, 394, 0, 0, 0.54%, 1, 0, 5, 1473.93
1775236793, 751, 250, 394, 0, 0, 0.54%, 1, 0, 5, 1490.36
1775236799, 751, 377, 394, 0, 0, 0.54%, 1, 0, 5, 1399.90
1775236804, 752, 24, 394, 0, 0, 0.54%, 1, 0, 5, 1157.78
1775236809, 752, 70, 394, 0, 0, 0.54%, 1, 0, 5, 1391.84
1775236814, 752, 88, 394, 0, 0, 0.54%, 1, 0, 5, 1354.44
1775236819, 752, 169, 394, 0, 0, 0.54%, 1, 0, 5, 1412.77
1775236824, 752, 275, 394, 0, 0, 0.54%, 1, 0, 5, 1488.44
1775236829, 752, 323, 394, 0, 0, 0.54%, 1, 0, 5, 1664.51
1775236834, 753, 51, 394, 0, 0, 0.54%, 1, 0, 5, 1534.29
1775236839, 753, 88, 394, 0, 0, 0.54%, 1, 0, 5, 1458.02
1775236844, 753, 198, 394, 0, 0, 0.54%, 1, 0, 5, 1485.12
1775236849, 753, 270, 394, 0, 0, 0.54%, 1, 0, 5, 1421.85
1775236854, 753, 304, 394, 0, 0, 0.54%, 1, 0, 5, 1372.74
1775236859, 753, 385, 394, 0, 0, 0.54%, 1, 0, 5, 1242.00
1775236865, 754, 60, 394, 0, 0, 0.54%, 1, 0, 5, 1334.57
1775236870, 754, 89, 394, 0, 0, 0.54%, 1, 0, 5, 1449.34
1775236875, 754, 125, 394, 0, 0, 0.54%, 1, 0, 5, 1500.42
1775236880, 754, 207, 394, 0, 0, 0.54%, 1, 0, 5, 1458.73
1775236885, 754, 312, 394, 0, 0, 0.54%, 1, 0, 5, 1449.09
1775236890, 754, 376, 394, 0, 0, 0.54%, 1, 0, 5, 1213.62
1775236895, 755, 73, 394, 0, 0, 0.54%, 1, 0, 5, 1450.54
1775236900, 755, 106, 394, 0, 0, 0.54%, 1, 0, 5, 1529.71
1775236905, 755, 238, 394, 0, 0, 0.54%, 1, 0, 5, 1411.81
1775236910, 755, 312, 394, 0, 0, 0.54%, 1, 0, 5, 1429.22
1775236915, 756, 51, 394, 0, 0, 0.54%, 1, 0, 5, 1473.71
1775236921, 756, 88, 394, 0, 0, 0.54%, 1, 0, 5, 1531.60
1775236926, 756, 128, 394, 0, 0, 0.54%, 1, 0, 5, 1437.92
1775236931, 756, 254, 394, 0, 0, 0.54%, 1, 0, 5, 1435.49
1775236936, 756, 314, 394, 0, 0, 0.54%, 1, 0, 5, 1361.36
1775236941, 757, 9, 394, 0, 0, 0.54%, 1, 0, 5, 1207.15
1775236946, 757, 57, 394, 0, 0, 0.54%, 1, 0, 5, 1488.00
1775236951, 757, 86, 394, 0, 0, 0.54%, 1, 0, 5, 1525.79
1775236956, 757, 158, 394, 0, 0, 0.54%, 1, 0, 5, 1390.05
1775236961, 757, 259, 394, 0, 0, 0.54%, 1, 0, 5, 1531.14
1775236966, 757, 379, 394, 0, 0, 0.54%, 1, 0, 5, 1225.91
1775236972, 758, 83, 394, 0, 0, 0.54%, 1, 0, 5, 1505.66
1775236977, 758, 106, 394, 0, 0, 0.54%, 1, 0, 5, 1516.13
1775236982, 758, 141, 394, 0, 0, 0.54%, 1, 0, 5, 1508.49
1775236987, 758, 188, 394, 0, 0, 0.54%, 1, 0, 5, 1442.43
1775236992, 758, 336, 394, 0, 0, 0.54%, 1, 0, 5, 1432.19
1775236997, 759, 68, 394, 0, 0, 0.54%, 1, 0, 5, 1456.27
1775237002, 759, 86, 394, 0, 0, 0.54%, 1, 0, 5, 1447.93
1775237007, 759, 241, 394, 0, 0, 0.54%, 1, 0, 5, 1446.72
1775237013, 759, 341, 394, 0, 0, 0.54%, 1, 0, 5, 1337.47
1775237018, 760, 73, 394, 0, 0, 0.54%, 1, 0, 5, 1442.84
1775237023, 760, 106, 394, 0, 0, 0.54%, 1, 0, 5, 1553.46
1775237028, 760, 211, 394, 0, 0, 0.54%, 1, 0, 5, 1636.71
1775237033, 760, 255, 394, 0, 0, 0.54%, 1, 0, 5, 1466.32
1775237038, 760, 311, 394, 0, 0, 0.54%, 1, 0, 5, 1446.41
1775237043, 761, 57, 394, 0, 0, 0.54%, 1, 0, 5, 1437.11
1775237048, 761, 93, 394, 0, 0, 0.54%, 1, 0, 5, 1403.35
1775237053, 761, 158, 394, 0, 0, 0.54%, 1, 0, 5, 1409.26
1775237058, 761, 280, 394, 0, 0, 0.54%, 1, 0, 5, 1462.30
1775237063, 761, 313, 394, 0, 0, 0.54%, 1, 0, 5, 1479.36
1775237068, 762, 43, 394, 0, 0, 0.54%, 1, 0, 5, 1394.55
1775237073, 762, 86, 394, 0, 0, 0.54%, 1, 0, 5, 1456.55
1775237078, 762, 130, 394, 0, 0, 0.54%, 1, 0, 5, 1524.46
1775237084, 762, 263, 394, 0, 0, 0.54%, 1, 0, 5, 1492.13
1775237089, 762, 329, 394, 0, 0, 0.54%, 1, 0, 5, 1475.06
1775237094, 763, 57, 394, 0, 0, 0.54%, 1, 0, 5, 1458.38
1775237099, 763, 93, 394, 0, 0, 0.54%, 1, 0, 5, 1433.41
1775237104, 763, 141, 394, 0, 0, 0.54%, 1, 0, 5, 1351.10
1775237109, 763, 213, 394, 0, 0, 0.54%, 1, 0, 5, 1480.95
1775237114, 763, 258, 394, 0, 0, 0.54%, 1, 0, 5, 1447.10
1775237119, 763, 304, 394, 0, 0, 0.54%, 1, 0, 5, 1232.83
1775237124, 764, 19, 394, 0, 0, 0.54%, 1, 0, 5, 1224.55
1775237129, 764, 81, 394, 0, 0, 0.54%, 1, 0, 5, 1430.58
1775237134, 764, 106, 394, 0, 0, 0.54%, 1, 0, 5, 1461.64
1775237139, 764, 217, 394, 0, 0, 0.54%, 1, 0, 5, 1398.34
1775237144, 764, 304, 394, 0, 0, 0.54%, 1, 0, 5, 1449.24
1775237149, 765, 21, 394, 0, 0, 0.54%, 1, 0, 5, 1403.12
1775237155, 765, 86, 394, 0, 0, 0.54%, 1, 0, 5, 1505.41
1775237160, 765, 126, 394, 0, 0, 0.54%, 1, 0, 5, 1400.51
1775237165, 765, 276, 394, 0, 0, 0.54%, 1, 0, 5, 1513.93
1775237170, 765, 341, 394, 0, 0, 0.54%, 1, 0, 5, 1319.50
1775237175, 766, 73, 394, 0, 0, 0.54%, 1, 0, 5, 1420.25
1775237180, 766, 106, 394, 0, 0, 0.54%, 1, 0, 5, 1361.74
1775237185, 766, 208, 394, 0, 0, 0.54%, 1, 0, 5, 1415.62
1775237191, 766, 333, 394, 0, 0, 0.54%, 1, 0, 5, 1396.29
1775237196, 766, 389, 394, 0, 0, 0.54%, 1, 0, 5, 1310.26
1775237201, 767, 11, 394, 0, 0, 0.54%, 1, 0, 5, 1416.37
1775237206, 767, 86, 394, 0, 0, 0.54%, 1, 0, 5, 1498.25
1775237211, 767, 219, 394, 0, 0, 0.54%, 1, 0, 5, 1462.18
1775237216, 767, 337, 394, 0, 0, 0.54%, 1, 0, 5, 1283.36
1775237221, 768, 82, 394, 0, 0, 0.54%, 1, 0, 5, 1505.73
1775237226, 768, 106, 394, 0, 0, 0.54%, 1, 0, 5, 1460.99
1775237231, 768, 169, 394, 0, 0, 0.54%, 1, 0, 5, 1525.48
1775237237, 768, 277, 394, 0, 0, 0.54%, 1, 0, 5, 1674.61
1775237242, 768, 337, 394, 0, 0, 0.54%, 1, 0, 5, 1498.40
1775237247, 769, 32, 394, 0, 0, 0.54%, 1, 0, 5, 1632.19
1775237252, 769, 86, 394, 0, 0, 0.54%, 1, 0, 5, 1644.77
1775237257, 769, 123, 394, 0, 0, 0.54%, 1, 0, 5, 1561.23
1775237262, 769, 229, 394, 0, 0, 0.54%, 1, 0, 5, 1511.45
1775237267, 769, 311, 394, 0, 0, 0.54%, 1, 0, 5, 1431.16
1775237273, 770, 50, 394, 0, 0, 0.54%, 1, 0, 5, 1425.83
1775237278, 770, 86, 394, 0, 0, 0.54%, 1, 0, 5, 1484.30
1775237283, 770, 158, 394, 0, 0, 0.54%, 1, 0, 5, 1411.77
1775237288, 770, 220, 394, 0, 0, 0.54%, 1, 0, 5, 1401.31
1775237293, 770, 337, 394, 0, 0, 0.54%, 1, 0, 5, 1414.25
1775237298, 771, 53, 394, 0, 0, 0.54%, 1, 0, 5, 1406.69
1775237303, 771, 83, 394, 0, 0, 0.54%, 1, 0, 5, 1549.26
1775237308, 771, 127, 394, 0, 0, 0.54%, 1, 0, 5, 1505.08
1775237313, 771, 260, 394, 0, 0, 0.54%, 1, 0, 5, 1505.73
1775237318, 772, 4, 394, 0, 0, 0.54%, 1, 0, 5, 1271.19
1775237324, 772, 88, 394, 0, 0, 0.54%, 1, 0, 5, 1475.24
1775237329, 772, 176, 394, 0, 0, 0.54%, 1, 0, 5, 1417.07
1775237334, 772, 311, 394, 0, 0, 0.54%, 1, 0, 5, 1429.98
1775237339, 772, 393, 394, 0, 0, 0.54%, 1, 0, 5, 1335.64
1775237344, 773, 57, 394, 0, 0, 0.54%, 1, 0, 5, 1461.09
1775237349, 773, 88, 394, 0, 0, 0.54%, 1, 0, 5, 1532.80
1775237354, 773, 129, 394, 0, 0, 0.54%, 1, 0, 5, 1446.52
1775237359, 773, 245, 394, 0, 0, 0.54%, 1, 0, 5, 1416.01
1775237365, 773, 310, 394, 0, 0, 0.54%, 1, 0, 5, 1456.46
1775237370, 774, 51, 394, 0, 0, 0.54%, 1, 0, 5, 1395.43
1775237375, 774, 88, 394, 0, 0, 0.54%, 1, 0, 5, 1490.55
1775237380, 774, 199, 394, 0, 0, 0.54%, 1, 0, 5, 1529.00
1775237385, 774, 304, 394, 0, 0, 0.54%, 1, 0, 5, 1443.16
1775237390, 775, 38, 394, 0, 0, 0.54%, 1, 0, 5, 1355.78
1775237395, 775, 84, 394, 0, 0, 0.54%, 1, 0, 5, 1453.71
1775237400, 775, 113, 394, 0, 0, 0.54%, 1, 0, 5, 1439.31
1775237405, 775, 186, 394, 0, 0, 0.54%, 1, 0, 5, 1556.72
1775237410, 775, 231, 394, 0, 0, 0.54%, 1, 0, 5, 1430.74
1775237416, 775, 311, 394, 0, 0, 0.54%, 1, 0, 5, 1387.61
1775237421, 776, 16, 394, 0, 0, 0.54%, 1, 0, 5, 1309.81
1775237426, 776, 75, 394, 0, 0, 0.54%, 1, 0, 5, 1478.44
1775237431, 776, 91, 394, 0, 0, 0.54%, 1, 0, 5, 1533.84
1775237436, 776, 133, 394, 0, 0, 0.54%, 1, 0, 5, 1486.84
1775237441, 776, 252, 394, 0, 0, 0.54%, 1, 0, 5, 1434.85
1775237446, 776, 337, 394, 0, 0, 0.54%, 1, 0, 5, 1384.56
1775237451, 777, 71, 394, 0, 0, 0.54%, 1, 0, 5, 1486.32
1775237456, 777, 88, 394, 0, 0, 0.54%, 1, 0, 5, 1434.77
1775237461, 777, 117, 394, 0, 0, 0.54%, 1, 0, 5, 1428.71
1775237467, 777, 260, 394, 0, 0, 0.54%, 1, 0, 5, 1524.93
1775237472, 777, 392, 394, 0, 0, 0.54%, 1, 0, 5, 1365.64
1775237477, 778, 83, 394, 0, 0, 0.54%, 1, 0, 5, 1478.16
1775237482, 778, 115, 394, 0, 0, 0.54%, 1, 0, 5, 1211.45
1775237487, 778, 287, 394, 0, 0, 0.54%, 1, 0, 5, 1402.81
1775237492, 778, 384, 394, 0, 0, 0.54%, 1, 0, 5, 1193.93
1775237497, 779, 57, 394, 0, 0, 0.54%, 1, 0, 5, 1360.48
1775237502, 779, 92, 394, 0, 0, 0.54%, 1, 0, 5, 1519.35
1775237507, 779, 128, 394, 0, 0, 0.54%, 1, 0, 5, 1446.37
1775237513, 779, 263, 394, 0, 0, 0.54%, 1, 0, 5, 1430.02
1775237518, 779, 337, 394, 0, 0, 0.54%, 1, 0, 5, 1382.55
1775237523, 780, 73, 394, 0, 0, 0.54%, 1, 0, 5, 1494.10
1775237528, 780, 93, 394, 0, 0, 0.54%, 1, 0, 5, 1547.23
1775237533, 780, 247, 394, 0, 0, 0.54%, 1, 0, 5, 1523.38
1775237538, 780, 311, 394, 0, 0, 0.54%, 1, 0, 5, 1473.22
1775237543, 781, 8, 394, 0, 0, 0.54%, 1, 0, 5, 1462.29
1775237549, 781, 73, 394, 0, 0, 0.54%, 1, 0, 5, 1568.42
1775237554, 781, 115, 394, 0, 0, 0.54%, 1, 0, 5, 1580.02
1775237559, 781, 260, 394, 0, 0, 0.54%, 1, 0, 5, 1443.04
1775237564, 782, 30, 394, 0, 0, 0.54%, 1, 0, 5, 1469.52
1775237569, 782, 86, 394, 0, 0, 0.54%, 1, 0, 5, 1472.07
1775237574, 782, 106, 394, 0, 0, 0.54%, 1, 0, 5, 1477.52
1775237579, 782, 171, 394, 0, 0, 0.54%, 1, 0, 5, 1514.68
1775237584, 782, 304, 394, 0, 0, 0.54%, 1, 0, 5, 1481.61
1775237589, 782, 387, 394, 0, 0, 0.54%, 1, 0, 5, 1463.92
1775237594, 783, 57, 394, 0, 0, 0.54%, 1, 0, 5, 1596.57
1775237599, 783, 93, 394, 0, 0, 0.54%, 1, 0, 5, 1745.35
1775237604, 783, 231, 394, 0, 0, 0.54%, 1, 0, 5, 1545.99
1775237609, 783, 323, 394, 0, 0, 0.54%, 1, 0, 5, 1350.76
1775237615, 784, 21, 394, 0, 0, 0.54%, 1, 0, 5, 1337.11
1775237620, 784, 83, 394, 0, 0, 0.54%, 1, 0, 5, 1445.01
1775237625, 784, 110, 394, 0, 0, 0.54%, 1, 0, 5, 1450.96
1775237630, 784, 214, 394, 0, 0, 0.54%, 1, 0, 5, 1488.52
1775237635, 784, 311, 394, 0, 0, 0.54%, 1, 0, 5, 1351.91
1775237640, 785, 20, 394, 0, 0, 0.54%, 1, 0, 5, 1327.01
1775237645, 785, 73, 394, 0, 0, 0.54%, 1, 0, 5, 1520.19
1775237650, 785, 106, 394, 0, 0, 0.54%, 1, 0, 5, 1512.55
1775237655, 785, 152, 394, 0, 0, 0.54%, 1, 0, 5, 1476.37
1775237660, 785, 263, 394, 0, 0, 0.54%, 1, 0, 5, 1566.30
1775237665, 785, 317, 394, 0, 0, 0.54%, 1, 0, 5, 1468.40
1775237670, 786, 1, 394, 0, 0, 0.54%, 1, 0, 5, 1005.01
1775237676, 786, 74, 394, 0, 0, 0.54%, 1, 0, 5, 1376.25
1775237681, 786, 102, 394, 0, 0, 0.54%, 1, 0, 5, 1542.75
1775237686, 786, 235, 394, 0, 0, 0.54%, 1, 0, 5, 1572.78
1775237691, 786, 311, 394, 0, 0, 0.54%, 1, 0, 5, 1442.55
1775237696, 787, 48, 394, 0, 0, 0.54%, 1, 0, 5, 1418.49
1775237701, 787, 83, 394, 0, 0, 0.54%, 1, 0, 5, 1431.65
1775237706, 787, 106, 394, 0, 0, 0.54%, 1, 0, 5, 1480.08
1775237711, 787, 138, 394, 0, 0, 0.54%, 1, 0, 5, 1432.23
1775237716, 787, 228, 394, 0, 0, 0.54%, 1, 0, 5, 1293.18
1775237721, 787, 337, 394, 0, 0, 0.54%, 1, 0, 5, 1369.68
1775237727, 788, 41, 394, 0, 0, 0.54%, 1, 0, 5, 1355.66
1775237732, 788, 83, 394, 0, 0, 0.54%, 1, 0, 5, 1488.00
1775237737, 788, 106, 394, 0, 0, 0.54%, 1, 0, 5, 1492.11
1775237742, 788, 158, 394, 0, 0, 0.54%, 1, 0, 5, 1486.63
1775237747, 788, 312, 394, 0, 0, 0.54%, 1, 0, 5, 1392.24
1775237752, 789, 42, 394, 0, 0, 0.54%, 1, 0, 5, 1390.17
1775237757, 789, 86, 394, 0, 0, 0.54%, 1, 0, 5, 1459.49
1775237762, 789, 213, 394, 0, 0, 0.54%, 1, 0, 5, 1508.38
1775237767, 789, 287, 394, 0, 0, 0.54%, 1, 0, 5, 1482.34
1775237772, 789, 335, 394, 0, 0, 0.54%, 1, 0, 5, 1436.44
1775237777, 789, 388, 394, 0, 0, 0.54%, 1, 0, 5, 1396.94
1775237783, 790, 51, 394, 0, 0, 0.54%, 1, 0, 5, 1466.29
1775237788, 790, 83, 394, 0, 0, 0.54%, 1, 0, 5, 1427.03
1775237793, 790, 110, 394, 0, 0, 0.54%, 1, 0, 5, 1480.23
1775237798, 790, 200, 394, 0, 0, 0.54%, 1, 0, 5, 1506.34
1775237803, 790, 280, 394, 0, 0, 0.54%, 1, 0, 5, 1505.95
1775237808, 790, 349, 394, 0, 0, 0.54%, 1, 0, 5, 1454.32
1775237813, 791, 73, 394, 0, 0, 0.54%, 1, 0, 5, 1544.21
1775237818, 791, 106, 394, 0, 0, 0.54%, 1, 0, 5, 1616.11
1775237823, 791, 158, 394, 0, 0, 0.54%, 1, 0, 5, 1456.46
1775237828, 791, 279, 394, 0, 0, 0.54%, 1, 0, 5, 1459.01
1775237833, 791, 315, 394, 0, 0, 0.54%, 1, 0, 5, 1421.47
1775237838, 792, 62, 394, 0, 0, 0.54%, 1, 0, 5, 1428.19
1775237843, 792, 93, 394, 0, 0, 0.54%, 1, 0, 5, 1484.66
1775237848, 792, 158, 394, 0, 0, 0.54%, 1, 0, 5, 1446.42
1775237853, 792, 244, 394, 0, 0, 0.54%, 1, 0, 5, 1393.02
1775237859, 792, 311, 394, 0, 0, 0.54%, 1, 0, 5, 1340.17
1775237864, 793, 29, 394, 0, 0, 0.54%, 1, 0, 5, 1562.08
1775237869, 793, 86, 394, 0, 0, 0.54%, 1, 0, 5, 1560.92
1775237874, 793, 145, 394, 0, 0, 0.54%, 1, 0, 5, 1464.28
1775237879, 793, 201, 394, 0, 0, 0.54%, 1, 0, 5, 1466.50
1775237884, 793, 312, 394, 0, 0, 0.54%, 1, 0, 5, 1343.80
1775237889, 793, 388, 394, 0, 0, 0.54%, 1, 0, 5, 1457.56
1775237894, 794, 40, 394, 0, 0, 0.54%, 1, 0, 5, 1434.77
1775237899, 794, 60, 394, 0, 0, 0.54%, 1, 0, 5, 1307.41
1775237904, 794, 88, 394, 0, 0, 0.54%, 1, 0, 5, 1543.41
1775237909, 794, 143, 394, 0, 0, 0.54%, 1, 0, 5, 1523.45
1775237915, 794, 263, 394, 0, 0, 0.54%, 1, 0, 5, 1438.96
1775237920, 794, 316, 394, 0, 0, 0.54%, 1, 0, 5, 1405.71
1775237925, 795, 57, 394, 0, 0, 0.54%, 1, 0, 5, 1391.73
1775237930, 795, 93, 394, 0, 0, 0.54%, 1, 0, 5, 1407.26
1775237935, 795, 185, 394, 0, 0, 0.54%, 1, 0, 5, 1544.01
1775237940, 795, 303, 394, 0, 0, 0.54%, 1, 0, 5, 1378.69
1775237945, 796, 6, 394, 0, 0, 0.54%, 1, 0, 5, 1381.64
1775237950, 796, 57, 394, 0, 0, 0.54%, 1, 0, 5, 1417.09
1775237955, 796, 86, 394, 0, 0, 0.54%, 1, 0, 5, 1551.36
1775237960, 796, 129, 394, 0, 0, 0.54%, 1, 0, 5, 1512.38
1775237965, 796, 304, 394, 0, 0, 0.54%, 1, 0, 5, 1441.28
1775237970, 796, 388, 394, 0, 0, 0.54%, 1, 0, 5, 1370.70
1775237975, 797, 33, 394, 0, 0, 0.54%, 1, 0, 5, 1489.45
1775237980, 797, 77, 394, 0, 0, 0.54%, 1, 0, 5, 1542.43
1775237986, 797, 102, 394, 0, 0, 0.54%, 1, 0, 5, 1474.33
1775237991, 797, 170, 394, 0, 0, 0.54%, 1, 0, 5, 1359.69
1775237996, 797, 311, 394, 0, 0, 0.54%, 1, 0, 5, 1426.61
1775238001, 798, 57, 394, 0, 0, 0.54%, 1, 0, 5, 1414.77
1775238006, 798, 93, 394, 0, 0, 0.54%, 1, 0, 5, 1375.13
1775238011, 798, 140, 394, 0, 0, 0.54%, 1, 0, 5, 1246.00
1775238016, 798, 192, 394, 0, 0, 0.54%, 1, 0, 5, 1308.53
1775238021, 798, 304, 394, 0, 0, 0.54%, 1, 0, 5, 1497.85
1775238026, 799, 42, 394, 0, 0, 0.54%, 1, 0, 5, 1407.81
1775238031, 799, 88, 394, 0, 0, 0.54%, 1, 0, 5, 1525.86
1775238037, 799, 158, 394, 0, 0, 0.54%, 1, 0, 5, 1502.41
1775238042, 799, 333, 394, 0, 0, 0.54%, 1, 0, 5, 1447.46
1775238047, 800, 17, 394, 0, 0, 0.54%, 1, 0, 5, 1335.69
1775238052, 800, 83, 394, 0, 0, 0.54%, 1, 0, 5, 1479.91
1775238057, 800, 108, 394, 0, 0, 0.54%, 1, 0, 5, 1419.94
1775238062, 800, 285, 394, 0, 0, 0.54%, 1, 0, 5, 1421.14
1775238067, 800, 337, 394, 0, 0, 0.54%, 1, 0, 5, 1376.64
1775238072, 801, 49, 394, 0, 0, 0.54%, 1, 0, 5, 1496.25
1775238077, 801, 88, 394, 0, 0, 0.54%, 1, 0, 5, 1637.88
1775238082, 801, 126, 394, 0, 0, 0.54%, 1, 0, 5, 1494.77
1775238088, 801, 214, 394, 0, 0, 0.54%, 1, 0, 5, 1366.57
1775238093, 801, 304, 394, 0, 0, 0.54%, 1, 0, 5, 1340.21
1775238098, 802, 8, 394, 0, 0, 0.54%, 1, 0, 5, 1406.77
1775238103, 802, 80, 394, 0, 0, 0.54%, 1, 0, 5, 1451.29
1775238108, 802, 93, 394, 0, 0, 0.54%, 1, 0, 5, 1481.84
1775238113, 802, 146, 394, 0, 0, 0.54%, 1, 0, 5, 1392.80
1775238118, 802, 304, 394, 0, 0, 0.54%, 1, 0, 5, 1442.89
1775238123, 803, 21, 394, 0, 0, 0.54%, 1, 0, 5, 1243.32
1775238128, 803, 57, 394, 0, 0, 0.54%, 1, 0, 5, 1400.02
1775238133, 803, 86, 394, 0, 0, 0.54%, 1, 0, 5, 1529.67
1775238138, 803, 130, 394, 0, 0, 0.54%, 1, 0, 5, 1552.54
1775238143, 803, 286, 394, 0, 0, 0.54%, 1, 0, 5, 1433.81
1775238149, 803, 313, 394, 0, 0, 0.54%, 1, 0, 5, 1400.12
1775238154, 804, 51, 394, 0, 0, 0.54%, 1, 0, 5, 1396.24
1775238159, 804, 86, 394, 0, 0, 0.54%, 1, 0, 5, 1419.83
1775238164, 804, 158, 394, 0, 0, 0.54%, 1, 0, 5, 1438.86
1775238169, 804, 269, 394, 0, 0, 0.54%, 1, 0, 5, 1500.46
1775238174, 804, 344, 394, 0, 0, 0.54%, 1, 0, 5, 1295.19
1775238179, 805, 57, 394, 0, 0, 0.54%, 1, 0, 5, 1512.68
1775238184, 805, 93, 394, 0, 0, 0.54%, 1, 0, 5, 1465.18
1775238189, 805, 158, 394, 0, 0, 0.54%, 1, 0, 5, 1456.36
1775238194, 805, 243, 394, 0, 0, 0.54%, 1, 0, 5, 1429.50
1775238200, 805, 337, 394, 0, 0, 0.54%, 1, 0, 5, 1337.22
1775238205, 806, 51, 394, 0, 0, 0.54%, 1, 0, 5, 1323.65
1775238210, 806, 86, 394, 0, 0, 0.54%, 1, 0, 5, 1453.16
1775238215, 806, 124, 394, 0, 0, 0.54%, 1, 0, 5, 1446.41
1775238220, 806, 241, 394, 0, 0, 0.54%, 1, 0, 5, 1523.47
1775238225, 806, 304, 394, 0, 0, 0.54%, 1, 0, 5, 1473.57
1775238230, 806, 347, 394, 0, 0, 0.54%, 1, 0, 5, 1329.98
1775238235, 807, 73, 394, 0, 0, 0.54%, 1, 0, 5, 1445.91
1775238240, 807, 93, 394, 0, 0, 0.54%, 1, 0, 5, 1514.65
1775238245, 807, 169, 394, 0, 0, 0.54%, 1, 0, 5, 1436.21
1775238251, 807, 263, 394, 0, 0, 0.54%, 1, 0, 5, 1439.77
1775238256, 807, 358, 394, 0, 0, 0.54%, 1, 0, 5, 1394.97
1775238261, 808, 57, 394, 0, 0, 0.54%, 1, 0, 5, 1459.34
1775238266, 808, 88, 394, 0, 0, 0.54%, 1, 0, 5, 1397.02
1775238271, 808, 158, 394, 0, 0, 0.54%, 1, 0, 5, 1452.01
1775238276, 808, 310, 394, 0, 0, 0.54%, 1, 0, 5, 1486.60
1775238281, 808, 386, 394, 0, 0, 0.54%, 1, 0, 5, 1262.09
1775238286, 809, 60, 394, 0, 0, 0.54%, 1, 0, 5, 1359.14
1775238291, 809, 93, 394, 0, 0, 0.54%, 1, 0, 5, 1557.55
1775238296, 809, 145, 394, 0, 0, 0.54%, 1, 0, 5, 1454.18
1775238301, 809, 255, 394, 0, 0, 0.54%, 1, 0, 5, 1429.04
1775238307, 809, 312, 394, 0, 0, 0.54%, 1, 0, 5, 1557.36
1775238312, 810, 73, 394, 0, 0, 0.54%, 1, 0, 5, 1485.37
1775238317, 810, 98, 394, 0, 0, 0.54%, 1, 0, 5, 1482.43
1775238322, 810, 158, 394, 0, 0, 0.54%, 1, 0, 5, 1418.88
1775238327, 810, 312, 394, 0, 0, 0.54%, 1, 0, 5, 1438.66
1775238332, 811, 51, 394, 0, 0, 0.54%, 1, 0, 5, 1491.98
1775238338, 811, 73, 394, 0, 0, 0.54%, 1, 0, 5, 1399.24
1775238343, 811, 105, 394, 0, 0, 0.54%, 1, 0, 5, 1504.58
1775238348, 811, 202, 394, 0, 0, 0.54%, 1, 0, 5, 1498.62
1775238353, 811, 333, 394, 0, 0, 0.54%, 1, 0, 5, 1396.24
1775238358, 812, 57, 394, 0, 0, 0.54%, 1, 0, 5, 1393.34
1775238363, 812, 88, 394, 0, 0, 0.54%, 1, 0, 5, 1579.09
1775238369, 812, 130, 394, 0, 0, 0.54%, 1, 0, 5, 1548.44
1775238374, 812, 244, 394, 0, 0, 0.54%, 1, 0, 5, 1489.63
1775238379, 812, 304, 394, 0, 0, 0.54%, 1, 0, 5, 1533.60
1775238384, 813, 51, 394, 0, 0, 0.54%, 1, 0, 5, 1487.19
1775238389, 813, 88, 394, 0, 0, 0.54%, 1, 0, 5, 1407.64
1775238394, 813, 123, 394, 0, 0, 0.54%, 1, 0, 5, 1318.95
1775238399, 813, 252, 394, 0, 0, 0.54%, 1, 0, 5, 1448.45
1775238404, 813, 312, 394, 0, 0, 0.54%, 1, 0, 5, 1384.57
1775238409, 813, 390, 394, 0, 0, 0.54%, 1, 0, 5, 1112.65
1775238414, 814, 86, 394, 0, 0, 0.54%, 1, 0, 5, 1431.42
1775238419, 814, 158, 394, 0, 0, 0.54%, 1, 0, 5, 1437.06
1775238425, 814, 303, 394, 0, 0, 0.54%, 1, 0, 5, 1396.52
1775238430, 815, 18, 394, 0, 0, 0.54%, 1, 0, 5, 1493.03
1775238435, 815, 83, 394, 0, 0, 0.54%, 1, 0, 5, 1515.28
1775238440, 815, 106, 394, 0, 0, 0.54%, 1, 0, 5, 1468.27
1775238445, 815, 158, 394, 0, 0, 0.54%, 1, 0, 5, 1453.75
1775238450, 815, 296, 394, 0, 0, 0.54%, 1, 0, 5, 1498.83
1775238455, 815, 337, 394, 0, 0, 0.54%, 1, 0, 5, 1352.12
1775238460, 816, 30, 394, 0, 0, 0.54%, 1, 0, 5, 898.37
1775238465, 816, 84, 394, 0, 0, 0.54%, 1, 0, 5, 1293.79
1775238470, 816, 96, 394, 0, 0, 0.54%, 1, 0, 5, 1428.29
1775238476, 816, 144, 394, 0, 0, 0.54%, 1, 0, 5, 1344.90
1775238481, 816, 290, 394, 0, 0, 0.54%, 1, 0, 5, 1401.47
1775238486, 816, 375, 394, 0, 0, 0.54%, 1, 0, 5, 1347.07
1775238491, 817, 86, 394, 0, 0, 0.54%, 1, 0, 5, 1544.16
1775238496, 817, 134, 394, 0, 0, 0.54%, 1, 0, 5, 1448.71
1775238501, 817, 227, 394, 0, 0, 0.54%, 1, 0, 5, 1592.04
1775238506, 817, 304, 394, 0, 0, 0.54%, 1, 0, 5, 1383.99
1775238511, 818, 57, 394, 0, 0, 0.54%, 1, 0, 5, 1390.68
1775238516, 818, 93, 394, 0, 0, 0.54%, 1, 0, 5, 1496.48
1775238522, 818, 141, 394, 0, 0, 0.54%, 1, 0, 5, 1383.49
1775238527, 818, 306, 394, 0, 0, 0.54%, 1, 0, 5, 1290.82
1775238532, 818, 346, 394, 0, 0, 0.54%, 1, 0, 5, 1261.13
1775238537, 819, 83, 394, 0, 0, 0.54%, 1, 0, 5, 1520.91
1775238542, 819, 102, 394, 0, 0, 0.54%, 1, 0, 5, 1452.14
1775238547, 819, 163, 394, 0, 0, 0.54%, 1, 0, 5, 1486.28
1775238552, 819, 257, 394, 0, 0, 0.54%, 1, 0, 5, 1450.87
1775238557, 819, 337, 394, 0, 0, 0.54%, 1, 0, 5, 1368.88
1775238562, 820, 86, 394, 0, 0, 0.54%, 1, 0, 5, 1479.40
1775238567, 820, 106, 394, 0, 0, 0.54%, 1, 0, 5, 1492.05
1775238572, 820, 287, 394, 0, 0, 0.54%, 1, 0, 5, 1468.12
1775238577, 820, 378, 394, 0, 0, 0.54%, 1, 0, 5, 1264.13
1775238582, 821, 57, 394, 0, 0, 0.54%, 1, 0, 5, 1347.09
1775238587, 821, 83, 394, 0, 0, 0.54%, 1, 0, 5, 1333.83
1775238593, 821, 106, 394, 0, 0, 0.54%, 1, 0, 5, 1395.27
1775238598, 821, 276, 394, 0, 0, 0.54%, 1, 0, 5, 1447.58
1775238603, 821, 319, 394, 0, 0, 0.54%, 1, 0, 5, 1442.14
1775238608, 822, 73, 394, 0, 0, 0.54%, 1, 0, 5, 1435.07
1775238613, 822, 106, 394, 0, 0, 0.54%, 1, 0, 5, 1507.20
1775238618, 822, 181, 394, 0, 0, 0.54%, 1, 0, 5, 1391.57
1775238623, 822, 304, 394, 0, 0, 0.54%, 1, 0, 5, 1415.64
1775238628, 823, 55, 394, 0, 0, 0.54%, 1, 0, 5, 1482.29
1775238633, 823, 88, 394, 0, 0, 0.54%, 1, 0, 5, 1544.07
1775238638, 823, 167, 394, 0, 0, 0.54%, 1, 0, 5, 1529.46
1775238644, 823, 287, 394, 0, 0, 0.54%, 1, 0, 5, 1533.22
1775238649, 824, 50, 394, 0, 0, 0.54%, 1, 0, 5, 1444.10
1775238654, 824, 74, 394, 0, 0, 0.54%, 1, 0, 5, 1653.93
1775238659, 824, 115, 394, 0, 0, 0.54%, 1, 0, 5, 1620.65
1775238664, 824, 171, 394, 0, 0, 0.54%, 1, 0, 5, 1505.41
1775238669, 824, 239, 394, 0, 0, 0.54%, 1, 0, 5, 1495.45
1775238674, 824, 304, 394, 0, 0, 0.54%, 1, 0, 5, 1412.00
1775238679, 825, 57, 394, 0, 0, 0.54%, 1, 0, 5, 1463.32
1775238685, 825, 88, 394, 0, 0, 0.54%, 1, 0, 5, 1521.95
1775238690, 825, 149, 394, 0, 0, 0.54%, 1, 0, 5, 1552.12
1775238695, 825, 279, 394, 0, 0, 0.54%, 1, 0, 5, 1496.38
1775238700, 825, 337, 394, 0, 0, 0.54%, 1, 0, 5, 1497.34
1775238705, 826, 57, 394, 0, 0, 0.54%, 1, 0, 5, 1471.00
1775238710, 826, 93, 394, 0, 0, 0.54%, 1, 0, 5, 1385.10
1775238715, 826, 145, 394, 0, 0, 0.54%, 1, 0, 5, 1519.57
1775238720, 826, 229, 394, 0, 0, 0.54%, 1, 0, 5, 1516.82
1775238726, 827, 16, 394, 0, 0, 0.54%, 1, 0, 5, 1417.87
1775238731, 827, 83, 394, 0, 0, 0.54%, 1, 0, 5, 1364.37
1775238736, 827, 155, 394, 0, 0, 0.54%, 1, 0, 5, 1300.70
1775238741, 827, 202, 394, 0, 0, 0.54%, 1, 0, 5, 1681.75
1775238746, 827, 287, 394, 0, 0, 0.54%, 1, 0, 5, 1546.18
1775238751, 827, 385, 394, 0, 0, 0.54%, 1, 0, 5, 1338.30
1775238756, 827, 389, 394, 0, 0, 0.54%, 1, 0, 5, 1548.37
1775238762, 828, 57, 394, 0, 0, 0.54%, 1, 0, 5, 1371.38
1775238767, 828, 86, 394, 0, 0, 0.54%, 1, 0, 5, 1534.59
1775238772, 828, 155, 394, 0, 0, 0.54%, 1, 0, 5, 1529.58
1775238777, 828, 203, 394, 0, 0, 0.54%, 1, 0, 5, 1577.11
1775238782, 828, 279, 394, 0, 0, 0.54%, 1, 0, 5, 1524.12
1775238787, 828, 359, 394, 0, 0, 0.54%, 1, 0, 5, 1334.24
1775238792, 829, 51, 394, 0, 0, 0.54%, 1, 0, 5, 1365.92
1775238797, 829, 86, 394, 0, 0, 0.54%, 1, 0, 5, 1427.18
1775238802, 829, 202, 394, 0, 0, 0.54%, 1, 0, 5, 1480.77
1775238807, 829, 287, 394, 0, 0, 0.54%, 1, 0, 5, 1371.07
1775238812, 830, 2, 394, 0, 0, 0.54%, 1, 0, 5, 1413.54
1775238818, 830, 83, 394, 0, 0, 0.54%, 1, 0, 5, 1464.58
1775238823, 830, 115, 394, 0, 0, 0.54%, 1, 0, 5, 1414.44
1775238828, 830, 179, 394, 0, 0, 0.54%, 1, 0, 5, 1384.76
1775238833, 830, 337, 394, 0, 0, 0.54%, 1, 0, 5, 1400.34
1775238838, 831, 42, 394, 0, 0, 0.54%, 1, 0, 5, 1409.93
1775238843, 831, 88, 394, 0, 0, 0.54%, 1, 0, 5, 1484.25
1775238848, 831, 234, 394, 0, 0, 0.54%, 1, 0, 5, 1457.95
1775238853, 831, 349, 394, 0, 0, 0.54%, 1, 0, 5, 1393.96
1775238858, 832, 83, 394, 0, 0, 0.54%, 1, 0, 5, 1439.22
1775238863, 832, 119, 394, 0, 0, 0.54%, 1, 0, 5, 1496.67
1775238869, 832, 287, 394, 0, 0, 0.54%, 1, 0, 5, 1447.68
1775238874, 832, 383, 394, 0, 0, 0.54%, 1, 0, 5, 1331.07
1775238879, 833, 64, 394, 0, 0, 0.54%, 1, 0, 5, 1423.11
1775238884, 833, 93, 394, 0, 0, 0.54%, 1, 0, 5, 1532.55
1775238889, 833, 212, 394, 0, 0, 0.54%, 1, 0, 5, 1450.27
1775238894, 833, 274, 394, 0, 0, 0.54%, 1, 0, 5, 1578.32
1775238899, 833, 349, 394, 0, 0, 0.54%, 1, 0, 5, 1334.53
1775238904, 834, 86, 394, 0, 0, 0.54%, 1, 0, 5, 1366.24
1775238909, 834, 187, 394, 0, 0, 0.54%, 1, 0, 5, 1531.92
1775238914, 834, 311, 394, 0, 0, 0.54%, 1, 0, 5, 1518.31
1775238919, 835, 73, 394, 0, 0, 0.54%, 1, 0, 5, 1487.28
1775238924, 835, 106, 394, 0, 0, 0.54%, 1, 0, 5, 1574.87
1775238930, 835, 248, 394, 0, 0, 0.54%, 1, 0, 5, 1333.83
1775238935, 835, 287, 394, 0, 0, 0.54%, 1, 0, 5, 1490.48
1775238940, 836, 4, 394, 0, 0, 0.54%, 1, 0, 5, 1281.70
1775238945, 836, 51, 394, 0, 0, 0.54%, 1, 0, 5, 1474.90
1775238950, 836, 87, 394, 0, 0, 0.54%, 1, 0, 5, 1398.77
1775238955, 836, 158, 394, 0, 0, 0.54%, 1, 0, 5, 1481.35
1775238960, 836, 202, 394, 0, 0, 0.54%, 1, 0, 5, 1492.66
1775238965, 836, 304, 394, 0, 0, 0.54%, 1, 0, 5, 1390.85
1775238971, 837, 27, 394, 0, 0, 0.54%, 1, 0, 5, 1403.13
1775238976, 837, 86, 394, 0, 0, 0.54%, 1, 0, 5, 1376.98
1775238981, 837, 144, 394, 0, 0, 0.54%, 1, 0, 5, 1558.13
1775238986, 837, 211, 394, 0, 0, 0.54%, 1, 0, 5, 1467.90
1775238991, 837, 323, 394, 0, 0, 0.54%, 1, 0, 5, 1373.66
1775238996, 838, 32, 394, 0, 0, 0.54%, 1, 0, 5, 1477.67
1775239001, 838, 86, 394, 0, 0, 0.54%, 1, 0, 5, 1519.07
1775239006, 838, 115, 394, 0, 0, 0.54%, 1, 0, 5, 1497.15
1775239011, 838, 191, 394, 0, 0, 0.54%, 1, 0, 5, 1434.93
1775239017, 838, 313, 394, 0, 0, 0.54%, 1, 0, 5, 1455.28
1775239022, 839, 12, 394, 0, 0, 0.54%, 1, 0, 5, 1473.27
1775239027, 839, 83, 394, 0, 0, 0.54%, 1, 0, 5, 1478.40
1775239032, 839, 116, 394, 0, 0, 0.54%, 1, 0, 5, 1495.13
1775239037, 839, 198, 394, 0, 0, 0.54%, 1, 0, 5, 1459.61
1775239042, 839, 258, 394, 0, 0, 0.54%, 1, 0, 5, 1529.46
1775239047, 839, 312, 394, 0, 0, 0.54%, 1, 0, 5, 1463.61
1775239052, 840, 57, 394, 0, 0, 0.54%, 1, 0, 5, 1482.35
1775239057, 840, 86, 394, 0, 0, 0.54%, 1, 0, 5, 1532.67
1775239062, 840, 139, 394, 0, 0, 0.54%, 1, 0, 5, 1599.09
1775239067, 840, 217, 394, 0, 0, 0.54%, 1, 0, 5, 1578.54
1775239072, 840, 333, 394, 0, 0, 0.54%, 1, 0, 5, 1442.06
1775239077, 841, 35, 394, 0, 0, 0.54%, 1, 0, 5, 1486.15
1775239082, 841, 73, 394, 0, 0, 0.54%, 1, 0, 5, 1462.21
1775239087, 841, 102, 394, 0, 0, 0.54%, 1, 0, 5, 1490.10
1775239093, 841, 158, 394, 0, 0, 0.54%, 1, 0, 5, 1443.19
1775239098, 841, 302, 394, 0, 0, 0.54%, 1, 0, 5, 1512.69
1775239103, 841, 361, 394, 0, 0, 0.54%, 1, 0, 5, 1401.30
1775239108, 842, 73, 394, 0, 0, 0.54%, 1, 0, 5, 1444.00
1775239113, 842, 106, 394, 0, 0, 0.54%, 1, 0, 5, 1451.83
1775239118, 842, 166, 394, 0, 0, 0.54%, 1, 0, 5, 1395.53
1775239123, 842, 287, 394, 0, 0, 0.54%, 1, 0, 5, 1450.80
1775239128, 842, 340, 394, 0, 0, 0.54%, 1, 0, 5, 1305.15
1775239134, 843, 57, 394, 0, 0, 0.54%, 1, 0, 5, 1314.32
1775239139, 843, 93, 394, 0, 0, 0.54%, 1, 0, 5, 1528.00
1775239144, 843, 177, 394, 0, 0, 0.54%, 1, 0, 5, 1203.97
1775239149, 843, 276, 394, 0, 0, 0.54%, 1, 0, 5, 1366.08
1775239154, 843, 333, 394, 0, 0, 0.54%, 1, 0, 5, 1333.23
1775239159, 844, 83, 394, 0, 0, 0.54%, 1, 0, 5, 1442.28
1775239164, 844, 126, 394, 0, 0, 0.54%, 1, 0, 5, 1422.29
1775239169, 844, 245, 394, 0, 0, 0.54%, 1, 0, 5, 1549.76
1775239175, 844, 333, 394, 0, 0, 0.54%, 1, 0, 5, 1405.95
1775239180, 845, 57, 394, 0, 0, 0.54%, 1, 0, 5, 1548.67
1775239185, 845, 86, 394, 0, 0, 0.54%, 1, 0, 5, 1523.51
1775239190, 845, 154, 394, 0, 0, 0.54%, 1, 0, 5, 1521.63
1775239195, 845, 227, 394, 0, 0, 0.54%, 1, 0, 5, 1536.61
1775239200, 845, 280, 394, 0, 0, 0.54%, 1, 0, 5, 1521.16
1775239205, 845, 351, 394, 0, 0, 0.54%, 1, 0, 5, 1458.56
1775239210, 846, 57, 394, 0, 0, 0.54%, 1, 0, 5, 1392.01
1775239215, 846, 86, 394, 0, 0, 0.54%, 1, 0, 5, 1524.55
1775239220, 846, 158, 394, 0, 0, 0.54%, 1, 0, 5, 1506.78
1775239225, 846, 304, 394, 0, 0, 0.54%, 1, 0, 5, 1401.83
1775239231, 847, 26, 394, 0, 0, 0.54%, 1, 0, 5, 1436.44
1775239236, 847, 83, 394, 0, 0, 0.54%, 1, 0, 5, 1444.00
1775239241, 847, 107, 394, 0, 0, 0.54%, 1, 0, 5, 1486.70
1775239246, 847, 266, 394, 0, 0, 0.54%, 1, 0, 5, 1462.23
1775239251, 847, 347, 394, 0, 0, 0.54%, 1, 0, 5, 1320.72
1775239256, 848, 50, 394, 0, 0, 0.54%, 1, 0, 5, 1544.43
1775239261, 848, 85, 394, 0, 0, 0.54%, 1, 0, 5, 1561.07
1775239266, 848, 107, 394, 0, 0, 0.54%, 1, 0, 5, 1548.90
1775239271, 848, 151, 394, 0, 0, 0.54%, 1, 0, 5, 1535.05
1775239276, 848, 311, 394, 0, 0, 0.54%, 1, 0, 5, 1442.42
1775239282, 849, 55, 394, 0, 0, 0.54%, 1, 0, 5, 1277.76
1775239287, 849, 88, 394, 0, 0, 0.54%, 1, 0, 5, 1425.35
1775239292, 849, 180, 394, 0, 0, 0.54%, 1, 0, 5, 1550.76
1775239297, 849, 280, 394, 0, 0, 0.54%, 1, 0, 5, 1475.56
1775239302, 849, 371, 394, 0, 0, 0.54%, 1, 0, 5, 1352.26
1775239307, 850, 83, 394, 0, 0, 0.54%, 1, 0, 5, 1408.25
1775239312, 850, 106, 394, 0, 0, 0.54%, 1, 0, 5, 1414.82
1775239317, 850, 222, 394, 0, 0, 0.54%, 1, 0, 5, 1490.22
1775239322, 850, 311, 394, 0, 0, 0.54%, 1, 0, 5, 1450.03
1775239327, 851, 57, 394, 0, 0, 0.54%, 1, 0, 5, 1421.13
1775239333, 851, 93, 394, 0, 0, 0.54%, 1, 0, 5, 1544.81
1775239338, 851, 188, 394, 0, 0, 0.54%, 1, 0, 5, 1420.63
1775239343, 851, 312, 394, 0, 0, 0.54%, 1, 0, 5, 1416.66
1775239348, 852, 46, 394, 0, 0, 0.54%, 1, 0, 5, 1341.63
1775239353, 852, 88, 394, 0, 0, 0.54%, 1, 0, 5, 1509.33
1775239358, 852, 163, 394, 0, 0, 0.54%, 1, 0, 5, 1412.34
1775239363, 852, 304, 394, 0, 0, 0.54%, 1, 0, 5, 1367.45
1775239368, 852, 380, 394, 0, 0, 0.54%, 1, 0, 5, 1246.60
1775239373, 853, 83, 394, 0, 0, 0.54%, 1, 0, 5, 1393.89
1775239379, 853, 106, 394, 0, 0, 0.54%, 1, 0, 5, 1511.07
1775239384, 853, 259, 394, 0, 0, 0.54%, 1, 0, 5, 1461.31
1775239389, 853, 311, 394, 0, 0, 0.54%, 1, 0, 5, 1391.51
1775239394, 854, 47, 394, 0, 0, 0.54%, 1, 0, 5, 1465.60
1775239399, 854, 73, 394, 0, 0, 0.54%, 1, 0, 5, 1531.61
1775239404, 854, 158, 394, 0, 0, 0.54%, 1, 0, 5, 1496.63
1775239409, 854, 287, 394, 0, 0, 0.54%, 1, 0, 5, 1555.42
1775239414, 854, 344, 394, 0, 0, 0.54%, 1, 0, 5, 1351.85
1775239419, 855, 51, 394, 0, 0, 0.54%, 1, 0, 5, 1396.76
1775239424, 855, 88, 394, 0, 0, 0.54%, 1, 0, 5, 1401.08
1775239429, 855, 210, 394, 0, 0, 0.54%, 1, 0, 5, 1397.26
1775239435, 855, 275, 394, 0, 0, 0.54%, 1, 0, 5, 1598.14
1775239440, 855, 311, 394, 0, 0, 0.54%, 1, 0, 5, 1506.03
1775239445, 856, 1, 394, 0, 0, 0.54%, 1, 0, 5, 1268.74
1775239450, 856, 57, 394, 0, 0, 0.54%, 1, 0, 5, 1500.64
1775239455, 856, 88, 394, 0, 0, 0.54%, 1, 0, 5, 1386.81
1775239460, 856, 153, 394, 0, 0, 0.54%, 1, 0, 5, 1427.66
1775239465, 856, 263, 394, 0, 0, 0.54%, 1, 0, 5, 1460.24
1775239470, 856, 281, 394, 0, 0, 0.54%, 1, 0, 5, 1419.43
1775239475, 856, 338, 394, 0, 0, 0.54%, 1, 0, 5, 1331.44
1775239481, 857, 57, 394, 0, 0, 0.54%, 1, 0, 5, 1395.99
1775239486, 857, 85, 394, 0, 0, 0.54%, 1, 0, 5, 1529.10
1775239491, 857, 108, 394, 0, 0, 0.54%, 1, 0, 5, 1455.19
1775239496, 857, 188, 394, 0, 0, 0.54%, 1, 0, 5, 1472.89
1775239501, 857, 281, 394, 0, 0, 0.54%, 1, 0, 5, 1443.71
1775239506, 857, 333, 394, 0, 0, 0.54%, 1, 0, 5, 1354.57
1775239511, 858, 57, 394, 0, 0, 0.54%, 1, 0, 5, 1251.63
1775239516, 858, 88, 394, 0, 0, 0.54%, 1, 0, 5, 1518.76
1775239521, 858, 200, 394, 0, 0, 0.54%, 1, 0, 5, 1432.51
1775239527, 858, 312, 394, 0, 0, 0.54%, 1, 0, 5, 1402.37
1775239532, 859, 57, 394, 0, 0, 0.54%, 1, 0, 5, 1315.77
1775239537, 859, 92, 394, 0, 0, 0.54%, 1, 0, 5, 1450.64
1775239542, 859, 167, 394, 0, 0, 0.54%, 1, 0, 5, 1529.29
1775239547, 859, 239, 394, 0, 0, 0.54%, 1, 0, 5, 1528.93
1775239552, 859, 277, 394, 0, 0, 0.54%, 1, 0, 5, 1523.80
1775239557, 859, 352, 394, 0, 0, 0.54%, 1, 0, 5, 1404.09
1775239562, 860, 47, 394, 0, 0, 0.54%, 1, 0, 5, 1491.73
1775239567, 860, 83, 394, 0, 0, 0.54%, 1, 0, 5, 1438.13
1775239572, 860, 106, 394, 0, 0, 0.54%, 1, 0, 5, 1506.66
1775239578, 860, 158, 394, 0, 0, 0.54%, 1, 0, 5, 1490.55
1775239583, 860, 208, 394, 0, 0, 0.54%, 1, 0, 5, 1557.15
1775239588, 860, 311, 394, 0, 0, 0.54%, 1, 0, 5, 1274.51
1775239593, 860, 388, 394, 0, 0, 0.54%, 1, 0, 5, 1354.23
1775239598, 861, 73, 394, 0, 0, 0.54%, 1, 0, 5, 1367.90
1775239603, 861, 158, 394, 0, 0, 0.54%, 1, 0, 5, 1580.11
1775239608, 861, 277, 394, 0, 0, 0.54%, 1, 0, 5, 1509.50
1775239613, 861, 333, 394, 0, 0, 0.54%, 1, 0, 5, 1454.36
1775239618, 862, 34, 394, 0, 0, 0.54%, 1, 0, 5, 1436.00
1775239623, 862, 83, 394, 0, 0, 0.54%, 1, 0, 5, 1471.14
1775239628, 862, 114, 394, 0, 0, 0.54%, 1, 0, 5, 1552.60
1775239634, 862, 217, 394, 0, 0, 0.54%, 1, 0, 5, 1510.08
1775239639, 862, 287, 394, 0, 0, 0.54%, 1, 0, 5, 1465.02
1775239644, 862, 349, 394, 0, 0, 0.54%, 1, 0, 5, 1406.86
1775239649, 863, 57, 394, 0, 0, 0.54%, 1, 0, 5, 1282.42
1775239654, 863, 86, 394, 0, 0, 0.54%, 1, 0, 5, 1452.46
1775239659, 863, 158, 394, 0, 0, 0.54%, 1, 0, 5, 1464.10
1775239664, 863, 225, 394, 0, 0, 0.54%, 1, 0, 5, 1353.54
1775239669, 863, 276, 394, 0, 0, 0.54%, 1, 0, 5, 1340.89
1775239674, 863, 350, 394, 0, 0, 0.54%, 1, 0, 5, 1411.96
1775239679, 864, 83, 394, 0, 0, 0.54%, 1, 0, 5, 1543.37
1775239684, 864, 106, 394, 0, 0, 0.54%, 1, 0, 5, 1529.26
1775239690, 864, 220, 394, 0, 0, 0.54%, 1, 0, 5, 1451.13
1775239695, 864, 289, 394, 0, 0, 0.54%, 1, 0, 5, 1452.22
1775239700, 864, 337, 394, 0, 0, 0.54%, 1, 0, 5, 1433.88
1775239705, 865, 45, 394, 0, 0, 0.54%, 1, 0, 5, 1291.35
1775239710, 865, 84, 394, 0, 0, 0.54%, 1, 0, 5, 1014.77
1775239715, 865, 120, 394, 0, 0, 0.54%, 1, 0, 5, 1380.67
1775239720, 865, 160, 394, 0, 0, 0.54%, 1, 0, 5, 1487.00
1775239725, 865, 304, 394, 0, 0, 0.54%, 1, 0, 5, 1615.05
1775239730, 865, 374, 394, 0, 0, 0.54%, 1, 0, 5, 1305.19
1775239735, 866, 41, 394, 0, 0, 0.54%, 1, 0, 5, 1447.82
1775239740, 866, 77, 394, 0, 0, 0.54%, 1, 0, 5, 1310.89
1775239745, 866, 98, 394, 0, 0, 0.54%, 1, 0, 5, 1394.21
1775239750, 866, 199, 394, 0, 0, 0.54%, 1, 0, 5, 1534.79
1775239756, 866, 290, 394, 0, 0, 0.54%, 1, 0, 5, 1537.94
1775239761, 866, 348, 394, 0, 0, 0.54%, 1, 0, 5, 1287.32
1775239766, 867, 35, 394, 0, 0, 0.54%, 1, 0, 5, 1214.18
1775239771, 867, 86, 394, 0, 0, 0.54%, 1, 0, 5, 1524.31
1775239776, 867, 121, 394, 0, 0, 0.54%, 1, 0, 5, 1314.97
1775239781, 867, 282, 394, 0, 0, 0.54%, 1, 0, 5, 1404.28
1775239786, 867, 391, 394, 0, 0, 0.54%, 1, 0, 5, 243.78
1775239791, 868, 73, 394, 0, 0, 0.54%, 1, 0, 5, 1635.40
1775239796, 868, 90, 394, 0, 0, 0.54%, 1, 0, 5, 1422.37
1775239801, 868, 287, 394, 0, 0, 0.54%, 1, 0, 5, 1492.42
1775239806, 868, 333, 394, 0, 0, 0.54%, 1, 0, 5, 1440.30
1775239812, 869, 65, 394, 0, 0, 0.54%, 1, 0, 5, 1435.29
1775239817, 869, 86, 394, 0, 0, 0.54%, 1, 0, 5, 1568.41
1775239822, 869, 171, 394, 0, 0, 0.54%, 1, 0, 5, 1548.18
1775239827, 869, 241, 394, 0, 0, 0.54%, 1, 0, 5, 1609.03
1775239832, 869, 329, 394, 0, 0, 0.54%, 1, 0, 5, 1502.91
1775239837, 870, 54, 394, 0, 0, 0.54%, 1, 0, 5, 1409.92
1775239842, 870, 86, 394, 0, 0, 0.54%, 1, 0, 5, 1329.10
1775239847, 870, 158, 394, 0, 0, 0.54%, 1, 0, 5, 1432.48
1775239852, 870, 312, 394, 0, 0, 0.54%, 1, 0, 5, 1250.02
1775239858, 871, 57, 394, 0, 0, 0.54%, 1, 0, 5, 1369.58
1775239863, 871, 106, 394, 0, 0, 0.54%, 1, 0, 5, 1459.17
1775239868, 871, 158, 394, 0, 0, 0.54%, 1, 0, 5, 1294.26
1775239873, 871, 234, 394, 0, 0, 0.54%, 1, 0, 5, 1369.32
1775239878, 871, 349, 394, 0, 0, 0.54%, 1, 0, 5, 1376.71
1775239883, 872, 57, 394, 0, 0, 0.54%, 1, 0, 5, 1291.85
1775239888, 872, 104, 394, 0, 0, 0.54%, 1, 0, 5, 1395.63
1775239893, 872, 158, 394, 0, 0, 0.54%, 1, 0, 5, 1395.62
1775239898, 872, 274, 394, 0, 0, 0.54%, 1, 0, 5, 1485.54
1775239903, 872, 323, 394, 0, 0, 0.54%, 1, 0, 5, 1475.35
1775239909, 873, 51, 394, 0, 0, 0.54%, 1, 0, 5, 1156.97
1775239914, 873, 83, 394, 0, 0, 0.54%, 1, 0, 5, 1428.66
1775239919, 873, 106, 394, 0, 0, 0.54%, 1, 0, 5, 1494.75
1775239924, 873, 164, 394, 0, 0, 0.54%, 1, 0, 5, 1475.76
1775239929, 873, 304, 394, 0, 0, 0.54%, 1, 0, 5, 1429.27
1775239934, 874, 5, 394, 0, 0, 0.54%, 1, 0, 5, 1276.20
1775239939, 874, 73, 394, 0, 0, 0.54%, 1, 0, 5, 1462.84
1775239944, 874, 106, 394, 0, 0, 0.54%, 1, 0, 5, 1437.02
1775239950, 874, 177, 394, 0, 0, 0.54%, 1, 0, 5, 1433.75
1775239955, 874, 311, 394, 0, 0, 0.54%, 1, 0, 5, 1367.81
1775239960, 875, 57, 394, 0, 0, 0.54%, 1, 0, 5, 297.67
1775239965, 875, 93, 394, 0, 0, 0.54%, 1, 0, 5, 1523.79
1775239970, 875, 174, 394, 0, 0, 0.54%, 1, 0, 5, 1524.39
1775239975, 875, 304, 394, 0, 0, 0.54%, 1, 0, 5, 1378.63
1775239980, 875, 384, 394, 0, 0, 0.54%, 1, 0, 5, 1300.80
1775239985, 876, 57, 394, 0, 0, 0.54%, 1, 0, 5, 1406.56
1775239990, 876, 88, 394, 0, 0, 0.54%, 1, 0, 5, 1467.04
1775239996, 876, 222, 394, 0, 0, 0.54%, 1, 0, 5, 1491.36
1775240001, 876, 329, 394, 0, 0, 0.54%, 1, 0, 5, 1453.00
1775240006, 877, 56, 394, 0, 0, 0.54%, 1, 0, 5, 1360.99
1775240011, 877, 88, 394, 0, 0, 0.54%, 1, 0, 5, 1549.19
1775240016, 877, 121, 394, 0, 0, 0.54%, 1, 0, 5, 1559.97
1775240021, 877, 162, 394, 0, 0, 0.54%, 1, 0, 5, 1309.87
1775240026, 877, 275, 394, 0, 0, 0.54%, 1, 0, 5, 1411.51
1775240031, 877, 337, 394, 0, 0, 0.54%, 1, 0, 5, 1383.56
1775240036, 878, 61, 394, 0, 0, 0.54%, 1, 0, 5, 1409.11
1775240041, 878, 88, 394, 0, 0, 0.54%, 1, 0, 5, 1508.37
1775240046, 878, 158, 394, 0, 0, 0.54%, 1, 0, 5, 1596.34
1775240051, 878, 254, 394, 0, 0, 0.54%, 1, 0, 5, 1399.82
1775240056, 878, 320, 394, 0, 0, 0.54%, 1, 0, 5, 1425.38
1775240061, 879, 57, 394, 0, 0, 0.54%, 1, 0, 5, 1501.04
1775240067, 879, 88, 394, 0, 0, 0.54%, 1, 0, 5, 1497.23
1775240072, 879, 159, 394, 0, 0, 0.54%, 1, 0, 5, 1413.37
1775240077, 879, 290, 394, 0, 0, 0.54%, 1, 0, 5, 1295.76
1775240082, 880, 7, 394, 0, 0, 0.54%, 1, 0, 5, 1226.61
1775240087, 880, 83, 394, 0, 0, 0.54%, 1, 0, 5, 1478.48
1775240092, 880, 106, 394, 0, 0, 0.54%, 1, 0, 5, 1436.47
1775240097, 880, 242, 394, 0, 0, 0.54%, 1, 0, 5, 1516.96
1775240102, 880, 304, 394, 0, 0, 0.54%, 1, 0, 5, 1369.40
1775240107, 881, 49, 394, 0, 0, 0.54%, 1, 0, 5, 1410.48
1775240112, 881, 83, 394, 0, 0, 0.54%, 1, 0, 5, 1457.69
1775240118, 881, 95, 394, 0, 0, 0.54%, 1, 0, 5, 1365.54
1775240123, 881, 187, 394, 0, 0, 0.54%, 1, 0, 5, 1478.87
1775240128, 881, 287, 394, 0, 0, 0.54%, 1, 0, 5, 1442.64
1775240133, 881, 337, 394, 0, 0, 0.54%, 1, 0, 5, 1319.39
1775240138, 882, 57, 394, 0, 0, 0.54%, 1, 0, 5, 1341.65
1775240143, 882, 86, 394, 0, 0, 0.54%, 1, 0, 5, 1463.88
1775240148, 882, 140, 394, 0, 0, 0.54%, 1, 0, 5, 1537.05
1775240153, 882, 294, 394, 0, 0, 0.54%, 1, 0, 5, 1340.09
1775240158, 882, 337, 394, 0, 0, 0.54%, 1, 0, 5, 1307.35
1775240163, 883, 57, 394, 0, 0, 0.54%, 1, 0, 5, 1507.73
1775240168, 883, 92, 394, 0, 0, 0.54%, 1, 0, 5, 1562.30
1775240174, 883, 121, 394, 0, 0, 0.54%, 1, 0, 5, 1444.31
1775240179, 883, 244, 394, 0, 0, 0.54%, 1, 0, 5, 1514.91
1775240184, 883, 311, 394, 0, 0, 0.54%, 1, 0, 5, 1441.05
1775240189, 883, 388, 394, 0, 0, 0.54%, 1, 0, 5, 1473.79
1775240194, 884, 49, 394, 0, 0, 0.54%, 1, 0, 5, 1474.81
1775240199, 884, 86, 394, 0, 0, 0.54%, 1, 0, 5, 1386.34
1775240204, 884, 114, 394, 0, 0, 0.54%, 1, 0, 5, 1433.88
1775240209, 884, 240, 394, 0, 0, 0.54%, 1, 0, 5, 1376.47
1775240214, 884, 381, 394, 0, 0, 0.54%, 1, 0, 5, 1298.83
1775240219, 885, 63, 394, 0, 0, 0.54%, 1, 0, 5, 1454.30
1775240225, 885, 86, 394, 0, 0, 0.54%, 1, 0, 5, 1558.04
1775240230, 885, 177, 394, 0, 0, 0.54%, 1, 0, 5, 1486.26
1775240235, 885, 244, 394, 0, 0, 0.54%, 1, 0, 5, 1450.73
1775240240, 885, 311, 394, 0, 0, 0.54%, 1, 0, 5, 1421.38
1775240245, 886, 42, 394, 0, 0, 0.54%, 1, 0, 5, 1322.73
1775240250, 886, 86, 394, 0, 0, 0.54%, 1, 0, 5, 1491.10
1775240255, 886, 158, 394, 0, 0, 0.54%, 1, 0, 5, 1470.97
1775240260, 886, 287, 394, 0, 0, 0.54%, 1, 0, 5, 1479.08
1775240265, 886, 352, 394, 0, 0, 0.54%, 1, 0, 5, 1381.02
1775240270, 887, 52, 394, 0, 0, 0.54%, 1, 0, 5, 1386.05
1775240275, 887, 88, 394, 0, 0, 0.54%, 1, 0, 5, 1509.64
1775240280, 887, 117, 394, 0, 0, 0.54%, 1, 0, 5, 1463.44
1775240285, 887, 170, 394, 0, 0, 0.54%, 1, 0, 5, 1535.70
1775240290, 887, 218, 394, 0, 0, 0.54%, 1, 0, 5, 1486.13
1775240296, 887, 275, 394, 0, 0, 0.54%, 1, 0, 5, 1441.46
1775240301, 887, 333, 394, 0, 0, 0.54%, 1, 0, 5, 1373.00
1775240306, 888, 73, 394, 0, 0, 0.54%, 1, 0, 5, 1297.97
1775240311, 888, 106, 394, 0, 0, 0.54%, 1, 0, 5, 1389.46
1775240316, 888, 202, 394, 0, 0, 0.54%, 1, 0, 5, 1498.47
1775240321, 888, 289, 394, 0, 0, 0.54%, 1, 0, 5, 1471.72
1775240326, 889, 20, 394, 0, 0, 0.54%, 1, 0, 5, 1408.86
1775240331, 889, 73, 394, 0, 0, 0.54%, 1, 0, 5, 1488.88
1775240336, 889, 106, 394, 0, 0, 0.54%, 1, 0, 5, 1445.81
1775240341, 889, 233, 394, 0, 0, 0.54%, 1, 0, 5, 1599.29
1775240347, 889, 283, 394, 0, 0, 0.54%, 1, 0, 5, 1515.15
1775240352, 889, 337, 394, 0, 0, 0.54%, 1, 0, 5, 1417.42
1775240357, 890, 40, 394, 0, 0, 0.54%, 1, 0, 5, 1329.42
1775240362, 890, 83, 394, 0, 0, 0.54%, 1, 0, 5, 1441.29
1775240367, 890, 104, 394, 0, 0, 0.54%, 1, 0, 5, 1460.24
1775240372, 890, 163, 394, 0, 0, 0.54%, 1, 0, 5, 1431.67
1775240377, 890, 304, 394, 0, 0, 0.54%, 1, 0, 5, 1643.24
1775240382, 891, 35, 394, 0, 0, 0.54%, 1, 0, 5, 1410.43
1775240388, 891, 75, 394, 0, 0, 0.54%, 1, 0, 5, 1545.11
1775240393, 891, 106, 394, 0, 0, 0.54%, 1, 0, 5, 1467.65
1775240398, 891, 144, 394, 0, 0, 0.54%, 1, 0, 5, 1412.50
1775240403, 891, 206, 394, 0, 0, 0.54%, 1, 0, 5, 1402.90
1775240408, 891, 304, 394, 0, 0, 0.54%, 1, 0, 5, 1453.71
1775240413, 892, 48, 394, 0, 0, 0.54%, 1, 0, 5, 1434.66
1775240418, 892, 86, 394, 0, 0, 0.54%, 1, 0, 5, 1522.12
1775240423, 892, 162, 394, 0, 0, 0.54%, 1, 0, 5, 1462.66
1775240428, 892, 234, 394, 0, 0, 0.54%, 1, 0, 5, 1464.96
1775240434, 892, 351, 394, 0, 0, 0.54%, 1, 0, 5, 1344.47
1775240439, 893, 59, 394, 0, 0, 0.54%, 1, 0, 5, 1234.38
1775240444, 893, 93, 394, 0, 0, 0.54%, 1, 0, 5, 1507.91
1775240449, 893, 158, 394, 0, 0, 0.54%, 1, 0, 5, 1518.40
1775240454, 893, 267, 394, 0, 0, 0.54%, 1, 0, 5, 1519.27
1775240459, 893, 337, 394, 0, 0, 0.54%, 1, 0, 5, 1433.96
1775240464, 894, 57, 394, 0, 0, 0.54%, 1, 0, 5, 1481.90
1775240469, 894, 93, 394, 0, 0, 0.54%, 1, 0, 5, 1666.51
1775240474, 894, 232, 394, 0, 0, 0.54%, 1, 0, 5, 1548.51
1775240480, 894, 299, 394, 0, 0, 0.54%, 1, 0, 5, 1356.19
1775240485, 895, 32, 394, 0, 0, 0.54%, 1, 0, 5, 1310.61
1775240490, 895, 83, 394, 0, 0, 0.54%, 1, 0, 5, 1399.27
1775240495, 895, 107, 394, 0, 0, 0.54%, 1, 0, 5, 1350.38
1775240500, 895, 167, 394, 0, 0, 0.54%, 1, 0, 5, 1460.58
1775240505, 895, 289, 394, 0, 0, 0.54%, 1, 0, 5, 1470.50
1775240510, 895, 337, 394, 0, 0, 0.54%, 1, 0, 5, 1384.55
1775240516, 896, 52, 394, 0, 0, 0.54%, 1, 0, 5, 1412.46
1775240521, 896, 86, 394, 0, 0, 0.54%, 1, 0, 5, 1546.00
1775240526, 896, 162, 394, 0, 0, 0.54%, 1, 0, 5, 1422.19
1775240531, 896, 274, 394, 0, 0, 0.54%, 1, 0, 5, 1679.18
1775240536, 896, 329, 394, 0, 0, 0.54%, 1, 0, 5, 1573.17
1775240541, 897, 73, 394, 0, 0, 0.54%, 1, 0, 5, 1517.33
1775240546, 897, 123, 394, 0, 0, 0.54%, 1, 0, 5, 1568.93
1775240551, 897, 189, 394, 0, 0, 0.54%, 1, 0, 5, 1432.29
1775240556, 897, 304, 394, 0, 0, 0.54%, 1, 0, 5, 1512.57
1775240562, 897, 356, 394, 0, 0, 0.54%, 1, 0, 5, 1289.33
1775240567, 898, 73, 394, 0, 0, 0.54%, 1, 0, 5, 1428.12
1775240572, 898, 91, 394, 0, 0, 0.54%, 1, 0, 5, 1541.14
1775240577, 898, 158, 394, 0, 0, 0.54%, 1, 0, 5, 1480.77
1775240582, 898, 252, 394, 0, 0, 0.54%, 1, 0, 5, 1488.02
1775240587, 898, 287, 394, 0, 0, 0.54%, 1, 0, 5, 1438.01
1775240592, 898, 352, 394, 0, 0, 0.54%, 1, 0, 5, 1310.50
1775240597, 899, 73, 394, 0, 0, 0.54%, 1, 0, 5, 1412.92
1775240602, 899, 106, 394, 0, 0, 0.54%, 1, 0, 5, 1573.37
1775240608, 899, 201, 394, 0, 0, 0.54%, 1, 0, 5, 1480.72
1775240613, 899, 257, 394, 0, 0, 0.54%, 1, 0, 5, 1462.64
1775240618, 899, 337, 394, 0, 0, 0.54%, 1, 0, 5, 1429.45
1775240623, 900, 57, 394, 0, 0, 0.54%, 1, 0, 5, 1169.25
1775240628, 900, 86, 394, 0, 0, 0.54%, 1, 0, 5, 442.35
1775240633, 900, 139, 394, 0, 0, 0.54%, 1, 0, 5, 1204.68
1775240638, 900, 251, 394, 0, 0, 0.54%, 1, 0, 5, 1278.47
1775240643, 900, 333, 394, 0, 0, 0.54%, 1, 0, 5, 1369.32
1775240649, 901, 44, 394, 0, 0, 0.54%, 1, 0, 5, 1304.59
1775240654, 901, 83, 394, 0, 0, 0.54%, 1, 0, 5, 1509.33
1775240659, 901, 106, 394, 0, 0, 0.54%, 1, 0, 5, 1514.82
1775240664, 901, 165, 394, 0, 0, 0.54%, 1, 0, 5, 1485.74
1775240669, 901, 275, 394, 0, 0, 0.54%, 1, 0, 5, 1474.93
1775240674, 901, 384, 394, 0, 0, 0.54%, 1, 0, 5, 1249.10
1775240679, 902, 57, 394, 0, 0, 0.54%, 1, 0, 5, 1539.77
1775240684, 902, 102, 394, 0, 0, 0.54%, 1, 0, 5, 1582.70
1775240689, 902, 247, 394, 0, 0, 0.54%, 1, 0, 5, 1459.82
1775240694, 902, 326, 394, 0, 0, 0.54%, 1, 0, 5, 1448.09
1775240699, 903, 9, 394, 0, 0, 0.54%, 1, 0, 5, 1462.52
1775240705, 903, 86, 394, 0, 0, 0.54%, 1, 0, 5, 1449.97
1775240710, 903, 97, 394, 0, 0, 0.54%, 1, 0, 5, 1392.02
1775240715, 903, 169, 394, 0, 0, 0.54%, 1, 0, 5, 1359.47
1775240720, 903, 262, 394, 0, 0, 0.54%, 1, 0, 5, 1467.50
1775240725, 904, 23, 394, 0, 0, 0.54%, 1, 0, 5, 1740.43
1775240730, 904, 73, 394, 0, 0, 0.54%, 1, 0, 5, 1501.25
1775240735, 904, 106, 394, 0, 0, 0.54%, 1, 0, 5, 1566.50
1775240740, 904, 281, 394, 0, 0, 0.54%, 1, 0, 5, 1493.95
1775240745, 904, 386, 394, 0, 0, 0.54%, 1, 0, 5, 1385.31
1775240750, 905, 73, 394, 0, 0, 0.54%, 1, 0, 5, 1571.31
1775240756, 905, 103, 394, 0, 0, 0.54%, 1, 0, 5, 1491.45
1775240761, 905, 168, 394, 0, 0, 0.54%, 1, 0, 5, 1545.93
1775240766, 905, 235, 394, 0, 0, 0.54%, 1, 0, 5, 1449.27
1775240771, 905, 311, 394, 0, 0, 0.54%, 1, 0, 5, 1455.01
1775240776, 906, 6, 394, 0, 0, 0.54%, 1, 0, 5, 1315.24
1775240781, 906, 73, 394, 0, 0, 0.54%, 1, 0, 5, 1513.68
1775240786, 906, 124, 394, 0, 0, 0.54%, 1, 0, 5, 1481.14
1775240791, 906, 218, 394, 0, 0, 0.54%, 1, 0, 5, 1561.73
1775240796, 906, 311, 394, 0, 0, 0.54%, 1, 0, 5, 1380.42
1775240801, 906, 389, 394, 0, 0, 0.54%, 1, 0, 5, 1424.82
1775240806, 907, 10, 394, 0, 0, 0.54%, 1, 0, 5, 1592.20
1775240812, 907, 83, 394, 0, 0, 0.54%, 1, 0, 5, 1544.44
1775240817, 907, 133, 394, 0, 0, 0.54%, 1, 0, 5, 1476.08
1775240822, 907, 202, 394, 0, 0, 0.54%, 1, 0, 5, 1447.99
1775240827, 907, 311, 394, 0, 0, 0.54%, 1, 0, 5, 1310.56
1775240832, 907, 387, 394, 0, 0, 0.54%, 1, 0, 5, 1278.48
1775240837, 908, 47, 394, 0, 0, 0.54%, 1, 0, 5, 1545.75
1775240842, 908, 88, 394, 0, 0, 0.54%, 1, 0, 5, 1566.92
1775240847, 908, 158, 394, 0, 0, 0.54%, 1, 0, 5, 1662.45
1775240852, 908, 256, 394, 0, 0, 0.54%, 1, 0, 5, 1485.78
1775240858, 908, 333, 394, 0, 0, 0.54%, 1, 0, 5, 1431.68
1775240863, 909, 57, 394, 0, 0, 0.54%, 1, 0, 5, 1445.80
1775240868, 909, 86, 394, 0, 0, 0.54%, 1, 0, 5, 1555.03
1775240873, 909, 107, 394, 0, 0, 0.54%, 1, 0, 5, 1572.51
1775240878, 909, 304, 394, 0, 0, 0.54%, 1, 0, 5, 1553.46
1775240883, 910, 26, 394, 0, 0, 0.54%, 1, 0, 5, 1411.11
1775240888, 910, 75, 394, 0, 0, 0.54%, 1, 0, 5, 1581.44
1775240893, 910, 94, 394, 0, 0, 0.54%, 1, 0, 5, 1423.25
1775240898, 910, 192, 394, 0, 0, 0.54%, 1, 0, 5, 1452.08
1775240904, 910, 286, 394, 0, 0, 0.54%, 1, 0, 5, 1437.90
1775240909, 911, 13, 394, 0, 0, 0.54%, 1, 0, 5, 1455.64
1775240914, 911, 88, 394, 0, 0, 0.54%, 1, 0, 5, 1535.20
1775240919, 911, 119, 394, 0, 0, 0.54%, 1, 0, 5, 1371.72
1775240924, 911, 167, 394, 0, 0, 0.54%, 1, 0, 5, 1404.73
1775240929, 911, 304, 394, 0, 0, 0.54%, 1, 0, 5, 1369.23
1775240934, 912, 29, 394, 0, 0, 0.54%, 1, 0, 5, 1393.93
1775240939, 912, 69, 394, 0, 0, 0.54%, 1, 0, 5, 1446.63
1775240945, 912, 86, 394, 0, 0, 0.54%, 1, 0, 5, 1390.83
1775240950, 912, 158, 394, 0, 0, 0.54%, 1, 0, 5, 1460.32
1775240955, 912, 288, 394, 0, 0, 0.54%, 1, 0, 5, 1364.41
1775240960, 913, 20, 394, 0, 0, 0.54%, 1, 0, 5, 1450.65
1775240965, 913, 83, 394, 0, 0, 0.54%, 1, 0, 5, 1429.60
1775240970, 913, 118, 394, 0, 0, 0.54%, 1, 0, 5, 1461.09
1775240975, 913, 185, 394, 0, 0, 0.54%, 1, 0, 5, 1416.06
1775240980, 913, 261, 394, 0, 0, 0.54%, 1, 0, 5, 1334.77
1775240985, 913, 301, 394, 0, 0, 0.54%, 1, 0, 5, 1424.65
1775240990, 914, 5, 394, 0, 0, 0.54%, 1, 0, 5, 1323.74
1775240995, 914, 57, 394, 0, 0, 0.54%, 1, 0, 5, 1431.27
1775241000, 914, 93, 394, 0, 0, 0.54%, 1, 0, 5, 1449.62
1775241006, 914, 217, 394, 0, 0, 0.54%, 1, 0, 5, 1428.10
1775241011, 914, 304, 394, 0, 0, 0.54%, 1, 0, 5, 1313.92
1775241016, 915, 17, 394, 0, 0, 0.54%, 1, 0, 5, 1301.35
1775241021, 915, 83, 394, 0, 0, 0.54%, 1, 0, 5, 1497.90
1775241026, 915, 106, 394, 0, 0, 0.54%, 1, 0, 5, 1451.46
1775241031, 915, 180, 394, 0, 0, 0.54%, 1, 0, 5, 1350.18
1775241036, 915, 314, 394, 0, 0, 0.54%, 1, 0, 5, 1326.83
1775241041, 916, 37, 394, 0, 0, 0.54%, 1, 0, 5, 1256.19
1775241046, 916, 88, 394, 0, 0, 0.54%, 1, 0, 5, 1527.09
1775241051, 916, 129, 394, 0, 0, 0.54%, 1, 0, 5, 1471.18
1775241057, 916, 244, 394, 0, 0, 0.54%, 1, 0, 5, 1493.54
1775241062, 916, 287, 394, 0, 0, 0.54%, 1, 0, 5, 1418.08
1775241067, 917, 43, 394, 0, 0, 0.54%, 1, 0, 5, 1458.15
1775241072, 917, 86, 394, 0, 0, 0.54%, 1, 0, 5, 1503.89
1775241077, 917, 106, 394, 0, 0, 0.54%, 1, 0, 5, 1495.12
1775241082, 917, 221, 394, 0, 0, 0.54%, 1, 0, 5, 1454.97
1775241087, 917, 333, 394, 0, 0, 0.54%, 1, 0, 5, 1453.48
1775241092, 918, 57, 394, 0, 0, 0.54%, 1, 0, 5, 1527.68
1775241097, 918, 88, 394, 0, 0, 0.54%, 1, 0, 5, 1422.72
1775241102, 918, 133, 394, 0, 0, 0.54%, 1, 0, 5, 1550.84
1775241107, 918, 277, 394, 0, 0, 0.54%, 1, 0, 5, 320.18
1775241113, 919, 8, 394, 0, 0, 0.54%, 1, 0, 5, 1160.84
1775241118, 919, 73, 394, 0, 0, 0.54%, 1, 0, 5, 1439.68
1775241123, 919, 115, 394, 0, 0, 0.54%, 1, 0, 5, 1529.85
1775241128, 919, 218, 394, 0, 0, 0.54%, 1, 0, 5, 1526.72
1775241133, 919, 306, 394, 0, 0, 0.54%, 1, 0, 5, 1450.16
1775241138, 919, 389, 394, 0, 0, 0.54%, 1, 0, 5, 1406.15
1775241148, 920, 83, 394, 0, 0, 0.54%, 1, 0, 5, 1397.04
1775241154, 920, 126, 394, 0, 0, 0.54%, 1, 0, 5, 1478.08
1775241159, 920, 229, 394, 0, 0, 0.54%, 1, 0, 5, 1496.94
1775241164, 920, 362, 394, 0, 0, 0.54%, 1, 0, 5, 1345.82
1775241169, 921, 57, 394, 0, 0, 0.54%, 1, 0, 5, 1360.22
1775241174, 921, 106, 394, 0, 0, 0.54%, 1, 0, 5, 1539.52
1775241179, 921, 229, 394, 0, 0, 0.54%, 1, 0, 5, 1475.30
1775241184, 921, 337, 394, 0, 0, 0.54%, 1, 0, 5, 1433.20
1775241189, 922, 57, 394, 0, 0, 0.54%, 1, 0, 5, 1308.53
1775241194, 922, 93, 394, 0, 0, 0.54%, 1, 0, 5, 1425.20
1775241200, 922, 166, 394, 0, 0, 0.54%, 1, 0, 5, 1482.96
1775241205, 922, 298, 394, 0, 0, 0.54%, 1, 0, 5, 1474.90
1775241210, 923, 57, 394, 0, 0, 0.54%, 1, 0, 5, 1522.19
1775241215, 923, 86, 394, 0, 0, 0.54%, 1, 0, 5, 1439.95
1775241220, 923, 121, 394, 0, 0, 0.54%, 1, 0, 5, 1517.11
1775241225, 923, 196, 394, 0, 0, 0.54%, 1, 0, 5, 1424.12
1775241230, 923, 254, 394, 0, 0, 0.54%, 1, 0, 5, 1454.85
1775241235, 923, 312, 394, 0, 0, 0.54%, 1, 0, 5, 1333.50
1775241241, 923, 388, 394, 0, 0, 0.54%, 1, 0, 5, 1461.00
1775241246, 924, 70, 394, 0, 0, 0.54%, 1, 0, 5, 1489.93
1775241251, 924, 92, 394, 0, 0, 0.54%, 1, 0, 5, 1510.20
1775241256, 924, 170, 394, 0, 0, 0.54%, 1, 0, 5, 1480.67
1775241261, 924, 311, 394, 0, 0, 0.54%, 1, 0, 5, 1442.17
1775241266, 925, 6, 394, 0, 0, 0.54%, 1, 0, 5, 1366.03
1775241271, 925, 57, 394, 0, 0, 0.54%, 1, 0, 5, 1328.39
1775241276, 925, 93, 394, 0, 0, 0.54%, 1, 0, 5, 1432.53
1775241281, 925, 171, 394, 0, 0, 0.54%, 1, 0, 5, 1454.69
1775241287, 925, 203, 394, 0, 0, 0.54%, 1, 0, 5, 1397.98
1775241292, 925, 262, 394, 0, 0, 0.54%, 1, 0, 5, 1409.22
1775241297, 925, 386, 394, 0, 0, 0.54%, 1, 0, 5, 1284.10
1775241302, 926, 51, 394, 0, 0, 0.54%, 1, 0, 5, 1412.18
1775241307, 926, 88, 394, 0, 0, 0.54%, 1, 0, 5, 1587.58
1775241312, 926, 152, 394, 0, 0, 0.54%, 1, 0, 5, 1465.76
1775241317, 926, 219, 394, 0, 0, 0.54%, 1, 0, 5, 1336.71
1775241322, 926, 333, 394, 0, 0, 0.54%, 1, 0, 5, 1397.52
1775241327, 927, 57, 394, 0, 0, 0.54%, 1, 0, 5, 1455.26
1775241332, 927, 91, 394, 0, 0, 0.54%, 1, 0, 5, 1533.90
1775241337, 927, 158, 394, 0, 0, 0.54%, 1, 0, 5, 1551.50
1775241342, 927, 251, 394, 0, 0, 0.54%, 1, 0, 5, 1306.50
1775241347, 927, 342, 394, 0, 0, 0.54%, 1, 0, 5, 1362.55
1775241352, 928, 57, 394, 0, 0, 0.54%, 1, 0, 5, 1361.38
1775241357, 928, 86, 394, 0, 0, 0.54%, 1, 0, 5, 1422.99
1775241362, 928, 123, 394, 0, 0, 0.54%, 1, 0, 5, 1416.44
1775241367, 928, 185, 394, 0, 0, 0.54%, 1, 0, 5, 1538.54
1775241373, 928, 276, 394, 0, 0, 0.54%, 1, 0, 5, 1421.70
1775241378, 928, 337, 394, 0, 0, 0.54%, 1, 0, 5, 1306.01
1775241383, 929, 5, 394, 0, 0, 0.54%, 1, 0, 5, 1308.87
1775241388, 929, 77, 394, 0, 0, 0.54%, 1, 0, 5, 1431.56
1775241393, 929, 106, 394, 0, 0, 0.54%, 1, 0, 5, 1570.00
1775241398, 929, 215, 394, 0, 0, 0.54%, 1, 0, 5, 1336.08
1775241403, 929, 308, 394, 0, 0, 0.54%, 1, 0, 5, 1343.20
1775241408, 929, 387, 394, 0, 0, 0.54%, 1, 0, 5, 1485.70
1775241413, 930, 73, 394, 0, 0, 0.54%, 1, 0, 5, 1405.30
1775241418, 930, 131, 394, 0, 0, 0.54%, 1, 0, 5, 1476.90
1775241424, 930, 190, 394, 0, 0, 0.54%, 1, 0, 5, 1436.50
1775241429, 930, 240, 394, 0, 0, 0.54%, 1, 0, 5, 1399.99
1775241434, 930, 366, 394, 0, 0, 0.54%, 1, 0, 5, 1220.69
1775241439, 931, 16, 394, 0, 0, 0.54%, 1, 0, 5, 1309.69
1775241444, 931, 81, 394, 0, 0, 0.54%, 1, 0, 5, 1400.79
1775241449, 931, 106, 394, 0, 0, 0.54%, 1, 0, 5, 1505.89
1775241454, 931, 176, 394, 0, 0, 0.54%, 1, 0, 5, 1540.98
1775241459, 931, 287, 394, 0, 0, 0.54%, 1, 0, 5, 1432.49
1775241464, 931, 351, 394, 0, 0, 0.54%, 1, 0, 5, 1339.86
1775241470, 932, 73, 394, 0, 0, 0.54%, 1, 0, 5, 1433.29
1775241475, 932, 105, 394, 0, 0, 0.54%, 1, 0, 5, 1500.73
1775241480, 932, 179, 394, 0, 0, 0.54%, 1, 0, 5, 1471.52
1775241485, 932, 275, 394, 0, 0, 0.54%, 1, 0, 5, 1506.41
1775241490, 932, 343, 394, 0, 0, 0.54%, 1, 0, 5, 1351.84
1775241495, 933, 83, 394, 0, 0, 0.54%, 1, 0, 5, 1523.10
1775241500, 933, 158, 394, 0, 0, 0.54%, 1, 0, 5, 1549.76
1775241505, 933, 242, 394, 0, 0, 0.54%, 1, 0, 5, 1441.76
1775241511, 933, 304, 394, 0, 0, 0.54%, 1, 0, 5, 1335.40
1775241516, 934, 1, 394, 0, 0, 0.54%, 1, 0, 5, 1815.90
1775241521, 934, 58, 394, 0, 0, 0.54%, 1, 0, 5, 1584.57
1775241526, 934, 93, 394, 0, 0, 0.54%, 1, 0, 5, 1584.20
1775241531, 934, 199, 394, 0, 0, 0.54%, 1, 0, 5, 1487.87
1775241536, 934, 243, 394, 0, 0, 0.54%, 1, 0, 5, 1491.73
1775241541, 934, 275, 394, 0, 0, 0.54%, 1, 0, 5, 1428.81
1775241546, 934, 313, 394, 0, 0, 0.54%, 1, 0, 5, 1371.86
1775241551, 934, 388, 394, 0, 0, 0.54%, 1, 0, 5, 1227.17
1775241556, 935, 57, 394, 0, 0, 0.54%, 1, 0, 5, 1376.23
1775241561, 935, 106, 394, 0, 0, 0.54%, 1, 0, 5, 1478.55
1775241566, 935, 162, 394, 0, 0, 0.54%, 1, 0, 5, 1583.03
1775241572, 935, 266, 394, 0, 0, 0.54%, 1, 0, 5, 1508.41
1775241577, 935, 312, 394, 0, 0, 0.54%, 1, 0, 5, 1471.24
1775241582, 936, 22, 394, 0, 0, 0.54%, 1, 0, 5, 1461.34
1775241587, 936, 77, 394, 0, 0, 0.54%, 1, 0, 5, 1537.28
1775241592, 936, 93, 394, 0, 0, 0.54%, 1, 0, 5, 1487.08
1775241597, 936, 209, 394, 0, 0, 0.54%, 1, 0, 5, 1449.59
1775241602, 936, 304, 394, 0, 0, 0.54%, 1, 0, 5, 1341.05
1775241607, 937, 57, 394, 0, 0, 0.54%, 1, 0, 5, 1416.56
1775241612, 937, 93, 394, 0, 0, 0.54%, 1, 0, 5, 1352.03
1775241617, 937, 209, 394, 0, 0, 0.54%, 1, 0, 5, 1408.73
1775241622, 937, 304, 394, 0, 0, 0.54%, 1, 0, 5, 1402.53
1775241628, 938, 18, 394, 0, 0, 0.54%, 1, 0, 5, 1427.57
1775241633, 938, 83, 394, 0, 0, 0.54%, 1, 0, 5, 1504.61
1775241638, 938, 106, 394, 0, 0, 0.54%, 1, 0, 5, 1516.01
1775241643, 938, 168, 394, 0, 0, 0.54%, 1, 0, 5, 1400.16
1775241648, 938, 312, 394, 0, 0, 0.54%, 1, 0, 5, 1426.93
1775241653, 939, 33, 394, 0, 0, 0.54%, 1, 0, 5, 1298.90
1775241658, 939, 74, 394, 0, 0, 0.54%, 1, 0, 5, 1443.44
1775241663, 939, 101, 394, 0, 0, 0.54%, 1, 0, 5, 1428.65
1775241668, 939, 216, 394, 0, 0, 0.54%, 1, 0, 5, 1500.71
1775241674, 939, 312, 394, 0, 0, 0.54%, 1, 0, 5, 1368.91
1775241679, 940, 57, 394, 0, 0, 0.54%, 1, 0, 5, 1551.86
1775241684, 940, 86, 394, 0, 0, 0.54%, 1, 0, 5, 1444.72
1775241689, 940, 115, 394, 0, 0, 0.54%, 1, 0, 5, 1316.96
1775241694, 940, 196, 394, 0, 0, 0.54%, 1, 0, 5, 1432.76
1775241699, 940, 311, 394, 0, 0, 0.54%, 1, 0, 5, 1385.07
1775241704, 941, 10, 394, 0, 0, 0.54%, 1, 0, 5, 1346.69
1775241709, 941, 73, 394, 0, 0, 0.54%, 1, 0, 5, 1427.13
1775241714, 941, 88, 394, 0, 0, 0.54%, 1, 0, 5, 1443.23
1775241719, 941, 222, 394, 0, 0, 0.54%, 1, 0, 5, 1463.66
1775241724, 941, 312, 394, 0, 0, 0.54%, 1, 0, 5, 1408.45
1775241729, 942, 51, 394, 0, 0, 0.54%, 1, 0, 5, 1412.59
1775241734, 942, 83, 394, 0, 0, 0.54%, 1, 0, 5, 1363.82
1775241739, 942, 106, 394, 0, 0, 0.54%, 1, 0, 5, 1354.27
1775241744, 942, 225, 394, 0, 0, 0.54%, 1, 0, 5, 1487.87
1775241750, 942, 275, 394, 0, 0, 0.54%, 1, 0, 5, 1368.98
1775241755, 942, 310, 394, 0, 0, 0.54%, 1, 0, 5, 1236.70
1775241760, 943, 35, 394, 0, 0, 0.54%, 1, 0, 5, 1403.39
1775241765, 943, 86, 394, 0, 0, 0.54%, 1, 0, 5, 1461.40
1775241770, 943, 135, 394, 0, 0, 0.54%, 1, 0, 5, 1435.25
1775241775, 943, 284, 394, 0, 0, 0.54%, 1, 0, 5, 1308.91
1775241780, 943, 337, 394, 0, 0, 0.54%, 1, 0, 5, 1410.59
1775241785, 944, 68, 394, 0, 0, 0.54%, 1, 0, 5, 1444.07
1775241790, 944, 90, 394, 0, 0, 0.54%, 1, 0, 5, 531.13
1775241795, 944, 147, 394, 0, 0, 0.54%, 1, 0, 5, 1291.14
1775241800, 944, 193, 394, 0, 0, 0.54%, 1, 0, 5, 1368.93
1775241805, 944, 268, 394, 0, 0, 0.54%, 1, 0, 5, 1435.57
1775241810, 944, 312, 394, 0, 0, 0.54%, 1, 0, 5, 1412.63
1775241816, 945, 51, 394, 0, 0, 0.54%, 1, 0, 5, 1440.12
1775241821, 945, 88, 394, 0, 0, 0.54%, 1, 0, 5, 1500.49
1775241826, 945, 158, 394, 0, 0, 0.54%, 1, 0, 5, 1337.63
1775241831, 945, 287, 394, 0, 0, 0.54%, 1, 0, 5, 1395.14
1775241836, 945, 337, 394, 0, 0, 0.54%, 1, 0, 5, 1450.53
1775241841, 946, 57, 394, 0, 0, 0.54%, 1, 0, 5, 1432.22
1775241846, 946, 88, 394, 0, 0, 0.54%, 1, 0, 5, 1505.25
1775241851, 946, 147, 394, 0, 0, 0.54%, 1, 0, 5, 1523.04
1775241856, 946, 174, 394, 0, 0, 0.54%, 1, 0, 5, 1500.31
1775241862, 946, 287, 394, 0, 0, 0.54%, 1, 0, 5, 1578.99
1775241867, 946, 393, 394, 0, 0, 0.54%, 1, 0, 5, 1390.89
1775241872, 947, 28, 394, 0, 0, 0.54%, 1, 0, 5, 1379.40
1775241877, 947, 83, 394, 0, 0, 0.54%, 1, 0, 5, 1469.55
1775241882, 947, 106, 394, 0, 0, 0.54%, 1, 0, 5, 1423.92
1775241887, 947, 211, 394, 0, 0, 0.54%, 1, 0, 5, 1479.98
1775241892, 947, 320, 394, 0, 0, 0.54%, 1, 0, 5, 1510.80
1775241897, 948, 46, 394, 0, 0, 0.54%, 1, 0, 5, 1495.95
1775241902, 948, 88, 394, 0, 0, 0.54%, 1, 0, 5, 1570.33
1775241907, 948, 149, 394, 0, 0, 0.54%, 1, 0, 5, 1460.16
1775241912, 948, 243, 394, 0, 0, 0.54%, 1, 0, 5, 1537.63
1775241918, 948, 333, 394, 0, 0, 0.54%, 1, 0, 5, 1429.81
1775241923, 949, 83, 394, 0, 0, 0.54%, 1, 0, 5, 1456.89
1775241928, 949, 158, 394, 0, 0, 0.54%, 1, 0, 5, 1473.35
1775241933, 949, 276, 394, 0, 0, 0.54%, 1, 0, 5, 1493.60
1775241938, 949, 333, 394, 0, 0, 0.54%, 1, 0, 5, 1380.21
1775241943, 950, 57, 394, 0, 0, 0.54%, 1, 0, 5, 1364.69
1775241948, 950, 87, 394, 0, 0, 0.54%, 1, 0, 5, 1484.48
1775241953, 950, 142, 394, 0, 0, 0.54%, 1, 0, 5, 1553.54
1775241958, 950, 304, 394, 0, 0, 0.54%, 1, 0, 5, 1538.13
1775241963, 951, 51, 394, 0, 0, 0.54%, 1, 0, 5, 1806.93
1775241969, 951, 88, 394, 0, 0, 0.54%, 1, 0, 5, 660.13
1775241974, 951, 143, 394, 0, 0, 0.54%, 1, 0, 5, 1268.08
1775241979, 951, 221, 394, 0, 0, 0.54%, 1, 0, 5, 1468.50
1775241984, 951, 280, 394, 0, 0, 0.54%, 1, 0, 5, 1368.70
1775241989, 951, 333, 394, 0, 0, 0.54%, 1, 0, 5, 1263.37
1775241994, 952, 32, 394, 0, 0, 0.54%, 1, 0, 5, 1275.88
1775241999, 952, 86, 394, 0, 0, 0.54%, 1, 0, 5, 1508.28
1775242004, 952, 139, 394, 0, 0, 0.54%, 1, 0, 5, 1535.58
1775242009, 952, 293, 394, 0, 0, 0.54%, 1, 0, 5, 1459.55
1775242014, 953, 42, 394, 0, 0, 0.54%, 1, 0, 5, 1801.98
1775242019, 953, 83, 394, 0, 0, 0.54%, 1, 0, 5, 1538.16
1775242024, 953, 144, 394, 0, 0, 0.54%, 1, 0, 5, 1277.05
1775242030, 953, 227, 394, 0, 0, 0.54%, 1, 0, 5, 1397.01
1775242035, 953, 312, 394, 0, 0, 0.54%, 1, 0, 5, 1418.25
1775242040, 953, 387, 394, 0, 0, 0.54%, 1, 0, 5, 267.98
1775242045, 954, 83, 394, 0, 0, 0.54%, 1, 0, 5, 1688.05
1775242050, 954, 115, 394, 0, 0, 0.54%, 1, 0, 5, 1588.32
1775242055, 954, 205, 394, 0, 0, 0.54%, 1, 0, 5, 1584.23
1775242060, 954, 274, 394, 0, 0, 0.54%, 1, 0, 5, 1542.86
1775242065, 954, 318, 394, 0, 0, 0.54%, 1, 0, 5, 1407.71
1775242070, 955, 18, 394, 0, 0, 0.54%, 1, 0, 5, 1210.99
1775242075, 955, 66, 394, 0, 0, 0.54%, 1, 0, 5, 1521.15
1775242080, 955, 93, 394, 0, 0, 0.54%, 1, 0, 5, 1470.00
1775242085, 955, 192, 394, 0, 0, 0.54%, 1, 0, 5, 1497.77
1775242091, 955, 302, 394, 0, 0, 0.54%, 1, 0, 5, 1469.70
1775242096, 955, 351, 394, 0, 0, 0.54%, 1, 0, 5, 1336.16
1775242101, 956, 83, 394, 0, 0, 0.54%, 1, 0, 5, 1435.07
1775242106, 956, 106, 394, 0, 0, 0.54%, 1, 0, 5, 1483.87
1775242111, 956, 287, 394, 0, 0, 0.54%, 1, 0, 5, 1508.39
1775242116, 956, 367, 394, 0, 0, 0.54%, 1, 0, 5, 1400.94
1775242121, 957, 57, 394, 0, 0, 0.54%, 1, 0, 5, 1339.79
1775242127, 957, 88, 394, 0, 0, 0.54%, 1, 0, 5, 1522.37
1775242132, 957, 130, 394, 0, 0, 0.54%, 1, 0, 5, 1512.77
1775242137, 957, 209, 394, 0, 0, 0.54%, 1, 0, 5, 1334.25
1775242142, 957, 346, 394, 0, 0, 0.54%, 1, 0, 5, 1402.18
1775242147, 958, 55, 394, 0, 0, 0.54%, 1, 0, 5, 1401.02
1775242152, 958, 76, 394, 0, 0, 0.54%, 1, 0, 5, 1427.65
1775242157, 958, 106, 394, 0, 0, 0.54%, 1, 0, 5, 1534.63
1775242162, 958, 159, 394, 0, 0, 0.54%, 1, 0, 5, 1517.64
1775242167, 958, 277, 394, 0, 0, 0.54%, 1, 0, 5, 1501.23
1775242172, 958, 325, 394, 0, 0, 0.54%, 1, 0, 5, 1434.20
1775242177, 959, 60, 394, 0, 0, 0.54%, 1, 0, 5, 1459.40
1775242183, 959, 86, 394, 0, 0, 0.54%, 1, 0, 5, 1555.76
1775242188, 959, 227, 394, 0, 0, 0.54%, 1, 0, 5, 1569.75
1775242193, 959, 273, 394, 0, 0, 0.54%, 1, 0, 5, 1360.54
1775242198, 959, 337, 394, 0, 0, 0.54%, 1, 0, 5, 1420.02
1775242203, 960, 86, 394, 0, 0, 0.54%, 1, 0, 5, 1521.68
1775242208, 960, 114, 394, 0, 0, 0.54%, 1, 0, 5, 1517.36
1775242213, 960, 213, 394, 0, 0, 0.54%, 1, 0, 5, 1511.30
1775242218, 960, 304, 394, 0, 0, 0.54%, 1, 0, 5, 1406.93
1775242223, 961, 33, 394, 0, 0, 0.54%, 1, 0, 5, 1400.67
1775242228, 961, 86, 394, 0, 0, 0.54%, 1, 0, 5, 1493.77
1775242233, 961, 189, 394, 0, 0, 0.54%, 1, 0, 5, 1557.42
1775242238, 961, 313, 394, 0, 0, 0.54%, 1, 0, 5, 1489.78
1775242244, 962, 17, 394, 0, 0, 0.54%, 1, 0, 5, 1406.69
1775242249, 962, 86, 394, 0, 0, 0.54%, 1, 0, 5, 1466.92
1775242254, 962, 133, 394, 0, 0, 0.54%, 1, 0, 5, 1478.69
1775242259, 962, 312, 394, 0, 0, 0.54%, 1, 0, 5, 1513.95
1775242264, 963, 14, 394, 0, 0, 0.54%, 1, 0, 5, 1330.98
1775242269, 963, 60, 394, 0, 0, 0.54%, 1, 0, 5, 1389.76
1775242274, 963, 106, 394, 0, 0, 0.54%, 1, 0, 5, 1433.80
1775242279, 963, 166, 394, 0, 0, 0.54%, 1, 0, 5, 1576.92
1775242284, 963, 311, 394, 0, 0, 0.54%, 1, 0, 5, 1454.22
1775242289, 964, 51, 394, 0, 0, 0.54%, 1, 0, 5, 1482.84
1775242294, 964, 88, 394, 0, 0, 0.54%, 1, 0, 5, 1487.99
1775242299, 964, 147, 394, 0, 0, 0.54%, 1, 0, 5, 1517.10
1775242304, 964, 256, 394, 0, 0, 0.54%, 1, 0, 5, 1506.08
1775242310, 964, 337, 394, 0, 0, 0.54%, 1, 0, 5, 1376.57
1775242315, 965, 57, 394, 0, 0, 0.54%, 1, 0, 5, 1445.32
1775242320, 965, 93, 394, 0, 0, 0.54%, 1, 0, 5, 1554.86
1775242325, 965, 158, 394, 0, 0, 0.54%, 1, 0, 5, 1321.92
1775242330, 965, 258, 394, 0, 0, 0.54%, 1, 0, 5, 1377.38
1775242335, 965, 312, 394, 0, 0, 0.54%, 1, 0, 5, 1447.96
1775242340, 966, 10, 394, 0, 0, 0.54%, 1, 0, 5, 1361.21
1775242345, 966, 71, 394, 0, 0, 0.54%, 1, 0, 5, 1743.56
1775242350, 966, 93, 394, 0, 0, 0.54%, 1, 0, 5, 1647.07
1775242355, 966, 149, 394, 0, 0, 0.54%, 1, 0, 5, 1531.31
1775242361, 966, 244, 394, 0, 0, 0.54%, 1, 0, 5, 1503.84
1775242366, 966, 307, 394, 0, 0, 0.54%, 1, 0, 5, 1401.44
1775242371, 966, 386, 394, 0, 0, 0.54%, 1, 0, 5, 1140.25
1775242376, 967, 51, 394, 0, 0, 0.54%, 1, 0, 5, 1269.32
1775242381, 967, 85, 394, 0, 0, 0.54%, 1, 0, 5, 1539.71
1775242386, 967, 141, 394, 0, 0, 0.54%, 1, 0, 5, 1393.60
1775242391, 967, 229, 394, 0, 0, 0.54%, 1, 0, 5, 1487.71
1775242396, 967, 304, 394, 0, 0, 0.54%, 1, 0, 5, 1407.27
1775242401, 968, 31, 394, 0, 0, 0.54%, 1, 0, 5, 1342.05
1775242406, 968, 83, 394, 0, 0, 0.54%, 1, 0, 5, 1408.14
1775242412, 968, 151, 394, 0, 0, 0.54%, 1, 0, 5, 1442.04
1775242417, 968, 260, 394, 0, 0, 0.54%, 1, 0, 5, 1428.61
1775242422, 968, 333, 394, 0, 0, 0.54%, 1, 0, 5, 1457.36
1775242427, 969, 73, 394, 0, 0, 0.54%, 1, 0, 5, 1282.39
1775242432, 969, 92, 394, 0, 0, 0.54%, 1, 0, 5, 1371.87
1775242437, 969, 203, 394, 0, 0, 0.54%, 1, 0, 5, 1572.06
1775242442, 969, 298, 394, 0, 0, 0.54%, 1, 0, 5, 1438.45
1775242447, 969, 333, 394, 0, 0, 0.54%, 1, 0, 5, 1424.48
1775242453, 970, 57, 394, 0, 0, 0.54%, 1, 0, 5, 1468.51
1775242458, 970, 99, 394, 0, 0, 0.54%, 1, 0, 5, 1605.18
1775242463, 970, 222, 394, 0, 0, 0.54%, 1, 0, 5, 1425.13
1775242468, 970, 277, 394, 0, 0, 0.54%, 1, 0, 5, 1494.01
1775242473, 970, 387, 394, 0, 0, 0.54%, 1, 0, 5, 1348.01
1775242478, 971, 33, 394, 0, 0, 0.54%, 1, 0, 5, 1464.17
1775242483, 971, 86, 394, 0, 0, 0.54%, 1, 0, 5, 1431.20
1775242488, 971, 135, 394, 0, 0, 0.54%, 1, 0, 5, 1507.66
1775242493, 971, 266, 394, 0, 0, 0.54%, 1, 0, 5, 1493.51
1775242498, 971, 322, 394, 0, 0, 0.54%, 1, 0, 5, 1335.94
1775242504, 972, 51, 394, 0, 0, 0.54%, 1, 0, 5, 1358.93
1775242509, 972, 86, 394, 0, 0, 0.54%, 1, 0, 5, 1478.74
1775242514, 972, 146, 394, 0, 0, 0.54%, 1, 0, 5, 1399.40
1775242519, 972, 274, 394, 0, 0, 0.54%, 1, 0, 5, 1464.07
1775242524, 972, 281, 394, 0, 0, 0.54%, 1, 0, 5, 1449.45
1775242529, 972, 333, 394, 0, 0, 0.54%, 1, 0, 5, 1410.95
1775242534, 973, 15, 394, 0, 0, 0.54%, 1, 0, 5, 1370.22
1775242539, 973, 73, 394, 0, 0, 0.54%, 1, 0, 5, 1501.07
1775242544, 973, 93, 394, 0, 0, 0.54%, 1, 0, 5, 1506.51
1775242550, 973, 158, 394, 0, 0, 0.54%, 1, 0, 5, 1329.26
1775242555, 973, 277, 394, 0, 0, 0.54%, 1, 0, 5, 1391.82
1775242560, 973, 335, 394, 0, 0, 0.54%, 1, 0, 5, 1236.82
1775242565, 974, 57, 394, 0, 0, 0.54%, 1, 0, 5, 1332.11
1775242570, 974, 86, 394, 0, 0, 0.54%, 1, 0, 5, 1376.99
1775242575, 974, 131, 394, 0, 0, 0.54%, 1, 0, 5, 1452.57
1775242580, 974, 259, 394, 0, 0, 0.54%, 1, 0, 5, 1390.49
1775242585, 974, 333, 394, 0, 0, 0.54%, 1, 0, 5, 1444.35
1775242591, 975, 81, 394, 0, 0, 0.54%, 1, 0, 5, 1447.29
1775242596, 975, 106, 394, 0, 0, 0.54%, 1, 0, 5, 1577.47
1775242601, 975, 242, 394, 0, 0, 0.54%, 1, 0, 5, 1533.33
1775242606, 975, 304, 394, 0, 0, 0.54%, 1, 0, 5, 1355.85
1775242611, 975, 373, 394, 0, 0, 0.54%, 1, 0, 5, 1224.12
1775242616, 976, 54, 394, 0, 0, 0.54%, 1, 0, 5, 1298.23
1775242621, 976, 83, 394, 0, 0, 0.54%, 1, 0, 5, 1410.57
1775242626, 976, 106, 394, 0, 0, 0.54%, 1, 0, 5, 1445.82
1775242631, 976, 246, 394, 0, 0, 0.54%, 1, 0, 5, 1535.23
1775242636, 976, 337, 394, 0, 0, 0.54%, 1, 0, 5, 1429.87
1775242641, 977, 65, 394, 0, 0, 0.54%, 1, 0, 5, 1438.63
1775242647, 977, 93, 394, 0, 0, 0.54%, 1, 0, 5, 1470.03
1775242652, 977, 118, 394, 0, 0, 0.54%, 1, 0, 5, 1567.75
1775242657, 977, 214, 394, 0, 0, 0.54%, 1, 0, 5, 1590.79
1775242662, 977, 312, 394, 0, 0, 0.54%, 1, 0, 5, 1471.62
1775242667, 978, 49, 394, 0, 0, 0.54%, 1, 0, 5, 1505.16
1775242672, 978, 86, 394, 0, 0, 0.54%, 1, 0, 5, 1552.46
1775242677, 978, 115, 394, 0, 0, 0.54%, 1, 0, 5, 1449.56
1775242682, 978, 233, 394, 0, 0, 0.54%, 1, 0, 5, 1564.41
1775242687, 978, 279, 394, 0, 0, 0.54%, 1, 0, 5, 1371.39
1775242692, 978, 339, 394, 0, 0, 0.54%, 1, 0, 5, 1370.36
1775242697, 978, 390, 394, 0, 0, 0.54%, 1, 0, 5, 261.59
1775242702, 979, 57, 394, 0, 0, 0.54%, 1, 0, 5, 734.43
1775242707, 979, 88, 394, 0, 0, 0.54%, 1, 0, 5, 1159.82
1775242713, 979, 127, 394, 0, 0, 0.54%, 1, 0, 5, 1343.52
1775242718, 979, 263, 394, 0, 0, 0.54%, 1, 0, 5, 1481.54
1775242723, 979, 317, 394, 0, 0, 0.54%, 1, 0, 5, 1511.02
1775242728, 980, 16, 394, 0, 0, 0.54%, 1, 0, 5, 1449.35
1775242733, 980, 78, 394, 0, 0, 0.54%, 1, 0, 5, 1438.75
1775242738, 980, 106, 394, 0, 0, 0.54%, 1, 0, 5, 1389.78
1775242743, 980, 188, 394, 0, 0, 0.54%, 1, 0, 5, 1376.16
1775242748, 980, 283, 394, 0, 0, 0.54%, 1, 0, 5, 1373.77
1775242753, 980, 337, 394, 0, 0, 0.54%, 1, 0, 5, 1349.11
1775242758, 981, 51, 394, 0, 0, 0.54%, 1, 0, 5, 1466.07
1775242763, 981, 88, 394, 0, 0, 0.54%, 1, 0, 5, 1516.72
1775242769, 981, 188, 394, 0, 0, 0.54%, 1, 0, 5, 1514.15
1775242774, 981, 268, 394, 0, 0, 0.54%, 1, 0, 5, 1435.45
1775242779, 981, 322, 394, 0, 0, 0.54%, 1, 0, 5, 1335.63
1775242784, 982, 37, 394, 0, 0, 0.54%, 1, 0, 5, 1436.46
1775242789, 982, 88, 394, 0, 0, 0.54%, 1, 0, 5, 1564.23
1775242794, 982, 138, 394, 0, 0, 0.54%, 1, 0, 5, 1542.77
1775242799, 982, 208, 394, 0, 0, 0.54%, 1, 0, 5, 1434.67
1775242804, 982, 333, 394, 0, 0, 0.54%, 1, 0, 5, 1483.26
1775242809, 983, 73, 394, 0, 0, 0.54%, 1, 0, 5, 1454.27
1775242814, 983, 89, 394, 0, 0, 0.54%, 1, 0, 5, 1259.11
1775242819, 983, 186, 394, 0, 0, 0.54%, 1, 0, 5, 1384.36
1775242824, 983, 304, 394, 0, 0, 0.54%, 1, 0, 5, 1516.02
1775242830, 984, 37, 394, 0, 0, 0.54%, 1, 0, 5, 1371.25
1775242835, 984, 63, 394, 0, 0, 0.54%, 1, 0, 5, 1488.18
1775242840, 984, 106, 394, 0, 0, 0.54%, 1, 0, 5, 1617.50
1775242845, 984, 287, 394, 0, 0, 0.54%, 1, 0, 5, 1506.46
1775242850, 984, 343, 394, 0, 0, 0.54%, 1, 0, 5, 1450.18
1775242855, 985, 51, 394, 0, 0, 0.54%, 1, 0, 5, 1759.99
1775242860, 985, 86, 394, 0, 0, 0.54%, 1, 0, 5, 1487.67
1775242865, 985, 144, 394, 0, 0, 0.54%, 1, 0, 5, 1564.18
1775242871, 985, 287, 394, 0, 0, 0.54%, 1, 0, 5, 1435.93
1775242876, 985, 362, 394, 0, 0, 0.54%, 1, 0, 5, 1339.84
1775242881, 986, 59, 394, 0, 0, 0.54%, 1, 0, 5, 1416.88
1775242886, 986, 88, 394, 0, 0, 0.54%, 1, 0, 5, 1471.55
1775242891, 986, 206, 394, 0, 0, 0.54%, 1, 0, 5, 1550.79
1775242896, 986, 280, 394, 0, 0, 0.54%, 1, 0, 5, 1435.96
1775242901, 986, 356, 394, 0, 0, 0.54%, 1, 0, 5, 1279.08
1775242906, 987, 86, 394, 0, 0, 0.54%, 1, 0, 5, 1514.81
1775242911, 987, 95, 394, 0, 0, 0.54%, 1, 0, 5, 1488.56
1775242916, 987, 182, 394, 0, 0, 0.54%, 1, 0, 5, 1616.18
1775242922, 987, 274, 394, 0, 0, 0.54%, 1, 0, 5, 1339.92
1775242927, 987, 373, 394, 0, 0, 0.54%, 1, 0, 5, 1301.23
1775242932, 988, 83, 394, 0, 0, 0.54%, 1, 0, 5, 1491.69
1775242937, 988, 95, 394, 0, 0, 0.54%, 1, 0, 5, 1449.83
1775242942, 988, 202, 394, 0, 0, 0.54%, 1, 0, 5, 1535.19
1775242947, 988, 286, 394, 0, 0, 0.54%, 1, 0, 5, 1440.82
1775242952, 988, 333, 394, 0, 0, 0.54%, 1, 0, 5, 1365.92
1775242957, 989, 25, 394, 0, 0, 0.54%, 1, 0, 5, 1459.32
1775242962, 989, 83, 394, 0, 0, 0.54%, 1, 0, 5, 1484.59
1775242967, 989, 118, 394, 0, 0, 0.54%, 1, 0, 5, 1540.15
1775242972, 989, 232, 394, 0, 0, 0.54%, 1, 0, 5, 1371.00
1775242977, 989, 281, 394, 0, 0, 0.54%, 1, 0, 5, 1377.47
1775242982, 989, 386, 394, 0, 0, 0.54%, 1, 0, 5, 1324.50
1775242988, 990, 60, 394, 0, 0, 0.54%, 1, 0, 5, 1370.00
1775242993, 990, 106, 394, 0, 0, 0.54%, 1, 0, 5, 1473.46
1775242998, 990, 255, 394, 0, 0, 0.54%, 1, 0, 5, 1458.27
1775243003, 990, 333, 394, 0, 0, 0.54%, 1, 0, 5, 1399.65
1775243008, 991, 33, 394, 0, 0, 0.54%, 1, 0, 5, 1355.47
1775243013, 991, 86, 394, 0, 0, 0.54%, 1, 0, 5, 1487.68
1775243018, 991, 143, 394, 0, 0, 0.54%, 1, 0, 5, 1518.70
1775243023, 991, 207, 394, 0, 0, 0.54%, 1, 0, 5, 1458.78
1775243028, 991, 312, 394, 0, 0, 0.54%, 1, 0, 5, 1453.23
1775243033, 992, 51, 394, 0, 0, 0.54%, 1, 0, 5, 1417.21
1775243038, 992, 88, 394, 0, 0, 0.54%, 1, 0, 5, 1610.50
1775243043, 992, 128, 394, 0, 0, 0.54%, 1, 0, 5, 1413.12
1775243049, 992, 184, 394, 0, 0, 0.54%, 1, 0, 5, 1518.78
1775243054, 992, 274, 394, 0, 0, 0.54%, 1, 0, 5, 1374.03
1775243059, 992, 337, 394, 0, 0, 0.54%, 1, 0, 5, 1432.77
1775243064, 993, 44, 394, 0, 0, 0.54%, 1, 0, 5, 1348.38
1775243069, 993, 88, 394, 0, 0, 0.54%, 1, 0, 5, 1470.97
1775243074, 993, 200, 394, 0, 0, 0.54%, 1, 0, 5, 1484.75
1775243079, 993, 333, 394, 0, 0, 0.54%, 1, 0, 5, 1390.74
1775243084, 994, 86, 394, 0, 0, 0.54%, 1, 0, 5, 1542.60
1775243089, 994, 184, 394, 0, 0, 0.54%, 1, 0, 5, 1554.37
1775243095, 994, 333, 394, 0, 0, 0.54%, 1, 0, 5, 1483.85
1775243100, 995, 55, 394, 0, 0, 0.54%, 1, 0, 5, 1529.52
1775243105, 995, 86, 394, 0, 0, 0.54%, 1, 0, 5, 1561.26
1775243110, 995, 142, 394, 0, 0, 0.54%, 1, 0, 5, 1532.73
1775243115, 995, 173, 394, 0, 0, 0.54%, 1, 0, 5, 1525.63
1775243120, 995, 305, 394, 0, 0, 0.54%, 1, 0, 5, 1437.04
1775243125, 996, 7, 394, 0, 0, 0.54%, 1, 0, 5, 1514.37
1775243130, 996, 79, 394, 0, 0, 0.54%, 1, 0, 5, 1429.49
1775243135, 996, 93, 394, 0, 0, 0.54%, 1, 0, 5, 1583.33
1775243140, 996, 193, 394, 0, 0, 0.54%, 1, 0, 5, 1512.70
1775243146, 996, 270, 394, 0, 0, 0.54%, 1, 0, 5, 1455.18
1775243151, 996, 384, 394, 0, 0, 0.54%, 1, 0, 5, 1335.47
1775243156, 997, 74, 394, 0, 0, 0.54%, 1, 0, 5, 1424.52
1775243161, 997, 93, 394, 0, 0, 0.54%, 1, 0, 5, 1399.59
1775243166, 997, 136, 394, 0, 0, 0.54%, 1, 0, 5, 1471.95
1775243171, 997, 216, 394, 0, 0, 0.54%, 1, 0, 5, 1380.08
1775243176, 997, 290, 394, 0, 0, 0.54%, 1, 0, 5, 1373.20
1775243181, 997, 337, 394, 0, 0, 0.54%, 1, 0, 5, 1393.37
1775243186, 998, 75, 394, 0, 0, 0.54%, 1, 0, 5, 1549.23
1775243192, 998, 99, 394, 0, 0, 0.54%, 1, 0, 5, 1498.04
1775243197, 998, 142, 394, 0, 0, 0.54%, 1, 0, 5, 1429.52
1775243202, 998, 267, 394, 0, 0, 0.54%, 1, 0, 5, 1465.60
1775243207, 998, 337, 394, 0, 0, 0.54%, 1, 0, 5, 1436.17
1775243212, 999, 65, 394, 0, 0, 0.54%, 1, 0, 5, 1460.00
1775243217, 999, 88, 394, 0, 0, 0.54%, 1, 0, 5, 1605.55
1775243222, 999, 158, 394, 0, 0, 0.54%, 1, 0, 5, 1583.37
1775243227, 999, 368, 394, 0, 0, 0.54%, 1, 0, 5, 1407.00
1775243232, 1000, 57, 394, 0, 0, 0.54%, 1, 0, 5, 1322.55
1775243237, 1000, 83, 394, 0, 0, 0.54%, 1, 0, 5, 1413.03
1775243243, 1000, 106, 394, 0, 0, 0.54%, 1, 0, 5, 1431.52
1775243248, 1000, 159, 394, 0, 0, 0.54%, 1, 0, 5, 1501.42
1775243253, 1000, 292, 394, 0, 0, 0.54%, 1, 0, 5, 1433.15
1775243258, 1000, 337, 394, 0, 0, 0.54%, 1, 0, 5, 1372.66
1775243263, 1001, 76, 394, 0, 0, 0.54%, 1, 0, 5, 1440.48
1775243268, 1001, 107, 394, 0, 0, 0.54%, 1, 0, 5, 1116.51
1775243273, 1001, 158, 394, 0, 0, 0.54%, 1, 0, 5, 1412.70
1775243278, 1001, 265, 394, 0, 0, 0.54%, 1, 0, 5, 1501.62
1775243283, 1001, 337, 394, 0, 0, 0.54%, 1, 0, 5, 1487.02
1775243289, 1002, 57, 394, 0, 0, 0.54%, 1, 0, 5, 1434.83
1775243294, 1002, 88, 394, 0, 0, 0.54%, 1, 0, 5, 1537.80
1775243299, 1002, 162, 394, 0, 0, 0.54%, 1, 0, 5, 1436.11
1775243304, 1002, 304, 394, 0, 0, 0.54%, 1, 0, 5, 1428.12
1775243309, 1003, 22, 394, 0, 0, 0.54%, 1, 0, 5, 1434.32
1775243314, 1003, 86, 394, 0, 0, 0.54%, 1, 0, 5, 1493.81
1775243319, 1003, 106, 394, 0, 0, 0.54%, 1, 0, 5, 1542.58
1775243324, 1003, 161, 394, 0, 0, 0.54%, 1, 0, 5, 1517.97
1775243329, 1003, 235, 394, 0, 0, 0.54%, 1, 0, 5, 1453.34
1775243334, 1003, 278, 394, 0, 0, 0.54%, 1, 0, 5, 1460.63
1775243340, 1003, 337, 394, 0, 0, 0.54%, 1, 0, 5, 1433.74
1775243345, 1004, 57, 394, 0, 0, 0.54%, 1, 0, 5, 1387.68
1775243350, 1004, 88, 394, 0, 0, 0.54%, 1, 0, 5, 1474.39
1775243355, 1004, 158, 394, 0, 0, 0.54%, 1, 0, 5, 1538.49
1775243360, 1004, 302, 394, 0, 0, 0.54%, 1, 0, 5, 1498.17
1775243365, 1005, 57, 394, 0, 0, 0.54%, 1, 0, 5, 1381.12
1775243370, 1005, 83, 394, 0, 0, 0.54%, 1, 0, 5, 1459.29
1775243375, 1005, 132, 394, 0, 0, 0.54%, 1, 0, 5, 1471.96
1775243380, 1005, 199, 394, 0, 0, 0.54%, 1, 0, 5, 1456.34
1775243385, 1005, 281, 394, 0, 0, 0.54%, 1, 0, 5, 1391.44
1775243391, 1005, 356, 394, 0, 0, 0.54%, 1, 0, 5, 1343.50
1775243396, 1006, 51, 394, 0, 0, 0.54%, 1, 0, 5, 1683.10
1775243401, 1006, 88, 394, 0, 0, 0.54%, 1, 0, 5, 1567.58
1775243406, 1006, 109, 394, 0, 0, 0.54%, 1, 0, 5, 1491.87
1775243411, 1006, 202, 394, 0, 0, 0.54%, 1, 0, 5, 1401.60
1775243416, 1006, 287, 394, 0, 0, 0.54%, 1, 0, 5, 1352.47
1775243421, 1006, 337, 394, 0, 0, 0.54%, 1, 0, 5, 1361.32
1775243427, 1007, 26, 394, 0, 0, 0.54%, 1, 0, 5, 1452.31
1775243432, 1007, 83, 394, 0, 0, 0.54%, 1, 0, 5, 1429.12
1775243437, 1007, 96, 394, 0, 0, 0.54%, 1, 0, 5, 1444.33
1775243442, 1007, 158, 394, 0, 0, 0.54%, 1, 0, 5, 1534.22
1775243447, 1007, 259, 394, 0, 0, 0.54%, 1, 0, 5, 1540.24
1775243452, 1007, 337, 394, 0, 0, 0.54%, 1, 0, 5, 1421.45
1775243457, 1008, 73, 394, 0, 0, 0.54%, 1, 0, 5, 1487.97
1775243462, 1008, 106, 394, 0, 0, 0.54%, 1, 0, 5, 1451.50
1775243467, 1008, 164, 394, 0, 0, 0.54%, 1, 0, 5, 1545.31
1775243472, 1008, 297, 394, 0, 0, 0.54%, 1, 0, 5, 1412.79
1775243477, 1008, 389, 394, 0, 0, 0.54%, 1, 0, 5, 1349.94
1775243482, 1009, 6, 394, 0, 0, 0.54%, 1, 0, 5, 1552.28
1775243487, 1009, 57, 394, 0, 0, 0.54%, 1, 0, 5, 1505.08
1775243492, 1009, 86, 394, 0, 0, 0.54%, 1, 0, 5, 1604.74
1775243498, 1009, 193, 394, 0, 0, 0.54%, 1, 0, 5, 1776.12
1775243503, 1009, 264, 394, 0, 0, 0.54%, 1, 0, 5, 1366.61
1775243508, 1009, 351, 394, 0, 0, 0.54%, 1, 0, 5, 1389.43
1775243513, 1010, 83, 394, 0, 0, 0.54%, 1, 0, 5, 1468.54
1775243518, 1010, 117, 394, 0, 0, 0.54%, 1, 0, 5, 1737.09
1775243523, 1010, 234, 394, 0, 0, 0.54%, 1, 0, 5, 1516.28
1775243528, 1010, 311, 394, 0, 0, 0.54%, 1, 0, 5, 1299.26
1775243534, 1011, 56, 394, 0, 0, 0.54%, 1, 0, 5, 1346.34
1775243539, 1011, 88, 394, 0, 0, 0.54%, 1, 0, 5, 1413.29
1775243544, 1011, 148, 394, 0, 0, 0.54%, 1, 0, 5, 1442.72
1775243549, 1011, 311, 394, 0, 0, 0.54%, 1, 0, 5, 1415.18
1775243554, 1012, 60, 394, 0, 0, 0.54%, 1, 0, 5, 1468.16
1775243559, 1012, 86, 394, 0, 0, 0.54%, 1, 0, 5, 1487.92
1775243564, 1012, 157, 394, 0, 0, 0.54%, 1, 0, 5, 1454.93
1775243569, 1012, 237, 394, 0, 0, 0.54%, 1, 0, 5, 1426.92
1775243574, 1012, 304, 394, 0, 0, 0.54%, 1, 0, 5, 1367.00
1775243579, 1013, 43, 394, 0, 0, 0.54%, 1, 0, 5, 1335.83
1775243585, 1013, 77, 394, 0, 0, 0.54%, 1, 0, 5, 1529.03
1775243590, 1013, 99, 394, 0, 0, 0.54%, 1, 0, 5, 1263.60
1775243595, 1013, 160, 394, 0, 0, 0.54%, 1, 0, 5, 1425.66
1775243600, 1013, 233, 394, 0, 0, 0.54%, 1, 0, 5, 1381.01
1775243605, 1013, 337, 394, 0, 0, 0.54%, 1, 0, 5, 1388.72
1775243610, 1014, 57, 394, 0, 0, 0.54%, 1, 0, 5, 1488.21
1775243615, 1014, 88, 394, 0, 0, 0.54%, 1, 0, 5, 1478.43
1775243620, 1014, 129, 394, 0, 0, 0.54%, 1, 0, 5, 1478.62
1775243625, 1014, 258, 394, 0, 0, 0.54%, 1, 0, 5, 1427.33
1775243631, 1014, 312, 394, 0, 0, 0.54%, 1, 0, 5, 1396.79
1775243636, 1015, 59, 394, 0, 0, 0.54%, 1, 0, 5, 1489.60
1775243641, 1015, 87, 394, 0, 0, 0.54%, 1, 0, 5, 1370.59
1775243646, 1015, 128, 394, 0, 0, 0.54%, 1, 0, 5, 1368.50
1775243651, 1015, 307, 394, 0, 0, 0.54%, 1, 0, 5, 1307.39
1775243656, 1016, 18, 394, 0, 0, 0.54%, 1, 0, 5, 1381.50
1775243661, 1016, 73, 394, 0, 0, 0.54%, 1, 0, 5, 1439.32
1775243666, 1016, 93, 394, 0, 0, 0.54%, 1, 0, 5, 1574.38
1775243671, 1016, 249, 394, 0, 0, 0.54%, 1, 0, 5, 1495.87
1775243676, 1016, 311, 394, 0, 0, 0.54%, 1, 0, 5, 1385.60
1775243681, 1016, 388, 394, 0, 0, 0.54%, 1, 0, 5, 1190.80
1775243686, 1016, 389, 394, 0, 0, 0.54%, 1, 0, 5, 1525.31
1775243691, 1017, 25, 394, 0, 0, 0.54%, 1, 0, 5, 1514.82
1775243696, 1017, 82, 394, 0, 0, 0.54%, 1, 0, 5, 1484.69
1775243702, 1017, 103, 394, 0, 0, 0.54%, 1, 0, 5, 1468.38
1775243707, 1017, 158, 394, 0, 0, 0.54%, 1, 0, 5, 1510.74
1775243712, 1017, 287, 394, 0, 0, 0.54%, 1, 0, 5, 1423.90
1775243717, 1017, 383, 394, 0, 0, 0.54%, 1, 0, 5, 1230.16
1775243722, 1018, 83, 394, 0, 0, 0.54%, 1, 0, 5, 1466.36
1775243727, 1018, 106, 394, 0, 0, 0.54%, 1, 0, 5, 1523.15
1775243732, 1018, 287, 394, 0, 0, 0.54%, 1, 0, 5, 1426.19
1775243738, 1018, 333, 394, 0, 0, 0.54%, 1, 0, 5, 1376.34
1775243743, 1019, 43, 394, 0, 0, 0.54%, 1, 0, 5, 1376.07
1775243748, 1019, 73, 394, 0, 0, 0.54%, 1, 0, 5, 1466.37
1775243753, 1019, 106, 394, 0, 0, 0.54%, 1, 0, 5, 1421.61
1775243758, 1019, 202, 394, 0, 0, 0.54%, 1, 0, 5, 1501.75
1775243763, 1019, 311, 394, 0, 0, 0.54%, 1, 0, 5, 1460.73
1775243768, 1019, 388, 394, 0, 0, 0.54%, 1, 0, 5, 1368.74
1775243773, 1020, 10, 394, 0, 0, 0.54%, 1, 0, 5, 1270.87
1775243778, 1020, 82, 394, 0, 0, 0.54%, 1, 0, 5, 1481.63
1775243783, 1020, 93, 394, 0, 0, 0.54%, 1, 0, 5, 1553.38
1775243789, 1020, 133, 394, 0, 0, 0.54%, 1, 0, 5, 1498.22
1775243794, 1020, 287, 394, 0, 0, 0.54%, 1, 0, 5, 1414.00
1775243799, 1021, 0, 394, 0, 0, 0.54%, 1, 0, 5, 1303.55
1775243804, 1021, 73, 394, 0, 0, 0.54%, 1, 0, 5, 1464.23
1775243809, 1021, 112, 394, 0, 0, 0.54%, 1, 0, 5, 1478.22
1775243814, 1021, 184, 394, 0, 0, 0.54%, 1, 0, 5, 1529.31
1775243819, 1021, 304, 394, 0, 0, 0.54%, 1, 0, 5, 1463.79
1775243824, 1021, 347, 394, 0, 0, 0.54%, 1, 0, 5, 1260.82
1775243829, 1022, 26, 394, 0, 0, 0.54%, 1, 0, 5, 1305.23
1775243835, 1022, 86, 394, 0, 0, 0.54%, 1, 0, 5, 1289.36
1775243840, 1022, 110, 394, 0, 0, 0.54%, 1, 0, 5, 1468.42
1775243845, 1022, 196, 394, 0, 0, 0.54%, 1, 0, 5, 1536.55
1775243850, 1022, 284, 394, 0, 0, 0.54%, 1, 0, 5, 1515.26
1775243855, 1023, 5, 394, 0, 0, 0.54%, 1, 0, 5, 1343.87
1775243860, 1023, 83, 394, 0, 0, 0.54%, 1, 0, 5, 1460.91
1775243865, 1023, 139, 394, 0, 0, 0.54%, 1, 0, 5, 1402.85
1775243870, 1023, 248, 394, 0, 0, 0.54%, 1, 0, 5, 1369.78
1775243875, 1023, 328, 394, 0, 0, 0.54%, 1, 0, 5, 1426.41
1775243880, 1024, 73, 394, 0, 0, 0.54%, 1, 0, 5, 1380.35
1775243885, 1024, 93, 394, 0, 0, 0.54%, 1, 0, 5, 1420.05
1775243890, 1024, 138, 394, 0, 0, 0.54%, 1, 0, 5, 1548.03
1775243895, 1024, 287, 394, 0, 0, 0.54%, 1, 0, 5, 1431.01
1775243900, 1025, 17, 394, 0, 0, 0.54%, 1, 0, 5, 1415.65
1775243906, 1025, 59, 394, 0, 0, 0.54%, 1, 0, 5, 1452.25
1775243911, 1025, 106, 394, 0, 0, 0.54%, 1, 0, 5, 1440.66
1775243916, 1025, 262, 394, 0, 0, 0.54%, 1, 0, 5, 1461.93
1775243921, 1026, 5, 394, 0, 0, 0.54%, 1, 0, 5, 1378.13
1775243926, 1026, 65, 394, 0, 0, 0.54%, 1, 0, 5, 1484.71
1775243931, 1026, 88, 394, 0, 0, 0.54%, 1, 0, 5, 1457.29
1775243936, 1026, 156, 394, 0, 0, 0.54%, 1, 0, 5, 1509.38
1775243941, 1026, 267, 394, 0, 0, 0.54%, 1, 0, 5, 1427.27
1775243946, 1026, 286, 394, 0, 0, 0.54%, 1, 0, 5, 1321.64
1775243952, 1026, 349, 394, 0, 0, 0.54%, 1, 0, 5, 1345.65
1775243957, 1027, 73, 394, 0, 0, 0.54%, 1, 0, 5, 1484.47
1775243962, 1027, 93, 394, 0, 0, 0.54%, 1, 0, 5, 1493.78
1775243967, 1027, 178, 394, 0, 0, 0.54%, 1, 0, 5, 1453.51
1775243972, 1027, 259, 394, 0, 0, 0.54%, 1, 0, 5, 1404.70
1775243977, 1027, 317, 394, 0, 0, 0.54%, 1, 0, 5, 1440.32
1775243982, 1028, 57, 394, 0, 0, 0.54%, 1, 0, 5, 1389.21
1775243987, 1028, 88, 394, 0, 0, 0.54%, 1, 0, 5, 1350.65
1775243992, 1028, 150, 394, 0, 0, 0.54%, 1, 0, 5, 1383.32
1775243998, 1028, 243, 394, 0, 0, 0.54%, 1, 0, 5, 1390.38
1775244003, 1028, 311, 394, 0, 0, 0.54%, 1, 0, 5, 1283.15
1775244008, 1029, 29, 394, 0, 0, 0.54%, 1, 0, 5, 1361.57
1775244013, 1029, 86, 394, 0, 0, 0.54%, 1, 0, 5, 1476.03
1775244018, 1029, 106, 394, 0, 0, 0.54%, 1, 0, 5, 1391.63
1775244023, 1029, 228, 394, 0, 0, 0.54%, 1, 0, 5, 1421.30
1775244028, 1029, 337, 394, 0, 0, 0.54%, 1, 0, 5, 1360.71
1775244034, 1030, 57, 394, 0, 0, 0.54%, 1, 0, 5, 1310.53
1775244039, 1030, 96, 394, 0, 0, 0.54%, 1, 0, 5, 1481.30
1775244044, 1030, 175, 394, 0, 0, 0.54%, 1, 0, 5, 1462.74
1775244049, 1030, 247, 394, 0, 0, 0.54%, 1, 0, 5, 1329.11
1775244054, 1030, 309, 394, 0, 0, 0.54%, 1, 0, 5, 1430.52
1775244059, 1031, 3, 394, 0, 0, 0.54%, 1, 0, 5, 1347.50
1775244064, 1031, 57, 394, 0, 0, 0.54%, 1, 0, 5, 1433.91
1775244069, 1031, 83, 394, 0, 0, 0.54%, 1, 0, 5, 1547.71
1775244074, 1031, 106, 394, 0, 0, 0.54%, 1, 0, 5, 1612.40
1775244079, 1031, 235, 394, 0, 0, 0.54%, 1, 0, 5, 1390.75
1775244085, 1031, 311, 394, 0, 0, 0.54%, 1, 0, 5, 1387.73
1775244090, 1032, 43, 394, 0, 0, 0.54%, 1, 0, 5, 1404.08
1775244095, 1032, 86, 394, 0, 0, 0.54%, 1, 0, 5, 1521.66
1775244100, 1032, 106, 394, 0, 0, 0.54%, 1, 0, 5, 1483.70
1775244105, 1032, 216, 394, 0, 0, 0.54%, 1, 0, 5, 1380.93
1775244110, 1032, 248, 394, 0, 0, 0.54%, 1, 0, 5, 1453.94
1775244115, 1032, 319, 394, 0, 0, 0.54%, 1, 0, 5, 1328.40
1775244120, 1033, 57, 394, 0, 0, 0.54%, 1, 0, 5, 1511.79
1775244125, 1033, 93, 394, 0, 0, 0.54%, 1, 0, 5, 1467.82
1775244130, 1033, 197, 394, 0, 0, 0.54%, 1, 0, 5, 1551.53
1775244135, 1033, 304, 394, 0, 0, 0.54%, 1, 0, 5, 1429.05
1775244141, 1034, 16, 394, 0, 0, 0.54%, 1, 0, 5, 1336.23
1775244146, 1034, 57, 394, 0, 0, 0.54%, 1, 0, 5, 1296.03
1775244151, 1034, 86, 394, 0, 0, 0.54%, 1, 0, 5, 1392.14
1775244156, 1034, 158, 394, 0, 0, 0.54%, 1, 0, 5, 1375.32
1775244161, 1034, 263, 394, 0, 0, 0.54%, 1, 0, 5, 1483.55
1775244166, 1034, 312, 394, 0, 0, 0.54%, 1, 0, 5, 847.96
1775244171, 1034, 386, 394, 0, 0, 0.54%, 1, 0, 5, 1084.88
1775244176, 1035, 73, 394, 0, 0, 0.54%, 1, 0, 5, 1450.83
1775244181, 1035, 106, 394, 0, 0, 0.54%, 1, 0, 5, 1369.97
1775244186, 1035, 161, 394, 0, 0, 0.54%, 1, 0, 5, 1345.21
1775244191, 1035, 263, 394, 0, 0, 0.54%, 1, 0, 5, 1461.01
1775244197, 1035, 304, 394, 0, 0, 0.54%, 1, 0, 5, 1406.33
1775244202, 1036, 57, 394, 0, 0, 0.54%, 1, 0, 5, 1428.84
1775244207, 1036, 88, 394, 0, 0, 0.54%, 1, 0, 5, 1575.75
1775244212, 1036, 148, 394, 0, 0, 0.54%, 1, 0, 5, 1547.66
1775244217, 1036, 237, 394, 0, 0, 0.54%, 1, 0, 5, 1533.90
1775244222, 1036, 310, 394, 0, 0, 0.54%, 1, 0, 5, 1335.90
1775244227, 1036, 391, 394, 0, 0, 0.54%, 1, 0, 5, 1210.46
1775244232, 1037, 88, 394, 0, 0, 0.54%, 1, 0, 5, 1458.27
1775244237, 1037, 128, 394, 0, 0, 0.54%, 1, 0, 5, 1525.52
1775244242, 1037, 267, 394, 0, 0, 0.54%, 1, 0, 5, 1485.91
1775244247, 1037, 333, 394, 0, 0, 0.54%, 1, 0, 5, 1431.71
1775244253, 1038, 12, 394, 0, 0, 0.54%, 1, 0, 5, 1299.09
1775244258, 1038, 73, 394, 0, 0, 0.54%, 1, 0, 5, 1477.02
1775244263, 1038, 104, 394, 0, 0, 0.54%, 1, 0, 5, 1549.93
1775244268, 1038, 180, 394, 0, 0, 0.54%, 1, 0, 5, 1514.51
1775244273, 1038, 304, 394, 0, 0, 0.54%, 1, 0, 5, 1364.16
1775244278, 1038, 362, 394, 0, 0, 0.54%, 1, 0, 5, 1270.98
1775244283, 1039, 80, 394, 0, 0, 0.54%, 1, 0, 5, 1429.74
1775244288, 1039, 101, 394, 0, 0, 0.54%, 1, 0, 5, 1543.91
1775244293, 1039, 144, 394, 0, 0, 0.54%, 1, 0, 5, 1450.18
1775244298, 1039, 220, 394, 0, 0, 0.54%, 1, 0, 5, 1462.36
1775244303, 1039, 312, 394, 0, 0, 0.54%, 1, 0, 5, 1307.92
1775244308, 1040, 72, 394, 0, 0, 0.54%, 1, 0, 5, 1341.06
1775244313, 1040, 86, 394, 0, 0, 0.54%, 1, 0, 5, 1455.11
1775244319, 1040, 137, 394, 0, 0, 0.54%, 1, 0, 5, 1404.88
1775244324, 1040, 199, 394, 0, 0, 0.54%, 1, 0, 5, 1475.37
1775244329, 1040, 303, 394, 0, 0, 0.54%, 1, 0, 5, 1329.61
1775244334, 1041, 21, 394, 0, 0, 0.54%, 1, 0, 5, 1409.82
1775244339, 1041, 73, 394, 0, 0, 0.54%, 1, 0, 5, 1438.74
1775244344, 1041, 106, 394, 0, 0, 0.54%, 1, 0, 5, 1433.46
1775244349, 1041, 161, 394, 0, 0, 0.54%, 1, 0, 5, 1609.15
1775244354, 1041, 304, 394, 0, 0, 0.54%, 1, 0, 5, 1463.16
1775244359, 1041, 385, 394, 0, 0, 0.54%, 1, 0, 5, 1076.58
1775244364, 1042, 83, 394, 0, 0, 0.54%, 1, 0, 5, 1407.97
1775244370, 1042, 96, 394, 0, 0, 0.54%, 1, 0, 5, 1418.39
1775244375, 1042, 226, 394, 0, 0, 0.54%, 1, 0, 5, 1458.58
1775244380, 1042, 333, 394, 0, 0, 0.54%, 1, 0, 5, 1380.76
1775244385, 1043, 52, 394, 0, 0, 0.54%, 1, 0, 5, 1395.24
1775244390, 1043, 86, 394, 0, 0, 0.54%, 1, 0, 5, 1499.02
1775244395, 1043, 131, 394, 0, 0, 0.54%, 1, 0, 5, 1435.41
1775244400, 1043, 205, 394, 0, 0, 0.54%, 1, 0, 5, 1514.42
1775244405, 1043, 311, 394, 0, 0, 0.54%, 1, 0, 5, 1282.45
1775244410, 1043, 388, 394, 0, 0, 0.54%, 1, 0, 5, 1442.16
1775244415, 1044, 59, 394, 0, 0, 0.54%, 1, 0, 5, 1516.62
1775244420, 1044, 88, 394, 0, 0, 0.54%, 1, 0, 5, 1437.41
1775244425, 1044, 278, 394, 0, 0, 0.54%, 1, 0, 5, 1483.08
1775244431, 1044, 311, 394, 0, 0, 0.54%, 1, 0, 5, 1485.07
1775244436, 1045, 36, 394, 0, 0, 0.54%, 1, 0, 5, 1389.80
1775244441, 1045, 86, 394, 0, 0, 0.54%, 1, 0, 5, 1279.32
1775244446, 1045, 133, 394, 0, 0, 0.54%, 1, 0, 5, 1360.56
1775244451, 1045, 189, 394, 0, 0, 0.54%, 1, 0, 5, 1352.83
1775244456, 1045, 311, 394, 0, 0, 0.54%, 1, 0, 5, 1401.54
1775244461, 1046, 57, 394, 0, 0, 0.54%, 1, 0, 5, 1387.62
1775244466, 1046, 83, 394, 0, 0, 0.54%, 1, 0, 5, 1372.96
1775244471, 1046, 101, 394, 0, 0, 0.54%, 1, 0, 5, 1469.17
1775244477, 1046, 158, 394, 0, 0, 0.54%, 1, 0, 5, 1424.13
1775244482, 1046, 287, 394, 0, 0, 0.54%, 1, 0, 5, 1364.06
1775244487, 1047, 2, 394, 0, 0, 0.54%, 1, 0, 5, 1372.55
1775244492, 1047, 83, 394, 0, 0, 0.54%, 1, 0, 5, 1502.45
1775244497, 1047, 97, 394, 0, 0, 0.54%, 1, 0, 5, 1484.16
1775244502, 1047, 177, 394, 0, 0, 0.54%, 1, 0, 5, 1507.73
1775244507, 1047, 287, 394, 0, 0, 0.54%, 1, 0, 5, 1377.63
1775244512, 1047, 337, 394, 0, 0, 0.54%, 1, 0, 5, 1450.65
1775244517, 1048, 63, 394, 0, 0, 0.54%, 1, 0, 5, 1523.92
1775244522, 1048, 88, 394, 0, 0, 0.54%, 1, 0, 5, 1578.42
1775244527, 1048, 190, 394, 0, 0, 0.54%, 1, 0, 5, 1368.38
1775244532, 1048, 311, 394, 0, 0, 0.54%, 1, 0, 5, 1429.11
1775244538, 1048, 387, 394, 0, 0, 0.54%, 1, 0, 5, 1341.65
1775244543, 1049, 46, 394, 0, 0, 0.54%, 1, 0, 5, 1406.27
1775244548, 1049, 86, 394, 0, 0, 0.54%, 1, 0, 5, 1473.07
1775244553, 1049, 131, 394, 0, 0, 0.54%, 1, 0, 5, 1435.99
1775244558, 1049, 175, 394, 0, 0, 0.54%, 1, 0, 5, 1421.97
1775244563, 1049, 311, 394, 0, 0, 0.54%, 1, 0, 5, 1360.37
1775244568, 1050, 14, 394, 0, 0, 0.54%, 1, 0, 5, 1319.37
1775244573, 1050, 81, 394, 0, 0, 0.54%, 1, 0, 5, 1524.93
1775244578, 1050, 111, 394, 0, 0, 0.54%, 1, 0, 5, 1591.92
1775244584, 1050, 275, 394, 0, 0, 0.54%, 1, 0, 5, 1435.96
1775244589, 1050, 349, 394, 0, 0, 0.54%, 1, 0, 5, 1337.46
1775244594, 1051, 36, 394, 0, 0, 0.54%, 1, 0, 5, 1411.53
1775244599, 1051, 73, 394, 0, 0, 0.54%, 1, 0, 5, 1521.73
1775244604, 1051, 93, 394, 0, 0, 0.54%, 1, 0, 5, 1404.85
1775244609, 1051, 204, 394, 0, 0, 0.54%, 1, 0, 5, 1522.25
1775244614, 1051, 311, 394, 0, 0, 0.54%, 1, 0, 5, 1443.73
1775244619, 1052, 6, 394, 0, 0, 0.54%, 1, 0, 5, 1789.97
1775244624, 1052, 73, 394, 0, 0, 0.54%, 1, 0, 5, 1542.81
1775244630, 1052, 93, 394, 0, 0, 0.54%, 1, 0, 5, 1466.47
1775244635, 1052, 158, 394, 0, 0, 0.54%, 1, 0, 5, 1496.15
1775244640, 1052, 276, 394, 0, 0, 0.54%, 1, 0, 5, 1447.63
1775244645, 1052, 337, 394, 0, 0, 0.54%, 1, 0, 5, 1459.93
1775244650, 1053, 83, 394, 0, 0, 0.54%, 1, 0, 5, 1380.63
1775244655, 1053, 106, 394, 0, 0, 0.54%, 1, 0, 5, 1350.85
1775244660, 1053, 170, 394, 0, 0, 0.54%, 1, 0, 5, 1384.43
1775244665, 1053, 312, 394, 0, 0, 0.54%, 1, 0, 5, 1416.44
1775244670, 1054, 60, 394, 0, 0, 0.54%, 1, 0, 5, 1444.82
1775244675, 1054, 86, 394, 0, 0, 0.54%, 1, 0, 5, 1594.88
1775244680, 1054, 97, 394, 0, 0, 0.54%, 1, 0, 5, 1345.47
1775244686, 1054, 158, 394, 0, 0, 0.54%, 1, 0, 5, 1327.22
1775244691, 1054, 312, 394, 0, 0, 0.54%, 1, 0, 5, 1409.14
1775244696, 1055, 38, 394, 0, 0, 0.54%, 1, 0, 5, 1509.25
1775244701, 1055, 88, 394, 0, 0, 0.54%, 1, 0, 5, 1508.59
1775244706, 1055, 141, 394, 0, 0, 0.54%, 1, 0, 5, 1524.67
1775244711, 1055, 227, 394, 0, 0, 0.54%, 1, 0, 5, 1572.57
1775244716, 1055, 330, 394, 0, 0, 0.54%, 1, 0, 5, 1394.68
1775244721, 1056, 21, 394, 0, 0, 0.54%, 1, 0, 5, 1336.51
1775244726, 1056, 77, 394, 0, 0, 0.54%, 1, 0, 5, 1434.56
1775244731, 1056, 106, 394, 0, 0, 0.54%, 1, 0, 5, 1443.72
1775244736, 1056, 231, 394, 0, 0, 0.54%, 1, 0, 5, 1555.98
1775244741, 1056, 322, 394, 0, 0, 0.54%, 1, 0, 5, 1398.71
1775244747, 1057, 51, 394, 0, 0, 0.54%, 1, 0, 5, 1484.82
1775244752, 1057, 90, 394, 0, 0, 0.54%, 1, 0, 5, 1536.99
1775244757, 1057, 135, 394, 0, 0, 0.54%, 1, 0, 5, 1521.81
1775244762, 1057, 260, 394, 0, 0, 0.54%, 1, 0, 5, 1472.66
1775244767, 1057, 312, 394, 0, 0, 0.54%, 1, 0, 5, 1352.60
1775244772, 1058, 27, 394, 0, 0, 0.54%, 1, 0, 5, 1803.61
1775244777, 1058, 73, 394, 0, 0, 0.54%, 1, 0, 5, 1557.03
1775244782, 1058, 105, 394, 0, 0, 0.54%, 1, 0, 5, 1538.27
1775244787, 1058, 158, 394, 0, 0, 0.54%, 1, 0, 5, 1475.12
1775244793, 1058, 309, 394, 0, 0, 0.54%, 1, 0, 5, 1449.12
1775244798, 1059, 47, 394, 0, 0, 0.54%, 1, 0, 5, 1459.54
1775244803, 1059, 88, 394, 0, 0, 0.54%, 1, 0, 5, 1593.89
1775244808, 1059, 172, 394, 0, 0, 0.54%, 1, 0, 5, 1492.84
1775244813, 1059, 311, 394, 0, 0, 0.54%, 1, 0, 5, 1431.67
1775244818, 1060, 73, 394, 0, 0, 0.54%, 1, 0, 5, 1406.43
1775244823, 1060, 115, 394, 0, 0, 0.54%, 1, 0, 5, 1520.90
1775244828, 1060, 178, 394, 0, 0, 0.54%, 1, 0, 5, 1481.33
1775244833, 1060, 266, 394, 0, 0, 0.54%, 1, 0, 5, 1534.29
1775244838, 1060, 337, 394, 0, 0, 0.54%, 1, 0, 5, 1294.95
1775244843, 1061, 57, 394, 0, 0, 0.54%, 1, 0, 5, 1419.78
1775244848, 1061, 93, 394, 0, 0, 0.54%, 1, 0, 5, 1547.32
1775244853, 1061, 188, 394, 0, 0, 0.54%, 1, 0, 5, 1357.25
1775244858, 1061, 243, 394, 0, 0, 0.54%, 1, 0, 5, 1429.75
1775244864, 1061, 304, 394, 0, 0, 0.54%, 1, 0, 5, 1396.15
1775244869, 1062, 57, 394, 0, 0, 0.54%, 1, 0, 5, 1401.87
1775244874, 1062, 90, 394, 0, 0, 0.54%, 1, 0, 5, 1505.40
1775244879, 1062, 175, 394, 0, 0, 0.54%, 1, 0, 5, 272.73
1775244884, 1062, 276, 394, 0, 0, 0.54%, 1, 0, 5, 1464.35
1775244889, 1062, 333, 394, 0, 0, 0.54%, 1, 0, 5, 1352.51
1775244894, 1063, 46, 394, 0, 0, 0.54%, 1, 0, 5, 1445.85
1775244899, 1063, 85, 394, 0, 0, 0.54%, 1, 0, 5, 1456.93
1775244904, 1063, 158, 394, 0, 0, 0.54%, 1, 0, 5, 1386.59
1775244909, 1063, 212, 394, 0, 0, 0.54%, 1, 0, 5, 1466.45
1775244915, 1063, 303, 394, 0, 0, 0.54%, 1, 0, 5, 1356.31
1775244920, 1063, 360, 394, 0, 0, 0.54%, 1, 0, 5, 1319.75
1775244925, 1064, 57, 394, 0, 0, 0.54%, 1, 0, 5, 1356.29
1775244930, 1064, 90, 394, 0, 0, 0.54%, 1, 0, 5, 1557.96
1775244935, 1064, 181, 394, 0, 0, 0.54%, 1, 0, 5, 1527.66
1775244940, 1064, 315, 394, 0, 0, 0.54%, 1, 0, 5, 1377.37
1775244945, 1065, 36, 394, 0, 0, 0.54%, 1, 0, 5, 1316.97
1775244950, 1065, 86, 394, 0, 0, 0.54%, 1, 0, 5, 1476.23
1775244955, 1065, 118, 394, 0, 0, 0.54%, 1, 0, 5, 1503.66
1775244960, 1065, 212, 394, 0, 0, 0.54%, 1, 0, 5, 1433.90
1775244965, 1065, 304, 394, 0, 0, 0.54%, 1, 0, 5, 1413.19
1775244970, 1066, 36, 394, 0, 0, 0.54%, 1, 0, 5, 1375.73
1775244975, 1066, 86, 394, 0, 0, 0.54%, 1, 0, 5, 1455.90
1775244981, 1066, 162, 394, 0, 0, 0.54%, 1, 0, 5, 1446.45
1775244986, 1066, 304, 394, 0, 0, 0.54%, 1, 0, 5, 1483.48
1775244991, 1067, 42, 394, 0, 0, 0.54%, 1, 0, 5, 1350.32
1775244996, 1067, 83, 394, 0, 0, 0.54%, 1, 0, 5, 1532.51
1775245001, 1067, 126, 394, 0, 0, 0.54%, 1, 0, 5, 1540.77
1775245006, 1067, 242, 394, 0, 0, 0.54%, 1, 0, 5, 1485.07
1775245011, 1067, 350, 394, 0, 0, 0.54%, 1, 0, 5, 1449.92
1775245016, 1068, 57, 394, 0, 0, 0.54%, 1, 0, 5, 1365.77
1775245021, 1068, 90, 394, 0, 0, 0.54%, 1, 0, 5, 1509.66
1775245026, 1068, 204, 394, 0, 0, 0.54%, 1, 0, 5, 1443.00
1775245031, 1068, 287, 394, 0, 0, 0.54%, 1, 0, 5, 1322.24
1775245037, 1069, 51, 394, 0, 0, 0.54%, 1, 0, 5, 1302.78
1775245042, 1069, 93, 394, 0, 0, 0.54%, 1, 0, 5, 1517.84
1775245047, 1069, 158, 394, 0, 0, 0.54%, 1, 0, 5, 1526.20
1775245052, 1069, 313, 394, 0, 0, 0.54%, 1, 0, 5, 1394.88
1775245057, 1070, 21, 394, 0, 0, 0.54%, 1, 0, 5, 1390.48
1775245062, 1070, 83, 394, 0, 0, 0.54%, 1, 0, 5, 1510.07
1775245067, 1070, 108, 394, 0, 0, 0.54%, 1, 0, 5, 1538.22
1775245072, 1070, 276, 394, 0, 0, 0.54%, 1, 0, 5, 1384.41
1775245077, 1070, 312, 394, 0, 0, 0.54%, 1, 0, 5, 1371.33
1775245082, 1071, 73, 394, 0, 0, 0.54%, 1, 0, 5, 1490.47
1775245087, 1071, 121, 394, 0, 0, 0.54%, 1, 0, 5, 1454.83
1775245092, 1071, 255, 394, 0, 0, 0.54%, 1, 0, 5, 1394.93
1775245097, 1071, 385, 394, 0, 0, 0.54%, 1, 0, 5, 1370.48
1775245102, 1072, 73, 394, 0, 0, 0.54%, 1, 0, 5, 1348.57
1775245108, 1072, 106, 394, 0, 0, 0.54%, 1, 0, 5, 1504.04
1775245113, 1072, 180, 394, 0, 0, 0.54%, 1, 0, 5, 1429.30
1775245118, 1072, 270, 394, 0, 0, 0.54%, 1, 0, 5, 1405.19
1775245123, 1072, 337, 394, 0, 0, 0.54%, 1, 0, 5, 1435.34
1775245128, 1073, 69, 394, 0, 0, 0.54%, 1, 0, 5, 1634.01
1775245133, 1073, 106, 394, 0, 0, 0.54%, 1, 0, 5, 1548.78
1775245138, 1073, 204, 394, 0, 0, 0.54%, 1, 0, 5, 1681.58
1775245143, 1073, 337, 394, 0, 0, 0.54%, 1, 0, 5, 1363.13
1775245149, 1074, 74, 394, 0, 0, 0.54%, 1, 0, 5, 1443.65
1775245154, 1074, 91, 394, 0, 0, 0.54%, 1, 0, 5, 1390.79
1775245159, 1074, 162, 394, 0, 0, 0.54%, 1, 0, 5, 1532.96
1775245164, 1074, 239, 394, 0, 0, 0.54%, 1, 0, 5, 1412.65
1775245169, 1074, 360, 394, 0, 0, 0.54%, 1, 0, 5, 1311.63
1775245174, 1075, 51, 394, 0, 0, 0.54%, 1, 0, 5, 1383.66
1775245179, 1075, 88, 394, 0, 0, 0.54%, 1, 0, 5, 1466.44
1775245184, 1075, 112, 394, 0, 0, 0.54%, 1, 0, 5, 1460.49
1775245189, 1075, 171, 394, 0, 0, 0.54%, 1, 0, 5, 1549.09
1775245194, 1075, 278, 394, 0, 0, 0.54%, 1, 0, 5, 1482.40
1775245199, 1075, 336, 394, 0, 0, 0.54%, 1, 0, 5, 1372.00
1775245204, 1076, 57, 394, 0, 0, 0.54%, 1, 0, 5, 1309.42
1775245209, 1076, 102, 394, 0, 0, 0.54%, 1, 0, 5, 1462.11
1775245214, 1076, 152, 394, 0, 0, 0.54%, 1, 0, 5, 1392.87
1775245220, 1076, 287, 394, 0, 0, 0.54%, 1, 0, 5, 1500.42
1775245225, 1076, 343, 394, 0, 0, 0.54%, 1, 0, 5, 1418.20
1775245230, 1077, 73, 394, 0, 0, 0.54%, 1, 0, 5, 1424.94
1775245235, 1077, 110, 394, 0, 0, 0.54%, 1, 0, 5, 1519.74
1775245240, 1077, 322, 394, 0, 0, 0.54%, 1, 0, 5, 1463.38
1775245245, 1078, 46, 394, 0, 0, 0.54%, 1, 0, 5, 1398.54
1775245250, 1078, 73, 394, 0, 0, 0.54%, 1, 0, 5, 1465.47
1775245255, 1078, 106, 394, 0, 0, 0.54%, 1, 0, 5, 1525.59
1775245260, 1078, 202, 394, 0, 0, 0.54%, 1, 0, 5, 1617.66
1775245265, 1078, 304, 394, 0, 0, 0.54%, 1, 0, 5, 1422.08
1775245270, 1078, 341, 394, 0, 0, 0.54%, 1, 0, 5, 1391.08
1775245276, 1079, 83, 394, 0, 0, 0.54%, 1, 0, 5, 1395.46
1775245281, 1079, 120, 394, 0, 0, 0.54%, 1, 0, 5, 1410.17
1775245286, 1079, 210, 394, 0, 0, 0.54%, 1, 0, 5, 1435.45
1775245291, 1079, 304, 394, 0, 0, 0.54%, 1, 0, 5, 1397.54
1775245296, 1080, 51, 394, 0, 0, 0.54%, 1, 0, 5, 1406.58
1775245301, 1080, 88, 394, 0, 0, 0.54%, 1, 0, 5, 1410.43
1775245306, 1080, 170, 394, 0, 0, 0.54%, 1, 0, 5, 1502.26
1775245311, 1080, 220, 394, 0, 0, 0.54%, 1, 0, 5, 1447.73
1775245316, 1080, 311, 394, 0, 0, 0.54%, 1, 0, 5, 1433.02
1775245322, 1081, 38, 394, 0, 0, 0.54%, 1, 0, 5, 1407.02
1775245327, 1081, 86, 394, 0, 0, 0.54%, 1, 0, 5, 1545.96
1775245332, 1081, 141, 394, 0, 0, 0.54%, 1, 0, 5, 1453.99
1775245337, 1081, 287, 394, 0, 0, 0.54%, 1, 0, 5, 1469.81
1775245342, 1081, 388, 394, 0, 0, 0.54%, 1, 0, 5, 1543.76
1775245347, 1082, 88, 394, 0, 0, 0.54%, 1, 0, 5, 1557.06
1775245352, 1082, 158, 394, 0, 0, 0.54%, 1, 0, 5, 1450.06
1775245357, 1082, 269, 394, 0, 0, 0.54%, 1, 0, 5, 1498.72
1775245362, 1083, 15, 394, 0, 0, 0.54%, 1, 0, 5, 1380.73
1775245367, 1083, 75, 394, 0, 0, 0.54%, 1, 0, 5, 1512.24
1775245372, 1083, 106, 394, 0, 0, 0.54%, 1, 0, 5, 1451.84
1775245378, 1083, 235, 394, 0, 0, 0.54%, 1, 0, 5, 1425.67
1775245383, 1083, 310, 394, 0, 0, 0.54%, 1, 0, 5, 1431.42
1775245388, 1083, 393, 394, 0, 0, 0.54%, 1, 0, 5, 1380.71
1775245393, 1084, 86, 394, 0, 0, 0.54%, 1, 0, 5, 1527.91
1775245398, 1084, 153, 394, 0, 0, 0.54%, 1, 0, 5, 1447.41
1775245403, 1084, 312, 394, 0, 0, 0.54%, 1, 0, 5, 1409.00
1775245408, 1085, 3, 394, 0, 0, 0.54%, 1, 0, 5, 1118.71
1775245413, 1085, 51, 394, 0, 0, 0.54%, 1, 0, 5, 1462.68
1775245418, 1085, 75, 394, 0, 0, 0.54%, 1, 0, 5, 1429.57
1775245423, 1085, 155, 394, 0, 0, 0.54%, 1, 0, 5, 1530.91
1775245429, 1085, 280, 394, 0, 0, 0.54%, 1, 0, 5, 1439.83
1775245434, 1085, 337, 394, 0, 0, 0.54%, 1, 0, 5, 1387.76
1775245439, 1086, 83, 394, 0, 0, 0.54%, 1, 0, 5, 1422.33
1775245444, 1086, 95, 394, 0, 0, 0.54%, 1, 0, 5, 1503.08
1775245449, 1086, 158, 394, 0, 0, 0.54%, 1, 0, 5, 1497.85
1775245454, 1086, 311, 394, 0, 0, 0.54%, 1, 0, 5, 1437.72
1775245459, 1087, 57, 394, 0, 0, 0.54%, 1, 0, 5, 1465.61
1775245464, 1087, 93, 394, 0, 0, 0.54%, 1, 0, 5, 1532.07
1775245469, 1087, 215, 394, 0, 0, 0.54%, 1, 0, 5, 1496.57
1775245474, 1087, 319, 394, 0, 0, 0.54%, 1, 0, 5, 1511.85
1775245479, 1088, 69, 394, 0, 0, 0.54%, 1, 0, 5, 1457.44
1775245484, 1088, 88, 394, 0, 0, 0.54%, 1, 0, 5, 1422.15
1775245489, 1088, 158, 394, 0, 0, 0.54%, 1, 0, 5, 1274.78
1775245494, 1088, 271, 394, 0, 0, 0.54%, 1, 0, 5, 1485.74
1775245500, 1088, 312, 394, 0, 0, 0.54%, 1, 0, 5, 1338.93
1775245505, 1089, 42, 394, 0, 0, 0.54%, 1, 0, 5, 258.43
1775245510, 1089, 86, 394, 0, 0, 0.54%, 1, 0, 5, 1428.78
1775245515, 1089, 188, 394, 0, 0, 0.54%, 1, 0, 5, 1425.20
1775245520, 1089, 220, 394, 0, 0, 0.54%, 1, 0, 5, 1403.23
1775245525, 1089, 304, 394, 0, 0, 0.54%, 1, 0, 5, 1401.09
1775245530, 1090, 0, 394, 0, 0, 0.54%, 1, 0, 5, 1253.61
1775245535, 1090, 57, 394, 0, 0, 0.54%, 1, 0, 5, 1466.01
1775245541, 1090, 88, 394, 0, 0, 0.54%, 1, 0, 5, 1505.00
1775245546, 1090, 117, 394, 0, 0, 0.54%, 1, 0, 5, 1387.94
1775245551, 1090, 301, 394, 0, 0, 0.54%, 1, 0, 5, 1392.12
1775245556, 1091, 15, 394, 0, 0, 0.54%, 1, 0, 5, 1409.27
1775245561, 1091, 83, 394, 0, 0, 0.54%, 1, 0, 5, 1507.41
1775245566, 1091, 105, 394, 0, 0, 0.54%, 1, 0, 5, 1404.80
1775245571, 1091, 171, 394, 0, 0, 0.54%, 1, 0, 5, 1454.58
1775245576, 1091, 261, 394, 0, 0, 0.54%, 1, 0, 5, 1460.02
1775245581, 1091, 358, 394, 0, 0, 0.54%, 1, 0, 5, 1489.41
1775245587, 1092, 57, 394, 0, 0, 0.54%, 1, 0, 5, 1439.30
1775245592, 1092, 101, 394, 0, 0, 0.54%, 1, 0, 5, 1519.76
1775245597, 1092, 157, 394, 0, 0, 0.54%, 1, 0, 5, 1468.88
1775245602, 1092, 242, 394, 0, 0, 0.54%, 1, 0, 5, 1496.52
1775245607, 1092, 337, 394, 0, 0, 0.54%, 1, 0, 5, 1389.77
1775245612, 1093, 73, 394, 0, 0, 0.54%, 1, 0, 5, 1470.41
1775245617, 1093, 106, 394, 0, 0, 0.54%, 1, 0, 5, 1406.38
1775245623, 1093, 203, 394, 0, 0, 0.54%, 1, 0, 5, 1607.97
1775245628, 1093, 333, 394, 0, 0, 0.54%, 1, 0, 5, 1394.44
1775245633, 1094, 11, 394, 0, 0, 0.54%, 1, 0, 5, 1402.39
1775245638, 1094, 88, 394, 0, 0, 0.54%, 1, 0, 5, 492.53
1775245643, 1094, 123, 394, 0, 0, 0.54%, 1, 0, 5, 1260.43
1775245648, 1094, 225, 394, 0, 0, 0.54%, 1, 0, 5, 1472.47
1775245653, 1094, 333, 394, 0, 0, 0.54%, 1, 0, 5, 1469.26
1775245658, 1095, 73, 394, 0, 0, 0.54%, 1, 0, 5, 1480.08
1775245663, 1095, 106, 394, 0, 0, 0.54%, 1, 0, 5, 1512.52
1775245668, 1095, 176, 394, 0, 0, 0.54%, 1, 0, 5, 1454.96
1775245673, 1095, 385, 394, 0, 0, 0.54%, 1, 0, 5, 1313.52
1775245678, 1096, 79, 394, 0, 0, 0.54%, 1, 0, 5, 1501.17
1775245683, 1096, 106, 394, 0, 0, 0.54%, 1, 0, 5, 1471.03
1775245688, 1096, 202, 394, 0, 0, 0.54%, 1, 0, 5, 1520.97
1775245693, 1096, 311, 394, 0, 0, 0.54%, 1, 0, 5, 1500.86
1775245699, 1096, 391, 394, 0, 0, 0.54%, 1, 0, 5, 1228.62
1775245704, 1097, 83, 394, 0, 0, 0.54%, 1, 0, 5, 1443.79
1775245709, 1097, 108, 394, 0, 0, 0.54%, 1, 0, 5, 1609.98
1775245714, 1097, 185, 394, 0, 0, 0.54%, 1, 0, 5, 1570.74
1775245719, 1097, 286, 394, 0, 0, 0.54%, 1, 0, 5, 1347.96
1775245724, 1097, 346, 394, 0, 0, 0.54%, 1, 0, 5, 1323.76
1775245729, 1098, 57, 394, 0, 0, 0.54%, 1, 0, 5, 1625.54
1775245734, 1098, 92, 394, 0, 0, 0.54%, 1, 0, 5, 1531.99
1775245739, 1098, 158, 394, 0, 0, 0.54%, 1, 0, 5, 1463.83
1775245745, 1098, 304, 394, 0, 0, 0.54%, 1, 0, 5, 1500.93
1775245750, 1098, 388, 394, 0, 0, 0.54%, 1, 0, 5, 1481.05
1775245755, 1099, 78, 394, 0, 0, 0.54%, 1, 0, 5, 1525.11
1775245760, 1099, 93, 394, 0, 0, 0.54%, 1, 0, 5, 1336.21
1775245765, 1099, 190, 394, 0, 0, 0.54%, 1, 0, 5, 1413.40
1775245770, 1099, 280, 394, 0, 0, 0.54%, 1, 0, 5, 1482.27
1775245775, 1099, 384, 394, 0, 0, 0.54%, 1, 0, 5, 1351.73
1775245780, 1100, 51, 394, 0, 0, 0.54%, 1, 0, 5, 1489.79
1775245785, 1100, 86, 394, 0, 0, 0.54%, 1, 0, 5, 1484.90
1775245790, 1100, 106, 394, 0, 0, 0.54%, 1, 0, 5, 1384.09
1775245795, 1100, 158, 394, 0, 0, 0.54%, 1, 0, 5, 1366.55
1775245800, 1100, 311, 394, 0, 0, 0.54%, 1, 0, 5, 1375.14
1775245805, 1101, 19, 394, 0, 0, 0.54%, 1, 0, 5, 1259.17
1775245811, 1101, 83, 394, 0, 0, 0.54%, 1, 0, 5, 1419.02
1775245816, 1101, 106, 394, 0, 0, 0.54%, 1, 0, 5, 1443.63
1775245821, 1101, 289, 394, 0, 0, 0.54%, 1, 0, 5, 1375.56
1775245826, 1102, 10, 394, 0, 0, 0.54%, 1, 0, 5, 1349.72
1775245831, 1102, 65, 394, 0, 0, 0.54%, 1, 0, 5, 1389.56
1775245836, 1102, 106, 394, 0, 0, 0.54%, 1, 0, 5, 1491.02
1775245841, 1102, 231, 394, 0, 0, 0.54%, 1, 0, 5, 1550.87
1775245846, 1102, 312, 394, 0, 0, 0.54%, 1, 0, 5, 1410.42
1775245851, 1103, 5, 394, 0, 0, 0.54%, 1, 0, 5, 1460.00
1775245856, 1103, 83, 394, 0, 0, 0.54%, 1, 0, 5, 1502.20
1775245862, 1103, 144, 394, 0, 0, 0.54%, 1, 0, 5, 1404.92
1775245867, 1103, 257, 394, 0, 0, 0.54%, 1, 0, 5, 1475.71
1775245872, 1103, 333, 394, 0, 0, 0.54%, 1, 0, 5, 1457.23
1775245877, 1104, 57, 394, 0, 0, 0.54%, 1, 0, 5, 1376.30
1775245882, 1104, 86, 394, 0, 0, 0.54%, 1, 0, 5, 1562.56
1775245887, 1104, 127, 394, 0, 0, 0.54%, 1, 0, 5, 1258.96
1775245892, 1104, 197, 394, 0, 0, 0.54%, 1, 0, 5, 1379.44
1775245897, 1104, 337, 394, 0, 0, 0.54%, 1, 0, 5, 1373.01
1775245902, 1105, 57, 394, 0, 0, 0.54%, 1, 0, 5, 1360.66
1775245907, 1105, 88, 394, 0, 0, 0.54%, 1, 0, 5, 1465.87
1775245913, 1105, 158, 394, 0, 0, 0.54%, 1, 0, 5, 1387.80
1775245918, 1105, 287, 394, 0, 0, 0.54%, 1, 0, 5, 1385.41
1775245923, 1106, 51, 394, 0, 0, 0.54%, 1, 0, 5, 1434.11
1775245928, 1106, 88, 394, 0, 0, 0.54%, 1, 0, 5, 1542.46
1775245933, 1106, 149, 394, 0, 0, 0.54%, 1, 0, 5, 1455.82
1775245938, 1106, 229, 394, 0, 0, 0.54%, 1, 0, 5, 1062.73
1775245943, 1106, 319, 394, 0, 0, 0.54%, 1, 0, 5, 1344.67
1775245948, 1107, 42, 394, 0, 0, 0.54%, 1, 0, 5, 1346.67
1775245953, 1107, 88, 394, 0, 0, 0.54%, 1, 0, 5, 1482.41
1775245958, 1107, 301, 394, 0, 0, 0.54%, 1, 0, 5, 1481.65
1775245963, 1108, 11, 394, 0, 0, 0.54%, 1, 0, 5, 1365.10
1775245969, 1108, 83, 394, 0, 0, 0.54%, 1, 0, 5, 1509.91
1775245974, 1108, 116, 394, 0, 0, 0.54%, 1, 0, 5, 1519.23
1775245979, 1108, 171, 394, 0, 0, 0.54%, 1, 0, 5, 1468.89
1775245984, 1108, 307, 394, 0, 0, 0.54%, 1, 0, 5, 1314.06
1775245989, 1109, 57, 394, 0, 0, 0.54%, 1, 0, 5, 1414.70
1775245994, 1109, 88, 394, 0, 0, 0.54%, 1, 0, 5, 1511.24
1775245999, 1109, 197, 394, 0, 0, 0.54%, 1, 0, 5, 1402.35
1775246004, 1109, 287, 394, 0, 0, 0.54%, 1, 0, 5, 1347.16
1775246009, 1109, 318, 394, 0, 0, 0.54%, 1, 0, 5, 1404.82
1775246014, 1110, 21, 394, 0, 0, 0.54%, 1, 0, 5, 1252.67
1775246019, 1110, 57, 394, 0, 0, 0.54%, 1, 0, 5, 1429.23
1775246024, 1110, 93, 394, 0, 0, 0.54%, 1, 0, 5, 534.37
1775246030, 1110, 182, 394, 0, 0, 0.54%, 1, 0, 5, 1299.04
1775246035, 1110, 312, 394, 0, 0, 0.54%, 1, 0, 5, 1292.44
1775246040, 1111, 38, 394, 0, 0, 0.54%, 1, 0, 5, 1449.25
1775246045, 1111, 83, 394, 0, 0, 0.54%, 1, 0, 5, 1384.00
1775246050, 1111, 105, 394, 0, 0, 0.54%, 1, 0, 5, 1264.26
1775246055, 1111, 158, 394, 0, 0, 0.54%, 1, 0, 5, 1350.26
1775246060, 1111, 296, 394, 0, 0, 0.54%, 1, 0, 5, 1275.20
1775246065, 1111, 388, 394, 0, 0, 0.54%, 1, 0, 5, 1332.22
1775246070, 1112, 30, 394, 0, 0, 0.54%, 1, 0, 5, 1446.33
1775246075, 1112, 83, 394, 0, 0, 0.54%, 1, 0, 5, 1435.22
1775246081, 1112, 117, 394, 0, 0, 0.54%, 1, 0, 5, 1456.52
1775246086, 1112, 160, 394, 0, 0, 0.54%, 1, 0, 5, 1528.11
1775246091, 1112, 232, 394, 0, 0, 0.54%, 1, 0, 5, 1510.19
1775246096, 1112, 312, 394, 0, 0, 0.54%, 1, 0, 5, 1466.36
1775246101, 1113, 57, 394, 0, 0, 0.54%, 1, 0, 5, 1428.78
1775246106, 1113, 88, 394, 0, 0, 0.54%, 1, 0, 5, 1436.64
1775246111, 1113, 142, 394, 0, 0, 0.54%, 1, 0, 5, 1388.62
1775246116, 1113, 246, 394, 0, 0, 0.54%, 1, 0, 5, 1442.01
1775246121, 1113, 333, 394, 0, 0, 0.54%, 1, 0, 5, 1350.17
1775246126, 1114, 83, 394, 0, 0, 0.54%, 1, 0, 5, 1512.28
1775246132, 1114, 105, 394, 0, 0, 0.54%, 1, 0, 5, 1575.74
1775246137, 1114, 197, 394, 0, 0, 0.54%, 1, 0, 5, 1603.40
1775246142, 1114, 237, 394, 0, 0, 0.54%, 1, 0, 5, 1546.40
1775246147, 1114, 287, 394, 0, 0, 0.54%, 1, 0, 5, 1466.76
1775246152, 1115, 5, 394, 0, 0, 0.54%, 1, 0, 5, 1265.34
1775246157, 1115, 72, 394, 0, 0, 0.54%, 1, 0, 5, 1356.90
1775246162, 1115, 105, 394, 0, 0, 0.54%, 1, 0, 5, 1460.15
1775246167, 1115, 287, 394, 0, 0, 0.54%, 1, 0, 5, 1350.50
1775246172, 1116, 6, 394, 0, 0, 0.54%, 1, 0, 5, 1248.41
1775246177, 1116, 57, 394, 0, 0, 0.54%, 1, 0, 5, 1378.24
1775246182, 1116, 93, 394, 0, 0, 0.54%, 1, 0, 5, 1336.66
1775246187, 1116, 217, 394, 0, 0, 0.54%, 1, 0, 5, 1505.40
1775246193, 1116, 311, 394, 0, 0, 0.54%, 1, 0, 5, 1290.51
1775246198, 1116, 387, 394, 0, 0, 0.54%, 1, 0, 5, 1420.11
1775246203, 1117, 51, 394, 0, 0, 0.54%, 1, 0, 5, 1705.54
1775246208, 1117, 88, 394, 0, 0, 0.54%, 1, 0, 5, 1567.95
1775246213, 1117, 150, 394, 0, 0, 0.54%, 1, 0, 5, 1508.79
1775246218, 1117, 240, 394, 0, 0, 0.54%, 1, 0, 5, 1453.34
1775246223, 1117, 345, 394, 0, 0, 0.54%, 1, 0, 5, 1411.07
1775246228, 1117, 388, 394, 0, 0, 0.54%, 1, 0, 5, 1392.25
1775246233, 1118, 58, 394, 0, 0, 0.54%, 1, 0, 5, 1435.03
1775246239, 1118, 93, 394, 0, 0, 0.54%, 1, 0, 5, 1424.85
1775246244, 1118, 191, 394, 0, 0, 0.54%, 1, 0, 5, 1507.53
1775246249, 1118, 333, 394, 0, 0, 0.54%, 1, 0, 5, 1492.68
1775246254, 1119, 51, 394, 0, 0, 0.54%, 1, 0, 5, 1425.18
1775246259, 1119, 86, 394, 0, 0, 0.54%, 1, 0, 5, 1433.16
1775246264, 1119, 136, 394, 0, 0, 0.54%, 1, 0, 5, 1580.58
1775246269, 1119, 262, 394, 0, 0, 0.54%, 1, 0, 5, 1535.58
1775246274, 1119, 328, 394, 0, 0, 0.54%, 1, 0, 5, 1384.29
1775246279, 1120, 73, 394, 0, 0, 0.54%, 1, 0, 5, 1332.73
1775246284, 1120, 101, 394, 0, 0, 0.54%, 1, 0, 5, 1393.41
1775246290, 1120, 148, 394, 0, 0, 0.54%, 1, 0, 5, 1400.13
1775246295, 1120, 250, 394, 0, 0, 0.54%, 1, 0, 5, 1409.76
1775246300, 1120, 325, 394, 0, 0, 0.54%, 1, 0, 5, 1340.77
1775246305, 1121, 83, 394, 0, 0, 0.54%, 1, 0, 5, 1408.86
1775246310, 1121, 139, 394, 0, 0, 0.54%, 1, 0, 5, 1530.17
1775246315, 1121, 198, 394, 0, 0, 0.54%, 1, 0, 5, 1450.42
1775246320, 1121, 274, 394, 0, 0, 0.54%, 1, 0, 5, 1396.21
1775246325, 1121, 371, 394, 0, 0, 0.54%, 1, 0, 5, 1354.67
1775246330, 1122, 77, 394, 0, 0, 0.54%, 1, 0, 5, 1442.28
1775246335, 1122, 92, 394, 0, 0, 0.54%, 1, 0, 5, 1472.73
1775246340, 1122, 120, 394, 0, 0, 0.54%, 1, 0, 5, 1333.84
1775246346, 1122, 261, 394, 0, 0, 0.54%, 1, 0, 5, 1381.18
1775246351, 1122, 311, 394, 0, 0, 0.54%, 1, 0, 5, 1468.34
1775246356, 1123, 22, 394, 0, 0, 0.54%, 1, 0, 5, 1435.30
1775246361, 1123, 75, 394, 0, 0, 0.54%, 1, 0, 5, 1503.84
1775246366, 1123, 93, 394, 0, 0, 0.54%, 1, 0, 5, 884.60
1775246371, 1123, 116, 394, 0, 0, 0.54%, 1, 0, 5, 1324.16
1775246376, 1123, 250, 394, 0, 0, 0.54%, 1, 0, 5, 1492.20
1775246381, 1123, 333, 394, 0, 0, 0.54%, 1, 0, 5, 1518.25
1775246386, 1124, 4, 394, 0, 0, 0.54%, 1, 0, 5, 1285.92
1775246391, 1124, 57, 394, 0, 0, 0.54%, 1, 0, 5, 1499.76
1775246396, 1124, 87, 394, 0, 0, 0.54%, 1, 0, 5, 1529.26
1775246401, 1124, 176, 394, 0, 0, 0.54%, 1, 0, 5, 1538.22
1775246406, 1124, 281, 394, 0, 0, 0.54%, 1, 0, 5, 1476.90
1775246412, 1124, 337, 394, 0, 0, 0.54%, 1, 0, 5, 1411.88
1775246417, 1125, 83, 394, 0, 0, 0.54%, 1, 0, 5, 1557.36
1775246422, 1125, 129, 394, 0, 0, 0.54%, 1, 0, 5, 1565.26
1775246427, 1125, 249, 394, 0, 0, 0.54%, 1, 0, 5, 1504.57
1775246432, 1125, 311, 394, 0, 0, 0.54%, 1, 0, 5, 1381.82
1775246437, 1125, 393, 394, 0, 0, 0.54%, 1, 0, 5, 1423.06
1775246442, 1126, 86, 394, 0, 0, 0.54%, 1, 0, 5, 1489.99
1775246447, 1126, 193, 394, 0, 0, 0.54%, 1, 0, 5, 1558.10
1775246452, 1126, 337, 394, 0, 0, 0.54%, 1, 0, 5, 1277.77
1775246457, 1127, 23, 394, 0, 0, 0.54%, 1, 0, 5, 1365.46
1775246462, 1127, 73, 394, 0, 0, 0.54%, 1, 0, 5, 1471.84
1775246468, 1127, 106, 394, 0, 0, 0.54%, 1, 0, 5, 1554.17
1775246473, 1127, 158, 394, 0, 0, 0.54%, 1, 0, 5, 1405.50
1775246478, 1127, 250, 394, 0, 0, 0.54%, 1, 0, 5, 1465.95
1775246483, 1127, 304, 394, 0, 0, 0.54%, 1, 0, 5, 1367.14
1775246488, 1128, 72, 394, 0, 0, 0.54%, 1, 0, 5, 1396.60
1775246493, 1128, 90, 394, 0, 0, 0.54%, 1, 0, 5, 887.40
1775246498, 1128, 140, 394, 0, 0, 0.54%, 1, 0, 5, 1360.67
1775246503, 1128, 276, 394, 0, 0, 0.54%, 1, 0, 5, 1265.65
1775246508, 1128, 354, 394, 0, 0, 0.54%, 1, 0, 5, 1409.94
1775246513, 1129, 51, 394, 0, 0, 0.54%, 1, 0, 5, 1516.03
1775246518, 1129, 86, 394, 0, 0, 0.54%, 1, 0, 5, 1523.80
1775246523, 1129, 158, 394, 0, 0, 0.54%, 1, 0, 5, 1383.81
1775246528, 1129, 287, 394, 0, 0, 0.54%, 1, 0, 5, 1400.34
1775246533, 1129, 389, 394, 0, 0, 0.54%, 1, 0, 5, 1410.46
1775246539, 1129, 391, 394, 0, 0, 0.54%, 1, 0, 5, 216.91
1775246544, 1130, 86, 394, 0, 0, 0.54%, 1, 0, 5, 1387.38
1775246549, 1130, 158, 394, 0, 0, 0.54%, 1, 0, 5, 1511.06
1775246554, 1130, 290, 394, 0, 0, 0.54%, 1, 0, 5, 1511.29
1775246559, 1131, 22, 394, 0, 0, 0.54%, 1, 0, 5, 1431.46
1775246564, 1131, 73, 394, 0, 0, 0.54%, 1, 0, 5, 1472.39
1775246569, 1131, 93, 394, 0, 0, 0.54%, 1, 0, 5, 1402.35
1775246574, 1131, 196, 394, 0, 0, 0.54%, 1, 0, 5, 1341.74
1775246580, 1131, 258, 394, 0, 0, 0.54%, 1, 0, 5, 1395.30
1775246585, 1131, 367, 394, 0, 0, 0.54%, 1, 0, 5, 1273.67
1775246590, 1132, 78, 394, 0, 0, 0.54%, 1, 0, 5, 1506.94
1775246595, 1132, 89, 394, 0, 0, 0.54%, 1, 0, 5, 1576.32
1775246600, 1132, 228, 394, 0, 0, 0.54%, 1, 0, 5, 1414.41
1775246605, 1132, 333, 394, 0, 0, 0.54%, 1, 0, 5, 1481.87
1775246610, 1133, 16, 394, 0, 0, 0.54%, 1, 0, 5, 1447.30
1775246615, 1133, 83, 394, 0, 0, 0.54%, 1, 0, 5, 1475.02
1775246620, 1133, 106, 394, 0, 0, 0.54%, 1, 0, 5, 1289.06
1775246626, 1133, 185, 394, 0, 0, 0.54%, 1, 0, 5, 1324.18
1775246631, 1133, 265, 394, 0, 0, 0.54%, 1, 0, 5, 1529.93
1775246636, 1134, 7, 394, 0, 0, 0.54%, 1, 0, 5, 1409.76
1775246641, 1134, 73, 394, 0, 0, 0.54%, 1, 0, 5, 1474.13
1775246646, 1134, 94, 394, 0, 0, 0.54%, 1, 0, 5, 1540.89
1775246651, 1134, 158, 394, 0, 0, 0.54%, 1, 0, 5, 1409.61
1775246656, 1134, 311, 394, 0, 0, 0.54%, 1, 0, 5, 1416.48
1775246661, 1135, 44, 394, 0, 0, 0.54%, 1, 0, 5, 1322.35
1775246667, 1135, 86, 394, 0, 0, 0.54%, 1, 0, 5, 381.08
1775246672, 1135, 102, 394, 0, 0, 0.54%, 1, 0, 5, 1281.59
1775246677, 1135, 177, 394, 0, 0, 0.54%, 1, 0, 5, 1447.94
1775246682, 1135, 287, 394, 0, 0, 0.54%, 1, 0, 5, 1310.50
1775246687, 1135, 387, 394, 0, 0, 0.54%, 1, 0, 5, 1493.59
1775246692, 1136, 27, 394, 0, 0, 0.54%, 1, 0, 5, 347.64
1775246697, 1136, 86, 394, 0, 0, 0.54%, 1, 0, 5, 1182.83
1775246702, 1136, 136, 394, 0, 0, 0.54%, 1, 0, 5, 1425.49
1775246707, 1136, 207, 394, 0, 0, 0.54%, 1, 0, 5, 1364.77
1775246713, 1136, 382, 394, 0, 0, 0.54%, 1, 0, 5, 1309.95
1775246718, 1137, 83, 394, 0, 0, 0.54%, 1, 0, 5, 1516.36
1775246723, 1137, 106, 394, 0, 0, 0.54%, 1, 0, 5, 1471.42
1775246728, 1137, 193, 394, 0, 0, 0.54%, 1, 0, 5, 1551.59
1775246733, 1137, 287, 394, 0, 0, 0.54%, 1, 0, 5, 1438.12
1775246738, 1138, 6, 394, 0, 0, 0.54%, 1, 0, 5, 1278.65
1775246743, 1138, 83, 394, 0, 0, 0.54%, 1, 0, 5, 1362.55
1775246748, 1138, 95, 394, 0, 0, 0.54%, 1, 0, 5, 1431.08
1775246753, 1138, 184, 394, 0, 0, 0.54%, 1, 0, 5, 1433.37
1775246758, 1138, 275, 394, 0, 0, 0.54%, 1, 0, 5, 1279.58
1775246763, 1138, 317, 394, 0, 0, 0.54%, 1, 0, 5, 1398.80
1775246768, 1138, 389, 394, 0, 0, 0.54%, 1, 0, 5, 1438.27
1775246779, 1139, 77, 394, 0, 0, 0.54%, 1, 0, 5, 1432.24
1775246784, 1139, 93, 394, 0, 0, 0.54%, 1, 0, 5, 1576.65
1775246789, 1139, 158, 394, 0, 0, 0.54%, 1, 0, 5, 1426.77
1775246794, 1139, 228, 394, 0, 0, 0.54%, 1, 0, 5, 1468.48
1775246799, 1139, 304, 394, 0, 0, 0.54%, 1, 0, 5, 1489.48
1775246804, 1140, 1, 394, 0, 0, 0.54%, 1, 0, 5, 1404.62
1775246809, 1140, 59, 394, 0, 0, 0.54%, 1, 0, 5, 1627.64
1775246814, 1140, 88, 394, 0, 0, 0.54%, 1, 0, 5, 1415.69
1775246819, 1140, 153, 394, 0, 0, 0.54%, 1, 0, 5, 1484.12
1775246825, 1140, 333, 394, 0, 0, 0.54%, 1, 0, 5, 1402.89
1775246830, 1141, 57, 394, 0, 0, 0.54%, 1, 0, 5, 1461.10
1775246835, 1141, 93, 394, 0, 0, 0.54%, 1, 0, 5, 1490.17
1775246840, 1141, 149, 394, 0, 0, 0.54%, 1, 0, 5, 1501.97
1775246845, 1141, 220, 394, 0, 0, 0.54%, 1, 0, 5, 1447.38
1775246850, 1141, 323, 394, 0, 0, 0.54%, 1, 0, 5, 1475.40
1775246855, 1142, 57, 394, 0, 0, 0.54%, 1, 0, 5, 1486.39
1775246860, 1142, 93, 394, 0, 0, 0.54%, 1, 0, 5, 1499.82
1775246865, 1142, 202, 394, 0, 0, 0.54%, 1, 0, 5, 1483.14
1775246871, 1142, 301, 394, 0, 0, 0.54%, 1, 0, 5, 1405.54
1775246876, 1143, 20, 394, 0, 0, 0.54%, 1, 0, 5, 1390.46
1775246881, 1143, 86, 394, 0, 0, 0.54%, 1, 0, 5, 1480.43
1775246886, 1143, 136, 394, 0, 0, 0.54%, 1, 0, 5, 1469.43
1775246891, 1143, 202, 394, 0, 0, 0.54%, 1, 0, 5, 1473.27
1775246896, 1143, 317, 394, 0, 0, 0.54%, 1, 0, 5, 1391.61
1775246901, 1144, 43, 394, 0, 0, 0.54%, 1, 0, 5, 1499.37
1775246906, 1144, 83, 394, 0, 0, 0.54%, 1, 0, 5, 1347.38
1775246911, 1144, 103, 394, 0, 0, 0.54%, 1, 0, 5, 1471.46
1775246916, 1144, 201, 394, 0, 0, 0.54%, 1, 0, 5, 1449.84
1775246921, 1144, 295, 394, 0, 0, 0.54%, 1, 0, 5, 1462.63
1775246926, 1145, 9, 394, 0, 0, 0.54%, 1, 0, 5, 1408.92
1775246931, 1145, 83, 394, 0, 0, 0.54%, 1, 0, 5, 1422.19
1775246937, 1145, 106, 394, 0, 0, 0.54%, 1, 0, 5, 1282.40
1775246942, 1145, 185, 394, 0, 0, 0.54%, 1, 0, 5, 1387.46
1775246947, 1145, 304, 394, 0, 0, 0.54%, 1, 0, 5, 1415.76
1775246952, 1146, 6, 394, 0, 0, 0.54%, 1, 0, 5, 1360.85
1775246957, 1146, 57, 394, 0, 0, 0.54%, 1, 0, 5, 1473.36
1775246962, 1146, 90, 394, 0, 0, 0.54%, 1, 0, 5, 1472.87
1775246967, 1146, 130, 394, 0, 0, 0.54%, 1, 0, 5, 1514.74
1775246972, 1146, 239, 394, 0, 0, 0.54%, 1, 0, 5, 1450.53
1775246978, 1146, 275, 394, 0, 0, 0.54%, 1, 0, 5, 1295.64
1775246983, 1146, 333, 394, 0, 0, 0.54%, 1, 0, 5, 1355.60
1775246988, 1147, 17, 394, 0, 0, 0.54%, 1, 0, 5, 1338.58
1775246993, 1147, 59, 394, 0, 0, 0.54%, 1, 0, 5, 1300.88
1775246998, 1147, 106, 394, 0, 0, 0.54%, 1, 0, 5, 1414.05
1775247003, 1147, 209, 394, 0, 0, 0.54%, 1, 0, 5, 1469.97
1775247008, 1147, 304, 394, 0, 0, 0.54%, 1, 0, 5, 1356.73
1775247013, 1148, 33, 394, 0, 0, 0.54%, 1, 0, 5, 1408.90
1775247019, 1148, 73, 394, 0, 0, 0.54%, 1, 0, 5, 1357.09
1775247024, 1148, 106, 394, 0, 0, 0.54%, 1, 0, 5, 1527.25
1775247029, 1148, 170, 394, 0, 0, 0.54%, 1, 0, 5, 1328.12
1775247034, 1148, 304, 394, 0, 0, 0.54%, 1, 0, 5, 1383.38
1775247039, 1149, 44, 394, 0, 0, 0.54%, 1, 0, 5, 1435.95
1775247044, 1149, 86, 394, 0, 0, 0.54%, 1, 0, 5, 1569.08
1775247049, 1149, 158, 394, 0, 0, 0.54%, 1, 0, 5, 1411.55
1775247054, 1149, 244, 394, 0, 0, 0.54%, 1, 0, 5, 1447.46
1775247059, 1149, 282, 394, 0, 0, 0.54%, 1, 0, 5, 1470.45
1775247064, 1149, 337, 394, 0, 0, 0.54%, 1, 0, 5, 1467.66
1775247069, 1150, 57, 394, 0, 0, 0.54%, 1, 0, 5, 1410.54
1775247075, 1150, 88, 394, 0, 0, 0.54%, 1, 0, 5, 1538.33
1775247080, 1150, 132, 394, 0, 0, 0.54%, 1, 0, 5, 1453.52
1775247085, 1150, 228, 394, 0, 0, 0.54%, 1, 0, 5, 1557.09
1775247090, 1150, 311, 394, 0, 0, 0.54%, 1, 0, 5, 1536.84
1775247095, 1151, 2, 394, 0, 0, 0.54%, 1, 0, 5, 1335.05
1775247100, 1151, 80, 394, 0, 0, 0.54%, 1, 0, 5, 1464.15
1775247105, 1151, 140, 394, 0, 0, 0.54%, 1, 0, 5, 1584.92
1775247110, 1151, 211, 394, 0, 0, 0.54%, 1, 0, 5, 1474.67
1775247115, 1151, 322, 394, 0, 0, 0.54%, 1, 0, 5, 1414.06
1775247120, 1151, 377, 394, 0, 0, 0.54%, 1, 0, 5, 1206.42
1775247125, 1152, 73, 394, 0, 0, 0.54%, 1, 0, 5, 1387.84
1775247131, 1152, 92, 394, 0, 0, 0.54%, 1, 0, 5, 1451.64
1775247136, 1152, 158, 394, 0, 0, 0.54%, 1, 0, 5, 1435.92
1775247141, 1152, 243, 394, 0, 0, 0.54%, 1, 0, 5, 1478.55
1775247146, 1152, 351, 394, 0, 0, 0.54%, 1, 0, 5, 1347.06
1775247151, 1153, 5, 394, 0, 0, 0.54%, 1, 0, 5, 1168.83
1775247156, 1153, 66, 394, 0, 0, 0.54%, 1, 0, 5, 1338.92
1775247161, 1153, 93, 394, 0, 0, 0.54%, 1, 0, 5, 1499.29
1775247166, 1153, 158, 394, 0, 0, 0.54%, 1, 0, 5, 1507.85
1775247171, 1153, 304, 394, 0, 0, 0.54%, 1, 0, 5, 1459.43
1775247177, 1154, 18, 394, 0, 0, 0.54%, 1, 0, 5, 1421.28
1775247182, 1154, 86, 394, 0, 0, 0.54%, 1, 0, 5, 1306.16
1775247187, 1154, 126, 394, 0, 0, 0.54%, 1, 0, 5, 1396.67
1775247192, 1154, 213, 394, 0, 0, 0.54%, 1, 0, 5, 1531.36
1775247197, 1154, 372, 394, 0, 0, 0.54%, 1, 0, 5, 1344.64
1775247202, 1154, 389, 394, 0, 0, 0.54%, 1, 0, 5, 1586.89
1775247207, 1155, 57, 394, 0, 0, 0.54%, 1, 0, 5, 1410.63
1775247212, 1155, 90, 394, 0, 0, 0.54%, 1, 0, 5, 1565.77
1775247217, 1155, 167, 394, 0, 0, 0.54%, 1, 0, 5, 1338.13
1775247222, 1155, 233, 394, 0, 0, 0.54%, 1, 0, 5, 1386.04
1775247227, 1155, 337, 394, 0, 0, 0.54%, 1, 0, 5, 1432.74
1775247232, 1155, 389, 394, 0, 0, 0.54%, 1, 0, 5, 1474.87
1775247237, 1156, 55, 394, 0, 0, 0.54%, 1, 0, 5, 1372.89
1775247242, 1156, 86, 394, 0, 0, 0.54%, 1, 0, 5, 1530.99
1775247247, 1156, 158, 394, 0, 0, 0.54%, 1, 0, 5, 1576.02
1775247253, 1156, 304, 394, 0, 0, 0.54%, 1, 0, 5, 1535.97
1775247258, 1157, 7, 394, 0, 0, 0.54%, 1, 0, 5, 1424.47
1775247263, 1157, 73, 394, 0, 0, 0.54%, 1, 0, 5, 1476.32
1775247268, 1157, 89, 394, 0, 0, 0.54%, 1, 0, 5, 1522.93
1775247273, 1157, 158, 394, 0, 0, 0.54%, 1, 0, 5, 1393.35
1775247278, 1157, 283, 394, 0, 0, 0.54%, 1, 0, 5, 1384.54
1775247283, 1157, 333, 394, 0, 0, 0.54%, 1, 0, 5, 1406.47
1775247288, 1158, 32, 394, 0, 0, 0.54%, 1, 0, 5, 1357.04
1775247293, 1158, 83, 394, 0, 0, 0.54%, 1, 0, 5, 1368.83
1775247298, 1158, 130, 394, 0, 0, 0.54%, 1, 0, 5, 1585.47
1775247304, 1158, 183, 394, 0, 0, 0.54%, 1, 0, 5, 1557.95
1775247309, 1158, 311, 394, 0, 0, 0.54%, 1, 0, 5, 1463.73
1775247314, 1159, 20, 394, 0, 0, 0.54%, 1, 0, 5, 1544.74
1775247319, 1159, 57, 394, 0, 0, 0.54%, 1, 0, 5, 1475.63
1775247324, 1159, 88, 394, 0, 0, 0.54%, 1, 0, 5, 1515.80
1775247329, 1159, 127, 394, 0, 0, 0.54%, 1, 0, 5, 1310.16
1775247334, 1159, 227, 394, 0, 0, 0.54%, 1, 0, 5, 1395.55
1775247339, 1159, 312, 394, 0, 0, 0.54%, 1, 0, 5, 1308.09
1775247344, 1159, 388, 394, 0, 0, 0.54%, 1, 0, 5, 1489.74
1775247349, 1160, 55, 394, 0, 0, 0.54%, 1, 0, 5, 1401.67
1775247355, 1160, 86, 394, 0, 0, 0.54%, 1, 0, 5, 1417.13
1775247360, 1160, 152, 394, 0, 0, 0.54%, 1, 0, 5, 1406.46
1775247365, 1160, 276, 394, 0, 0, 0.54%, 1, 0, 5, 1380.01
1775247370, 1161, 55, 394, 0, 0, 0.54%, 1, 0, 5, 1415.14
1775247375, 1161, 93, 394, 0, 0, 0.54%, 1, 0, 5, 1520.04
1775247380, 1161, 119, 394, 0, 0, 0.54%, 1, 0, 5, 1462.26
1775247385, 1161, 164, 394, 0, 0, 0.54%, 1, 0, 5, 1640.27
1775247390, 1161, 274, 394, 0, 0, 0.54%, 1, 0, 5, 1453.80
1775247395, 1161, 314, 394, 0, 0, 0.54%, 1, 0, 5, 1431.40
1775247400, 1161, 388, 394, 0, 0, 0.54%, 1, 0, 5, 1258.97
1775247405, 1162, 57, 394, 0, 0, 0.54%, 1, 0, 5, 1347.52
1775247410, 1162, 88, 394, 0, 0, 0.54%, 1, 0, 5, 1436.48
1775247415, 1162, 158, 394, 0, 0, 0.54%, 1, 0, 5, 1485.39
1775247420, 1162, 304, 394, 0, 0, 0.54%, 1, 0, 5, 1447.72
1775247425, 1163, 34, 394, 0, 0, 0.54%, 1, 0, 5, 1395.30
1775247430, 1163, 83, 394, 0, 0, 0.54%, 1, 0, 5, 1315.82
1775247436, 1163, 139, 394, 0, 0, 0.54%, 1, 0, 5, 1525.57
1775247441, 1163, 311, 394, 0, 0, 0.54%, 1, 0, 5, 1523.06
1775247446, 1163, 389, 394, 0, 0, 0.54%, 1, 0, 5, 1558.60
1775247451, 1164, 48, 394, 0, 0, 0.54%, 1, 0, 5, 1557.79
1775247456, 1164, 83, 394, 0, 0, 0.54%, 1, 0, 5, 1535.73
1775247461, 1164, 106, 394, 0, 0, 0.54%, 1, 0, 5, 1452.24
1775247466, 1164, 278, 394, 0, 0, 0.54%, 1, 0, 5, 1490.07
1775247471, 1164, 345, 394, 0, 0, 0.54%, 1, 0, 5, 1398.35
1775247476, 1165, 73, 394, 0, 0, 0.54%, 1, 0, 5, 1442.09
1775247482, 1165, 89, 394, 0, 0, 0.54%, 1, 0, 5, 1417.11
1775247487, 1165, 142, 394, 0, 0, 0.54%, 1, 0, 5, 1429.16
1775247492, 1165, 251, 394, 0, 0, 0.54%, 1, 0, 5, 1537.54
1775247497, 1165, 304, 394, 0, 0, 0.54%, 1, 0, 5, 1380.54
1775247502, 1166, 15, 394, 0, 0, 0.54%, 1, 0, 5, 1428.74
1775247507, 1166, 57, 394, 0, 0, 0.54%, 1, 0, 5, 1457.37
1775247512, 1166, 93, 394, 0, 0, 0.54%, 1, 0, 5, 1538.03
1775247517, 1166, 198, 394, 0, 0, 0.54%, 1, 0, 5, 1478.39
1775247522, 1166, 215, 394, 0, 0, 0.54%, 1, 0, 5, 1456.89
1775247527, 1166, 333, 394, 0, 0, 0.54%, 1, 0, 5, 1374.04
1775247532, 1166, 387, 394, 0, 0, 0.54%, 1, 0, 5, 1328.38
1775247538, 1167, 60, 394, 0, 0, 0.54%, 1, 0, 5, 1415.04
1775247543, 1167, 94, 394, 0, 0, 0.54%, 1, 0, 5, 1525.46
1775247548, 1167, 165, 394, 0, 0, 0.54%, 1, 0, 5, 1427.25
1775247553, 1167, 287, 394, 0, 0, 0.54%, 1, 0, 5, 1324.44
1775247558, 1168, 1, 394, 0, 0, 0.54%, 1, 0, 5, 1213.86
1775247563, 1168, 87, 394, 0, 0, 0.54%, 1, 0, 5, 1498.40
1775247568, 1168, 179, 394, 0, 0, 0.54%, 1, 0, 5, 1554.06
1775247573, 1168, 277, 394, 0, 0, 0.54%, 1, 0, 5, 969.35
1775247579, 1168, 313, 394, 0, 0, 0.54%, 1, 0, 5, 1304.86
1775247584, 1169, 9, 394, 0, 0, 0.54%, 1, 0, 5, 1273.13
1775247589, 1169, 73, 394, 0, 0, 0.54%, 1, 0, 5, 1489.04
1775247594, 1169, 106, 394, 0, 0, 0.54%, 1, 0, 5, 1443.33
1775247599, 1169, 188, 394, 0, 0, 0.54%, 1, 0, 5, 1498.63
1775247604, 1169, 287, 394, 0, 0, 0.54%, 1, 0, 5, 1467.75
1775247609, 1169, 341, 394, 0, 0, 0.54%, 1, 0, 5, 1489.83
1775247614, 1170, 57, 394, 0, 0, 0.54%, 1, 0, 5, 1705.33
1775247620, 1170, 93, 394, 0, 0, 0.54%, 1, 0, 5, 1515.65
1775247625, 1170, 164, 394, 0, 0, 0.54%, 1, 0, 5, 1501.48
1775247630, 1170, 287, 394, 0, 0, 0.54%, 1, 0, 5, 1312.66
1775247635, 1170, 351, 394, 0, 0, 0.54%, 1, 0, 5, 1404.86
1775247640, 1171, 53, 394, 0, 0, 0.54%, 1, 0, 5, 1442.09
1775247645, 1171, 83, 394, 0, 0, 0.54%, 1, 0, 5, 1410.42
1775247650, 1171, 116, 394, 0, 0, 0.54%, 1, 0, 5, 1513.82
1775247655, 1171, 200, 394, 0, 0, 0.54%, 1, 0, 5, 1449.89
1775247660, 1171, 278, 394, 0, 0, 0.54%, 1, 0, 5, 1474.32
1775247665, 1171, 358, 394, 0, 0, 0.54%, 1, 0, 5, 1456.95
1775247670, 1171, 389, 394, 0, 0, 0.54%, 1, 0, 5, 1406.62
1775247681, 1172, 86, 394, 0, 0, 0.54%, 1, 0, 5, 1584.20
1775247686, 1172, 140, 394, 0, 0, 0.54%, 1, 0, 5, 1450.43
1775247691, 1172, 233, 394, 0, 0, 0.54%, 1, 0, 5, 1493.76
1775247696, 1172, 311, 394, 0, 0, 0.54%, 1, 0, 5, 1319.36
1775247701, 1173, 42, 394, 0, 0, 0.54%, 1, 0, 5, 1434.70
1775247706, 1173, 86, 394, 0, 0, 0.54%, 1, 0, 5, 1511.80
1775247711, 1173, 158, 394, 0, 0, 0.54%, 1, 0, 5, 1434.07
1775247716, 1173, 233, 394, 0, 0, 0.54%, 1, 0, 5, 1380.59
1775247721, 1173, 287, 394, 0, 0, 0.54%, 1, 0, 5, 1383.16
1775247726, 1174, 14, 394, 0, 0, 0.54%, 1, 0, 5, 1314.26
1775247731, 1174, 86, 394, 0, 0, 0.54%, 1, 0, 5, 1539.46
1775247736, 1174, 218, 394, 0, 0, 0.54%, 1, 0, 5, 1440.68
1775247742, 1174, 312, 394, 0, 0, 0.54%, 1, 0, 5, 1468.80
1775247747, 1175, 51, 394, 0, 0, 0.54%, 1, 0, 5, 1490.18
1775247752, 1175, 88, 394, 0, 0, 0.54%, 1, 0, 5, 1530.07
1775247757, 1175, 153, 394, 0, 0, 0.54%, 1, 0, 5, 1495.44
1775247762, 1175, 212, 394, 0, 0, 0.54%, 1, 0, 5, 1518.62
1775247767, 1175, 275, 394, 0, 0, 0.54%, 1, 0, 5, 1469.67
1775247772, 1175, 312, 394, 0, 0, 0.54%, 1, 0, 5, 1391.26
1775247777, 1176, 42, 394, 0, 0, 0.54%, 1, 0, 5, 1240.30
1775247782, 1176, 93, 394, 0, 0, 0.54%, 1, 0, 5, 1559.91
1775247787, 1176, 188, 394, 0, 0, 0.54%, 1, 0, 5, 1429.60
1775247793, 1176, 258, 394, 0, 0, 0.54%, 1, 0, 5, 1410.98
1775247798, 1177, 5, 394, 0, 0, 0.54%, 1, 0, 5, 1361.64
1775247803, 1177, 73, 394, 0, 0, 0.54%, 1, 0, 5, 1537.74
1775247808, 1177, 106, 394, 0, 0, 0.54%, 1, 0, 5, 1474.49
1775247813, 1177, 216, 394, 0, 0, 0.54%, 1, 0, 5, 1525.63
1775247818, 1177, 311, 394, 0, 0, 0.54%, 1, 0, 5, 1367.30
1775247823, 1178, 0, 394, 0, 0, 0.54%, 1, 0, 5, 1200.33
1775247829, 1178, 57, 394, 0, 0, 0.54%, 1, 0, 5, 961.33
1775247834, 1178, 106, 394, 0, 0, 0.54%, 1, 0, 5, 1388.83
1775247839, 1178, 224, 394, 0, 0, 0.54%, 1, 0, 5, 1479.21
1775247844, 1178, 287, 394, 0, 0, 0.54%, 1, 0, 5, 1459.77
1775247849, 1179, 20, 394, 0, 0, 0.54%, 1, 0, 5, 1302.13
1775247854, 1179, 83, 394, 0, 0, 0.54%, 1, 0, 5, 1386.07
1775247859, 1179, 106, 394, 0, 0, 0.54%, 1, 0, 5, 1488.86
1775247864, 1179, 218, 394, 0, 0, 0.54%, 1, 0, 5, 1433.31
1775247869, 1179, 287, 394, 0, 0, 0.54%, 1, 0, 5, 1328.79
1775247875, 1179, 379, 394, 0, 0, 0.54%, 1, 0, 5, 1205.32
1775247880, 1180, 16, 394, 0, 0, 0.54%, 1, 0, 5, 1327.38
1775247885, 1180, 83, 394, 0, 0, 0.54%, 1, 0, 5, 1520.38
1775247890, 1180, 109, 394, 0, 0, 0.54%, 1, 0, 5, 1510.03
1775247895, 1180, 158, 394, 0, 0, 0.54%, 1, 0, 5, 1450.87
1775247900, 1180, 221, 394, 0, 0, 0.54%, 1, 0, 5, 1508.90
1775247905, 1180, 333, 394, 0, 0, 0.54%, 1, 0, 5, 1388.79
1775247910, 1181, 57, 394, 0, 0, 0.54%, 1, 0, 5, 1405.92
1775247915, 1181, 106, 394, 0, 0, 0.54%, 1, 0, 5, 1519.86
1775247920, 1181, 308, 394, 0, 0, 0.54%, 1, 0, 5, 1389.49
1775247926, 1181, 390, 394, 0, 0, 0.54%, 1, 0, 5, 1234.80
1775247931, 1182, 63, 394, 0, 0, 0.54%, 1, 0, 5, 1388.29
1775247936, 1182, 93, 394, 0, 0, 0.54%, 1, 0, 5, 1466.05
1775247941, 1182, 177, 394, 0, 0, 0.54%, 1, 0, 5, 248.96
1775247946, 1182, 278, 394, 0, 0, 0.54%, 1, 0, 5, 1517.73
1775247951, 1182, 375, 394, 0, 0, 0.54%, 1, 0, 5, 1402.98
1775247956, 1183, 51, 394, 0, 0, 0.54%, 1, 0, 5, 1363.21
1775247961, 1183, 86, 394, 0, 0, 0.54%, 1, 0, 5, 1348.31
1775247967, 1183, 135, 394, 0, 0, 0.54%, 1, 0, 5, 1443.57
1775247972, 1183, 246, 394, 0, 0, 0.54%, 1, 0, 5, 1522.92
1775247977, 1183, 312, 394, 0, 0, 0.54%, 1, 0, 5, 1452.18
1775247982, 1183, 387, 394, 0, 0, 0.54%, 1, 0, 5, 1434.51
1775247987, 1184, 57, 394, 0, 0, 0.54%, 1, 0, 5, 1520.68
1775247992, 1184, 98, 394, 0, 0, 0.54%, 1, 0, 5, 1577.30
1775247997, 1184, 193, 394, 0, 0, 0.54%, 1, 0, 5, 1472.75
1775248002, 1184, 287, 394, 0, 0, 0.54%, 1, 0, 5, 1408.42
1775248007, 1184, 361, 394, 0, 0, 0.54%, 1, 0, 5, 1361.99
1775248013, 1185, 23, 394, 0, 0, 0.54%, 1, 0, 5, 1508.77
1775248018, 1185, 66, 394, 0, 0, 0.54%, 1, 0, 5, 1513.58
1775248023, 1185, 93, 394, 0, 0, 0.54%, 1, 0, 5, 1494.20
1775248028, 1185, 178, 394, 0, 0, 0.54%, 1, 0, 5, 1473.10
1775248033, 1185, 325, 394, 0, 0, 0.54%, 1, 0, 5, 1438.87
1775248038, 1186, 26, 394, 0, 0, 0.54%, 1, 0, 5, 1376.56
1775248043, 1186, 83, 394, 0, 0, 0.54%, 1, 0, 5, 1355.80
1775248048, 1186, 127, 394, 0, 0, 0.54%, 1, 0, 5, 1513.32
1775248053, 1186, 228, 394, 0, 0, 0.54%, 1, 0, 5, 1430.25
1775248058, 1186, 304, 394, 0, 0, 0.54%, 1, 0, 5, 1426.50
1775248063, 1187, 5, 394, 0, 0, 0.54%, 1, 0, 5, 1171.22
1775248068, 1187, 86, 394, 0, 0, 0.54%, 1, 0, 5, 1491.01
1775248073, 1187, 120, 394, 0, 0, 0.54%, 1, 0, 5, 1486.51
1775248079, 1187, 158, 394, 0, 0, 0.54%, 1, 0, 5, 1380.04
1775248084, 1187, 268, 394, 0, 0, 0.54%, 1, 0, 5, 1328.92
1775248089, 1187, 389, 394, 0, 0, 0.54%, 1, 0, 5, 1476.89
1775248094, 1188, 5, 394, 0, 0, 0.54%, 1, 0, 5, 1309.81
1775248099, 1188, 78, 394, 0, 0, 0.54%, 1, 0, 5, 1485.26
1775248104, 1188, 93, 394, 0, 0, 0.54%, 1, 0, 5, 1505.75
1775248110, 1188, 262, 394, 0, 0, 0.54%, 1, 0, 5, 1468.62
1775248115, 1188, 333, 394, 0, 0, 0.54%, 1, 0, 5, 1399.64
1775248120, 1189, 73, 394, 0, 0, 0.54%, 1, 0, 5, 1373.26
1775248125, 1189, 94, 394, 0, 0, 0.54%, 1, 0, 5, 1357.23
1775248130, 1189, 199, 394, 0, 0, 0.54%, 1, 0, 5, 1492.96
1775248135, 1189, 331, 394, 0, 0, 0.54%, 1, 0, 5, 1396.19
1775248140, 1190, 51, 394, 0, 0, 0.54%, 1, 0, 5, 1367.18
1775248145, 1190, 83, 394, 0, 0, 0.54%, 1, 0, 5, 1433.05
1775248150, 1190, 158, 394, 0, 0, 0.54%, 1, 0, 5, 1426.38
1775248155, 1190, 255, 394, 0, 0, 0.54%, 1, 0, 5, 1418.54
1775248160, 1190, 307, 394, 0, 0, 0.54%, 1, 0, 5, 1244.80
1775248166, 1190, 387, 394, 0, 0, 0.54%, 1, 0, 5, 1351.83
1775248171, 1191, 51, 394, 0, 0, 0.54%, 1, 0, 5, 1517.64
1775248176, 1191, 88, 394, 0, 0, 0.54%, 1, 0, 5, 1465.48
1775248181, 1191, 147, 394, 0, 0, 0.54%, 1, 0, 5, 1531.72
1775248186, 1191, 282, 394, 0, 0, 0.54%, 1, 0, 5, 1496.60
1775248191, 1191, 334, 394, 0, 0, 0.54%, 1, 0, 5, 979.95
1775248196, 1192, 83, 394, 0, 0, 0.54%, 1, 0, 5, 1410.02
1775248201, 1192, 113, 394, 0, 0, 0.54%, 1, 0, 5, 1538.96
1775248206, 1192, 174, 394, 0, 0, 0.54%, 1, 0, 5, 1445.40
1775248212, 1192, 254, 394, 0, 0, 0.54%, 1, 0, 5, 1473.98
1775248217, 1192, 337, 394, 0, 0, 0.54%, 1, 0, 5, 1399.90
1775248222, 1193, 62, 394, 0, 0, 0.54%, 1, 0, 5, 1623.14
1775248227, 1193, 88, 394, 0, 0, 0.54%, 1, 0, 5, 1502.24
1775248232, 1193, 123, 394, 0, 0, 0.54%, 1, 0, 5, 1454.40
1775248237, 1193, 181, 394, 0, 0, 0.54%, 1, 0, 5, 1465.00
1775248242, 1193, 287, 394, 0, 0, 0.54%, 1, 0, 5, 1582.76
1775248247, 1193, 371, 394, 0, 0, 0.54%, 1, 0, 5, 1276.21
1775248252, 1194, 83, 394, 0, 0, 0.54%, 1, 0, 5, 1540.54
1775248258, 1194, 106, 394, 0, 0, 0.54%, 1, 0, 5, 1672.91
1775248263, 1194, 181, 394, 0, 0, 0.54%, 1, 0, 5, 1502.24
1775248268, 1194, 304, 394, 0, 0, 0.54%, 1, 0, 5, 1398.49
1775248273, 1195, 36, 394, 0, 0, 0.54%, 1, 0, 5, 1366.16
1775248278, 1195, 86, 394, 0, 0, 0.54%, 1, 0, 5, 1498.62
1775248283, 1195, 158, 394, 0, 0, 0.54%, 1, 0, 5, 1439.92
1775248288, 1195, 377, 394, 0, 0, 0.54%, 1, 0, 5, 1370.98
1775248293, 1196, 83, 394, 0, 0, 0.54%, 1, 0, 5, 1436.76
1775248299, 1196, 113, 394, 0, 0, 0.54%, 1, 0, 5, 1512.93
1775248304, 1196, 261, 394, 0, 0, 0.54%, 1, 0, 5, 1533.80
1775248309, 1196, 334, 394, 0, 0, 0.54%, 1, 0, 5, 1465.08
1775248314, 1197, 73, 394, 0, 0, 0.54%, 1, 0, 5, 1609.53
1775248319, 1197, 106, 394, 0, 0, 0.54%, 1, 0, 5, 1557.39
1775248324, 1197, 217, 394, 0, 0, 0.54%, 1, 0, 5, 1584.24
1775248329, 1197, 295, 394, 0, 0, 0.54%, 1, 0, 5, 1462.03
1775248334, 1198, 57, 394, 0, 0, 0.54%, 1, 0, 5, 1346.45
1775248340, 1198, 88, 394, 0, 0, 0.54%, 1, 0, 5, 1449.31
1775248345, 1198, 145, 394, 0, 0, 0.54%, 1, 0, 5, 1526.81
1775248350, 1198, 273, 394, 0, 0, 0.54%, 1, 0, 5, 1582.84
1775248355, 1198, 304, 394, 0, 0, 0.54%, 1, 0, 5, 1391.31
1775248360, 1198, 393, 394, 0, 0, 0.54%, 1, 0, 5, 1637.68
1775248365, 1199, 57, 394, 0, 0, 0.54%, 1, 0, 5, 1501.74
1775248370, 1199, 88, 394, 0, 0, 0.54%, 1, 0, 5, 1531.17
1775248375, 1199, 179, 394, 0, 0, 0.54%, 1, 0, 5, 1476.25
1775248380, 1199, 304, 394, 0, 0, 0.54%, 1, 0, 5, 1389.77
1775248385, 1199, 341, 394, 0, 0, 0.54%, 1, 0, 5, 1362.26
1775248390, 1200, 57, 394, 0, 0, 0.54%, 1, 0, 5, 1378.88
1775248395, 1200, 106, 394, 0, 0, 0.54%, 1, 0, 5, 1558.37
1775248400, 1200, 200, 394, 0, 0, 0.54%, 1, 0, 5, 1597.35
1775248406, 1200, 270, 394, 0, 0, 0.54%, 1, 0, 5, 1360.29
1775248411, 1200, 287, 394, 0, 0, 0.54%, 1, 0, 5, 1303.79
1775248416, 1200, 390, 394, 0, 0, 0.54%, 1, 0, 5, 1241.90
1775248421, 1201, 70, 394, 0, 0, 0.54%, 1, 0, 5, 1330.28
1775248426, 1201, 93, 394, 0, 0, 0.54%, 1, 0, 5, 1584.41
1775248431, 1201, 180, 394, 0, 0, 0.54%, 1, 0, 5, 1481.31
1775248436, 1201, 242, 394, 0, 0, 0.54%, 1, 0, 5, 1343.39
1775248441, 1201, 312, 394, 0, 0, 0.54%, 1, 0, 5, 1344.98
1775248446, 1202, 11, 394, 0, 0, 0.54%, 1, 0, 5, 1303.88
1775248451, 1202, 73, 394, 0, 0, 0.54%, 1, 0, 5, 1468.38
1775248457, 1202, 106, 394, 0, 0, 0.54%, 1, 0, 5, 1456.14
1775248462, 1202, 203, 394, 0, 0, 0.54%, 1, 0, 5, 1402.83
1775248467, 1202, 287, 394, 0, 0, 0.54%, 1, 0, 5, 1499.58
1775248472, 1203, 43, 394, 0, 0, 0.54%, 1, 0, 5, 1463.44
1775248477, 1203, 86, 394, 0, 0, 0.54%, 1, 0, 5, 1380.93
1775248482, 1203, 123, 394, 0, 0, 0.54%, 1, 0, 5, 1494.04
1775248487, 1203, 227, 394, 0, 0, 0.54%, 1, 0, 5, 1481.53
1775248492, 1203, 280, 394, 0, 0, 0.54%, 1, 0, 5, 1545.88
1775248497, 1203, 337, 394, 0, 0, 0.54%, 1, 0, 5, 1375.41
1775248502, 1203, 388, 394, 0, 0, 0.54%, 1, 0, 5, 1448.97
1775248508, 1204, 47, 394, 0, 0, 0.54%, 1, 0, 5, 1290.40
1775248513, 1204, 83, 394, 0, 0, 0.54%, 1, 0, 5, 1423.01
1775248518, 1204, 112, 394, 0, 0, 0.54%, 1, 0, 5, 1376.41
1775248523, 1204, 192, 394, 0, 0, 0.54%, 1, 0, 5, 1413.47
1775248528, 1204, 242, 394, 0, 0, 0.54%, 1, 0, 5, 1487.98
1775248533, 1204, 304, 394, 0, 0, 0.54%, 1, 0, 5, 1502.57
1775248538, 1204, 393, 394, 0, 0, 0.54%, 1, 0, 5, 1476.75
1775248543, 1205, 59, 394, 0, 0, 0.54%, 1, 0, 5, 1584.89
1775248548, 1205, 93, 394, 0, 0, 0.54%, 1, 0, 5, 1511.12
1775248553, 1205, 186, 394, 0, 0, 0.54%, 1, 0, 5, 1413.89
1775248558, 1205, 228, 394, 0, 0, 0.54%, 1, 0, 5, 1422.03
1775248564, 1205, 333, 394, 0, 0, 0.54%, 1, 0, 5, 1357.23
1775248569, 1206, 51, 394, 0, 0, 0.54%, 1, 0, 5, 1356.75
1775248574, 1206, 88, 394, 0, 0, 0.54%, 1, 0, 5, 1770.00
1775248579, 1206, 149, 394, 0, 0, 0.54%, 1, 0, 5, 1585.60
1775248584, 1206, 243, 394, 0, 0, 0.54%, 1, 0, 5, 1447.47
1775248589, 1206, 333, 394, 0, 0, 0.54%, 1, 0, 5, 1417.47
1775248594, 1206, 387, 394, 0, 0, 0.54%, 1, 0, 5, 1310.26
1775248599, 1207, 63, 394, 0, 0, 0.54%, 1, 0, 5, 1370.64
1775248605, 1207, 106, 394, 0, 0, 0.54%, 1, 0, 5, 1440.07
1775248610, 1207, 190, 394, 0, 0, 0.54%, 1, 0, 5, 1411.62
1775248615, 1207, 288, 394, 0, 0, 0.54%, 1, 0, 5, 1506.41
1775248620, 1208, 57, 394, 0, 0, 0.54%, 1, 0, 5, 1402.70
1775248625, 1208, 106, 394, 0, 0, 0.54%, 1, 0, 5, 1520.84
1775248630, 1208, 156, 394, 0, 0, 0.54%, 1, 0, 5, 844.98
1775248635, 1208, 248, 394, 0, 0, 0.54%, 1, 0, 5, 1335.52
1775248640, 1208, 283, 394, 0, 0, 0.54%, 1, 0, 5, 1412.92
1775248645, 1208, 333, 394, 0, 0, 0.54%, 1, 0, 5, 1368.60
1775248650, 1209, 51, 394, 0, 0, 0.54%, 1, 0, 5, 1476.86
1775248656, 1209, 86, 394, 0, 0, 0.54%, 1, 0, 5, 1501.86
1775248661, 1209, 151, 394, 0, 0, 0.54%, 1, 0, 5, 1540.66
1775248666, 1209, 211, 394, 0, 0, 0.54%, 1, 0, 5, 1527.25
1775248671, 1209, 282, 394, 0, 0, 0.54%, 1, 0, 5, 1371.59
1775248676, 1210, 11, 394, 0, 0, 0.54%, 1, 0, 5, 1393.19
1775248681, 1210, 73, 394, 0, 0, 0.54%, 1, 0, 5, 1455.07
1775248686, 1210, 102, 394, 0, 0, 0.54%, 1, 0, 5, 1540.48
1775248691, 1210, 159, 394, 0, 0, 0.54%, 1, 0, 5, 1521.65
1775248697, 1210, 263, 394, 0, 0, 0.54%, 1, 0, 5, 1447.58
1775248702, 1210, 304, 394, 0, 0, 0.54%, 1, 0, 5, 1324.26
1775248707, 1211, 16, 394, 0, 0, 0.54%, 1, 0, 5, 1333.00
1775248712, 1211, 69, 394, 0, 0, 0.54%, 1, 0, 5, 1458.23
1775248717, 1211, 99, 394, 0, 0, 0.54%, 1, 0, 5, 1503.89
1775248722, 1211, 158, 394, 0, 0, 0.54%, 1, 0, 5, 1344.60
1775248727, 1211, 287, 394, 0, 0, 0.54%, 1, 0, 5, 1429.69
1775248732, 1212, 57, 394, 0, 0, 0.54%, 1, 0, 5, 1457.13
1775248737, 1212, 105, 394, 0, 0, 0.54%, 1, 0, 5, 1513.94
1775248742, 1212, 197, 394, 0, 0, 0.54%, 1, 0, 5, 1507.15
1775248747, 1212, 311, 394, 0, 0, 0.54%, 1, 0, 5, 1427.05
1775248753, 1213, 27, 394, 0, 0, 0.54%, 1, 0, 5, 1313.68
1775248758, 1213, 78, 394, 0, 0, 0.54%, 1, 0, 5, 1349.32
1775248763, 1213, 106, 394, 0, 0, 0.54%, 1, 0, 5, 1512.44
1775248768, 1213, 265, 394, 0, 0, 0.54%, 1, 0, 5, 1315.82
1775248773, 1213, 333, 394, 0, 0, 0.54%, 1, 0, 5, 1340.47
1775248778, 1214, 77, 394, 0, 0, 0.54%, 1, 0, 5, 1351.38
1775248783, 1214, 93, 394, 0, 0, 0.54%, 1, 0, 5, 1503.91
1775248788, 1214, 166, 394, 0, 0, 0.54%, 1, 0, 5, 1559.00
1775248793, 1214, 256, 394, 0, 0, 0.54%, 1, 0, 5, 1411.35
1775248798, 1215, 7, 394, 0, 0, 0.54%, 1, 0, 5, 1428.79
1775248803, 1215, 76, 394, 0, 0, 0.54%, 1, 0, 5, 1474.81
1775248808, 1215, 106, 394, 0, 0, 0.54%, 1, 0, 5, 1451.04
1775248814, 1215, 180, 394, 0, 0, 0.54%, 1, 0, 5, 1524.31
1775248819, 1215, 307, 394, 0, 0, 0.54%, 1, 0, 5, 1473.91
1775248824, 1215, 393, 394, 0, 0, 0.54%, 1, 0, 5, 1277.28
1775248829, 1216, 52, 394, 0, 0, 0.54%, 1, 0, 5, 1326.94
1775248834, 1216, 88, 394, 0, 0, 0.54%, 1, 0, 5, 1105.54
1775248839, 1216, 149, 394, 0, 0, 0.54%, 1, 0, 5, 1409.93
1775248844, 1216, 300, 394, 0, 0, 0.54%, 1, 0, 5, 1469.00
1775248850, 1217, 17, 394, 0, 0, 0.54%, 1, 0, 5, 1371.13
1775248855, 1217, 62, 394, 0, 0, 0.54%, 1, 0, 5, 1444.97
1775248860, 1217, 106, 394, 0, 0, 0.54%, 1, 0, 5, 1600.44
1775248865, 1217, 185, 394, 0, 0, 0.54%, 1, 0, 5, 1459.96
1775248870, 1217, 333, 394, 0, 0, 0.54%, 1, 0, 5, 1348.19
1775248875, 1218, 83, 394, 0, 0, 0.54%, 1, 0, 5, 1445.38
1775248880, 1218, 157, 394, 0, 0, 0.54%, 1, 0, 5, 1524.55
1775248885, 1218, 304, 394, 0, 0, 0.54%, 1, 0, 5, 1481.16
1775248890, 1218, 337, 394, 0, 0, 0.54%, 1, 0, 5, 1468.49
1775248895, 1218, 388, 394, 0, 0, 0.54%, 1, 0, 5, 1435.73
1775248900, 1218, 389, 394, 0, 0, 0.54%, 1, 0, 5, 1400.30
1775248905, 1219, 73, 394, 0, 0, 0.54%, 1, 0, 5, 1464.33
1775248910, 1219, 101, 394, 0, 0, 0.54%, 1, 0, 5, 1484.39
1775248916, 1219, 175, 394, 0, 0, 0.54%, 1, 0, 5, 1485.85
1775248921, 1219, 211, 394, 0, 0, 0.54%, 1, 0, 5, 749.34
1775248926, 1219, 312, 394, 0, 0, 0.54%, 1, 0, 5, 1391.71
1775248931, 1220, 2, 394, 0, 0, 0.54%, 1, 0, 5, 1509.21
1775248936, 1220, 57, 394, 0, 0, 0.54%, 1, 0, 5, 1511.43
1775248941, 1220, 99, 394, 0, 0, 0.54%, 1, 0, 5, 1529.62
1775248946, 1220, 233, 394, 0, 0, 0.54%, 1, 0, 5, 1465.05
1775248951, 1220, 287, 394, 0, 0, 0.54%, 1, 0, 5, 1408.12
1775248956, 1221, 0, 394, 0, 0, 0.54%, 1, 0, 5, 1278.38
1775248961, 1221, 83, 394, 0, 0, 0.54%, 1, 0, 5, 1459.73
1775248966, 1221, 106, 394, 0, 0, 0.54%, 1, 0, 5, 1529.16
1775248972, 1221, 251, 394, 0, 0, 0.54%, 1, 0, 5, 1384.53
1775248977, 1221, 316, 394, 0, 0, 0.54%, 1, 0, 5, 1397.22
1775248982, 1221, 388, 394, 0, 0, 0.54%, 1, 0, 5, 1427.73
1775248987, 1222, 72, 394, 0, 0, 0.54%, 1, 0, 5, 1473.17
1775248992, 1222, 95, 394, 0, 0, 0.54%, 1, 0, 5, 1530.89
1775248997, 1222, 149, 394, 0, 0, 0.54%, 1, 0, 5, 1525.60
1775249002, 1222, 204, 394, 0, 0, 0.54%, 1, 0, 5, 1505.72
1775249007, 1222, 287, 394, 0, 0, 0.54%, 1, 0, 5, 1422.45
1775249012, 1223, 17, 394, 0, 0, 0.54%, 1, 0, 5, 1398.53
1775249017, 1223, 75, 394, 0, 0, 0.54%, 1, 0, 5, 1485.14
1775249022, 1223, 106, 394, 0, 0, 0.54%, 1, 0, 5, 1471.85
1775249028, 1223, 218, 394, 0, 0, 0.54%, 1, 0, 5, 1613.13
1775249033, 1223, 287, 394, 0, 0, 0.54%, 1, 0, 5, 1519.22
1775249038, 1223, 356, 394, 0, 0, 0.54%, 1, 0, 5, 1306.81
1775249043, 1224, 67, 394, 0, 0, 0.54%, 1, 0, 5, 1397.59
1775249048, 1224, 106, 394, 0, 0, 0.54%, 1, 0, 5, 1564.81
1775249053, 1224, 178, 394, 0, 0, 0.54%, 1, 0, 5, 1541.08
1775249058, 1224, 333, 394, 0, 0, 0.54%, 1, 0, 5, 1474.76
1775249063, 1225, 76, 394, 0, 0, 0.54%, 1, 0, 5, 1520.84
1775249069, 1225, 137, 394, 0, 0, 0.54%, 1, 0, 5, 300.00
1775249074, 1225, 251, 394, 0, 0, 0.54%, 1, 0, 5, 1560.53
1775249079, 1225, 340, 394, 0, 0, 0.54%, 1, 0, 5, 1550.91
1775249084, 1225, 389, 394, 0, 0, 0.54%, 1, 0, 5, 1661.76
1775249089, 1226, 73, 394, 0, 0, 0.54%, 1, 0, 5, 1524.59
1775249094, 1226, 106, 394, 0, 0, 0.54%, 1, 0, 5, 1460.38
1775249099, 1226, 318, 394, 0, 0, 0.54%, 1, 0, 5, 1477.81
1775249104, 1227, 51, 394, 0, 0, 0.54%, 1, 0, 5, 1392.51
1775249109, 1227, 88, 394, 0, 0, 0.54%, 1, 0, 5, 1495.15
1775249114, 1227, 131, 394, 0, 0, 0.54%, 1, 0, 5, 1436.45
1775249120, 1227, 256, 394, 0, 0, 0.54%, 1, 0, 5, 1363.68
1775249125, 1227, 337, 394, 0, 0, 0.54%, 1, 0, 5, 1360.35
1775249130, 1228, 57, 394, 0, 0, 0.54%, 1, 0, 5, 1371.04
1775249135, 1228, 106, 394, 0, 0, 0.54%, 1, 0, 5, 1550.50
1775249140, 1228, 227, 394, 0, 0, 0.54%, 1, 0, 5, 1381.74
1775249145, 1228, 279, 394, 0, 0, 0.54%, 1, 0, 5, 1399.93
1775249150, 1229, 3, 394, 0, 0, 0.54%, 1, 0, 5, 1395.11
1775249155, 1229, 80, 394, 0, 0, 0.54%, 1, 0, 5, 1458.18
1775249160, 1229, 106, 394, 0, 0, 0.54%, 1, 0, 5, 1495.45
1775249166, 1229, 149, 394, 0, 0, 0.54%, 1, 0, 5, 1402.19
1775249171, 1229, 274, 394, 0, 0, 0.54%, 1, 0, 5, 1466.10
1775249176, 1229, 308, 394, 0, 0, 0.54%, 1, 0, 5, 1390.49
1775249181, 1229, 388, 394, 0, 0, 0.54%, 1, 0, 5, 1400.19
1775249186, 1230, 50, 394, 0, 0, 0.54%, 1, 0, 5, 1442.60
1775249191, 1230, 88, 394, 0, 0, 0.54%, 1, 0, 5, 1390.24
1775249196, 1230, 227, 394, 0, 0, 0.54%, 1, 0, 5, 1487.39
1775249201, 1230, 276, 394, 0, 0, 0.54%, 1, 0, 5, 1355.94
1775249206, 1230, 357, 394, 0, 0, 0.54%, 1, 0, 5, 1374.95
1775249211, 1231, 83, 394, 0, 0, 0.54%, 1, 0, 5, 1514.04
1775249217, 1231, 120, 394, 0, 0, 0.54%, 1, 0, 5, 1482.09
1775249222, 1231, 259, 394, 0, 0, 0.54%, 1, 0, 5, 1388.39
1775249227, 1231, 336, 394, 0, 0, 0.54%, 1, 0, 5, 1295.31
1775249232, 1232, 73, 394, 0, 0, 0.54%, 1, 0, 5, 1476.31
1775249237, 1232, 94, 394, 0, 0, 0.54%, 1, 0, 5, 1383.14
1775249242, 1232, 158, 394, 0, 0, 0.54%, 1, 0, 5, 1296.20
1775249247, 1232, 249, 394, 0, 0, 0.54%, 1, 0, 5, 1375.40
1775249252, 1232, 312, 394, 0, 0, 0.54%, 1, 0, 5, 1365.61
1775249257, 1232, 389, 394, 0, 0, 0.54%, 1, 0, 5, 1529.53
1775249262, 1233, 48, 394, 0, 0, 0.54%, 1, 0, 5, 1590.56
1775249267, 1233, 88, 394, 0, 0, 0.54%, 1, 0, 5, 1489.52
1775249272, 1233, 134, 394, 0, 0, 0.54%, 1, 0, 5, 1507.74
1775249278, 1233, 233, 394, 0, 0, 0.54%, 1, 0, 5, 1504.83
1775249283, 1233, 318, 394, 0, 0, 0.54%, 1, 0, 5, 1402.93
1775249288, 1233, 393, 394, 0, 0, 0.54%, 1, 0, 5, 228.22
1775249293, 1234, 47, 394, 0, 0, 0.54%, 1, 0, 5, 1345.17
1775249298, 1234, 83, 394, 0, 0, 0.54%, 1, 0, 5, 1372.43
1775249303, 1234, 123, 394, 0, 0, 0.54%, 1, 0, 5, 1442.95
1775249308, 1234, 277, 394, 0, 0, 0.54%, 1, 0, 5, 1458.55
1775249313, 1234, 311, 394, 0, 0, 0.54%, 1, 0, 5, 1337.83
1775249318, 1235, 28, 394, 0, 0, 0.54%, 1, 0, 5, 1348.42
1775249323, 1235, 83, 394, 0, 0, 0.54%, 1, 0, 5, 1387.56
1775249329, 1235, 106, 394, 0, 0, 0.54%, 1, 0, 5, 1506.65
1775249334, 1235, 199, 394, 0, 0, 0.54%, 1, 0, 5, 1428.44
1775249339, 1235, 391, 394, 0, 0, 0.54%, 1, 0, 5, 286.95
1775249344, 1236, 73, 394, 0, 0, 0.54%, 1, 0, 5, 1464.64
1775249349, 1236, 106, 394, 0, 0, 0.54%, 1, 0, 5, 1669.25
1775249354, 1236, 188, 394, 0, 0, 0.54%, 1, 0, 5, 1465.32
1775249359, 1236, 238, 394, 0, 0, 0.54%, 1, 0, 5, 1377.43
1775249364, 1236, 344, 394, 0, 0, 0.54%, 1, 0, 5, 1341.83
1775249369, 1237, 51, 394, 0, 0, 0.54%, 1, 0, 5, 1419.25
1775249374, 1237, 88, 394, 0, 0, 0.54%, 1, 0, 5, 1366.02
1775249379, 1237, 161, 394, 0, 0, 0.54%, 1, 0, 5, 1476.06
1775249385, 1237, 322, 394, 0, 0, 0.54%, 1, 0, 5, 1427.34
1775249390, 1238, 22, 394, 0, 0, 0.54%, 1, 0, 5, 1357.93
1775249395, 1238, 79, 394, 0, 0, 0.54%, 1, 0, 5, 1463.67
1775249400, 1238, 155, 394, 0, 0, 0.54%, 1, 0, 5, 1468.19
1775249405, 1238, 304, 394, 0, 0, 0.54%, 1, 0, 5, 1306.64
1775249410, 1239, 49, 394, 0, 0, 0.54%, 1, 0, 5, 1505.87
1775249415, 1239, 83, 394, 0, 0, 0.54%, 1, 0, 5, 1467.09
1775249420, 1239, 96, 394, 0, 0, 0.54%, 1, 0, 5, 1483.32
1775249425, 1239, 158, 394, 0, 0, 0.54%, 1, 0, 5, 1324.90
1775249430, 1239, 304, 394, 0, 0, 0.54%, 1, 0, 5, 1408.18
1775249435, 1240, 24, 394, 0, 0, 0.54%, 1, 0, 5, 1752.37
1775249440, 1240, 88, 394, 0, 0, 0.54%, 1, 0, 5, 1491.55
1775249446, 1240, 199, 394, 0, 0, 0.54%, 1, 0, 5, 1513.32
1775249451, 1240, 304, 394, 0, 0, 0.54%, 1, 0, 5, 1392.34
1775249456, 1241, 51, 394, 0, 0, 0.54%, 1, 0, 5, 1348.10
1775249461, 1241, 83, 394, 0, 0, 0.54%, 1, 0, 5, 1530.34
1775249466, 1241, 106, 394, 0, 0, 0.54%, 1, 0, 5, 1464.15
1775249471, 1241, 249, 394, 0, 0, 0.54%, 1, 0, 5, 1484.73
1775249476, 1241, 293, 394, 0, 0, 0.54%, 1, 0, 5, 1500.80
1775249481, 1242, 5, 394, 0, 0, 0.54%, 1, 0, 5, 1371.49
1775249486, 1242, 47, 394, 0, 0, 0.54%, 1, 0, 5, 1482.90
1775249491, 1242, 74, 394, 0, 0, 0.54%, 1, 0, 5, 1473.86
1775249496, 1242, 90, 394, 0, 0, 0.54%, 1, 0, 5, 1493.70
1775249501, 1242, 185, 394, 0, 0, 0.54%, 1, 0, 5, 1564.11
1775249506, 1242, 311, 394, 0, 0, 0.54%, 1, 0, 5, 1384.16
1775249511, 1243, 27, 394, 0, 0, 0.54%, 1, 0, 5, 1423.87
1775249517, 1243, 76, 394, 0, 0, 0.54%, 1, 0, 5, 1401.52
1775249522, 1243, 100, 394, 0, 0, 0.54%, 1, 0, 5, 1456.73
1775249527, 1243, 141, 394, 0, 0, 0.54%, 1, 0, 5, 1405.18
1775249532, 1243, 239, 394, 0, 0, 0.54%, 1, 0, 5, 1463.41
1775249537, 1243, 312, 394, 0, 0, 0.54%, 1, 0, 5, 1462.49
1775249542, 1244, 57, 394, 0, 0, 0.54%, 1, 0, 5, 1361.40
1775249547, 1244, 88, 394, 0, 0, 0.54%, 1, 0, 5, 1530.17
1775249552, 1244, 138, 394, 0, 0, 0.54%, 1, 0, 5, 1486.45
1775249557, 1244, 196, 394, 0, 0, 0.54%, 1, 0, 5, 1420.58
1775249563, 1244, 304, 394, 0, 0, 0.54%, 1, 0, 5, 1363.20
1775249568, 1245, 4, 394, 0, 0, 0.54%, 1, 0, 5, 1350.47
1775249573, 1245, 86, 394, 0, 0, 0.54%, 1, 0, 5, 1485.34
1775249578, 1245, 106, 394, 0, 0, 0.54%, 1, 0, 5, 1425.28
1775249583, 1245, 216, 394, 0, 0, 0.54%, 1, 0, 5, 1438.42
1775249588, 1245, 312, 394, 0, 0, 0.54%, 1, 0, 5, 1401.81
1775249593, 1246, 23, 394, 0, 0, 0.54%, 1, 0, 5, 1367.30
1775249598, 1246, 83, 394, 0, 0, 0.54%, 1, 0, 5, 1533.65
1775249603, 1246, 158, 394, 0, 0, 0.54%, 1, 0, 5, 1498.93
1775249608, 1246, 202, 394, 0, 0, 0.54%, 1, 0, 5, 1512.45
1775249613, 1246, 274, 394, 0, 0, 0.54%, 1, 0, 5, 1475.10
1775249618, 1246, 365, 394, 0, 0, 0.54%, 1, 0, 5, 1402.18
1775249624, 1247, 73, 394, 0, 0, 0.54%, 1, 0, 5, 1434.42
1775249629, 1247, 106, 394, 0, 0, 0.54%, 1, 0, 5, 1493.00
1775249634, 1247, 243, 394, 0, 0, 0.54%, 1, 0, 5, 1378.97
1775249639, 1247, 275, 394, 0, 0, 0.54%, 1, 0, 5, 1452.03
1775249644, 1247, 376, 394, 0, 0, 0.54%, 1, 0, 5, 1283.50
1775249649, 1248, 57, 394, 0, 0, 0.54%, 1, 0, 5, 1412.35
1775249654, 1248, 88, 394, 0, 0, 0.54%, 1, 0, 5, 1500.54
1775249659, 1248, 157, 394, 0, 0, 0.54%, 1, 0, 5, 1441.40
1775249664, 1248, 242, 394, 0, 0, 0.54%, 1, 0, 5, 1580.08
1775249669, 1248, 320, 394, 0, 0, 0.54%, 1, 0, 5, 1397.61
1775249674, 1249, 73, 394, 0, 0, 0.54%, 1, 0, 5, 1472.32
1775249679, 1249, 93, 394, 0, 0, 0.54%, 1, 0, 5, 1500.49
1775249685, 1249, 176, 394, 0, 0, 0.54%, 1, 0, 5, 1450.56
1775249690, 1249, 304, 394, 0, 0, 0.54%, 1, 0, 5, 1344.42
1775249695, 1250, 51, 394, 0, 0, 0.54%, 1, 0, 5, 1408.53
1775249700, 1250, 88, 394, 0, 0, 0.54%, 1, 0, 5, 1484.44
1775249705, 1250, 246, 394, 0, 0, 0.54%, 1, 0, 5, 1475.77
1775249710, 1250, 311, 394, 0, 0, 0.54%, 1, 0, 5, 1440.05
1775249715, 1251, 51, 394, 0, 0, 0.54%, 1, 0, 5, 1414.29
1775249720, 1251, 92, 394, 0, 0, 0.54%, 1, 0, 5, 1529.97
1775249725, 1251, 127, 394, 0, 0, 0.54%, 1, 0, 5, 1045.68
1775249731, 1251, 234, 394, 0, 0, 0.54%, 1, 0, 5, 1384.05
1775249736, 1251, 276, 394, 0, 0, 0.54%, 1, 0, 5, 271.84
1775249741, 1252, 51, 394, 0, 0, 0.54%, 1, 0, 5, 1397.93
1775249746, 1252, 87, 394, 0, 0, 0.54%, 1, 0, 5, 1513.53
1775249751, 1252, 160, 394, 0, 0, 0.54%, 1, 0, 5, 1390.98
1775249756, 1252, 253, 394, 0, 0, 0.54%, 1, 0, 5, 1313.69
1775249761, 1252, 312, 394, 0, 0, 0.54%, 1, 0, 5, 1425.26
1775249766, 1253, 51, 394, 0, 0, 0.54%, 1, 0, 5, 1510.47
1775249771, 1253, 83, 394, 0, 0, 0.54%, 1, 0, 5, 1422.55
1775249777, 1253, 106, 394, 0, 0, 0.54%, 1, 0, 5, 1420.31
1775249782, 1253, 161, 394, 0, 0, 0.54%, 1, 0, 5, 1475.90
1775249787, 1253, 245, 394, 0, 0, 0.54%, 1, 0, 5, 1627.27
1775249792, 1253, 303, 394, 0, 0, 0.54%, 1, 0, 5, 1436.83
1775249797, 1253, 346, 394, 0, 0, 0.54%, 1, 0, 5, 1377.21
1775249802, 1254, 73, 394, 0, 0, 0.54%, 1, 0, 5, 1477.36
1775249807, 1254, 98, 394, 0, 0, 0.54%, 1, 0, 5, 1472.42
1775249812, 1254, 158, 394, 0, 0, 0.54%, 1, 0, 5, 1500.28
1775249817, 1254, 248, 394, 0, 0, 0.54%, 1, 0, 5, 1412.83
1775249822, 1254, 349, 394, 0, 0, 0.54%, 1, 0, 5, 1307.79
1775249827, 1255, 61, 394, 0, 0, 0.54%, 1, 0, 5, 1407.84
1775249832, 1255, 88, 394, 0, 0, 0.54%, 1, 0, 5, 1521.67
1775249838, 1255, 160, 394, 0, 0, 0.54%, 1, 0, 5, 1435.17
1775249843, 1255, 203, 394, 0, 0, 0.54%, 1, 0, 5, 1660.96
1775249848, 1255, 304, 394, 0, 0, 0.54%, 1, 0, 5, 1487.84
1775249853, 1256, 20, 394, 0, 0, 0.54%, 1, 0, 5, 1335.16
1775249858, 1256, 77, 394, 0, 0, 0.54%, 1, 0, 5, 1419.32
1775249863, 1256, 93, 394, 0, 0, 0.54%, 1, 0, 5, 1418.77
1775249868, 1256, 202, 394, 0, 0, 0.54%, 1, 0, 5, 1447.64
1775249873, 1256, 279, 394, 0, 0, 0.54%, 1, 0, 5, 1476.68
1775249878, 1256, 384, 394, 0, 0, 0.54%, 1, 0, 5, 1254.21
1775249883, 1257, 57, 394, 0, 0, 0.54%, 1, 0, 5, 1207.54
1775249888, 1257, 88, 394, 0, 0, 0.54%, 1, 0, 5, 1389.91
1775249894, 1257, 130, 394, 0, 0, 0.54%, 1, 0, 5, 1387.78
1775249899, 1257, 283, 394, 0, 0, 0.54%, 1, 0, 5, 1451.20
1775249904, 1257, 333, 394, 0, 0, 0.54%, 1, 0, 5, 1370.57
1775249909, 1257, 387, 394, 0, 0, 0.54%, 1, 0, 5, 1369.05
1775249914, 1258, 83, 394, 0, 0, 0.54%, 1, 0, 5, 1468.02
1775249919, 1258, 100, 394, 0, 0, 0.54%, 1, 0, 5, 1442.94
1775249924, 1258, 172, 394, 0, 0, 0.54%, 1, 0, 5, 1468.11
1775249929, 1258, 238, 394, 0, 0, 0.54%, 1, 0, 5, 1460.74
1775249934, 1258, 304, 394, 0, 0, 0.54%, 1, 0, 5, 1383.20
1775249939, 1259, 11, 394, 0, 0, 0.54%, 1, 0, 5, 1310.77
1775249944, 1259, 57, 394, 0, 0, 0.54%, 1, 0, 5, 1438.47
1775249949, 1259, 88, 394, 0, 0, 0.54%, 1, 0, 5, 1531.89
1775249954, 1259, 119, 394, 0, 0, 0.54%, 1, 0, 5, 1453.55
1775249960, 1259, 192, 394, 0, 0, 0.54%, 1, 0, 5, 1387.69
1775249965, 1259, 337, 394, 0, 0, 0.54%, 1, 0, 5, 1392.08
1775249970, 1260, 73, 394, 0, 0, 0.54%, 1, 0, 5, 1495.43
1775249975, 1260, 88, 394, 0, 0, 0.54%, 1, 0, 5, 1465.71
1775249980, 1260, 111, 394, 0, 0, 0.54%, 1, 0, 5, 1498.02
1775249985, 1260, 190, 394, 0, 0, 0.54%, 1, 0, 5, 1411.49
1775249990, 1260, 287, 394, 0, 0, 0.54%, 1, 0, 5, 1474.14
1775249995, 1260, 342, 394, 0, 0, 0.54%, 1, 0, 5, 1281.65
1775250001, 1261, 62, 394, 0, 0, 0.54%, 1, 0, 5, 1399.77
1775250006, 1261, 95, 394, 0, 0, 0.54%, 1, 0, 5, 1465.90
1775250011, 1261, 207, 394, 0, 0, 0.54%, 1, 0, 5, 1522.11
1775250016, 1261, 312, 394, 0, 0, 0.54%, 1, 0, 5, 1484.53
1775250021, 1261, 387, 394, 0, 0, 0.54%, 1, 0, 5, 1483.14
1775250026, 1262, 73, 394, 0, 0, 0.54%, 1, 0, 5, 1591.85
1775250031, 1262, 88, 394, 0, 0, 0.54%, 1, 0, 5, 1507.45
1775250036, 1262, 166, 394, 0, 0, 0.54%, 1, 0, 5, 1491.11
1775250041, 1262, 282, 394, 0, 0, 0.54%, 1, 0, 5, 1207.28
1775250046, 1262, 361, 394, 0, 0, 0.54%, 1, 0, 5, 1264.17
1775250051, 1263, 83, 394, 0, 0, 0.54%, 1, 0, 5, 1545.45
1775250057, 1263, 106, 394, 0, 0, 0.54%, 1, 0, 5, 1462.73
1775250062, 1263, 304, 394, 0, 0, 0.54%, 1, 0, 5, 1441.72
1775250067, 1264, 6, 394, 0, 0, 0.54%, 1, 0, 5, 1378.32
1775250072, 1264, 73, 394, 0, 0, 0.54%, 1, 0, 5, 1360.12
1775250077, 1264, 93, 394, 0, 0, 0.54%, 1, 0, 5, 1525.96
1775250082, 1264, 201, 394, 0, 0, 0.54%, 1, 0, 5, 1503.81
1775250087, 1264, 277, 394, 0, 0, 0.54%, 1, 0, 5, 1406.35
1775250092, 1264, 334, 394, 0, 0, 0.54%, 1, 0, 5, 1365.31
1775250097, 1265, 57, 394, 0, 0, 0.54%, 1, 0, 5, 1344.38
1775250102, 1265, 88, 394, 0, 0, 0.54%, 1, 0, 5, 1534.03
1775250107, 1265, 130, 394, 0, 0, 0.54%, 1, 0, 5, 1401.74
1775250112, 1265, 176, 394, 0, 0, 0.54%, 1, 0, 5, 1282.50
1775250118, 1265, 304, 394, 0, 0, 0.54%, 1, 0, 5, 1348.61
1775250123, 1266, 17, 394, 0, 0, 0.54%, 1, 0, 5, 1808.10
1775250128, 1266, 73, 394, 0, 0, 0.54%, 1, 0, 5, 1451.66
1775250133, 1266, 136, 394, 0, 0, 0.54%, 1, 0, 5, 1605.70
1775250138, 1266, 253, 394, 0, 0, 0.54%, 1, 0, 5, 1496.49
1775250143, 1266, 311, 394, 0, 0, 0.54%, 1, 0, 5, 1510.08
1775250148, 1267, 26, 394, 0, 0, 0.54%, 1, 0, 5, 1431.54
1775250153, 1267, 86, 394, 0, 0, 0.54%, 1, 0, 5, 1397.13
1775250158, 1267, 106, 394, 0, 0, 0.54%, 1, 0, 5, 1430.21
1775250163, 1267, 226, 394, 0, 0, 0.54%, 1, 0, 5, 1392.42
1775250169, 1267, 311, 394, 0, 0, 0.54%, 1, 0, 5, 1406.38
1775250174, 1267, 393, 394, 0, 0, 0.54%, 1, 0, 5, 1436.16
1775250179, 1268, 73, 394, 0, 0, 0.54%, 1, 0, 5, 1535.23
1775250184, 1268, 106, 394, 0, 0, 0.54%, 1, 0, 5, 1530.58
1775250189, 1268, 161, 394, 0, 0, 0.54%, 1, 0, 5, 1539.32
1775250194, 1268, 284, 394, 0, 0, 0.54%, 1, 0, 5, 1337.47
1775250199, 1268, 344, 394, 0, 0, 0.54%, 1, 0, 5, 1359.07
1775250204, 1269, 51, 394, 0, 0, 0.54%, 1, 0, 5, 1539.45
1775250209, 1269, 86, 394, 0, 0, 0.54%, 1, 0, 5, 1582.68
1775250215, 1269, 139, 394, 0, 0, 0.54%, 1, 0, 5, 1470.69
1775250220, 1269, 218, 394, 0, 0, 0.54%, 1, 0, 5, 1481.18
1775250225, 1269, 306, 394, 0, 0, 0.54%, 1, 0, 5, 1449.46
1775250230, 1270, 57, 394, 0, 0, 0.54%, 1, 0, 5, 1489.18
1775250235, 1270, 99, 394, 0, 0, 0.54%, 1, 0, 5, 1449.42
1775250240, 1270, 148, 394, 0, 0, 0.54%, 1, 0, 5, 1461.46
1775250245, 1270, 217, 394, 0, 0, 0.54%, 1, 0, 5, 1416.78
1775250250, 1270, 304, 394, 0, 0, 0.54%, 1, 0, 5, 1349.47
1775250255, 1271, 17, 394, 0, 0, 0.54%, 1, 0, 5, 1355.52
1775250260, 1271, 83, 394, 0, 0, 0.54%, 1, 0, 5, 1444.65
1775250266, 1271, 106, 394, 0, 0, 0.54%, 1, 0, 5, 1144.57
1775250271, 1271, 274, 394, 0, 0, 0.54%, 1, 0, 5, 1304.96
1775250276, 1271, 336, 394, 0, 0, 0.54%, 1, 0, 5, 1346.13
1775250281, 1272, 60, 394, 0, 0, 0.54%, 1, 0, 5, 1378.67
1775250286, 1272, 88, 394, 0, 0, 0.54%, 1, 0, 5, 1463.87
1775250291, 1272, 149, 394, 0, 0, 0.54%, 1, 0, 5, 1586.19
1775250296, 1272, 313, 394, 0, 0, 0.54%, 1, 0, 5, 1479.15
1775250301, 1273, 33, 394, 0, 0, 0.54%, 1, 0, 5, 1355.24
1775250307, 1273, 86, 394, 0, 0, 0.54%, 1, 0, 5, 1497.35
1775250312, 1273, 181, 394, 0, 0, 0.54%, 1, 0, 5, 1539.32
1775250317, 1273, 296, 394, 0, 0, 0.54%, 1, 0, 5, 1392.62
1775250322, 1273, 333, 394, 0, 0, 0.54%, 1, 0, 5, 1515.09
1775250327, 1274, 57, 394, 0, 0, 0.54%, 1, 0, 5, 1510.03
1775250332, 1274, 83, 394, 0, 0, 0.54%, 1, 0, 5, 1209.90
1775250337, 1274, 106, 394, 0, 0, 0.54%, 1, 0, 5, 1433.74
1775250342, 1274, 158, 394, 0, 0, 0.54%, 1, 0, 5, 1503.96
1775250347, 1274, 260, 394, 0, 0, 0.54%, 1, 0, 5, 1506.48
1775250352, 1274, 326, 394, 0, 0, 0.54%, 1, 0, 5, 1348.07
1775250358, 1275, 31, 394, 0, 0, 0.54%, 1, 0, 5, 1457.76
1775250363, 1275, 86, 394, 0, 0, 0.54%, 1, 0, 5, 1533.68
1775250368, 1275, 116, 394, 0, 0, 0.54%, 1, 0, 5, 1518.09
1775250373, 1275, 192, 394, 0, 0, 0.54%, 1, 0, 5, 1609.24
1775250378, 1275, 268, 394, 0, 0, 0.54%, 1, 0, 5, 1556.67
1775250383, 1275, 275, 394, 0, 0, 0.54%, 1, 0, 5, 899.06
1775250388, 1275, 322, 394, 0, 0, 0.54%, 1, 0, 5, 1264.14
1775250393, 1276, 12, 394, 0, 0, 0.54%, 1, 0, 5, 1292.07
1775250398, 1276, 66, 394, 0, 0, 0.54%, 1, 0, 5, 1540.42
1775250403, 1276, 92, 394, 0, 0, 0.54%, 1, 0, 5, 1454.74
1775250408, 1276, 158, 394, 0, 0, 0.54%, 1, 0, 5, 1416.89
1775250413, 1276, 333, 394, 0, 0, 0.54%, 1, 0, 5, 1355.58
1775250418, 1277, 57, 394, 0, 0, 0.54%, 1, 0, 5, 1497.81
1775250423, 1277, 88, 394, 0, 0, 0.54%, 1, 0, 5, 1508.31
1775250429, 1277, 149, 394, 0, 0, 0.54%, 1, 0, 5, 1476.82
1775250434, 1277, 287, 394, 0, 0, 0.54%, 1, 0, 5, 1356.85
1775250439, 1278, 5, 394, 0, 0, 0.54%, 1, 0, 5, 1302.53
1775250444, 1278, 86, 394, 0, 0, 0.54%, 1, 0, 5, 1402.99
1775250449, 1278, 192, 394, 0, 0, 0.54%, 1, 0, 5, 1444.53
1775250454, 1278, 330, 394, 0, 0, 0.54%, 1, 0, 5, 1364.94
1775250459, 1278, 393, 394, 0, 0, 0.54%, 1, 0, 5, 1275.22
1775250465, 1279, 88, 394, 0, 0, 0.54%, 1, 0, 5, 1571.47
1775250470, 1279, 114, 394, 0, 0, 0.54%, 1, 0, 5, 1491.03
1775250475, 1279, 234, 394, 0, 0, 0.54%, 1, 0, 5, 1483.59
1775250480, 1279, 301, 394, 0, 0, 0.54%, 1, 0, 5, 1388.50
1775250485, 1279, 383, 394, 0, 0, 0.54%, 1, 0, 5, 1256.84
1775250490, 1280, 73, 394, 0, 0, 0.54%, 1, 0, 5, 1369.03
1775250495, 1280, 119, 394, 0, 0, 0.54%, 1, 0, 5, 1472.85
1775250501, 1280, 193, 394, 0, 0, 0.54%, 1, 0, 5, 1543.35
1775250506, 1280, 283, 394, 0, 0, 0.54%, 1, 0, 5, 1446.75
1775250511, 1280, 361, 394, 0, 0, 0.54%, 1, 0, 5, 1357.11
1775250516, 1281, 73, 394, 0, 0, 0.54%, 1, 0, 5, 1409.51
1775250521, 1281, 93, 394, 0, 0, 0.54%, 1, 0, 5, 1452.53
1775250526, 1281, 171, 394, 0, 0, 0.54%, 1, 0, 5, 1429.29
1775250531, 1281, 256, 394, 0, 0, 0.54%, 1, 0, 5, 1472.72
1775250536, 1281, 333, 394, 0, 0, 0.54%, 1, 0, 5, 1410.90
1775250541, 1282, 56, 394, 0, 0, 0.54%, 1, 0, 5, 1441.31
1775250547, 1282, 88, 394, 0, 0, 0.54%, 1, 0, 5, 1459.95
1775250552, 1282, 167, 394, 0, 0, 0.54%, 1, 0, 5, 1482.47
1775250557, 1282, 244, 394, 0, 0, 0.54%, 1, 0, 5, 1523.77
1775250562, 1282, 287, 394, 0, 0, 0.54%, 1, 0, 5, 1458.63
1775250567, 1283, 12, 394, 0, 0, 0.54%, 1, 0, 5, 1397.81
1775250572, 1283, 83, 394, 0, 0, 0.54%, 1, 0, 5, 1558.47
1775250577, 1283, 113, 394, 0, 0, 0.54%, 1, 0, 5, 1400.84
1775250582, 1283, 266, 394, 0, 0, 0.54%, 1, 0, 5, 1467.22
1775250587, 1283, 329, 394, 0, 0, 0.54%, 1, 0, 5, 1320.14
1775250593, 1284, 5, 394, 0, 0, 0.54%, 1, 0, 5, 1353.54
1775250598, 1284, 86, 394, 0, 0, 0.54%, 1, 0, 5, 1689.02
1775250603, 1284, 166, 394, 0, 0, 0.54%, 1, 0, 5, 1597.73
1775250608, 1284, 304, 394, 0, 0, 0.54%, 1, 0, 5, 1502.39
1775250613, 1285, 7, 394, 0, 0, 0.54%, 1, 0, 5, 1366.56
1775250618, 1285, 86, 394, 0, 0, 0.54%, 1, 0, 5, 1496.59
1775250623, 1285, 123, 394, 0, 0, 0.54%, 1, 0, 5, 1596.99
1775250628, 1285, 191, 394, 0, 0, 0.54%, 1, 0, 5, 1539.82
1775250633, 1285, 333, 394, 0, 0, 0.54%, 1, 0, 5, 1436.31
1775250638, 1286, 57, 394, 0, 0, 0.54%, 1, 0, 5, 1481.85
1775250644, 1286, 82, 394, 0, 0, 0.54%, 1, 0, 5, 1383.60
1775250649, 1286, 106, 394, 0, 0, 0.54%, 1, 0, 5, 1488.41
1775250654, 1286, 188, 394, 0, 0, 0.54%, 1, 0, 5, 1512.55
1775250659, 1286, 307, 394, 0, 0, 0.54%, 1, 0, 5, 1413.16
1775250664, 1286, 339, 394, 0, 0, 0.54%, 1, 0, 5, 1423.89
1775250669, 1287, 51, 394, 0, 0, 0.54%, 1, 0, 5, 1377.77
1775250674, 1287, 90, 394, 0, 0, 0.54%, 1, 0, 5, 1524.47
1775250679, 1287, 211, 394, 0, 0, 0.54%, 1, 0, 5, 1494.48
1775250684, 1287, 337, 394, 0, 0, 0.54%, 1, 0, 5, 1421.74
1775250689, 1288, 63, 394, 0, 0, 0.54%, 1, 0, 5, 1426.41
1775250695, 1288, 88, 394, 0, 0, 0.54%, 1, 0, 5, 1524.38
1775250700, 1288, 175, 394, 0, 0, 0.54%, 1, 0, 5, 1595.57
1775250705, 1288, 250, 394, 0, 0, 0.54%, 1, 0, 5, 1381.25
1775250710, 1288, 333, 394, 0, 0, 0.54%, 1, 0, 5, 1401.67
1775250715, 1289, 62, 394, 0, 0, 0.54%, 1, 0, 5, 1453.13
1775250720, 1289, 88, 394, 0, 0, 0.54%, 1, 0, 5, 1504.82
1775250725, 1289, 179, 394, 0, 0, 0.54%, 1, 0, 5, 1514.66
1775250730, 1289, 218, 394, 0, 0, 0.54%, 1, 0, 5, 1530.21
1775250735, 1289, 311, 394, 0, 0, 0.54%, 1, 0, 5, 1365.04
1775250740, 1289, 389, 394, 0, 0, 0.54%, 1, 0, 5, 1402.67
1775250745, 1290, 4, 394, 0, 0, 0.54%, 1, 0, 5, 1370.40
1775250751, 1290, 73, 394, 0, 0, 0.54%, 1, 0, 5, 1447.09
1775250756, 1290, 106, 394, 0, 0, 0.54%, 1, 0, 5, 1426.16
1775250761, 1290, 189, 394, 0, 0, 0.54%, 1, 0, 5, 1414.72
1775250766, 1290, 274, 394, 0, 0, 0.54%, 1, 0, 5, 1484.64
1775250771, 1290, 333, 394, 0, 0, 0.54%, 1, 0, 5, 1451.79
1775250776, 1291, 16, 394, 0, 0, 0.54%, 1, 0, 5, 1336.82
1775250781, 1291, 66, 394, 0, 0, 0.54%, 1, 0, 5, 1428.67
1775250786, 1291, 98, 394, 0, 0, 0.54%, 1, 0, 5, 1489.93
1775250791, 1291, 158, 394, 0, 0, 0.54%, 1, 0, 5, 1504.39
1775250796, 1291, 202, 394, 0, 0, 0.54%, 1, 0, 5, 1485.91
1775250801, 1291, 301, 394, 0, 0, 0.54%, 1, 0, 5, 1415.15
1775250806, 1291, 389, 394, 0, 0, 0.54%, 1, 0, 5, 1356.58
1775250816, 1292, 57, 394, 0, 0, 0.54%, 1, 0, 5, 1454.16
1775250821, 1292, 88, 394, 0, 0, 0.54%, 1, 0, 5, 1411.32
1775250826, 1292, 158, 394, 0, 0, 0.54%, 1, 0, 5, 1389.17
1775250832, 1292, 222, 394, 0, 0, 0.54%, 1, 0, 5, 1420.38
1775250837, 1292, 280, 394, 0, 0, 0.54%, 1, 0, 5, 1429.02
1775250842, 1292, 320, 394, 0, 0, 0.54%, 1, 0, 5, 1429.49
1775250847, 1293, 14, 394, 0, 0, 0.54%, 1, 0, 5, 1401.38
1775250852, 1293, 83, 394, 0, 0, 0.54%, 1, 0, 5, 1482.77
1775250857, 1293, 108, 394, 0, 0, 0.54%, 1, 0, 5, 1507.64
1775250862, 1293, 218, 394, 0, 0, 0.54%, 1, 0, 5, 1422.66
1775250867, 1293, 286, 394, 0, 0, 0.54%, 1, 0, 5, 1427.39
1775250872, 1294, 4, 394, 0, 0, 0.54%, 1, 0, 5, 1354.34
1775250877, 1294, 83, 394, 0, 0, 0.54%, 1, 0, 5, 1429.70
1775250882, 1294, 106, 394, 0, 0, 0.54%, 1, 0, 5, 1529.29
1775250888, 1294, 158, 394, 0, 0, 0.54%, 1, 0, 5, 1391.26
1775250893, 1294, 304, 394, 0, 0, 0.54%, 1, 0, 5, 1375.74
1775250898, 1295, 5, 394, 0, 0, 0.54%, 1, 0, 5, 1238.81
1775250903, 1295, 67, 394, 0, 0, 0.54%, 1, 0, 5, 1541.21
1775250908, 1295, 105, 394, 0, 0, 0.54%, 1, 0, 5, 1575.02
1775250913, 1295, 194, 394, 0, 0, 0.54%, 1, 0, 5, 1355.66
1775250918, 1295, 221, 394, 0, 0, 0.54%, 1, 0, 5, 1315.29
1775250924, 1295, 311, 394, 0, 0, 0.54%, 1, 0, 5, 1309.57
1775250929, 1295, 389, 394, 0, 0, 0.54%, 1, 0, 5, 1369.86
1775250939, 1296, 57, 394, 0, 0, 0.54%, 1, 0, 5, 1301.91
1775250944, 1296, 88, 394, 0, 0, 0.54%, 1, 0, 5, 1347.81
1775250949, 1296, 158, 394, 0, 0, 0.54%, 1, 0, 5, 1460.68
1775250954, 1296, 260, 394, 0, 0, 0.54%, 1, 0, 5, 1477.31
1775250959, 1296, 335, 394, 0, 0, 0.54%, 1, 0, 5, 1396.73
1775250964, 1297, 14, 394, 0, 0, 0.54%, 1, 0, 5, 1266.86
1775250969, 1297, 83, 394, 0, 0, 0.54%, 1, 0, 5, 1472.48
1775250974, 1297, 130, 394, 0, 0, 0.54%, 1, 0, 5, 1515.86
1775250979, 1297, 220, 394, 0, 0, 0.54%, 1, 0, 5, 1448.57
1775250984, 1297, 287, 394, 0, 0, 0.54%, 1, 0, 5, 1457.98
1775250989, 1298, 24, 394, 0, 0, 0.54%, 1, 0, 5, 1326.74
1775250995, 1298, 85, 394, 0, 0, 0.54%, 1, 0, 5, 1433.40
1775251000, 1298, 120, 394, 0, 0, 0.54%, 1, 0, 5, 1413.39
1775251005, 1298, 167, 394, 0, 0, 0.54%, 1, 0, 5, 1416.53
1775251010, 1298, 289, 394, 0, 0, 0.54%, 1, 0, 5, 1459.11
1775251015, 1298, 387, 394, 0, 0, 0.54%, 1, 0, 5, 1380.83
1775251020, 1299, 57, 394, 0, 0, 0.54%, 1, 0, 5, 1348.45
1775251025, 1299, 101, 394, 0, 0, 0.54%, 1, 0, 5, 1552.96
1775251030, 1299, 182, 394, 0, 0, 0.54%, 1, 0, 5, 1454.90
1775251035, 1299, 290, 394, 0, 0, 0.54%, 1, 0, 5, 1498.49
1775251040, 1299, 381, 394, 0, 0, 0.54%, 1, 0, 5, 1407.91
1775251045, 1300, 57, 394, 0, 0, 0.54%, 1, 0, 5, 1546.81
1775251051, 1300, 106, 394, 0, 0, 0.54%, 1, 0, 5, 1561.24
1775251056, 1300, 247, 394, 0, 0, 0.54%, 1, 0, 5, 1443.25
1775251061, 1300, 310, 394, 0, 0, 0.54%, 1, 0, 5, 1375.89
1775251066, 1301, 6, 394, 0, 0, 0.54%, 1, 0, 5, 1249.31
1775251071, 1301, 73, 394, 0, 0, 0.54%, 1, 0, 5, 1445.12
1775251076, 1301, 93, 394, 0, 0, 0.54%, 1, 0, 5, 1473.31
1775251081, 1301, 151, 394, 0, 0, 0.54%, 1, 0, 5, 1287.38
1775251086, 1301, 238, 394, 0, 0, 0.54%, 1, 0, 5, 1515.89
1775251092, 1301, 327, 394, 0, 0, 0.54%, 1, 0, 5, 1437.58
1775251097, 1302, 73, 394, 0, 0, 0.54%, 1, 0, 5, 1423.43
1775251102, 1302, 100, 394, 0, 0, 0.54%, 1, 0, 5, 1455.60
1775251107, 1302, 145, 394, 0, 0, 0.54%, 1, 0, 5, 1469.85
1775251112, 1302, 293, 394, 0, 0, 0.54%, 1, 0, 5, 1415.66
1775251117, 1303, 12, 394, 0, 0, 0.54%, 1, 0, 5, 1274.77
1775251122, 1303, 83, 394, 0, 0, 0.54%, 1, 0, 5, 1446.47
1775251127, 1303, 120, 394, 0, 0, 0.54%, 1, 0, 5, 1395.16
1775251132, 1303, 197, 394, 0, 0, 0.54%, 1, 0, 5, 1413.80
1775251137, 1303, 287, 394, 0, 0, 0.54%, 1, 0, 5, 1352.11
1775251143, 1303, 373, 394, 0, 0, 0.54%, 1, 0, 5, 1296.55
1775251148, 1304, 80, 394, 0, 0, 0.54%, 1, 0, 5, 1436.95
1775251153, 1304, 102, 394, 0, 0, 0.54%, 1, 0, 5, 1360.15
1775251158, 1304, 170, 394, 0, 0, 0.54%, 1, 0, 5, 1366.08
1775251163, 1304, 337, 394, 0, 0, 0.54%, 1, 0, 5, 1416.90
1775251168, 1304, 389, 394, 0, 0, 0.54%, 1, 0, 5, 224.42
1775251173, 1305, 57, 394, 0, 0, 0.54%, 1, 0, 5, 1597.26
1775251178, 1305, 86, 394, 0, 0, 0.54%, 1, 0, 5, 1393.77
1775251183, 1305, 130, 394, 0, 0, 0.54%, 1, 0, 5, 1459.65
1775251188, 1305, 304, 394, 0, 0, 0.54%, 1, 0, 5, 1422.71
1775251193, 1305, 389, 394, 0, 0, 0.54%, 1, 0, 5, 1324.07
1775251204, 1306, 57, 394, 0, 0, 0.54%, 1, 0, 5, 1430.50
1775251209, 1306, 93, 394, 0, 0, 0.54%, 1, 0, 5, 1494.29
1775251214, 1306, 177, 394, 0, 0, 0.54%, 1, 0, 5, 1492.73
1775251219, 1306, 311, 394, 0, 0, 0.54%, 1, 0, 5, 1377.91
1775251224, 1307, 31, 394, 0, 0, 0.54%, 1, 0, 5, 1622.28
1775251230, 1307, 83, 394, 0, 0, 0.54%, 1, 0, 5, 1534.91
1775251235, 1307, 118, 394, 0, 0, 0.54%, 1, 0, 5, 1446.54
1775251240, 1307, 224, 394, 0, 0, 0.54%, 1, 0, 5, 1386.18
1775251245, 1307, 316, 394, 0, 0, 0.54%, 1, 0, 5, 1381.19
1775251250, 1307, 389, 394, 0, 0, 0.54%, 1, 0, 5, 1406.11
1775251260, 1308, 74, 394, 0, 0, 0.54%, 1, 0, 5, 1513.06
1775251265, 1308, 88, 394, 0, 0, 0.54%, 1, 0, 5, 1517.37
1775251270, 1308, 158, 394, 0, 0, 0.54%, 1, 0, 5, 975.00
1775251275, 1308, 262, 394, 0, 0, 0.54%, 1, 0, 5, 1471.43
1775251281, 1308, 317, 394, 0, 0, 0.54%, 1, 0, 5, 1379.47
1775251286, 1309, 54, 394, 0, 0, 0.54%, 1, 0, 5, 1404.63
1775251291, 1309, 88, 394, 0, 0, 0.54%, 1, 0, 5, 1417.29
1775251296, 1309, 187, 394, 0, 0, 0.54%, 1, 0, 5, 1445.08
1775251301, 1309, 286, 394, 0, 0, 0.54%, 1, 0, 5, 1435.05
1775251306, 1309, 337, 394, 0, 0, 0.54%, 1, 0, 5, 1379.02
1775251311, 1310, 49, 394, 0, 0, 0.54%, 1, 0, 5, 1470.16
1775251316, 1310, 93, 394, 0, 0, 0.54%, 1, 0, 5, 1546.67
1775251321, 1310, 161, 394, 0, 0, 0.54%, 1, 0, 5, 1450.01
1775251326, 1310, 284, 394, 0, 0, 0.54%, 1, 0, 5, 1511.90
1775251331, 1311, 5, 394, 0, 0, 0.54%, 1, 0, 5, 1283.17
1775251336, 1311, 73, 394, 0, 0, 0.54%, 1, 0, 5, 1525.36
1775251341, 1311, 106, 394, 0, 0, 0.54%, 1, 0, 5, 1511.37
1775251347, 1311, 260, 394, 0, 0, 0.54%, 1, 0, 5, 1292.15
1775251352, 1311, 338, 394, 0, 0, 0.54%, 1, 0, 5, 1277.78
1775251357, 1312, 73, 394, 0, 0, 0.54%, 1, 0, 5, 1585.15
1775251362, 1312, 93, 394, 0, 0, 0.54%, 1, 0, 5, 1570.01
1775251367, 1312, 218, 394, 0, 0, 0.54%, 1, 0, 5, 1524.52
1775251372, 1313, 4, 394, 0, 0, 0.54%, 1, 0, 5, 1390.96
1775251377, 1313, 83, 394, 0, 0, 0.54%, 1, 0, 5, 1648.32
1775251382, 1313, 101, 394, 0, 0, 0.54%, 1, 0, 5, 1614.64
1775251388, 1313, 240, 394, 0, 0, 0.54%, 1, 0, 5, 1509.52
1775251393, 1313, 336, 394, 0, 0, 0.54%, 1, 0, 5, 1434.27
1775251398, 1314, 52, 394, 0, 0, 0.54%, 1, 0, 5, 1386.29
1775251403, 1314, 83, 394, 0, 0, 0.54%, 1, 0, 5, 339.57
1775251408, 1314, 106, 394, 0, 0, 0.54%, 1, 0, 5, 1129.02
1775251413, 1314, 158, 394, 0, 0, 0.54%, 1, 0, 5, 1314.80
1775251418, 1314, 278, 394, 0, 0, 0.54%, 1, 0, 5, 1394.85
1775251423, 1314, 322, 394, 0, 0, 0.54%, 1, 0, 5, 1388.88
1775251429, 1315, 57, 394, 0, 0, 0.54%, 1, 0, 5, 1418.04
1775251434, 1315, 87, 394, 0, 0, 0.54%, 1, 0, 5, 1512.52
1775251439, 1315, 125, 394, 0, 0, 0.54%, 1, 0, 5, 1441.57
1775251444, 1315, 259, 394, 0, 0, 0.54%, 1, 0, 5, 1496.40
1775251449, 1315, 312, 394, 0, 0, 0.54%, 1, 0, 5, 1363.31
1775251454, 1315, 389, 394, 0, 0, 0.54%, 1, 0, 5, 1540.61
1775251464, 1316, 83, 394, 0, 0, 0.54%, 1, 0, 5, 1457.55
1775251469, 1316, 106, 394, 0, 0, 0.54%, 1, 0, 5, 1405.42
1775251475, 1316, 279, 394, 0, 0, 0.54%, 1, 0, 5, 1405.41
1775251480, 1316, 372, 394, 0, 0, 0.54%, 1, 0, 5, 1229.08
1775251485, 1317, 73, 394, 0, 0, 0.54%, 1, 0, 5, 1366.76
1775251490, 1317, 101, 394, 0, 0, 0.54%, 1, 0, 5, 1476.21
1775251495, 1317, 201, 394, 0, 0, 0.54%, 1, 0, 5, 1547.39
1775251500, 1317, 268, 394, 0, 0, 0.54%, 1, 0, 5, 1572.97
1775251505, 1317, 311, 394, 0, 0, 0.54%, 1, 0, 5, 1323.36
1775251510, 1318, 57, 394, 0, 0, 0.54%, 1, 0, 5, 1514.73
1775251515, 1318, 88, 394, 0, 0, 0.54%, 1, 0, 5, 1513.73
1775251520, 1318, 176, 394, 0, 0, 0.54%, 1, 0, 5, 1418.92
1775251525, 1318, 303, 394, 0, 0, 0.54%, 1, 0, 5, 1423.39
1775251530, 1318, 393, 394, 0, 0, 0.54%, 1, 0, 5, 1320.17
1775251535, 1319, 69, 394, 0, 0, 0.54%, 1, 0, 5, 1460.66
1775251540, 1319, 106, 394, 0, 0, 0.54%, 1, 0, 5, 1556.00
1775251546, 1319, 242, 394, 0, 0, 0.54%, 1, 0, 5, 1583.48
1775251551, 1319, 289, 394, 0, 0, 0.54%, 1, 0, 5, 1528.25
1775251556, 1319, 350, 394, 0, 0, 0.54%, 1, 0, 5, 1447.21
1775251561, 1320, 73, 394, 0, 0, 0.54%, 1, 0, 5, 1504.06
1775251566, 1320, 106, 394, 0, 0, 0.54%, 1, 0, 5, 1587.70
1775251571, 1320, 157, 394, 0, 0, 0.54%, 1, 0, 5, 969.15
1775251576, 1320, 295, 394, 0, 0, 0.54%, 1, 0, 5, 1449.71
1775251581, 1320, 363, 394, 0, 0, 0.54%, 1, 0, 5, 1284.40
1775251586, 1321, 57, 394, 0, 0, 0.54%, 1, 0, 5, 1402.69
1775251592, 1321, 86, 394, 0, 0, 0.54%, 1, 0, 5, 1540.49
1775251597, 1321, 149, 394, 0, 0, 0.54%, 1, 0, 5, 1510.61
1775251602, 1321, 282, 394, 0, 0, 0.54%, 1, 0, 5, 1466.34
1775251607, 1322, 6, 394, 0, 0, 0.54%, 1, 0, 5, 1375.73
1775251612, 1322, 75, 394, 0, 0, 0.54%, 1, 0, 5, 1544.35
1775251617, 1322, 123, 394, 0, 0, 0.54%, 1, 0, 5, 1405.32
1775251623, 1322, 181, 394, 0, 0, 0.54%, 1, 0, 5, 1489.00
1775251628, 1322, 288, 394, 0, 0, 0.54%, 1, 0, 5, 1428.26
1775251633, 1322, 363, 394, 0, 0, 0.54%, 1, 0, 5, 1332.59
1775251638, 1323, 32, 394, 0, 0, 0.54%, 1, 0, 5, 1434.80
1775251643, 1323, 88, 394, 0, 0, 0.54%, 1, 0, 5, 1533.69
1775251648, 1323, 116, 394, 0, 0, 0.54%, 1, 0, 5, 1498.40
1775251653, 1323, 204, 394, 0, 0, 0.54%, 1, 0, 5, 1495.27
1775251659, 1323, 312, 394, 0, 0, 0.54%, 1, 0, 5, 1412.65
1775251664, 1324, 17, 394, 0, 0, 0.54%, 1, 0, 5, 1405.09
1775251669, 1324, 67, 394, 0, 0, 0.54%, 1, 0, 5, 1444.04
1775251674, 1324, 93, 394, 0, 0, 0.54%, 1, 0, 5, 1507.42
1775251679, 1324, 221, 394, 0, 0, 0.54%, 1, 0, 5, 1500.92
1775251684, 1324, 337, 394, 0, 0, 0.54%, 1, 0, 5, 1504.79
1775251689, 1325, 79, 394, 0, 0, 0.54%, 1, 0, 5, 1487.03
1775251694, 1325, 106, 394, 0, 0, 0.54%, 1, 0, 5, 1365.84
1775251699, 1325, 203, 394, 0, 0, 0.54%, 1, 0, 5, 1483.77
1775251704, 1325, 276, 394, 0, 0, 0.54%, 1, 0, 5, 1533.51
1775251710, 1325, 313, 394, 0, 0, 0.54%, 1, 0, 5, 1402.78
1775251715, 1326, 51, 394, 0, 0, 0.54%, 1, 0, 5, 1368.62
1775251720, 1326, 83, 394, 0, 0, 0.54%, 1, 0, 5, 1627.84
1775251725, 1326, 153, 394, 0, 0, 0.54%, 1, 0, 5, 1441.61
1775251730, 1326, 263, 394, 0, 0, 0.54%, 1, 0, 5, 1474.40
1775251735, 1326, 337, 394, 0, 0, 0.54%, 1, 0, 5, 1451.57
1775251740, 1327, 57, 394, 0, 0, 0.54%, 1, 0, 5, 1453.36
1775251745, 1327, 93, 394, 0, 0, 0.54%, 1, 0, 5, 1469.60
1775251750, 1327, 138, 394, 0, 0, 0.54%, 1, 0, 5, 1519.05
1775251756, 1327, 195, 394, 0, 0, 0.54%, 1, 0, 5, 1493.95
1775251761, 1327, 265, 394, 0, 0, 0.54%, 1, 0, 5, 1426.52
1775251766, 1327, 337, 394, 0, 0, 0.54%, 1, 0, 5, 1369.85
1775251771, 1328, 57, 394, 0, 0, 0.54%, 1, 0, 5, 1471.80
1775251776, 1328, 83, 394, 0, 0, 0.54%, 1, 0, 5, 1494.73
1775251781, 1328, 106, 394, 0, 0, 0.54%, 1, 0, 5, 1380.99
1775251786, 1328, 242, 394, 0, 0, 0.54%, 1, 0, 5, 1425.30
1775251791, 1328, 333, 394, 0, 0, 0.54%, 1, 0, 5, 1407.17
1775251796, 1329, 66, 394, 0, 0, 0.54%, 1, 0, 5, 1495.05
1775251801, 1329, 92, 394, 0, 0, 0.54%, 1, 0, 5, 1570.75
1775251806, 1329, 171, 394, 0, 0, 0.54%, 1, 0, 5, 1445.21
1775251812, 1329, 312, 394, 0, 0, 0.54%, 1, 0, 5, 1487.47
1775251817, 1330, 51, 394, 0, 0, 0.54%, 1, 0, 5, 1042.47
1775251822, 1330, 86, 394, 0, 0, 0.54%, 1, 0, 5, 1436.55
1775251827, 1330, 106, 394, 0, 0, 0.54%, 1, 0, 5, 1500.69
1775251832, 1330, 165, 394, 0, 0, 0.54%, 1, 0, 5, 1516.88
1775251837, 1330, 361, 394, 0, 0, 0.54%, 1, 0, 5, 1378.87
1775251842, 1331, 57, 394, 0, 0, 0.54%, 1, 0, 5, 1524.72
1775251847, 1331, 93, 394, 0, 0, 0.54%, 1, 0, 5, 1463.24
1775251852, 1331, 196, 394, 0, 0, 0.54%, 1, 0, 5, 1532.71
1775251857, 1331, 311, 394, 0, 0, 0.54%, 1, 0, 5, 1386.11
1775251862, 1332, 16, 394, 0, 0, 0.54%, 1, 0, 5, 1334.95
1775251868, 1332, 75, 394, 0, 0, 0.54%, 1, 0, 5, 1510.29
1775251873, 1332, 103, 394, 0, 0, 0.54%, 1, 0, 5, 1514.49
1775251878, 1332, 128, 394, 0, 0, 0.54%, 1, 0, 5, 1453.21
1775251883, 1332, 259, 394, 0, 0, 0.54%, 1, 0, 5, 1405.53
1775251888, 1332, 344, 394, 0, 0, 0.54%, 1, 0, 5, 1361.31
1775251893, 1333, 31, 394, 0, 0, 0.54%, 1, 0, 5, 1512.19
1775251898, 1333, 73, 394, 0, 0, 0.54%, 1, 0, 5, 1461.80
1775251903, 1333, 93, 394, 0, 0, 0.54%, 1, 0, 5, 1415.41
1775251908, 1333, 287, 394, 0, 0, 0.54%, 1, 0, 5, 1439.31
1775251913, 1333, 351, 394, 0, 0, 0.54%, 1, 0, 5, 1405.30
1775251918, 1334, 86, 394, 0, 0, 0.54%, 1, 0, 5, 1422.28
1775251924, 1334, 122, 394, 0, 0, 0.54%, 1, 0, 5, 1440.33
1775251929, 1334, 202, 394, 0, 0, 0.54%, 1, 0, 5, 1520.81
1775251934, 1334, 268, 394, 0, 0, 0.54%, 1, 0, 5, 1334.17
1775251939, 1334, 322, 394, 0, 0, 0.54%, 1, 0, 5, 1506.04
1775251944, 1335, 51, 394, 0, 0, 0.54%, 1, 0, 5, 1694.20
1775251949, 1335, 83, 394, 0, 0, 0.54%, 1, 0, 5, 1599.75
1775251954, 1335, 106, 394, 0, 0, 0.54%, 1, 0, 5, 1510.31
1775251959, 1335, 167, 394, 0, 0, 0.54%, 1, 0, 5, 1546.78
1775251964, 1335, 222, 394, 0, 0, 0.54%, 1, 0, 5, 1446.61
1775251969, 1335, 302, 394, 0, 0, 0.54%, 1, 0, 5, 1414.45
1775251974, 1335, 382, 394, 0, 0, 0.54%, 1, 0, 5, 1286.44
1775251979, 1336, 86, 394, 0, 0, 0.54%, 1, 0, 5, 1584.23
1775251985, 1336, 130, 394, 0, 0, 0.54%, 1, 0, 5, 1401.87
1775251990, 1336, 218, 394, 0, 0, 0.54%, 1, 0, 5, 1408.29
1775251995, 1336, 333, 394, 0, 0, 0.54%, 1, 0, 5, 1313.62
1775252000, 1337, 73, 394, 0, 0, 0.54%, 1, 0, 5, 1447.37
1775252005, 1337, 101, 394, 0, 0, 0.54%, 1, 0, 5, 1516.99
1775252010, 1337, 143, 394, 0, 0, 0.54%, 1, 0, 5, 1426.85
1775252015, 1337, 258, 394, 0, 0, 0.54%, 1, 0, 5, 1534.95
1775252020, 1337, 342, 394, 0, 0, 0.54%, 1, 0, 5, 1333.23
1775252025, 1338, 57, 394, 0, 0, 0.54%, 1, 0, 5, 1374.47
1775252030, 1338, 93, 394, 0, 0, 0.54%, 1, 0, 5, 1505.42
1775252035, 1338, 190, 394, 0, 0, 0.54%, 1, 0, 5, 1525.25
1775252040, 1338, 302, 394, 0, 0, 0.54%, 1, 0, 5, 1467.79
1775252045, 1338, 361, 394, 0, 0, 0.54%, 1, 0, 5, 1212.18
1775252051, 1339, 73, 394, 0, 0, 0.54%, 1, 0, 5, 1418.03
1775252056, 1339, 93, 394, 0, 0, 0.54%, 1, 0, 5, 1433.07
1775252061, 1339, 158, 394, 0, 0, 0.54%, 1, 0, 5, 1492.57
1775252066, 1339, 225, 394, 0, 0, 0.54%, 1, 0, 5, 1496.68
1775252071, 1339, 321, 394, 0, 0, 0.54%, 1, 0, 5, 1413.84
1775252076, 1340, 59, 394, 0, 0, 0.54%, 1, 0, 5, 1352.49
1775252081, 1340, 88, 394, 0, 0, 0.54%, 1, 0, 5, 1528.60
1775252086, 1340, 171, 394, 0, 0, 0.54%, 1, 0, 5, 1474.29
1775252091, 1340, 276, 394, 0, 0, 0.54%, 1, 0, 5, 1498.07
1775252096, 1340, 337, 394, 0, 0, 0.54%, 1, 0, 5, 1434.39
1775252101, 1340, 388, 394, 0, 0, 0.54%, 1, 0, 5, 1513.87
1775252107, 1341, 83, 394, 0, 0, 0.54%, 1, 0, 5, 1123.80
1775252112, 1341, 97, 394, 0, 0, 0.54%, 1, 0, 5, 1432.54
1775252117, 1341, 189, 394, 0, 0, 0.54%, 1, 0, 5, 1392.34
1775252122, 1341, 304, 394, 0, 0, 0.54%, 1, 0, 5, 1433.54
1775252127, 1342, 34, 394, 0, 0, 0.54%, 1, 0, 5, 1423.94
1775252132, 1342, 83, 394, 0, 0, 0.54%, 1, 0, 5, 1424.16
1775252137, 1342, 106, 394, 0, 0, 0.54%, 1, 0, 5, 1414.30
1775252142, 1342, 237, 394, 0, 0, 0.54%, 1, 0, 5, 1415.67
1775252147, 1342, 305, 394, 0, 0, 0.54%, 1, 0, 5, 1374.35
1775252153, 1342, 357, 394, 0, 0, 0.54%, 1, 0, 5, 1304.72
1775252158, 1343, 73, 394, 0, 0, 0.54%, 1, 0, 5, 1451.35
1775252163, 1343, 103, 394, 0, 0, 0.54%, 1, 0, 5, 1074.21
1775252168, 1343, 173, 394, 0, 0, 0.54%, 1, 0, 5, 1256.12
1775252173, 1343, 304, 394, 0, 0, 0.54%, 1, 0, 5, 1355.37
1775252178, 1344, 43, 394, 0, 0, 0.54%, 1, 0, 5, 1460.58
1775252183, 1344, 88, 394, 0, 0, 0.54%, 1, 0, 5, 1477.72
1775252188, 1344, 185, 394, 0, 0, 0.54%, 1, 0, 5, 1537.65
1775252193, 1344, 312, 394, 0, 0, 0.54%, 1, 0, 5, 1433.62
1775252198, 1345, 51, 394, 0, 0, 0.54%, 1, 0, 5, 952.61
1775252203, 1345, 83, 394, 0, 0, 0.54%, 1, 0, 5, 1258.82
1775252208, 1345, 158, 394, 0, 0, 0.54%, 1, 0, 5, 1442.83
1775252213, 1345, 266, 394, 0, 0, 0.54%, 1, 0, 5, 1397.12
1775252219, 1345, 324, 394, 0, 0, 0.54%, 1, 0, 5, 1301.16
1775252224, 1346, 31, 394, 0, 0, 0.54%, 1, 0, 5, 1244.97
1775252229, 1346, 86, 394, 0, 0, 0.54%, 1, 0, 5, 1412.49
1775252234, 1346, 151, 394, 0, 0, 0.54%, 1, 0, 5, 1467.41
1775252239, 1346, 287, 394, 0, 0, 0.54%, 1, 0, 5, 1475.53
1775252244, 1346, 352, 394, 0, 0, 0.54%, 1, 0, 5, 1477.74
1775252249, 1347, 73, 394, 0, 0, 0.54%, 1, 0, 5, 1513.31
1775252254, 1347, 106, 394, 0, 0, 0.54%, 1, 0, 5, 1432.04
1775252259, 1347, 175, 394, 0, 0, 0.54%, 1, 0, 5, 1456.56
1775252264, 1347, 272, 394, 0, 0, 0.54%, 1, 0, 5, 1350.33
1775252269, 1347, 352, 394, 0, 0, 0.54%, 1, 0, 5, 1402.06
1775252274, 1348, 52, 394, 0, 0, 0.54%, 1, 0, 5, 1406.79
1775252280, 1348, 86, 394, 0, 0, 0.54%, 1, 0, 5, 1318.33
1775252285, 1348, 127, 394, 0, 0, 0.54%, 1, 0, 5, 1495.21
1775252290, 1348, 187, 394, 0, 0, 0.54%, 1, 0, 5, 1353.77
1775252295, 1348, 249, 394, 0, 0, 0.54%, 1, 0, 5, 1447.68
1775252300, 1348, 311, 394, 0, 0, 0.54%, 1, 0, 5, 1421.34
1775252305, 1349, 20, 394, 0, 0, 0.54%, 1, 0, 5, 1379.72
1775252310, 1349, 86, 394, 0, 0, 0.54%, 1, 0, 5, 1509.26
1775252315, 1349, 110, 394, 0, 0, 0.54%, 1, 0, 5, 1425.38
1775252320, 1349, 203, 394, 0, 0, 0.54%, 1, 0, 5, 1450.54
1775252325, 1349, 311, 394, 0, 0, 0.54%, 1, 0, 5, 1342.94
1775252330, 1350, 13, 394, 0, 0, 0.54%, 1, 0, 5, 1334.24
1775252336, 1350, 83, 394, 0, 0, 0.54%, 1, 0, 5, 1547.17
1775252341, 1350, 130, 394, 0, 0, 0.54%, 1, 0, 5, 1554.52
1775252346, 1350, 211, 394, 0, 0, 0.54%, 1, 0, 5, 1516.47
1775252351, 1350, 356, 394, 0, 0, 0.54%, 1, 0, 5, 1487.98
1775252356, 1351, 83, 394, 0, 0, 0.54%, 1, 0, 5, 1402.68
1775252361, 1351, 124, 394, 0, 0, 0.54%, 1, 0, 5, 1481.13
1775252366, 1351, 232, 394, 0, 0, 0.54%, 1, 0, 5, 1553.12
1775252371, 1351, 306, 394, 0, 0, 0.54%, 1, 0, 5, 1382.44
1775252376, 1352, 2, 394, 0, 0, 0.54%, 1, 0, 5, 1326.54
1775252382, 1352, 73, 394, 0, 0, 0.54%, 1, 0, 5, 1457.58
1775252387, 1352, 101, 394, 0, 0, 0.54%, 1, 0, 5, 1574.12
1775252392, 1352, 182, 394, 0, 0, 0.54%, 1, 0, 5, 1522.19
1775252397, 1352, 304, 394, 0, 0, 0.54%, 1, 0, 5, 1489.26
1775252402, 1352, 348, 394, 0, 0, 0.54%, 1, 0, 5, 1381.39
1775252407, 1353, 57, 394, 0, 0, 0.54%, 1, 0, 5, 1433.45
1775252412, 1353, 93, 394, 0, 0, 0.54%, 1, 0, 5, 1480.41
1775252417, 1353, 156, 394, 0, 0, 0.54%, 1, 0, 5, 1529.45
1775252423, 1353, 202, 394, 0, 0, 0.54%, 1, 0, 5, 1368.91
1775252428, 1353, 311, 394, 0, 0, 0.54%, 1, 0, 5, 1462.00
1775252433, 1354, 34, 394, 0, 0, 0.54%, 1, 0, 5, 1355.19
1775252438, 1354, 83, 394, 0, 0, 0.54%, 1, 0, 5, 1450.34
1775252443, 1354, 114, 394, 0, 0, 0.54%, 1, 0, 5, 1566.97
1775252448, 1354, 208, 394, 0, 0, 0.54%, 1, 0, 5, 229.39
1775252453, 1354, 312, 394, 0, 0, 0.54%, 1, 0, 5, 1383.85
1775252458, 1355, 57, 394, 0, 0, 0.54%, 1, 0, 5, 1504.30
1775252464, 1355, 93, 394, 0, 0, 0.54%, 1, 0, 5, 1576.43
1775252469, 1355, 168, 394, 0, 0, 0.54%, 1, 0, 5, 1534.64
1775252474, 1355, 221, 394, 0, 0, 0.54%, 1, 0, 5, 1413.81
1775252479, 1355, 304, 394, 0, 0, 0.54%, 1, 0, 5, 1437.39
1775252484, 1356, 32, 394, 0, 0, 0.54%, 1, 0, 5, 1458.21
1775252489, 1356, 83, 394, 0, 0, 0.54%, 1, 0, 5, 1420.40
1775252494, 1356, 107, 394, 0, 0, 0.54%, 1, 0, 5, 1506.15
1775252499, 1356, 182, 394, 0, 0, 0.54%, 1, 0, 5, 1426.14
1775252504, 1356, 257, 394, 0, 0, 0.54%, 1, 0, 5, 1406.65
1775252509, 1356, 333, 394, 0, 0, 0.54%, 1, 0, 5, 1396.84
1775252514, 1357, 57, 394, 0, 0, 0.54%, 1, 0, 5, 1381.85
1775252520, 1357, 88, 394, 0, 0, 0.54%, 1, 0, 5, 1437.70
1775252525, 1357, 156, 394, 0, 0, 0.54%, 1, 0, 5, 1474.06
1775252530, 1357, 249, 394, 0, 0, 0.54%, 1, 0, 5, 1382.06
1775252535, 1357, 307, 394, 0, 0, 0.54%, 1, 0, 5, 1341.74
1775252540, 1358, 10, 394, 0, 0, 0.54%, 1, 0, 5, 1281.20
1775252545, 1358, 73, 394, 0, 0, 0.54%, 1, 0, 5, 1475.98
1775252550, 1358, 106, 394, 0, 0, 0.54%, 1, 0, 5, 1523.94
1775252555, 1358, 250, 394, 0, 0, 0.54%, 1, 0, 5, 731.51
1775252561, 1358, 341, 394, 0, 0, 0.54%, 1, 0, 5, 1254.16
1775252566, 1359, 57, 394, 0, 0, 0.54%, 1, 0, 5, 1241.99
1775252571, 1359, 86, 394, 0, 0, 0.54%, 1, 0, 5, 1351.43
1775252576, 1359, 155, 394, 0, 0, 0.54%, 1, 0, 5, 1368.37
1775252581, 1359, 248, 394, 0, 0, 0.54%, 1, 0, 5, 1602.83
1775252586, 1359, 312, 394, 0, 0, 0.54%, 1, 0, 5, 1446.11
1775252591, 1360, 35, 394, 0, 0, 0.54%, 1, 0, 5, 1473.37
1775252596, 1360, 73, 394, 0, 0, 0.54%, 1, 0, 5, 1451.27
1775252601, 1360, 100, 394, 0, 0, 0.54%, 1, 0, 5, 1429.08
1775252606, 1360, 197, 394, 0, 0, 0.54%, 1, 0, 5, 1343.64
1775252611, 1360, 312, 394, 0, 0, 0.54%, 1, 0, 5, 1286.68
1775252617, 1361, 54, 394, 0, 0, 0.54%, 1, 0, 5, 1436.99
1775252622, 1361, 78, 394, 0, 0, 0.54%, 1, 0, 5, 1493.90
1775252627, 1361, 106, 394, 0, 0, 0.54%, 1, 0, 5, 1540.84
1775252632, 1361, 242, 394, 0, 0, 0.54%, 1, 0, 5, 1386.01
1775252637, 1361, 351, 394, 0, 0, 0.54%, 1, 0, 5, 1406.82
1775252642, 1362, 73, 394, 0, 0, 0.54%, 1, 0, 5, 1314.47
1775252647, 1362, 93, 394, 0, 0, 0.54%, 1, 0, 5, 1340.25
1775252652, 1362, 198, 394, 0, 0, 0.54%, 1, 0, 5, 1497.80
1775252657, 1362, 278, 394, 0, 0, 0.54%, 1, 0, 5, 1465.38
1775252662, 1362, 333, 394, 0, 0, 0.54%, 1, 0, 5, 1405.40
1775252667, 1362, 388, 394, 0, 0, 0.54%, 1, 0, 5, 1427.30
1775252673, 1362, 389, 394, 0, 0, 0.54%, 1, 0, 5, 1022.39
1775252678, 1363, 22, 394, 0, 0, 0.54%, 1, 0, 5, 1360.37
1775252683, 1363, 83, 394, 0, 0, 0.54%, 1, 0, 5, 1373.67
1775252688, 1363, 106, 394, 0, 0, 0.54%, 1, 0, 5, 1428.44
1775252693, 1363, 271, 394, 0, 0, 0.54%, 1, 0, 5, 1320.84
1775252698, 1363, 333, 394, 0, 0, 0.54%, 1, 0, 5, 1401.42
1775252703, 1364, 51, 394, 0, 0, 0.54%, 1, 0, 5, 1327.32
1775252708, 1364, 86, 394, 0, 0, 0.54%, 1, 0, 5, 1376.09
1775252714, 1364, 140, 394, 0, 0, 0.54%, 1, 0, 5, 1494.90
1775252719, 1364, 312, 394, 0, 0, 0.54%, 1, 0, 5, 1499.30
1775252724, 1364, 351, 394, 0, 0, 0.54%, 1, 0, 5, 1303.38
1775252729, 1365, 73, 394, 0, 0, 0.54%, 1, 0, 5, 1454.18
1775252734, 1365, 95, 394, 0, 0, 0.54%, 1, 0, 5, 1485.00
1775252739, 1365, 297, 394, 0, 0, 0.54%, 1, 0, 5, 1525.55
1775252744, 1365, 366, 394, 0, 0, 0.54%, 1, 0, 5, 1385.74
1775252749, 1366, 86, 394, 0, 0, 0.54%, 1, 0, 5, 1390.00
1775252754, 1366, 158, 394, 0, 0, 0.54%, 1, 0, 5, 1484.38
1775252759, 1366, 268, 394, 0, 0, 0.54%, 1, 0, 5, 1428.50
1775252764, 1366, 351, 394, 0, 0, 0.54%, 1, 0, 5, 1303.92
1775252769, 1367, 57, 394, 0, 0, 0.54%, 1, 0, 5, 1487.37
1775252774, 1367, 93, 394, 0, 0, 0.54%, 1, 0, 5, 1498.15
1775252780, 1367, 156, 394, 0, 0, 0.54%, 1, 0, 5, 1489.28
1775252785, 1367, 310, 394, 0, 0, 0.54%, 1, 0, 5, 1457.39
1775252790, 1368, 5, 394, 0, 0, 0.54%, 1, 0, 5, 1430.82
1775252795, 1368, 88, 394, 0, 0, 0.54%, 1, 0, 5, 1442.92
1775252800, 1368, 158, 394, 0, 0, 0.54%, 1, 0, 5, 1560.75
1775252805, 1368, 211, 394, 0, 0, 0.54%, 1, 0, 5, 1582.14
1775252810, 1368, 333, 394, 0, 0, 0.54%, 1, 0, 5, 1462.58
1775252815, 1369, 41, 394, 0, 0, 0.54%, 1, 0, 5, 1371.87
1775252820, 1369, 83, 394, 0, 0, 0.54%, 1, 0, 5, 1387.60
1775252825, 1369, 106, 394, 0, 0, 0.54%, 1, 0, 5, 1387.96
1775252831, 1369, 212, 394, 0, 0, 0.54%, 1, 0, 5, 1441.94
1775252836, 1369, 311, 394, 0, 0, 0.54%, 1, 0, 5, 1485.38
1775252841, 1369, 388, 394, 0, 0, 0.54%, 1, 0, 5, 1337.96
1775252846, 1370, 57, 394, 0, 0, 0.54%, 1, 0, 5, 1428.42
1775252851, 1370, 93, 394, 0, 0, 0.54%, 1, 0, 5, 1532.86
1775252856, 1370, 158, 394, 0, 0, 0.54%, 1, 0, 5, 1538.05
1775252861, 1370, 272, 394, 0, 0, 0.54%, 1, 0, 5, 1681.21
1775252866, 1370, 337, 394, 0, 0, 0.54%, 1, 0, 5, 1366.72
1775252871, 1371, 58, 394, 0, 0, 0.54%, 1, 0, 5, 1389.72
1775252876, 1371, 93, 394, 0, 0, 0.54%, 1, 0, 5, 1510.57
1775252881, 1371, 200, 394, 0, 0, 0.54%, 1, 0, 5, 1559.81
1775252887, 1371, 304, 394, 0, 0, 0.54%, 1, 0, 5, 1485.95
1775252892, 1372, 5, 394, 0, 0, 0.54%, 1, 0, 5, 1255.82
1775252897, 1372, 51, 394, 0, 0, 0.54%, 1, 0, 5, 1373.66
1775252902, 1372, 93, 394, 0, 0, 0.54%, 1, 0, 5, 1530.54
1775252907, 1372, 178, 394, 0, 0, 0.54%, 1, 0, 5, 1527.62
1775252912, 1372, 267, 394, 0, 0, 0.54%, 1, 0, 5, 1391.84
1775252917, 1372, 308, 394, 0, 0, 0.54%, 1, 0, 5, 1341.99
1775252922, 1372, 366, 394, 0, 0, 0.54%, 1, 0, 5, 1269.16
1775252928, 1373, 57, 394, 0, 0, 0.54%, 1, 0, 5, 1396.89
1775252933, 1373, 88, 394, 0, 0, 0.54%, 1, 0, 5, 1547.15
1775252938, 1373, 158, 394, 0, 0, 0.54%, 1, 0, 5, 1492.68
1775252943, 1373, 287, 394, 0, 0, 0.54%, 1, 0, 5, 1511.62
1775252948, 1373, 365, 394, 0, 0, 0.54%, 1, 0, 5, 1283.25
1775252953, 1374, 57, 394, 0, 0, 0.54%, 1, 0, 5, 1384.83
1775252958, 1374, 91, 394, 0, 0, 0.54%, 1, 0, 5, 1470.65
1775252963, 1374, 218, 394, 0, 0, 0.54%, 1, 0, 5, 1489.18
1775252968, 1374, 312, 394, 0, 0, 0.54%, 1, 0, 5, 1328.64
1775252973, 1375, 53, 394, 0, 0, 0.54%, 1, 0, 5, 1264.22
1775252978, 1375, 89, 394, 0, 0, 0.54%, 1, 0, 5, 1571.48
1775252983, 1375, 213, 394, 0, 0, 0.54%, 1, 0, 5, 1513.98
1775252989, 1375, 281, 394, 0, 0, 0.54%, 1, 0, 5, 1529.23
1775252994, 1376, 10, 394, 0, 0, 0.54%, 1, 0, 5, 1303.48
1775252999, 1376, 47, 394, 0, 0, 0.54%, 1, 0, 5, 1407.56
1775253004, 1376, 73, 394, 0, 0, 0.54%, 1, 0, 5, 1439.73
1775253009, 1376, 93, 394, 0, 0, 0.54%, 1, 0, 5, 1485.59
1775253014, 1376, 158, 394, 0, 0, 0.54%, 1, 0, 5, 1382.23
1775253019, 1376, 287, 394, 0, 0, 0.54%, 1, 0, 5, 1400.03
1775253024, 1377, 43, 394, 0, 0, 0.54%, 1, 0, 5, 1483.60
1775253030, 1377, 88, 394, 0, 0, 0.54%, 1, 0, 5, 1504.60
1775253035, 1377, 124, 394, 0, 0, 0.54%, 1, 0, 5, 1391.46
1775253040, 1377, 311, 394, 0, 0, 0.54%, 1, 0, 5, 1411.27
1775253045, 1378, 16, 394, 0, 0, 0.54%, 1, 0, 5, 1287.37
1775253050, 1378, 73, 394, 0, 0, 0.54%, 1, 0, 5, 1399.13
1775253055, 1378, 106, 394, 0, 0, 0.54%, 1, 0, 5, 1456.38
1775253060, 1378, 279, 394, 0, 0, 0.54%, 1, 0, 5, 1433.20
1775253065, 1378, 337, 394, 0, 0, 0.54%, 1, 0, 5, 1412.32
1775253070, 1379, 83, 394, 0, 0, 0.54%, 1, 0, 5, 1489.33
1775253076, 1379, 108, 394, 0, 0, 0.54%, 1, 0, 5, 1493.29
1775253081, 1379, 304, 394, 0, 0, 0.54%, 1, 0, 5, 1505.54
1775253086, 1379, 387, 394, 0, 0, 0.54%, 1, 0, 5, 1408.07
1775253091, 1380, 73, 394, 0, 0, 0.54%, 1, 0, 5, 1388.00
1775253096, 1380, 95, 394, 0, 0, 0.54%, 1, 0, 5, 1409.27
1775253101, 1380, 169, 394, 0, 0, 0.54%, 1, 0, 5, 1405.87
1775253106, 1380, 254, 394, 0, 0, 0.54%, 1, 0, 5, 1518.37
1775253111, 1380, 297, 394, 0, 0, 0.54%, 1, 0, 5, 1367.26
1775253116, 1381, 5, 394, 0, 0, 0.54%, 1, 0, 5, 1178.94
1775253121, 1381, 73, 394, 0, 0, 0.54%, 1, 0, 5, 1385.02
1775253127, 1381, 93, 394, 0, 0, 0.54%, 1, 0, 5, 1407.42
1775253132, 1381, 187, 394, 0, 0, 0.54%, 1, 0, 5, 1510.40
1775253137, 1381, 331, 394, 0, 0, 0.54%, 1, 0, 5, 1358.66
1775253142, 1382, 51, 394, 0, 0, 0.54%, 1, 0, 5, 1294.96
1775253147, 1382, 83, 394, 0, 0, 0.54%, 1, 0, 5, 1378.85
1775253152, 1382, 106, 394, 0, 0, 0.54%, 1, 0, 5, 1373.30
1775253157, 1382, 291, 394, 0, 0, 0.54%, 1, 0, 5, 1487.79
1775253162, 1382, 348, 394, 0, 0, 0.54%, 1, 0, 5, 1350.17
1775253167, 1383, 63, 394, 0, 0, 0.54%, 1, 0, 5, 1385.49
1775253172, 1383, 88, 394, 0, 0, 0.54%, 1, 0, 5, 1522.56
1775253177, 1383, 158, 394, 0, 0, 0.54%, 1, 0, 5, 1436.10
1775253183, 1383, 226, 394, 0, 0, 0.54%, 1, 0, 5, 1486.18
1775253188, 1383, 381, 394, 0, 0, 0.54%, 1, 0, 5, 1433.85
1775253193, 1384, 57, 394, 0, 0, 0.54%, 1, 0, 5, 1514.56
1775253198, 1384, 94, 394, 0, 0, 0.54%, 1, 0, 5, 1453.54
1775253203, 1384, 170, 394, 0, 0, 0.54%, 1, 0, 5, 1367.97
1775253208, 1384, 290, 394, 0, 0, 0.54%, 1, 0, 5, 1548.82
1775253213, 1384, 338, 394, 0, 0, 0.54%, 1, 0, 5, 1373.86
1775253219, 1385, 73, 394, 0, 0, 0.54%, 1, 0, 5, 1472.65
1775253224, 1385, 92, 394, 0, 0, 0.54%, 1, 0, 5, 1501.73
1775253229, 1385, 135, 394, 0, 0, 0.54%, 1, 0, 5, 1297.18
1775253234, 1385, 287, 394, 0, 0, 0.54%, 1, 0, 5, 1370.03
1775253239, 1386, 8, 394, 0, 0, 0.54%, 1, 0, 5, 1343.31
1775253244, 1386, 83, 394, 0, 0, 0.54%, 1, 0, 5, 1522.96
1775253249, 1386, 106, 394, 0, 0, 0.54%, 1, 0, 5, 1496.11
1775253254, 1386, 174, 394, 0, 0, 0.54%, 1, 0, 5, 1465.10
1775253259, 1386, 287, 394, 0, 0, 0.54%, 1, 0, 5, 1465.01
1775253264, 1386, 378, 394, 0, 0, 0.54%, 1, 0, 5, 1315.07
1775253269, 1387, 51, 394, 0, 0, 0.54%, 1, 0, 5, 1428.33
1775253274, 1387, 83, 394, 0, 0, 0.54%, 1, 0, 5, 1417.75
1775253279, 1387, 142, 394, 0, 0, 0.54%, 1, 0, 5, 1607.14
1775253284, 1387, 203, 394, 0, 0, 0.54%, 1, 0, 5, 1476.05
1775253289, 1387, 283, 394, 0, 0, 0.54%, 1, 0, 5, 1414.06
1775253294, 1387, 333, 394, 0, 0, 0.54%, 1, 0, 5, 1359.19
1775253300, 1388, 57, 394, 0, 0, 0.54%, 1, 0, 5, 1231.07
1775253305, 1388, 99, 394, 0, 0, 0.54%, 1, 0, 5, 1514.53
1775253310, 1388, 203, 394, 0, 0, 0.54%, 1, 0, 5, 1426.31
1775253315, 1388, 333, 394, 0, 0, 0.54%, 1, 0, 5, 1356.63
1775253320, 1389, 83, 394, 0, 0, 0.54%, 1, 0, 5, 1407.29
1775253325, 1389, 116, 394, 0, 0, 0.54%, 1, 0, 5, 1493.29
1775253330, 1389, 254, 394, 0, 0, 0.54%, 1, 0, 5, 1552.70
1775253336, 1389, 337, 394, 0, 0, 0.54%, 1, 0, 5, 1315.73
1775253341, 1390, 20, 394, 0, 0, 0.54%, 1, 0, 5, 1382.10
1775253346, 1390, 82, 394, 0, 0, 0.54%, 1, 0, 5, 1521.87
1775253351, 1390, 106, 394, 0, 0, 0.54%, 1, 0, 5, 1560.19
1775253356, 1390, 228, 394, 0, 0, 0.54%, 1, 0, 5, 1423.89
1775253361, 1390, 305, 394, 0, 0, 0.54%, 1, 0, 5, 1391.75
1775253366, 1390, 373, 394, 0, 0, 0.54%, 1, 0, 5, 1291.66
1775253371, 1391, 86, 394, 0, 0, 0.54%, 1, 0, 5, 1493.49
1775253377, 1391, 140, 394, 0, 0, 0.54%, 1, 0, 5, 1497.12
1775253382, 1391, 251, 394, 0, 0, 0.54%, 1, 0, 5, 1489.82
1775253387, 1391, 337, 394, 0, 0, 0.54%, 1, 0, 5, 1433.93
1775253392, 1391, 389, 394, 0, 0, 0.54%, 1, 0, 5, 1553.39
1775253397, 1392, 29, 394, 0, 0, 0.54%, 1, 0, 5, 1532.60
1775253402, 1392, 86, 394, 0, 0, 0.54%, 1, 0, 5, 1572.67
1775253407, 1392, 158, 394, 0, 0, 0.54%, 1, 0, 5, 1495.21
1775253412, 1392, 238, 394, 0, 0, 0.54%, 1, 0, 5, 1436.99
1775253417, 1392, 333, 394, 0, 0, 0.54%, 1, 0, 5, 1368.01
1775253422, 1393, 48, 394, 0, 0, 0.54%, 1, 0, 5, 1521.56
1775253427, 1393, 73, 394, 0, 0, 0.54%, 1, 0, 5, 1513.88
1775253432, 1393, 115, 394, 0, 0, 0.54%, 1, 0, 5, 1508.33
1775253437, 1393, 239, 394, 0, 0, 0.54%, 1, 0, 5, 1423.50
1775253442, 1393, 312, 394, 0, 0, 0.54%, 1, 0, 5, 1468.84
1775253448, 1394, 57, 394, 0, 0, 0.54%, 1, 0, 5, 1668.57
1775253453, 1394, 88, 394, 0, 0, 0.54%, 1, 0, 5, 1503.42
1775253458, 1394, 202, 394, 0, 0, 0.54%, 1, 0, 5, 1380.33
1775253463, 1394, 304, 394, 0, 0, 0.54%, 1, 0, 5, 1355.54
1775253468, 1395, 17, 394, 0, 0, 0.54%, 1, 0, 5, 1389.30
1775253473, 1395, 79, 394, 0, 0, 0.54%, 1, 0, 5, 1615.08
1775253478, 1395, 128, 394, 0, 0, 0.54%, 1, 0, 5, 1590.07
1775253483, 1395, 188, 394, 0, 0, 0.54%, 1, 0, 5, 1529.20
1775253488, 1395, 312, 394, 0, 0, 0.54%, 1, 0, 5, 1437.91
1775253493, 1396, 57, 394, 0, 0, 0.54%, 1, 0, 5, 1679.39
1775253499, 1396, 90, 394, 0, 0, 0.54%, 1, 0, 5, 1508.43
1775253504, 1396, 133, 394, 0, 0, 0.54%, 1, 0, 5, 1462.36
1775253509, 1396, 287, 394, 0, 0, 0.54%, 1, 0, 5, 1504.59
1775253514, 1397, 14, 394, 0, 0, 0.54%, 1, 0, 5, 1466.50
1775253519, 1397, 88, 394, 0, 0, 0.54%, 1, 0, 5, 1537.63
1775253524, 1397, 116, 394, 0, 0, 0.54%, 1, 0, 5, 1584.34
1775253529, 1397, 193, 394, 0, 0, 0.54%, 1, 0, 5, 1457.96
1775253534, 1397, 337, 394, 0, 0, 0.54%, 1, 0, 5, 1401.18
1775253540, 1398, 55, 394, 0, 0, 0.54%, 1, 0, 5, 1322.16
1775253545, 1398, 93, 394, 0, 0, 0.54%, 1, 0, 5, 1419.65
1775253550, 1398, 158, 394, 0, 0, 0.54%, 1, 0, 5, 1425.53
1775253555, 1398, 304, 394, 0, 0, 0.54%, 1, 0, 5, 1454.46
1775253560, 1399, 19, 394, 0, 0, 0.54%, 1, 0, 5, 1425.59
1775253565, 1399, 83, 394, 0, 0, 0.54%, 1, 0, 5, 1462.93
1775253570, 1399, 114, 394, 0, 0, 0.54%, 1, 0, 5, 1502.13
1775253575, 1399, 160, 394, 0, 0, 0.54%, 1, 0, 5, 1392.55
1775253580, 1399, 196, 394, 0, 0, 0.54%, 1, 0, 5, 1341.69
1775253586, 1399, 222, 394, 0, 0, 0.54%, 1, 0, 5, 1352.81
1775253591, 1399, 333, 394, 0, 0, 0.54%, 1, 0, 5, 1376.79
1775253596, 1400, 57, 394, 0, 0, 0.54%, 1, 0, 5, 1446.28
1775253601, 1400, 88, 394, 0, 0, 0.54%, 1, 0, 5, 1444.85
1775253606, 1400, 230, 394, 0, 0, 0.54%, 1, 0, 5, 1518.52
1775253611, 1400, 337, 394, 0, 0, 0.54%, 1, 0, 5, 1374.76
1775253616, 1401, 11, 394, 0, 0, 0.54%, 1, 0, 5, 1187.27
1775253621, 1401, 83, 394, 0, 0, 0.54%, 1, 0, 5, 1398.53
1775253626, 1401, 178, 394, 0, 0, 0.54%, 1, 0, 5, 1423.17
1775253631, 1401, 273, 394, 0, 0, 0.54%, 1, 0, 5, 1452.67
1775253637, 1401, 337, 394, 0, 0, 0.54%, 1, 0, 5, 1325.56
1775253642, 1402, 83, 394, 0, 0, 0.54%, 1, 0, 5, 1412.58
1775253647, 1402, 110, 394, 0, 0, 0.54%, 1, 0, 5, 1421.13
1775253652, 1402, 213, 394, 0, 0, 0.54%, 1, 0, 5, 1493.94
1775253657, 1402, 283, 394, 0, 0, 0.54%, 1, 0, 5, 1464.36
1775253662, 1402, 337, 394, 0, 0, 0.54%, 1, 0, 5, 1407.76
1775253667, 1402, 389, 394, 0, 0, 0.54%, 1, 0, 5, 1256.78
1775253672, 1403, 51, 394, 0, 0, 0.54%, 1, 0, 5, 1332.75
1775253677, 1403, 88, 394, 0, 0, 0.54%, 1, 0, 5, 1494.39
1775253682, 1403, 156, 394, 0, 0, 0.54%, 1, 0, 5, 1563.88
1775253687, 1403, 237, 394, 0, 0, 0.54%, 1, 0, 5, 1422.90
1775253692, 1403, 333, 394, 0, 0, 0.54%, 1, 0, 5, 1451.46
1775253698, 1403, 393, 394, 0, 0, 0.54%, 1, 0, 5, 1386.13
1775253703, 1404, 74, 394, 0, 0, 0.54%, 1, 0, 5, 1415.50
1775253708, 1404, 93, 394, 0, 0, 0.54%, 1, 0, 5, 1598.82
1775253713, 1404, 277, 394, 0, 0, 0.54%, 1, 0, 5, 1490.26
1775253718, 1404, 333, 394, 0, 0, 0.54%, 1, 0, 5, 1432.41
1775253723, 1405, 73, 394, 0, 0, 0.54%, 1, 0, 5, 1489.07
1775253728, 1405, 106, 394, 0, 0, 0.54%, 1, 0, 5, 1548.38
1775253733, 1405, 200, 394, 0, 0, 0.54%, 1, 0, 5, 1430.49
1775253739, 1405, 304, 394, 0, 0, 0.54%, 1, 0, 5, 1385.01
1775253744, 1406, 5, 394, 0, 0, 0.54%, 1, 0, 5, 1369.56
1775253749, 1406, 73, 394, 0, 0, 0.54%, 1, 0, 5, 1477.96
1775253754, 1406, 106, 394, 0, 0, 0.54%, 1, 0, 5, 1535.25
1775253759, 1406, 269, 394, 0, 0, 0.54%, 1, 0, 5, 1472.03
1775253764, 1406, 337, 394, 0, 0, 0.54%, 1, 0, 5, 1332.48
1775253769, 1407, 83, 394, 0, 0, 0.54%, 1, 0, 5, 1471.68
1775253774, 1407, 101, 394, 0, 0, 0.54%, 1, 0, 5, 1492.46
1775253779, 1407, 245, 394, 0, 0, 0.54%, 1, 0, 5, 1398.52
1775253784, 1407, 317, 394, 0, 0, 0.54%, 1, 0, 5, 1353.11
1775253789, 1408, 6, 394, 0, 0, 0.54%, 1, 0, 5, 1336.32
1775253794, 1408, 57, 394, 0, 0, 0.54%, 1, 0, 5, 1397.91
1775253800, 1408, 88, 394, 0, 0, 0.54%, 1, 0, 5, 1528.46
1775253805, 1408, 158, 394, 0, 0, 0.54%, 1, 0, 5, 1460.94
1775253810, 1408, 203, 394, 0, 0, 0.54%, 1, 0, 5, 1503.53
1775253815, 1408, 285, 394, 0, 0, 0.54%, 1, 0, 5, 1385.97
1775253820, 1408, 337, 394, 0, 0, 0.54%, 1, 0, 5, 1287.65
1775253825, 1409, 83, 394, 0, 0, 0.54%, 1, 0, 5, 1546.20
1775253830, 1409, 106, 394, 0, 0, 0.54%, 1, 0, 5, 1514.71
1775253835, 1409, 246, 394, 0, 0, 0.54%, 1, 0, 5, 1358.05
1775253840, 1409, 325, 394, 0, 0, 0.54%, 1, 0, 5, 1435.93
1775253845, 1410, 51, 394, 0, 0, 0.54%, 1, 0, 5, 1318.12
1775253850, 1410, 86, 394, 0, 0, 0.54%, 1, 0, 5, 1390.77
1775253856, 1410, 135, 394, 0, 0, 0.54%, 1, 0, 5, 1457.53
1775253861, 1410, 237, 394, 0, 0, 0.54%, 1, 0, 5, 1467.01
1775253866, 1410, 304, 394, 0, 0, 0.54%, 1, 0, 5, 1522.24
1775253871, 1410, 351, 394, 0, 0, 0.54%, 1, 0, 5, 1412.98
1775253876, 1411, 45, 394, 0, 0, 0.54%, 1, 0, 5, 1422.35
1775253881, 1411, 86, 394, 0, 0, 0.54%, 1, 0, 5, 1594.88
1775253886, 1411, 128, 394, 0, 0, 0.54%, 1, 0, 5, 1457.27
1775253891, 1411, 231, 394, 0, 0, 0.54%, 1, 0, 5, 1344.96
1775253896, 1411, 325, 394, 0, 0, 0.54%, 1, 0, 5, 1390.39
1775253901, 1412, 51, 394, 0, 0, 0.54%, 1, 0, 5, 1702.34
1775253907, 1412, 83, 394, 0, 0, 0.54%, 1, 0, 5, 1517.44
1775253912, 1412, 135, 394, 0, 0, 0.54%, 1, 0, 5, 1783.74
1775253917, 1412, 202, 394, 0, 0, 0.54%, 1, 0, 5, 1468.82
1775253922, 1412, 293, 394, 0, 0, 0.54%, 1, 0, 5, 1392.41
1775253927, 1412, 388, 394, 0, 0, 0.54%, 1, 0, 5, 1426.35
1775253932, 1413, 63, 394, 0, 0, 0.54%, 1, 0, 5, 1553.92
1775253937, 1413, 93, 394, 0, 0, 0.54%, 1, 0, 5, 1528.44
1775253942, 1413, 178, 394, 0, 0, 0.54%, 1, 0, 5, 1532.02
1775253947, 1413, 312, 394, 0, 0, 0.54%, 1, 0, 5, 1453.90
1775253952, 1414, 48, 394, 0, 0, 0.54%, 1, 0, 5, 1461.88
1775253957, 1414, 73, 394, 0, 0, 0.54%, 1, 0, 5, 1475.01
1775253962, 1414, 95, 394, 0, 0, 0.54%, 1, 0, 5, 1516.04
1775253967, 1414, 119, 394, 0, 0, 0.54%, 1, 0, 5, 1497.18
1775253972, 1414, 259, 394, 0, 0, 0.54%, 1, 0, 5, 1466.70
1775253977, 1414, 333, 394, 0, 0, 0.54%, 1, 0, 5, 1430.39
1775253983, 1415, 77, 394, 0, 0, 0.54%, 1, 0, 5, 1555.78
1775253988, 1415, 140, 394, 0, 0, 0.54%, 1, 0, 5, 1462.58
1775253993, 1415, 247, 394, 0, 0, 0.54%, 1, 0, 5, 1567.68
1775253998, 1415, 323, 394, 0, 0, 0.54%, 1, 0, 5, 1456.33
1775254003, 1416, 7, 394, 0, 0, 0.54%, 1, 0, 5, 1305.96
1775254008, 1416, 83, 394, 0, 0, 0.54%, 1, 0, 5, 1433.82
1775254013, 1416, 106, 394, 0, 0, 0.54%, 1, 0, 5, 1253.74
1775254018, 1416, 158, 394, 0, 0, 0.54%, 1, 0, 5, 1328.24
1775254023, 1416, 311, 394, 0, 0, 0.54%, 1, 0, 5, 1371.13
1775254029, 1417, 51, 394, 0, 0, 0.54%, 1, 0, 5, 1294.10
1775254034, 1417, 86, 394, 0, 0, 0.54%, 1, 0, 5, 1479.71
1775254039, 1417, 158, 394, 0, 0, 0.54%, 1, 0, 5, 1516.99
1775254044, 1417, 248, 394, 0, 0, 0.54%, 1, 0, 5, 1497.75
1775254049, 1417, 312, 394, 0, 0, 0.54%, 1, 0, 5, 1446.94
1775254054, 1418, 57, 394, 0, 0, 0.54%, 1, 0, 5, 1477.45
1775254059, 1418, 93, 394, 0, 0, 0.54%, 1, 0, 5, 1560.08
1775254064, 1418, 170, 394, 0, 0, 0.54%, 1, 0, 5, 1582.84
1775254069, 1418, 287, 394, 0, 0, 0.54%, 1, 0, 5, 1467.53
1775254075, 1419, 12, 394, 0, 0, 0.54%, 1, 0, 5, 1441.10
1775254080, 1419, 86, 394, 0, 0, 0.54%, 1, 0, 5, 1468.34
1775254085, 1419, 160, 394, 0, 0, 0.54%, 1, 0, 5, 1499.34
1775254090, 1419, 304, 394, 0, 0, 0.54%, 1, 0, 5, 1432.36
1775254095, 1419, 393, 394, 0, 0, 0.54%, 1, 0, 5, 1350.85
1775254100, 1420, 75, 394, 0, 0, 0.54%, 1, 0, 5, 1488.13
1775254105, 1420, 106, 394, 0, 0, 0.54%, 1, 0, 5, 1511.32
1775254110, 1420, 170, 394, 0, 0, 0.54%, 1, 0, 5, 1500.21
1775254115, 1420, 287, 394, 0, 0, 0.54%, 1, 0, 5, 1344.00
1775254120, 1420, 392, 394, 0, 0, 0.54%, 1, 0, 5, 230.09
1775254125, 1421, 73, 394, 0, 0, 0.54%, 1, 0, 5, 1590.70
1775254130, 1421, 96, 394, 0, 0, 0.54%, 1, 0, 5, 1609.77
1775254135, 1421, 150, 394, 0, 0, 0.54%, 1, 0, 5, 1432.78
1775254141, 1421, 183, 394, 0, 0, 0.54%, 1, 0, 5, 1489.41
1775254146, 1421, 239, 394, 0, 0, 0.54%, 1, 0, 5, 1384.30
1775254151, 1421, 311, 394, 0, 0, 0.54%, 1, 0, 5, 1504.23
1775254156, 1421, 389, 394, 0, 0, 0.54%, 1, 0, 5, 1389.09
1775254161, 1422, 51, 394, 0, 0, 0.54%, 1, 0, 5, 1519.93
1775254166, 1422, 86, 394, 0, 0, 0.54%, 1, 0, 5, 1554.17
1775254171, 1422, 158, 394, 0, 0, 0.54%, 1, 0, 5, 1449.55
1775254176, 1422, 304, 394, 0, 0, 0.54%, 1, 0, 5, 1571.90
1775254181, 1423, 24, 394, 0, 0, 0.54%, 1, 0, 5, 1380.08
1775254186, 1423, 83, 394, 0, 0, 0.54%, 1, 0, 5, 1501.63
1775254191, 1423, 125, 394, 0, 0, 0.54%, 1, 0, 5, 1499.51
1775254197, 1423, 198, 394, 0, 0, 0.54%, 1, 0, 5, 1654.18
1775254202, 1423, 306, 394, 0, 0, 0.54%, 1, 0, 5, 1520.67
1775254207, 1424, 45, 394, 0, 0, 0.54%, 1, 0, 5, 1401.23
1775254212, 1424, 93, 394, 0, 0, 0.54%, 1, 0, 5, 1581.19
1775254217, 1424, 201, 394, 0, 0, 0.54%, 1, 0, 5, 1545.12
1775254222, 1424, 232, 394, 0, 0, 0.54%, 1, 0, 5, 1523.80
1775254227, 1424, 290, 394, 0, 0, 0.54%, 1, 0, 5, 1551.30
1775254232, 1425, 57, 394, 0, 0, 0.54%, 1, 0, 5, 1493.08
1775254237, 1425, 86, 394, 0, 0, 0.54%, 1, 0, 5, 1551.28
1775254243, 1425, 133, 394, 0, 0, 0.54%, 1, 0, 5, 1465.32
1775254248, 1425, 211, 394, 0, 0, 0.54%, 1, 0, 5, 1494.66
1775254253, 1425, 308, 394, 0, 0, 0.54%, 1, 0, 5, 1447.51
1775254258, 1426, 35, 394, 0, 0, 0.54%, 1, 0, 5, 1360.49
1775254263, 1426, 88, 394, 0, 0, 0.54%, 1, 0, 5, 1446.54
1775254268, 1426, 106, 394, 0, 0, 0.54%, 1, 0, 5, 1261.75
1775254273, 1426, 185, 394, 0, 0, 0.54%, 1, 0, 5, 1519.73
1775254278, 1426, 243, 394, 0, 0, 0.54%, 1, 0, 5, 1459.48
1775254283, 1426, 304, 394, 0, 0, 0.54%, 1, 0, 5, 1442.46
1775254288, 1426, 387, 394, 0, 0, 0.54%, 1, 0, 5, 1349.55
1775254293, 1427, 88, 394, 0, 0, 0.54%, 1, 0, 5, 1507.98
1775254299, 1427, 128, 394, 0, 0, 0.54%, 1, 0, 5, 1545.88
1775254304, 1427, 207, 394, 0, 0, 0.54%, 1, 0, 5, 1674.24
1775254309, 1427, 287, 394, 0, 0, 0.54%, 1, 0, 5, 1489.56
1775254314, 1428, 5, 394, 0, 0, 0.54%, 1, 0, 5, 1368.53
1775254319, 1428, 73, 394, 0, 0, 0.54%, 1, 0, 5, 1516.56
1775254324, 1428, 106, 394, 0, 0, 0.54%, 1, 0, 5, 1468.90
1775254329, 1428, 288, 394, 0, 0, 0.54%, 1, 0, 5, 1498.16
1775254334, 1429, 6, 394, 0, 0, 0.54%, 1, 0, 5, 1374.35
1775254339, 1429, 73, 394, 0, 0, 0.54%, 1, 0, 5, 1511.13
1775254344, 1429, 105, 394, 0, 0, 0.54%, 1, 0, 5, 1474.68
1775254349, 1429, 254, 394, 0, 0, 0.54%, 1, 0, 5, 1370.08
1775254355, 1429, 337, 394, 0, 0, 0.54%, 1, 0, 5, 1420.74
1775254360, 1430, 4, 394, 0, 0, 0.54%, 1, 0, 5, 1435.84
1775254365, 1430, 83, 394, 0, 0, 0.54%, 1, 0, 5, 1586.84
1775254370, 1430, 106, 394, 0, 0, 0.54%, 1, 0, 5, 1540.13
1775254375, 1430, 202, 394, 0, 0, 0.54%, 1, 0, 5, 1418.30
1775254380, 1430, 289, 394, 0, 0, 0.54%, 1, 0, 5, 1460.54
1775254385, 1431, 1, 394, 0, 0, 0.54%, 1, 0, 5, 1463.00
1775254390, 1431, 73, 394, 0, 0, 0.54%, 1, 0, 5, 1414.24
1775254396, 1431, 112, 394, 0, 0, 0.54%, 1, 0, 5, 1494.00
1775254401, 1431, 167, 394, 0, 0, 0.54%, 1, 0, 5, 1471.14
1775254406, 1431, 279, 394, 0, 0, 0.54%, 1, 0, 5, 1425.79
1775254411, 1431, 333, 394, 0, 0, 0.54%, 1, 0, 5, 1445.62
1775254416, 1432, 61, 394, 0, 0, 0.54%, 1, 0, 5, 1421.73
1775254421, 1432, 83, 394, 0, 0, 0.54%, 1, 0, 5, 1373.29
1775254426, 1432, 100, 394, 0, 0, 0.54%, 1, 0, 5, 1379.28
1775254431, 1432, 150, 394, 0, 0, 0.54%, 1, 0, 5, 1472.27
1775254436, 1432, 228, 394, 0, 0, 0.54%, 1, 0, 5, 1447.77
1775254442, 1433, 5, 394, 0, 0, 0.54%, 1, 0, 5, 1368.92
1775254447, 1433, 83, 394, 0, 0, 0.54%, 1, 0, 5, 1443.31
1775254452, 1433, 146, 394, 0, 0, 0.54%, 1, 0, 5, 1532.52
1775254457, 1433, 290, 394, 0, 0, 0.54%, 1, 0, 5, 1482.51
1775254462, 1434, 2, 394, 0, 0, 0.54%, 1, 0, 5, 1792.72
1775254467, 1434, 71, 394, 0, 0, 0.54%, 1, 0, 5, 1432.03
1775254472, 1434, 106, 394, 0, 0, 0.54%, 1, 0, 5, 1504.99
1775254477, 1434, 158, 394, 0, 0, 0.54%, 1, 0, 5, 1464.96
1775254482, 1434, 268, 394, 0, 0, 0.54%, 1, 0, 5, 1497.03
1775254487, 1434, 333, 394, 0, 0, 0.54%, 1, 0, 5, 1485.25
1775254492, 1435, 51, 394, 0, 0, 0.54%, 1, 0, 5, 1474.11
1775254497, 1435, 99, 394, 0, 0, 0.54%, 1, 0, 5, 1606.93
1775254503, 1435, 182, 394, 0, 0, 0.54%, 1, 0, 5, 1470.20
1775254508, 1435, 297, 394, 0, 0, 0.54%, 1, 0, 5, 1542.80
1775254513, 1435, 364, 394, 0, 0, 0.54%, 1, 0, 5, 1401.39
1775254518, 1436, 65, 394, 0, 0, 0.54%, 1, 0, 5, 1477.43
1775254523, 1436, 93, 394, 0, 0, 0.54%, 1, 0, 5, 1565.62
1775254528, 1436, 170, 394, 0, 0, 0.54%, 1, 0, 5, 1614.40
1775254533, 1436, 313, 394, 0, 0, 0.54%, 1, 0, 5, 1516.41
1775254538, 1436, 385, 394, 0, 0, 0.54%, 1, 0, 5, 1137.58
1775254544, 1437, 73, 394, 0, 0, 0.54%, 1, 0, 5, 1441.53
1775254549, 1437, 106, 394, 0, 0, 0.54%, 1, 0, 5, 1401.53
1775254554, 1437, 150, 394, 0, 0, 0.54%, 1, 0, 5, 1467.24
1775254559, 1437, 230, 394, 0, 0, 0.54%, 1, 0, 5, 1428.06
1775254564, 1437, 365, 394, 0, 0, 0.54%, 1, 0, 5, 1326.52
1775254569, 1438, 62, 394, 0, 0, 0.54%, 1, 0, 5, 1404.38
1775254574, 1438, 88, 394, 0, 0, 0.54%, 1, 0, 5, 1409.40
1775254579, 1438, 158, 394, 0, 0, 0.54%, 1, 0, 5, 1455.37
1775254584, 1438, 218, 394, 0, 0, 0.54%, 1, 0, 5, 1289.74
1775254589, 1438, 334, 394, 0, 0, 0.54%, 1, 0, 5, 1335.15
1775254594, 1439, 65, 394, 0, 0, 0.54%, 1, 0, 5, 1370.49
1775254600, 1439, 106, 394, 0, 0, 0.54%, 1, 0, 5, 1490.27
1775254605, 1439, 251, 394, 0, 0, 0.54%, 1, 0, 5, 1459.98
1775254610, 1439, 330, 394, 0, 0, 0.54%, 1, 0, 5, 1398.35
1775254615, 1439, 393, 394, 0, 0, 0.54%, 1, 0, 5, 1338.39
1775254620, 1440, 57, 394, 0, 0, 0.54%, 1, 0, 5, 1369.04
1775254625, 1440, 97, 394, 0, 0, 0.54%, 1, 0, 5, 1573.41
1775254630, 1440, 158, 394, 0, 0, 0.54%, 1, 0, 5, 1536.47
1775254635, 1440, 287, 394, 0, 0, 0.54%, 1, 0, 5, 1383.84
1775254640, 1440, 345, 394, 0, 0, 0.54%, 1, 0, 5, 1309.15
1775254645, 1441, 73, 394, 0, 0, 0.54%, 1, 0, 5, 1386.38
1775254650, 1441, 106, 394, 0, 0, 0.54%, 1, 0, 5, 1460.77
1775254656, 1441, 170, 394, 0, 0, 0.54%, 1, 0, 5, 1368.24
1775254661, 1441, 248, 394, 0, 0, 0.54%, 1, 0, 5, 1287.02
1775254666, 1441, 348, 394, 0, 0, 0.54%, 1, 0, 5, 1426.64
1775254671, 1442, 73, 394, 0, 0, 0.54%, 1, 0, 5, 1514.81
1775254676, 1442, 88, 394, 0, 0, 0.54%, 1, 0, 5, 1449.97
1775254681, 1442, 182, 394, 0, 0, 0.54%, 1, 0, 5, 1412.67
1775254686, 1442, 268, 394, 0, 0, 0.54%, 1, 0, 5, 1526.94
1775254691, 1443, 3, 394, 0, 0, 0.54%, 1, 0, 5, 1370.62
1775254696, 1443, 70, 394, 0, 0, 0.54%, 1, 0, 5, 1409.73
1775254702, 1443, 89, 394, 0, 0, 0.54%, 1, 0, 5, 1408.05
1775254707, 1443, 158, 394, 0, 0, 0.54%, 1, 0, 5, 1352.52
1775254712, 1443, 279, 394, 0, 0, 0.54%, 1, 0, 5, 1746.78
1775254717, 1443, 337, 394, 0, 0, 0.54%, 1, 0, 5, 1529.93
1775254722, 1444, 73, 394, 0, 0, 0.54%, 1, 0, 5, 1453.74
1775254727, 1444, 106, 394, 0, 0, 0.54%, 1, 0, 5, 1306.63
1775254732, 1444, 258, 394, 0, 0, 0.54%, 1, 0, 5, 1505.47
1775254737, 1444, 307, 394, 0, 0, 0.54%, 1, 0, 5, 1310.62
1775254743, 1444, 363, 394, 0, 0, 0.54%, 1, 0, 5, 1360.82
1775254748, 1445, 86, 394, 0, 0, 0.54%, 1, 0, 5, 1429.27
1775254753, 1445, 145, 394, 0, 0, 0.54%, 1, 0, 5, 1517.88
1775254758, 1445, 258, 394, 0, 0, 0.54%, 1, 0, 5, 1291.52
1775254763, 1446, 51, 394, 0, 0, 0.54%, 1, 0, 5, 1316.72
1775254768, 1446, 89, 394, 0, 0, 0.54%, 1, 0, 5, 1541.86
1775254773, 1446, 153, 394, 0, 0, 0.54%, 1, 0, 5, 1440.34
1775254778, 1446, 192, 394, 0, 0, 0.54%, 1, 0, 5, 1466.36
1775254783, 1446, 312, 394, 0, 0, 0.54%, 1, 0, 5, 1301.99
1775254788, 1447, 52, 394, 0, 0, 0.54%, 1, 0, 5, 1363.71
1775254794, 1447, 86, 394, 0, 0, 0.54%, 1, 0, 5, 1462.29
1775254799, 1447, 125, 394, 0, 0, 0.54%, 1, 0, 5, 1485.34
1775254804, 1447, 193, 394, 0, 0, 0.54%, 1, 0, 5, 1484.09
1775254809, 1447, 275, 394, 0, 0, 0.54%, 1, 0, 5, 280.19
1775254814, 1447, 311, 394, 0, 0, 0.54%, 1, 0, 5, 1115.38
1775254819, 1448, 51, 394, 0, 0, 0.54%, 1, 0, 5, 1370.98
1775254824, 1448, 86, 394, 0, 0, 0.54%, 1, 0, 5, 1497.97
1775254829, 1448, 106, 394, 0, 0, 0.54%, 1, 0, 5, 1386.61
1775254834, 1448, 180, 394, 0, 0, 0.54%, 1, 0, 5, 1472.76
1775254839, 1448, 232, 394, 0, 0, 0.54%, 1, 0, 5, 1308.59
1775254844, 1448, 290, 394, 0, 0, 0.54%, 1, 0, 5, 1352.89
1775254849, 1448, 391, 394, 0, 0, 0.54%, 1, 0, 5, 1054.73
1775254855, 1449, 73, 394, 0, 0, 0.54%, 1, 0, 5, 1391.61
1775254860, 1449, 106, 394, 0, 0, 0.54%, 1, 0, 5, 1440.82
1775254865, 1449, 161, 394, 0, 0, 0.54%, 1, 0, 5, 1483.92
1775254870, 1449, 277, 394, 0, 0, 0.54%, 1, 0, 5, 1676.93
1775254875, 1449, 333, 394, 0, 0, 0.54%, 1, 0, 5, 1446.19
1775254880, 1450, 54, 394, 0, 0, 0.54%, 1, 0, 5, 1460.73
1775254885, 1450, 83, 394, 0, 0, 0.54%, 1, 0, 5, 1451.42
1775254890, 1450, 99, 394, 0, 0, 0.54%, 1, 0, 5, 1518.99
1775254895, 1450, 208, 394, 0, 0, 0.54%, 1, 0, 5, 1530.65
1775254901, 1450, 343, 394, 0, 0, 0.54%, 1, 0, 5, 1333.15
1775254906, 1451, 73, 394, 0, 0, 0.54%, 1, 0, 5, 1533.12
1775254911, 1451, 98, 394, 0, 0, 0.54%, 1, 0, 5, 1368.35
1775254916, 1451, 191, 394, 0, 0, 0.54%, 1, 0, 5, 1487.68
1775254921, 1451, 304, 394, 0, 0, 0.54%, 1, 0, 5, 1466.94
1775254926, 1452, 8, 394, 0, 0, 0.54%, 1, 0, 5, 1401.92
1775254931, 1452, 86, 394, 0, 0, 0.54%, 1, 0, 5, 1575.48
1775254936, 1452, 108, 394, 0, 0, 0.54%, 1, 0, 5, 1543.07
1775254941, 1452, 266, 394, 0, 0, 0.54%, 1, 0, 5, 1558.68
1775254946, 1452, 368, 394, 0, 0, 0.54%, 1, 0, 5, 1361.02
1775254951, 1453, 68, 394, 0, 0, 0.54%, 1, 0, 5, 1525.03
1775254956, 1453, 101, 394, 0, 0, 0.54%, 1, 0, 5, 1514.45
1775254962, 1453, 208, 394, 0, 0, 0.54%, 1, 0, 5, 1449.55
1775254967, 1453, 288, 394, 0, 0, 0.54%, 1, 0, 5, 1404.14
1775254972, 1453, 374, 394, 0, 0, 0.54%, 1, 0, 5, 1249.90
1775254977, 1454, 77, 394, 0, 0, 0.54%, 1, 0, 5, 1552.66
1775254982, 1454, 95, 394, 0, 0, 0.54%, 1, 0, 5, 1503.11
1775254987, 1454, 265, 394, 0, 0, 0.54%, 1, 0, 5, 1408.59
1775254992, 1454, 337, 394, 0, 0, 0.54%, 1, 0, 5, 1449.82
1775254997, 1455, 73, 394, 0, 0, 0.54%, 1, 0, 5, 1433.62
1775255002, 1455, 98, 394, 0, 0, 0.54%, 1, 0, 5, 1568.41
1775255007, 1455, 198, 394, 0, 0, 0.54%, 1, 0, 5, 1564.48
1775255012, 1455, 337, 394, 0, 0, 0.54%, 1, 0, 5, 1518.17
1775255017, 1456, 57, 394, 0, 0, 0.54%, 1, 0, 5, 1415.28
1775255023, 1456, 90, 394, 0, 0, 0.54%, 1, 0, 5, 1625.00
1775255028, 1456, 118, 394, 0, 0, 0.54%, 1, 0, 5, 1456.68
1775255033, 1456, 204, 394, 0, 0, 0.54%, 1, 0, 5, 1501.01
1775255038, 1456, 296, 394, 0, 0, 0.54%, 1, 0, 5, 1547.26
1775255043, 1456, 346, 394, 0, 0, 0.54%, 1, 0, 5, 1365.51
1775255048, 1457, 26, 394, 0, 0, 0.54%, 1, 0, 5, 1446.50
1775255053, 1457, 73, 394, 0, 0, 0.54%, 1, 0, 5, 1518.54
1775255058, 1457, 113, 394, 0, 0, 0.54%, 1, 0, 5, 1536.77
1775255063, 1457, 208, 394, 0, 0, 0.54%, 1, 0, 5, 1476.08
1775255068, 1457, 368, 394, 0, 0, 0.54%, 1, 0, 5, 1328.82
1775255073, 1458, 88, 394, 0, 0, 0.54%, 1, 0, 5, 1574.11
1775255078, 1458, 178, 394, 0, 0, 0.54%, 1, 0, 5, 1584.12
1775255084, 1458, 229, 394, 0, 0, 0.54%, 1, 0, 5, 1430.26
1775255089, 1458, 280, 394, 0, 0, 0.54%, 1, 0, 5, 693.21
1775255094, 1459, 51, 394, 0, 0, 0.54%, 1, 0, 5, 1268.76
1775255099, 1459, 83, 394, 0, 0, 0.54%, 1, 0, 5, 1528.36
1775255104, 1459, 106, 394, 0, 0, 0.54%, 1, 0, 5, 1366.21
1775255109, 1459, 189, 394, 0, 0, 0.54%, 1, 0, 5, 1413.49
1775255114, 1459, 313, 394, 0, 0, 0.54%, 1, 0, 5, 1433.51
1775255119, 1460, 40, 394, 0, 0, 0.54%, 1, 0, 5, 1331.26
1775255124, 1460, 86, 394, 0, 0, 0.54%, 1, 0, 5, 1443.60
1775255129, 1460, 106, 394, 0, 0, 0.54%, 1, 0, 5, 1520.05
1775255134, 1460, 259, 394, 0, 0, 0.54%, 1, 0, 5, 1436.87
1775255140, 1460, 294, 394, 0, 0, 0.54%, 1, 0, 5, 1389.60
1775255145, 1461, 51, 394, 0, 0, 0.54%, 1, 0, 5, 1418.15
1775255150, 1461, 80, 394, 0, 0, 0.54%, 1, 0, 5, 1506.50
1775255155, 1461, 101, 394, 0, 0, 0.54%, 1, 0, 5, 1460.76
1775255160, 1461, 189, 394, 0, 0, 0.54%, 1, 0, 5, 1382.31
1775255165, 1461, 327, 394, 0, 0, 0.54%, 1, 0, 5, 1420.98
1775255170, 1462, 1, 394, 0, 0, 0.54%, 1, 0, 5, 1379.73
1775255175, 1462, 78, 394, 0, 0, 0.54%, 1, 0, 5, 1476.44
1775255180, 1462, 95, 394, 0, 0, 0.54%, 1, 0, 5, 1469.92
1775255185, 1462, 162, 394, 0, 0, 0.54%, 1, 0, 5, 1489.52
1775255190, 1462, 257, 394, 0, 0, 0.54%, 1, 0, 5, 1536.08
1775255196, 1462, 333, 394, 0, 0, 0.54%, 1, 0, 5, 1447.98
1775255201, 1463, 50, 394, 0, 0, 0.54%, 1, 0, 5, 1412.79
1775255206, 1463, 88, 394, 0, 0, 0.54%, 1, 0, 5, 1501.05
1775255211, 1463, 158, 394, 0, 0, 0.54%, 1, 0, 5, 1452.04
1775255216, 1463, 304, 394, 0, 0, 0.54%, 1, 0, 5, 1688.21
1775255221, 1463, 388, 394, 0, 0, 0.54%, 1, 0, 5, 1381.59
1775255226, 1464, 88, 394, 0, 0, 0.54%, 1, 0, 5, 1585.43
1775255231, 1464, 116, 394, 0, 0, 0.54%, 1, 0, 5, 1478.66
1775255237, 1464, 311, 394, 0, 0, 0.54%, 1, 0, 5, 1471.03
1775255242, 1464, 393, 394, 0, 0, 0.54%, 1, 0, 5, 1393.93
1775255247, 1465, 83, 394, 0, 0, 0.54%, 1, 0, 5, 1435.73
1775255252, 1465, 106, 394, 0, 0, 0.54%, 1, 0, 5, 1488.88
1775255257, 1465, 207, 394, 0, 0, 0.54%, 1, 0, 5, 1479.33
1775255262, 1465, 340, 394, 0, 0, 0.54%, 1, 0, 5, 1416.76
1775255267, 1466, 86, 394, 0, 0, 0.54%, 1, 0, 5, 1583.94
1775255272, 1466, 139, 394, 0, 0, 0.54%, 1, 0, 5, 1524.32
1775255277, 1466, 220, 394, 0, 0, 0.54%, 1, 0, 5, 1555.05
1775255282, 1466, 298, 394, 0, 0, 0.54%, 1, 0, 5, 1537.65
1775255287, 1466, 354, 394, 0, 0, 0.54%, 1, 0, 5, 1318.75
1775255292, 1467, 68, 394, 0, 0, 0.54%, 1, 0, 5, 1434.43
1775255298, 1467, 106, 394, 0, 0, 0.54%, 1, 0, 5, 1546.80
1775255303, 1467, 247, 394, 0, 0, 0.54%, 1, 0, 5, 1506.90
1775255308, 1467, 304, 394, 0, 0, 0.54%, 1, 0, 5, 1347.42
1775255313, 1468, 42, 394, 0, 0, 0.54%, 1, 0, 5, 1373.24
1775255318, 1468, 83, 394, 0, 0, 0.54%, 1, 0, 5, 1261.25
1775255323, 1468, 108, 394, 0, 0, 0.54%, 1, 0, 5, 1410.81
1775255328, 1468, 304, 394, 0, 0, 0.54%, 1, 0, 5, 1427.96
1775255333, 1469, 57, 394, 0, 0, 0.54%, 1, 0, 5, 1487.89
1775255339, 1469, 86, 394, 0, 0, 0.54%, 1, 0, 5, 1403.12
1775255344, 1469, 104, 394, 0, 0, 0.54%, 1, 0, 5, 929.33
1775255349, 1469, 149, 394, 0, 0, 0.54%, 1, 0, 5, 1259.06
1775255354, 1469, 311, 394, 0, 0, 0.54%, 1, 0, 5, 1353.34
1775255359, 1470, 44, 394, 0, 0, 0.54%, 1, 0, 5, 1376.28
1775255364, 1470, 88, 394, 0, 0, 0.54%, 1, 0, 5, 1476.73
1775255369, 1470, 158, 394, 0, 0, 0.54%, 1, 0, 5, 1494.27
1775255374, 1470, 284, 394, 0, 0, 0.54%, 1, 0, 5, 1419.54
1775255379, 1470, 336, 394, 0, 0, 0.54%, 1, 0, 5, 1344.61
1775255384, 1471, 30, 394, 0, 0, 0.54%, 1, 0, 5, 1282.32
1775255390, 1471, 72, 394, 0, 0, 0.54%, 1, 0, 5, 1446.45
1775255395, 1471, 86, 394, 0, 0, 0.54%, 1, 0, 5, 1322.90
1775255400, 1471, 126, 394, 0, 0, 0.54%, 1, 0, 5, 1440.80
1775255405, 1471, 304, 394, 0, 0, 0.54%, 1, 0, 5, 1493.92
1775255410, 1472, 10, 394, 0, 0, 0.54%, 1, 0, 5, 1344.65
1775255415, 1472, 83, 394, 0, 0, 0.54%, 1, 0, 5, 1469.13
1775255420, 1472, 106, 394, 0, 0, 0.54%, 1, 0, 5, 1388.49
1775255425, 1472, 195, 394, 0, 0, 0.54%, 1, 0, 5, 1482.92
1775255430, 1472, 290, 394, 0, 0, 0.54%, 1, 0, 5, 1331.99
1775255435, 1473, 4, 394, 0, 0, 0.54%, 1, 0, 5, 1234.31
1775255440, 1473, 57, 394, 0, 0, 0.54%, 1, 0, 5, 1420.59
1775255446, 1473, 93, 394, 0, 0, 0.54%, 1, 0, 5, 1497.29
1775255451, 1473, 219, 394, 0, 0, 0.54%, 1, 0, 5, 1426.93
1775255456, 1473, 311, 394, 0, 0, 0.54%, 1, 0, 5, 1365.70
1775255461, 1474, 73, 394, 0, 0, 0.54%, 1, 0, 5, 1385.56
1775255466, 1474, 106, 394, 0, 0, 0.54%, 1, 0, 5, 1429.07
1775255471, 1474, 169, 394, 0, 0, 0.54%, 1, 0, 5, 288.21
1775255476, 1474, 304, 394, 0, 0, 0.54%, 1, 0, 5, 1363.20
1775255481, 1474, 389, 394, 0, 0, 0.54%, 1, 0, 5, 1373.74
1775255486, 1475, 5, 394, 0, 0, 0.54%, 1, 0, 5, 1450.71
1775255491, 1475, 88, 394, 0, 0, 0.54%, 1, 0, 5, 1525.36
1775255496, 1475, 140, 394, 0, 0, 0.54%, 1, 0, 5, 1393.52
1775255501, 1475, 223, 394, 0, 0, 0.54%, 1, 0, 5, 1376.97
1775255506, 1475, 311, 394, 0, 0, 0.54%, 1, 0, 5, 1378.49
1775255512, 1476, 51, 394, 0, 0, 0.54%, 1, 0, 5, 1348.52
1775255517, 1476, 74, 394, 0, 0, 0.54%, 1, 0, 5, 1412.92
1775255522, 1476, 100, 394, 0, 0, 0.54%, 1, 0, 5, 323.74
1775255527, 1476, 191, 394, 0, 0, 0.54%, 1, 0, 5, 1106.41
1775255532, 1476, 270, 394, 0, 0, 0.54%, 1, 0, 5, 1367.41
1775255537, 1476, 334, 394, 0, 0, 0.54%, 1, 0, 5, 1435.56
1775255542, 1477, 83, 394, 0, 0, 0.54%, 1, 0, 5, 1579.98
1775255547, 1477, 100, 394, 0, 0, 0.54%, 1, 0, 5, 1554.69
1775255553, 1477, 172, 394, 0, 0, 0.54%, 1, 0, 5, 1636.96
1775255558, 1477, 304, 394, 0, 0, 0.54%, 1, 0, 5, 1372.11
1775255563, 1477, 367, 394, 0, 0, 0.54%, 1, 0, 5, 1311.70
1775255568, 1478, 57, 394, 0, 0, 0.54%, 1, 0, 5, 1365.30
1775255573, 1478, 106, 394, 0, 0, 0.54%, 1, 0, 5, 1509.13
1775255578, 1478, 280, 394, 0, 0, 0.54%, 1, 0, 5, 1456.81
1775255583, 1478, 349, 394, 0, 0, 0.54%, 1, 0, 5, 1336.12
1775255588, 1479, 60, 394, 0, 0, 0.54%, 1, 0, 5, 1479.97
1775255593, 1479, 88, 394, 0, 0, 0.54%, 1, 0, 5, 1510.47
1775255598, 1479, 135, 394, 0, 0, 0.54%, 1, 0, 5, 1612.57
1775255603, 1479, 204, 394, 0, 0, 0.54%, 1, 0, 5, 1500.15
1775255608, 1479, 309, 394, 0, 0, 0.54%, 1, 0, 5, 1426.65
1775255614, 1479, 354, 394, 0, 0, 0.54%, 1, 0, 5, 1275.23
1775255619, 1480, 66, 394, 0, 0, 0.54%, 1, 0, 5, 1365.46
1775255624, 1480, 86, 394, 0, 0, 0.54%, 1, 0, 5, 1394.01
1775255629, 1480, 146, 394, 0, 0, 0.54%, 1, 0, 5, 1432.29
1775255634, 1480, 273, 394, 0, 0, 0.54%, 1, 0, 5, 1389.39
1775255639, 1481, 17, 394, 0, 0, 0.54%, 1, 0, 5, 1426.63
1775255644, 1481, 57, 394, 0, 0, 0.54%, 1, 0, 5, 1503.12
1775255649, 1481, 93, 394, 0, 0, 0.54%, 1, 0, 5, 1453.08
1775255654, 1481, 113, 394, 0, 0, 0.54%, 1, 0, 5, 1311.55
1775255659, 1481, 190, 394, 0, 0, 0.54%, 1, 0, 5, 1382.57
1775255664, 1481, 311, 394, 0, 0, 0.54%, 1, 0, 5, 1328.65
1775255669, 1482, 26, 394, 0, 0, 0.54%, 1, 0, 5, 1380.83
1775255674, 1482, 83, 394, 0, 0, 0.54%, 1, 0, 5, 1400.14
1775255679, 1482, 158, 394, 0, 0, 0.54%, 1, 0, 5, 1519.55
1775255685, 1482, 284, 394, 0, 0, 0.54%, 1, 0, 5, 1365.98
1775255690, 1482, 333, 394, 0, 0, 0.54%, 1, 0, 5, 1372.86
1775255695, 1483, 77, 394, 0, 0, 0.54%, 1, 0, 5, 1391.24
1775255700, 1483, 96, 394, 0, 0, 0.54%, 1, 0, 5, 1352.55
1775255705, 1483, 158, 394, 0, 0, 0.54%, 1, 0, 5, 1393.23
1775255710, 1483, 223, 394, 0, 0, 0.54%, 1, 0, 5, 1359.97
1775255715, 1483, 312, 394, 0, 0, 0.54%, 1, 0, 5, 1384.73
1775255720, 1484, 32, 394, 0, 0, 0.54%, 1, 0, 5, 1402.41
1775255725, 1484, 79, 394, 0, 0, 0.54%, 1, 0, 5, 1581.72
1775255730, 1484, 98, 394, 0, 0, 0.54%, 1, 0, 5, 1550.65
1775255735, 1484, 234, 394, 0, 0, 0.54%, 1, 0, 5, 1505.39
1775255741, 1484, 287, 394, 0, 0, 0.54%, 1, 0, 5, 1462.15
1775255746, 1485, 9, 394, 0, 0, 0.54%, 1, 0, 5, 1243.64
1775255751, 1485, 71, 394, 0, 0, 0.54%, 1, 0, 5, 1497.92
1775255756, 1485, 104, 394, 0, 0, 0.54%, 1, 0, 5, 1632.30
1775255761, 1485, 162, 394, 0, 0, 0.54%, 1, 0, 5, 1529.20
1775255766, 1485, 270, 394, 0, 0, 0.54%, 1, 0, 5, 1382.08
1775255771, 1485, 329, 394, 0, 0, 0.54%, 1, 0, 5, 1403.30
1775255776, 1486, 57, 394, 0, 0, 0.54%, 1, 0, 5, 1490.53
1775255781, 1486, 86, 394, 0, 0, 0.54%, 1, 0, 5, 1576.30
1775255787, 1486, 158, 394, 0, 0, 0.54%, 1, 0, 5, 1451.24
1775255792, 1486, 287, 394, 0, 0, 0.54%, 1, 0, 5, 1354.12
1775255797, 1486, 364, 394, 0, 0, 0.54%, 1, 0, 5, 1332.87
1775255802, 1487, 57, 394, 0, 0, 0.54%, 1, 0, 5, 1350.41
1775255807, 1487, 93, 394, 0, 0, 0.54%, 1, 0, 5, 1562.33
1775255812, 1487, 177, 394, 0, 0, 0.54%, 1, 0, 5, 1458.57
1775255817, 1487, 304, 394, 0, 0, 0.54%, 1, 0, 5, 1324.44
1775255822, 1488, 57, 394, 0, 0, 0.54%, 1, 0, 5, 1442.09
1775255827, 1488, 93, 394, 0, 0, 0.54%, 1, 0, 5, 1573.89
1775255832, 1488, 153, 394, 0, 0, 0.54%, 1, 0, 5, 1574.58
1775255837, 1488, 300, 394, 0, 0, 0.54%, 1, 0, 5, 1479.59
1775255843, 1489, 51, 394, 0, 0, 0.54%, 1, 0, 5, 1348.00
1775255848, 1489, 86, 394, 0, 0, 0.54%, 1, 0, 5, 1438.80
1775255853, 1489, 106, 394, 0, 0, 0.54%, 1, 0, 5, 1404.95
1775255858, 1489, 145, 394, 0, 0, 0.54%, 1, 0, 5, 1514.12
1775255863, 1489, 293, 394, 0, 0, 0.54%, 1, 0, 5, 1469.36
1775255868, 1489, 372, 394, 0, 0, 0.54%, 1, 0, 5, 1217.79
1775255873, 1490, 51, 394, 0, 0, 0.54%, 1, 0, 5, 1414.15
1775255878, 1490, 88, 394, 0, 0, 0.54%, 1, 0, 5, 1534.83
1775255883, 1490, 184, 394, 0, 0, 0.54%, 1, 0, 5, 1432.09
1775255889, 1490, 267, 394, 0, 0, 0.54%, 1, 0, 5, 1492.15
1775255894, 1490, 304, 394, 0, 0, 0.54%, 1, 0, 5, 1334.20
1775255899, 1490, 381, 394, 0, 0, 0.54%, 1, 0, 5, 1307.07
1775255904, 1491, 62, 394, 0, 0, 0.54%, 1, 0, 5, 1425.11
1775255909, 1491, 88, 394, 0, 0, 0.54%, 1, 0, 5, 1599.49
1775255914, 1491, 158, 394, 0, 0, 0.54%, 1, 0, 5, 1478.89
1775255919, 1491, 281, 394, 0, 0, 0.54%, 1, 0, 5, 1466.07
1775255924, 1491, 337, 394, 0, 0, 0.54%, 1, 0, 5, 1435.75
1775255929, 1492, 57, 394, 0, 0, 0.54%, 1, 0, 5, 1419.17
1775255934, 1492, 86, 394, 0, 0, 0.54%, 1, 0, 5, 1552.21
1775255939, 1492, 140, 394, 0, 0, 0.54%, 1, 0, 5, 1463.84
1775255944, 1492, 273, 394, 0, 0, 0.54%, 1, 0, 5, 1532.14
1775255949, 1492, 337, 394, 0, 0, 0.54%, 1, 0, 5, 1430.04
1775255955, 1493, 30, 394, 0, 0, 0.54%, 1, 0, 5, 1400.71
1775255960, 1493, 88, 394, 0, 0, 0.54%, 1, 0, 5, 1532.83
1775255965, 1493, 163, 394, 0, 0, 0.54%, 1, 0, 5, 1430.43
1775255970, 1493, 279, 394, 0, 0, 0.54%, 1, 0, 5, 1424.44
1775255975, 1493, 333, 394, 0, 0, 0.54%, 1, 0, 5, 1447.63
1775255980, 1494, 8, 394, 0, 0, 0.54%, 1, 0, 5, 1481.22
1775255985, 1494, 83, 394, 0, 0, 0.54%, 1, 0, 5, 1535.96
1775255991, 1494, 121, 394, 0, 0, 0.54%, 1, 0, 5, 1343.35
1775255996, 1494, 207, 394, 0, 0, 0.54%, 1, 0, 5, 1493.49
1775256001, 1494, 380, 394, 0, 0, 0.54%, 1, 0, 5, 1297.41
1775256006, 1495, 73, 394, 0, 0, 0.54%, 1, 0, 5, 1411.81
1775256011, 1495, 106, 394, 0, 0, 0.54%, 1, 0, 5, 1473.76
1775256016, 1495, 165, 394, 0, 0, 0.54%, 1, 0, 5, 1433.51
1775256021, 1495, 287, 394, 0, 0, 0.54%, 1, 0, 5, 1415.84
1775256026, 1495, 342, 394, 0, 0, 0.54%, 1, 0, 5, 1384.86
1775256031, 1496, 73, 394, 0, 0, 0.54%, 1, 0, 5, 1439.85
1775256036, 1496, 98, 394, 0, 0, 0.54%, 1, 0, 5, 1454.39
1775256042, 1496, 153, 394, 0, 0, 0.54%, 1, 0, 5, 1586.30
1775256047, 1496, 223, 394, 0, 0, 0.54%, 1, 0, 5, 1448.65
1775256052, 1496, 333, 394, 0, 0, 0.54%, 1, 0, 5, 1451.01
1775256057, 1497, 47, 394, 0, 0, 0.54%, 1, 0, 5, 1439.80
1775256062, 1497, 83, 394, 0, 0, 0.54%, 1, 0, 5, 1450.65
1775256067, 1497, 97, 394, 0, 0, 0.54%, 1, 0, 5, 1518.02
1775256072, 1497, 177, 394, 0, 0, 0.54%, 1, 0, 5, 1444.79
1775256077, 1497, 312, 394, 0, 0, 0.54%, 1, 0, 5, 1429.61
1775256082, 1498, 10, 394, 0, 0, 0.54%, 1, 0, 5, 1441.57
1775256087, 1498, 74, 394, 0, 0, 0.54%, 1, 0, 5, 1420.50
1775256092, 1498, 93, 394, 0, 0, 0.54%, 1, 0, 5, 1412.62
1775256098, 1498, 149, 394, 0, 0, 0.54%, 1, 0, 5, 1550.77
1775256103, 1498, 287, 394, 0, 0, 0.54%, 1, 0, 5, 1476.13
1775256108, 1498, 337, 394, 0, 0, 0.54%, 1, 0, 5, 1398.05
1775256113, 1499, 57, 394, 0, 0, 0.54%, 1, 0, 5, 1319.34
1775256118, 1499, 106, 394, 0, 0, 0.54%, 1, 0, 5, 1434.84
1775256123, 1499, 256, 394, 0, 0, 0.54%, 1, 0, 5, 1466.08
1775256128, 1499, 312, 394, 0, 0, 0.54%, 1, 0, 5, 1475.84
1775256133, 1500, 57, 394, 0, 0, 0.54%, 1, 0, 5, 1448.39
1775256138, 1500, 81, 394, 0, 0, 0.54%, 1, 0, 5, 1505.28
1775256143, 1500, 106, 394, 0, 0, 0.54%, 1, 0, 5, 1373.25
1775256148, 1500, 250, 394, 0, 0, 0.54%, 1, 0, 5, 1283.05
1775256154, 1500, 317, 394, 0, 0, 0.54%, 1, 0, 5, 1494.69
1775256159, 1501, 51, 394, 0, 0, 0.54%, 1, 0, 5, 1401.20
1775256164, 1501, 83, 394, 0, 0, 0.54%, 1, 0, 5, 1421.86
1775256169, 1501, 221, 394, 0, 0, 0.54%, 1, 0, 5, 1547.26
1775256174, 1501, 275, 394, 0, 0, 0.54%, 1, 0, 5, 1440.82
1775256179, 1502, 29, 394, 0, 0, 0.54%, 1, 0, 5, 1377.11
1775256184, 1502, 75, 394, 0, 0, 0.54%, 1, 0, 5, 1550.94
1775256189, 1502, 105, 394, 0, 0, 0.54%, 1, 0, 5, 1463.84
1775256194, 1502, 144, 394, 0, 0, 0.54%, 1, 0, 5, 1455.62
1775256199, 1502, 304, 394, 0, 0, 0.54%, 1, 0, 5, 1537.16
1775256205, 1503, 7, 394, 0, 0, 0.54%, 1, 0, 5, 1433.33
1775256210, 1503, 83, 394, 0, 0, 0.54%, 1, 0, 5, 1453.38
1775256215, 1503, 159, 394, 0, 0, 0.54%, 1, 0, 5, 1520.95
1775256220, 1503, 248, 394, 0, 0, 0.54%, 1, 0, 5, 1390.43
1775256225, 1504, 5, 394, 0, 0, 0.54%, 1, 0, 5, 1416.68
1775256230, 1504, 86, 394, 0, 0, 0.54%, 1, 0, 5, 1547.44
1775256235, 1504, 140, 394, 0, 0, 0.54%, 1, 0, 5, 1461.64
1775256240, 1504, 218, 394, 0, 0, 0.54%, 1, 0, 5, 1515.75
1775256245, 1504, 304, 394, 0, 0, 0.54%, 1, 0, 5, 1508.65
1775256250, 1504, 393, 394, 0, 0, 0.54%, 1, 0, 5, 1455.11
1775256255, 1505, 51, 394, 0, 0, 0.54%, 1, 0, 5, 1543.20
1775256261, 1505, 86, 394, 0, 0, 0.54%, 1, 0, 5, 1477.68
1775256266, 1505, 116, 394, 0, 0, 0.54%, 1, 0, 5, 1090.47
1775256271, 1505, 287, 394, 0, 0, 0.54%, 1, 0, 5, 1296.12
1775256276, 1506, 0, 394, 0, 0, 0.54%, 1, 0, 5, 1386.35
1775256281, 1506, 73, 394, 0, 0, 0.54%, 1, 0, 5, 1531.23
1775256286, 1506, 104, 394, 0, 0, 0.54%, 1, 0, 5, 1534.14
1775256291, 1506, 158, 394, 0, 0, 0.54%, 1, 0, 5, 1583.60
1775256296, 1506, 304, 394, 0, 0, 0.54%, 1, 0, 5, 1465.39
1775256301, 1507, 6, 394, 0, 0, 0.54%, 1, 0, 5, 1429.69
1775256306, 1507, 51, 394, 0, 0, 0.54%, 1, 0, 5, 1483.97
1775256311, 1507, 93, 394, 0, 0, 0.54%, 1, 0, 5, 1540.28
1775256316, 1507, 158, 394, 0, 0, 0.54%, 1, 0, 5, 1480.30
1775256322, 1507, 272, 394, 0, 0, 0.54%, 1, 0, 5, 1513.14
1775256327, 1507, 337, 394, 0, 0, 0.54%, 1, 0, 5, 1449.40
1775256332, 1508, 51, 394, 0, 0, 0.54%, 1, 0, 5, 1399.97
1775256337, 1508, 83, 394, 0, 0, 0.54%, 1, 0, 5, 1516.86
1775256342, 1508, 106, 394, 0, 0, 0.54%, 1, 0, 5, 1432.59
1775256347, 1508, 239, 394, 0, 0, 0.54%, 1, 0, 5, 1480.19
1775256352, 1508, 311, 394, 0, 0, 0.54%, 1, 0, 5, 1308.63
1775256357, 1509, 11, 394, 0, 0, 0.54%, 1, 0, 5, 1329.27
1775256362, 1509, 76, 394, 0, 0, 0.54%, 1, 0, 5, 1474.69
1775256367, 1509, 106, 394, 0, 0, 0.54%, 1, 0, 5, 1341.75
1775256372, 1509, 172, 394, 0, 0, 0.54%, 1, 0, 5, 1478.79
1775256378, 1509, 305, 394, 0, 0, 0.54%, 1, 0, 5, 1493.07
1775256383, 1510, 22, 394, 0, 0, 0.54%, 1, 0, 5, 1438.14
1775256388, 1510, 83, 394, 0, 0, 0.54%, 1, 0, 5, 1483.76
1775256393, 1510, 93, 394, 0, 0, 0.54%, 1, 0, 5, 1337.23
1775256398, 1510, 155, 394, 0, 0, 0.54%, 1, 0, 5, 1543.29
1775256403, 1510, 287, 394, 0, 0, 0.54%, 1, 0, 5, 1458.64
1775256408, 1510, 381, 394, 0, 0, 0.54%, 1, 0, 5, 1373.90
1775256413, 1511, 68, 394, 0, 0, 0.54%, 1, 0, 5, 1498.40
1775256418, 1511, 106, 394, 0, 0, 0.54%, 1, 0, 5, 1545.69
1775256423, 1511, 287, 394, 0, 0, 0.54%, 1, 0, 5, 1548.10
1775256428, 1512, 57, 394, 0, 0, 0.54%, 1, 0, 5, 1458.49
1775256434, 1512, 93, 394, 0, 0, 0.54%, 1, 0, 5, 1529.10
1775256439, 1512, 188, 394, 0, 0, 0.54%, 1, 0, 5, 1511.47
1775256444, 1512, 287, 394, 0, 0, 0.54%, 1, 0, 5, 1448.97
1775256449, 1513, 9, 394, 0, 0, 0.54%, 1, 0, 5, 1405.72
1775256454, 1513, 57, 394, 0, 0, 0.54%, 1, 0, 5, 1447.05
1775256459, 1513, 106, 394, 0, 0, 0.54%, 1, 0, 5, 1628.93
1775256464, 1513, 176, 394, 0, 0, 0.54%, 1, 0, 5, 1601.65
1775256469, 1513, 287, 394, 0, 0, 0.54%, 1, 0, 5, 1645.85
1775256475, 1513, 380, 394, 0, 0, 0.54%, 1, 0, 5, 1282.92
1775256480, 1514, 58, 394, 0, 0, 0.54%, 1, 0, 5, 1440.84
1775256485, 1514, 88, 394, 0, 0, 0.54%, 1, 0, 5, 1470.84
1775256490, 1514, 158, 394, 0, 0, 0.54%, 1, 0, 5, 1319.85
1775256495, 1514, 255, 394, 0, 0, 0.54%, 1, 0, 5, 1380.99
1775256500, 1514, 277, 394, 0, 0, 0.54%, 1, 0, 5, 1331.00
1775256505, 1514, 311, 394, 0, 0, 0.54%, 1, 0, 5, 1277.60
1775256510, 1515, 57, 394, 0, 0, 0.54%, 1, 0, 5, 1454.07
1775256515, 1515, 92, 394, 0, 0, 0.54%, 1, 0, 5, 1601.39
1775256520, 1515, 183, 394, 0, 0, 0.54%, 1, 0, 5, 1505.57
1775256525, 1515, 304, 394, 0, 0, 0.54%, 1, 0, 5, 1397.66
1775256530, 1516, 22, 394, 0, 0, 0.54%, 1, 0, 5, 561.78
1775256535, 1516, 83, 394, 0, 0, 0.54%, 1, 0, 5, 1287.13
1775256540, 1516, 131, 394, 0, 0, 0.54%, 1, 0, 5, 1374.72
1775256546, 1516, 245, 394, 0, 0, 0.54%, 1, 0, 5, 1363.82
1775256551, 1516, 329, 394, 0, 0, 0.54%, 1, 0, 5, 1318.23
1775256556, 1517, 23, 394, 0, 0, 0.54%, 1, 0, 5, 1481.83
1775256561, 1517, 54, 394, 0, 0, 0.54%, 1, 0, 5, 1609.04
1775256566, 1517, 77, 394, 0, 0, 0.54%, 1, 0, 5, 1569.90
1775256571, 1517, 93, 394, 0, 0, 0.54%, 1, 0, 5, 1449.27
1775256576, 1517, 189, 394, 0, 0, 0.54%, 1, 0, 5, 1461.94
1775256581, 1517, 287, 394, 0, 0, 0.54%, 1, 0, 5, 1394.00
1775256586, 1517, 389, 394, 0, 0, 0.54%, 1, 0, 5, 1407.89
1775256592, 1518, 10, 394, 0, 0, 0.54%, 1, 0, 5, 1620.84
1775256597, 1518, 86, 394, 0, 0, 0.54%, 1, 0, 5, 1458.90
1775256602, 1518, 117, 394, 0, 0, 0.54%, 1, 0, 5, 1499.27
1775256607, 1518, 216, 394, 0, 0, 0.54%, 1, 0, 5, 1519.16
1775256612, 1518, 287, 394, 0, 0, 0.54%, 1, 0, 5, 1430.63
1775256617, 1518, 337, 394, 0, 0, 0.54%, 1, 0, 5, 1374.01
1775256622, 1519, 51, 394, 0, 0, 0.54%, 1, 0, 5, 1362.71
1775256627, 1519, 83, 394, 0, 0, 0.54%, 1, 0, 5, 1514.02
1775256632, 1519, 122, 394, 0, 0, 0.54%, 1, 0, 5, 1547.04
1775256637, 1519, 195, 394, 0, 0, 0.54%, 1, 0, 5, 1475.08
1775256642, 1519, 314, 394, 0, 0, 0.54%, 1, 0, 5, 1478.10
1775256647, 1520, 57, 394, 0, 0, 0.54%, 1, 0, 5, 1247.66
1775256652, 1520, 93, 394, 0, 0, 0.54%, 1, 0, 5, 1523.51
1775256658, 1520, 166, 394, 0, 0, 0.54%, 1, 0, 5, 1464.26
1775256663, 1520, 271, 394, 0, 0, 0.54%, 1, 0, 5, 1443.05
1775256668, 1520, 291, 394, 0, 0, 0.54%, 1, 0, 5, 1449.03
1775256673, 1520, 366, 394, 0, 0, 0.54%, 1, 0, 5, 1294.53
1775256678, 1521, 84, 394, 0, 0, 0.54%, 1, 0, 5, 1428.29
1775256683, 1521, 131, 394, 0, 0, 0.54%, 1, 0, 5, 1410.32
1775256688, 1521, 270, 394, 0, 0, 0.54%, 1, 0, 5, 1567.26
1775256693, 1521, 337, 394, 0, 0, 0.54%, 1, 0, 5, 1440.36
1775256698, 1522, 73, 394, 0, 0, 0.54%, 1, 0, 5, 1624.77
1775256703, 1522, 155, 394, 0, 0, 0.54%, 1, 0, 5, 1572.89
1775256708, 1522, 204, 394, 0, 0, 0.54%, 1, 0, 5, 1507.08
1775256714, 1522, 266, 394, 0, 0, 0.54%, 1, 0, 5, 1408.35
1775256719, 1522, 333, 394, 0, 0, 0.54%, 1, 0, 5, 1449.73
1775256724, 1523, 73, 394, 0, 0, 0.54%, 1, 0, 5, 1410.19
1775256729, 1523, 102, 394, 0, 0, 0.54%, 1, 0, 5, 1400.99
1775256734, 1523, 145, 394, 0, 0, 0.54%, 1, 0, 5, 1492.10
1775256739, 1523, 231, 394, 0, 0, 0.54%, 1, 0, 5, 1463.45
1775256744, 1523, 357, 394, 0, 0, 0.54%, 1, 0, 5, 1395.07
1775256749, 1524, 73, 394, 0, 0, 0.54%, 1, 0, 5, 1447.74
1775256754, 1524, 93, 394, 0, 0, 0.54%, 1, 0, 5, 1509.71
1775256760, 1524, 198, 394, 0, 0, 0.54%, 1, 0, 5, 1505.91
1775256765, 1524, 304, 394, 0, 0, 0.54%, 1, 0, 5, 1479.98
1775256770, 1525, 43, 394, 0, 0, 0.54%, 1, 0, 5, 1465.48
1775256775, 1525, 87, 394, 0, 0, 0.54%, 1, 0, 5, 1515.87
1775256780, 1525, 106, 394, 0, 0, 0.54%, 1, 0, 5, 1517.49
1775256785, 1525, 202, 394, 0, 0, 0.54%, 1, 0, 5, 1444.59
1775256790, 1525, 304, 394, 0, 0, 0.54%, 1, 0, 5, 1333.41
1775256795, 1526, 51, 394, 0, 0, 0.54%, 1, 0, 5, 1392.94
1775256800, 1526, 86, 394, 0, 0, 0.54%, 1, 0, 5, 1362.88
1775256805, 1526, 158, 394, 0, 0, 0.54%, 1, 0, 5, 1431.91
1775256810, 1526, 304, 394, 0, 0, 0.54%, 1, 0, 5, 1411.17
1775256816, 1526, 388, 394, 0, 0, 0.54%, 1, 0, 5, 844.84
1775256821, 1527, 57, 394, 0, 0, 0.54%, 1, 0, 5, 1340.06
1775256826, 1527, 88, 394, 0, 0, 0.54%, 1, 0, 5, 1414.99
1775256831, 1527, 164, 394, 0, 0, 0.54%, 1, 0, 5, 1486.85
1775256836, 1527, 299, 394, 0, 0, 0.54%, 1, 0, 5, 1400.55
1775256841, 1527, 369, 394, 0, 0, 0.54%, 1, 0, 5, 1294.84
1775256846, 1528, 60, 394, 0, 0, 0.54%, 1, 0, 5, 376.74
1775256851, 1528, 91, 394, 0, 0, 0.54%, 1, 0, 5, 1319.18
1775256856, 1528, 128, 394, 0, 0, 0.54%, 1, 0, 5, 1555.96
1775256861, 1528, 175, 394, 0, 0, 0.54%, 1, 0, 5, 1493.64
1775256867, 1528, 273, 394, 0, 0, 0.54%, 1, 0, 5, 1379.65
1775256872, 1528, 333, 394, 0, 0, 0.54%, 1, 0, 5, 1438.95
1775256877, 1529, 53, 394, 0, 0, 0.54%, 1, 0, 5, 1519.59
1775256882, 1529, 88, 394, 0, 0, 0.54%, 1, 0, 5, 1518.58
1775256887, 1529, 150, 394, 0, 0, 0.54%, 1, 0, 5, 1515.62
1775256892, 1529, 223, 394, 0, 0, 0.54%, 1, 0, 5, 1449.78
1775256897, 1529, 296, 394, 0, 0, 0.54%, 1, 0, 5, 1388.81
1775256902, 1530, 31, 394, 0, 0, 0.54%, 1, 0, 5, 1392.27
1775256907, 1530, 86, 394, 0, 0, 0.54%, 1, 0, 5, 1423.59
1775256912, 1530, 215, 394, 0, 0, 0.54%, 1, 0, 5, 1567.09
1775256918, 1530, 277, 394, 0, 0, 0.54%, 1, 0, 5, 1432.37
1775256923, 1530, 325, 394, 0, 0, 0.54%, 1, 0, 5, 1390.10
1775256928, 1531, 12, 394, 0, 0, 0.54%, 1, 0, 5, 1373.29
1775256933, 1531, 88, 394, 0, 0, 0.54%, 1, 0, 5, 1490.16
1775256938, 1531, 105, 394, 0, 0, 0.54%, 1, 0, 5, 1487.18
1775256943, 1531, 177, 394, 0, 0, 0.54%, 1, 0, 5, 1559.72
1775256948, 1531, 287, 394, 0, 0, 0.54%, 1, 0, 5, 1555.18
1775256953, 1531, 389, 394, 0, 0, 0.54%, 1, 0, 5, 1329.75
1775256963, 1532, 57, 394, 0, 0, 0.54%, 1, 0, 5, 907.26
1775256968, 1532, 93, 394, 0, 0, 0.54%, 1, 0, 5, 1304.89
1775256974, 1532, 163, 394, 0, 0, 0.54%, 1, 0, 5, 1404.76
1775256979, 1532, 304, 394, 0, 0, 0.54%, 1, 0, 5, 1588.33
1775256984, 1533, 13, 394, 0, 0, 0.54%, 1, 0, 5, 1327.98
1775256989, 1533, 83, 394, 0, 0, 0.54%, 1, 0, 5, 1498.31
1775256994, 1533, 94, 394, 0, 0, 0.54%, 1, 0, 5, 1535.54
1775256999, 1533, 177, 394, 0, 0, 0.54%, 1, 0, 5, 1411.67
1775257004, 1533, 287, 394, 0, 0, 0.54%, 1, 0, 5, 1538.98
1775257009, 1534, 12, 394, 0, 0, 0.54%, 1, 0, 5, 1407.28
1775257014, 1534, 73, 394, 0, 0, 0.54%, 1, 0, 5, 1468.91
1775257019, 1534, 93, 394, 0, 0, 0.54%, 1, 0, 5, 1496.54
1775257025, 1534, 159, 394, 0, 0, 0.54%, 1, 0, 5, 1460.20
1775257030, 1534, 292, 394, 0, 0, 0.54%, 1, 0, 5, 1367.15
1775257035, 1535, 51, 394, 0, 0, 0.54%, 1, 0, 5, 1447.87
1775257040, 1535, 88, 394, 0, 0, 0.54%, 1, 0, 5, 1527.20
1775257045, 1535, 158, 394, 0, 0, 0.54%, 1, 0, 5, 1502.79
1775257050, 1535, 242, 394, 0, 0, 0.54%, 1, 0, 5, 1551.11
1775257055, 1535, 335, 394, 0, 0, 0.54%, 1, 0, 5, 1381.39
1775257060, 1536, 51, 394, 0, 0, 0.54%, 1, 0, 5, 1310.27
1775257065, 1536, 88, 394, 0, 0, 0.54%, 1, 0, 5, 1493.44
1775257070, 1536, 156, 394, 0, 0, 0.54%, 1, 0, 5, 1434.94
1775257075, 1536, 239, 394, 0, 0, 0.54%, 1, 0, 5, 1382.74
1775257080, 1536, 312, 394, 0, 0, 0.54%, 1, 0, 5, 1389.48
1775257085, 1537, 57, 394, 0, 0, 0.54%, 1, 0, 5, 1493.62
1775257091, 1537, 91, 394, 0, 0, 0.54%, 1, 0, 5, 1532.43
1775257096, 1537, 126, 394, 0, 0, 0.54%, 1, 0, 5, 1473.13
1775257101, 1537, 244, 394, 0, 0, 0.54%, 1, 0, 5, 1587.25
1775257106, 1537, 279, 394, 0, 0, 0.54%, 1, 0, 5, 1356.62
1775257111, 1537, 370, 394, 0, 0, 0.54%, 1, 0, 5, 1264.68
1775257116, 1538, 83, 394, 0, 0, 0.54%, 1, 0, 5, 1468.16
1775257121, 1538, 106, 394, 0, 0, 0.54%, 1, 0, 5, 1423.22
1775257126, 1538, 221, 394, 0, 0, 0.54%, 1, 0, 5, 1366.88
1775257131, 1538, 312, 394, 0, 0, 0.54%, 1, 0, 5, 1331.41
1775257136, 1539, 10, 394, 0, 0, 0.54%, 1, 0, 5, 1380.32
1775257141, 1539, 82, 394, 0, 0, 0.54%, 1, 0, 5, 1350.68
1775257146, 1539, 98, 394, 0, 0, 0.54%, 1, 0, 5, 1382.40
1775257151, 1539, 152, 394, 0, 0, 0.54%, 1, 0, 5, 1468.30
1775257157, 1539, 221, 394, 0, 0, 0.54%, 1, 0, 5, 1451.16
1775257162, 1539, 348, 394, 0, 0, 0.54%, 1, 0, 5, 1389.24
1775257167, 1540, 73, 394, 0, 0, 0.54%, 1, 0, 5, 1418.76
1775257172, 1540, 93, 394, 0, 0, 0.54%, 1, 0, 5, 1348.07
1775257177, 1540, 180, 394, 0, 0, 0.54%, 1, 0, 5, 1440.46
1775257182, 1540, 226, 394, 0, 0, 0.54%, 1, 0, 5, 1304.10
1775257187, 1541, 5, 394, 0, 0, 0.54%, 1, 0, 5, 1459.16
1775257192, 1541, 83, 394, 0, 0, 0.54%, 1, 0, 5, 1544.06
1775257197, 1541, 106, 394, 0, 0, 0.54%, 1, 0, 5, 1428.80
1775257203, 1541, 264, 394, 0, 0, 0.54%, 1, 0, 5, 1274.51
1775257208, 1541, 320, 394, 0, 0, 0.54%, 1, 0, 5, 1413.15
1775257213, 1542, 61, 394, 0, 0, 0.54%, 1, 0, 5, 1410.43
1775257218, 1542, 88, 394, 0, 0, 0.54%, 1, 0, 5, 1452.67
1775257223, 1542, 185, 394, 0, 0, 0.54%, 1, 0, 5, 1430.04
1775257228, 1542, 202, 394, 0, 0, 0.54%, 1, 0, 5, 1422.19
1775257233, 1543, 4, 394, 0, 0, 0.54%, 1, 0, 5, 1705.00
1775257238, 1543, 58, 394, 0, 0, 0.54%, 1, 0, 5, 1472.40
1775257244, 1543, 93, 394, 0, 0, 0.54%, 1, 0, 5, 1468.05
1775257249, 1543, 144, 394, 0, 0, 0.54%, 1, 0, 5, 1368.83
1775257254, 1543, 246, 394, 0, 0, 0.54%, 1, 0, 5, 1396.59
1775257259, 1543, 333, 394, 0, 0, 0.54%, 1, 0, 5, 1408.70
1775257264, 1544, 73, 394, 0, 0, 0.54%, 1, 0, 5, 1510.19
1775257269, 1544, 106, 394, 0, 0, 0.54%, 1, 0, 5, 1496.60
1775257274, 1544, 240, 394, 0, 0, 0.54%, 1, 0, 5, 1436.29
1775257279, 1544, 338, 394, 0, 0, 0.54%, 1, 0, 5, 1409.12
1775257285, 1545, 83, 394, 0, 0, 0.54%, 1, 0, 5, 1471.64
1775257290, 1545, 139, 394, 0, 0, 0.54%, 1, 0, 5, 1484.86
1775257295, 1545, 200, 394, 0, 0, 0.54%, 1, 0, 5, 1425.08
1775257300, 1545, 248, 394, 0, 0, 0.54%, 1, 0, 5, 1444.51
1775257305, 1545, 333, 394, 0, 0, 0.54%, 1, 0, 5, 1531.10
1775257310, 1546, 58, 394, 0, 0, 0.54%, 1, 0, 5, 1494.12
1775257315, 1546, 88, 394, 0, 0, 0.54%, 1, 0, 5, 1542.79
1775257320, 1546, 158, 394, 0, 0, 0.54%, 1, 0, 5, 1504.20
1775257325, 1546, 251, 394, 0, 0, 0.54%, 1, 0, 5, 1514.38
1775257331, 1546, 358, 394, 0, 0, 0.54%, 1, 0, 5, 1413.31
1775257336, 1547, 73, 394, 0, 0, 0.54%, 1, 0, 5, 1365.24
1775257341, 1547, 86, 394, 0, 0, 0.54%, 1, 0, 5, 728.68
1775257346, 1547, 158, 394, 0, 0, 0.54%, 1, 0, 5, 1262.05
1775257351, 1547, 275, 394, 0, 0, 0.54%, 1, 0, 5, 1444.88
1775257356, 1547, 363, 394, 0, 0, 0.54%, 1, 0, 5, 1449.74
1775257361, 1547, 389, 394, 0, 0, 0.54%, 1, 0, 5, 1654.15
1775257366, 1548, 57, 394, 0, 0, 0.54%, 1, 0, 5, 1652.56
1775257371, 1548, 93, 394, 0, 0, 0.54%, 1, 0, 5, 1499.97
1775257376, 1548, 214, 394, 0, 0, 0.54%, 1, 0, 5, 1564.21
1775257382, 1548, 277, 394, 0, 0, 0.54%, 1, 0, 5, 1392.77
1775257387, 1549, 2, 394, 0, 0, 0.54%, 1, 0, 5, 1360.19
1775257392, 1549, 67, 394, 0, 0, 0.54%, 1, 0, 5, 1652.53
1775257397, 1549, 89, 394, 0, 0, 0.54%, 1, 0, 5, 1503.02
1775257402, 1549, 116, 394, 0, 0, 0.54%, 1, 0, 5, 1546.48
1775257407, 1549, 183, 394, 0, 0, 0.54%, 1, 0, 5, 1359.09
1775257412, 1549, 238, 394, 0, 0, 0.54%, 1, 0, 5, 1391.93
1775257418, 1549, 304, 394, 0, 0, 0.54%, 1, 0, 5, 1356.01
1775257423, 1550, 19, 394, 0, 0, 0.54%, 1, 0, 5, 1417.48
1775257428, 1550, 73, 394, 0, 0, 0.54%, 1, 0, 5, 1418.31
1775257433, 1550, 87, 394, 0, 0, 0.54%, 1, 0, 5, 1489.01
1775257438, 1550, 165, 394, 0, 0, 0.54%, 1, 0, 5, 1436.70
1775257443, 1550, 237, 394, 0, 0, 0.54%, 1, 0, 5, 1273.47
1775257448, 1550, 304, 394, 0, 0, 0.54%, 1, 0, 5, 1379.23
1775257453, 1550, 368, 394, 0, 0, 0.54%, 1, 0, 5, 1268.69
1775257458, 1551, 73, 394, 0, 0, 0.54%, 1, 0, 5, 1442.62
1775257464, 1551, 114, 394, 0, 0, 0.54%, 1, 0, 5, 1469.43
1775257469, 1551, 311, 394, 0, 0, 0.54%, 1, 0, 5, 1454.75
1775257474, 1552, 10, 394, 0, 0, 0.54%, 1, 0, 5, 1335.35
1775257479, 1552, 59, 394, 0, 0, 0.54%, 1, 0, 5, 1404.19
1775257484, 1552, 88, 394, 0, 0, 0.54%, 1, 0, 5, 1550.13
1775257489, 1552, 156, 394, 0, 0, 0.54%, 1, 0, 5, 1464.56
1775257494, 1552, 187, 394, 0, 0, 0.54%, 1, 0, 5, 1417.41
1775257499, 1552, 276, 394, 0, 0, 0.54%, 1, 0, 5, 1483.58
1775257504, 1552, 336, 394, 0, 0, 0.54%, 1, 0, 5, 1480.50
1775257509, 1553, 57, 394, 0, 0, 0.54%, 1, 0, 5, 1451.28
1775257514, 1553, 86, 394, 0, 0, 0.54%, 1, 0, 5, 1402.13
1775257519, 1553, 181, 394, 0, 0, 0.54%, 1, 0, 5, 1446.46
1775257525, 1553, 314, 394, 0, 0, 0.54%, 1, 0, 5, 1390.02
1775257530, 1554, 33, 394, 0, 0, 0.54%, 1, 0, 5, 1340.60
1775257535, 1554, 86, 394, 0, 0, 0.54%, 1, 0, 5, 1520.85
1775257540, 1554, 127, 394, 0, 0, 0.54%, 1, 0, 5, 1538.18
1775257545, 1554, 171, 394, 0, 0, 0.54%, 1, 0, 5, 1443.65
1775257550, 1554, 304, 394, 0, 0, 0.54%, 1, 0, 5, 1350.27
1775257555, 1555, 51, 394, 0, 0, 0.54%, 1, 0, 5, 1372.60
1775257560, 1555, 86, 394, 0, 0, 0.54%, 1, 0, 5, 1517.98
1775257565, 1555, 127, 394, 0, 0, 0.54%, 1, 0, 5, 1474.89
1775257571, 1555, 304, 394, 0, 0, 0.54%, 1, 0, 5, 1469.75
1775257576, 1556, 53, 394, 0, 0, 0.54%, 1, 0, 5, 1425.54
1775257581, 1556, 86, 394, 0, 0, 0.54%, 1, 0, 5, 1225.37
1775257586, 1556, 158, 394, 0, 0, 0.54%, 1, 0, 5, 1455.25
1775257591, 1556, 312, 394, 0, 0, 0.54%, 1, 0, 5, 1463.96
1775257596, 1557, 45, 394, 0, 0, 0.54%, 1, 0, 5, 1390.31
1775257601, 1557, 79, 394, 0, 0, 0.54%, 1, 0, 5, 1555.54
1775257606, 1557, 106, 394, 0, 0, 0.54%, 1, 0, 5, 1411.79
1775257611, 1557, 180, 394, 0, 0, 0.54%, 1, 0, 5, 1495.36
1775257617, 1557, 337, 394, 0, 0, 0.54%, 1, 0, 5, 1429.23
1775257622, 1558, 57, 394, 0, 0, 0.54%, 1, 0, 5, 1455.71
1775257627, 1558, 88, 394, 0, 0, 0.54%, 1, 0, 5, 1456.74
1775257632, 1558, 158, 394, 0, 0, 0.54%, 1, 0, 5, 1503.01
1775257637, 1558, 287, 394, 0, 0, 0.54%, 1, 0, 5, 1421.21
1775257642, 1558, 372, 394, 0, 0, 0.54%, 1, 0, 5, 1302.77
1775257647, 1559, 58, 394, 0, 0, 0.54%, 1, 0, 5, 1504.18
1775257652, 1559, 88, 394, 0, 0, 0.54%, 1, 0, 5, 1473.73
1775257657, 1559, 158, 394, 0, 0, 0.54%, 1, 0, 5, 1535.08
1775257662, 1559, 236, 394, 0, 0, 0.54%, 1, 0, 5, 1553.76
1775257668, 1559, 312, 394, 0, 0, 0.54%, 1, 0, 5, 1587.78
1775257673, 1560, 48, 394, 0, 0, 0.54%, 1, 0, 5, 1421.45
1775257678, 1560, 83, 394, 0, 0, 0.54%, 1, 0, 5, 1377.98
1775257683, 1560, 106, 394, 0, 0, 0.54%, 1, 0, 5, 1261.34
1775257688, 1560, 311, 394, 0, 0, 0.54%, 1, 0, 5, 1381.55
1775257693, 1561, 57, 394, 0, 0, 0.54%, 1, 0, 5, 1476.15
1775257698, 1561, 88, 394, 0, 0, 0.54%, 1, 0, 5, 1495.67
1775257703, 1561, 217, 394, 0, 0, 0.54%, 1, 0, 5, 1454.93
1775257708, 1561, 287, 394, 0, 0, 0.54%, 1, 0, 5, 1401.73
1775257713, 1561, 388, 394, 0, 0, 0.54%, 1, 0, 5, 1380.99
1775257719, 1562, 65, 394, 0, 0, 0.54%, 1, 0, 5, 1532.72
1775257724, 1562, 106, 394, 0, 0, 0.54%, 1, 0, 5, 1557.36
1775257729, 1562, 253, 394, 0, 0, 0.54%, 1, 0, 5, 1362.89
1775257734, 1562, 312, 394, 0, 0, 0.54%, 1, 0, 5, 1347.58
1775257739, 1563, 49, 394, 0, 0, 0.54%, 1, 0, 5, 1456.07
1775257744, 1563, 86, 394, 0, 0, 0.54%, 1, 0, 5, 1599.31
1775257749, 1563, 158, 394, 0, 0, 0.54%, 1, 0, 5, 1415.21
1775257754, 1563, 255, 394, 0, 0, 0.54%, 1, 0, 5, 1501.32
1775257760, 1564, 12, 394, 0, 0, 0.54%, 1, 0, 5, 1402.35
1775257765, 1564, 86, 394, 0, 0, 0.54%, 1, 0, 5, 1475.42
1775257770, 1564, 109, 394, 0, 0, 0.54%, 1, 0, 5, 1266.05
1775257775, 1564, 242, 394, 0, 0, 0.54%, 1, 0, 5, 1427.52
1775257780, 1564, 312, 394, 0, 0, 0.54%, 1, 0, 5, 1401.72
1775257785, 1564, 393, 394, 0, 0, 0.54%, 1, 0, 5, 1432.60
1775257790, 1565, 51, 394, 0, 0, 0.54%, 1, 0, 5, 1466.70
1775257795, 1565, 88, 394, 0, 0, 0.54%, 1, 0, 5, 1565.88
1775257800, 1565, 158, 394, 0, 0, 0.54%, 1, 0, 5, 1574.64
1775257805, 1565, 260, 394, 0, 0, 0.54%, 1, 0, 5, 1492.67
1775257810, 1565, 311, 394, 0, 0, 0.54%, 1, 0, 5, 1307.02
1775257815, 1566, 24, 394, 0, 0, 0.54%, 1, 0, 5, 1068.33
1775257821, 1566, 88, 394, 0, 0, 0.54%, 1, 0, 5, 1495.54
1775257826, 1566, 141, 394, 0, 0, 0.54%, 1, 0, 5, 1474.65
1775257831, 1566, 274, 394, 0, 0, 0.54%, 1, 0, 5, 1478.52
1775257836, 1566, 333, 394, 0, 0, 0.54%, 1, 0, 5, 1428.12
1775257841, 1567, 57, 394, 0, 0, 0.54%, 1, 0, 5, 1420.64
1775257846, 1567, 88, 394, 0, 0, 0.54%, 1, 0, 5, 1367.33
1775257851, 1567, 188, 394, 0, 0, 0.54%, 1, 0, 5, 1487.70
1775257857, 1567, 254, 394, 0, 0, 0.54%, 1, 0, 5, 1481.29
1775257862, 1567, 337, 394, 0, 0, 0.54%, 1, 0, 5, 1424.29
1775257867, 1567, 389, 394, 0, 0, 0.54%, 1, 0, 5, 1495.47
1775257872, 1568, 42, 394, 0, 0, 0.54%, 1, 0, 5, 1611.76
1775257877, 1568, 83, 394, 0, 0, 0.54%, 1, 0, 5, 1418.67
1775257882, 1568, 116, 394, 0, 0, 0.54%, 1, 0, 5, 1509.90
1775257887, 1568, 239, 394, 0, 0, 0.54%, 1, 0, 5, 1474.61
1775257892, 1568, 312, 394, 0, 0, 0.54%, 1, 0, 5, 1367.76
1775257897, 1568, 388, 394, 0, 0, 0.54%, 1, 0, 5, 1228.24
1775257902, 1569, 73, 394, 0, 0, 0.54%, 1, 0, 5, 1545.87
1775257907, 1569, 106, 394, 0, 0, 0.54%, 1, 0, 5, 1588.20
1775257912, 1569, 190, 394, 0, 0, 0.54%, 1, 0, 5, 1208.52
1775257918, 1569, 304, 394, 0, 0, 0.54%, 1, 0, 5, 1341.93
1775257923, 1569, 351, 394, 0, 0, 0.54%, 1, 0, 5, 1315.91
1775257928, 1570, 50, 394, 0, 0, 0.54%, 1, 0, 5, 1348.46
1775257933, 1570, 88, 394, 0, 0, 0.54%, 1, 0, 5, 1477.96
1775257938, 1570, 152, 394, 0, 0, 0.54%, 1, 0, 5, 1466.32
1775257943, 1570, 261, 394, 0, 0, 0.54%, 1, 0, 5, 1485.59
1775257948, 1570, 313, 394, 0, 0, 0.54%, 1, 0, 5, 1521.60
1775257953, 1571, 13, 394, 0, 0, 0.54%, 1, 0, 5, 1462.09
1775257958, 1571, 73, 394, 0, 0, 0.54%, 1, 0, 5, 1403.39
1775257964, 1571, 106, 394, 0, 0, 0.54%, 1, 0, 5, 1428.30
1775257969, 1571, 176, 394, 0, 0, 0.54%, 1, 0, 5, 1510.18
1775257974, 1571, 286, 394, 0, 0, 0.54%, 1, 0, 5, 1424.30
1775257979, 1571, 365, 394, 0, 0, 0.54%, 1, 0, 5, 1386.59
1775257984, 1572, 31, 394, 0, 0, 0.54%, 1, 0, 5, 1480.49
1775257989, 1572, 72, 394, 0, 0, 0.54%, 1, 0, 5, 1405.80
1775257994, 1572, 96, 394, 0, 0, 0.54%, 1, 0, 5, 1497.73
1775258000, 1572, 260, 394, 0, 0, 0.54%, 1, 0, 5, 1502.75
1775258005, 1572, 311, 394, 0, 0, 0.54%, 1, 0, 5, 1478.55
1775258010, 1572, 389, 394, 0, 0, 0.54%, 1, 0, 5, 1346.21
1775258015, 1573, 51, 394, 0, 0, 0.54%, 1, 0, 5, 1351.11
1775258020, 1573, 88, 394, 0, 0, 0.54%, 1, 0, 5, 1542.90
1775258025, 1573, 158, 394, 0, 0, 0.54%, 1, 0, 5, 1461.77
1775258030, 1573, 266, 394, 0, 0, 0.54%, 1, 0, 5, 1430.53
1775258035, 1573, 300, 394, 0, 0, 0.54%, 1, 0, 5, 1343.37
1775258040, 1573, 343, 394, 0, 0, 0.54%, 1, 0, 5, 1315.63
1775258046, 1574, 57, 394, 0, 0, 0.54%, 1, 0, 5, 1454.16
1775258051, 1574, 98, 394, 0, 0, 0.54%, 1, 0, 5, 1539.85
1775258056, 1574, 191, 394, 0, 0, 0.54%, 1, 0, 5, 1372.54
1775258061, 1574, 287, 394, 0, 0, 0.54%, 1, 0, 5, 1459.82
1775258066, 1574, 391, 394, 0, 0, 0.54%, 1, 0, 5, 234.73
1775258071, 1575, 82, 394, 0, 0, 0.54%, 1, 0, 5, 1451.65
1775258076, 1575, 100, 394, 0, 0, 0.54%, 1, 0, 5, 1438.45
1775258081, 1575, 158, 394, 0, 0, 0.54%, 1, 0, 5, 1361.47
1775258086, 1575, 211, 394, 0, 0, 0.54%, 1, 0, 5, 1288.53
1775258091, 1575, 274, 394, 0, 0, 0.54%, 1, 0, 5, 1351.90
1775258097, 1575, 344, 394, 0, 0, 0.54%, 1, 0, 5, 1444.20
1775258102, 1576, 73, 394, 0, 0, 0.54%, 1, 0, 5, 1526.84
1775258107, 1576, 106, 394, 0, 0, 0.54%, 1, 0, 5, 1517.26
1775258112, 1576, 229, 394, 0, 0, 0.54%, 1, 0, 5, 1487.46
1775258117, 1576, 310, 394, 0, 0, 0.54%, 1, 0, 5, 1386.65
1775258122, 1577, 33, 394, 0, 0, 0.54%, 1, 0, 5, 1409.48
1775258127, 1577, 83, 394, 0, 0, 0.54%, 1, 0, 5, 1531.85
1775258132, 1577, 118, 394, 0, 0, 0.54%, 1, 0, 5, 1507.76
1775258138, 1577, 255, 394, 0, 0, 0.54%, 1, 0, 5, 1365.97
1775258143, 1577, 333, 394, 0, 0, 0.54%, 1, 0, 5, 1354.06
1775258148, 1578, 27, 394, 0, 0, 0.54%, 1, 0, 5, 1494.36
1775258153, 1578, 60, 394, 0, 0, 0.54%, 1, 0, 5, 1388.87
1775258158, 1578, 85, 394, 0, 0, 0.54%, 1, 0, 5, 1393.97
1775258163, 1578, 93, 394, 0, 0, 0.54%, 1, 0, 5, 1566.91
1775258168, 1578, 173, 394, 0, 0, 0.54%, 1, 0, 5, 1384.53
1775258173, 1578, 304, 394, 0, 0, 0.54%, 1, 0, 5, 1335.90
1775258178, 1579, 5, 394, 0, 0, 0.54%, 1, 0, 5, 1383.33
1775258183, 1579, 86, 394, 0, 0, 0.54%, 1, 0, 5, 1557.25
1775258188, 1579, 122, 394, 0, 0, 0.54%, 1, 0, 5, 1483.00
1775258194, 1579, 237, 394, 0, 0, 0.54%, 1, 0, 5, 1499.92
1775258199, 1579, 322, 394, 0, 0, 0.54%, 1, 0, 5, 1382.19
1775258204, 1580, 51, 394, 0, 0, 0.54%, 1, 0, 5, 1405.56
1775258209, 1580, 72, 394, 0, 0, 0.54%, 1, 0, 5, 1434.59
1775258214, 1580, 88, 394, 0, 0, 0.54%, 1, 0, 5, 1340.05
1775258219, 1580, 106, 394, 0, 0, 0.54%, 1, 0, 5, 1284.93
1775258224, 1580, 200, 394, 0, 0, 0.54%, 1, 0, 5, 1399.32
1775258229, 1580, 331, 394, 0, 0, 0.54%, 1, 0, 5, 1402.47
1775258234, 1580, 389, 394, 0, 0, 0.54%, 1, 0, 5, 1414.38
1775258239, 1581, 38, 394, 0, 0, 0.54%, 1, 0, 5, 1583.71
1775258245, 1581, 85, 394, 0, 0, 0.54%, 1, 0, 5, 1472.89
1775258250, 1581, 132, 394, 0, 0, 0.54%, 1, 0, 5, 1486.16
1775258255, 1581, 233, 394, 0, 0, 0.54%, 1, 0, 5, 1403.20
1775258260, 1581, 304, 394, 0, 0, 0.54%, 1, 0, 5, 1486.73
1775258265, 1582, 0, 394, 0, 0, 0.54%, 1, 0, 5, 1288.25
1775258270, 1582, 57, 394, 0, 0, 0.54%, 1, 0, 5, 1370.22
1775258275, 1582, 93, 394, 0, 0, 0.54%, 1, 0, 5, 1433.97
1775258280, 1582, 149, 394, 0, 0, 0.54%, 1, 0, 5, 1483.24
1775258285, 1582, 221, 394, 0, 0, 0.54%, 1, 0, 5, 1468.32
1775258290, 1582, 333, 394, 0, 0, 0.54%, 1, 0, 5, 1501.46
1775258295, 1583, 51, 394, 0, 0, 0.54%, 1, 0, 5, 1409.40
1775258300, 1583, 86, 394, 0, 0, 0.54%, 1, 0, 5, 1463.11
1775258305, 1583, 157, 394, 0, 0, 0.54%, 1, 0, 5, 1582.54
1775258310, 1583, 273, 394, 0, 0, 0.54%, 1, 0, 5, 1517.28
1775258315, 1583, 311, 394, 0, 0, 0.54%, 1, 0, 5, 1435.56
1775258320, 1584, 29, 394, 0, 0, 0.54%, 1, 0, 5, 1699.43
1775258326, 1584, 83, 394, 0, 0, 0.54%, 1, 0, 5, 1502.72
1775258331, 1584, 106, 394, 0, 0, 0.54%, 1, 0, 5, 1186.71
1775258336, 1584, 241, 394, 0, 0, 0.54%, 1, 0, 5, 1423.13
1775258341, 1584, 312, 394, 0, 0, 0.54%, 1, 0, 5, 1395.09
1775258346, 1585, 51, 394, 0, 0, 0.54%, 1, 0, 5, 1373.82
1775258351, 1585, 93, 394, 0, 0, 0.54%, 1, 0, 5, 1461.24
1775258356, 1585, 196, 394, 0, 0, 0.54%, 1, 0, 5, 1485.13
1775258361, 1585, 337, 394, 0, 0, 0.54%, 1, 0, 5, 1457.65
1775258366, 1586, 37, 394, 0, 0, 0.54%, 1, 0, 5, 1293.27
1775258371, 1586, 83, 394, 0, 0, 0.54%, 1, 0, 5, 1537.43
1775258376, 1586, 121, 394, 0, 0, 0.54%, 1, 0, 5, 1679.71
1775258382, 1586, 275, 394, 0, 0, 0.54%, 1, 0, 5, 1451.27
1775258387, 1586, 329, 394, 0, 0, 0.54%, 1, 0, 5, 1529.49
1775258392, 1587, 57, 394, 0, 0, 0.54%, 1, 0, 5, 1405.08
1775258397, 1587, 93, 394, 0, 0, 0.54%, 1, 0, 5, 1430.88
1775258402, 1587, 191, 394, 0, 0, 0.54%, 1, 0, 5, 1409.10
1775258407, 1587, 289, 394, 0, 0, 0.54%, 1, 0, 5, 1426.37
1775258413, 1587, 357, 394, 0, 0, 0.54%, 1, 0, 5, 1349.12
1775258418, 1588, 86, 394, 0, 0, 0.54%, 1, 0, 5, 1456.82
1775258423, 1588, 106, 394, 0, 0, 0.54%, 1, 0, 5, 1450.97
1775258428, 1588, 180, 394, 0, 0, 0.54%, 1, 0, 5, 1434.60
1775258433, 1588, 333, 394, 0, 0, 0.54%, 1, 0, 5, 1463.54
1775258438, 1589, 55, 394, 0, 0, 0.54%, 1, 0, 5, 1353.08
1775258443, 1589, 88, 394, 0, 0, 0.54%, 1, 0, 5, 1607.10
1775258448, 1589, 166, 394, 0, 0, 0.54%, 1, 0, 5, 1450.86
1775258453, 1589, 287, 394, 0, 0, 0.54%, 1, 0, 5, 1539.90
1775258458, 1589, 358, 394, 0, 0, 0.54%, 1, 0, 5, 1418.63
1775258463, 1590, 49, 394, 0, 0, 0.54%, 1, 0, 5, 1356.77
1775258468, 1590, 86, 394, 0, 0, 0.54%, 1, 0, 5, 1474.96
1775258474, 1590, 151, 394, 0, 0, 0.54%, 1, 0, 5, 1552.48
1775258479, 1590, 255, 394, 0, 0, 0.54%, 1, 0, 5, 1526.13
1775258484, 1590, 304, 394, 0, 0, 0.54%, 1, 0, 5, 881.43
1775258489, 1591, 17, 394, 0, 0, 0.54%, 1, 0, 5, 1319.02
1775258494, 1591, 83, 394, 0, 0, 0.54%, 1, 0, 5, 1407.56
1775258499, 1591, 124, 394, 0, 0, 0.54%, 1, 0, 5, 1489.99
1775258504, 1591, 178, 394, 0, 0, 0.54%, 1, 0, 5, 1516.39
1775258509, 1591, 302, 394, 0, 0, 0.54%, 1, 0, 5, 1529.74
1775258514, 1591, 347, 394, 0, 0, 0.54%, 1, 0, 5, 1453.22
1775258519, 1592, 57, 394, 0, 0, 0.54%, 1, 0, 5, 1765.10
1775258524, 1592, 93, 394, 0, 0, 0.54%, 1, 0, 5, 1625.09
1775258530, 1592, 158, 394, 0, 0, 0.54%, 1, 0, 5, 1554.10
1775258535, 1592, 304, 394, 0, 0, 0.54%, 1, 0, 5, 1385.56
1775258540, 1593, 13, 394, 0, 0, 0.54%, 1, 0, 5, 1451.62
1775258545, 1593, 75, 394, 0, 0, 0.54%, 1, 0, 5, 1498.31
1775258550, 1593, 96, 394, 0, 0, 0.54%, 1, 0, 5, 1542.33
1775258555, 1593, 151, 394, 0, 0, 0.54%, 1, 0, 5, 1541.88
1775258560, 1593, 233, 394, 0, 0, 0.54%, 1, 0, 5, 1372.41
1775258565, 1593, 306, 394, 0, 0, 0.54%, 1, 0, 5, 1274.98
1775258570, 1593, 351, 394, 0, 0, 0.54%, 1, 0, 5, 1421.30
1775258575, 1594, 65, 394, 0, 0, 0.54%, 1, 0, 5, 1655.24
1775258580, 1594, 102, 394, 0, 0, 0.54%, 1, 0, 5, 1617.57
1775258586, 1594, 173, 394, 0, 0, 0.54%, 1, 0, 5, 1521.29
1775258591, 1594, 287, 394, 0, 0, 0.54%, 1, 0, 5, 1453.37
1775258596, 1595, 4, 394, 0, 0, 0.54%, 1, 0, 5, 1327.47
1775258601, 1595, 73, 394, 0, 0, 0.54%, 1, 0, 5, 1516.62
1775258606, 1595, 106, 394, 0, 0, 0.54%, 1, 0, 5, 1561.67
1775258611, 1595, 179, 394, 0, 0, 0.54%, 1, 0, 5, 1515.86
1775258616, 1595, 311, 394, 0, 0, 0.54%, 1, 0, 5, 1519.81
1775258621, 1595, 388, 394, 0, 0, 0.54%, 1, 0, 5, 1280.85
1775258627, 1596, 83, 394, 0, 0, 0.54%, 1, 0, 5, 1497.35
1775258632, 1596, 106, 394, 0, 0, 0.54%, 1, 0, 5, 1563.89
1775258637, 1596, 183, 394, 0, 0, 0.54%, 1, 0, 5, 1489.92
1775258642, 1596, 304, 394, 0, 0, 0.54%, 1, 0, 5, 1417.31
1775258647, 1596, 388, 394, 0, 0, 0.54%, 1, 0, 5, 1303.01
1775258652, 1596, 389, 394, 0, 0, 0.54%, 1, 0, 5, 1481.56
1775258657, 1597, 57, 394, 0, 0, 0.54%, 1, 0, 5, 1474.85
1775258662, 1597, 93, 394, 0, 0, 0.54%, 1, 0, 5, 1479.20
1775258668, 1597, 220, 394, 0, 0, 0.54%, 1, 0, 5, 1440.41
1775258673, 1597, 287, 394, 0, 0, 0.54%, 1, 0, 5, 1535.53
1775258678, 1598, 24, 394, 0, 0, 0.54%, 1, 0, 5, 1463.88
1775258683, 1598, 83, 394, 0, 0, 0.54%, 1, 0, 5, 1537.07
1775258688, 1598, 106, 394, 0, 0, 0.54%, 1, 0, 5, 1486.66
1775258693, 1598, 264, 394, 0, 0, 0.54%, 1, 0, 5, 1599.20
1775258698, 1598, 359, 394, 0, 0, 0.54%, 1, 0, 5, 1411.03
1775258703, 1599, 73, 394, 0, 0, 0.54%, 1, 0, 5, 1358.12
1775258708, 1599, 139, 394, 0, 0, 0.54%, 1, 0, 5, 1497.28
1775258714, 1599, 221, 394, 0, 0, 0.54%, 1, 0, 5, 1369.91
1775258719, 1599, 325, 394, 0, 0, 0.54%, 1, 0, 5, 1438.64
1775258724, 1600, 65, 394, 0, 0, 0.54%, 1, 0, 5, 1318.03
1775258729, 1600, 88, 394, 0, 0, 0.54%, 1, 0, 5, 1551.76
1775258734, 1600, 127, 394, 0, 0, 0.54%, 1, 0, 5, 1447.08
1775258739, 1600, 230, 394, 0, 0, 0.54%, 1, 0, 5, 1367.58
1775258744, 1600, 334, 394, 0, 0, 0.54%, 1, 0, 5, 1427.74
1775258749, 1601, 57, 394, 0, 0, 0.54%, 1, 0, 5, 1397.89
1775258754, 1601, 88, 394, 0, 0, 0.54%, 1, 0, 5, 1592.19
1775258759, 1601, 144, 394, 0, 0, 0.54%, 1, 0, 5, 1603.90
1775258764, 1601, 203, 394, 0, 0, 0.54%, 1, 0, 5, 1507.58
1775258770, 1601, 315, 394, 0, 0, 0.54%, 1, 0, 5, 1441.73
1775258775, 1602, 15, 394, 0, 0, 0.54%, 1, 0, 5, 1366.00
1775258780, 1602, 86, 394, 0, 0, 0.54%, 1, 0, 5, 1501.82
1775258785, 1602, 130, 394, 0, 0, 0.54%, 1, 0, 5, 1469.98
1775258790, 1602, 182, 394, 0, 0, 0.54%, 1, 0, 5, 1373.59
1775258795, 1602, 312, 394, 0, 0, 0.54%, 1, 0, 5, 1342.03
1775258800, 1603, 41, 394, 0, 0, 0.54%, 1, 0, 5, 1450.16
1775258805, 1603, 73, 394, 0, 0, 0.54%, 1, 0, 5, 1493.29
1775258810, 1603, 97, 394, 0, 0, 0.54%, 1, 0, 5, 1569.78
1775258815, 1603, 214, 394, 0, 0, 0.54%, 1, 0, 5, 1487.15
1775258820, 1603, 289, 394, 0, 0, 0.54%, 1, 0, 5, 1464.72
1775258826, 1604, 10, 394, 0, 0, 0.54%, 1, 0, 5, 1408.92
1775258831, 1604, 60, 394, 0, 0, 0.54%, 1, 0, 5, 1375.88
1775258836, 1604, 88, 394, 0, 0, 0.54%, 1, 0, 5, 1589.31
1775258841, 1604, 120, 394, 0, 0, 0.54%, 1, 0, 5, 1437.85
1775258846, 1604, 224, 394, 0, 0, 0.54%, 1, 0, 5, 1424.60
1775258851, 1604, 276, 394, 0, 0, 0.54%, 1, 0, 5, 1422.46
1775258856, 1604, 337, 394, 0, 0, 0.54%, 1, 0, 5, 1345.07
1775258861, 1605, 57, 394, 0, 0, 0.54%, 1, 0, 5, 1341.84
1775258866, 1605, 87, 394, 0, 0, 0.54%, 1, 0, 5, 1496.06
1775258871, 1605, 145, 394, 0, 0, 0.54%, 1, 0, 5, 1531.58
1775258877, 1605, 174, 394, 0, 0, 0.54%, 1, 0, 5, 1658.19
1775258882, 1605, 273, 394, 0, 0, 0.54%, 1, 0, 5, 1524.35
1775258887, 1605, 376, 394, 0, 0, 0.54%, 1, 0, 5, 1281.29
1775258892, 1606, 73, 394, 0, 0, 0.54%, 1, 0, 5, 1379.32
1775258897, 1606, 119, 394, 0, 0, 0.54%, 1, 0, 5, 1399.98
1775258902, 1606, 180, 394, 0, 0, 0.54%, 1, 0, 5, 1412.25
1775258907, 1606, 266, 394, 0, 0, 0.54%, 1, 0, 5, 1476.21
1775258912, 1606, 356, 394, 0, 0, 0.54%, 1, 0, 5, 1364.88
1775258917, 1607, 57, 394, 0, 0, 0.54%, 1, 0, 5, 1365.87
1775258922, 1607, 93, 394, 0, 0, 0.54%, 1, 0, 5, 1527.56
1775258927, 1607, 158, 394, 0, 0, 0.54%, 1, 0, 5, 1506.63
1775258932, 1607, 301, 394, 0, 0, 0.54%, 1, 0, 5, 1553.95
1775258937, 1607, 390, 394, 0, 0, 0.54%, 1, 0, 5, 241.61
1775258942, 1608, 73, 394, 0, 0, 0.54%, 1, 0, 5, 1487.46
1775258948, 1608, 106, 394, 0, 0, 0.54%, 1, 0, 5, 1524.96
1775258953, 1608, 192, 394, 0, 0, 0.54%, 1, 0, 5, 1584.55
1775258958, 1608, 308, 394, 0, 0, 0.54%, 1, 0, 5, 1488.95
1775258963, 1609, 8, 394, 0, 0, 0.54%, 1, 0, 5, 1437.53
1775258968, 1609, 58, 394, 0, 0, 0.54%, 1, 0, 5, 1409.45
1775258973, 1609, 93, 394, 0, 0, 0.54%, 1, 0, 5, 1488.16
1775258978, 1609, 165, 394, 0, 0, 0.54%, 1, 0, 5, 1522.12
1775258983, 1609, 293, 394, 0, 0, 0.54%, 1, 0, 5, 1467.25
1775258988, 1609, 392, 394, 0, 0, 0.54%, 1, 0, 5, 223.07
1775258993, 1610, 86, 394, 0, 0, 0.54%, 1, 0, 5, 1623.72
1775258998, 1610, 140, 394, 0, 0, 0.54%, 1, 0, 5, 1585.66
1775259004, 1610, 235, 394, 0, 0, 0.54%, 1, 0, 5, 1486.35
1775259009, 1610, 287, 394, 0, 0, 0.54%, 1, 0, 5, 1428.79
1775259014, 1610, 374, 394, 0, 0, 0.54%, 1, 0, 5, 1289.06
1775259019, 1611, 73, 394, 0, 0, 0.54%, 1, 0, 5, 1487.98
1775259024, 1611, 101, 394, 0, 0, 0.54%, 1, 0, 5, 1442.39
1775259029, 1611, 181, 394, 0, 0, 0.54%, 1, 0, 5, 1480.57
1775259034, 1611, 297, 394, 0, 0, 0.54%, 1, 0, 5, 1409.26
1775259039, 1611, 358, 394, 0, 0, 0.54%, 1, 0, 5, 1301.41
1775259044, 1612, 57, 394, 0, 0, 0.54%, 1, 0, 5, 1402.25
1775259049, 1612, 86, 394, 0, 0, 0.54%, 1, 0, 5, 1391.24
1775259055, 1612, 158, 394, 0, 0, 0.54%, 1, 0, 5, 1370.08
1775259060, 1612, 273, 394, 0, 0, 0.54%, 1, 0, 5, 1481.59
1775259065, 1612, 312, 394, 0, 0, 0.54%, 1, 0, 5, 1477.86
1775259070, 1613, 73, 394, 0, 0, 0.54%, 1, 0, 5, 1452.55
1775259075, 1613, 120, 394, 0, 0, 0.54%, 1, 0, 5, 1493.33
1775259080, 1613, 158, 394, 0, 0, 0.54%, 1, 0, 5, 1499.06
1775259085, 1613, 264, 394, 0, 0, 0.54%, 1, 0, 5, 1433.08
1775259090, 1613, 333, 394, 0, 0, 0.54%, 1, 0, 5, 1376.05
1775259095, 1614, 50, 394, 0, 0, 0.54%, 1, 0, 5, 1390.21
1775259100, 1614, 83, 394, 0, 0, 0.54%, 1, 0, 5, 1518.36
1775259105, 1614, 128, 394, 0, 0, 0.54%, 1, 0, 5, 1596.81
1775259110, 1614, 213, 394, 0, 0, 0.54%, 1, 0, 5, 1515.05
1775259115, 1614, 333, 394, 0, 0, 0.54%, 1, 0, 5, 1383.17
1775259120, 1615, 57, 394, 0, 0, 0.54%, 1, 0, 5, 1448.97
1775259126, 1615, 88, 394, 0, 0, 0.54%, 1, 0, 5, 1450.12
1775259131, 1615, 115, 394, 0, 0, 0.54%, 1, 0, 5, 1528.76
1775259136, 1615, 202, 394, 0, 0, 0.54%, 1, 0, 5, 1486.65
1775259141, 1615, 303, 394, 0, 0, 0.54%, 1, 0, 5, 1586.72
1775259146, 1616, 7, 394, 0, 0, 0.54%, 1, 0, 5, 1425.20
1775259151, 1616, 57, 394, 0, 0, 0.54%, 1, 0, 5, 1401.43
1775259156, 1616, 89, 394, 0, 0, 0.54%, 1, 0, 5, 1436.09
1775259161, 1616, 130, 394, 0, 0, 0.54%, 1, 0, 5, 1549.45
1775259166, 1616, 205, 394, 0, 0, 0.54%, 1, 0, 5, 1501.76
1775259171, 1616, 333, 394, 0, 0, 0.54%, 1, 0, 5, 1439.22
1775259176, 1617, 86, 394, 0, 0, 0.54%, 1, 0, 5, 1552.40
1775259182, 1617, 228, 394, 0, 0, 0.54%, 1, 0, 5, 1527.06
1775259187, 1617, 311, 394, 0, 0, 0.54%, 1, 0, 5, 1350.95
1775259192, 1618, 51, 394, 0, 0, 0.54%, 1, 0, 5, 1316.27
1775259197, 1618, 83, 394, 0, 0, 0.54%, 1, 0, 5, 1497.20
1775259202, 1618, 93, 394, 0, 0, 0.54%, 1, 0, 5, 1506.17
1775259207, 1618, 278, 394, 0, 0, 0.54%, 1, 0, 5, 1479.59
1775259212, 1618, 330, 394, 0, 0, 0.54%, 1, 0, 5, 1396.94
1775259217, 1619, 83, 394, 0, 0, 0.54%, 1, 0, 5, 1434.97
1775259222, 1619, 108, 394, 0, 0, 0.54%, 1, 0, 5, 1556.07
1775259227, 1619, 287, 394, 0, 0, 0.54%, 1, 0, 5, 1554.51
1775259232, 1620, 35, 394, 0, 0, 0.54%, 1, 0, 5, 1440.13
1775259237, 1620, 73, 394, 0, 0, 0.54%, 1, 0, 5, 1441.05
1775259243, 1620, 98, 394, 0, 0, 0.54%, 1, 0, 5, 1537.28
1775259248, 1620, 234, 394, 0, 0, 0.54%, 1, 0, 5, 1785.95
1775259253, 1620, 388, 394, 0, 0, 0.54%, 1, 0, 5, 1436.12
1775259258, 1621, 27, 394, 0, 0, 0.54%, 1, 0, 5, 1437.70
1775259263, 1621, 86, 394, 0, 0, 0.54%, 1, 0, 5, 1487.55
1775259268, 1621, 140, 394, 0, 0, 0.54%, 1, 0, 5, 1565.03
1775259273, 1621, 248, 394, 0, 0, 0.54%, 1, 0, 5, 1493.51
1775259278, 1621, 320, 394, 0, 0, 0.54%, 1, 0, 5, 1433.87
1775259283, 1622, 57, 394, 0, 0, 0.54%, 1, 0, 5, 1455.51
1775259288, 1622, 106, 394, 0, 0, 0.54%, 1, 0, 5, 1544.94
1775259293, 1622, 276, 394, 0, 0, 0.54%, 1, 0, 5, 1442.22
1775259298, 1622, 337, 394, 0, 0, 0.54%, 1, 0, 5, 1382.26
1775259304, 1623, 73, 394, 0, 0, 0.54%, 1, 0, 5, 1472.60
1775259309, 1623, 111, 394, 0, 0, 0.54%, 1, 0, 5, 1515.36
1775259314, 1623, 241, 394, 0, 0, 0.54%, 1, 0, 5, 1384.96
1775259319, 1623, 337, 394, 0, 0, 0.54%, 1, 0, 5, 1403.59
1775259324, 1624, 73, 394, 0, 0, 0.54%, 1, 0, 5, 1467.48
1775259329, 1624, 118, 394, 0, 0, 0.54%, 1, 0, 5, 1543.08
1775259334, 1624, 304, 394, 0, 0, 0.54%, 1, 0, 5, 1437.42
1775259339, 1624, 362, 394, 0, 0, 0.54%, 1, 0, 5, 1285.30
1775259344, 1625, 73, 394, 0, 0, 0.54%, 1, 0, 5, 1355.72
1775259349, 1625, 100, 394, 0, 0, 0.54%, 1, 0, 5, 1483.36
1775259354, 1625, 152, 394, 0, 0, 0.54%, 1, 0, 5, 1503.52
1775259359, 1625, 222, 394, 0, 0, 0.54%, 1, 0, 5, 1434.51
1775259364, 1625, 287, 394, 0, 0, 0.54%, 1, 0, 5, 1432.93
1775259370, 1626, 6, 394, 0, 0, 0.54%, 1, 0, 5, 1343.08
1775259375, 1626, 83, 394, 0, 0, 0.54%, 1, 0, 5, 1504.15
1775259380, 1626, 118, 394, 0, 0, 0.54%, 1, 0, 5, 1729.70
1775259385, 1626, 195, 394, 0, 0, 0.54%, 1, 0, 5, 1637.51
1775259390, 1626, 299, 394, 0, 0, 0.54%, 1, 0, 5, 1374.68
1775259395, 1626, 391, 394, 0, 0, 0.54%, 1, 0, 5, 1312.65
1775259400, 1627, 65, 394, 0, 0, 0.54%, 1, 0, 5, 1360.62
1775259405, 1627, 88, 394, 0, 0, 0.54%, 1, 0, 5, 1544.46
1775259410, 1627, 166, 394, 0, 0, 0.54%, 1, 0, 5, 1509.30
1775259415, 1627, 255, 394, 0, 0, 0.54%, 1, 0, 5, 1399.20
1775259420, 1627, 312, 394, 0, 0, 0.54%, 1, 0, 5, 1468.79
1775259426, 1628, 51, 394, 0, 0, 0.54%, 1, 0, 5, 1383.06
1775259431, 1628, 83, 394, 0, 0, 0.54%, 1, 0, 5, 1461.10
1775259436, 1628, 116, 394, 0, 0, 0.54%, 1, 0, 5, 1345.41
1775259441, 1628, 203, 394, 0, 0, 0.54%, 1, 0, 5, 1212.93
1775259446, 1628, 243, 394, 0, 0, 0.54%, 1, 0, 5, 1419.31
1775259451, 1628, 302, 394, 0, 0, 0.54%, 1, 0, 5, 1436.27
1775259456, 1629, 23, 394, 0, 0, 0.54%, 1, 0, 5, 1436.62
1775259461, 1629, 83, 394, 0, 0, 0.54%, 1, 0, 5, 1335.58
1775259466, 1629, 98, 394, 0, 0, 0.54%, 1, 0, 5, 1492.43
1775259471, 1629, 158, 394, 0, 0, 0.54%, 1, 0, 5, 1674.05
1775259476, 1629, 287, 394, 0, 0, 0.54%, 1, 0, 5, 1503.76
1775259482, 1629, 352, 394, 0, 0, 0.54%, 1, 0, 5, 1370.97
1775259487, 1629, 389, 394, 0, 0, 0.54%, 1, 0, 5, 1553.14
1775259492, 1630, 56, 394, 0, 0, 0.54%, 1, 0, 5, 1684.62
1775259497, 1630, 86, 394, 0, 0, 0.54%, 1, 0, 5, 1598.94
1775259502, 1630, 145, 394, 0, 0, 0.54%, 1, 0, 5, 1447.70
1775259507, 1630, 239, 394, 0, 0, 0.54%, 1, 0, 5, 1345.38
1775259512, 1630, 275, 394, 0, 0, 0.54%, 1, 0, 5, 1376.31
1775259517, 1631, 0, 394, 0, 0, 0.54%, 1, 0, 5, 1464.99
1775259522, 1631, 60, 394, 0, 0, 0.54%, 1, 0, 5, 1462.38
1775259527, 1631, 88, 394, 0, 0, 0.54%, 1, 0, 5, 1482.13
1775259532, 1631, 150, 394, 0, 0, 0.54%, 1, 0, 5, 1549.04
1775259538, 1631, 255, 394, 0, 0, 0.54%, 1, 0, 5, 1420.16
1775259543, 1631, 311, 394, 0, 0, 0.54%, 1, 0, 5, 1428.27
1775259548, 1631, 350, 394, 0, 0, 0.54%, 1, 0, 5, 1296.50
1775259553, 1632, 73, 394, 0, 0, 0.54%, 1, 0, 5, 1437.71
1775259558, 1632, 98, 394, 0, 0, 0.54%, 1, 0, 5, 1342.26
1775259563, 1632, 205, 394, 0, 0, 0.54%, 1, 0, 5, 1411.99
1775259568, 1632, 287, 394, 0, 0, 0.54%, 1, 0, 5, 1381.87
1775259573, 1633, 22, 394, 0, 0, 0.54%, 1, 0, 5, 1387.18
1775259578, 1633, 86, 394, 0, 0, 0.54%, 1, 0, 5, 1586.59
1775259583, 1633, 158, 394, 0, 0, 0.54%, 1, 0, 5, 1604.15
1775259588, 1633, 230, 394, 0, 0, 0.54%, 1, 0, 5, 1469.37
1775259593, 1633, 330, 394, 0, 0, 0.54%, 1, 0, 5, 1495.45
1775259598, 1634, 36, 394, 0, 0, 0.54%, 1, 0, 5, 1424.01
1775259604, 1634, 80, 394, 0, 0, 0.54%, 1, 0, 5, 1468.09
1775259609, 1634, 105, 394, 0, 0, 0.54%, 1, 0, 5, 1446.80
1775259614, 1634, 165, 394, 0, 0, 0.54%, 1, 0, 5, 1472.79
1775259619, 1634, 276, 394, 0, 0, 0.54%, 1, 0, 5, 1513.34
1775259624, 1634, 339, 394, 0, 0, 0.54%, 1, 0, 5, 1479.08
1775259629, 1635, 57, 394, 0, 0, 0.54%, 1, 0, 5, 1523.12
1775259634, 1635, 93, 394, 0, 0, 0.54%, 1, 0, 5, 1466.98
1775259639, 1635, 287, 394, 0, 0, 0.54%, 1, 0, 5, 1450.50
1775259644, 1635, 342, 394, 0, 0, 0.54%, 1, 0, 5, 1400.88
1775259649, 1636, 76, 394, 0, 0, 0.54%, 1, 0, 5, 1499.02
1775259654, 1636, 93, 394, 0, 0, 0.54%, 1, 0, 5, 1551.73
1775259659, 1636, 244, 394, 0, 0, 0.54%, 1, 0, 5, 1505.54
1775259664, 1636, 333, 394, 0, 0, 0.54%, 1, 0, 5, 1473.99
1775259670, 1637, 62, 394, 0, 0, 0.54%, 1, 0, 5, 1618.83
1775259675, 1637, 106, 394, 0, 0, 0.54%, 1, 0, 5, 1577.19
1775259680, 1637, 158, 394, 0, 0, 0.54%, 1, 0, 5, 1445.16
1775259685, 1637, 287, 394, 0, 0, 0.54%, 1, 0, 5, 1473.18
1775259690, 1638, 47, 394, 0, 0, 0.54%, 1, 0, 5, 1365.94
1775259695, 1638, 86, 394, 0, 0, 0.54%, 1, 0, 5, 1598.48
1775259700, 1638, 112, 394, 0, 0, 0.54%, 1, 0, 5, 1521.10
1775259705, 1638, 175, 394, 0, 0, 0.54%, 1, 0, 5, 1387.58
1775259710, 1638, 304, 394, 0, 0, 0.54%, 1, 0, 5, 1389.39
1775259715, 1639, 51, 394, 0, 0, 0.54%, 1, 0, 5, 1434.38
1775259720, 1639, 83, 394, 0, 0, 0.54%, 1, 0, 5, 1429.38
1775259726, 1639, 106, 394, 0, 0, 0.54%, 1, 0, 5, 1458.68
1775259731, 1639, 208, 394, 0, 0, 0.54%, 1, 0, 5, 1478.87
1775259736, 1639, 337, 394, 0, 0, 0.54%, 1, 0, 5, 1470.89
1775259741, 1640, 73, 394, 0, 0, 0.54%, 1, 0, 5, 1472.47
1775259746, 1640, 106, 394, 0, 0, 0.54%, 1, 0, 5, 1439.18
1775259751, 1640, 208, 394, 0, 0, 0.54%, 1, 0, 5, 1503.70
1775259756, 1640, 304, 394, 0, 0, 0.54%, 1, 0, 5, 1349.84
1775259761, 1641, 17, 394, 0, 0, 0.54%, 1, 0, 5, 1338.60
1775259766, 1641, 83, 394, 0, 0, 0.54%, 1, 0, 5, 1484.95
1775259771, 1641, 106, 394, 0, 0, 0.54%, 1, 0, 5, 1465.51
1775259776, 1641, 223, 394, 0, 0, 0.54%, 1, 0, 5, 1496.17
1775259782, 1641, 361, 394, 0, 0, 0.54%, 1, 0, 5, 1355.82
1775259787, 1642, 51, 394, 0, 0, 0.54%, 1, 0, 5, 1485.98
1775259792, 1642, 88, 394, 0, 0, 0.54%, 1, 0, 5, 1498.16
1775259797, 1642, 214, 394, 0, 0, 0.54%, 1, 0, 5, 1564.17
1775259802, 1642, 304, 394, 0, 0, 0.54%, 1, 0, 5, 1385.79
1775259807, 1643, 4, 394, 0, 0, 0.54%, 1, 0, 5, 1292.86
1775259812, 1643, 74, 394, 0, 0, 0.54%, 1, 0, 5, 1384.90
1775259817, 1643, 93, 394, 0, 0, 0.54%, 1, 0, 5, 1548.28
1775259823, 1643, 136, 394, 0, 0, 0.54%, 1, 0, 5, 1407.76
1775259828, 1643, 255, 394, 0, 0, 0.54%, 1, 0, 5, 1377.95
1775259833, 1643, 312, 394, 0, 0, 0.54%, 1, 0, 5, 1482.60
1775259838, 1643, 378, 394, 0, 0, 0.54%, 1, 0, 5, 1305.72
1775259843, 1644, 83, 394, 0, 0, 0.54%, 1, 0, 5, 1619.85
1775259848, 1644, 115, 394, 0, 0, 0.54%, 1, 0, 5, 1566.96
1775259853, 1644, 245, 394, 0, 0, 0.54%, 1, 0, 5, 1519.31
1775259858, 1644, 337, 394, 0, 0, 0.54%, 1, 0, 5, 1436.88
1775259863, 1645, 63, 394, 0, 0, 0.54%, 1, 0, 5, 1409.92
1775259868, 1645, 106, 394, 0, 0, 0.54%, 1, 0, 5, 1450.12
1775259874, 1645, 158, 394, 0, 0, 0.54%, 1, 0, 5, 772.88
1775259879, 1645, 273, 394, 0, 0, 0.54%, 1, 0, 5, 1393.01
1775259884, 1645, 389, 394, 0, 0, 0.54%, 1, 0, 5, 1413.85
1775259894, 1646, 73, 394, 0, 0, 0.54%, 1, 0, 5, 1497.14
1775259899, 1646, 88, 394, 0, 0, 0.54%, 1, 0, 5, 1469.35
1775259904, 1646, 115, 394, 0, 0, 0.54%, 1, 0, 5, 1490.43
1775259909, 1646, 170, 394, 0, 0, 0.54%, 1, 0, 5, 1483.94
1775259914, 1646, 252, 394, 0, 0, 0.54%, 1, 0, 5, 1444.09
1775259919, 1646, 337, 394, 0, 0, 0.54%, 1, 0, 5, 1470.17
1775259924, 1647, 56, 394, 0, 0, 0.54%, 1, 0, 5, 1517.06
1775259929, 1647, 86, 394, 0, 0, 0.54%, 1, 0, 5, 1539.39
1775259935, 1647, 158, 394, 0, 0, 0.54%, 1, 0, 5, 1522.17
1775259940, 1647, 287, 394, 0, 0, 0.54%, 1, 0, 5, 1439.77
1775259945, 1648, 29, 394, 0, 0, 0.54%, 1, 0, 5, 1429.15
1775259950, 1648, 83, 394, 0, 0, 0.54%, 1, 0, 5, 1533.98
1775259955, 1648, 132, 394, 0, 0, 0.54%, 1, 0, 5, 1478.16
1775259960, 1648, 225, 394, 0, 0, 0.54%, 1, 0, 5, 1432.39
1775259965, 1648, 247, 394, 0, 0, 0.54%, 1, 0, 5, 1353.61
1775259970, 1648, 337, 394, 0, 0, 0.54%, 1, 0, 5, 1400.23
1775259975, 1649, 57, 394, 0, 0, 0.54%, 1, 0, 5, 1232.69
1775259980, 1649, 88, 394, 0, 0, 0.54%, 1, 0, 5, 1387.78
1775259986, 1649, 140, 394, 0, 0, 0.54%, 1, 0, 5, 1398.20
1775259991, 1649, 249, 394, 0, 0, 0.54%, 1, 0, 5, 1434.74
1775259996, 1649, 329, 394, 0, 0, 0.54%, 1, 0, 5, 1387.79
1775260001, 1650, 57, 394, 0, 0, 0.54%, 1, 0, 5, 1392.22
1775260006, 1650, 93, 394, 0, 0, 0.54%, 1, 0, 5, 1264.63
1775260011, 1650, 141, 394, 0, 0, 0.54%, 1, 0, 5, 1366.28
1775260016, 1650, 222, 394, 0, 0, 0.54%, 1, 0, 5, 1428.91
1775260021, 1650, 312, 394, 0, 0, 0.54%, 1, 0, 5, 1350.68
1775260027, 1651, 57, 394, 0, 0, 0.54%, 1, 0, 5, 1355.71
1775260032, 1651, 93, 394, 0, 0, 0.54%, 1, 0, 5, 1496.77
1775260037, 1651, 187, 394, 0, 0, 0.54%, 1, 0, 5, 1419.95
1775260042, 1651, 333, 394, 0, 0, 0.54%, 1, 0, 5, 1359.10
1775260047, 1652, 35, 394, 0, 0, 0.54%, 1, 0, 5, 1317.53
1775260052, 1652, 67, 394, 0, 0, 0.54%, 1, 0, 5, 1353.99
1775260057, 1652, 86, 394, 0, 0, 0.54%, 1, 0, 5, 1396.16
1775260062, 1652, 131, 394, 0, 0, 0.54%, 1, 0, 5, 1478.00
1775260067, 1652, 166, 394, 0, 0, 0.54%, 1, 0, 5, 1415.51
1775260073, 1652, 277, 394, 0, 0, 0.54%, 1, 0, 5, 1372.51
1775260078, 1653, 6, 394, 0, 0, 0.54%, 1, 0, 5, 1718.28
1775260083, 1653, 88, 394, 0, 0, 0.54%, 1, 0, 5, 1608.16
1775260088, 1653, 109, 394, 0, 0, 0.54%, 1, 0, 5, 1582.69
1775260093, 1653, 163, 394, 0, 0, 0.54%, 1, 0, 5, 1671.64
1775260098, 1653, 287, 394, 0, 0, 0.54%, 1, 0, 5, 1224.51
1775260103, 1653, 341, 394, 0, 0, 0.54%, 1, 0, 5, 1383.76
1775260108, 1654, 73, 394, 0, 0, 0.54%, 1, 0, 5, 1455.13
1775260113, 1654, 106, 394, 0, 0, 0.54%, 1, 0, 5, 1498.96
1775260118, 1654, 287, 394, 0, 0, 0.54%, 1, 0, 5, 1461.46
1775260124, 1654, 387, 394, 0, 0, 0.54%, 1, 0, 5, 1381.58
1775260129, 1655, 61, 394, 0, 0, 0.54%, 1, 0, 5, 1482.45
1775260134, 1655, 88, 394, 0, 0, 0.54%, 1, 0, 5, 1391.08
1775260139, 1655, 219, 394, 0, 0, 0.54%, 1, 0, 5, 1556.56
1775260144, 1655, 338, 394, 0, 0, 0.54%, 1, 0, 5, 1461.79
1775260149, 1656, 83, 394, 0, 0, 0.54%, 1, 0, 5, 1479.92
1775260154, 1656, 119, 394, 0, 0, 0.54%, 1, 0, 5, 1436.60
1775260159, 1656, 233, 394, 0, 0, 0.54%, 1, 0, 5, 1540.13
1775260165, 1656, 299, 394, 0, 0, 0.54%, 1, 0, 5, 1463.06
1775260170, 1657, 4, 394, 0, 0, 0.54%, 1, 0, 5, 1488.54
1775260175, 1657, 64, 394, 0, 0, 0.54%, 1, 0, 5, 1451.51
1775260180, 1657, 88, 394, 0, 0, 0.54%, 1, 0, 5, 1550.57
1775260185, 1657, 127, 394, 0, 0, 0.54%, 1, 0, 5, 1379.64
1775260190, 1657, 259, 394, 0, 0, 0.54%, 1, 0, 5, 1415.80
1775260195, 1657, 304, 394, 0, 0, 0.54%, 1, 0, 5, 1333.71
1775260200, 1658, 10, 394, 0, 0, 0.54%, 1, 0, 5, 1393.13
1775260205, 1658, 86, 394, 0, 0, 0.54%, 1, 0, 5, 1455.32
1775260210, 1658, 114, 394, 0, 0, 0.54%, 1, 0, 5, 1357.78
1775260215, 1658, 172, 394, 0, 0, 0.54%, 1, 0, 5, 1430.19
1775260221, 1658, 312, 394, 0, 0, 0.54%, 1, 0, 5, 1370.61
1775260226, 1658, 361, 394, 0, 0, 0.54%, 1, 0, 5, 1288.35
1775260231, 1659, 57, 394, 0, 0, 0.54%, 1, 0, 5, 1455.68
1775260236, 1659, 88, 394, 0, 0, 0.54%, 1, 0, 5, 1541.10
1775260241, 1659, 159, 394, 0, 0, 0.54%, 1, 0, 5, 1519.77
1775260246, 1659, 287, 394, 0, 0, 0.54%, 1, 0, 5, 1453.01
1775260251, 1659, 333, 394, 0, 0, 0.54%, 1, 0, 5, 1355.98
1775260257, 1660, 57, 394, 0, 0, 0.54%, 1, 0, 5, 1269.90
1775260262, 1660, 104, 394, 0, 0, 0.54%, 1, 0, 5, 1392.39
1775260267, 1660, 179, 394, 0, 0, 0.54%, 1, 0, 5, 1335.04
1775260272, 1660, 274, 394, 0, 0, 0.54%, 1, 0, 5, 1365.69
1775260277, 1660, 349, 394, 0, 0, 0.54%, 1, 0, 5, 1458.87
1775260282, 1661, 57, 394, 0, 0, 0.54%, 1, 0, 5, 1408.49
1775260287, 1661, 88, 394, 0, 0, 0.54%, 1, 0, 5, 1391.60
1775260292, 1661, 163, 394, 0, 0, 0.54%, 1, 0, 5, 1424.30
1775260297, 1661, 296, 394, 0, 0, 0.54%, 1, 0, 5, 1358.50
1775260302, 1661, 393, 394, 0, 0, 0.54%, 1, 0, 5, 1259.73
1775260307, 1662, 51, 394, 0, 0, 0.54%, 1, 0, 5, 1371.25
1775260312, 1662, 86, 394, 0, 0, 0.54%, 1, 0, 5, 1533.45
1775260318, 1662, 106, 394, 0, 0, 0.54%, 1, 0, 5, 1476.23
1775260323, 1662, 304, 394, 0, 0, 0.54%, 1, 0, 5, 1410.54
1775260328, 1663, 28, 394, 0, 0, 0.54%, 1, 0, 5, 1334.71
1775260333, 1663, 86, 394, 0, 0, 0.54%, 1, 0, 5, 1380.60
1775260338, 1663, 118, 394, 0, 0, 0.54%, 1, 0, 5, 1477.97
1775260343, 1663, 171, 394, 0, 0, 0.54%, 1, 0, 5, 1436.28
1775260348, 1663, 280, 394, 0, 0, 0.54%, 1, 0, 5, 1640.52
1775260353, 1663, 333, 394, 0, 0, 0.54%, 1, 0, 5, 1347.68
1775260359, 1664, 5, 394, 0, 0, 0.54%, 1, 0, 5, 1565.31
1775260364, 1664, 73, 394, 0, 0, 0.54%, 1, 0, 5, 1391.61
1775260369, 1664, 100, 394, 0, 0, 0.54%, 1, 0, 5, 1512.88
1775260374, 1664, 126, 394, 0, 0, 0.54%, 1, 0, 5, 1414.56
1775260379, 1664, 225, 394, 0, 0, 0.54%, 1, 0, 5, 1371.83
1775260384, 1664, 311, 394, 0, 0, 0.54%, 1, 0, 5, 1219.76
1775260389, 1665, 46, 394, 0, 0, 0.54%, 1, 0, 5, 1341.92
1775260394, 1665, 86, 394, 0, 0, 0.54%, 1, 0, 5, 1379.78
1775260399, 1665, 139, 394, 0, 0, 0.54%, 1, 0, 5, 1519.97
1775260404, 1665, 225, 394, 0, 0, 0.54%, 1, 0, 5, 1427.29
1775260409, 1665, 390, 394, 0, 0, 0.54%, 1, 0, 5, 219.73
1775260414, 1666, 83, 394, 0, 0, 0.54%, 1, 0, 5, 1522.78
1775260420, 1666, 158, 394, 0, 0, 0.54%, 1, 0, 5, 1486.27
1775260425, 1666, 287, 394, 0, 0, 0.54%, 1, 0, 5, 1475.82
1775260430, 1666, 337, 394, 0, 0, 0.54%, 1, 0, 5, 1385.79
1775260435, 1667, 38, 394, 0, 0, 0.54%, 1, 0, 5, 1440.60
1775260440, 1667, 83, 394, 0, 0, 0.54%, 1, 0, 5, 1574.51
1775260445, 1667, 114, 394, 0, 0, 0.54%, 1, 0, 5, 1472.81
1775260450, 1667, 251, 394, 0, 0, 0.54%, 1, 0, 5, 1369.11
1775260455, 1667, 333, 394, 0, 0, 0.54%, 1, 0, 5, 1429.02
1775260460, 1668, 9, 394, 0, 0, 0.54%, 1, 0, 5, 1286.97
1775260466, 1668, 86, 394, 0, 0, 0.54%, 1, 0, 5, 1491.58
1775260471, 1668, 150, 394, 0, 0, 0.54%, 1, 0, 5, 1529.31
1775260476, 1668, 228, 394, 0, 0, 0.54%, 1, 0, 5, 1573.61
1775260481, 1668, 312, 394, 0, 0, 0.54%, 1, 0, 5, 1509.79
1775260486, 1668, 388, 394, 0, 0, 0.54%, 1, 0, 5, 1359.67
1775260491, 1669, 73, 394, 0, 0, 0.54%, 1, 0, 5, 1438.59
1775260496, 1669, 106, 394, 0, 0, 0.54%, 1, 0, 5, 1416.97
1775260501, 1669, 199, 394, 0, 0, 0.54%, 1, 0, 5, 1426.16
1775260506, 1669, 311, 394, 0, 0, 0.54%, 1, 0, 5, 1357.93
1775260511, 1670, 5, 394, 0, 0, 0.54%, 1, 0, 5, 1338.42
1775260516, 1670, 81, 394, 0, 0, 0.54%, 1, 0, 5, 1428.33
1775260521, 1670, 88, 394, 0, 0, 0.54%, 1, 0, 5, 1510.22
1775260526, 1670, 122, 394, 0, 0, 0.54%, 1, 0, 5, 1419.20
1775260532, 1670, 160, 394, 0, 0, 0.54%, 1, 0, 5, 1394.95
1775260537, 1670, 287, 394, 0, 0, 0.54%, 1, 0, 5, 1326.96
1775260542, 1670, 337, 394, 0, 0, 0.54%, 1, 0, 5, 1354.49
1775260547, 1671, 73, 394, 0, 0, 0.54%, 1, 0, 5, 1387.08
1775260552, 1671, 93, 394, 0, 0, 0.54%, 1, 0, 5, 1467.03
1775260557, 1671, 158, 394, 0, 0, 0.54%, 1, 0, 5, 1320.07
1775260562, 1671, 234, 394, 0, 0, 0.54%, 1, 0, 5, 1446.23
1775260568, 1671, 313, 394, 0, 0, 0.54%, 1, 0, 5, 1419.77
1775260573, 1672, 57, 394, 0, 0, 0.54%, 1, 0, 5, 1472.37
1775260578, 1672, 88, 394, 0, 0, 0.54%, 1, 0, 5, 1428.23
1775260583, 1672, 131, 394, 0, 0, 0.54%, 1, 0, 5, 1391.18
1775260588, 1672, 237, 394, 0, 0, 0.54%, 1, 0, 5, 1428.66
1775260593, 1672, 311, 394, 0, 0, 0.54%, 1, 0, 5, 1430.47
1775260598, 1673, 64, 394, 0, 0, 0.54%, 1, 0, 5, 1440.91
1775260603, 1673, 106, 394, 0, 0, 0.54%, 1, 0, 5, 1459.12
1775260608, 1673, 197, 394, 0, 0, 0.54%, 1, 0, 5, 1488.82
1775260613, 1673, 284, 394, 0, 0, 0.54%, 1, 0, 5, 1332.34
1775260618, 1673, 337, 394, 0, 0, 0.54%, 1, 0, 5, 1384.48
1775260623, 1674, 73, 394, 0, 0, 0.54%, 1, 0, 5, 1665.93
1775260629, 1674, 106, 394, 0, 0, 0.54%, 1, 0, 5, 1541.61
1775260634, 1674, 234, 394, 0, 0, 0.54%, 1, 0, 5, 1464.16
1775260639, 1674, 337, 394, 0, 0, 0.54%, 1, 0, 5, 1280.15
1775260644, 1675, 57, 394, 0, 0, 0.54%, 1, 0, 5, 1350.97
1775260649, 1675, 88, 394, 0, 0, 0.54%, 1, 0, 5, 1483.77
1775260654, 1675, 155, 394, 0, 0, 0.54%, 1, 0, 5, 1564.97
1775260659, 1675, 287, 394, 0, 0, 0.54%, 1, 0, 5, 1451.82
1775260664, 1675, 339, 394, 0, 0, 0.54%, 1, 0, 5, 1330.95
1775260670, 1676, 65, 394, 0, 0, 0.54%, 1, 0, 5, 1458.93
1775260675, 1676, 88, 394, 0, 0, 0.54%, 1, 0, 5, 1461.13
1775260680, 1676, 170, 394, 0, 0, 0.54%, 1, 0, 5, 1431.84
1775260685, 1676, 262, 394, 0, 0, 0.54%, 1, 0, 5, 1385.39
1775260690, 1676, 312, 394, 0, 0, 0.54%, 1, 0, 5, 1437.71
1775260695, 1677, 57, 394, 0, 0, 0.54%, 1, 0, 5, 1332.06
1775260700, 1677, 91, 394, 0, 0, 0.54%, 1, 0, 5, 1470.76
1775260705, 1677, 130, 394, 0, 0, 0.54%, 1, 0, 5, 1474.99
1775260710, 1677, 236, 394, 0, 0, 0.54%, 1, 0, 5, 1474.97
1775260716, 1677, 358, 394, 0, 0, 0.54%, 1, 0, 5, 1355.23
1775260721, 1678, 67, 394, 0, 0, 0.54%, 1, 0, 5, 1301.00
1775260726, 1678, 106, 394, 0, 0, 0.54%, 1, 0, 5, 1577.89
1775260731, 1678, 163, 394, 0, 0, 0.54%, 1, 0, 5, 1524.21
1775260736, 1678, 219, 394, 0, 0, 0.54%, 1, 0, 5, 1374.42
1775260741, 1678, 284, 394, 0, 0, 0.54%, 1, 0, 5, 1506.70
1775260746, 1678, 371, 394, 0, 0, 0.54%, 1, 0, 5, 1376.33
1775260751, 1679, 73, 394, 0, 0, 0.54%, 1, 0, 5, 1461.86
1775260756, 1679, 123, 394, 0, 0, 0.54%, 1, 0, 5, 1496.55
1775260761, 1679, 289, 394, 0, 0, 0.54%, 1, 0, 5, 1514.83
1775260766, 1679, 346, 394, 0, 0, 0.54%, 1, 0, 5, 1389.56
1775260771, 1680, 57, 394, 0, 0, 0.54%, 1, 0, 5, 1478.92
1775260776, 1680, 83, 394, 0, 0, 0.54%, 1, 0, 5, 1474.80
1775260781, 1680, 105, 394, 0, 0, 0.54%, 1, 0, 5, 1505.41
1775260786, 1680, 163, 394, 0, 0, 0.54%, 1, 0, 5, 1511.18
1775260791, 1680, 304, 394, 0, 0, 0.54%, 1, 0, 5, 1459.32
1775260796, 1680, 389, 394, 0, 0, 0.54%, 1, 0, 5, 1381.32
1775260807, 1681, 71, 394, 0, 0, 0.54%, 1, 0, 5, 1346.43
1775260812, 1681, 93, 394, 0, 0, 0.54%, 1, 0, 5, 1389.46
1775260817, 1681, 304, 394, 0, 0, 0.54%, 1, 0, 5, 1453.77
1775260822, 1681, 368, 394, 0, 0, 0.54%, 1, 0, 5, 1378.60
1775260827, 1682, 88, 394, 0, 0, 0.54%, 1, 0, 5, 1530.53
1775260832, 1682, 208, 394, 0, 0, 0.54%, 1, 0, 5, 1561.46
1775260837, 1682, 278, 394, 0, 0, 0.54%, 1, 0, 5, 1400.11
1775260842, 1682, 317, 394, 0, 0, 0.54%, 1, 0, 5, 1363.27
1775260848, 1683, 43, 394, 0, 0, 0.54%, 1, 0, 5, 1472.80
1775260853, 1683, 86, 394, 0, 0, 0.54%, 1, 0, 5, 1473.64
1775260858, 1683, 151, 394, 0, 0, 0.54%, 1, 0, 5, 1455.92
1775260863, 1683, 249, 394, 0, 0, 0.54%, 1, 0, 5, 1418.23
1775260868, 1683, 337, 394, 0, 0, 0.54%, 1, 0, 5, 1412.58
1775260873, 1684, 88, 394, 0, 0, 0.54%, 1, 0, 5, 1540.27
1775260878, 1684, 131, 394, 0, 0, 0.54%, 1, 0, 5, 1480.91
1775260883, 1684, 287, 394, 0, 0, 0.54%, 1, 0, 5, 1479.24
1775260888, 1684, 351, 394, 0, 0, 0.54%, 1, 0, 5, 1451.69
1775260893, 1685, 73, 394, 0, 0, 0.54%, 1, 0, 5, 1333.43
1775260898, 1685, 106, 394, 0, 0, 0.54%, 1, 0, 5, 1203.98
1775260904, 1685, 182, 394, 0, 0, 0.54%, 1, 0, 5, 1311.91
1775260909, 1685, 271, 394, 0, 0, 0.54%, 1, 0, 5, 1401.55
1775260914, 1685, 333, 394, 0, 0, 0.54%, 1, 0, 5, 1496.41
1775260919, 1686, 16, 394, 0, 0, 0.54%, 1, 0, 5, 1385.77
1775260924, 1686, 73, 394, 0, 0, 0.54%, 1, 0, 5, 1383.88
1775260929, 1686, 88, 394, 0, 0, 0.54%, 1, 0, 5, 1353.78
1775260934, 1686, 194, 394, 0, 0, 0.54%, 1, 0, 5, 971.86
1775260939, 1686, 275, 394, 0, 0, 0.54%, 1, 0, 5, 1451.28
1775260944, 1686, 288, 394, 0, 0, 0.54%, 1, 0, 5, 1467.39
1775260949, 1686, 337, 394, 0, 0, 0.54%, 1, 0, 5, 1378.66
1775260954, 1687, 59, 394, 0, 0, 0.54%, 1, 0, 5, 1410.86
1775260960, 1687, 125, 394, 0, 0, 0.54%, 1, 0, 5, 1611.48
1775260965, 1687, 175, 394, 0, 0, 0.54%, 1, 0, 5, 1526.25
1775260970, 1687, 297, 394, 0, 0, 0.54%, 1, 0, 5, 1333.67
1775260975, 1688, 41, 394, 0, 0, 0.54%, 1, 0, 5, 1294.69
1775260980, 1688, 83, 394, 0, 0, 0.54%, 1, 0, 5, 1508.80
1775260985, 1688, 103, 394, 0, 0, 0.54%, 1, 0, 5, 1472.15
1775260990, 1688, 158, 394, 0, 0, 0.54%, 1, 0, 5, 1391.00
1775260996, 1688, 312, 394, 0, 0, 0.54%, 1, 0, 5, 1435.13
1775261001, 1688, 389, 394, 0, 0, 0.54%, 1, 0, 5, 1456.48
1775261006, 1689, 26, 394, 0, 0, 0.54%, 1, 0, 5, 1351.02
1775261011, 1689, 83, 394, 0, 0, 0.54%, 1, 0, 5, 1405.84
1775261016, 1689, 106, 394, 0, 0, 0.54%, 1, 0, 5, 1455.65
1775261021, 1689, 198, 394, 0, 0, 0.54%, 1, 0, 5, 1446.08
1775261026, 1689, 277, 394, 0, 0, 0.54%, 1, 0, 5, 1506.28
1775261031, 1689, 319, 394, 0, 0, 0.54%, 1, 0, 5, 1475.87
1775261037, 1690, 9, 394, 0, 0, 0.54%, 1, 0, 5, 1317.04
1775261042, 1690, 75, 394, 0, 0, 0.54%, 1, 0, 5, 1511.06
1775261047, 1690, 97, 394, 0, 0, 0.54%, 1, 0, 5, 1518.19
1775261052, 1690, 150, 394, 0, 0, 0.54%, 1, 0, 5, 1431.00
1775261057, 1690, 229, 394, 0, 0, 0.54%, 1, 0, 5, 1443.58
1775261062, 1690, 318, 394, 0, 0, 0.54%, 1, 0, 5, 1414.94
1775261067, 1691, 34, 394, 0, 0, 0.54%, 1, 0, 5, 1390.08
1775261072, 1691, 83, 394, 0, 0, 0.54%, 1, 0, 5, 1847.84
1775261077, 1691, 119, 394, 0, 0, 0.54%, 1, 0, 5, 1518.44
1775261082, 1691, 294, 394, 0, 0, 0.54%, 1, 0, 5, 1543.69
1775261088, 1691, 337, 394, 0, 0, 0.54%, 1, 0, 5, 1392.48
1775261093, 1692, 57, 394, 0, 0, 0.54%, 1, 0, 5, 1405.72
1775261098, 1692, 86, 394, 0, 0, 0.54%, 1, 0, 5, 1499.02
1775261103, 1692, 106, 394, 0, 0, 0.54%, 1, 0, 5, 1672.19
1775261108, 1692, 294, 394, 0, 0, 0.54%, 1, 0, 5, 1390.24
1775261113, 1693, 6, 394, 0, 0, 0.54%, 1, 0, 5, 1608.51
1775261118, 1693, 61, 394, 0, 0, 0.54%, 1, 0, 5, 1590.41
1775261123, 1693, 86, 394, 0, 0, 0.54%, 1, 0, 5, 1415.55
1775261128, 1693, 118, 394, 0, 0, 0.54%, 1, 0, 5, 1452.48
1775261133, 1693, 228, 394, 0, 0, 0.54%, 1, 0, 5, 1466.46
1775261138, 1694, 5, 394, 0, 0, 0.54%, 1, 0, 5, 1353.72
1775261143, 1694, 35, 394, 0, 0, 0.54%, 1, 0, 5, 1497.46
1775261148, 1694, 86, 394, 0, 0, 0.54%, 1, 0, 5, 1528.92
1775261154, 1694, 158, 394, 0, 0, 0.54%, 1, 0, 5, 1545.74
1775261159, 1694, 265, 394, 0, 0, 0.54%, 1, 0, 5, 1420.89
1775261164, 1694, 337, 394, 0, 0, 0.54%, 1, 0, 5, 1324.19
1775261169, 1695, 57, 394, 0, 0, 0.54%, 1, 0, 5, 1383.05
1775261174, 1695, 93, 394, 0, 0, 0.54%, 1, 0, 5, 1511.68
1775261179, 1695, 177, 394, 0, 0, 0.54%, 1, 0, 5, 1471.09
1775261184, 1695, 287, 394, 0, 0, 0.54%, 1, 0, 5, 1411.90
1775261189, 1696, 8, 394, 0, 0, 0.54%, 1, 0, 5, 1482.21
1775261194, 1696, 65, 394, 0, 0, 0.54%, 1, 0, 5, 1739.14
1775261199, 1696, 106, 394, 0, 0, 0.54%, 1, 0, 5, 1539.09
1775261205, 1696, 221, 394, 0, 0, 0.54%, 1, 0, 5, 1453.20
1775261210, 1696, 287, 394, 0, 0, 0.54%, 1, 0, 5, 1011.17
1775261215, 1696, 389, 394, 0, 0, 0.54%, 1, 0, 5, 1324.96
1775261225, 1697, 51, 394, 0, 0, 0.54%, 1, 0, 5, 1507.77
1775261230, 1697, 88, 394, 0, 0, 0.54%, 1, 0, 5, 1559.12
1775261235, 1697, 158, 394, 0, 0, 0.54%, 1, 0, 5, 1454.43
1775261240, 1697, 287, 394, 0, 0, 0.54%, 1, 0, 5, 1412.26
1775261245, 1697, 393, 394, 0, 0, 0.54%, 1, 0, 5, 1364.31
1775261250, 1698, 73, 394, 0, 0, 0.54%, 1, 0, 5, 1364.61
1775261255, 1698, 90, 394, 0, 0, 0.54%, 1, 0, 5, 1358.36
1775261261, 1698, 158, 394, 0, 0, 0.54%, 1, 0, 5, 1498.41
1775261266, 1698, 273, 394, 0, 0, 0.54%, 1, 0, 5, 1340.04
1775261271, 1698, 363, 394, 0, 0, 0.54%, 1, 0, 5, 1224.46
1775261276, 1699, 73, 394, 0, 0, 0.54%, 1, 0, 5, 1363.92
1775261281, 1699, 93, 394, 0, 0, 0.54%, 1, 0, 5, 1337.99
1775261286, 1699, 167, 394, 0, 0, 0.54%, 1, 0, 5, 1386.99
1775261291, 1699, 238, 394, 0, 0, 0.54%, 1, 0, 5, 1393.10
1775261297, 1699, 287, 394, 0, 0, 0.54%, 1, 0, 5, 1439.22
1775261302, 1699, 387, 394, 0, 0, 0.54%, 1, 0, 5, 1269.81
1775261307, 1700, 73, 394, 0, 0, 0.54%, 1, 0, 5, 1493.76
1775261312, 1700, 122, 394, 0, 0, 0.54%, 1, 0, 5, 1474.08
1775261317, 1700, 187, 394, 0, 0, 0.54%, 1, 0, 5, 1284.71
1775261322, 1700, 311, 394, 0, 0, 0.54%, 1, 0, 5, 1277.01
1775261327, 1701, 51, 394, 0, 0, 0.54%, 1, 0, 5, 1500.59
1775261332, 1701, 83, 394, 0, 0, 0.54%, 1, 0, 5, 1313.96
1775261337, 1701, 125, 394, 0, 0, 0.54%, 1, 0, 5, 1443.36
1775261342, 1701, 294, 394, 0, 0, 0.54%, 1, 0, 5, 1585.61
1775261347, 1701, 352, 394, 0, 0, 0.54%, 1, 0, 5, 1509.04
1775261353, 1701, 389, 394, 0, 0, 0.54%, 1, 0, 5, 1484.44
1775261358, 1702, 42, 394, 0, 0, 0.54%, 1, 0, 5, 1402.70
1775261363, 1702, 88, 394, 0, 0, 0.54%, 1, 0, 5, 1585.46
1775261368, 1702, 153, 394, 0, 0, 0.54%, 1, 0, 5, 1493.14
1775261373, 1702, 202, 394, 0, 0, 0.54%, 1, 0, 5, 463.03
1775261378, 1702, 272, 394, 0, 0, 0.54%, 1, 0, 5, 1225.71
1775261383, 1702, 345, 394, 0, 0, 0.54%, 1, 0, 5, 1310.20
1775261388, 1703, 73, 394, 0, 0, 0.54%, 1, 0, 5, 696.65
1775261393, 1703, 106, 394, 0, 0, 0.54%, 1, 0, 5, 1453.36
1775261398, 1703, 202, 394, 0, 0, 0.54%, 1, 0, 5, 1495.53
1775261403, 1703, 304, 394, 0, 0, 0.54%, 1, 0, 5, 1431.05
1775261408, 1704, 0, 394, 0, 0, 0.54%, 1, 0, 5, 1228.80
1775261413, 1704, 57, 394, 0, 0, 0.54%, 1, 0, 5, 1432.26
1775261419, 1704, 88, 394, 0, 0, 0.54%, 1, 0, 5, 1384.27
1775261424, 1704, 158, 394, 0, 0, 0.54%, 1, 0, 5, 1363.31
1775261429, 1704, 263, 394, 0, 0, 0.54%, 1, 0, 5, 1391.14
1775261434, 1704, 312, 394, 0, 0, 0.54%, 1, 0, 5, 1412.94
1775261439, 1705, 5, 394, 0, 0, 0.54%, 1, 0, 5, 1385.07
1775261444, 1705, 83, 394, 0, 0, 0.54%, 1, 0, 5, 1388.48
1775261449, 1705, 106, 394, 0, 0, 0.54%, 1, 0, 5, 1476.78
1775261454, 1705, 304, 394, 0, 0, 0.54%, 1, 0, 5, 1432.13
1775261459, 1706, 17, 394, 0, 0, 0.54%, 1, 0, 5, 1512.49
1775261465, 1706, 75, 394, 0, 0, 0.54%, 1, 0, 5, 1465.66
1775261470, 1706, 134, 394, 0, 0, 0.54%, 1, 0, 5, 1524.97
1775261475, 1706, 261, 394, 0, 0, 0.54%, 1, 0, 5, 1451.47
1775261480, 1706, 312, 394, 0, 0, 0.54%, 1, 0, 5, 1410.15
1775261485, 1707, 6, 394, 0, 0, 0.54%, 1, 0, 5, 1395.99
1775261490, 1707, 59, 394, 0, 0, 0.54%, 1, 0, 5, 1411.01
1775261495, 1707, 106, 394, 0, 0, 0.54%, 1, 0, 5, 1452.29
1775261500, 1707, 190, 394, 0, 0, 0.54%, 1, 0, 5, 1464.58
1775261506, 1707, 304, 394, 0, 0, 0.54%, 1, 0, 5, 1535.40
1775261511, 1707, 375, 394, 0, 0, 0.54%, 1, 0, 5, 1295.85
1775261516, 1708, 57, 394, 0, 0, 0.54%, 1, 0, 5, 1414.70
1775261521, 1708, 93, 394, 0, 0, 0.54%, 1, 0, 5, 1457.97
1775261526, 1708, 118, 394, 0, 0, 0.54%, 1, 0, 5, 1447.19
1775261531, 1708, 272, 394, 0, 0, 0.54%, 1, 0, 5, 1433.09
1775261536, 1709, 7, 394, 0, 0, 0.54%, 1, 0, 5, 1391.75
1775261541, 1709, 62, 394, 0, 0, 0.54%, 1, 0, 5, 1468.68
1775261546, 1709, 96, 394, 0, 0, 0.54%, 1, 0, 5, 1504.82
1775261551, 1709, 189, 394, 0, 0, 0.54%, 1, 0, 5, 1436.82
1775261556, 1709, 311, 394, 0, 0, 0.54%, 1, 0, 5, 1523.76
1775261561, 1710, 73, 394, 0, 0, 0.54%, 1, 0, 5, 466.31
1775261566, 1710, 106, 394, 0, 0, 0.54%, 1, 0, 5, 1270.59
1775261571, 1710, 178, 394, 0, 0, 0.54%, 1, 0, 5, 1457.87
1775261577, 1710, 352, 394, 0, 0, 0.54%, 1, 0, 5, 1436.25
1775261582, 1711, 59, 394, 0, 0, 0.54%, 1, 0, 5, 1501.17
1775261587, 1711, 106, 394, 0, 0, 0.54%, 1, 0, 5, 1538.48
1775261592, 1711, 193, 394, 0, 0, 0.54%, 1, 0, 5, 1463.49
1775261597, 1711, 302, 394, 0, 0, 0.54%, 1, 0, 5, 1433.65
1775261602, 1711, 349, 394, 0, 0, 0.54%, 1, 0, 5, 1340.07
1775261607, 1712, 86, 394, 0, 0, 0.54%, 1, 0, 5, 1533.70
1775261612, 1712, 127, 394, 0, 0, 0.54%, 1, 0, 5, 1509.54
1775261617, 1712, 221, 394, 0, 0, 0.54%, 1, 0, 5, 1503.81
1775261623, 1712, 312, 394, 0, 0, 0.54%, 1, 0, 5, 1429.31
1775261628, 1713, 1, 394, 0, 0, 0.54%, 1, 0, 5, 1394.46
1775261633, 1713, 80, 394, 0, 0, 0.54%, 1, 0, 5, 1518.44
1775261638, 1713, 106, 394, 0, 0, 0.54%, 1, 0, 5, 1526.64
1775261643, 1713, 206, 394, 0, 0, 0.54%, 1, 0, 5, 1564.00
1775261648, 1713, 333, 394, 0, 0, 0.54%, 1, 0, 5, 1507.33
1775261653, 1714, 56, 394, 0, 0, 0.54%, 1, 0, 5, 1484.88
1775261658, 1714, 86, 394, 0, 0, 0.54%, 1, 0, 5, 1563.13
1775261663, 1714, 158, 394, 0, 0, 0.54%, 1, 0, 5, 1507.41
1775261668, 1714, 220, 394, 0, 0, 0.54%, 1, 0, 5, 1365.25
1775261673, 1714, 301, 394, 0, 0, 0.54%, 1, 0, 5, 1407.55
1775261678, 1714, 389, 394, 0, 0, 0.54%, 1, 0, 5, 1545.81
1775261684, 1715, 16, 394, 0, 0, 0.54%, 1, 0, 5, 1334.29
1775261689, 1715, 67, 394, 0, 0, 0.54%, 1, 0, 5, 1452.91
1775261694, 1715, 104, 394, 0, 0, 0.54%, 1, 0, 5, 1494.92
1775261699, 1715, 128, 394, 0, 0, 0.54%, 1, 0, 5, 1541.51
1775261704, 1715, 233, 395, 1, 0, 0.54%, 1, 0, 5, 1535.64
1775261709, 1715, 282, 395, 1, 0, 0.54%, 1, 0, 5, 1515.13
1775261714, 1715, 335, 395, 1, 0, 0.54%, 1, 0, 5, 1380.68
1775261719, 1716, 51, 395, 1, 0, 0.54%, 1, 0, 5, 1715.31
1775261724, 1716, 88, 395, 1, 0, 0.54%, 1, 0, 5, 1552.59
1775261729, 1716, 151, 395, 1, 0, 0.54%, 1, 0, 5, 1526.97
1775261734, 1716, 252, 395, 1, 0, 0.54%, 1, 0, 5, 1482.70
1775261739, 1716, 333, 395, 1, 0, 0.54%, 1, 0, 5, 1422.96
1775261744, 1717, 73, 395, 1, 0, 0.54%, 1, 0, 5, 1455.84
1775261749, 1717, 98, 395, 1, 0, 0.54%, 1, 0, 5, 1512.28
1775261755, 1717, 198, 395, 1, 0, 0.54%, 1, 0, 5, 1454.47
1775261760, 1717, 304, 395, 1, 0, 0.54%, 1, 0, 5, 1438.36
1775261765, 1717, 394, 395, 1, 0, 0.54%, 1, 0, 5, 1398.15
1775261770, 1718, 51, 395, 0, 0, 0.54%, 1, 0, 5, 1428.96
1775261775, 1718, 84, 395, 0, 0, 0.54%, 1, 0, 5, 1422.24
1775261780, 1718, 93, 395, 0, 0, 0.54%, 1, 0, 5, 1539.74
1775261785, 1718, 254, 395, 0, 0, 0.54%, 1, 0, 5, 1609.66
1775261790, 1718, 333, 395, 0, 0, 0.54%, 1, 0, 5, 1463.81
1775261795, 1719, 49, 395, 0, 0, 0.54%, 1, 0, 5, 1477.26
1775261801, 1719, 92, 395, 0, 0, 0.54%, 1, 0, 5, 1616.59
1775261806, 1719, 126, 395, 0, 0, 0.54%, 1, 0, 5, 1521.19
1775261811, 1719, 202, 395, 0, 0, 0.54%, 1, 0, 5, 1473.60
1775261816, 1719, 287, 395, 0, 0, 0.54%, 1, 0, 5, 1397.24
1775261821, 1720, 2, 395, 0, 0, 0.54%, 1, 0, 5, 1388.15
1775261826, 1720, 73, 395, 0, 0, 0.54%, 1, 0, 5, 1293.36
1775261831, 1720, 88, 395, 0, 0, 0.54%, 1, 0, 5, 1493.09
1775261837, 1720, 138, 395, 0, 0, 0.54%, 1, 0, 5, 1409.47
1775261842, 1720, 254, 395, 0, 0, 0.54%, 1, 0, 5, 1523.86
1775261847, 1720, 287, 395, 0, 0, 0.54%, 1, 0, 5, 1457.82
1775261852, 1720, 333, 395, 0, 0, 0.54%, 1, 0, 5, 1355.15
1775261857, 1721, 51, 395, 0, 0, 0.54%, 1, 0, 5, 1328.34
1775261862, 1721, 93, 395, 0, 0, 0.54%, 1, 0, 5, 1501.54
1775261867, 1721, 145, 395, 0, 0, 0.54%, 1, 0, 5, 1436.53
1775261872, 1721, 280, 395, 0, 0, 0.54%, 1, 0, 5, 1447.46
1775261878, 1721, 391, 395, 0, 0, 0.54%, 1, 0, 5, 212.36
1775261883, 1722, 79, 395, 0, 0, 0.54%, 1, 0, 5, 1510.60
1775261888, 1722, 106, 395, 0, 0, 0.54%, 1, 0, 5, 1502.76
1775261893, 1722, 211, 395, 0, 0, 0.54%, 1, 0, 5, 1493.79
1775261898, 1722, 278, 395, 0, 0, 0.54%, 1, 0, 5, 1535.13
1775261903, 1722, 354, 395, 0, 0, 0.54%, 1, 0, 5, 1318.69
1775261908, 1723, 64, 395, 0, 0, 0.54%, 1, 0, 5, 1438.93
1775261913, 1723, 88, 395, 0, 0, 0.54%, 1, 0, 5, 1497.37
1775261918, 1723, 192, 395, 0, 0, 0.54%, 1, 0, 5, 1519.96
1775261924, 1723, 265, 395, 0, 0, 0.54%, 1, 0, 5, 1379.51
1775261929, 1723, 347, 395, 0, 0, 0.54%, 1, 0, 5, 1352.19
1775261934, 1724, 83, 395, 0, 0, 0.54%, 1, 0, 5, 1446.41
1775261939, 1724, 123, 395, 0, 0, 0.54%, 1, 0, 5, 1598.22
1775261944, 1724, 233, 395, 0, 0, 0.54%, 1, 0, 5, 1460.02
1775261949, 1724, 312, 395, 0, 0, 0.54%, 1, 0, 5, 1443.81
1775261954, 1725, 63, 395, 0, 0, 0.54%, 1, 0, 5, 1451.07
1775261959, 1725, 86, 395, 0, 0, 0.54%, 1, 0, 5, 1550.32
1775261964, 1725, 129, 395, 0, 0, 0.54%, 1, 0, 5, 1429.44
1775261969, 1725, 287, 395, 0, 0, 0.54%, 1, 0, 5, 1475.78
1775261974, 1725, 365, 395, 0, 0, 0.54%, 1, 0, 5, 1430.43
1775261979, 1726, 86, 395, 0, 0, 0.54%, 1, 0, 5, 1461.09
1775261985, 1726, 126, 395, 0, 0, 0.54%, 1, 0, 5, 1513.36
1775261990, 1726, 232, 395, 0, 0, 0.54%, 1, 0, 5, 1713.36
1775261995, 1726, 306, 395, 0, 0, 0.54%, 1, 0, 5, 1485.68
1775262000, 1726, 383, 395, 0, 0, 0.54%, 1, 0, 5, 1257.68
1775262005, 1727, 57, 395, 0, 0, 0.54%, 1, 0, 5, 1347.60
1775262010, 1727, 93, 395, 0, 0, 0.54%, 1, 0, 5, 1446.25
1775262015, 1727, 189, 395, 0, 0, 0.54%, 1, 0, 5, 1422.13
1775262020, 1727, 293, 395, 0, 0, 0.54%, 1, 0, 5, 1454.79
1775262025, 1728, 17, 395, 0, 0, 0.54%, 1, 0, 5, 1284.49
1775262031, 1728, 80, 395, 0, 0, 0.54%, 1, 0, 5, 1390.70
1775262036, 1728, 106, 395, 0, 0, 0.54%, 1, 0, 5, 1471.01
1775262041, 1728, 158, 395, 0, 0, 0.54%, 1, 0, 5, 1459.53
1775262046, 1728, 280, 395, 0, 0, 0.54%, 1, 0, 5, 1376.87
1775262051, 1728, 333, 395, 0, 0, 0.54%, 1, 0, 5, 1348.55
1775262056, 1728, 394, 395, 0, 0, 0.54%, 1, 0, 5, 1433.10
1775262061, 1729, 51, 395, 0, 0, 0.54%, 1, 0, 5, 1478.14
1775262066, 1729, 86, 395, 0, 0, 0.54%, 1, 0, 5, 1406.31
1775262071, 1729, 113, 395, 0, 0, 0.54%, 1, 0, 5, 1434.05
1775262076, 1729, 158, 395, 0, 0, 0.54%, 1, 0, 5, 1422.40
1775262081, 1729, 304, 395, 0, 0, 0.54%, 1, 0, 5, 1449.32
1775262087, 1730, 25, 395, 0, 0, 0.54%, 1, 0, 5, 1336.62
1775262092, 1730, 83, 395, 0, 0, 0.54%, 1, 0, 5, 1438.55
1775262097, 1730, 106, 395, 0, 0, 0.54%, 1, 0, 5, 1534.92
1775262102, 1730, 206, 395, 0, 0, 0.54%, 1, 0, 5, 1447.30
1775262107, 1730, 304, 395, 0, 0, 0.54%, 1, 0, 5, 1485.05
1775262112, 1731, 29, 395, 0, 0, 0.54%, 1, 0, 5, 1436.40
1775262117, 1731, 62, 395, 0, 0, 0.54%, 1, 0, 5, 1421.26
1775262122, 1731, 93, 395, 0, 0, 0.54%, 1, 0, 5, 1503.96
1775262128, 1731, 158, 395, 0, 0, 0.54%, 1, 0, 5, 1364.69
1775262133, 1731, 304, 395, 0, 0, 0.54%, 1, 0, 5, 1389.16
1775262138, 1732, 51, 395, 0, 0, 0.54%, 1, 0, 5, 1286.19
1775262143, 1732, 93, 395, 0, 0, 0.54%, 1, 0, 5, 1339.97
1775262148, 1732, 180, 395, 0, 0, 0.54%, 1, 0, 5, 1410.75
1775262153, 1732, 337, 395, 0, 0, 0.54%, 1, 0, 5, 1297.45
1775262158, 1733, 54, 395, 0, 0, 0.54%, 1, 0, 5, 1438.38
1775262163, 1733, 88, 395, 0, 0, 0.54%, 1, 0, 5, 1430.58
1775262168, 1733, 141, 395, 0, 0, 0.54%, 1, 0, 5, 1510.85
1775262173, 1733, 201, 395, 0, 0, 0.54%, 1, 0, 5, 1553.43
1775262178, 1733, 304, 395, 0, 0, 0.54%, 1, 0, 5, 1449.30
1775262184, 1734, 15, 395, 0, 0, 0.54%, 1, 0, 5, 1378.09
1775262189, 1734, 86, 395, 0, 0, 0.54%, 1, 0, 5, 1580.31
1775262194, 1734, 177, 395, 0, 0, 0.54%, 1, 0, 5, 1598.84
1775262199, 1734, 294, 395, 0, 0, 0.54%, 1, 0, 5, 1395.50
1775262204, 1735, 2, 395, 0, 0, 0.54%, 1, 0, 5, 1368.08
1775262209, 1735, 69, 395, 0, 0, 0.54%, 1, 0, 5, 1502.39
1775262214, 1735, 106, 395, 0, 0, 0.54%, 1, 0, 5, 1579.66
1775262219, 1735, 193, 395, 0, 0, 0.54%, 1, 0, 5, 1547.04
1775262224, 1735, 268, 395, 0, 0, 0.54%, 1, 0, 5, 726.73
1775262229, 1735, 337, 395, 0, 0, 0.54%, 1, 0, 5, 1322.32
1775262234, 1736, 53, 395, 0, 0, 0.54%, 1, 0, 5, 1422.61
1775262239, 1736, 86, 395, 0, 0, 0.54%, 1, 0, 5, 1417.62
1775262245, 1736, 145, 395, 0, 0, 0.54%, 1, 0, 5, 1377.88
1775262250, 1736, 267, 395, 0, 0, 0.54%, 1, 0, 5, 1533.33
1775262255, 1736, 304, 395, 0, 0, 0.54%, 1, 0, 5, 1359.78
1775262260, 1736, 391, 395, 0, 0, 0.54%, 1, 0, 5, 231.13
1775262265, 1737, 67, 395, 0, 0, 0.54%, 1, 0, 5, 1573.84
1775262270, 1737, 93, 395, 0, 0, 0.54%, 1, 0, 5, 1454.22
1775262275, 1737, 192, 395, 0, 0, 0.54%, 1, 0, 5, 1423.97
1775262280, 1737, 230, 395, 0, 0, 0.54%, 1, 0, 5, 1553.16
1775262285, 1737, 333, 395, 0, 0, 0.54%, 1, 0, 5, 1495.05
1775262290, 1738, 20, 395, 0, 0, 0.54%, 1, 0, 5, 1412.93
1775262295, 1738, 62, 395, 0, 0, 0.54%, 1, 0, 5, 1411.56
1775262300, 1738, 93, 395, 0, 0, 0.54%, 1, 0, 5, 1547.15
1775262305, 1738, 155, 395, 0, 0, 0.54%, 1, 0, 5, 1460.57
1775262310, 1738, 287, 395, 0, 0, 0.54%, 1, 0, 5, 1474.37
1775262315, 1738, 356, 395, 0, 0, 0.54%, 1, 0, 5, 1401.21
1775262321, 1739, 71, 395, 0, 0, 0.54%, 1, 0, 5, 1385.57
1775262326, 1739, 93, 395, 0, 0, 0.54%, 1, 0, 5, 1574.33
1775262331, 1739, 184, 395, 0, 0, 0.54%, 1, 0, 5, 1514.86
1775262336, 1739, 288, 395, 0, 0, 0.54%, 1, 0, 5, 1509.87
1775262341, 1740, 10, 395, 0, 0, 0.54%, 1, 0, 5, 1380.15
1775262346, 1740, 57, 395, 0, 0, 0.54%, 1, 0, 5, 1530.49
1775262351, 1740, 86, 395, 0, 0, 0.54%, 1, 0, 5, 1470.59
1775262356, 1740, 157, 395, 0, 0, 0.54%, 1, 0, 5, 1351.71
1775262361, 1740, 271, 395, 0, 0, 0.54%, 1, 0, 5, 1463.92
1775262366, 1740, 351, 395, 0, 0, 0.54%, 1, 0, 5, 1339.05
1775262371, 1741, 83, 395, 0, 0, 0.54%, 1, 0, 5, 1462.85
1775262377, 1741, 149, 395, 0, 0, 0.54%, 1, 0, 5, 1601.56
1775262382, 1741, 279, 395, 0, 0, 0.54%, 1, 0, 5, 1445.98
1775262387, 1741, 313, 395, 0, 0, 0.54%, 1, 0, 5, 1479.65
1775262392, 1742, 51, 395, 0, 0, 0.54%, 1, 0, 5, 1475.38
1775262397, 1742, 86, 395, 0, 0, 0.54%, 1, 0, 5, 1483.52
1775262402, 1742, 96, 395, 0, 0, 0.54%, 1, 0, 5, 1397.86
1775262407, 1742, 225, 395, 0, 0, 0.54%, 1, 0, 5, 880.92
1775262412, 1742, 303, 395, 0, 0, 0.54%, 1, 0, 5, 1384.22
1775262417, 1742, 360, 395, 0, 0, 0.54%, 1, 0, 5, 1281.85
1775262423, 1743, 75, 395, 0, 0, 0.54%, 1, 0, 5, 1455.83
1775262428, 1743, 106, 395, 0, 0, 0.54%, 1, 0, 5, 1533.31
1775262433, 1743, 163, 395, 0, 0, 0.54%, 1, 0, 5, 1436.72
1775262438, 1743, 265, 395, 0, 0, 0.54%, 1, 0, 5, 1450.55
1775262443, 1743, 337, 395, 0, 0, 0.54%, 1, 0, 5, 1375.50
1775262448, 1744, 52, 395, 0, 0, 0.54%, 1, 0, 5, 1291.61
1775262453, 1744, 88, 395, 0, 0, 0.54%, 1, 0, 5, 1388.77
1775262459, 1744, 140, 395, 0, 0, 0.54%, 1, 0, 5, 1498.62
1775262464, 1744, 259, 395, 0, 0, 0.54%, 1, 0, 5, 1499.10
1775262469, 1744, 354, 395, 0, 0, 0.54%, 1, 0, 5, 1422.12
1775262474, 1745, 24, 395, 0, 0, 0.54%, 1, 0, 5, 1453.95
1775262479, 1745, 86, 395, 0, 0, 0.54%, 1, 0, 5, 1435.91
1775262484, 1745, 118, 395, 0, 0, 0.54%, 1, 0, 5, 1423.90
1775262489, 1745, 223, 395, 0, 0, 0.54%, 1, 0, 5, 1467.65
1775262494, 1745, 311, 395, 0, 0, 0.54%, 1, 0, 5, 1381.70
1775262499, 1746, 57, 395, 0, 0, 0.54%, 1, 0, 5, 1627.99
1775262505, 1746, 93, 395, 0, 0, 0.54%, 1, 0, 5, 1453.10
1775262510, 1746, 158, 395, 0, 0, 0.54%, 1, 0, 5, 1513.60
1775262515, 1746, 275, 395, 0, 0, 0.54%, 1, 0, 5, 1553.28
1775262520, 1746, 337, 395, 0, 0, 0.54%, 1, 0, 5, 1434.04
1775262525, 1747, 57, 395, 0, 0, 0.54%, 1, 0, 5, 1271.64
1775262530, 1747, 93, 395, 0, 0, 0.54%, 1, 0, 5, 1060.94
1775262535, 1747, 148, 395, 0, 0, 0.54%, 1, 0, 5, 1294.87
1775262540, 1747, 214, 395, 0, 0, 0.54%, 1, 0, 5, 1343.49
1775262545, 1747, 288, 395, 0, 0, 0.54%, 1, 0, 5, 1388.21
1775262550, 1748, 16, 395, 0, 0, 0.54%, 1, 0, 5, 1400.92
1775262555, 1748, 83, 395, 0, 0, 0.54%, 1, 0, 5, 1528.65
1775262561, 1748, 147, 395, 0, 0, 0.54%, 1, 0, 5, 1529.98
1775262566, 1748, 304, 395, 0, 0, 0.54%, 1, 0, 5, 1334.71
1775262571, 1748, 353, 395, 0, 0, 0.54%, 1, 0, 5, 1306.22
1775262576, 1749, 58, 395, 0, 0, 0.54%, 1, 0, 5, 1437.10
1775262581, 1749, 86, 395, 0, 0, 0.54%, 1, 0, 5, 1558.00
1775262586, 1749, 130, 395, 0, 0, 0.54%, 1, 0, 5, 1368.51
1775262591, 1749, 202, 395, 0, 0, 0.54%, 1, 0, 5, 1512.15
1775262596, 1749, 312, 395, 0, 0, 0.54%, 1, 0, 5, 1479.10
1775262601, 1750, 7, 395, 0, 0, 0.54%, 1, 0, 5, 1217.07
1775262606, 1750, 86, 395, 0, 0, 0.54%, 1, 0, 5, 1453.37
1775262611, 1750, 157, 395, 0, 0, 0.54%, 1, 0, 5, 1454.07
1775262616, 1750, 202, 395, 0, 0, 0.54%, 1, 0, 5, 1409.57
1775262621, 1750, 320, 395, 0, 0, 0.54%, 1, 0, 5, 1498.74
1775262627, 1751, 51, 395, 0, 0, 0.54%, 1, 0, 5, 1443.31
1775262632, 1751, 86, 395, 0, 0, 0.54%, 1, 0, 5, 1518.86
1775262637, 1751, 108, 395, 0, 0, 0.54%, 1, 0, 5, 1449.21
1775262642, 1751, 177, 395, 0, 0, 0.54%, 1, 0, 5, 1495.13
1775262647, 1751, 252, 395, 0, 0, 0.54%, 1, 0, 5, 1435.09
1775262652, 1751, 293, 395, 0, 0, 0.54%, 1, 0, 5, 1516.48
1775262657, 1751, 357, 395, 0, 0, 0.54%, 1, 0, 5, 1319.65
1775262662, 1752, 73, 395, 0, 0, 0.54%, 1, 0, 5, 1398.80
1775262667, 1752, 93, 395, 0, 0, 0.54%, 1, 0, 5, 1374.95
1775262672, 1752, 158, 395, 0, 0, 0.54%, 1, 0, 5, 1452.93
1775262677, 1752, 251, 395, 0, 0, 0.54%, 1, 0, 5, 1436.49
1775262683, 1752, 338, 395, 0, 0, 0.54%, 1, 0, 5, 1454.40
1775262688, 1753, 47, 395, 0, 0, 0.54%, 1, 0, 5, 1437.68
1775262693, 1753, 74, 395, 0, 0, 0.54%, 1, 0, 5, 1438.29
1775262698, 1753, 106, 395, 0, 0, 0.54%, 1, 0, 5, 1491.39
1775262703, 1753, 300, 395, 0, 0, 0.54%, 1, 0, 5, 1420.50
1775262708, 1753, 381, 395, 0, 0, 0.54%, 1, 0, 5, 1286.01
1775262713, 1754, 86, 395, 0, 0, 0.54%, 1, 0, 5, 1513.40
1775262718, 1754, 146, 395, 0, 0, 0.54%, 1, 0, 5, 1470.32
1775262723, 1754, 265, 395, 0, 0, 0.54%, 1, 0, 5, 986.77
1775262728, 1754, 339, 395, 0, 0, 0.54%, 1, 0, 5, 1349.81
1775262733, 1755, 57, 395, 0, 0, 0.54%, 1, 0, 5, 1268.66
1775262738, 1755, 98, 395, 0, 0, 0.54%, 1, 0, 5, 1465.92
1775262744, 1755, 211, 395, 0, 0, 0.54%, 1, 0, 5, 1488.51
1775262749, 1755, 287, 395, 0, 0, 0.54%, 1, 0, 5, 1404.23
1775262754, 1755, 337, 395, 0, 0, 0.54%, 1, 0, 5, 1315.73
1775262759, 1756, 69, 395, 0, 0, 0.54%, 1, 0, 5, 1382.45
1775262764, 1756, 88, 395, 0, 0, 0.54%, 1, 0, 5, 1528.33
1775262769, 1756, 158, 395, 0, 0, 0.54%, 1, 0, 5, 1420.41
1775262774, 1756, 286, 395, 0, 0, 0.54%, 1, 0, 5, 1472.47
1775262779, 1756, 326, 395, 0, 0, 0.54%, 1, 0, 5, 1386.69
1775262784, 1756, 394, 395, 0, 0, 0.54%, 1, 0, 5, 1355.24
1775262789, 1757, 57, 395, 0, 0, 0.54%, 1, 0, 5, 1474.55
1775262795, 1757, 86, 395, 0, 0, 0.54%, 1, 0, 5, 1471.51
1775262800, 1757, 121, 395, 0, 0, 0.54%, 1, 0, 5, 1486.89
1775262805, 1757, 188, 395, 0, 0, 0.54%, 1, 0, 5, 1459.11
1775262810, 1757, 283, 395, 0, 0, 0.54%, 1, 0, 5, 1434.61
1775262815, 1757, 379, 395, 0, 0, 0.54%, 1, 0, 5, 1338.05
1775262820, 1758, 83, 395, 0, 0, 0.54%, 1, 0, 5, 1456.54
1775262825, 1758, 106, 395, 0, 0, 0.54%, 1, 0, 5, 1775.89
1775262830, 1758, 311, 395, 0, 0, 0.54%, 1, 0, 5, 1461.08
1775262835, 1759, 51, 395, 0, 0, 0.54%, 1, 0, 5, 1466.81
1775262840, 1759, 88, 395, 0, 0, 0.54%, 1, 0, 5, 1475.21
1775262846, 1759, 210, 395, 0, 0, 0.54%, 1, 0, 5, 1484.29
1775262851, 1759, 304, 395, 0, 0, 0.54%, 1, 0, 5, 1366.96
1775262856, 1760, 26, 395, 0, 0, 0.54%, 1, 0, 5, 1448.79
1775262861, 1760, 83, 395, 0, 0, 0.54%, 1, 0, 5, 1498.68
1775262866, 1760, 133, 395, 0, 0, 0.54%, 1, 0, 5, 1538.60
1775262871, 1760, 225, 395, 0, 0, 0.54%, 1, 0, 5, 1528.18
1775262876, 1760, 312, 395, 0, 0, 0.54%, 1, 0, 5, 1496.34
1775262881, 1761, 29, 395, 0, 0, 0.54%, 1, 0, 5, 564.04
1775262886, 1761, 86, 395, 0, 0, 0.54%, 1, 0, 5, 1321.29
1775262891, 1761, 146, 395, 0, 0, 0.54%, 1, 0, 5, 1346.59
1775262896, 1761, 304, 395, 0, 0, 0.54%, 1, 0, 5, 1347.90
1775262901, 1761, 381, 395, 0, 0, 0.54%, 1, 0, 5, 1250.27
1775262906, 1762, 35, 395, 0, 0, 0.54%, 1, 0, 5, 1445.43
1775262912, 1762, 83, 395, 0, 0, 0.54%, 1, 0, 5, 1476.43
1775262917, 1762, 139, 395, 0, 0, 0.54%, 1, 0, 5, 1465.98
1775262922, 1762, 268, 395, 0, 0, 0.54%, 1, 0, 5, 1364.71
1775262927, 1762, 311, 395, 0, 0, 0.54%, 1, 0, 5, 1402.64
1775262932, 1763, 34, 395, 0, 0, 0.54%, 1, 0, 5, 1377.78
1775262937, 1763, 88, 395, 0, 0, 0.54%, 1, 0, 5, 1461.60
1775262942, 1763, 241, 395, 0, 0, 0.54%, 1, 0, 5, 1423.44
1775262947, 1763, 335, 395, 0, 0, 0.54%, 1, 0, 5, 1356.02
1775262952, 1763, 394, 395, 0, 0, 0.54%, 1, 0, 5, 1508.25
1775262958, 1764, 74, 395, 0, 0, 0.54%, 1, 0, 5, 1740.64
1775262963, 1764, 92, 395, 0, 0, 0.54%, 1, 0, 5, 1468.70
1775262968, 1764, 119, 395, 0, 0, 0.54%, 1, 0, 5, 1543.82
1775262973, 1764, 287, 395, 0, 0, 0.54%, 1, 0, 5, 1469.08
1775262978, 1764, 388, 395, 0, 0, 0.54%, 1, 0, 5, 1202.43
1775262983, 1765, 73, 395, 0, 0, 0.54%, 1, 0, 5, 1511.84
1775262988, 1765, 89, 395, 0, 0, 0.54%, 1, 0, 5, 1494.80
1775262993, 1765, 131, 395, 0, 0, 0.54%, 1, 0, 5, 1465.11
1775262998, 1765, 281, 395, 0, 0, 0.54%, 1, 0, 5, 1464.64
1775263004, 1765, 313, 395, 0, 0, 0.54%, 1, 0, 5, 1432.37
1775263009, 1766, 71, 395, 0, 0, 0.54%, 1, 0, 5, 1495.30
1775263014, 1766, 88, 395, 0, 0, 0.54%, 1, 0, 5, 1509.16
1775263019, 1766, 160, 395, 0, 0, 0.54%, 1, 0, 5, 1558.40
1775263024, 1766, 235, 395, 0, 0, 0.54%, 1, 0, 5, 1316.90
1775263029, 1766, 361, 395, 0, 0, 0.54%, 1, 0, 5, 1323.83
1775263034, 1766, 389, 395, 0, 0, 0.54%, 1, 0, 5, 1561.63
1775263039, 1767, 35, 395, 0, 0, 0.54%, 1, 0, 5, 1508.38
1775263044, 1767, 88, 395, 0, 0, 0.54%, 1, 0, 5, 1546.68
1775263049, 1767, 146, 395, 0, 0, 0.54%, 1, 0, 5, 1480.80
1775263054, 1767, 244, 395, 0, 0, 0.54%, 1, 0, 5, 1458.19
1775263060, 1767, 287, 395, 0, 0, 0.54%, 1, 0, 5, 1332.36
1775263065, 1767, 379, 395, 0, 0, 0.54%, 1, 0, 5, 1259.77
1775263070, 1768, 75, 395, 0, 0, 0.54%, 1, 0, 5, 1412.28
1775263075, 1768, 93, 395, 0, 0, 0.54%, 1, 0, 5, 1463.21
1775263080, 1768, 145, 395, 0, 0, 0.54%, 1, 0, 5, 1539.77
1775263085, 1768, 253, 395, 0, 0, 0.54%, 1, 0, 5, 1386.56
1775263090, 1768, 311, 395, 0, 0, 0.54%, 1, 0, 5, 1434.85
1775263095, 1769, 19, 395, 0, 0, 0.54%, 1, 0, 5, 1638.94
1775263100, 1769, 83, 395, 0, 0, 0.54%, 1, 0, 5, 1552.67
1775263105, 1769, 117, 395, 0, 0, 0.54%, 1, 0, 5, 1478.33
1775263111, 1769, 303, 395, 0, 0, 0.54%, 1, 0, 5, 1386.25
1775263116, 1769, 356, 395, 0, 0, 0.54%, 1, 0, 5, 1242.80
1775263121, 1770, 51, 395, 0, 0, 0.54%, 1, 0, 5, 1198.57
1775263126, 1770, 87, 395, 0, 0, 0.54%, 1, 0, 5, 1447.33
1775263131, 1770, 110, 395, 0, 0, 0.54%, 1, 0, 5, 1531.22
1775263136, 1770, 158, 395, 0, 0, 0.54%, 1, 0, 5, 1528.16
1775263141, 1770, 212, 395, 0, 0, 0.54%, 1, 0, 5, 1631.15
1775263146, 1770, 277, 395, 0, 0, 0.54%, 1, 0, 5, 1464.45
1775263151, 1770, 311, 395, 0, 0, 0.54%, 1, 0, 5, 1459.24
1775263156, 1771, 51, 395, 0, 0, 0.54%, 1, 0, 5, 1323.02
1775263161, 1771, 88, 395, 0, 0, 0.54%, 1, 0, 5, 1445.58
1775263167, 1771, 157, 395, 0, 0, 0.54%, 1, 0, 5, 1468.89
1775263172, 1771, 278, 395, 0, 0, 0.54%, 1, 0, 5, 1437.84
1775263177, 1771, 344, 395, 0, 0, 0.54%, 1, 0, 5, 1267.64
1775263182, 1772, 73, 395, 0, 0, 0.54%, 1, 0, 5, 1428.12
1775263187, 1772, 93, 395, 0, 0, 0.54%, 1, 0, 5, 1526.76
1775263192, 1772, 220, 395, 0, 0, 0.54%, 1, 0, 5, 1453.50
1775263197, 1772, 333, 395, 0, 0, 0.54%, 1, 0, 5, 1467.51
1775263202, 1773, 55, 395, 0, 0, 0.54%, 1, 0, 5, 1494.60
1775263207, 1773, 88, 395, 0, 0, 0.54%, 1, 0, 5, 1512.04
1775263213, 1773, 148, 395, 0, 0, 0.54%, 1, 0, 5, 1753.81
1775263218, 1773, 193, 395, 0, 0, 0.54%, 1, 0, 5, 1410.59
1775263223, 1773, 254, 395, 0, 0, 0.54%, 1, 0, 5, 1444.09
1775263228, 1773, 333, 395, 0, 0, 0.54%, 1, 0, 5, 1298.45
1775263233, 1774, 73, 395, 0, 0, 0.54%, 1, 0, 5, 1530.79
1775263238, 1774, 89, 395, 0, 0, 0.54%, 1, 0, 5, 1524.90
1775263243, 1774, 139, 395, 0, 0, 0.54%, 1, 0, 5, 1460.78
1775263249, 1774, 193, 395, 0, 0, 0.54%, 1, 0, 5, 1421.13
1775263254, 1774, 278, 395, 0, 0, 0.54%, 1, 0, 5, 1368.54
1775263259, 1774, 333, 395, 0, 0, 0.54%, 1, 0, 5, 1388.19
1775263264, 1775, 73, 395, 0, 0, 0.54%, 1, 0, 5, 1445.25
1775263269, 1775, 88, 395, 0, 0, 0.54%, 1, 0, 5, 1287.63
1775263274, 1775, 158, 395, 0, 0, 0.54%, 1, 0, 5, 1400.34
1775263279, 1775, 218, 395, 0, 0, 0.54%, 1, 0, 5, 1345.80
1775263284, 1775, 311, 395, 0, 0, 0.54%, 1, 0, 5, 1369.74
1775263289, 1776, 43, 395, 0, 0, 0.54%, 1, 0, 5, 1301.01
1775263294, 1776, 86, 395, 0, 0, 0.54%, 1, 0, 5, 1437.62
1775263300, 1776, 173, 395, 0, 0, 0.54%, 1, 0, 5, 1463.01
1775263305, 1776, 273, 395, 0, 0, 0.54%, 1, 0, 5, 1468.87
1775263310, 1777, 3, 395, 0, 0, 0.54%, 1, 0, 5, 1390.29
1775263315, 1777, 83, 395, 0, 0, 0.54%, 1, 0, 5, 1475.23
1775263320, 1777, 115, 395, 0, 0, 0.54%, 1, 0, 5, 1503.68
1775263325, 1777, 166, 395, 0, 0, 0.54%, 1, 0, 5, 1529.22
1775263330, 1777, 279, 395, 0, 0, 0.54%, 1, 0, 5, 1363.79
1775263335, 1777, 337, 395, 0, 0, 0.54%, 1, 0, 5, 1314.36
1775263340, 1778, 69, 395, 0, 0, 0.54%, 1, 0, 5, 1448.10
1775263345, 1778, 88, 395, 0, 0, 0.54%, 1, 0, 5, 1543.62
1775263350, 1778, 145, 395, 0, 0, 0.54%, 1, 0, 5, 1526.98
1775263355, 1778, 303, 395, 0, 0, 0.54%, 1, 0, 5, 1313.74
1775263360, 1778, 387, 395, 0, 0, 0.54%, 1, 0, 5, 1369.26
1775263365, 1779, 83, 395, 0, 0, 0.54%, 1, 0, 5, 1486.58
1775263371, 1779, 106, 395, 0, 0, 0.54%, 1, 0, 5, 1493.29
1775263376, 1779, 158, 395, 0, 0, 0.54%, 1, 0, 5, 1510.80
1775263381, 1779, 312, 395, 0, 0, 0.54%, 1, 0, 5, 1393.78
1775263386, 1780, 57, 395, 0, 0, 0.54%, 1, 0, 5, 1284.68
1775263391, 1780, 86, 395, 0, 0, 0.54%, 1, 0, 5, 1459.46
1775263396, 1780, 157, 395, 0, 0, 0.54%, 1, 0, 5, 1440.02
1775263401, 1780, 304, 395, 0, 0, 0.54%, 1, 0, 5, 1404.51
1775263406, 1781, 10, 395, 0, 0, 0.54%, 1, 0, 5, 1218.04
1775263411, 1781, 57, 395, 0, 0, 0.54%, 1, 0, 5, 1467.04
1775263417, 1781, 88, 395, 0, 0, 0.54%, 1, 0, 5, 1443.93
1775263422, 1781, 167, 395, 0, 0, 0.54%, 1, 0, 5, 1451.66
1775263427, 1781, 281, 395, 0, 0, 0.54%, 1, 0, 5, 1488.30
1775263432, 1781, 336, 395, 0, 0, 0.54%, 1, 0, 5, 1403.81
1775263437, 1782, 56, 395, 0, 0, 0.54%, 1, 0, 5, 1433.56
1775263442, 1782, 83, 395, 0, 0, 0.54%, 1, 0, 5, 1513.67
1775263447, 1782, 98, 395, 0, 0, 0.54%, 1, 0, 5, 1362.89
1775263452, 1782, 199, 395, 0, 0, 0.54%, 1, 0, 5, 1503.65
1775263457, 1782, 312, 395, 0, 0, 0.54%, 1, 0, 5, 1502.44
1775263463, 1783, 51, 395, 0, 0, 0.54%, 1, 0, 5, 1446.29
1775263468, 1783, 88, 395, 0, 0, 0.54%, 1, 0, 5, 1566.31
1775263473, 1783, 135, 395, 0, 0, 0.54%, 1, 0, 5, 1418.20
1775263478, 1783, 304, 395, 0, 0, 0.54%, 1, 0, 5, 1450.35
1775263483, 1783, 389, 395, 0, 0, 0.54%, 1, 0, 5, 1451.28
1775263493, 1784, 43, 395, 0, 0, 0.54%, 1, 0, 5, 1553.29
1775263498, 1784, 88, 395, 0, 0, 0.54%, 1, 0, 5, 1453.92
1775263503, 1784, 171, 395, 0, 0, 0.54%, 1, 0, 5, 1363.81
1775263508, 1784, 208, 395, 0, 0, 0.54%, 1, 0, 5, 1429.74
1775263513, 1784, 311, 395, 0, 0, 0.54%, 1, 0, 5, 1370.26
1775263519, 1785, 54, 395, 0, 0, 0.54%, 1, 0, 5, 1421.34
1775263524, 1785, 88, 395, 0, 0, 0.54%, 1, 0, 5, 1545.25
1775263529, 1785, 130, 395, 0, 0, 0.54%, 1, 0, 5, 1369.44
1775263534, 1785, 240, 395, 0, 0, 0.54%, 1, 0, 5, 1393.04
1775263539, 1785, 316, 395, 0, 0, 0.54%, 1, 0, 5, 1404.80
1775263544, 1785, 393, 395, 0, 0, 0.54%, 1, 0, 5, 1198.60
1775263549, 1786, 73, 395, 0, 0, 0.54%, 1, 0, 5, 1373.33
1775263554, 1786, 106, 395, 0, 0, 0.54%, 1, 0, 5, 1580.10
1775263559, 1786, 182, 395, 0, 0, 0.54%, 1, 0, 5, 1609.57
1775263564, 1786, 287, 395, 0, 0, 0.54%, 1, 0, 5, 1441.77
1775263570, 1786, 337, 395, 0, 0, 0.54%, 1, 0, 5, 1465.73
1775263575, 1787, 65, 395, 0, 0, 0.54%, 1, 0, 5, 1483.60
1775263580, 1787, 93, 395, 0, 0, 0.54%, 1, 0, 5, 1374.60
1775263585, 1787, 158, 395, 0, 0, 0.54%, 1, 0, 5, 1418.94
1775263590, 1787, 304, 395, 0, 0, 0.54%, 1, 0, 5, 1263.86
1775263595, 1788, 21, 395, 0, 0, 0.54%, 1, 0, 5, 1379.61
1775263600, 1788, 83, 395, 0, 0, 0.54%, 1, 0, 5, 1425.03
1775263605, 1788, 96, 395, 0, 0, 0.54%, 1, 0, 5, 1481.29
1775263610, 1788, 174, 395, 0, 0, 0.54%, 1, 0, 5, 1366.99
1775263615, 1788, 311, 395, 0, 0, 0.54%, 1, 0, 5, 1388.32
1775263620, 1789, 41, 395, 0, 0, 0.54%, 1, 0, 5, 1443.30
1775263625, 1789, 88, 395, 0, 0, 0.54%, 1, 0, 5, 1572.67
1775263631, 1789, 158, 395, 0, 0, 0.54%, 1, 0, 5, 1466.02
1775263636, 1789, 285, 395, 0, 0, 0.54%, 1, 0, 5, 1499.44
1775263641, 1790, 0, 395, 0, 0, 0.54%, 1, 0, 5, 1482.82
1775263646, 1790, 57, 395, 0, 0, 0.54%, 1, 0, 5, 1528.85
1775263651, 1790, 88, 395, 0, 0, 0.54%, 1, 0, 5, 1486.68
1775263656, 1790, 132, 395, 0, 0, 0.54%, 1, 0, 5, 1459.90
1775263661, 1790, 299, 395, 0, 0, 0.54%, 1, 0, 5, 1416.87
1775263666, 1790, 352, 395, 0, 0, 0.54%, 1, 0, 5, 1322.78
1775263671, 1791, 51, 395, 0, 0, 0.54%, 1, 0, 5, 1379.78
1775263676, 1791, 88, 395, 0, 0, 0.54%, 1, 0, 5, 1536.04
1775263681, 1791, 125, 395, 0, 0, 0.54%, 1, 0, 5, 1517.55
1775263686, 1791, 235, 395, 0, 0, 0.54%, 1, 0, 5, 1344.82
1775263691, 1791, 312, 395, 0, 0, 0.54%, 1, 0, 5, 1449.02
1775263697, 1792, 61, 395, 0, 0, 0.54%, 1, 0, 5, 1404.71
1775263702, 1792, 88, 395, 0, 0, 0.54%, 1, 0, 5, 1460.21
1775263707, 1792, 152, 395, 0, 0, 0.54%, 1, 0, 5, 1334.17
1775263712, 1792, 278, 395, 0, 0, 0.54%, 1, 0, 5, 1463.01
1775263717, 1792, 337, 395, 0, 0, 0.54%, 1, 0, 5, 1277.52
1775263722, 1793, 83, 395, 0, 0, 0.54%, 1, 0, 5, 1502.02
1775263727, 1793, 116, 395, 0, 0, 0.54%, 1, 0, 5, 1566.01
1775263732, 1793, 217, 395, 0, 0, 0.54%, 1, 0, 5, 1615.58
1775263737, 1793, 311, 395, 0, 0, 0.54%, 1, 0, 5, 1448.63
1775263742, 1794, 57, 395, 0, 0, 0.54%, 1, 0, 5, 1405.81
1775263747, 1794, 93, 395, 0, 0, 0.54%, 1, 0, 5, 1391.59
1775263752, 1794, 142, 395, 0, 0, 0.54%, 1, 0, 5, 1538.35
1775263757, 1794, 202, 395, 0, 0, 0.54%, 1, 0, 5, 1553.69
1775263763, 1794, 283, 395, 0, 0, 0.54%, 1, 0, 5, 1490.09
1775263768, 1794, 342, 395, 0, 0, 0.54%, 1, 0, 5, 1402.81
1775263773, 1794, 389, 395, 0, 0, 0.54%, 1, 0, 5, 1462.43
1775263778, 1795, 46, 395, 0, 0, 0.54%, 1, 0, 5, 1517.91
1775263783, 1795, 83, 395, 0, 0, 0.54%, 1, 0, 5, 1544.43
1775263788, 1795, 115, 395, 0, 0, 0.54%, 1, 0, 5, 1576.96
1775263793, 1795, 188, 395, 0, 0, 0.54%, 1, 0, 5, 1444.82
1775263798, 1795, 320, 395, 0, 0, 0.54%, 1, 0, 5, 1367.19
1775263803, 1796, 8, 395, 0, 0, 0.54%, 1, 0, 5, 1438.81
1775263808, 1796, 57, 395, 0, 0, 0.54%, 1, 0, 5, 1565.69
1775263813, 1796, 93, 395, 0, 0, 0.54%, 1, 0, 5, 1392.26
1775263818, 1796, 158, 395, 0, 0, 0.54%, 1, 0, 5, 1402.54
1775263824, 1796, 283, 395, 0, 0, 0.54%, 1, 0, 5, 1422.22
1775263829, 1796, 336, 395, 0, 0, 0.54%, 1, 0, 5, 1389.48
1775263834, 1797, 9, 395, 0, 0, 0.54%, 1, 0, 5, 1711.58
1775263839, 1797, 62, 395, 0, 0, 0.54%, 1, 0, 5, 1515.68
1775263844, 1797, 95, 395, 0, 0, 0.54%, 1, 0, 5, 1440.34
1775263849, 1797, 283, 395, 0, 0, 0.54%, 1, 0, 5, 1762.38
1775263854, 1797, 337, 395, 0, 0, 0.54%, 1, 0, 5, 1473.67
1775263860, 1798, 51, 395, 0, 0, 0.54%, 1, 0, 5, 1473.45
1775263865, 1798, 93, 395, 0, 0, 0.54%, 1, 0, 5, 1558.65
1775263870, 1798, 159, 395, 0, 0, 0.54%, 1, 0, 5, 1436.51
1775263875, 1798, 241, 395, 0, 0, 0.54%, 1, 0, 5, 1546.04
1775263880, 1798, 337, 395, 0, 0, 0.54%, 1, 0, 5, 1388.06
1775263885, 1799, 56, 395, 0, 0, 0.54%, 1, 0, 5, 1373.15
1775263890, 1799, 86, 395, 0, 0, 0.54%, 1, 0, 5, 1536.55
1775263895, 1799, 113, 395, 0, 0, 0.54%, 1, 0, 5, 1536.31
1775263900, 1799, 173, 395, 0, 0, 0.54%, 1, 0, 5, 1477.07
1775263906, 1799, 333, 395, 0, 0, 0.54%, 1, 0, 5, 1495.48
1775263911, 1800, 40, 395, 0, 0, 0.54%, 1, 0, 5, 1471.44
1775263916, 1800, 86, 395, 0, 0, 0.54%, 1, 0, 5, 1522.15
1775263921, 1800, 133, 395, 0, 0, 0.54%, 1, 0, 5, 1431.37
1775263926, 1800, 321, 395, 0, 0, 0.54%, 1, 0, 5, 1379.17
1775263931, 1801, 57, 395, 0, 0, 0.54%, 1, 0, 5, 1417.40
1775263936, 1801, 86, 395, 0, 0, 0.54%, 1, 0, 5, 1507.96
1775263941, 1801, 106, 395, 0, 0, 0.54%, 1, 0, 5, 1431.80
1775263946, 1801, 293, 395, 0, 0, 0.54%, 1, 0, 5, 1477.04
1775263951, 1801, 360, 395, 0, 0, 0.54%, 1, 0, 5, 1308.09
1775263956, 1802, 72, 395, 0, 0, 0.54%, 1, 0, 5, 1408.47
1775263962, 1802, 88, 395, 0, 0, 0.54%, 1, 0, 5, 1467.56
1775263967, 1802, 210, 395, 0, 0, 0.54%, 1, 0, 5, 1437.26
1775263972, 1802, 304, 395, 0, 0, 0.54%, 1, 0, 5, 1386.62
1775263977, 1802, 390, 395, 0, 0, 0.54%, 1, 0, 5, 195.40
1775263982, 1803, 73, 395, 0, 0, 0.54%, 1, 0, 5, 1553.25
1775263987, 1803, 106, 395, 0, 0, 0.54%, 1, 0, 5, 1553.18
1775263992, 1803, 196, 395, 0, 0, 0.54%, 1, 0, 5, 1536.61
1775263998, 1803, 287, 395, 0, 0, 0.54%, 1, 0, 5, 1515.96
1775264003, 1803, 388, 395, 0, 0, 0.54%, 1, 0, 5, 1381.95
1775264008, 1804, 59, 395, 0, 0, 0.54%, 1, 0, 5, 1310.47
1775264013, 1804, 106, 395, 0, 0, 0.54%, 1, 0, 5, 1399.45
1775264018, 1804, 221, 395, 0, 0, 0.54%, 1, 0, 5, 1293.95
1775264023, 1804, 287, 395, 0, 0, 0.54%, 1, 0, 5, 1491.29
1775264028, 1804, 333, 395, 0, 0, 0.54%, 1, 0, 5, 1357.43
1775264033, 1805, 57, 395, 0, 0, 0.54%, 1, 0, 5, 1645.76
1775264038, 1805, 88, 395, 0, 0, 0.54%, 1, 0, 5, 1547.06
1775264043, 1805, 140, 395, 0, 0, 0.54%, 1, 0, 5, 1397.99
1775264048, 1805, 192, 395, 0, 0, 0.54%, 1, 0, 5, 1408.53
1775264053, 1805, 351, 395, 0, 0, 0.54%, 1, 0, 5, 1426.25
1775264059, 1806, 57, 395, 0, 0, 0.54%, 1, 0, 5, 1427.47
1775264064, 1806, 86, 395, 0, 0, 0.54%, 1, 0, 5, 1604.35
1775264069, 1806, 236, 395, 0, 0, 0.54%, 1, 0, 5, 1593.46
1775264074, 1806, 304, 395, 0, 0, 0.54%, 1, 0, 5, 1559.84
1775264079, 1806, 386, 395, 0, 0, 0.54%, 1, 0, 5, 1243.20
1775264084, 1807, 51, 395, 0, 0, 0.54%, 1, 0, 5, 1407.94
1775264089, 1807, 83, 395, 0, 0, 0.54%, 1, 0, 5, 1440.55
1775264094, 1807, 93, 395, 0, 0, 0.54%, 1, 0, 5, 1374.15
1775264099, 1807, 143, 395, 0, 0, 0.54%, 1, 0, 5, 1345.16
1775264104, 1807, 244, 395, 0, 0, 0.54%, 1, 0, 5, 1473.12
1775264109, 1807, 311, 395, 0, 0, 0.54%, 1, 0, 5, 1432.25
1775264114, 1808, 17, 395, 0, 0, 0.54%, 1, 0, 5, 1458.38
1775264120, 1808, 57, 395, 0, 0, 0.54%, 1, 0, 5, 1359.07
1775264125, 1808, 93, 395, 0, 0, 0.54%, 1, 0, 5, 1465.49
1775264130, 1808, 158, 395, 0, 0, 0.54%, 1, 0, 5, 1435.56
1775264135, 1808, 312, 395, 0, 0, 0.54%, 1, 0, 5, 1331.75
1775264140, 1809, 55, 395, 0, 0, 0.54%, 1, 0, 5, 1401.77
1775264145, 1809, 81, 395, 0, 0, 0.54%, 1, 0, 5, 1482.37
1775264150, 1809, 101, 395, 0, 0, 0.54%, 1, 0, 5, 1535.89
1775264155, 1809, 138, 395, 0, 0, 0.54%, 1, 0, 5, 1505.77
1775264160, 1809, 223, 395, 0, 0, 0.54%, 1, 0, 5, 1514.57
1775264165, 1809, 333, 395, 0, 0, 0.54%, 1, 0, 5, 1484.08
1775264171, 1810, 12, 395, 0, 0, 0.54%, 1, 0, 5, 1483.32
1775264176, 1810, 83, 395, 0, 0, 0.54%, 1, 0, 5, 1455.43
1775264181, 1810, 158, 395, 0, 0, 0.54%, 1, 0, 5, 1444.12
1775264186, 1810, 262, 395, 0, 0, 0.54%, 1, 0, 5, 1481.97
1775264191, 1810, 302, 395, 0, 0, 0.54%, 1, 0, 5, 1416.88
1775264196, 1811, 18, 395, 0, 0, 0.54%, 1, 0, 5, 1371.02
1775264201, 1811, 73, 395, 0, 0, 0.54%, 1, 0, 5, 1721.51
1775264206, 1811, 90, 395, 0, 0, 0.54%, 1, 0, 5, 1482.01
1775264211, 1811, 238, 395, 0, 0, 0.54%, 1, 0, 5, 1585.34
1775264216, 1811, 276, 395, 0, 0, 0.54%, 1, 0, 5, 1467.25
1775264221, 1811, 323, 395, 0, 0, 0.54%, 1, 0, 5, 1325.91
1775264227, 1812, 51, 395, 0, 0, 0.54%, 1, 0, 5, 1384.02
1775264232, 1812, 88, 395, 0, 0, 0.54%, 1, 0, 5, 1498.85
1775264237, 1812, 119, 395, 0, 0, 0.54%, 1, 0, 5, 1329.44
1775264242, 1812, 204, 395, 0, 0, 0.54%, 1, 0, 5, 1433.35
1775264247, 1812, 275, 395, 0, 0, 0.54%, 1, 0, 5, 1527.41
1775264252, 1812, 312, 395, 0, 0, 0.54%, 1, 0, 5, 1462.66
1775264257, 1813, 1, 395, 0, 0, 0.54%, 1, 0, 5, 1445.63
1775264263, 1813, 73, 395, 0, 0, 0.54%, 1, 0, 5, 1411.58
1775264268, 1813, 106, 395, 0, 0, 0.54%, 1, 0, 5, 1479.26
1775264273, 1813, 212, 395, 0, 0, 0.54%, 1, 0, 5, 1548.46
1775264278, 1813, 287, 395, 0, 0, 0.54%, 1, 0, 5, 1420.62
1775264283, 1813, 336, 395, 0, 0, 0.54%, 1, 0, 5, 1324.41
1775264288, 1814, 64, 395, 0, 0, 0.54%, 1, 0, 5, 1432.24
1775264293, 1814, 88, 395, 0, 0, 0.54%, 1, 0, 5, 1392.70
1775264298, 1814, 139, 395, 0, 0, 0.54%, 1, 0, 5, 1399.78
1775264303, 1814, 217, 395, 0, 0, 0.54%, 1, 0, 5, 1532.50
1775264309, 1814, 333, 395, 0, 0, 0.54%, 1, 0, 5, 1345.03
1775264314, 1815, 48, 395, 0, 0, 0.54%, 1, 0, 5, 1563.69
1775264319, 1815, 83, 395, 0, 0, 0.54%, 1, 0, 5, 1400.64
1775264324, 1815, 108, 395, 0, 0, 0.54%, 1, 0, 5, 1439.32
1775264329, 1815, 187, 395, 0, 0, 0.54%, 1, 0, 5, 1518.82
1775264334, 1815, 304, 395, 0, 0, 0.54%, 1, 0, 5, 1427.69
1775264339, 1815, 383, 395, 0, 0, 0.54%, 1, 0, 5, 1326.67
1775264344, 1815, 389, 395, 0, 0, 0.54%, 1, 0, 5, 1475.17
1775264349, 1816, 57, 395, 0, 0, 0.54%, 1, 0, 5, 1407.35
1775264355, 1816, 83, 395, 0, 0, 0.54%, 1, 0, 5, 1487.76
1775264360, 1816, 125, 395, 0, 0, 0.54%, 1, 0, 5, 1475.68
1775264365, 1816, 189, 395, 0, 0, 0.54%, 1, 0, 5, 1598.30
1775264370, 1816, 261, 395, 0, 0, 0.54%, 1, 0, 5, 1031.02
1775264375, 1816, 340, 395, 0, 0, 0.54%, 1, 0, 5, 1293.41
1775264380, 1817, 52, 395, 0, 0, 0.54%, 1, 0, 5, 1375.67
1775264385, 1817, 88, 395, 0, 0, 0.54%, 1, 0, 5, 1538.25
1775264390, 1817, 171, 395, 0, 0, 0.54%, 1, 0, 5, 1468.30
1775264395, 1817, 275, 395, 0, 0, 0.54%, 1, 0, 5, 1474.19
1775264400, 1817, 343, 395, 0, 0, 0.54%, 1, 0, 5, 1373.14
1775264405, 1818, 51, 395, 0, 0, 0.54%, 1, 0, 5, 1258.45
1775264411, 1818, 86, 395, 0, 0, 0.54%, 1, 0, 5, 1369.32
1775264416, 1818, 107, 395, 0, 0, 0.54%, 1, 0, 5, 1410.58
1775264421, 1818, 302, 395, 0, 0, 0.54%, 1, 0, 5, 1514.13
1775264426, 1819, 57, 395, 0, 0, 0.54%, 1, 0, 5, 1446.41
1775264431, 1819, 93, 395, 0, 0, 0.54%, 1, 0, 5, 1425.43
1775264436, 1819, 161, 395, 0, 0, 0.54%, 1, 0, 5, 1574.01
1775264441, 1819, 311, 395, 0, 0, 0.54%, 1, 0, 5, 1433.92
1775264447, 1819, 394, 395, 0, 0, 0.54%, 1, 0, 5, 1315.61
1775264452, 1820, 73, 395, 0, 0, 0.54%, 1, 0, 5, 1405.80
1775264457, 1820, 93, 395, 0, 0, 0.54%, 1, 0, 5, 1442.62
1775264462, 1820, 180, 395, 0, 0, 0.54%, 1, 0, 5, 1420.35
1775264467, 1820, 258, 395, 0, 0, 0.54%, 1, 0, 5, 1447.88
1775264472, 1820, 362, 395, 0, 0, 0.54%, 1, 0, 5, 1274.95
1775264477, 1821, 57, 395, 0, 0, 0.54%, 1, 0, 5, 1320.94
1775264482, 1821, 93, 395, 0, 0, 0.54%, 1, 0, 5, 1415.20
1775264487, 1821, 106, 395, 0, 0, 0.54%, 1, 0, 5, 1449.50
1775264492, 1821, 254, 395, 0, 0, 0.54%, 1, 0, 5, 1435.58
1775264497, 1821, 310, 395, 0, 0, 0.54%, 1, 0, 5, 1409.32
1775264503, 1822, 13, 395, 0, 0, 0.54%, 1, 0, 5, 1339.22
1775264508, 1822, 73, 395, 0, 0, 0.54%, 1, 0, 5, 1367.16
1775264513, 1822, 93, 395, 0, 0, 0.54%, 1, 0, 5, 1441.81
1775264518, 1822, 158, 395, 0, 0, 0.54%, 1, 0, 5, 1270.54
1775264523, 1822, 230, 395, 0, 0, 0.54%, 1, 0, 5, 1373.89
1775264528, 1822, 333, 395, 0, 0, 0.54%, 1, 0, 5, 1457.71
1775264533, 1823, 44, 395, 0, 0, 0.54%, 1, 0, 5, 1392.30
1775264538, 1823, 86, 395, 0, 0, 0.54%, 1, 0, 5, 1593.82
1775264543, 1823, 158, 395, 0, 0, 0.54%, 1, 0, 5, 1506.72
1775264549, 1823, 312, 395, 0, 0, 0.54%, 1, 0, 5, 1439.49
1775264554, 1824, 51, 395, 0, 0, 0.54%, 1, 0, 5, 1547.90
1775264559, 1824, 83, 395, 0, 0, 0.54%, 1, 0, 5, 1421.14
1775264564, 1824, 109, 395, 0, 0, 0.54%, 1, 0, 5, 1556.73
1775264569, 1824, 210, 395, 0, 0, 0.54%, 1, 0, 5, 1500.83
1775264574, 1824, 276, 395, 0, 0, 0.54%, 1, 0, 5, 1542.23
1775264579, 1824, 327, 395, 0, 0, 0.54%, 1, 0, 5, 1340.35
1775264584, 1825, 51, 395, 0, 0, 0.54%, 1, 0, 5, 1384.58
1775264589, 1825, 86, 395, 0, 0, 0.54%, 1, 0, 5, 1423.34
1775264594, 1825, 193, 395, 0, 0, 0.54%, 1, 0, 5, 1448.49
1775264600, 1825, 325, 395, 0, 0, 0.54%, 1, 0, 5, 1405.61
1775264605, 1826, 35, 395, 0, 0, 0.54%, 1, 0, 5, 1352.05
1775264610, 1826, 77, 395, 0, 0, 0.54%, 1, 0, 5, 1426.53
1775264615, 1826, 93, 395, 0, 0, 0.54%, 1, 0, 5, 1455.94
1775264620, 1826, 141, 395, 0, 0, 0.54%, 1, 0, 5, 1499.52
1775264625, 1826, 191, 395, 0, 0, 0.54%, 1, 0, 5, 1417.09
1775264630, 1826, 275, 395, 0, 0, 0.54%, 1, 0, 5, 1283.45
1775264635, 1826, 337, 395, 0, 0, 0.54%, 1, 0, 5, 1372.90
1775264640, 1827, 29, 395, 0, 0, 0.54%, 1, 0, 5, 1598.15
1775264645, 1827, 83, 395, 0, 0, 0.54%, 1, 0, 5, 1545.65
1775264650, 1827, 105, 395, 0, 0, 0.54%, 1, 0, 5, 1492.92
1775264655, 1827, 205, 395, 0, 0, 0.54%, 1, 0, 5, 1413.97
1775264661, 1827, 287, 395, 0, 0, 0.54%, 1, 0, 5, 1407.20
1775264666, 1827, 389, 395, 0, 0, 0.54%, 1, 0, 5, 1467.04
1775264676, 1828, 83, 395, 0, 0, 0.54%, 1, 0, 5, 1546.83
1775264681, 1828, 106, 395, 0, 0, 0.54%, 1, 0, 5, 1519.09
1775264686, 1828, 263, 395, 0, 0, 0.54%, 1, 0, 5, 1460.92
1775264691, 1828, 366, 395, 0, 0, 0.54%, 1, 0, 5, 1283.91
1775264696, 1829, 57, 395, 0, 0, 0.54%, 1, 0, 5, 1421.11
1775264701, 1829, 92, 395, 0, 0, 0.54%, 1, 0, 5, 1386.18
1775264707, 1829, 165, 395, 0, 0, 0.54%, 1, 0, 5, 1462.62
1775264712, 1829, 267, 395, 0, 0, 0.54%, 1, 0, 5, 1498.60
1775264717, 1829, 311, 395, 0, 0, 0.54%, 1, 0, 5, 1425.35
1775264722, 1830, 57, 395, 0, 0, 0.54%, 1, 0, 5, 1277.01
1775264727, 1830, 92, 395, 0, 0, 0.54%, 1, 0, 5, 1341.47
1775264732, 1830, 202, 395, 0, 0, 0.54%, 1, 0, 5, 1427.18
1775264737, 1830, 260, 395, 0, 0, 0.54%, 1, 0, 5, 1494.54
1775264742, 1830, 337, 395, 0, 0, 0.54%, 1, 0, 5, 1376.54
1775264747, 1831, 51, 395, 0, 0, 0.54%, 1, 0, 5, 1419.63
1775264752, 1831, 93, 395, 0, 0, 0.54%, 1, 0, 5, 1525.11
1775264757, 1831, 212, 395, 0, 0, 0.54%, 1, 0, 5, 1486.94
1775264762, 1831, 311, 395, 0, 0, 0.54%, 1, 0, 5, 1395.44
1775264768, 1831, 380, 395, 0, 0, 0.54%, 1, 0, 5, 1205.97
1775264773, 1832, 44, 395, 0, 0, 0.54%, 1, 0, 5, 1355.77
1775264778, 1832, 73, 395, 0, 0, 0.54%, 1, 0, 5, 1495.23
1775264783, 1832, 106, 395, 0, 0, 0.54%, 1, 0, 5, 1515.59
1775264788, 1832, 158, 395, 0, 0, 0.54%, 1, 0, 5, 1419.62
1775264793, 1832, 224, 395, 0, 0, 0.54%, 1, 0, 5, 1428.97
1775264798, 1832, 337, 395, 0, 0, 0.54%, 1, 0, 5, 1440.79
1775264803, 1833, 57, 395, 0, 0, 0.54%, 1, 0, 5, 1349.95
1775264808, 1833, 86, 395, 0, 0, 0.54%, 1, 0, 5, 1419.06
1775264814, 1833, 134, 395, 0, 0, 0.54%, 1, 0, 5, 1397.16
1775264819, 1833, 202, 395, 0, 0, 0.54%, 1, 0, 5, 1588.51
1775264824, 1833, 311, 395, 0, 0, 0.54%, 1, 0, 5, 1359.10
1775264829, 1834, 7, 395, 0, 0, 0.54%, 1, 0, 5, 1338.07
1775264834, 1834, 88, 395, 0, 0, 0.54%, 1, 0, 5, 1549.26
1775264839, 1834, 137, 395, 0, 0, 0.54%, 1, 0, 5, 1511.22
1775264844, 1834, 211, 395, 0, 0, 0.54%, 1, 0, 5, 1412.98
1775264849, 1834, 337, 395, 0, 0, 0.54%, 1, 0, 5, 1350.41
1775264854, 1835, 51, 395, 0, 0, 0.54%, 1, 0, 5, 1459.76
1775264859, 1835, 88, 395, 0, 0, 0.54%, 1, 0, 5, 856.39
1775264864, 1835, 115, 395, 0, 0, 0.54%, 1, 0, 5, 1183.92
1775264869, 1835, 221, 395, 0, 0, 0.54%, 1, 0, 5, 1349.23
1775264875, 1835, 337, 395, 0, 0, 0.54%, 1, 0, 5, 1355.97
1775264880, 1836, 73, 395, 0, 0, 0.54%, 1, 0, 5, 1392.48
1775264885, 1836, 106, 395, 0, 0, 0.54%, 1, 0, 5, 1528.25
1775264890, 1836, 168, 395, 0, 0, 0.54%, 1, 0, 5, 1553.34
1775264895, 1836, 263, 395, 0, 0, 0.54%, 1, 0, 5, 1402.64
1775264900, 1836, 333, 395, 0, 0, 0.54%, 1, 0, 5, 1423.26
1775264905, 1837, 46, 395, 0, 0, 0.54%, 1, 0, 5, 1337.62
1775264910, 1837, 73, 395, 0, 0, 0.54%, 1, 0, 5, 1447.05
1775264915, 1837, 93, 395, 0, 0, 0.54%, 1, 0, 5, 1478.70
1775264920, 1837, 192, 395, 0, 0, 0.54%, 1, 0, 5, 1467.77
1775264926, 1837, 276, 395, 0, 0, 0.54%, 1, 0, 5, 1452.02
1775264931, 1837, 337, 395, 0, 0, 0.54%, 1, 0, 5, 1435.14
1775264936, 1838, 73, 395, 0, 0, 0.54%, 1, 0, 5, 1529.10
1775264941, 1838, 101, 395, 0, 0, 0.54%, 1, 0, 5, 1578.46
1775264946, 1838, 126, 395, 0, 0, 0.54%, 1, 0, 5, 1493.66
1775264951, 1838, 235, 395, 0, 0, 0.54%, 1, 0, 5, 1406.16
1775264956, 1838, 312, 395, 0, 0, 0.54%, 1, 0, 5, 1325.26
1775264961, 1839, 51, 395, 0, 0, 0.54%, 1, 0, 5, 1357.03
1775264966, 1839, 87, 395, 0, 0, 0.54%, 1, 0, 5, 1434.71
1775264971, 1839, 118, 395, 0, 0, 0.54%, 1, 0, 5, 1473.78
1775264976, 1839, 245, 395, 0, 0, 0.54%, 1, 0, 5, 1490.26
1775264981, 1839, 313, 395, 0, 0, 0.54%, 1, 0, 5, 1463.39
1775264986, 1839, 394, 395, 0, 0, 0.54%, 1, 0, 5, 1401.87
1775264992, 1840, 19, 395, 0, 0, 0.54%, 1, 0, 5, 1340.54
1775264997, 1840, 86, 395, 0, 0, 0.54%, 1, 0, 5, 1458.35
1775265002, 1840, 122, 395, 0, 0, 0.54%, 1, 0, 5, 1529.16
1775265007, 1840, 311, 395, 0, 0, 0.54%, 1, 0, 5, 1477.56
1775265012, 1841, 83, 395, 0, 0, 0.54%, 1, 0, 5, 1535.12
1775265017, 1841, 118, 395, 0, 0, 0.54%, 1, 0, 5, 1541.96
1775265022, 1841, 287, 395, 0, 0, 0.54%, 1, 0, 5, 1542.40
1775265027, 1841, 360, 395, 0, 0, 0.54%, 1, 0, 5, 1375.51
1775265032, 1842, 43, 395, 0, 0, 0.54%, 1, 0, 5, 1433.77
1775265038, 1842, 83, 395, 0, 0, 0.54%, 1, 0, 5, 1514.40
1775265043, 1842, 108, 395, 0, 0, 0.54%, 1, 0, 5, 723.56
1775265048, 1842, 225, 395, 0, 0, 0.54%, 1, 0, 5, 1372.84
1775265053, 1842, 392, 395, 0, 0, 0.54%, 1, 0, 5, 1283.63
1775265058, 1843, 60, 395, 0, 0, 0.54%, 1, 0, 5, 1360.11
1775265063, 1843, 93, 395, 0, 0, 0.54%, 1, 0, 5, 1475.43
1775265068, 1843, 170, 395, 0, 0, 0.54%, 1, 0, 5, 1413.74
1775265073, 1843, 313, 395, 0, 0, 0.54%, 1, 0, 5, 1497.73
1775265079, 1844, 57, 395, 0, 0, 0.54%, 1, 0, 5, 1315.14
1775265084, 1844, 88, 395, 0, 0, 0.54%, 1, 0, 5, 1538.72
1775265089, 1844, 147, 395, 0, 0, 0.54%, 1, 0, 5, 1443.33
1775265094, 1844, 328, 395, 0, 0, 0.54%, 1, 0, 5, 1432.74
1775265099, 1845, 27, 395, 0, 0, 0.54%, 1, 0, 5, 1333.39
1775265104, 1845, 84, 395, 0, 0, 0.54%, 1, 0, 5, 1529.63
1775265109, 1845, 108, 395, 0, 0, 0.54%, 1, 0, 5, 1532.85
1775265114, 1845, 158, 395, 0, 0, 0.54%, 1, 0, 5, 1484.52
1775265119, 1845, 218, 395, 0, 0, 0.54%, 1, 0, 5, 1517.96
1775265124, 1845, 266, 395, 0, 0, 0.54%, 1, 0, 5, 1554.65
1775265129, 1845, 346, 395, 0, 0, 0.54%, 1, 0, 5, 1368.61
1775265134, 1846, 57, 395, 0, 0, 0.54%, 1, 0, 5, 1447.80
1775265139, 1846, 86, 395, 0, 0, 0.54%, 1, 0, 5, 1515.53
1775265145, 1846, 128, 395, 0, 0, 0.54%, 1, 0, 5, 1590.41
1775265150, 1846, 235, 395, 0, 0, 0.54%, 1, 0, 5, 1562.18
1775265155, 1846, 324, 395, 0, 0, 0.54%, 1, 0, 5, 1486.11
1775265160, 1847, 5, 395, 0, 0, 0.54%, 1, 0, 5, 1168.22
1775265165, 1847, 58, 395, 0, 0, 0.54%, 1, 0, 5, 1382.33
1775265170, 1847, 88, 395, 0, 0, 0.54%, 1, 0, 5, 1565.50
1775265175, 1847, 141, 395, 0, 0, 0.54%, 1, 0, 5, 1713.89
1775265180, 1847, 304, 395, 0, 0, 0.54%, 1, 0, 5, 1434.55
1775265185, 1848, 21, 395, 0, 0, 0.54%, 1, 0, 5, 1410.67
1775265190, 1848, 83, 395, 0, 0, 0.54%, 1, 0, 5, 1416.14
1775265195, 1848, 96, 395, 0, 0, 0.54%, 1, 0, 5, 1352.16
1775265200, 1848, 234, 395, 0, 0, 0.54%, 1, 0, 5, 1495.55
1775265205, 1848, 320, 395, 0, 0, 0.54%, 1, 0, 5, 1465.96
1775265211, 1849, 37, 395, 0, 0, 0.54%, 1, 0, 5, 1428.03
1775265216, 1849, 73, 395, 0, 0, 0.54%, 1, 0, 5, 1512.41
1775265221, 1849, 93, 395, 0, 0, 0.54%, 1, 0, 5, 1417.97
1775265226, 1849, 170, 395, 0, 0, 0.54%, 1, 0, 5, 1370.13
1775265231, 1849, 217, 395, 0, 0, 0.54%, 1, 0, 5, 1436.43
1775265236, 1849, 311, 395, 0, 0, 0.54%, 1, 0, 5, 1442.09
1775265241, 1849, 389, 395, 0, 0, 0.54%, 1, 0, 5, 1446.04
1775265246, 1850, 41, 395, 0, 0, 0.54%, 1, 0, 5, 1517.85
1775265251, 1850, 83, 395, 0, 0, 0.54%, 1, 0, 5, 1426.55
1775265256, 1850, 111, 395, 0, 0, 0.54%, 1, 0, 5, 1556.98
1775265262, 1850, 274, 395, 0, 0, 0.54%, 1, 0, 5, 1528.00
1775265267, 1850, 327, 395, 0, 0, 0.54%, 1, 0, 5, 1440.61
1775265272, 1851, 66, 395, 0, 0, 0.54%, 1, 0, 5, 1477.72
1775265277, 1851, 106, 395, 0, 0, 0.54%, 1, 0, 5, 1577.39
1775265282, 1851, 158, 395, 0, 0, 0.54%, 1, 0, 5, 1417.70
1775265287, 1851, 304, 395, 0, 0, 0.54%, 1, 0, 5, 1277.52
1775265292, 1852, 16, 395, 0, 0, 0.54%, 1, 0, 5, 1374.91
1775265298, 1852, 60, 395, 0, 0, 0.54%, 1, 0, 5, 1530.15
1775265303, 1852, 95, 395, 0, 0, 0.54%, 1, 0, 5, 1491.05
1775265308, 1852, 218, 395, 0, 0, 0.54%, 1, 0, 5, 1570.23
1775265313, 1852, 266, 395, 0, 0, 0.54%, 1, 0, 5, 1590.85
1775265318, 1852, 333, 395, 0, 0, 0.54%, 1, 0, 5, 1451.51
1775265323, 1853, 66, 395, 0, 0, 0.54%, 1, 0, 5, 275.56
1775265328, 1853, 84, 395, 0, 0, 0.54%, 1, 0, 5, 1610.04
1775265333, 1853, 122, 395, 0, 0, 0.54%, 1, 0, 5, 1594.32
1775265338, 1853, 236, 395, 0, 0, 0.54%, 1, 0, 5, 1439.92
1775265344, 1853, 311, 395, 0, 0, 0.54%, 1, 0, 5, 1270.67
1775265349, 1854, 41, 395, 0, 0, 0.54%, 1, 0, 5, 1336.83
1775265354, 1854, 88, 395, 0, 0, 0.54%, 1, 0, 5, 1350.63
1775265359, 1854, 158, 395, 0, 0, 0.54%, 1, 0, 5, 1501.88
1775265364, 1854, 280, 395, 0, 0, 0.54%, 1, 0, 5, 1480.32
1775265369, 1854, 314, 395, 0, 0, 0.54%, 1, 0, 5, 1372.92
1775265374, 1855, 51, 395, 0, 0, 0.54%, 1, 0, 5, 1425.75
1775265379, 1855, 88, 395, 0, 0, 0.54%, 1, 0, 5, 1506.25
1775265384, 1855, 139, 395, 0, 0, 0.54%, 1, 0, 5, 1512.74
1775265389, 1855, 252, 395, 0, 0, 0.54%, 1, 0, 5, 1508.61
1775265394, 1855, 333, 395, 0, 0, 0.54%, 1, 0, 5, 1348.86
1775265400, 1856, 73, 395, 0, 0, 0.54%, 1, 0, 5, 1420.44
1775265405, 1856, 131, 395, 0, 0, 0.54%, 1, 0, 5, 1581.07
1775265410, 1856, 201, 395, 0, 0, 0.54%, 1, 0, 5, 1486.38
1775265415, 1856, 304, 395, 0, 0, 0.54%, 1, 0, 5, 1412.69
1775265420, 1857, 51, 395, 0, 0, 0.54%, 1, 0, 5, 1475.89
1775265425, 1857, 80, 395, 0, 0, 0.54%, 1, 0, 5, 1484.46
1775265430, 1857, 93, 395, 0, 0, 0.54%, 1, 0, 5, 1568.11
1775265435, 1857, 156, 395, 0, 0, 0.54%, 1, 0, 5, 1553.86
1775265440, 1857, 296, 395, 0, 0, 0.54%, 1, 0, 5, 1455.17
1775265445, 1858, 21, 395, 0, 0, 0.54%, 1, 0, 5, 1283.59
1775265450, 1858, 66, 395, 0, 0, 0.54%, 1, 0, 5, 1444.98
1775265455, 1858, 86, 395, 0, 0, 0.54%, 1, 0, 5, 1557.89
1775265460, 1858, 151, 395, 0, 0, 0.54%, 1, 0, 5, 1538.86
1775265465, 1858, 203, 395, 0, 0, 0.54%, 1, 0, 5, 1497.77
1775265470, 1858, 276, 395, 0, 0, 0.54%, 1, 0, 5, 1295.49
1775265476, 1858, 336, 395, 0, 0, 0.54%, 1, 0, 5, 1308.82
1775265481, 1859, 57, 395, 0, 0, 0.54%, 1, 0, 5, 1455.45
1775265486, 1859, 93, 395, 0, 0, 0.54%, 1, 0, 5, 1539.22
1775265491, 1859, 249, 395, 0, 0, 0.54%, 1, 0, 5, 1597.69
1775265496, 1859, 312, 395, 0, 0, 0.54%, 1, 0, 5, 1436.22
1775265501, 1860, 20, 395, 0, 0, 0.54%, 1, 0, 5, 1465.00
1775265506, 1860, 83, 395, 0, 0, 0.54%, 1, 0, 5, 1465.74
1775265511, 1860, 123, 395, 0, 0, 0.54%, 1, 0, 5, 1495.94
1775265516, 1860, 240, 395, 0, 0, 0.54%, 1, 0, 5, 1445.71
1775265521, 1860, 304, 395, 0, 0, 0.54%, 1, 0, 5, 1417.04
1775265527, 1861, 57, 395, 0, 0, 0.54%, 1, 0, 5, 1469.88
1775265532, 1861, 74, 395, 0, 0, 0.54%, 1, 0, 5, 1579.06
1775265537, 1861, 149, 395, 0, 0, 0.54%, 1, 0, 5, 1566.58
1775265542, 1861, 215, 395, 0, 0, 0.54%, 1, 0, 5, 1448.41
1775265547, 1861, 311, 395, 0, 0, 0.54%, 1, 0, 5, 1428.78
1775265552, 1862, 42, 395, 0, 0, 0.54%, 1, 0, 5, 1344.87
1775265557, 1862, 88, 395, 0, 0, 0.54%, 1, 0, 5, 1518.36
1775265562, 1862, 158, 395, 0, 0, 0.54%, 1, 0, 5, 1505.05
1775265567, 1862, 256, 395, 0, 0, 0.54%, 1, 0, 5, 1419.24
1775265572, 1862, 344, 395, 0, 0, 0.54%, 1, 0, 5, 1416.61
1775265577, 1863, 57, 395, 0, 0, 0.54%, 1, 0, 5, 1409.59
1775265582, 1863, 106, 395, 0, 0, 0.54%, 1, 0, 5, 1515.41
1775265587, 1863, 163, 395, 0, 0, 0.54%, 1, 0, 5, 1537.35
1775265592, 1863, 288, 395, 0, 0, 0.54%, 1, 0, 5, 1586.82
1775265598, 1863, 341, 395, 0, 0, 0.54%, 1, 0, 5, 1382.17
1775265603, 1864, 49, 395, 0, 0, 0.54%, 1, 0, 5, 1456.19
1775265608, 1864, 88, 395, 0, 0, 0.54%, 1, 0, 5, 1557.56
1775265613, 1864, 154, 395, 0, 0, 0.54%, 1, 0, 5, 1424.34
1775265618, 1864, 245, 395, 0, 0, 0.54%, 1, 0, 5, 1373.62
1775265623, 1864, 325, 395, 0, 0, 0.54%, 1, 0, 5, 1361.05
1775265628, 1865, 51, 395, 0, 0, 0.54%, 1, 0, 5, 1429.85
1775265633, 1865, 89, 395, 0, 0, 0.54%, 1, 0, 5, 1534.47
1775265638, 1865, 126, 395, 0, 0, 0.54%, 1, 0, 5, 1487.06
1775265644, 1865, 197, 395, 0, 0, 0.54%, 1, 0, 5, 1462.87
1775265649, 1865, 263, 395, 0, 0, 0.54%, 1, 0, 5, 1373.28
1775265654, 1865, 312, 395, 0, 0, 0.54%, 1, 0, 5, 1300.61
1775265659, 1866, 42, 395, 0, 0, 0.54%, 1, 0, 5, 1430.79
1775265664, 1866, 86, 395, 0, 0, 0.54%, 1, 0, 5, 1551.63
1775265669, 1866, 133, 395, 0, 0, 0.54%, 1, 0, 5, 1476.94
1775265674, 1866, 281, 395, 0, 0, 0.54%, 1, 0, 5, 1470.52
1775265679, 1866, 333, 395, 0, 0, 0.54%, 1, 0, 5, 1385.04
1775265684, 1867, 73, 395, 0, 0, 0.54%, 1, 0, 5, 1385.29
1775265689, 1867, 106, 395, 0, 0, 0.54%, 1, 0, 5, 1473.69
1775265694, 1867, 236, 395, 0, 0, 0.54%, 1, 0, 5, 1549.12
1775265700, 1867, 312, 395, 0, 0, 0.54%, 1, 0, 5, 1353.36
1775265705, 1868, 57, 395, 0, 0, 0.54%, 1, 0, 5, 1469.38
1775265710, 1868, 88, 395, 0, 0, 0.54%, 1, 0, 5, 1472.23
1775265715, 1868, 142, 395, 0, 0, 0.54%, 1, 0, 5, 244.44
1775265720, 1868, 281, 395, 0, 0, 0.54%, 1, 0, 5, 1556.55
1775265725, 1868, 319, 395, 0, 0, 0.54%, 1, 0, 5, 1311.66
1775265730, 1869, 34, 395, 0, 0, 0.54%, 1, 0, 5, 1457.69
1775265735, 1869, 73, 395, 0, 0, 0.54%, 1, 0, 5, 1389.40
1775265740, 1869, 90, 395, 0, 0, 0.54%, 1, 0, 5, 1458.72
1775265745, 1869, 236, 395, 0, 0, 0.54%, 1, 0, 5, 1425.83
1775265750, 1869, 362, 395, 0, 0, 0.54%, 1, 0, 5, 1440.20
1775265756, 1870, 83, 395, 0, 0, 0.54%, 1, 0, 5, 1425.86
1775265761, 1870, 106, 395, 0, 0, 0.54%, 1, 0, 5, 1462.71
1775265766, 1870, 241, 395, 0, 0, 0.54%, 1, 0, 5, 1390.07
1775265771, 1870, 372, 395, 0, 0, 0.54%, 1, 0, 5, 1425.52
1775265776, 1871, 62, 395, 0, 0, 0.54%, 1, 0, 5, 1524.09
1775265781, 1871, 106, 395, 0, 0, 0.54%, 1, 0, 5, 1512.89
1775265786, 1871, 165, 395, 0, 0, 0.54%, 1, 0, 5, 1592.03
1775265791, 1871, 286, 395, 0, 0, 0.54%, 1, 0, 5, 1600.44
1775265796, 1871, 337, 395, 0, 0, 0.54%, 1, 0, 5, 1368.79
1775265801, 1872, 63, 395, 0, 0, 0.54%, 1, 0, 5, 1543.89
1775265806, 1872, 88, 395, 0, 0, 0.54%, 1, 0, 5, 1611.71
1775265811, 1872, 127, 395, 0, 0, 0.54%, 1, 0, 5, 1525.72
1775265816, 1872, 219, 395, 0, 0, 0.54%, 1, 0, 5, 1492.93
1775265822, 1872, 333, 395, 0, 0, 0.54%, 1, 0, 5, 1486.92
1775265827, 1873, 47, 395, 0, 0, 0.54%, 1, 0, 5, 1199.12
1775265832, 1873, 86, 395, 0, 0, 0.54%, 1, 0, 5, 1418.34
1775265837, 1873, 158, 395, 0, 0, 0.54%, 1, 0, 5, 1527.49
1775265842, 1873, 287, 395, 0, 0, 0.54%, 1, 0, 5, 1529.97
1775265847, 1873, 389, 395, 0, 0, 0.54%, 1, 0, 5, 1493.17
1775265857, 1874, 76, 395, 0, 0, 0.54%, 1, 0, 5, 1538.64
1775265862, 1874, 134, 395, 0, 0, 0.54%, 1, 0, 5, 1593.01
1775265867, 1874, 264, 395, 0, 0, 0.54%, 1, 0, 5, 1310.10
1775265872, 1874, 312, 395, 0, 0, 0.54%, 1, 0, 5, 1363.33
1775265877, 1874, 389, 395, 0, 0, 0.54%, 1, 0, 5, 1380.03
1775265883, 1875, 5, 395, 0, 0, 0.54%, 1, 0, 5, 1575.03
1775265888, 1875, 73, 395, 0, 0, 0.54%, 1, 0, 5, 1485.43
1775265893, 1875, 106, 395, 0, 0, 0.54%, 1, 0, 5, 1476.61
1775265898, 1875, 167, 395, 0, 0, 0.54%, 1, 0, 5, 1462.76
1775265903, 1875, 230, 395, 0, 0, 0.54%, 1, 0, 5, 1465.93
1775265908, 1875, 276, 395, 0, 0, 0.54%, 1, 0, 5, 1358.22
1775265913, 1875, 323, 395, 0, 0, 0.54%, 1, 0, 5, 1472.43
1775265918, 1876, 34, 395, 0, 0, 0.54%, 1, 0, 5, 1306.40
1775265923, 1876, 88, 395, 0, 0, 0.54%, 1, 0, 5, 1415.71
1775265928, 1876, 148, 395, 0, 0, 0.54%, 1, 0, 5, 1428.49
1775265934, 1876, 304, 395, 0, 0, 0.54%, 1, 0, 5, 1448.29
1775265939, 1877, 51, 395, 0, 0, 0.54%, 1, 0, 5, 1439.37
1775265944, 1877, 93, 395, 0, 0, 0.54%, 1, 0, 5, 1510.12
1775265949, 1877, 279, 395, 0, 0, 0.54%, 1, 0, 5, 1467.62
1775265954, 1877, 329, 395, 0, 0, 0.54%, 1, 0, 5, 1393.56
1775265959, 1878, 18, 395, 0, 0, 0.54%, 1, 0, 5, 1500.02
1775265964, 1878, 83, 395, 0, 0, 0.54%, 1, 0, 5, 1544.40
1775265969, 1878, 103, 395, 0, 0, 0.54%, 1, 0, 5, 1494.70
1775265974, 1878, 228, 395, 0, 0, 0.54%, 1, 0, 5, 1424.30
1775265979, 1878, 312, 395, 0, 0, 0.54%, 1, 0, 5, 1361.96
1775265985, 1879, 42, 395, 0, 0, 0.54%, 1, 0, 5, 1589.69
1775265990, 1879, 73, 395, 0, 0, 0.54%, 1, 0, 5, 1584.75
1775265995, 1879, 95, 395, 0, 0, 0.54%, 1, 0, 5, 1538.85
1775266000, 1879, 169, 395, 0, 0, 0.54%, 1, 0, 5, 1502.63
1775266005, 1879, 304, 395, 0, 0, 0.54%, 1, 0, 5, 1316.73
1775266010, 1880, 57, 395, 0, 0, 0.54%, 1, 0, 5, 1404.23
1775266015, 1880, 86, 395, 0, 0, 0.54%, 1, 0, 5, 1442.64
1775266020, 1880, 120, 395, 0, 0, 0.54%, 1, 0, 5, 1443.30
1775266025, 1880, 236, 395, 0, 0, 0.54%, 1, 0, 5, 1438.63
1775266030, 1880, 293, 395, 0, 0, 0.54%, 1, 0, 5, 1518.81
1775266036, 1881, 43, 395, 0, 0, 0.54%, 1, 0, 5, 1377.15
1775266041, 1881, 86, 395, 0, 0, 0.54%, 1, 0, 5, 1398.59
1775266046, 1881, 146, 395, 0, 0, 0.54%, 1, 0, 5, 1409.04
1775266051, 1881, 264, 395, 0, 0, 0.54%, 1, 0, 5, 1484.80
1775266056, 1881, 333, 395, 0, 0, 0.54%, 1, 0, 5, 1332.30
1775266061, 1882, 75, 395, 0, 0, 0.54%, 1, 0, 5, 1360.43
1775266066, 1882, 97, 395, 0, 0, 0.54%, 1, 0, 5, 1380.91
1775266071, 1882, 146, 395, 0, 0, 0.54%, 1, 0, 5, 1449.91
1775266076, 1882, 304, 395, 0, 0, 0.54%, 1, 0, 5, 1446.61
1775266081, 1883, 40, 395, 0, 0, 0.54%, 1, 0, 5, 1398.33
1775266086, 1883, 88, 395, 0, 0, 0.54%, 1, 0, 5, 1513.12
1775266092, 1883, 152, 395, 0, 0, 0.54%, 1, 0, 5, 1402.72
1775266097, 1883, 287, 395, 0, 0, 0.54%, 1, 0, 5, 1489.30
1775266102, 1883, 373, 395, 0, 0, 0.54%, 1, 0, 5, 1307.87
1775266107, 1884, 68, 395, 0, 0, 0.54%, 1, 0, 5, 1436.99
1775266112, 1884, 93, 395, 0, 0, 0.54%, 1, 0, 5, 1533.75
1775266117, 1884, 220, 395, 0, 0, 0.54%, 1, 0, 5, 1466.76
1775266122, 1884, 304, 395, 0, 0, 0.54%, 1, 0, 5, 1389.81
1775266127, 1885, 48, 395, 0, 0, 0.54%, 1, 0, 5, 1324.52
1775266132, 1885, 83, 395, 0, 0, 0.54%, 1, 0, 5, 1305.47
1775266138, 1885, 114, 395, 0, 0, 0.54%, 1, 0, 5, 1348.81
1775266143, 1885, 304, 395, 0, 0, 0.54%, 1, 0, 5, 1324.12
1775266148, 1886, 1, 395, 0, 0, 0.54%, 1, 0, 5, 1311.73
1775266153, 1886, 83, 395, 0, 0, 0.54%, 1, 0, 5, 1505.00
1775266158, 1886, 109, 395, 0, 0, 0.54%, 1, 0, 5, 1432.71
1775266163, 1886, 173, 395, 0, 0, 0.54%, 1, 0, 5, 1431.93
1775266168, 1886, 228, 395, 0, 0, 0.54%, 1, 0, 5, 1467.01
1775266173, 1886, 311, 395, 0, 0, 0.54%, 1, 0, 5, 1438.59
1775266178, 1887, 19, 395, 0, 0, 0.54%, 1, 0, 5, 1469.02
1775266183, 1887, 81, 395, 0, 0, 0.54%, 1, 0, 5, 1436.06
1775266188, 1887, 106, 395, 0, 0, 0.54%, 1, 0, 5, 1510.37
1775266193, 1887, 178, 395, 0, 0, 0.54%, 1, 0, 5, 1534.23
1775266198, 1887, 304, 395, 0, 0, 0.54%, 1, 0, 5, 1521.10
1775266203, 1888, 28, 395, 0, 0, 0.54%, 1, 0, 5, 1499.83
1775266209, 1888, 73, 395, 0, 0, 0.54%, 1, 0, 5, 1588.87
1775266214, 1888, 112, 395, 0, 0, 0.54%, 1, 0, 5, 1547.20
1775266219, 1888, 201, 395, 0, 0, 0.54%, 1, 0, 5, 1457.26
1775266224, 1888, 269, 395, 0, 0, 0.54%, 1, 0, 5, 1447.56
1775266229, 1888, 313, 395, 0, 0, 0.54%, 1, 0, 5, 1530.49
1775266234, 1889, 8, 395, 0, 0, 0.54%, 1, 0, 5, 1355.07
1775266239, 1889, 83, 395, 0, 0, 0.54%, 1, 0, 5, 1475.79
1775266244, 1889, 110, 395, 0, 0, 0.54%, 1, 0, 5, 1563.29
1775266249, 1889, 168, 395, 0, 0, 0.54%, 1, 0, 5, 1448.65
1775266254, 1889, 301, 395, 0, 0, 0.54%, 1, 0, 5, 1495.09
1775266259, 1889, 377, 395, 0, 0, 0.54%, 1, 0, 5, 1275.97
1775266264, 1890, 83, 395, 0, 0, 0.54%, 1, 0, 5, 1371.20
1775266270, 1890, 135, 395, 0, 0, 0.54%, 1, 0, 5, 1532.47
1775266275, 1890, 221, 395, 0, 0, 0.54%, 1, 0, 5, 1451.71
1775266280, 1890, 333, 395, 0, 0, 0.54%, 1, 0, 5, 1331.50
1775266285, 1890, 389, 395, 0, 0, 0.54%, 1, 0, 5, 1345.50
1775266290, 1891, 24, 395, 0, 0, 0.54%, 1, 0, 5, 1443.83
1775266295, 1891, 73, 395, 0, 0, 0.54%, 1, 0, 5, 1534.68
1775266300, 1891, 106, 395, 0, 0, 0.54%, 1, 0, 5, 1491.25
1775266305, 1891, 231, 395, 0, 0, 0.54%, 1, 0, 5, 1507.42
1775266310, 1891, 279, 395, 0, 0, 0.54%, 1, 0, 5, 1455.88
1775266315, 1891, 338, 395, 0, 0, 0.54%, 1, 0, 5, 1377.12
1775266320, 1892, 68, 395, 0, 0, 0.54%, 1, 0, 5, 1440.03
1775266326, 1892, 88, 395, 0, 0, 0.54%, 1, 0, 5, 1479.93
1775266331, 1892, 134, 395, 0, 0, 0.54%, 1, 0, 5, 1458.74
1775266336, 1892, 242, 395, 0, 0, 0.54%, 1, 0, 5, 1457.94
1775266341, 1892, 277, 395, 0, 0, 0.54%, 1, 0, 5, 1531.50
1775266346, 1892, 337, 395, 0, 0, 0.54%, 1, 0, 5, 1433.00
1775266351, 1893, 57, 395, 0, 0, 0.54%, 1, 0, 5, 1476.09
1775266356, 1893, 93, 395, 0, 0, 0.54%, 1, 0, 5, 1441.33
1775266361, 1893, 133, 395, 0, 0, 0.54%, 1, 0, 5, 1344.95
1775266367, 1893, 196, 395, 0, 0, 0.54%, 1, 0, 5, 1420.59
1775266372, 1893, 304, 395, 0, 0, 0.54%, 1, 0, 5, 1461.87
1775266377, 1894, 46, 395, 0, 0, 0.54%, 1, 0, 5, 1454.89
1775266382, 1894, 86, 395, 0, 0, 0.54%, 1, 0, 5, 1510.94
1775266387, 1894, 111, 395, 0, 0, 0.54%, 1, 0, 5, 1549.81
1775266392, 1894, 158, 395, 0, 0, 0.54%, 1, 0, 5, 1470.31
1775266397, 1894, 289, 395, 0, 0, 0.54%, 1, 0, 5, 1470.27
1775266402, 1894, 343, 395, 0, 0, 0.54%, 1, 0, 5, 1433.84
1775266407, 1895, 49, 395, 0, 0, 0.54%, 1, 0, 5, 1509.46
1775266412, 1895, 86, 395, 0, 0, 0.54%, 1, 0, 5, 1468.13
1775266417, 1895, 107, 395, 0, 0, 0.54%, 1, 0, 5, 1410.62
1775266422, 1895, 220, 395, 0, 0, 0.54%, 1, 0, 5, 1391.45
1775266427, 1895, 333, 395, 0, 0, 0.54%, 1, 0, 5, 1346.06
1775266433, 1896, 57, 395, 0, 0, 0.54%, 1, 0, 5, 1472.16
1775266438, 1896, 93, 395, 0, 0, 0.54%, 1, 0, 5, 1479.82
1775266443, 1896, 169, 395, 0, 0, 0.54%, 1, 0, 5, 1502.68
1775266448, 1896, 243, 395, 0, 0, 0.54%, 1, 0, 5, 1565.13
1775266453, 1897, 51, 395, 0, 0, 0.54%, 1, 0, 5, 1425.57
1775266458, 1897, 83, 395, 0, 0, 0.54%, 1, 0, 5, 1312.54
1775266463, 1897, 119, 395, 0, 0, 0.54%, 1, 0, 5, 1535.00
1775266468, 1897, 225, 395, 0, 0, 0.54%, 1, 0, 5, 1511.53
1775266473, 1897, 302, 395, 0, 0, 0.54%, 1, 0, 5, 1474.35
1775266478, 1897, 385, 395, 0, 0, 0.54%, 1, 0, 5, 1325.96
1775266483, 1898, 62, 395, 0, 0, 0.54%, 1, 0, 5, 1440.44
1775266488, 1898, 93, 395, 0, 0, 0.54%, 1, 0, 5, 1569.98
1775266494, 1898, 158, 395, 0, 0, 0.54%, 1, 0, 5, 1463.96
1775266499, 1898, 250, 395, 0, 0, 0.54%, 1, 0, 5, 1419.28
1775266504, 1898, 334, 395, 0, 0, 0.54%, 1, 0, 5, 1412.50
1775266509, 1899, 60, 395, 0, 0, 0.54%, 1, 0, 5, 1571.17
1775266514, 1899, 86, 395, 0, 0, 0.54%, 1, 0, 5, 1522.02
1775266519, 1899, 228, 395, 0, 0, 0.54%, 1, 0, 5, 1566.70
1775266524, 1899, 304, 395, 0, 0, 0.54%, 1, 0, 5, 1591.45
1775266529, 1900, 19, 395, 0, 0, 0.54%, 1, 0, 5, 1383.02
1775266534, 1900, 51, 395, 0, 0, 0.54%, 1, 0, 5, 1345.99
1775266539, 1900, 89, 395, 0, 0, 0.54%, 1, 0, 5, 1552.47
1775266545, 1900, 185, 395, 0, 0, 0.54%, 1, 0, 5, 1476.19
1775266550, 1900, 304, 395, 0, 0, 0.54%, 1, 0, 5, 1450.46
1775266555, 1900, 348, 395, 0, 0, 0.54%, 1, 0, 5, 1367.41
1775266560, 1900, 389, 395, 0, 0, 0.54%, 1, 0, 5, 1614.52
1775266565, 1901, 59, 395, 0, 0, 0.54%, 1, 0, 5, 1634.75
1775266570, 1901, 88, 395, 0, 0, 0.54%, 1, 0, 5, 1474.22
1775266575, 1901, 161, 395, 0, 0, 0.54%, 1, 0, 5, 1409.47
1775266580, 1901, 304, 395, 0, 0, 0.54%, 1, 0, 5, 1321.66
1775266585, 1901, 382, 395, 0, 0, 0.54%, 1, 0, 5, 1160.90
1775266591, 1902, 64, 395, 0, 0, 0.54%, 1, 0, 5, 1450.75
1775266596, 1902, 88, 395, 0, 0, 0.54%, 1, 0, 5, 1370.08
1775266601, 1902, 240, 395, 0, 0, 0.54%, 1, 0, 5, 1534.33
1775266606, 1902, 332, 395, 0, 0, 0.54%, 1, 0, 5, 1471.43
1775266611, 1903, 51, 395, 0, 0, 0.54%, 1, 0, 5, 1434.85
1775266616, 1903, 86, 395, 0, 0, 0.54%, 1, 0, 5, 1510.30
1775266622, 1903, 124, 395, 0, 0, 0.54%, 1, 0, 5, 1599.13
1775266627, 1903, 243, 395, 0, 0, 0.54%, 1, 0, 5, 1548.30
1775266632, 1903, 311, 395, 0, 0, 0.54%, 1, 0, 5, 1413.38
1775266637, 1904, 29, 395, 0, 0, 0.54%, 1, 0, 5, 1380.54
1775266642, 1904, 83, 395, 0, 0, 0.54%, 1, 0, 5, 1402.31
1775266647, 1904, 142, 395, 0, 0, 0.54%, 1, 0, 5, 1396.08
1775266652, 1904, 243, 395, 0, 0, 0.54%, 1, 0, 5, 1379.19
1775266657, 1904, 333, 395, 0, 0, 0.54%, 1, 0, 5, 1425.07
1775266662, 1904, 394, 395, 0, 0, 0.54%, 1, 0, 5, 1410.89
1775266667, 1905, 57, 395, 0, 0, 0.54%, 1, 0, 5, 1433.87
1775266673, 1905, 86, 395, 0, 0, 0.54%, 1, 0, 5, 1599.73
1775266678, 1905, 176, 395, 0, 0, 0.54%, 1, 0, 5, 1505.05
1775266683, 1905, 249, 395, 0, 0, 0.54%, 1, 0, 5, 1603.88
1775266688, 1905, 333, 395, 0, 0, 0.54%, 1, 0, 5, 1391.42
1775266693, 1906, 54, 395, 0, 0, 0.54%, 1, 0, 5, 1434.08
1775266698, 1906, 86, 395, 0, 0, 0.54%, 1, 0, 5, 1537.32
1775266703, 1906, 106, 395, 0, 0, 0.54%, 1, 0, 5, 1507.29
1775266708, 1906, 181, 395, 0, 0, 0.54%, 1, 0, 5, 1517.22
1775266713, 1906, 311, 395, 0, 0, 0.54%, 1, 0, 5, 1363.67
1775266718, 1906, 389, 395, 0, 0, 0.54%, 1, 0, 5, 1560.11
1775266723, 1907, 16, 395, 0, 0, 0.54%, 1, 0, 5, 1320.01
1775266728, 1907, 88, 395, 0, 0, 0.54%, 1, 0, 5, 1447.53
1775266734, 1907, 158, 395, 0, 0, 0.54%, 1, 0, 5, 1518.41
1775266739, 1907, 309, 395, 0, 0, 0.54%, 1, 0, 5, 1432.13
1775266744, 1908, 22, 395, 0, 0, 0.54%, 1, 0, 5, 1399.85
1775266749, 1908, 86, 395, 0, 0, 0.54%, 1, 0, 5, 1463.98
1775266754, 1908, 158, 395, 0, 0, 0.54%, 1, 0, 5, 1464.51
1775266759, 1908, 206, 395, 0, 0, 0.54%, 1, 0, 5, 1426.07
1775266764, 1908, 288, 395, 0, 0, 0.54%, 1, 0, 5, 1546.88
1775266769, 1909, 23, 395, 0, 0, 0.54%, 1, 0, 5, 1482.64
1775266774, 1909, 57, 395, 0, 0, 0.54%, 1, 0, 5, 1340.87
1775266780, 1909, 98, 395, 0, 0, 0.54%, 1, 0, 5, 1429.87
1775266785, 1909, 215, 395, 0, 0, 0.54%, 1, 0, 5, 1551.94
1775266790, 1909, 311, 395, 0, 0, 0.54%, 1, 0, 5, 1434.58
1775266795, 1910, 34, 395, 0, 0, 0.54%, 1, 0, 5, 1374.83
1775266800, 1910, 83, 395, 0, 0, 0.54%, 1, 0, 5, 1574.74
1775266805, 1910, 154, 395, 0, 0, 0.54%, 1, 0, 5, 1526.36
1775266810, 1910, 287, 395, 0, 0, 0.54%, 1, 0, 5, 1422.64
1775266815, 1911, 55, 395, 0, 0, 0.54%, 1, 0, 5, 1375.93
1775266820, 1911, 88, 395, 0, 0, 0.54%, 1, 0, 5, 1510.74
1775266825, 1911, 163, 395, 0, 0, 0.54%, 1, 0, 5, 1568.69
1775266831, 1911, 295, 395, 0, 0, 0.54%, 1, 0, 5, 1405.01
1775266836, 1911, 362, 395, 0, 0, 0.54%, 1, 0, 5, 1300.60
1775266841, 1912, 70, 395, 0, 0, 0.54%, 1, 0, 5, 1507.21
1775266846, 1912, 88, 395, 0, 0, 0.54%, 1, 0, 5, 1439.90
1775266851, 1912, 160, 395, 0, 0, 0.54%, 1, 0, 5, 1452.53
1775266856, 1912, 264, 395, 0, 0, 0.54%, 1, 0, 5, 1348.28
1775266861, 1912, 351, 395, 0, 0, 0.54%, 1, 0, 5, 1338.61
1775266866, 1913, 55, 395, 0, 0, 0.54%, 1, 0, 5, 1403.07
1775266871, 1913, 86, 395, 0, 0, 0.54%, 1, 0, 5, 1610.00
1775266877, 1913, 119, 395, 0, 0, 0.54%, 1, 0, 5, 1534.65
1775266882, 1913, 287, 395, 0, 0, 0.54%, 1, 0, 5, 1477.96
1775266887, 1913, 337, 395, 0, 0, 0.54%, 1, 0, 5, 1439.89
1775266892, 1914, 79, 395, 0, 0, 0.54%, 1, 0, 5, 1550.97
1775266897, 1914, 122, 395, 0, 0, 0.54%, 1, 0, 5, 1505.70
1775266902, 1914, 199, 395, 0, 0, 0.54%, 1, 0, 5, 1550.24
1775266907, 1914, 304, 395, 0, 0, 0.54%, 1, 0, 5, 1453.29
1775266912, 1915, 30, 395, 0, 0, 0.54%, 1, 0, 5, 1421.66
1775266917, 1915, 83, 395, 0, 0, 0.54%, 1, 0, 5, 1482.45
1775266922, 1915, 158, 395, 0, 0, 0.54%, 1, 0, 5, 1473.99
1775266928, 1915, 245, 395, 0, 0, 0.54%, 1, 0, 5, 1486.10
1775266933, 1915, 281, 395, 0, 0, 0.54%, 1, 0, 5, 1379.64
1775266938, 1916, 12, 395, 0, 0, 0.54%, 1, 0, 5, 1405.15
1775266943, 1916, 83, 395, 0, 0, 0.54%, 1, 0, 5, 1493.47
1775266948, 1916, 151, 395, 0, 0, 0.54%, 1, 0, 5, 1488.06
1775266953, 1916, 287, 395, 0, 0, 0.54%, 1, 0, 5, 1490.51
1775266958, 1917, 10, 395, 0, 0, 0.54%, 1, 0, 5, 1439.33
1775266963, 1917, 57, 395, 0, 0, 0.54%, 1, 0, 5, 1361.29
1775266968, 1917, 88, 395, 0, 0, 0.54%, 1, 0, 5, 1518.57
1775266973, 1917, 110, 395, 0, 0, 0.54%, 1, 0, 5, 1710.35
1775266978, 1917, 147, 395, 0, 0, 0.54%, 1, 0, 5, 1465.82
1775266983, 1917, 311, 395, 0, 0, 0.54%, 1, 0, 5, 1431.31
1775266989, 1918, 10, 395, 0, 0, 0.54%, 1, 0, 5, 1317.22
1775266994, 1918, 67, 395, 0, 0, 0.54%, 1, 0, 5, 1393.39
1775266999, 1918, 106, 395, 0, 0, 0.54%, 1, 0, 5, 1571.65
1775267004, 1918, 192, 395, 0, 0, 0.54%, 1, 0, 5, 1489.30
1775267009, 1918, 311, 395, 0, 0, 0.54%, 1, 0, 5, 1499.65
1775267014, 1919, 30, 395, 0, 0, 0.54%, 1, 0, 5, 1321.50
1775267019, 1919, 88, 395, 0, 0, 0.54%, 1, 0, 5, 1372.50
1775267024, 1919, 171, 395, 0, 0, 0.54%, 1, 0, 5, 1399.26
1775267029, 1919, 304, 395, 0, 0, 0.54%, 1, 0, 5, 1458.97
1775267034, 1920, 57, 395, 0, 0, 0.54%, 1, 0, 5, 1446.54
1775267040, 1920, 86, 395, 0, 0, 0.54%, 1, 0, 5, 1443.44
1775267045, 1920, 110, 395, 0, 0, 0.54%, 1, 0, 5, 1432.02
1775267050, 1920, 202, 395, 0, 0, 0.54%, 1, 0, 5, 1447.69
1775267055, 1920, 311, 395, 0, 0, 0.54%, 1, 0, 5, 1463.52
1775267060, 1921, 27, 395, 0, 0, 0.54%, 1, 0, 5, 1356.16
1775267065, 1921, 83, 395, 0, 0, 0.54%, 1, 0, 5, 1391.20
1775267070, 1921, 144, 395, 0, 0, 0.54%, 1, 0, 5, 1436.40
1775267075, 1921, 169, 395, 0, 0, 0.54%, 1, 0, 5, 1533.59
1775267080, 1921, 207, 395, 0, 0, 0.54%, 1, 0, 5, 1536.86
1775267086, 1921, 311, 395, 0, 0, 0.54%, 1, 0, 5, 1473.97
1775267091, 1922, 52, 395, 0, 0, 0.54%, 1, 0, 5, 1448.04
1775267096, 1922, 83, 395, 0, 0, 0.54%, 1, 0, 5, 1490.88
1775267101, 1922, 134, 395, 0, 0, 0.54%, 1, 0, 5, 1486.44
1775267106, 1922, 275, 395, 0, 0, 0.54%, 1, 0, 5, 1430.04
1775267111, 1922, 313, 395, 0, 0, 0.54%, 1, 0, 5, 1437.62
1775267116, 1923, 18, 395, 0, 0, 0.54%, 1, 0, 5, 1374.19
1775267121, 1923, 83, 395, 0, 0, 0.54%, 1, 0, 5, 1494.12
1775267126, 1923, 106, 395, 0, 0, 0.54%, 1, 0, 5, 1523.37
1775267131, 1923, 192, 395, 0, 0, 0.54%, 1, 0, 5, 1436.20
1775267137, 1923, 312, 395, 0, 0, 0.54%, 1, 0, 5, 1394.53
1775267142, 1924, 18, 395, 0, 0, 0.54%, 1, 0, 5, 1358.79
1775267147, 1924, 59, 395, 0, 0, 0.54%, 1, 0, 5, 1437.53
1775267152, 1924, 106, 395, 0, 0, 0.54%, 1, 0, 5, 1636.78
1775267157, 1924, 162, 395, 0, 0, 0.54%, 1, 0, 5, 1410.93
1775267162, 1924, 242, 395, 0, 0, 0.54%, 1, 0, 5, 1428.14
1775267167, 1924, 311, 395, 0, 0, 0.54%, 1, 0, 5, 1377.66
1775267172, 1924, 393, 395, 0, 0, 0.54%, 1, 0, 5, 1830.15
1775267178, 1925, 83, 395, 0, 0, 0.54%, 1, 0, 5, 1597.91
1775267183, 1925, 106, 395, 0, 0, 0.54%, 1, 0, 5, 1568.36
1775267188, 1925, 212, 395, 0, 0, 0.54%, 1, 0, 5, 1456.00
1775267193, 1925, 287, 395, 0, 0, 0.54%, 1, 0, 5, 655.97
1775267198, 1925, 317, 395, 0, 0, 0.54%, 1, 0, 5, 1187.09
1775267203, 1925, 389, 395, 0, 0, 0.54%, 1, 0, 5, 1358.83
1775267208, 1925, 393, 395, 0, 0, 0.54%, 1, 0, 5, 1401.23
1775267213, 1926, 73, 395, 0, 0, 0.54%, 1, 0, 5, 1461.31
1775267218, 1926, 106, 395, 0, 0, 0.54%, 1, 0, 5, 1473.41
1775267223, 1926, 249, 395, 0, 0, 0.54%, 1, 0, 5, 1483.68
1775267228, 1927, 5, 395, 0, 0, 0.54%, 1, 0, 5, 1378.41
1775267234, 1927, 65, 395, 0, 0, 0.54%, 1, 0, 5, 1488.06
1775267239, 1927, 88, 395, 0, 0, 0.54%, 1, 0, 5, 1468.80
1775267244, 1927, 153, 395, 0, 0, 0.54%, 1, 0, 5, 1381.17
1775267249, 1927, 237, 395, 0, 0, 0.54%, 1, 0, 5, 1440.28
1775267254, 1927, 304, 395, 0, 0, 0.54%, 1, 0, 5, 1377.06
1775267259, 1927, 372, 395, 0, 0, 0.54%, 1, 0, 5, 1358.44
1775267264, 1928, 86, 395, 0, 0, 0.54%, 1, 0, 5, 1378.56
1775267269, 1928, 158, 395, 0, 0, 0.54%, 1, 0, 5, 1518.53
1775267275, 1928, 287, 395, 0, 0, 0.54%, 1, 0, 5, 1583.98
1775267280, 1928, 338, 395, 0, 0, 0.54%, 1, 0, 5, 1287.99
1775267285, 1929, 43, 395, 0, 0, 0.54%, 1, 0, 5, 1521.03
1775267290, 1929, 83, 395, 0, 0, 0.54%, 1, 0, 5, 1534.59
1775267295, 1929, 133, 395, 0, 0, 0.54%, 1, 0, 5, 1479.25
1775267300, 1929, 312, 395, 0, 0, 0.54%, 1, 0, 5, 1413.94
1775267305, 1930, 8, 395, 0, 0, 0.54%, 1, 0, 5, 1616.75
1775267310, 1930, 83, 395, 0, 0, 0.54%, 1, 0, 5, 1578.71
1775267315, 1930, 106, 395, 0, 0, 0.54%, 1, 0, 5, 539.10
1775267320, 1930, 293, 395, 0, 0, 0.54%, 1, 0, 5, 1210.26
1775267325, 1930, 337, 395, 0, 0, 0.54%, 1, 0, 5, 1337.32
1775267331, 1930, 389, 395, 0, 0, 0.54%, 1, 0, 5, 1532.71
1775267336, 1931, 40, 395, 0, 0, 0.54%, 1, 0, 5, 214.29
1775267341, 1931, 86, 395, 0, 0, 0.54%, 1, 0, 5, 1470.37
1775267346, 1931, 158, 395, 0, 0, 0.54%, 1, 0, 5, 1450.48
1775267351, 1931, 210, 395, 0, 0, 0.54%, 1, 0, 5, 1414.20
1775267356, 1931, 348, 395, 0, 0, 0.54%, 1, 0, 5, 1264.85
1775267361, 1932, 79, 395, 0, 0, 0.54%, 1, 0, 5, 1403.19
1775267366, 1932, 106, 395, 0, 0, 0.54%, 1, 0, 5, 1448.22
1775267371, 1932, 208, 395, 0, 0, 0.54%, 1, 0, 5, 1589.21
1775267376, 1932, 289, 395, 0, 0, 0.54%, 1, 0, 5, 1429.99
1775267381, 1933, 20, 395, 0, 0, 0.54%, 1, 0, 5, 1435.47
1775267386, 1933, 62, 395, 0, 0, 0.54%, 1, 0, 5, 1524.44
1775267392, 1933, 86, 395, 0, 0, 0.54%, 1, 0, 5, 1450.73
1775267397, 1933, 152, 395, 0, 0, 0.54%, 1, 0, 5, 1468.89
1775267402, 1933, 178, 395, 0, 0, 0.54%, 1, 0, 5, 1420.97
1775267407, 1933, 326, 395, 0, 0, 0.54%, 1, 0, 5, 1348.31
1775267412, 1934, 51, 395, 0, 0, 0.54%, 1, 0, 5, 1343.26
1775267417, 1934, 86, 395, 0, 0, 0.54%, 1, 0, 5, 1532.49
1775267422, 1934, 106, 395, 0, 0, 0.54%, 1, 0, 5, 1619.44
1775267427, 1934, 304, 395, 0, 0, 0.54%, 1, 0, 5, 1580.83
1775267432, 1935, 10, 395, 0, 0, 0.54%, 1, 0, 5, 1447.56
1775267438, 1935, 75, 395, 0, 0, 0.54%, 1, 0, 5, 1544.66
1775267443, 1935, 107, 395, 0, 0, 0.54%, 1, 0, 5, 1555.36
1775267448, 1935, 251, 395, 0, 0, 0.54%, 1, 0, 5, 1412.28
1775267453, 1935, 333, 395, 0, 0, 0.54%, 1, 0, 5, 1339.54
1775267458, 1936, 57, 395, 0, 0, 0.54%, 1, 0, 5, 1553.36
1775267463, 1936, 106, 395, 0, 0, 0.54%, 1, 0, 5, 1512.92
1775267468, 1936, 233, 395, 0, 0, 0.54%, 1, 0, 5, 1501.59
1775267473, 1936, 337, 395, 0, 0, 0.54%, 1, 0, 5, 1381.62
1775267478, 1937, 59, 395, 0, 0, 0.54%, 1, 0, 5, 1370.01
1775267483, 1937, 88, 395, 0, 0, 0.54%, 1, 0, 5, 1427.69
1775267488, 1937, 165, 395, 0, 0, 0.54%, 1, 0, 5, 1460.95
1775267493, 1937, 206, 395, 0, 0, 0.54%, 1, 0, 5, 1490.76
1775267499, 1937, 292, 395, 0, 0, 0.54%, 1, 0, 5, 1494.32
1775267504, 1937, 384, 395, 0, 0, 0.54%, 1, 0, 5, 1312.40
1775267509, 1938, 75, 395, 0, 0, 0.54%, 1, 0, 5, 1435.90
1775267514, 1938, 104, 395, 0, 0, 0.54%, 1, 0, 5, 1438.18
1775267519, 1938, 174, 395, 0, 0, 0.54%, 1, 0, 5, 1482.73
1775267524, 1938, 233, 395, 0, 0, 0.54%, 1, 0, 5, 1517.17
1775267529, 1938, 304, 395, 0, 0, 0.54%, 1, 0, 5, 1438.26
1775267534, 1939, 13, 395, 0, 0, 0.54%, 1, 0, 5, 1272.89
1775267539, 1939, 57, 395, 0, 0, 0.54%, 1, 0, 5, 1414.87
1775267544, 1939, 88, 395, 0, 0, 0.54%, 1, 0, 5, 1424.75
1775267549, 1939, 158, 395, 0, 0, 0.54%, 1, 0, 5, 1495.84
1775267555, 1939, 255, 395, 0, 0, 0.54%, 1, 0, 5, 1424.65
1775267560, 1939, 311, 395, 0, 0, 0.54%, 1, 0, 5, 1410.66
1775267565, 1940, 1, 395, 0, 0, 0.54%, 1, 0, 5, 1291.27
1775267570, 1940, 83, 395, 0, 0, 0.54%, 1, 0, 5, 1549.53
1775267575, 1940, 106, 395, 0, 0, 0.54%, 1, 0, 5, 1476.28
1775267580, 1940, 220, 395, 0, 0, 0.54%, 1, 0, 5, 1509.67
1775267585, 1940, 311, 395, 0, 0, 0.54%, 1, 0, 5, 1351.78
1775267590, 1941, 51, 395, 0, 0, 0.54%, 1, 0, 5, 1488.95
1775267595, 1941, 86, 395, 0, 0, 0.54%, 1, 0, 5, 1480.59
1775267600, 1941, 149, 395, 0, 0, 0.54%, 1, 0, 5, 1476.43
1775267605, 1941, 230, 395, 0, 0, 0.54%, 1, 0, 5, 1465.25
1775267610, 1941, 295, 395, 0, 0, 0.54%, 1, 0, 5, 1397.77
1775267616, 1942, 4, 395, 0, 0, 0.54%, 1, 0, 5, 1302.15
1775267621, 1942, 73, 395, 0, 0, 0.54%, 1, 0, 5, 1523.60
1775267626, 1942, 106, 395, 0, 0, 0.54%, 1, 0, 5, 1464.53
1775267631, 1942, 169, 395, 0, 0, 0.54%, 1, 0, 5, 1388.49
1775267636, 1942, 311, 395, 0, 0, 0.54%, 1, 0, 5, 1432.90
1775267641, 1943, 38, 395, 0, 0, 0.54%, 1, 0, 5, 1422.49
1775267646, 1943, 88, 395, 0, 0, 0.54%, 1, 0, 5, 1461.65
1775267651, 1943, 106, 395, 0, 0, 0.54%, 1, 0, 5, 1278.07
1775267656, 1943, 266, 395, 0, 0, 0.54%, 1, 0, 5, 1311.76
1775267662, 1943, 320, 395, 0, 0, 0.54%, 1, 0, 5, 1451.76
1775267667, 1944, 48, 395, 0, 0, 0.54%, 1, 0, 5, 1478.21
1775267672, 1944, 86, 395, 0, 0, 0.54%, 1, 0, 5, 1523.88
1775267677, 1944, 134, 395, 0, 0, 0.54%, 1, 0, 5, 393.70
1775267682, 1944, 227, 395, 0, 0, 0.54%, 1, 0, 5, 1264.65
1775267687, 1944, 312, 395, 0, 0, 0.54%, 1, 0, 5, 1478.13
1775267692, 1945, 18, 395, 0, 0, 0.54%, 1, 0, 5, 1491.38
1775267697, 1945, 73, 395, 0, 0, 0.54%, 1, 0, 5, 1486.91
1775267703, 1945, 106, 395, 0, 0, 0.54%, 1, 0, 5, 385.88
1775267708, 1945, 275, 395, 0, 0, 0.54%, 1, 0, 5, 1154.05
1775267713, 1945, 313, 395, 0, 0, 0.54%, 1, 0, 5, 1442.77
1775267718, 1946, 16, 395, 0, 0, 0.54%, 1, 0, 5, 1557.54
1775267723, 1946, 65, 395, 0, 0, 0.54%, 1, 0, 5, 1423.41
1775267728, 1946, 96, 395, 0, 0, 0.54%, 1, 0, 5, 1697.10
1775267733, 1946, 167, 395, 0, 0, 0.54%, 1, 0, 5, 1482.39
1775267739, 1946, 243, 395, 0, 0, 0.54%, 1, 0, 5, 1540.44
1775267744, 1946, 332, 395, 0, 0, 0.54%, 1, 0, 5, 1464.86
1775267749, 1947, 32, 395, 0, 0, 0.54%, 1, 0, 5, 1325.33
1775267754, 1947, 83, 395, 0, 0, 0.54%, 1, 0, 5, 1512.52
1775267759, 1947, 106, 395, 0, 0, 0.54%, 1, 0, 5, 1493.20
1775267764, 1947, 183, 395, 0, 0, 0.54%, 1, 0, 5, 1569.87
1775267769, 1947, 275, 395, 0, 0, 0.54%, 1, 0, 5, 1504.59
1775267774, 1947, 313, 395, 0, 0, 0.54%, 1, 0, 5, 1328.08
1775267779, 1948, 12, 395, 0, 0, 0.54%, 1, 0, 5, 1300.04
1775267785, 1948, 60, 395, 0, 0, 0.54%, 1, 0, 5, 1368.99
1775267790, 1948, 94, 395, 0, 0, 0.54%, 1, 0, 5, 1467.41
1775267795, 1948, 179, 395, 0, 0, 0.54%, 1, 0, 5, 1449.69
1775267800, 1948, 268, 395, 0, 0, 0.54%, 1, 0, 5, 1465.55
1775267805, 1948, 304, 395, 0, 0, 0.54%, 1, 0, 5, 1507.51
1775267810, 1949, 16, 395, 0, 0, 0.54%, 1, 0, 5, 1318.84
1775267815, 1949, 73, 395, 0, 0, 0.54%, 1, 0, 5, 1500.14
1775267820, 1949, 121, 395, 0, 0, 0.54%, 1, 0, 5, 1515.89
1775267826, 1949, 232, 395, 0, 0, 0.54%, 1, 0, 5, 1519.58
1775267831, 1949, 337, 395, 0, 0, 0.54%, 1, 0, 5, 1428.41
1775267836, 1950, 86, 395, 0, 0, 0.54%, 1, 0, 5, 1542.84
1775267841, 1950, 113, 395, 0, 0, 0.54%, 1, 0, 5, 1515.18
1775267846, 1950, 252, 395, 0, 0, 0.54%, 1, 0, 5, 1536.92
1775267851, 1950, 333, 395, 0, 0, 0.54%, 1, 0, 5, 1388.83
1775267856, 1951, 73, 395, 0, 0, 0.54%, 1, 0, 5, 1363.75
1775267861, 1951, 106, 395, 0, 0, 0.54%, 1, 0, 5, 1517.51
1775267866, 1951, 162, 395, 0, 0, 0.54%, 1, 0, 5, 1437.61
1775267872, 1951, 265, 395, 0, 0, 0.54%, 1, 0, 5, 1435.75
1775267877, 1951, 312, 395, 0, 0, 0.54%, 1, 0, 5, 1422.17
1775267882, 1952, 57, 395, 0, 0, 0.54%, 1, 0, 5, 1489.12
1775267887, 1952, 88, 395, 0, 0, 0.54%, 1, 0, 5, 1471.81
1775267892, 1952, 158, 395, 0, 0, 0.54%, 1, 0, 5, 1481.41
1775267897, 1952, 312, 395, 0, 0, 0.54%, 1, 0, 5, 1351.98
1775267902, 1953, 57, 395, 0, 0, 0.54%, 1, 0, 5, 1436.28
1775267907, 1953, 106, 395, 0, 0, 0.54%, 1, 0, 5, 1469.75
1775267912, 1953, 198, 395, 0, 0, 0.54%, 1, 0, 5, 1497.75
1775267917, 1953, 312, 395, 0, 0, 0.54%, 1, 0, 5, 1437.59
1775267923, 1954, 31, 395, 0, 0, 0.54%, 1, 0, 5, 1474.48
1775267928, 1954, 83, 395, 0, 0, 0.54%, 1, 0, 5, 1399.34
1775267933, 1954, 101, 395, 0, 0, 0.54%, 1, 0, 5, 1443.44
1775267938, 1954, 149, 395, 0, 0, 0.54%, 1, 0, 5, 1492.45
1775267943, 1954, 205, 395, 0, 0, 0.54%, 1, 0, 5, 1414.43
1775267948, 1954, 304, 395, 0, 0, 0.54%, 1, 0, 5, 1356.66
1775267953, 1954, 391, 395, 0, 0, 0.54%, 1, 0, 5, 1225.13
1775267958, 1955, 69, 395, 0, 0, 0.54%, 1, 0, 5, 1553.77
1775267963, 1955, 88, 395, 0, 0, 0.54%, 1, 0, 5, 1609.65
1775267968, 1955, 221, 395, 0, 0, 0.54%, 1, 0, 5, 1524.90
1775267974, 1955, 274, 395, 0, 0, 0.54%, 1, 0, 5, 1478.90
1775267979, 1955, 333, 395, 0, 0, 0.54%, 1, 0, 5, 1346.20
1775267984, 1956, 57, 395, 0, 0, 0.54%, 1, 0, 5, 1373.39
1775267989, 1956, 87, 395, 0, 0, 0.54%, 1, 0, 5, 1433.81
1775267994, 1956, 128, 395, 0, 0, 0.54%, 1, 0, 5, 1493.59
1775267999, 1956, 266, 395, 0, 0, 0.54%, 1, 0, 5, 1377.96
1775268004, 1956, 333, 395, 0, 0, 0.54%, 1, 0, 5, 1383.10
1775268009, 1957, 53, 395, 0, 0, 0.54%, 1, 0, 5, 1464.63
1775268014, 1957, 88, 395, 0, 0, 0.54%, 1, 0, 5, 1496.52
1775268019, 1957, 158, 395, 0, 0, 0.54%, 1, 0, 5, 1536.49
1775268024, 1957, 211, 395, 0, 0, 0.54%, 1, 0, 5, 1494.68
1775268029, 1957, 304, 395, 0, 0, 0.54%, 1, 0, 5, 1498.52
1775268034, 1958, 46, 395, 0, 0, 0.54%, 1, 0, 5, 1381.70
1775268039, 1958, 73, 395, 0, 0, 0.54%, 1, 0, 5, 1398.67
1775268045, 1958, 102, 395, 0, 0, 0.54%, 1, 0, 5, 1428.14
1775268050, 1958, 158, 395, 0, 0, 0.54%, 1, 0, 5, 1415.85
1775268055, 1958, 259, 395, 0, 0, 0.54%, 1, 0, 5, 1456.05
1775268060, 1958, 281, 395, 0, 0, 0.54%, 1, 0, 5, 1346.15
1775268065, 1958, 337, 395, 0, 0, 0.54%, 1, 0, 5, 1338.29
1775268070, 1959, 86, 395, 0, 0, 0.54%, 1, 0, 5, 1419.55
1775268075, 1959, 116, 395, 0, 0, 0.54%, 1, 0, 5, 1503.15
1775268080, 1959, 165, 395, 0, 0, 0.54%, 1, 0, 5, 1389.62
1775268085, 1959, 241, 395, 0, 0, 0.54%, 1, 0, 5, 1397.55
1775268090, 1959, 319, 395, 0, 0, 0.54%, 1, 0, 5, 1285.04
1775268096, 1960, 83, 395, 0, 0, 0.54%, 1, 0, 5, 1453.30
1775268101, 1960, 115, 395, 0, 0, 0.54%, 1, 0, 5, 1512.97
1775268106, 1960, 195, 395, 0, 0, 0.54%, 1, 0, 5, 1475.93
1775268111, 1960, 277, 395, 0, 0, 0.54%, 1, 0, 5, 1310.48
1775268116, 1960, 335, 395, 0, 0, 0.54%, 1, 0, 5, 1334.55
1775268121, 1960, 389, 395, 0, 0, 0.54%, 1, 0, 5, 1446.34
1775268126, 1961, 33, 395, 0, 0, 0.54%, 1, 0, 5, 914.36
1775268131, 1961, 83, 395, 0, 0, 0.54%, 1, 0, 5, 1354.33
1775268136, 1961, 105, 395, 0, 0, 0.54%, 1, 0, 5, 1356.35
1775268142, 1961, 145, 395, 0, 0, 0.54%, 1, 0, 5, 1346.33
1775268147, 1961, 211, 395, 0, 0, 0.54%, 1, 0, 5, 1449.41
1775268152, 1961, 333, 395, 0, 0, 0.54%, 1, 0, 5, 1399.62
1775268157, 1962, 31, 395, 0, 0, 0.54%, 1, 0, 5, 1521.07
1775268162, 1962, 86, 395, 0, 0, 0.54%, 1, 0, 5, 1495.06
1775268167, 1962, 123, 395, 0, 0, 0.54%, 1, 0, 5, 1420.92
1775268172, 1962, 201, 395, 0, 0, 0.54%, 1, 0, 5, 1524.59
1775268178, 1962, 295, 395, 0, 0, 0.54%, 1, 0, 5, 1351.59
1775268183, 1962, 358, 395, 0, 0, 0.54%, 1, 0, 5, 1389.37
1775268188, 1963, 86, 395, 0, 0, 0.54%, 1, 0, 5, 1425.21
1775268193, 1963, 122, 395, 0, 0, 0.54%, 1, 0, 5, 1456.28
1775268198, 1963, 264, 395, 0, 0, 0.54%, 1, 0, 5, 1399.36
1775268203, 1963, 333, 395, 0, 0, 0.54%, 1, 0, 5, 1322.93
1775268208, 1964, 1, 395, 0, 0, 0.54%, 1, 0, 5, 1367.95
1775268213, 1964, 57, 395, 0, 0, 0.54%, 1, 0, 5, 1397.01
1775268218, 1964, 106, 395, 0, 0, 0.54%, 1, 0, 5, 1486.25
1775268224, 1964, 276, 395, 0, 0, 0.54%, 1, 0, 5, 1413.41
1775268229, 1964, 313, 395, 0, 0, 0.54%, 1, 0, 5, 1348.95
1775268234, 1964, 384, 395, 0, 0, 0.54%, 1, 0, 5, 1185.36
1775268239, 1965, 69, 395, 0, 0, 0.54%, 1, 0, 5, 1319.07
1775268244, 1965, 86, 395, 0, 0, 0.54%, 1, 0, 5, 1445.77
1775268249, 1965, 106, 395, 0, 0, 0.54%, 1, 0, 5, 1457.74
1775268254, 1965, 233, 395, 0, 0, 0.54%, 1, 0, 5, 1472.96
1775268259, 1965, 303, 395, 0, 0, 0.54%, 1, 0, 5, 1373.60
1775268264, 1966, 22, 395, 0, 0, 0.54%, 1, 0, 5, 1338.25
1775268269, 1966, 73, 395, 0, 0, 0.54%, 1, 0, 5, 1419.03
1775268275, 1966, 93, 395, 0, 0, 0.54%, 1, 0, 5, 1482.52
1775268280, 1966, 129, 395, 0, 0, 0.54%, 1, 0, 5, 1353.47
1775268285, 1966, 269, 395, 0, 0, 0.54%, 1, 0, 5, 1350.61
1775268290, 1966, 333, 395, 0, 0, 0.54%, 1, 0, 5, 1383.51
1775268295, 1967, 57, 395, 0, 0, 0.54%, 1, 0, 5, 1524.46
1775268300, 1967, 88, 395, 0, 0, 0.54%, 1, 0, 5, 1615.71
1775268305, 1967, 158, 395, 0, 0, 0.54%, 1, 0, 5, 1503.08
1775268310, 1967, 287, 395, 0, 0, 0.54%, 1, 0, 5, 1478.32
1775268315, 1967, 382, 395, 0, 0, 0.54%, 1, 0, 5, 1341.71
1775268321, 1968, 77, 395, 0, 0, 0.54%, 1, 0, 5, 1361.44
1775268326, 1968, 88, 395, 0, 0, 0.54%, 1, 0, 5, 1561.42
1775268331, 1968, 228, 395, 0, 0, 0.54%, 1, 0, 5, 1502.80
1775268336, 1968, 333, 395, 0, 0, 0.54%, 1, 0, 5, 1408.80
1775268341, 1969, 8, 395, 0, 0, 0.54%, 1, 0, 5, 1242.68
1775268346, 1969, 75, 395, 0, 0, 0.54%, 1, 0, 5, 1398.89
1775268351, 1969, 106, 395, 0, 0, 0.54%, 1, 0, 5, 1476.30
1775268356, 1969, 187, 395, 0, 0, 0.54%, 1, 0, 5, 1383.75
1775268362, 1969, 304, 395, 0, 0, 0.54%, 1, 0, 5, 866.56
1775268367, 1970, 8, 395, 0, 0, 0.54%, 1, 0, 5, 1211.55
1775268372, 1970, 70, 395, 0, 0, 0.54%, 1, 0, 5, 1278.86
1775268377, 1970, 93, 395, 0, 0, 0.54%, 1, 0, 5, 1491.49
1775268382, 1970, 150, 395, 0, 0, 0.54%, 1, 0, 5, 1481.31
1775268387, 1970, 203, 395, 0, 0, 0.54%, 1, 0, 5, 1452.95
1775268392, 1970, 265, 395, 0, 0, 0.54%, 1, 0, 5, 1462.35
1775268397, 1970, 333, 395, 0, 0, 0.54%, 1, 0, 5, 1329.93
1775268402, 1971, 86, 395, 0, 0, 0.54%, 1, 0, 5, 1474.34
1775268407, 1971, 140, 395, 0, 0, 0.54%, 1, 0, 5, 1426.17
1775268413, 1971, 247, 395, 0, 0, 0.54%, 1, 0, 5, 1827.68
1775268418, 1971, 333, 395, 0, 0, 0.54%, 1, 0, 5, 1405.45
1775268423, 1972, 55, 395, 0, 0, 0.54%, 1, 0, 5, 1352.13
1775268428, 1972, 83, 395, 0, 0, 0.54%, 1, 0, 5, 1479.41
1775268433, 1972, 150, 395, 0, 0, 0.54%, 1, 0, 5, 1409.51
1775268438, 1972, 282, 395, 0, 0, 0.54%, 1, 0, 5, 1567.30
1775268443, 1972, 337, 395, 0, 0, 0.54%, 1, 0, 5, 1398.23
1775268448, 1973, 28, 395, 0, 0, 0.54%, 1, 0, 5, 1452.87
1775268453, 1973, 83, 395, 0, 0, 0.54%, 1, 0, 5, 1428.09
1775268459, 1973, 123, 395, 0, 0, 0.54%, 1, 0, 5, 1424.79
1775268464, 1973, 244, 395, 0, 0, 0.54%, 1, 0, 5, 1471.61
1775268469, 1973, 275, 395, 0, 0, 0.54%, 1, 0, 5, 1441.41
1775268474, 1973, 333, 395, 0, 0, 0.54%, 1, 0, 5, 1527.91
1775268479, 1974, 25, 395, 0, 0, 0.54%, 1, 0, 5, 1432.14
1775268484, 1974, 88, 395, 0, 0, 0.54%, 1, 0, 5, 1552.28
1775268489, 1974, 130, 395, 0, 0, 0.54%, 1, 0, 5, 1467.73
1775268494, 1974, 268, 395, 0, 0, 0.54%, 1, 0, 5, 1372.54
1775268499, 1974, 337, 395, 0, 0, 0.54%, 1, 0, 5, 1453.66
1775268504, 1975, 73, 395, 0, 0, 0.54%, 1, 0, 5, 1450.36
1775268509, 1975, 93, 395, 0, 0, 0.54%, 1, 0, 5, 1588.33
1775268514, 1975, 191, 395, 0, 0, 0.54%, 1, 0, 5, 1424.85
1775268519, 1975, 264, 395, 0, 0, 0.54%, 1, 0, 5, 1515.73
1775268524, 1975, 304, 396, 1, 0, 0.54%, 1, 0, 5, 1364.24
1775268530, 1976, 33, 396, 1, 0, 0.54%, 1, 0, 5, 1262.11
1775268535, 1976, 73, 396, 1, 0, 0.54%, 1, 0, 5, 1353.84
1775268540, 1976, 101, 396, 1, 0, 0.54%, 1, 0, 5, 1472.49
1775268545, 1976, 127, 396, 1, 0, 0.54%, 1, 0, 5, 1307.12
1775268550, 1976, 287, 396, 1, 0, 0.54%, 1, 0, 5, 1269.92
1775268555, 1976, 392, 396, 1, 0, 0.54%, 1, 0, 5, 1236.22
1775268561, 1977, 57, 396, 1, 0, 0.54%, 1, 0, 5, 1336.93
1775268566, 1977, 93, 396, 1, 0, 0.54%, 1, 0, 5, 1469.49
1775268571, 1977, 139, 396, 1, 0, 0.54%, 1, 0, 5, 1381.70
1775268576, 1977, 281, 396, 1, 0, 0.54%, 1, 0, 5, 1490.22
1775268581, 1977, 386, 396, 1, 0, 0.54%, 1, 0, 5, 1283.30
1775268586, 1977, 394, 396, 1, 0, 0.54%, 1, 0, 5, 1117.57
1775268591, 1978, 72, 396, 1, 0, 0.54%, 1, 0, 5, 1321.79
1775268596, 1978, 105, 396, 1, 0, 0.54%, 1, 0, 5, 1462.72
1775268601, 1978, 204, 396, 1, 0, 0.54%, 1, 0, 5, 1429.99
1775268607, 1978, 248, 396, 1, 0, 0.54%, 1, 0, 5, 1406.98
1775268612, 1978, 344, 396, 1, 0, 0.54%, 1, 0, 5, 1395.86
1775268617, 1978, 389, 396, 1, 0, 0.54%, 1, 0, 5, 1452.79
1775268622, 1979, 51, 396, 0, 0, 0.54%, 1, 0, 5, 1202.00
1775268627, 1979, 83, 396, 0, 0, 0.54%, 1, 0, 5, 1400.19
1775268632, 1979, 106, 396, 0, 0, 0.54%, 1, 0, 5, 1410.64
1775268637, 1979, 304, 396, 0, 0, 0.54%, 1, 0, 5, 1322.40
1775268642, 1979, 384, 396, 0, 0, 0.54%, 1, 0, 5, 1336.93
1775268647, 1980, 73, 396, 0, 0, 0.54%, 1, 0, 5, 1510.41
1775268652, 1980, 93, 396, 0, 0, 0.54%, 1, 0, 5, 1498.33
1775268657, 1980, 175, 396, 0, 0, 0.54%, 1, 0, 5, 1540.81
1775268663, 1980, 319, 396, 0, 0, 0.54%, 1, 0, 5, 1432.73
1775268668, 1981, 26, 396, 0, 0, 0.54%, 1, 0, 5, 1305.67
1775268673, 1981, 88, 396, 0, 0, 0.54%, 1, 0, 5, 1584.32
1775268678, 1981, 170, 396, 0, 0, 0.54%, 1, 0, 5, 1560.45
1775268683, 1981, 260, 396, 0, 0, 0.54%, 1, 0, 5, 1566.67
1775268688, 1981, 337, 396, 0, 0, 0.54%, 1, 0, 5, 1485.92
1775268693, 1982, 70, 396, 0, 0, 0.54%, 1, 0, 5, 1413.93
1775268698, 1982, 88, 396, 0, 0, 0.54%, 1, 0, 5, 1536.10
1775268703, 1982, 152, 396, 0, 0, 0.54%, 1, 0, 5, 1467.38
1775268708, 1982, 229, 396, 0, 0, 0.54%, 1, 0, 5, 1276.02
1775268713, 1982, 277, 396, 0, 0, 0.54%, 1, 0, 5, 1425.09
1775268718, 1982, 333, 396, 0, 0, 0.54%, 1, 0, 5, 1305.29
1775268723, 1983, 31, 396, 0, 0, 0.54%, 1, 0, 5, 1792.22
1775268729, 1983, 86, 396, 0, 0, 0.54%, 1, 0, 5, 1592.74
1775268734, 1983, 110, 396, 0, 0, 0.54%, 1, 0, 5, 1483.57
1775268739, 1983, 158, 396, 0, 0, 0.54%, 1, 0, 5, 1509.94
1775268744, 1983, 229, 396, 0, 0, 0.54%, 1, 0, 5, 1358.84
1775268749, 1984, 9, 396, 0, 0, 0.54%, 1, 0, 5, 1382.65
1775268754, 1984, 57, 396, 0, 0, 0.54%, 1, 0, 5, 1446.77
1775268759, 1984, 93, 396, 0, 0, 0.54%, 1, 0, 5, 1570.69
1775268764, 1984, 191, 396, 0, 0, 0.54%, 1, 0, 5, 1534.69
1775268769, 1984, 262, 396, 0, 0, 0.54%, 1, 0, 5, 1394.44
1775268774, 1984, 311, 396, 0, 0, 0.54%, 1, 0, 5, 1449.04
1775268779, 1985, 47, 396, 0, 0, 0.54%, 1, 0, 5, 1406.56
1775268784, 1985, 79, 396, 0, 0, 0.54%, 1, 0, 5, 1534.57
1775268789, 1985, 97, 396, 0, 0, 0.54%, 1, 0, 5, 1430.70
1775268794, 1985, 189, 396, 0, 0, 0.54%, 1, 0, 5, 1480.64
1775268800, 1985, 333, 396, 0, 0, 0.54%, 1, 0, 5, 1379.70
1775268805, 1986, 58, 396, 0, 0, 0.54%, 1, 0, 5, 1449.75
1775268810, 1986, 88, 396, 0, 0, 0.54%, 1, 0, 5, 1526.00
1775268815, 1986, 215, 396, 0, 0, 0.54%, 1, 0, 5, 1513.02
1775268820, 1986, 304, 396, 0, 0, 0.54%, 1, 0, 5, 1475.35
1775268825, 1987, 9, 396, 0, 0, 0.54%, 1, 0, 5, 1424.67
1775268830, 1987, 56, 396, 0, 0, 0.54%, 1, 0, 5, 1498.25
1775268835, 1987, 88, 396, 0, 0, 0.54%, 1, 0, 5, 1544.68
1775268840, 1987, 156, 396, 0, 0, 0.54%, 1, 0, 5, 1507.27
1775268845, 1987, 216, 396, 0, 0, 0.54%, 1, 0, 5, 1413.62
1775268850, 1987, 317, 396, 0, 0, 0.54%, 1, 0, 5, 1474.87
1775268855, 1988, 57, 396, 0, 0, 0.54%, 1, 0, 5, 1494.39
1775268861, 1988, 103, 396, 0, 0, 0.54%, 1, 0, 5, 1507.12
1775268866, 1988, 188, 396, 0, 0, 0.54%, 1, 0, 5, 1538.71
1775268871, 1988, 287, 396, 0, 0, 0.54%, 1, 0, 5, 1299.47
1775268876, 1988, 333, 396, 0, 0, 0.54%, 1, 0, 5, 1306.62
1775268881, 1989, 30, 396, 0, 0, 0.54%, 1, 0, 5, 1500.67
1775268886, 1989, 86, 396, 0, 0, 0.54%, 1, 0, 5, 1415.07
1775268891, 1989, 140, 396, 0, 0, 0.54%, 1, 0, 5, 1448.84
1775268896, 1989, 287, 396, 0, 0, 0.54%, 1, 0, 5, 1435.77
1775268901, 1990, 51, 396, 0, 0, 0.54%, 1, 0, 5, 1467.48
1775268906, 1990, 88, 396, 0, 0, 0.54%, 1, 0, 5, 1579.21
1775268911, 1990, 118, 396, 0, 0, 0.54%, 1, 0, 5, 1532.46
1775268917, 1990, 149, 396, 0, 0, 0.54%, 1, 0, 5, 1466.54
1775268922, 1990, 269, 396, 0, 0, 0.54%, 1, 0, 5, 1411.19
1775268927, 1990, 379, 396, 0, 0, 0.54%, 1, 0, 5, 1446.10
1775268932, 1991, 72, 396, 0, 0, 0.54%, 1, 0, 5, 1475.45
1775268937, 1991, 95, 396, 0, 0, 0.54%, 1, 0, 5, 1577.32
1775268942, 1991, 158, 396, 0, 0, 0.54%, 1, 0, 5, 1331.56
1775268947, 1991, 276, 396, 0, 0, 0.54%, 1, 0, 5, 1258.68
1775268952, 1991, 326, 396, 0, 0, 0.54%, 1, 0, 5, 1313.81
1775268957, 1991, 389, 396, 0, 0, 0.54%, 1, 0, 5, 1372.90
1775268962, 1992, 51, 396, 0, 0, 0.54%, 1, 0, 5, 1473.54
1775268968, 1992, 88, 396, 0, 0, 0.54%, 1, 0, 5, 1557.78
1775268973, 1992, 158, 396, 0, 0, 0.54%, 1, 0, 5, 1395.61
1775268978, 1992, 287, 396, 0, 0, 0.54%, 1, 0, 5, 1393.56
1775268983, 1992, 342, 396, 0, 0, 0.54%, 1, 0, 5, 1376.09
1775268988, 1993, 47, 396, 0, 0, 0.54%, 1, 0, 5, 1518.01
1775268993, 1993, 83, 396, 0, 0, 0.54%, 1, 0, 5, 1471.81
1775268998, 1993, 109, 396, 0, 0, 0.54%, 1, 0, 5, 1530.13
1775269003, 1993, 278, 396, 0, 0, 0.54%, 1, 0, 5, 1625.77
1775269008, 1993, 333, 396, 0, 0, 0.54%, 1, 0, 5, 1382.71
1775269013, 1993, 394, 396, 0, 0, 0.54%, 1, 0, 5, 1469.73
1775269018, 1994, 57, 396, 0, 0, 0.54%, 1, 0, 5, 1458.17
1775269023, 1994, 88, 396, 0, 0, 0.54%, 1, 0, 5, 1583.16
1775269029, 1994, 163, 396, 0, 0, 0.54%, 1, 0, 5, 1577.51
1775269034, 1994, 287, 396, 0, 0, 0.54%, 1, 0, 5, 1741.38
1775269039, 1994, 354, 396, 0, 0, 0.54%, 1, 0, 5, 1395.09
1775269044, 1995, 73, 396, 0, 0, 0.54%, 1, 0, 5, 1459.67
1775269049, 1995, 88, 396, 0, 0, 0.54%, 1, 0, 5, 1474.04
1775269054, 1995, 155, 396, 0, 0, 0.54%, 1, 0, 5, 1537.94
1775269059, 1995, 287, 396, 0, 0, 0.54%, 1, 0, 5, 1405.89
1775269064, 1996, 51, 396, 0, 0, 0.54%, 1, 0, 5, 1277.09
1775269069, 1996, 86, 396, 0, 0, 0.54%, 1, 0, 5, 1449.21
1775269074, 1996, 117, 396, 0, 0, 0.54%, 1, 0, 5, 1435.22
1775269079, 1996, 283, 396, 0, 0, 0.54%, 1, 0, 5, 1528.61
1775269084, 1996, 348, 396, 0, 0, 0.54%, 1, 0, 5, 1390.45
1775269090, 1997, 73, 396, 0, 0, 0.54%, 1, 0, 5, 1360.64
1775269095, 1997, 95, 396, 0, 0, 0.54%, 1, 0, 5, 1453.55
1775269100, 1997, 123, 396, 0, 0, 0.54%, 1, 0, 5, 1519.06
1775269105, 1997, 236, 396, 0, 0, 0.54%, 1, 0, 5, 1442.69
1775269110, 1997, 312, 396, 0, 0, 0.54%, 1, 0, 5, 1374.46
1775269115, 1998, 5, 396, 0, 0, 0.54%, 1, 0, 5, 1298.00
1775269120, 1998, 88, 396, 0, 0, 0.54%, 1, 0, 5, 1537.04
1775269126, 1998, 158, 396, 0, 0, 0.54%, 1, 0, 5, 1563.94
1775269131, 1998, 228, 396, 0, 0, 0.54%, 1, 0, 5, 1551.03
1775269136, 1998, 304, 396, 0, 0, 0.54%, 1, 0, 5, 1299.83
1775269141, 1998, 394, 396, 0, 0, 0.54%, 1, 0, 5, 1444.90
1775269146, 1999, 80, 396, 0, 0, 0.54%, 1, 0, 5, 1551.75
1775269151, 1999, 113, 396, 0, 0, 0.54%, 1, 0, 5, 1532.69
1775269156, 1999, 205, 396, 0, 0, 0.54%, 1, 0, 5, 1497.43
1775269161, 1999, 284, 396, 0, 0, 0.54%, 1, 0, 5, 1501.39
1775269166, 1999, 391, 396, 0, 0, 0.54%, 1, 0, 5, 1390.57
1775269172, 2000, 57, 396, 0, 0, 0.54%, 1, 0, 5, 1447.76
1775269177, 2000, 88, 396, 0, 0, 0.54%, 1, 0, 5, 1576.33
1775269182, 2000, 108, 396, 0, 0, 0.54%, 1, 0, 5, 1416.42
1775269187, 2000, 180, 396, 0, 0, 0.54%, 1, 0, 5, 1498.53
1775269192, 2000, 304, 396, 0, 0, 0.54%, 1, 0, 5, 1427.75
1775269197, 2000, 387, 396, 0, 0, 0.54%, 1, 0, 5, 1393.01
1775269202, 2001, 59, 396, 0, 0, 0.54%, 1, 0, 5, 1525.34
1775269207, 2001, 89, 396, 0, 0, 0.54%, 1, 0, 5, 1530.88
1775269212, 2001, 103, 396, 0, 0, 0.54%, 1, 0, 5, 1391.13
1775269217, 2001, 149, 396, 0, 0, 0.54%, 1, 0, 5, 1460.90
1775269222, 2001, 184, 396, 0, 0, 0.54%, 1, 0, 5, 1496.37
1775269228, 2001, 277, 396, 0, 0, 0.54%, 1, 0, 5, 1636.99
1775269233, 2001, 335, 396, 0, 0, 0.54%, 1, 0, 5, 1459.54
1775269238, 2002, 11, 396, 0, 0, 0.54%, 1, 0, 5, 1592.64
1775269243, 2002, 76, 396, 0, 0, 0.54%, 1, 0, 5, 1476.28
1775269248, 2002, 106, 396, 0, 0, 0.54%, 1, 0, 5, 1540.19
1775269253, 2002, 234, 396, 0, 0, 0.54%, 1, 0, 5, 1485.98
1775269258, 2002, 311, 396, 0, 0, 0.54%, 1, 0, 5, 1423.93
1775269263, 2003, 49, 396, 0, 0, 0.54%, 1, 0, 5, 1413.19
1775269268, 2003, 86, 396, 0, 0, 0.54%, 1, 0, 5, 1522.38
1775269273, 2003, 158, 396, 0, 0, 0.54%, 1, 0, 5, 1462.44
1775269279, 2003, 287, 396, 0, 0, 0.54%, 1, 0, 5, 1515.22
1775269284, 2004, 8, 396, 0, 0, 0.54%, 1, 0, 5, 1406.03
1775269289, 2004, 57, 396, 0, 0, 0.54%, 1, 0, 5, 1433.72
1775269294, 2004, 106, 396, 0, 0, 0.54%, 1, 0, 5, 1550.06
1775269299, 2004, 230, 396, 0, 0, 0.54%, 1, 0, 5, 1521.81
1775269304, 2004, 304, 396, 0, 0, 0.54%, 1, 0, 5, 1354.21
1775269309, 2005, 29, 396, 0, 0, 0.54%, 1, 0, 5, 1662.89
1775269314, 2005, 82, 396, 0, 0, 0.54%, 1, 0, 5, 1528.08
1775269320, 2005, 106, 396, 0, 0, 0.54%, 1, 0, 5, 1426.58
1775269325, 2005, 193, 396, 0, 0, 0.54%, 1, 0, 5, 1274.22
1775269330, 2005, 304, 396, 0, 0, 0.54%, 1, 0, 5, 1428.94
1775269335, 2006, 51, 396, 0, 0, 0.54%, 1, 0, 5, 1388.26
1775269340, 2006, 86, 396, 0, 0, 0.54%, 1, 0, 5, 1440.50
1775269345, 2006, 148, 396, 0, 0, 0.54%, 1, 0, 5, 1497.19
1775269350, 2006, 211, 396, 0, 0, 0.54%, 1, 0, 5, 1523.39
1775269355, 2006, 333, 396, 0, 0, 0.54%, 1, 0, 5, 1439.93
1775269361, 2007, 17, 396, 0, 0, 0.54%, 1, 0, 5, 1334.65
1775269366, 2007, 83, 396, 0, 0, 0.54%, 1, 0, 5, 1409.14
1775269371, 2007, 106, 396, 0, 0, 0.54%, 1, 0, 5, 1436.28
1775269376, 2007, 158, 396, 0, 0, 0.54%, 1, 0, 5, 1444.51
1775269381, 2007, 337, 396, 0, 0, 0.54%, 1, 0, 5, 1346.27
1775269386, 2008, 57, 396, 0, 0, 0.54%, 1, 0, 5, 1474.29
1775269391, 2008, 93, 396, 0, 0, 0.54%, 1, 0, 5, 1578.51
1775269396, 2008, 198, 396, 0, 0, 0.54%, 1, 0, 5, 1530.35
1775269402, 2008, 307, 396, 0, 0, 0.54%, 1, 0, 5, 1359.74
1775269407, 2009, 48, 396, 0, 0, 0.54%, 1, 0, 5, 1424.07
1775269412, 2009, 88, 396, 0, 0, 0.54%, 1, 0, 5, 1593.94
1775269417, 2009, 158, 396, 0, 0, 0.54%, 1, 0, 5, 1004.99
1775269422, 2009, 287, 396, 0, 0, 0.54%, 1, 0, 5, 1396.85
1775269427, 2010, 7, 396, 0, 0, 0.54%, 1, 0, 5, 1345.51
1775269432, 2010, 73, 396, 0, 0, 0.54%, 1, 0, 5, 1577.53
1775269437, 2010, 93, 396, 0, 0, 0.54%, 1, 0, 5, 1589.48
1775269442, 2010, 179, 396, 0, 0, 0.54%, 1, 0, 5, 1423.17
1775269447, 2010, 313, 396, 0, 0, 0.54%, 1, 0, 5, 1415.60
1775269452, 2010, 366, 396, 0, 0, 0.54%, 1, 0, 5, 1279.17
1775269458, 2011, 69, 396, 0, 0, 0.54%, 1, 0, 5, 1504.07
1775269463, 2011, 93, 396, 0, 0, 0.54%, 1, 0, 5, 1501.68
1775269468, 2011, 179, 396, 0, 0, 0.54%, 1, 0, 5, 1490.61
1775269473, 2011, 279, 396, 0, 0, 0.54%, 1, 0, 5, 1411.59
1775269478, 2011, 353, 396, 0, 0, 0.54%, 1, 0, 5, 1322.96
1775269483, 2012, 73, 396, 0, 0, 0.54%, 1, 0, 5, 1331.17
1775269488, 2012, 93, 396, 0, 0, 0.54%, 1, 0, 5, 1452.05
1775269493, 2012, 158, 396, 0, 0, 0.54%, 1, 0, 5, 1420.46
1775269499, 2012, 333, 396, 0, 0, 0.54%, 1, 0, 5, 1449.83
1775269504, 2013, 56, 396, 0, 0, 0.54%, 1, 0, 5, 1425.08
1775269509, 2013, 88, 396, 0, 0, 0.54%, 1, 0, 5, 1514.85
1775269514, 2013, 154, 396, 0, 0, 0.54%, 1, 0, 5, 1554.57
1775269519, 2013, 287, 396, 0, 0, 0.54%, 1, 0, 5, 1519.94
1775269524, 2013, 358, 396, 0, 0, 0.54%, 1, 0, 5, 1343.25
1775269529, 2014, 57, 396, 0, 0, 0.54%, 1, 0, 5, 1411.60
1775269534, 2014, 106, 396, 0, 0, 0.54%, 1, 0, 5, 1583.89
1775269539, 2014, 159, 396, 0, 0, 0.54%, 1, 0, 5, 1445.20
1775269544, 2014, 250, 396, 0, 0, 0.54%, 1, 0, 5, 1480.15
1775269549, 2014, 311, 396, 0, 0, 0.54%, 1, 0, 5, 1367.32
1775269554, 2015, 7, 396, 0, 0, 0.54%, 1, 0, 5, 1292.34
1775269560, 2015, 66, 396, 0, 0, 0.54%, 1, 0, 5, 1412.09
1775269565, 2015, 93, 396, 0, 0, 0.54%, 1, 0, 5, 1452.54
1775269570, 2015, 109, 396, 0, 0, 0.54%, 1, 0, 5, 1367.74
1775269575, 2015, 189, 396, 0, 0, 0.54%, 1, 0, 5, 1510.25
1775269580, 2015, 267, 396, 0, 0, 0.54%, 1, 0, 5, 1486.39
1775269585, 2015, 337, 396, 0, 0, 0.54%, 1, 0, 5, 1448.62
1775269590, 2015, 389, 396, 0, 0, 0.54%, 1, 0, 5, 1448.55
1775269595, 2016, 13, 396, 0, 0, 0.54%, 1, 0, 5, 1414.63
1775269600, 2016, 86, 396, 0, 0, 0.54%, 1, 0, 5, 1513.82
1775269605, 2016, 127, 396, 0, 0, 0.54%, 1, 0, 5, 1461.73
1775269610, 2016, 265, 396, 0, 0, 0.54%, 1, 0, 5, 1495.14
1775269616, 2016, 333, 396, 0, 0, 0.54%, 1, 0, 5, 1327.52
1775269621, 2017, 27, 396, 0, 0, 0.54%, 1, 0, 5, 1350.95
1775269626, 2017, 83, 396, 0, 0, 0.54%, 1, 0, 5, 1346.38
1775269631, 2017, 118, 396, 0, 0, 0.54%, 1, 0, 5, 1471.01
1775269636, 2017, 154, 396, 0, 0, 0.54%, 1, 0, 5, 1487.44
1775269641, 2017, 311, 396, 0, 0, 0.54%, 1, 0, 5, 1456.49
1775269646, 2018, 57, 396, 0, 0, 0.54%, 1, 0, 5, 1452.90
1775269651, 2018, 88, 396, 0, 0, 0.54%, 1, 0, 5, 1483.90
1775269656, 2018, 155, 396, 0, 0, 0.54%, 1, 0, 5, 1527.07
1775269661, 2018, 299, 396, 0, 0, 0.54%, 1, 0, 5, 1357.04
1775269667, 2019, 57, 396, 0, 0, 0.54%, 1, 0, 5, 1335.02
1775269672, 2019, 83, 396, 0, 0, 0.54%, 1, 0, 5, 1337.77
1775269677, 2019, 202, 396, 0, 0, 0.54%, 1, 0, 5, 1538.55
1775269682, 2019, 250, 396, 0, 0, 0.54%, 1, 0, 5, 1557.17
1775269687, 2019, 312, 396, 0, 0, 0.54%, 1, 0, 5, 1354.96
1775269692, 2019, 389, 396, 0, 0, 0.54%, 1, 0, 5, 1478.62
1775269702, 2020, 62, 396, 0, 0, 0.54%, 1, 0, 5, 1198.12
1775269707, 2020, 93, 396, 0, 0, 0.54%, 1, 0, 5, 1426.60
1775269712, 2020, 168, 396, 0, 0, 0.54%, 1, 0, 5, 1485.67
1775269717, 2020, 308, 396, 0, 0, 0.54%, 1, 0, 5, 1395.51
1775269722, 2021, 57, 396, 0, 0, 0.54%, 1, 0, 5, 1504.26
1775269728, 2021, 83, 396, 0, 0, 0.54%, 1, 0, 5, 1473.50
1775269733, 2021, 106, 396, 0, 0, 0.54%, 1, 0, 5, 1483.10
1775269738, 2021, 191, 396, 0, 0, 0.54%, 1, 0, 5, 1504.05
1775269743, 2021, 311, 396, 0, 0, 0.54%, 1, 0, 5, 1360.34
1775269748, 2022, 5, 396, 0, 0, 0.54%, 1, 0, 5, 1333.46
1775269753, 2022, 73, 396, 0, 0, 0.54%, 1, 0, 5, 1550.54
1775269758, 2022, 93, 396, 0, 0, 0.54%, 1, 0, 5, 1399.77
1775269763, 2022, 166, 396, 0, 0, 0.54%, 1, 0, 5, 1481.76
1775269768, 2022, 288, 396, 0, 0, 0.54%, 1, 0, 5, 1451.71
1775269773, 2022, 337, 396, 0, 0, 0.54%, 1, 0, 5, 1373.37
1775269778, 2023, 83, 396, 0, 0, 0.54%, 1, 0, 5, 1496.86
1775269783, 2023, 106, 396, 0, 0, 0.54%, 1, 0, 5, 1429.37
1775269788, 2023, 163, 396, 0, 0, 0.54%, 1, 0, 5, 1344.94
1775269793, 2023, 311, 396, 0, 0, 0.54%, 1, 0, 5, 1402.72
1775269799, 2024, 42, 396, 0, 0, 0.54%, 1, 0, 5, 1412.59
1775269804, 2024, 83, 396, 0, 0, 0.54%, 1, 0, 5, 1484.35
1775269809, 2024, 135, 396, 0, 0, 0.54%, 1, 0, 5, 1583.40
1775269814, 2024, 174, 396, 0, 0, 0.54%, 1, 0, 5, 1489.22
1775269819, 2024, 204, 396, 0, 0, 0.54%, 1, 0, 5, 1376.39
1775269824, 2024, 323, 396, 0, 0, 0.54%, 1, 0, 5, 1448.98
1775269829, 2025, 48, 396, 0, 0, 0.54%, 1, 0, 5, 1499.92
1775269834, 2025, 86, 396, 0, 0, 0.54%, 1, 0, 5, 1466.78
1775269839, 2025, 138, 396, 0, 0, 0.54%, 1, 0, 5, 1424.82
1775269844, 2025, 279, 396, 0, 0, 0.54%, 1, 0, 5, 1395.87
1775269849, 2025, 336, 396, 0, 0, 0.54%, 1, 0, 5, 1252.35
1775269854, 2026, 60, 396, 0, 0, 0.54%, 1, 0, 5, 1473.53
1775269859, 2026, 88, 396, 0, 0, 0.54%, 1, 0, 5, 1493.25
1775269864, 2026, 113, 396, 0, 0, 0.54%, 1, 0, 5, 1526.62
1775269870, 2026, 197, 396, 0, 0, 0.54%, 1, 0, 5, 1426.09
1775269875, 2026, 316, 396, 0, 0, 0.54%, 1, 0, 5, 1291.63
1775269880, 2027, 57, 396, 0, 0, 0.54%, 1, 0, 5, 1335.34
1775269885, 2027, 88, 396, 0, 0, 0.54%, 1, 0, 5, 1532.60
1775269890, 2027, 179, 396, 0, 0, 0.54%, 1, 0, 5, 1557.45
1775269895, 2027, 235, 396, 0, 0, 0.54%, 1, 0, 5, 1447.03
1775269900, 2027, 330, 396, 0, 0, 0.54%, 1, 0, 5, 1432.61
1775269905, 2028, 73, 396, 0, 0, 0.54%, 1, 0, 5, 1566.75
1775269910, 2028, 106, 396, 0, 0, 0.54%, 1, 0, 5, 1584.02
1775269915, 2028, 180, 396, 0, 0, 0.54%, 1, 0, 5, 1515.98
1775269921, 2028, 311, 396, 0, 0, 0.54%, 1, 0, 5, 1430.44
1775269926, 2029, 51, 396, 0, 0, 0.54%, 1, 0, 5, 1571.62
1775269931, 2029, 88, 396, 0, 0, 0.54%, 1, 0, 5, 1489.98
1775269936, 2029, 134, 396, 0, 0, 0.54%, 1, 0, 5, 1366.08
1775269941, 2029, 268, 396, 0, 0, 0.54%, 1, 0, 5, 1499.54
1775269946, 2029, 333, 396, 0, 0, 0.54%, 1, 0, 5, 1462.97
1775269951, 2030, 59, 396, 0, 0, 0.54%, 1, 0, 5, 1323.21
1775269957, 2030, 93, 396, 0, 0, 0.54%, 1, 0, 5, 1397.97
1775269962, 2030, 178, 396, 0, 0, 0.54%, 1, 0, 5, 1488.78
1775269967, 2030, 267, 396, 0, 0, 0.54%, 1, 0, 5, 1525.97
1775269972, 2030, 287, 396, 0, 0, 0.54%, 1, 0, 5, 1497.86
1775269977, 2030, 350, 396, 0, 0, 0.54%, 1, 0, 5, 1396.33
1775269982, 2031, 83, 396, 0, 0, 0.54%, 1, 0, 5, 1481.83
1775269987, 2031, 106, 396, 0, 0, 0.54%, 1, 0, 5, 1481.13
1775269992, 2031, 158, 396, 0, 0, 0.54%, 1, 0, 5, 1435.38
1775269997, 2031, 304, 396, 0, 0, 0.54%, 1, 0, 5, 1430.10
1775270002, 2031, 343, 396, 0, 0, 0.54%, 1, 0, 5, 1361.74
1775270007, 2032, 73, 396, 0, 0, 0.54%, 1, 0, 5, 1417.63
1775270012, 2032, 93, 396, 0, 0, 0.54%, 1, 0, 5, 1479.91
1775270018, 2032, 158, 396, 0, 0, 0.54%, 1, 0, 5, 1374.78
1775270023, 2032, 304, 396, 0, 0, 0.54%, 1, 0, 5, 1480.48
1775270028, 2032, 381, 396, 0, 0, 0.54%, 1, 0, 5, 1421.75
1775270033, 2033, 73, 396, 0, 0, 0.54%, 1, 0, 5, 1543.32
1775270038, 2033, 88, 396, 0, 0, 0.54%, 1, 0, 5, 1557.77
1775270043, 2033, 144, 396, 0, 0, 0.54%, 1, 0, 5, 1480.54
1775270048, 2033, 219, 396, 0, 0, 0.54%, 1, 0, 5, 1493.81
1775270053, 2033, 358, 396, 0, 0, 0.54%, 1, 0, 5, 1405.17
1775270058, 2034, 72, 396, 0, 0, 0.54%, 1, 0, 5, 1487.38
1775270063, 2034, 86, 396, 0, 0, 0.54%, 1, 0, 5, 1450.78
1775270068, 2034, 127, 396, 0, 0, 0.54%, 1, 0, 5, 1507.40
1775270073, 2034, 200, 396, 0, 0, 0.54%, 1, 0, 5, 1466.01
1775270078, 2034, 330, 396, 0, 0, 0.54%, 1, 0, 5, 1478.42
1775270084, 2035, 4, 396, 0, 0, 0.54%, 1, 0, 5, 1356.83
1775270089, 2035, 48, 396, 0, 0, 0.54%, 1, 0, 5, 1487.97
1775270094, 2035, 88, 396, 0, 0, 0.54%, 1, 0, 5, 1404.85
1775270099, 2035, 115, 396, 0, 0, 0.54%, 1, 0, 5, 1415.78
1775270104, 2035, 182, 396, 0, 0, 0.54%, 1, 0, 5, 1466.75
1775270109, 2035, 268, 396, 0, 0, 0.54%, 1, 0, 5, 1464.38
1775270114, 2035, 289, 396, 0, 0, 0.54%, 1, 0, 5, 1512.57
1775270119, 2035, 380, 396, 0, 0, 0.54%, 1, 0, 5, 1304.14
1775270124, 2036, 83, 396, 0, 0, 0.54%, 1, 0, 5, 1369.65
1775270129, 2036, 109, 396, 0, 0, 0.54%, 1, 0, 5, 1542.67
1775270134, 2036, 227, 396, 0, 0, 0.54%, 1, 0, 5, 581.66
1775270140, 2036, 304, 396, 0, 0, 0.54%, 1, 0, 5, 1156.11
1775270145, 2036, 385, 396, 0, 0, 0.54%, 1, 0, 5, 1221.97
1775270150, 2037, 83, 396, 0, 0, 0.54%, 1, 0, 5, 1313.97
1775270155, 2037, 106, 396, 0, 0, 0.54%, 1, 0, 5, 1539.05
1775270160, 2037, 311, 396, 0, 0, 0.54%, 1, 0, 5, 1494.78
1775270165, 2038, 51, 396, 0, 0, 0.54%, 1, 0, 5, 1440.10
1775270170, 2038, 83, 396, 0, 0, 0.54%, 1, 0, 5, 1490.26
1775270175, 2038, 138, 396, 0, 0, 0.54%, 1, 0, 5, 1501.08
1775270180, 2038, 296, 396, 0, 0, 0.54%, 1, 0, 5, 1525.83
1775270185, 2038, 356, 396, 0, 0, 0.54%, 1, 0, 5, 1312.76
1775270190, 2039, 57, 396, 0, 0, 0.54%, 1, 0, 5, 1353.34
1775270196, 2039, 88, 396, 0, 0, 0.54%, 1, 0, 5, 1471.83
1775270201, 2039, 178, 396, 0, 0, 0.54%, 1, 0, 5, 1529.90
1775270206, 2039, 304, 396, 0, 0, 0.54%, 1, 0, 5, 1489.07
1775270211, 2040, 17, 396, 0, 0, 0.54%, 1, 0, 5, 1413.56
1775270216, 2040, 83, 396, 0, 0, 0.54%, 1, 0, 5, 1427.05
1775270221, 2040, 118, 396, 0, 0, 0.54%, 1, 0, 5, 1511.69
1775270226, 2040, 177, 396, 0, 0, 0.54%, 1, 0, 5, 1430.48
1775270231, 2040, 311, 396, 0, 0, 0.54%, 1, 0, 5, 1352.94
1775270236, 2041, 14, 396, 0, 0, 0.54%, 1, 0, 5, 270.16
1775270242, 2041, 88, 396, 0, 0, 0.54%, 1, 0, 5, 1651.34
1775270247, 2041, 160, 396, 0, 0, 0.54%, 1, 0, 5, 1500.01
1775270252, 2041, 304, 396, 0, 0, 0.54%, 1, 0, 5, 1462.53
1775270257, 2041, 394, 396, 0, 0, 0.54%, 1, 0, 5, 1488.92
1775270262, 2042, 29, 396, 0, 0, 0.54%, 1, 0, 5, 1468.62
1775270267, 2042, 57, 396, 0, 0, 0.54%, 1, 0, 5, 317.26
1775270272, 2042, 89, 396, 0, 0, 0.54%, 1, 0, 5, 1271.30
1775270277, 2042, 127, 396, 0, 0, 0.54%, 1, 0, 5, 1406.53
1775270283, 2042, 252, 396, 0, 0, 0.54%, 1, 0, 5, 1385.52
1775270288, 2042, 312, 396, 0, 0, 0.54%, 1, 0, 5, 1434.91
1775270293, 2043, 7, 396, 0, 0, 0.54%, 1, 0, 5, 1273.93
1775270298, 2043, 73, 396, 0, 0, 0.54%, 1, 0, 5, 1407.75
1775270303, 2043, 93, 396, 0, 0, 0.54%, 1, 0, 5, 1405.76
1775270308, 2043, 159, 396, 0, 0, 0.54%, 1, 0, 5, 1674.89
1775270313, 2043, 237, 396, 0, 0, 0.54%, 1, 0, 5, 1565.76
1775270318, 2043, 322, 396, 0, 0, 0.54%, 1, 0, 5, 1459.51
1775270323, 2044, 32, 396, 0, 0, 0.54%, 1, 0, 5, 1425.37
1775270328, 2044, 56, 396, 0, 0, 0.54%, 1, 0, 5, 1481.26
1775270334, 2044, 83, 396, 0, 0, 0.54%, 1, 0, 5, 1154.73
1775270339, 2044, 158, 396, 0, 0, 0.54%, 1, 0, 5, 1505.03
1775270344, 2044, 233, 396, 0, 0, 0.54%, 1, 0, 5, 1439.17
1775270349, 2044, 311, 396, 0, 0, 0.54%, 1, 0, 5, 1421.04
1775270354, 2044, 395, 396, 0, 0, 0.54%, 1, 0, 5, 1380.90
1775270359, 2045, 59, 396, 0, 0, 0.54%, 1, 0, 5, 1353.80
1775270364, 2045, 88, 396, 0, 0, 0.54%, 1, 0, 5, 1540.98
1775270369, 2045, 158, 396, 0, 0, 0.54%, 1, 0, 5, 1506.24
1775270374, 2045, 333, 396, 0, 0, 0.54%, 1, 0, 5, 1155.02
1775270379, 2046, 11, 396, 0, 0, 0.54%, 1, 0, 5, 1633.42
1775270385, 2046, 57, 396, 0, 0, 0.54%, 1, 0, 5, 1470.04
1775270390, 2046, 83, 396, 0, 0, 0.54%, 1, 0, 5, 1430.54
1775270395, 2046, 107, 396, 0, 0, 0.54%, 1, 0, 5, 1492.07
1775270400, 2046, 307, 396, 0, 0, 0.54%, 1, 0, 5, 1375.33
1775270405, 2047, 51, 396, 0, 0, 0.54%, 1, 0, 5, 1329.25
1775270410, 2047, 88, 396, 0, 0, 0.54%, 1, 0, 5, 1388.29
1775270415, 2047, 185, 396, 0, 0, 0.54%, 1, 0, 5, 1429.79
1775270420, 2047, 265, 396, 0, 0, 0.54%, 1, 0, 5, 1494.07
1775270425, 2047, 287, 396, 0, 0, 0.54%, 1, 0, 5, 1587.25
1775270430, 2047, 365, 396, 0, 0, 0.54%, 1, 0, 5, 1304.17
1775270435, 2048, 73, 396, 0, 0, 0.54%, 1, 0, 5, 1447.42
1775270441, 2048, 106, 396, 0, 0, 0.54%, 1, 0, 5, 1497.71
1775270446, 2048, 156, 396, 0, 0, 0.54%, 1, 0, 5, 1126.99
1775270451, 2048, 227, 396, 0, 0, 0.54%, 1, 0, 5, 1307.03
1775270456, 2048, 337, 396, 0, 0, 0.54%, 1, 0, 5, 1323.22
1775270461, 2049, 58, 396, 0, 0, 0.54%, 1, 0, 5, 1391.51
1775270466, 2049, 86, 396, 0, 0, 0.54%, 1, 0, 5, 1503.28
1775270471, 2049, 158, 396, 0, 0, 0.54%, 1, 0, 5, 1595.14
1775270476, 2049, 221, 396, 0, 0, 0.54%, 1, 0, 5, 1496.15
1775270481, 2049, 337, 396, 0, 0, 0.54%, 1, 0, 5, 1432.71
1775270486, 2050, 57, 396, 0, 0, 0.54%, 1, 0, 5, 1372.61
1775270491, 2050, 86, 396, 0, 0, 0.54%, 1, 0, 5, 1468.68
1775270496, 2050, 158, 396, 0, 0, 0.54%, 1, 0, 5, 1478.23
1775270502, 2050, 254, 396, 0, 0, 0.54%, 1, 0, 5, 1449.87
1775270507, 2051, 18, 396, 0, 0, 0.54%, 1, 0, 5, 1428.17
1775270512, 2051, 83, 396, 0, 0, 0.54%, 1, 0, 5, 1496.73
1775270517, 2051, 106, 396, 0, 0, 0.54%, 1, 0, 5, 1496.88
1775270522, 2051, 229, 396, 0, 0, 0.54%, 1, 0, 5, 1414.18
1775270527, 2051, 316, 396, 0, 0, 0.54%, 1, 0, 5, 1417.65
1775270532, 2052, 21, 396, 0, 0, 0.54%, 1, 0, 5, 1433.29
1775270537, 2052, 83, 396, 0, 0, 0.54%, 1, 0, 5, 1430.27
1775270542, 2052, 119, 396, 0, 0, 0.54%, 1, 0, 5, 1554.34
1775270547, 2052, 150, 396, 0, 0, 0.54%, 1, 0, 5, 1393.67
1775270552, 2052, 235, 396, 0, 0, 0.54%, 1, 0, 5, 1415.32
1775270558, 2052, 333, 396, 0, 0, 0.54%, 1, 0, 5, 1346.70
1775270563, 2053, 57, 396, 0, 0, 0.54%, 1, 0, 5, 1427.11
1775270568, 2053, 93, 396, 0, 0, 0.54%, 1, 0, 5, 1491.27
1775270573, 2053, 141, 396, 0, 0, 0.54%, 1, 0, 5, 1443.06
1775270578, 2053, 188, 396, 0, 0, 0.54%, 1, 0, 5, 1438.87
1775270583, 2053, 312, 396, 0, 0, 0.54%, 1, 0, 5, 1451.54
1775270588, 2054, 57, 396, 0, 0, 0.54%, 1, 0, 5, 1464.34
1775270593, 2054, 93, 396, 0, 0, 0.54%, 1, 0, 5, 1440.61
1775270598, 2054, 158, 396, 0, 0, 0.54%, 1, 0, 5, 1513.71
1775270603, 2054, 312, 396, 0, 0, 0.54%, 1, 0, 5, 1448.49
1775270609, 2055, 24, 396, 0, 0, 0.54%, 1, 0, 5, 1287.46
1775270614, 2055, 86, 396, 0, 0, 0.54%, 1, 0, 5, 1558.76
1775270619, 2055, 110, 396, 0, 0, 0.54%, 1, 0, 5, 1444.54
1775270624, 2055, 214, 396, 0, 0, 0.54%, 1, 0, 5, 1377.94
1775270629, 2055, 313, 396, 0, 0, 0.54%, 1, 0, 5, 1450.67
1775270634, 2056, 22, 396, 0, 0, 0.54%, 1, 0, 5, 1390.04
1775270639, 2056, 70, 396, 0, 0, 0.54%, 1, 0, 5, 1439.50
1775270644, 2056, 93, 396, 0, 0, 0.54%, 1, 0, 5, 1499.58
1775270649, 2056, 183, 396, 0, 0, 0.54%, 1, 0, 5, 1447.82
1775270654, 2056, 298, 396, 0, 0, 0.54%, 1, 0, 5, 1310.35
1775270660, 2056, 333, 396, 0, 0, 0.54%, 1, 0, 5, 1396.23
1775270665, 2057, 48, 396, 0, 0, 0.54%, 1, 0, 5, 1339.03
1775270670, 2057, 83, 396, 0, 0, 0.54%, 1, 0, 5, 1491.89
1775270675, 2057, 106, 396, 0, 0, 0.54%, 1, 0, 5, 1459.70
1775270680, 2057, 204, 396, 0, 0, 0.54%, 1, 0, 5, 1451.99
1775270685, 2057, 295, 396, 0, 0, 0.54%, 1, 0, 5, 1451.18
1775270690, 2058, 5, 396, 0, 0, 0.54%, 1, 0, 5, 1272.16
1775270695, 2058, 73, 396, 0, 0, 0.54%, 1, 0, 5, 1395.99
1775270700, 2058, 95, 396, 0, 0, 0.54%, 1, 0, 5, 1428.38
1775270705, 2058, 194, 396, 0, 0, 0.54%, 1, 0, 5, 1382.93
1775270711, 2058, 311, 396, 0, 0, 0.54%, 1, 0, 5, 1351.79
1775270716, 2058, 388, 396, 0, 0, 0.54%, 1, 0, 5, 1342.38
1775270721, 2059, 57, 396, 0, 0, 0.54%, 1, 0, 5, 1485.78
1775270726, 2059, 106, 396, 0, 0, 0.54%, 1, 0, 5, 1563.54
1775270731, 2059, 199, 396, 0, 0, 0.54%, 1, 0, 5, 1387.47
1775270736, 2059, 311, 396, 0, 0, 0.54%, 1, 0, 5, 1328.43
1775270741, 2059, 389, 396, 0, 0, 0.54%, 1, 0, 5, 1473.00
1775270746, 2060, 51, 396, 0, 0, 0.54%, 1, 0, 5, 1557.29
1775270751, 2060, 93, 396, 0, 0, 0.54%, 1, 0, 5, 1543.32
1775270756, 2060, 205, 396, 0, 0, 0.54%, 1, 0, 5, 1489.52
1775270761, 2060, 286, 396, 0, 0, 0.54%, 1, 0, 5, 1488.45
1775270766, 2060, 354, 396, 0, 0, 0.54%, 1, 0, 5, 1343.80
1775270771, 2061, 57, 396, 0, 0, 0.54%, 1, 0, 5, 1487.94
1775270776, 2061, 93, 396, 0, 0, 0.54%, 1, 0, 5, 1437.29
1775270782, 2061, 173, 396, 0, 0, 0.54%, 1, 0, 5, 1454.19
1775270787, 2061, 287, 396, 0, 0, 0.54%, 1, 0, 5, 1311.69
1775270792, 2061, 390, 396, 0, 0, 0.54%, 1, 0, 5, 292.52
1775270797, 2062, 79, 396, 0, 0, 0.54%, 1, 0, 5, 1652.41
1775270802, 2062, 90, 396, 0, 0, 0.54%, 1, 0, 5, 1478.48
1775270807, 2062, 160, 396, 0, 0, 0.54%, 1, 0, 5, 1506.20
1775270812, 2062, 259, 396, 0, 0, 0.54%, 1, 0, 5, 1337.40
1775270817, 2062, 333, 396, 0, 0, 0.54%, 1, 0, 5, 1342.53
1775270822, 2063, 73, 396, 0, 0, 0.54%, 1, 0, 5, 1380.66
1775270827, 2063, 93, 396, 0, 0, 0.54%, 1, 0, 5, 1450.92
1775270832, 2063, 178, 396, 0, 0, 0.54%, 1, 0, 5, 1489.27
1775270837, 2063, 304, 396, 0, 0, 0.54%, 1, 0, 5, 1411.29
1775270842, 2064, 10, 396, 0, 0, 0.54%, 1, 0, 5, 1349.69
1775270848, 2064, 73, 396, 0, 0, 0.54%, 1, 0, 5, 1469.98
1775270853, 2064, 102, 396, 0, 0, 0.54%, 1, 0, 5, 1429.86
1775270858, 2064, 163, 396, 0, 0, 0.54%, 1, 0, 5, 1351.93
1775270863, 2064, 286, 396, 0, 0, 0.54%, 1, 0, 5, 1503.97
1775270868, 2064, 387, 396, 0, 0, 0.54%, 1, 0, 5, 1325.19
1775270873, 2065, 83, 396, 0, 0, 0.54%, 1, 0, 5, 1383.51
1775270878, 2065, 110, 396, 0, 0, 0.54%, 1, 0, 5, 1467.94
1775270883, 2065, 168, 396, 0, 0, 0.54%, 1, 0, 5, 1526.34
1775270888, 2065, 287, 396, 0, 0, 0.54%, 1, 0, 5, 1535.88
1775270893, 2066, 5, 396, 0, 0, 0.54%, 1, 0, 5, 1432.69
1775270898, 2066, 57, 396, 0, 0, 0.54%, 1, 0, 5, 1402.59
1775270903, 2066, 88, 396, 0, 0, 0.54%, 1, 0, 5, 1396.51
1775270909, 2066, 150, 396, 0, 0, 0.54%, 1, 0, 5, 1456.40
1775270914, 2066, 246, 396, 0, 0, 0.54%, 1, 0, 5, 1485.71
1775270919, 2066, 289, 396, 0, 0, 0.54%, 1, 0, 5, 1477.32
1775270924, 2066, 382, 396, 0, 0, 0.54%, 1, 0, 5, 1379.16
1775270929, 2067, 72, 396, 0, 0, 0.54%, 1, 0, 5, 1483.27
1775270934, 2067, 93, 396, 0, 0, 0.54%, 1, 0, 5, 1407.84
1775270939, 2067, 145, 396, 0, 0, 0.54%, 1, 0, 5, 266.13
1775270944, 2067, 312, 396, 0, 0, 0.54%, 1, 0, 5, 1271.10
1775270950, 2068, 57, 396, 0, 0, 0.54%, 1, 0, 5, 1377.36
1775270955, 2068, 100, 396, 0, 0, 0.54%, 1, 0, 5, 1489.03
1775270960, 2068, 190, 396, 0, 0, 0.54%, 1, 0, 5, 1354.30
1775270965, 2068, 276, 396, 0, 0, 0.54%, 1, 0, 5, 1487.46
1775270970, 2068, 333, 396, 0, 0, 0.54%, 1, 0, 5, 1405.61
1775270975, 2069, 57, 396, 0, 0, 0.54%, 1, 0, 5, 1611.19
1775270980, 2069, 86, 396, 0, 0, 0.54%, 1, 0, 5, 1542.45
1775270985, 2069, 117, 396, 0, 0, 0.54%, 1, 0, 5, 1454.92
1775270990, 2069, 178, 396, 0, 0, 0.54%, 1, 0, 5, 1367.10
1775270995, 2069, 312, 396, 0, 0, 0.54%, 1, 0, 5, 1452.17
1775271000, 2070, 57, 396, 0, 0, 0.54%, 1, 0, 5, 1471.33
1775271005, 2070, 93, 396, 0, 0, 0.54%, 1, 0, 5, 1507.65
1775271011, 2070, 147, 396, 0, 0, 0.54%, 1, 0, 5, 1579.01
1775271016, 2070, 255, 396, 0, 0, 0.54%, 1, 0, 5, 1462.03
1775271021, 2070, 394, 396, 0, 0, 0.54%, 1, 0, 5, 1385.93
1775271026, 2071, 62, 396, 0, 0, 0.54%, 1, 0, 5, 1395.45
1775271031, 2071, 93, 396, 0, 0, 0.54%, 1, 0, 5, 1522.52
1775271036, 2071, 162, 396, 0, 0, 0.54%, 1, 0, 5, 1425.67
1775271041, 2071, 276, 396, 0, 0, 0.54%, 1, 0, 5, 1504.82
1775271046, 2071, 364, 396, 0, 0, 0.54%, 1, 0, 5, 1423.06
1775271052, 2072, 83, 396, 0, 0, 0.54%, 1, 0, 5, 1448.93
1775271057, 2072, 99, 396, 0, 0, 0.54%, 1, 0, 5, 1457.88
1775271062, 2072, 248, 396, 0, 0, 0.54%, 1, 0, 5, 1381.74
1775271067, 2072, 313, 396, 0, 0, 0.54%, 1, 0, 5, 1353.26
1775271072, 2073, 23, 396, 0, 0, 0.54%, 1, 0, 5, 1362.79
1775271077, 2073, 83, 396, 0, 0, 0.54%, 1, 0, 5, 1462.93
1775271082, 2073, 116, 396, 0, 0, 0.54%, 1, 0, 5, 1484.10
1775271087, 2073, 248, 396, 0, 0, 0.54%, 1, 0, 5, 1459.17
1775271092, 2073, 333, 396, 0, 0, 0.54%, 1, 0, 5, 1433.37
1775271097, 2074, 52, 396, 0, 0, 0.54%, 1, 0, 5, 1354.38
1775271103, 2074, 86, 396, 0, 0, 0.54%, 1, 0, 5, 1379.35
1775271108, 2074, 142, 396, 0, 0, 0.54%, 1, 0, 5, 1472.08
1775271113, 2074, 280, 396, 0, 0, 0.54%, 1, 0, 5, 1512.42
1775271118, 2074, 333, 396, 0, 0, 0.54%, 1, 0, 5, 1386.40
1775271123, 2075, 51, 396, 0, 0, 0.54%, 1, 0, 5, 1460.73
1775271128, 2075, 93, 396, 0, 0, 0.54%, 1, 0, 5, 1560.67
1775271133, 2075, 209, 396, 0, 0, 0.54%, 1, 0, 5, 1476.07
1775271138, 2075, 312, 396, 0, 0, 0.54%, 1, 0, 5, 1431.95
1775271143, 2076, 51, 396, 0, 0, 0.54%, 1, 0, 5, 1482.03
1775271148, 2076, 85, 396, 0, 0, 0.54%, 1, 0, 5, 1546.16
1775271154, 2076, 106, 396, 0, 0, 0.54%, 1, 0, 5, 1589.10
1775271159, 2076, 244, 396, 0, 0, 0.54%, 1, 0, 5, 1510.59
1775271164, 2076, 329, 396, 0, 0, 0.54%, 1, 0, 5, 1456.06
1775271169, 2077, 57, 396, 0, 0, 0.54%, 1, 0, 5, 1475.46
1775271174, 2077, 88, 396, 0, 0, 0.54%, 1, 0, 5, 1506.13
1775271179, 2077, 158, 396, 0, 0, 0.54%, 1, 0, 5, 1363.48
1775271184, 2077, 259, 396, 0, 0, 0.54%, 1, 0, 5, 1478.01
1775271189, 2077, 311, 396, 0, 0, 0.54%, 1, 0, 5, 1440.05
1775271194, 2078, 57, 396, 0, 0, 0.54%, 1, 0, 5, 1407.26
1775271200, 2078, 93, 396, 0, 0, 0.54%, 1, 0, 5, 1400.96
1775271205, 2078, 194, 396, 0, 0, 0.54%, 1, 0, 5, 1377.87
1775271210, 2078, 337, 396, 0, 0, 0.54%, 1, 0, 5, 1406.08
1775271215, 2079, 51, 396, 0, 0, 0.54%, 1, 0, 5, 1465.54
1775271220, 2079, 83, 396, 0, 0, 0.54%, 1, 0, 5, 1362.62
1775271225, 2079, 158, 396, 0, 0, 0.54%, 1, 0, 5, 1402.08
1775271230, 2079, 233, 396, 0, 0, 0.54%, 1, 0, 5, 1528.55
1775271235, 2079, 279, 396, 0, 0, 0.54%, 1, 0, 5, 1373.93
1775271240, 2079, 383, 396, 0, 0, 0.54%, 1, 0, 5, 1229.28
1775271245, 2080, 85, 396, 0, 0, 0.54%, 1, 0, 5, 1466.56
1775271250, 2080, 106, 396, 0, 0, 0.54%, 1, 0, 5, 1387.68
1775271255, 2080, 274, 396, 0, 0, 0.54%, 1, 0, 5, 1485.15
1775271261, 2080, 333, 396, 0, 0, 0.54%, 1, 0, 5, 1474.36
1775271266, 2081, 30, 396, 0, 0, 0.54%, 1, 0, 5, 1532.06
1775271271, 2081, 78, 396, 0, 0, 0.54%, 1, 0, 5, 1511.87
1775271276, 2081, 106, 396, 0, 0, 0.54%, 1, 0, 5, 1590.95
1775271281, 2081, 261, 396, 0, 0, 0.54%, 1, 0, 5, 1451.10
1775271286, 2081, 312, 396, 0, 0, 0.54%, 1, 0, 5, 1336.51
1775271291, 2082, 16, 396, 0, 0, 0.54%, 1, 0, 5, 1250.99
1775271296, 2082, 86, 396, 0, 0, 0.54%, 1, 0, 5, 1465.20
1775271301, 2082, 106, 396, 0, 0, 0.54%, 1, 0, 5, 1441.63
1775271306, 2082, 245, 396, 0, 0, 0.54%, 1, 0, 5, 1479.74
1775271311, 2082, 333, 396, 0, 0, 0.54%, 1, 0, 5, 1419.76
1775271317, 2083, 60, 396, 0, 0, 0.54%, 1, 0, 5, 1290.00
1775271322, 2083, 90, 396, 0, 0, 0.54%, 1, 0, 5, 1439.69
1775271327, 2083, 148, 396, 0, 0, 0.54%, 1, 0, 5, 1476.90
1775271332, 2083, 199, 396, 0, 0, 0.54%, 1, 0, 5, 1528.60
1775271337, 2083, 299, 396, 0, 0, 0.54%, 1, 0, 5, 1406.36
1775271342, 2084, 0, 396, 0, 0, 0.54%, 1, 0, 5, 1316.97
1775271347, 2084, 86, 396, 0, 0, 0.54%, 1, 0, 5, 1488.15
1775271352, 2084, 128, 396, 0, 0, 0.54%, 1, 0, 5, 1391.53
1775271357, 2084, 205, 396, 0, 0, 0.54%, 1, 0, 5, 1752.48
1775271362, 2084, 333, 396, 0, 0, 0.54%, 1, 0, 5, 1503.47
1775271367, 2084, 395, 396, 0, 0, 0.54%, 1, 0, 5, 1237.91
1775271372, 2085, 53, 396, 0, 0, 0.54%, 1, 0, 5, 1510.00
1775271377, 2085, 86, 396, 0, 0, 0.54%, 1, 0, 5, 1580.69
1775271383, 2085, 179, 396, 0, 0, 0.54%, 1, 0, 5, 1548.08
1775271388, 2085, 203, 396, 0, 0, 0.54%, 1, 0, 5, 1588.44
1775271393, 2085, 317, 396, 0, 0, 0.54%, 1, 0, 5, 1451.13
1775271398, 2086, 57, 396, 0, 0, 0.54%, 1, 0, 5, 1425.72
1775271403, 2086, 93, 396, 0, 0, 0.54%, 1, 0, 5, 1520.75
1775271408, 2086, 175, 396, 0, 0, 0.54%, 1, 0, 5, 1357.94
1775271413, 2086, 284, 396, 0, 0, 0.54%, 1, 0, 5, 1371.16
1775271419, 2086, 337, 396, 0, 0, 0.54%, 1, 0, 5, 1402.73
1775271424, 2087, 76, 396, 0, 0, 0.54%, 1, 0, 5, 1549.06
1775271429, 2087, 91, 396, 0, 0, 0.54%, 1, 0, 5, 1449.72
1775271434, 2087, 127, 396, 0, 0, 0.54%, 1, 0, 5, 1454.87
1775271439, 2087, 208, 396, 0, 0, 0.54%, 1, 0, 5, 1519.08
1775271444, 2087, 307, 396, 0, 0, 0.54%, 1, 0, 5, 1302.15
1775271449, 2088, 0, 396, 0, 0, 0.54%, 1, 0, 5, 1286.01
1775271454, 2088, 57, 396, 0, 0, 0.54%, 1, 0, 5, 1408.75
1775271459, 2088, 91, 396, 0, 0, 0.54%, 1, 0, 5, 1488.65
1775271464, 2088, 158, 396, 0, 0, 0.54%, 1, 0, 5, 1488.74
1775271469, 2088, 277, 396, 0, 0, 0.54%, 1, 0, 5, 1448.66
1775271474, 2088, 364, 396, 0, 0, 0.54%, 1, 0, 5, 1389.92
1775271479, 2089, 57, 396, 0, 0, 0.54%, 1, 0, 5, 1398.92
1775271485, 2089, 93, 396, 0, 0, 0.54%, 1, 0, 5, 1530.99
1775271490, 2089, 195, 396, 0, 0, 0.54%, 1, 0, 5, 1422.20
1775271495, 2089, 304, 396, 0, 0, 0.54%, 1, 0, 5, 1397.89
1775271500, 2089, 339, 396, 0, 0, 0.54%, 1, 0, 5, 1272.29
1775271505, 2090, 73, 396, 0, 0, 0.54%, 1, 0, 5, 1437.16
1775271510, 2090, 110, 396, 0, 0, 0.54%, 1, 0, 5, 1550.64
1775271515, 2090, 234, 396, 0, 0, 0.54%, 1, 0, 5, 1546.68
1775271520, 2090, 333, 396, 0, 0, 0.54%, 1, 0, 5, 1467.03
1775271525, 2091, 22, 396, 0, 0, 0.54%, 1, 0, 5, 1341.53
1775271530, 2091, 73, 396, 0, 0, 0.54%, 1, 0, 5, 1375.96
1775271535, 2091, 104, 396, 0, 0, 0.54%, 1, 0, 5, 1504.18
1775271540, 2091, 153, 396, 0, 0, 0.54%, 1, 0, 5, 1424.69
1775271545, 2091, 297, 396, 0, 0, 0.54%, 1, 0, 5, 1480.76
1775271551, 2091, 337, 396, 0, 0, 0.54%, 1, 0, 5, 1283.57
1775271556, 2092, 63, 396, 0, 0, 0.54%, 1, 0, 5, 1451.45
1775271561, 2092, 93, 396, 0, 0, 0.54%, 1, 0, 5, 1450.87
1775271566, 2092, 155, 396, 0, 0, 0.54%, 1, 0, 5, 1554.30
1775271571, 2092, 241, 396, 0, 0, 0.54%, 1, 0, 5, 1463.62
1775271576, 2092, 276, 396, 0, 0, 0.54%, 1, 0, 5, 1498.21
1775271581, 2092, 337, 396, 0, 0, 0.54%, 1, 0, 5, 1403.51
1775271586, 2093, 36, 396, 0, 0, 0.54%, 1, 0, 5, 1468.28
1775271592, 2093, 73, 396, 0, 0, 0.54%, 1, 0, 5, 1470.80
1775271597, 2093, 86, 396, 0, 0, 0.54%, 1, 0, 5, 1493.13
1775271602, 2093, 123, 396, 0, 0, 0.54%, 1, 0, 5, 1653.97
1775271607, 2093, 212, 396, 0, 0, 0.54%, 1, 0, 5, 1534.88
1775271612, 2093, 287, 396, 0, 0, 0.54%, 1, 0, 5, 1501.16
1775271617, 2093, 337, 396, 0, 0, 0.54%, 1, 0, 5, 1387.21
1775271622, 2094, 58, 396, 0, 0, 0.54%, 1, 0, 5, 1374.94
1775271627, 2094, 88, 396, 0, 0, 0.54%, 1, 0, 5, 1453.87
1775271632, 2094, 167, 396, 0, 0, 0.54%, 1, 0, 5, 1477.29
1775271637, 2094, 257, 396, 0, 0, 0.54%, 1, 0, 5, 1394.02
1775271642, 2094, 311, 396, 0, 0, 0.54%, 1, 0, 5, 1399.15
1775271648, 2095, 3, 396, 0, 0, 0.54%, 1, 0, 5, 1218.27
1775271653, 2095, 73, 396, 0, 0, 0.54%, 1, 0, 5, 1511.55
1775271658, 2095, 96, 396, 0, 0, 0.54%, 1, 0, 5, 1528.92
1775271663, 2095, 274, 396, 0, 0, 0.54%, 1, 0, 5, 1516.41
1775271668, 2095, 301, 396, 0, 0, 0.54%, 1, 0, 5, 1381.00
1775271673, 2096, 26, 396, 0, 0, 0.54%, 1, 0, 5, 1410.38
1775271678, 2096, 81, 396, 0, 0, 0.54%, 1, 0, 5, 1448.81
1775271683, 2096, 93, 396, 0, 0, 0.54%, 1, 0, 5, 1426.67
1775271688, 2096, 140, 396, 0, 0, 0.54%, 1, 0, 5, 1493.97
1775271693, 2096, 287, 396, 0, 0, 0.54%, 1, 0, 5, 1408.31
1775271698, 2096, 332, 396, 0, 0, 0.54%, 1, 0, 5, 1443.84
1775271703, 2097, 83, 396, 0, 0, 0.54%, 1, 0, 5, 1484.54
1775271708, 2097, 126, 396, 0, 0, 0.54%, 1, 0, 5, 1498.73
1775271713, 2097, 253, 396, 0, 0, 0.54%, 1, 0, 5, 1512.26
1775271718, 2097, 320, 396, 0, 0, 0.54%, 1, 0, 5, 1390.07
1775271724, 2098, 4, 396, 0, 0, 0.54%, 1, 0, 5, 1260.46
1775271729, 2098, 57, 396, 0, 0, 0.54%, 1, 0, 5, 1424.85
1775271734, 2098, 93, 396, 0, 0, 0.54%, 1, 0, 5, 1509.18
1775271739, 2098, 152, 396, 0, 0, 0.54%, 1, 0, 5, 1476.44
1775271744, 2098, 287, 396, 0, 0, 0.54%, 1, 0, 5, 1372.45
1775271749, 2098, 340, 396, 0, 0, 0.54%, 1, 0, 5, 1369.70
1775271754, 2099, 67, 396, 0, 0, 0.54%, 1, 0, 5, 1424.38
1775271759, 2099, 86, 396, 0, 0, 0.54%, 1, 0, 5, 1496.65
1775271764, 2099, 193, 396, 0, 0, 0.54%, 1, 0, 5, 1547.80
1775271769, 2099, 285, 396, 0, 0, 0.54%, 1, 0, 5, 1420.28
1775271774, 2099, 333, 396, 0, 0, 0.54%, 1, 0, 5, 1359.04
1775271779, 2100, 57, 396, 0, 0, 0.54%, 1, 0, 5, 1508.33
1775271785, 2100, 103, 396, 0, 0, 0.54%, 1, 0, 5, 1512.15
1775271790, 2100, 171, 396, 0, 0, 0.54%, 1, 0, 5, 1430.02
1775271795, 2100, 312, 396, 0, 0, 0.54%, 1, 0, 5, 1421.19
1775271800, 2100, 389, 396, 0, 0, 0.54%, 1, 0, 5, 1400.07
1775271805, 2101, 5, 396, 0, 0, 0.54%, 1, 0, 5, 1512.84
1775271810, 2101, 57, 396, 0, 0, 0.54%, 1, 0, 5, 426.00
1775271815, 2101, 93, 396, 0, 0, 0.54%, 1, 0, 5, 1261.66
1775271820, 2101, 117, 396, 0, 0, 0.54%, 1, 0, 5, 1415.34
1775271825, 2101, 199, 396, 0, 0, 0.54%, 1, 0, 5, 1505.84
1775271830, 2101, 288, 396, 0, 0, 0.54%, 1, 0, 5, 1471.18
1775271835, 2101, 337, 396, 0, 0, 0.54%, 1, 0, 5, 1435.96
1775271841, 2102, 13, 396, 0, 0, 0.54%, 1, 0, 5, 1525.39
1775271846, 2102, 73, 396, 0, 0, 0.54%, 1, 0, 5, 1558.07
1775271851, 2102, 106, 396, 0, 0, 0.54%, 1, 0, 5, 1450.48
1775271856, 2102, 213, 396, 0, 0, 0.54%, 1, 0, 5, 1456.73
1775271861, 2102, 321, 396, 0, 0, 0.54%, 1, 0, 5, 1411.92
1775271866, 2103, 51, 396, 0, 0, 0.54%, 1, 0, 5, 1368.64
1775271871, 2103, 86, 396, 0, 0, 0.54%, 1, 0, 5, 1472.48
1775271876, 2103, 137, 396, 0, 0, 0.54%, 1, 0, 5, 1546.23
1775271881, 2103, 226, 396, 0, 0, 0.54%, 1, 0, 5, 1460.37
1775271886, 2103, 311, 396, 0, 0, 0.54%, 1, 0, 5, 1412.82
1775271891, 2104, 29, 396, 0, 0, 0.54%, 1, 0, 5, 1290.42
1775271896, 2104, 88, 396, 0, 0, 0.54%, 1, 0, 5, 1568.00
1775271901, 2104, 158, 396, 0, 0, 0.54%, 1, 0, 5, 1484.30
1775271907, 2104, 251, 396, 0, 0, 0.54%, 1, 0, 5, 1458.60
1775271912, 2104, 283, 396, 0, 0, 0.54%, 1, 0, 5, 1549.81
1775271917, 2104, 381, 396, 0, 0, 0.54%, 1, 0, 5, 1430.23
1775271922, 2105, 83, 396, 0, 0, 0.54%, 1, 0, 5, 1503.55
1775271927, 2105, 107, 396, 0, 0, 0.54%, 1, 0, 5, 1545.71
1775271932, 2105, 283, 396, 0, 0, 0.54%, 1, 0, 5, 1489.53
1775271937, 2105, 337, 396, 0, 0, 0.54%, 1, 0, 5, 1370.42
1775271942, 2106, 57, 396, 0, 0, 0.54%, 1, 0, 5, 1426.22
1775271947, 2106, 86, 396, 0, 0, 0.54%, 1, 0, 5, 1555.49
1775271953, 2106, 124, 396, 0, 0, 0.54%, 1, 0, 5, 1530.90
1775271958, 2106, 204, 396, 0, 0, 0.54%, 1, 0, 5, 1365.15
1775271963, 2106, 275, 396, 0, 0, 0.54%, 1, 0, 5, 1441.64
1775271968, 2106, 333, 396, 0, 0, 0.54%, 1, 0, 5, 1431.56
1775271973, 2107, 57, 396, 0, 0, 0.54%, 1, 0, 5, 1556.70
1775271978, 2107, 88, 396, 0, 0, 0.54%, 1, 0, 5, 1591.50
1775271983, 2107, 143, 396, 0, 0, 0.54%, 1, 0, 5, 1404.04
1775271988, 2107, 244, 396, 0, 0, 0.54%, 1, 0, 5, 1463.89
1775271993, 2107, 304, 396, 0, 0, 0.54%, 1, 0, 5, 1436.56
1775271998, 2107, 388, 396, 0, 0, 0.54%, 1, 0, 5, 1343.25
1775272003, 2108, 73, 396, 0, 0, 0.54%, 1, 0, 5, 1292.23
1775272008, 2108, 106, 396, 0, 0, 0.54%, 1, 0, 5, 1465.22
1775272013, 2108, 287, 396, 0, 0, 0.54%, 1, 0, 5, 1474.40
1775272018, 2109, 28, 396, 0, 0, 0.54%, 1, 0, 5, 1394.87
1775272024, 2109, 88, 396, 0, 0, 0.54%, 1, 0, 5, 1458.38
1775272029, 2109, 175, 396, 0, 0, 0.54%, 1, 0, 5, 1416.88
1775272034, 2109, 281, 396, 0, 0, 0.54%, 1, 0, 5, 1404.65
1775272039, 2109, 319, 396, 0, 0, 0.54%, 1, 0, 5, 1397.31
1775272044, 2110, 47, 396, 0, 0, 0.54%, 1, 0, 5, 1465.91
1775272049, 2110, 88, 396, 0, 0, 0.54%, 1, 0, 5, 1526.67
1775272054, 2110, 158, 396, 0, 0, 0.54%, 1, 0, 5, 1545.94
1775272059, 2110, 290, 396, 0, 0, 0.54%, 1, 0, 5, 1435.53
1775272065, 2110, 359, 396, 0, 0, 0.54%, 1, 0, 5, 1399.69
1775272070, 2111, 83, 396, 0, 0, 0.54%, 1, 0, 5, 1645.85
1775272075, 2111, 139, 396, 0, 0, 0.54%, 1, 0, 5, 1354.05
1775272080, 2111, 219, 396, 0, 0, 0.54%, 1, 0, 5, 1506.72
1775272085, 2111, 311, 396, 0, 0, 0.54%, 1, 0, 5, 1397.40
1775272090, 2112, 49, 396, 0, 0, 0.54%, 1, 0, 5, 1420.06
1775272095, 2112, 88, 396, 0, 0, 0.54%, 1, 0, 5, 1552.78
1775272100, 2112, 186, 396, 0, 0, 0.54%, 1, 0, 5, 1494.34
1775272105, 2112, 275, 396, 0, 0, 0.54%, 1, 0, 5, 1537.83
1775272110, 2112, 312, 396, 0, 0, 0.54%, 1, 0, 5, 1407.58
1775272116, 2113, 51, 396, 0, 0, 0.54%, 1, 0, 5, 1366.04
1775272121, 2113, 93, 396, 0, 0, 0.54%, 1, 0, 5, 1513.03
1775272126, 2113, 158, 396, 0, 0, 0.54%, 1, 0, 5, 1467.22
1775272131, 2113, 304, 396, 0, 0, 0.54%, 1, 0, 5, 1420.41
1775272136, 2113, 362, 396, 0, 0, 0.54%, 1, 0, 5, 1233.17
1775272141, 2114, 65, 396, 0, 0, 0.54%, 1, 0, 5, 1576.89
1775272146, 2114, 85, 396, 0, 0, 0.54%, 1, 0, 5, 1529.53
1775272151, 2114, 106, 396, 0, 0, 0.54%, 1, 0, 5, 1568.17
1775272156, 2114, 204, 396, 0, 0, 0.54%, 1, 0, 5, 1476.78
1775272161, 2114, 275, 396, 0, 0, 0.54%, 1, 0, 5, 1391.51
1775272166, 2114, 333, 396, 0, 0, 0.54%, 1, 0, 5, 1517.65
1775272172, 2115, 76, 396, 0, 0, 0.54%, 1, 0, 5, 1535.82
1775272177, 2115, 106, 396, 0, 0, 0.54%, 1, 0, 5, 1566.85
1775272182, 2115, 275, 396, 0, 0, 0.54%, 1, 0, 5, 1544.51
1775272187, 2116, 57, 396, 0, 0, 0.54%, 1, 0, 5, 1457.62
1775272192, 2116, 88, 396, 0, 0, 0.54%, 1, 0, 5, 1618.10
1775272197, 2116, 117, 396, 0, 0, 0.54%, 1, 0, 5, 1534.05
1775272202, 2116, 202, 396, 0, 0, 0.54%, 1, 0, 5, 1564.34
1775272207, 2116, 280, 396, 0, 0, 0.54%, 1, 0, 5, 1497.56
1775272212, 2116, 340, 396, 0, 0, 0.54%, 1, 0, 5, 1400.21
1775272217, 2117, 51, 396, 0, 0, 0.54%, 1, 0, 5, 1390.88
1775272222, 2117, 88, 396, 0, 0, 0.54%, 1, 0, 5, 1515.07
1775272228, 2117, 106, 396, 0, 0, 0.54%, 1, 0, 5, 1351.83
1775272233, 2117, 216, 396, 0, 0, 0.54%, 1, 0, 5, 1354.80
1775272238, 2117, 312, 396, 0, 0, 0.54%, 1, 0, 5, 1421.69
1775272243, 2117, 394, 396, 0, 0, 0.54%, 1, 0, 5, 1306.27
1775272248, 2118, 20, 396, 0, 0, 0.54%, 1, 0, 5, 1470.53
1775272253, 2118, 86, 396, 0, 0, 0.54%, 1, 0, 5, 1486.51
1775272258, 2118, 156, 396, 0, 0, 0.54%, 1, 0, 5, 1523.71
1775272263, 2118, 234, 396, 0, 0, 0.54%, 1, 0, 5, 1739.01
1775272268, 2118, 313, 396, 0, 0, 0.54%, 1, 0, 5, 1544.96
1775272273, 2118, 386, 396, 0, 0, 0.54%, 1, 0, 5, 1217.00
1775272279, 2119, 67, 396, 0, 0, 0.54%, 1, 0, 5, 1413.95
1775272284, 2119, 88, 396, 0, 0, 0.54%, 1, 0, 5, 1810.95
1775272289, 2119, 177, 396, 0, 0, 0.54%, 1, 0, 5, 1531.74
1775272294, 2119, 218, 396, 0, 0, 0.54%, 1, 0, 5, 1539.67
1775272299, 2119, 287, 396, 0, 0, 0.54%, 1, 0, 5, 1443.90
1775272304, 2119, 393, 396, 0, 0, 0.54%, 1, 0, 5, 1415.27
1775272309, 2120, 57, 396, 0, 0, 0.54%, 1, 0, 5, 1400.62
1775272314, 2120, 96, 396, 0, 0, 0.54%, 1, 0, 5, 1452.72
1775272319, 2120, 152, 396, 0, 0, 0.54%, 1, 0, 5, 1456.88
1775272324, 2120, 287, 396, 0, 0, 0.54%, 1, 0, 5, 1464.15
1775272329, 2120, 395, 396, 0, 0, 0.54%, 1, 0, 5, 1373.27
1775272335, 2121, 23, 396, 0, 0, 0.54%, 1, 0, 5, 1345.72
1775272340, 2121, 86, 396, 0, 0, 0.54%, 1, 0, 5, 1503.15
1775272345, 2121, 165, 396, 0, 0, 0.54%, 1, 0, 5, 1432.77
1775272350, 2121, 304, 396, 0, 0, 0.54%, 1, 0, 5, 1422.27
1775272355, 2122, 51, 396, 0, 0, 0.54%, 1, 0, 5, 1390.53
1775272360, 2122, 86, 396, 0, 0, 0.54%, 1, 0, 5, 1556.79
1775272365, 2122, 158, 396, 0, 0, 0.54%, 1, 0, 5, 1477.78
1775272370, 2122, 304, 396, 0, 0, 0.54%, 1, 0, 5, 1422.52
1775272375, 2123, 14, 396, 0, 0, 0.54%, 1, 0, 5, 1506.34
1775272380, 2123, 73, 396, 0, 0, 0.54%, 1, 0, 5, 1407.85
1775272385, 2123, 103, 396, 0, 0, 0.54%, 1, 0, 5, 1522.35
1775272391, 2123, 158, 396, 0, 0, 0.54%, 1, 0, 5, 1530.49
1775272396, 2123, 256, 396, 0, 0, 0.54%, 1, 0, 5, 1443.15
1775272401, 2123, 382, 396, 0, 0, 0.54%, 1, 0, 5, 1339.90
1775272406, 2124, 86, 396, 0, 0, 0.54%, 1, 0, 5, 1475.23
1775272411, 2124, 140, 396, 0, 0, 0.54%, 1, 0, 5, 1516.87
1775272416, 2124, 268, 396, 0, 0, 0.54%, 1, 0, 5, 1486.72
1775272421, 2124, 319, 396, 0, 0, 0.54%, 1, 0, 5, 1365.50
1775272426, 2125, 73, 396, 0, 0, 0.54%, 1, 0, 5, 1474.62
1775272431, 2125, 93, 396, 0, 0, 0.54%, 1, 0, 5, 1501.30
1775272437, 2125, 194, 396, 0, 0, 0.54%, 1, 0, 5, 1441.38
1775272442, 2125, 287, 396, 0, 0, 0.54%, 1, 0, 5, 1425.84
1775272447, 2125, 390, 396, 0, 0, 0.54%, 1, 0, 5, 1261.47
1775272452, 2126, 83, 396, 0, 0, 0.54%, 1, 0, 5, 1381.09
1775272457, 2126, 95, 396, 0, 0, 0.54%, 1, 0, 5, 1354.64
1775272462, 2126, 197, 396, 0, 0, 0.54%, 1, 0, 5, 1401.64
1775272467, 2126, 304, 396, 0, 0, 0.54%, 1, 0, 5, 1286.73
1775272472, 2127, 40, 396, 0, 0, 0.54%, 1, 0, 5, 1359.97
1775272477, 2127, 88, 396, 0, 0, 0.54%, 1, 0, 5, 1537.68
1775272482, 2127, 158, 396, 0, 0, 0.54%, 1, 0, 5, 1577.99
1775272487, 2127, 263, 396, 0, 0, 0.54%, 1, 0, 5, 1468.12
1775272493, 2127, 337, 396, 0, 0, 0.54%, 1, 0, 5, 1475.71
1775272498, 2128, 57, 396, 0, 0, 0.54%, 1, 0, 5, 1450.17
1775272503, 2128, 95, 396, 0, 0, 0.54%, 1, 0, 5, 1516.78
1775272508, 2128, 148, 396, 0, 0, 0.54%, 1, 0, 5, 1424.19
1775272513, 2128, 259, 396, 0, 0, 0.54%, 1, 0, 5, 1480.98
1775272518, 2128, 331, 396, 0, 0, 0.54%, 1, 0, 5, 1406.73
1775272523, 2129, 64, 396, 0, 0, 0.54%, 1, 0, 5, 1455.18
1775272528, 2129, 104, 396, 0, 0, 0.54%, 1, 0, 5, 1436.55
1775272534, 2129, 158, 396, 0, 0, 0.54%, 1, 0, 5, 1365.56
1775272539, 2129, 378, 396, 0, 0, 0.54%, 1, 0, 5, 1242.70
1775272544, 2130, 83, 396, 0, 0, 0.54%, 1, 0, 5, 1741.93
1775272549, 2130, 114, 396, 0, 0, 0.54%, 1, 0, 5, 1560.03
1775272554, 2130, 287, 396, 0, 0, 0.54%, 1, 0, 5, 1474.42
1775272559, 2130, 395, 396, 0, 0, 0.54%, 1, 0, 5, 1329.87
1775272564, 2131, 57, 396, 0, 0, 0.54%, 1, 0, 5, 1565.10
1775272569, 2131, 93, 396, 0, 0, 0.54%, 1, 0, 5, 1556.38
1775272574, 2131, 117, 396, 0, 0, 0.54%, 1, 0, 5, 1561.67
1775272579, 2131, 201, 396, 0, 0, 0.54%, 1, 0, 5, 1497.85
1775272584, 2131, 297, 396, 0, 0, 0.54%, 1, 0, 5, 1437.46
1775272590, 2132, 5, 396, 0, 0, 0.54%, 1, 0, 5, 1353.98
1775272595, 2132, 79, 396, 0, 0, 0.54%, 1, 0, 5, 1548.36
1775272600, 2132, 88, 396, 0, 0, 0.54%, 1, 0, 5, 1549.90
1775272605, 2132, 200, 396, 0, 0, 0.54%, 1, 0, 5, 1500.43
1775272610, 2132, 281, 396, 0, 0, 0.54%, 1, 0, 5, 1602.26
1775272615, 2132, 337, 396, 0, 0, 0.54%, 1, 0, 5, 1355.73
1775272620, 2133, 30, 396, 0, 0, 0.54%, 1, 0, 5, 1223.76
1775272625, 2133, 83, 396, 0, 0, 0.54%, 1, 0, 5, 1334.97
1775272630, 2133, 106, 396, 0, 0, 0.54%, 1, 0, 5, 1505.61
1775272636, 2133, 166, 396, 0, 0, 0.54%, 1, 0, 5, 1438.51
1775272641, 2133, 253, 396, 0, 0, 0.54%, 1, 0, 5, 1442.35
1775272646, 2133, 337, 396, 0, 0, 0.54%, 1, 0, 5, 1397.99
1775272651, 2134, 51, 396, 0, 0, 0.54%, 1, 0, 5, 1490.02
1775272656, 2134, 88, 396, 0, 0, 0.54%, 1, 0, 5, 1551.23
1775272661, 2134, 114, 396, 0, 0, 0.54%, 1, 0, 5, 1381.23
1775272666, 2134, 201, 396, 0, 0, 0.54%, 1, 0, 5, 1484.83
1775272671, 2134, 311, 396, 0, 0, 0.54%, 1, 0, 5, 1400.08
1775272677, 2135, 51, 396, 0, 0, 0.54%, 1, 0, 5, 1409.00
1775272682, 2135, 86, 396, 0, 0, 0.54%, 1, 0, 5, 1543.24
1775272687, 2135, 194, 396, 0, 0, 0.54%, 1, 0, 5, 1482.80
1775272692, 2135, 233, 396, 0, 0, 0.54%, 1, 0, 5, 1476.57
1775272697, 2135, 311, 396, 0, 0, 0.54%, 1, 0, 5, 1449.69
1775272702, 2136, 50, 396, 0, 0, 0.54%, 1, 0, 5, 1391.58
1775272707, 2136, 77, 396, 0, 0, 0.54%, 1, 0, 5, 1414.09
1775272712, 2136, 93, 396, 0, 0, 0.54%, 1, 0, 5, 1578.10
1775272717, 2136, 158, 396, 0, 0, 0.54%, 1, 0, 5, 1482.84
1775272722, 2136, 287, 396, 0, 0, 0.54%, 1, 0, 5, 1574.74
1775272728, 2137, 31, 396, 0, 0, 0.54%, 1, 0, 5, 1503.73
1775272733, 2137, 83, 396, 0, 0, 0.54%, 1, 0, 5, 1442.77
1775272738, 2137, 117, 396, 0, 0, 0.54%, 1, 0, 5, 1452.68
1775272743, 2137, 227, 396, 0, 0, 0.54%, 1, 0, 5, 1480.71
1775272748, 2137, 276, 396, 0, 0, 0.54%, 1, 0, 5, 1452.56
1775272753, 2137, 349, 396, 0, 0, 0.54%, 1, 0, 5, 1387.79
1775272758, 2138, 57, 396, 0, 0, 0.54%, 1, 0, 5, 1482.16
1775272763, 2138, 88, 396, 0, 0, 0.54%, 1, 0, 5, 1504.22
1775272768, 2138, 158, 396, 0, 0, 0.54%, 1, 0, 5, 1483.17
1775272774, 2138, 304, 396, 0, 0, 0.54%, 1, 0, 5, 1428.84
1775272779, 2139, 47, 396, 0, 0, 0.54%, 1, 0, 5, 1485.86
1775272784, 2139, 75, 396, 0, 0, 0.54%, 1, 0, 5, 1426.64
1775272789, 2139, 106, 396, 0, 0, 0.54%, 1, 0, 5, 1489.88
1775272794, 2139, 251, 396, 0, 0, 0.54%, 1, 0, 5, 1344.75
1775272799, 2139, 337, 396, 0, 0, 0.54%, 1, 0, 5, 1338.04
1775272804, 2140, 84, 396, 0, 0, 0.54%, 1, 0, 5, 1515.35
1775272809, 2140, 97, 396, 0, 0, 0.54%, 1, 0, 5, 1531.06
1775272814, 2140, 187, 396, 0, 0, 0.54%, 1, 0, 5, 1463.76
1775272820, 2140, 277, 396, 0, 0, 0.54%, 1, 0, 5, 1387.61
1775272825, 2140, 331, 396, 0, 0, 0.54%, 1, 0, 5, 1409.65
1775272830, 2140, 389, 396, 0, 0, 0.54%, 1, 0, 5, 1492.02
1775272835, 2141, 25, 396, 0, 0, 0.54%, 1, 0, 5, 1502.90
1775272840, 2141, 73, 396, 0, 0, 0.54%, 1, 0, 5, 1530.05
1775272845, 2141, 106, 396, 0, 0, 0.54%, 1, 0, 5, 1319.18
1775272850, 2141, 244, 396, 0, 0, 0.54%, 1, 0, 5, 1155.96
1775272855, 2141, 304, 396, 0, 0, 0.54%, 1, 0, 5, 1259.51
1775272860, 2142, 46, 396, 0, 0, 0.54%, 1, 0, 5, 1368.20
1775272866, 2142, 83, 396, 0, 0, 0.54%, 1, 0, 5, 1700.25
1775272871, 2142, 106, 396, 0, 0, 0.54%, 1, 0, 5, 1559.89
1775272876, 2142, 161, 396, 0, 0, 0.54%, 1, 0, 5, 1501.97
1775272881, 2142, 304, 396, 0, 0, 0.54%, 1, 0, 5, 1420.15
1775272886, 2142, 355, 396, 0, 0, 0.54%, 1, 0, 5, 1384.29
1775272891, 2143, 57, 396, 0, 0, 0.54%, 1, 0, 5, 1508.30
1775272896, 2143, 106, 396, 0, 0, 0.54%, 1, 0, 5, 1576.88
1775272901, 2143, 208, 396, 0, 0, 0.54%, 1, 0, 5, 1520.73
1775272907, 2143, 312, 396, 0, 0, 0.54%, 1, 0, 5, 1325.66
1775272912, 2144, 46, 396, 0, 0, 0.54%, 1, 0, 5, 1410.47
1775272917, 2144, 88, 396, 0, 0, 0.54%, 1, 0, 5, 1541.71
1775272922, 2144, 197, 396, 0, 0, 0.54%, 1, 0, 5, 1511.60
1775272927, 2144, 312, 396, 0, 0, 0.54%, 1, 0, 5, 1422.60
1775272932, 2145, 8, 396, 0, 0, 0.54%, 1, 0, 5, 1317.30
1775272937, 2145, 68, 396, 0, 0, 0.54%, 1, 0, 5, 1532.00
1775272942, 2145, 88, 396, 0, 0, 0.54%, 1, 0, 5, 1494.31
1775272947, 2145, 287, 396, 0, 0, 0.54%, 1, 0, 5, 1044.08
1775272952, 2145, 354, 396, 0, 0, 0.54%, 1, 0, 5, 1229.99
1775272958, 2146, 51, 396, 0, 0, 0.54%, 1, 0, 5, 1454.86
1775272963, 2146, 88, 396, 0, 0, 0.54%, 1, 0, 5, 1571.37
1775272968, 2146, 158, 396, 0, 0, 0.54%, 1, 0, 5, 1501.43
1775272973, 2146, 312, 396, 0, 0, 0.54%, 1, 0, 5, 1488.57
1775272978, 2147, 51, 396, 0, 0, 0.54%, 1, 0, 5, 1402.21
1775272983, 2147, 83, 396, 0, 0, 0.54%, 1, 0, 5, 1503.25
1775272988, 2147, 144, 396, 0, 0, 0.54%, 1, 0, 5, 1502.72
1775272993, 2147, 224, 396, 0, 0, 0.54%, 1, 0, 5, 1408.94
1775272998, 2147, 287, 396, 0, 0, 0.54%, 1, 0, 5, 1430.70
1775273003, 2148, 29, 396, 0, 0, 0.54%, 1, 0, 5, 1453.34
1775273008, 2148, 88, 396, 0, 0, 0.54%, 1, 0, 5, 1519.82
1775273013, 2148, 124, 396, 0, 0, 0.54%, 1, 0, 5, 1463.65
1775273019, 2148, 282, 396, 0, 0, 0.54%, 1, 0, 5, 1481.84
1775273024, 2148, 319, 396, 0, 0, 0.54%, 1, 0, 5, 1489.28
1775273029, 2148, 394, 396, 0, 0, 0.54%, 1, 0, 5, 1332.52
1775273034, 2149, 70, 396, 0, 0, 0.54%, 1, 0, 5, 1373.67
1775273039, 2149, 106, 396, 0, 0, 0.54%, 1, 0, 5, 1492.19
1775273044, 2149, 193, 396, 0, 0, 0.54%, 1, 0, 5, 1495.11
1775273049, 2149, 233, 396, 0, 0, 0.54%, 1, 0, 5, 1437.17
1775273054, 2149, 275, 396, 0, 0, 0.54%, 1, 0, 5, 1438.09
1775273059, 2149, 317, 396, 0, 0, 0.54%, 1, 0, 5, 1419.28
1775273064, 2150, 30, 396, 0, 0, 0.54%, 1, 0, 5, 1418.24
1775273070, 2150, 86, 396, 0, 0, 0.54%, 1, 0, 5, 1429.90
1775273075, 2150, 112, 396, 0, 0, 0.54%, 1, 0, 5, 1713.93
1775273080, 2150, 180, 396, 0, 0, 0.54%, 1, 0, 5, 1525.92
1775273085, 2150, 301, 396, 0, 0, 0.54%, 1, 0, 5, 1452.31
1775273090, 2151, 4, 396, 0, 0, 0.54%, 1, 0, 5, 1252.38
1775273095, 2151, 72, 396, 0, 0, 0.54%, 1, 0, 5, 1563.76
1775273100, 2151, 106, 396, 0, 0, 0.54%, 1, 0, 5, 1496.18
1775273105, 2151, 169, 396, 0, 0, 0.54%, 1, 0, 5, 1509.14
1775273111, 2151, 286, 396, 0, 0, 0.54%, 1, 0, 5, 1381.59
1775273116, 2151, 344, 396, 0, 0, 0.54%, 1, 0, 5, 1359.89
1775273121, 2152, 83, 396, 0, 0, 0.54%, 1, 0, 5, 1728.28
1775273126, 2152, 149, 396, 0, 0, 0.54%, 1, 0, 5, 1534.40
1775273131, 2152, 235, 396, 0, 0, 0.54%, 1, 0, 5, 1474.32
1775273136, 2152, 336, 396, 0, 0, 0.54%, 1, 0, 5, 1498.68
1775273141, 2153, 57, 396, 0, 0, 0.54%, 1, 0, 5, 1429.29
1775273146, 2153, 91, 396, 0, 0, 0.54%, 1, 0, 5, 1525.87
1775273151, 2153, 169, 396, 0, 0, 0.54%, 1, 0, 5, 1524.35
1775273156, 2153, 320, 396, 0, 0, 0.54%, 1, 0, 5, 1507.55
1775273162, 2154, 54, 396, 0, 0, 0.54%, 1, 0, 5, 1350.92
1775273167, 2154, 80, 396, 0, 0, 0.54%, 1, 0, 5, 1450.51
1775273172, 2154, 106, 396, 0, 0, 0.54%, 1, 0, 5, 1448.85
1775273177, 2154, 175, 396, 0, 0, 0.54%, 1, 0, 5, 1449.08
1775273182, 2154, 247, 396, 0, 0, 0.54%, 1, 0, 5, 1441.57
1775273187, 2154, 354, 396, 0, 0, 0.54%, 1, 0, 5, 1357.64
1775273192, 2155, 83, 396, 0, 0, 0.54%, 1, 0, 5, 1548.14
1775273197, 2155, 117, 396, 0, 0, 0.54%, 1, 0, 5, 1516.91
1775273202, 2155, 312, 396, 0, 0, 0.54%, 1, 0, 5, 1553.94
1775273207, 2156, 51, 396, 0, 0, 0.54%, 1, 0, 5, 1362.88
1775273212, 2156, 88, 396, 0, 0, 0.54%, 1, 0, 5, 1520.73
1775273217, 2156, 139, 396, 0, 0, 0.54%, 1, 0, 5, 1540.00
1775273222, 2156, 254, 396, 0, 0, 0.54%, 1, 0, 5, 1468.18
1775273228, 2156, 337, 396, 0, 0, 0.54%, 1, 0, 5, 1379.47
1775273233, 2156, 389, 396, 0, 0, 0.54%, 1, 0, 5, 1449.94
1775273238, 2157, 1, 396, 0, 0, 0.54%, 1, 0, 5, 1868.95
1775273243, 2157, 51, 396, 0, 0, 0.54%, 1, 0, 5, 1655.48
1775273248, 2157, 88, 396, 0, 0, 0.54%, 1, 0, 5, 1647.36
1775273253, 2157, 136, 396, 0, 0, 0.54%, 1, 0, 5, 1505.45
1775273258, 2157, 234, 396, 0, 0, 0.54%, 1, 0, 5, 1476.91
1775273263, 2157, 304, 396, 0, 0, 0.54%, 1, 0, 5, 1339.19
1775273268, 2158, 37, 396, 0, 0, 0.54%, 1, 0, 5, 1464.39
1775273273, 2158, 86, 396, 0, 0, 0.54%, 1, 0, 5, 1379.92
1775273278, 2158, 128, 396, 0, 0, 0.54%, 1, 0, 5, 1519.00
1775273283, 2158, 158, 396, 0, 0, 0.54%, 1, 0, 5, 1585.03
1775273288, 2158, 276, 396, 0, 0, 0.54%, 1, 0, 5, 1585.15
1775273293, 2158, 304, 396, 0, 0, 0.54%, 1, 0, 5, 1488.60
1775273298, 2159, 21, 396, 0, 0, 0.54%, 1, 0, 5, 1437.68
1775273304, 2159, 86, 396, 0, 0, 0.54%, 1, 0, 5, 1480.03
1775273309, 2159, 193, 396, 0, 0, 0.54%, 1, 0, 5, 1556.24
1775273314, 2159, 233, 396, 0, 0, 0.54%, 1, 0, 5, 1441.78
1775273319, 2159, 294, 396, 0, 0, 0.54%, 1, 0, 5, 1433.42
1775273324, 2159, 365, 396, 0, 0, 0.54%, 1, 0, 5, 1281.67
1775273329, 2160, 57, 396, 0, 0, 0.54%, 1, 0, 5, 1373.00
1775273334, 2160, 93, 396, 0, 0, 0.54%, 1, 0, 5, 1516.07
1775273339, 2160, 138, 396, 0, 0, 0.54%, 1, 0, 5, 1344.67
1775273344, 2160, 199, 396, 0, 0, 0.54%, 1, 0, 5, 1469.18
1775273349, 2160, 287, 396, 0, 0, 0.54%, 1, 0, 5, 1484.08
1775273355, 2160, 343, 396, 0, 0, 0.54%, 1, 0, 5, 1390.41
1775273360, 2161, 57, 396, 0, 0, 0.54%, 1, 0, 5, 1568.35
1775273365, 2161, 93, 396, 0, 0, 0.54%, 1, 0, 5, 1560.34
1775273370, 2161, 260, 396, 0, 0, 0.54%, 1, 0, 5, 1464.07
1775273375, 2161, 312, 396, 0, 0, 0.54%, 1, 0, 5, 1382.41
1775273380, 2161, 393, 396, 0, 0, 0.54%, 1, 0, 5, 1220.81
1775273385, 2162, 83, 396, 0, 0, 0.54%, 1, 0, 5, 1439.81
1775273390, 2162, 141, 396, 0, 0, 0.54%, 1, 0, 5, 1528.78
1775273395, 2162, 311, 396, 0, 0, 0.54%, 1, 0, 5, 1414.76
1775273400, 2163, 57, 396, 0, 0, 0.54%, 1, 0, 5, 1435.22
1775273405, 2163, 86, 396, 0, 0, 0.54%, 1, 0, 5, 1594.66
1775273410, 2163, 158, 396, 0, 0, 0.54%, 1, 0, 5, 1432.28
1775273415, 2163, 233, 396, 0, 0, 0.54%, 1, 0, 5, 1494.00
1775273421, 2163, 312, 396, 0, 0, 0.54%, 1, 0, 5, 1438.78
1775273426, 2164, 67, 396, 0, 0, 0.54%, 1, 0, 5, 1479.02
1775273431, 2164, 88, 396, 0, 0, 0.54%, 1, 0, 5, 1452.36
1775273436, 2164, 190, 396, 0, 0, 0.54%, 1, 0, 5, 1504.85
1775273441, 2164, 312, 396, 0, 0, 0.54%, 1, 0, 5, 1507.76
1775273446, 2165, 52, 396, 0, 0, 0.54%, 1, 0, 5, 1458.95
1775273451, 2165, 88, 396, 0, 0, 0.54%, 1, 0, 5, 1550.35
1775273456, 2165, 145, 396, 0, 0, 0.54%, 1, 0, 5, 1487.95
1775273461, 2165, 206, 396, 0, 0, 0.54%, 1, 0, 5, 1497.54
1775273466, 2165, 329, 396, 0, 0, 0.54%, 1, 0, 5, 1444.28
1775273471, 2166, 5, 396, 0, 0, 0.54%, 1, 0, 5, 1324.55
1775273477, 2166, 83, 396, 0, 0, 0.54%, 1, 0, 5, 1364.16
1775273482, 2166, 102, 396, 0, 0, 0.54%, 1, 0, 5, 1480.45
1775273487, 2166, 158, 396, 0, 0, 0.54%, 1, 0, 5, 1385.59
1775273492, 2166, 272, 396, 0, 0, 0.54%, 1, 0, 5, 1613.11
1775273497, 2167, 0, 396, 0, 0, 0.54%, 1, 0, 5, 1462.66
1775273502, 2167, 55, 396, 0, 0, 0.54%, 1, 0, 5, 1422.02
1775273507, 2167, 86, 396, 0, 0, 0.54%, 1, 0, 5, 1374.07
1775273512, 2167, 136, 396, 0, 0, 0.54%, 1, 0, 5, 1466.30
1775273517, 2167, 186, 396, 0, 0, 0.54%, 1, 0, 5, 1460.10
1775273522, 2167, 304, 396, 0, 0, 0.54%, 1, 0, 5, 1390.30
1775273527, 2168, 51, 396, 0, 0, 0.54%, 1, 0, 5, 1431.42
1775273532, 2168, 93, 396, 0, 0, 0.54%, 1, 0, 5, 1495.62
1775273537, 2168, 160, 396, 0, 0, 0.54%, 1, 0, 5, 1517.27
1775273543, 2168, 232, 396, 0, 0, 0.54%, 1, 0, 5, 1471.29
1775273548, 2168, 393, 396, 0, 0, 0.54%, 1, 0, 5, 1451.17
1775273553, 2169, 57, 396, 0, 0, 0.54%, 1, 0, 5, 1474.47
1775273558, 2169, 92, 396, 0, 0, 0.54%, 1, 0, 5, 1382.84
1775273563, 2169, 155, 396, 0, 0, 0.54%, 1, 0, 5, 1517.43
1775273568, 2169, 263, 396, 0, 0, 0.54%, 1, 0, 5, 1417.91
1775273573, 2169, 392, 396, 0, 0, 0.54%, 1, 0, 5, 1348.98
1775273578, 2170, 62, 396, 0, 0, 0.54%, 1, 0, 5, 1618.87
1775273583, 2170, 88, 396, 0, 0, 0.54%, 1, 0, 5, 1481.05
1775273588, 2170, 163, 396, 0, 0, 0.54%, 1, 0, 5, 1435.69
1775273594, 2170, 249, 396, 0, 0, 0.54%, 1, 0, 5, 1363.07
1775273599, 2170, 311, 396, 0, 0, 0.54%, 1, 0, 5, 1459.81
1775273604, 2171, 57, 396, 0, 0, 0.54%, 1, 0, 5, 1476.88
1775273609, 2171, 88, 396, 0, 0, 0.54%, 1, 0, 5, 1431.86
1775273614, 2171, 158, 396, 0, 0, 0.54%, 1, 0, 5, 1449.87
1775273619, 2171, 244, 396, 0, 0, 0.54%, 1, 0, 5, 1532.39
1775273624, 2171, 333, 396, 0, 0, 0.54%, 1, 0, 5, 1359.61
1775273629, 2172, 57, 396, 0, 0, 0.54%, 1, 0, 5, 1333.33
1775273634, 2172, 93, 396, 0, 0, 0.54%, 1, 0, 5, 1443.26
1775273640, 2172, 139, 396, 0, 0, 0.54%, 1, 0, 5, 1330.32
1775273645, 2172, 202, 396, 0, 0, 0.54%, 1, 0, 5, 1462.99
1775273650, 2172, 310, 396, 0, 0, 0.54%, 1, 0, 5, 1406.30
1775273655, 2172, 393, 396, 0, 0, 0.54%, 1, 0, 5, 1361.90
1775273660, 2173, 57, 396, 0, 0, 0.54%, 1, 0, 5, 1490.09
1775273665, 2173, 83, 396, 0, 0, 0.54%, 1, 0, 5, 1402.99
1775273670, 2173, 136, 396, 0, 0, 0.54%, 1, 0, 5, 1540.19
1775273675, 2173, 221, 396, 0, 0, 0.54%, 1, 0, 5, 1497.54
1775273680, 2173, 312, 396, 0, 0, 0.54%, 1, 0, 5, 1452.74
1775273685, 2174, 51, 396, 0, 0, 0.54%, 1, 0, 5, 1340.74
1775273690, 2174, 75, 396, 0, 0, 0.54%, 1, 0, 5, 1543.32
1775273696, 2174, 118, 396, 0, 0, 0.54%, 1, 0, 5, 1610.40
1775273701, 2174, 269, 396, 0, 0, 0.54%, 1, 0, 5, 1469.79
1775273706, 2174, 333, 396, 0, 0, 0.54%, 1, 0, 5, 1439.13
1775273711, 2175, 57, 396, 0, 0, 0.54%, 1, 0, 5, 1428.31
1775273716, 2175, 88, 396, 0, 0, 0.54%, 1, 0, 5, 1378.96
1775273721, 2175, 158, 396, 0, 0, 0.54%, 1, 0, 5, 1444.60
1775273726, 2175, 244, 396, 0, 0, 0.54%, 1, 0, 5, 1505.16
1775273731, 2175, 311, 396, 0, 0, 0.54%, 1, 0, 5, 1436.58
1775273736, 2175, 395, 396, 0, 0, 0.54%, 1, 0, 5, 1267.43
1775273741, 2176, 83, 396, 0, 0, 0.54%, 1, 0, 5, 1413.77
1775273746, 2176, 106, 396, 0, 0, 0.54%, 1, 0, 5, 1460.66
1775273751, 2176, 250, 396, 0, 0, 0.54%, 1, 0, 5, 1377.81
1775273757, 2176, 373, 396, 0, 0, 0.54%, 1, 0, 5, 1390.39
1775273762, 2177, 46, 396, 0, 0, 0.54%, 1, 0, 5, 1431.43
1775273767, 2177, 76, 396, 0, 0, 0.54%, 1, 0, 5, 1491.34
1775273772, 2177, 134, 396, 0, 0, 0.54%, 1, 0, 5, 1484.36
1775273777, 2177, 225, 396, 0, 0, 0.54%, 1, 0, 5, 1365.04
1775273782, 2177, 317, 396, 0, 0, 0.54%, 1, 0, 5, 1431.08
1775273787, 2178, 46, 396, 0, 0, 0.54%, 1, 0, 5, 1402.41
1775273792, 2178, 83, 396, 0, 0, 0.54%, 1, 0, 5, 1418.44
1775273797, 2178, 99, 396, 0, 0, 0.54%, 1, 0, 5, 1367.76
1775273802, 2178, 158, 396, 0, 0, 0.54%, 1, 0, 5, 1596.59
1775273807, 2178, 333, 396, 0, 0, 0.54%, 1, 0, 5, 1488.64
1775273813, 2179, 73, 396, 0, 0, 0.54%, 1, 0, 5, 1696.89
1775273818, 2179, 93, 396, 0, 0, 0.54%, 1, 0, 5, 1554.70
1775273823, 2179, 136, 396, 0, 0, 0.54%, 1, 0, 5, 1543.41
1775273828, 2179, 255, 396, 0, 0, 0.54%, 1, 0, 5, 1438.84
1775273833, 2179, 312, 396, 0, 0, 0.54%, 1, 0, 5, 1418.66
1775273838, 2180, 57, 396, 0, 0, 0.54%, 1, 0, 5, 1531.95
1775273843, 2180, 93, 396, 0, 0, 0.54%, 1, 0, 5, 1524.41
1775273848, 2180, 226, 396, 0, 0, 0.54%, 1, 0, 5, 1417.23
1775273853, 2180, 337, 396, 0, 0, 0.54%, 1, 0, 5, 1356.87
1775273858, 2181, 80, 396, 0, 0, 0.54%, 1, 0, 5, 1358.64
1775273864, 2181, 106, 396, 0, 0, 0.54%, 1, 0, 5, 1479.10
1775273869, 2181, 201, 396, 0, 0, 0.54%, 1, 0, 5, 1534.26
1775273874, 2181, 312, 396, 0, 0, 0.54%, 1, 0, 5, 1441.53
1775273879, 2182, 57, 396, 0, 0, 0.54%, 1, 0, 5, 1425.14
1775273884, 2182, 88, 396, 0, 0, 0.54%, 1, 0, 5, 1563.26
1775273889, 2182, 106, 396, 0, 0, 0.54%, 1, 0, 5, 1385.04
1775273894, 2182, 200, 396, 0, 0, 0.54%, 1, 0, 5, 1494.77
1775273899, 2182, 304, 396, 0, 0, 0.54%, 1, 0, 5, 1447.88
1775273905, 2182, 337, 396, 0, 0, 0.54%, 1, 0, 5, 1423.21
1775273910, 2183, 42, 396, 0, 0, 0.54%, 1, 0, 5, 1304.91
1775273915, 2183, 86, 396, 0, 0, 0.54%, 1, 0, 5, 1366.72
1775273920, 2183, 167, 396, 0, 0, 0.54%, 1, 0, 5, 1464.09
1775273925, 2183, 271, 396, 0, 0, 0.54%, 1, 0, 5, 1605.39
1775273930, 2183, 377, 396, 0, 0, 0.54%, 1, 0, 5, 1402.77
1775273935, 2184, 86, 396, 0, 0, 0.54%, 1, 0, 5, 1535.78
1775273940, 2184, 116, 396, 0, 0, 0.54%, 1, 0, 5, 1539.24
1775273945, 2184, 284, 396, 0, 0, 0.54%, 1, 0, 5, 1435.17
1775273950, 2184, 337, 396, 0, 0, 0.54%, 1, 0, 5, 1491.79
1775273956, 2185, 47, 396, 0, 0, 0.54%, 1, 0, 5, 1329.84
1775273961, 2185, 69, 396, 0, 0, 0.54%, 1, 0, 5, 1367.97
1775273966, 2185, 93, 396, 0, 0, 0.54%, 1, 0, 5, 1527.66
1775273971, 2185, 145, 396, 0, 0, 0.54%, 1, 0, 5, 1330.42
1775273976, 2185, 260, 396, 0, 0, 0.54%, 1, 0, 5, 1362.83
1775273981, 2185, 333, 396, 0, 0, 0.54%, 1, 0, 5, 1286.84
1775273986, 2186, 57, 396, 0, 0, 0.54%, 1, 0, 5, 1311.75
1775273991, 2186, 93, 396, 0, 0, 0.54%, 1, 0, 5, 1405.33
1775273996, 2186, 143, 396, 0, 0, 0.54%, 1, 0, 5, 1438.14
1775274002, 2186, 218, 396, 0, 0, 0.54%, 1, 0, 5, 1482.99
1775274007, 2186, 387, 396, 0, 0, 0.54%, 1, 0, 5, 1434.96
1775274012, 2187, 57, 396, 0, 0, 0.54%, 1, 0, 5, 1414.21
1775274017, 2187, 94, 396, 0, 0, 0.54%, 1, 0, 5, 1545.87
1775274022, 2187, 190, 396, 0, 0, 0.54%, 1, 0, 5, 1301.37
1775274027, 2187, 212, 396, 0, 0, 0.54%, 1, 0, 5, 1382.94
1775274032, 2187, 311, 396, 0, 0, 0.54%, 1, 0, 5, 1536.06
1775274037, 2188, 36, 396, 0, 0, 0.54%, 1, 0, 5, 1327.83
1775274042, 2188, 88, 396, 0, 0, 0.54%, 1, 0, 5, 1408.39
1775274047, 2188, 158, 396, 0, 0, 0.54%, 1, 0, 5, 1440.83
1775274052, 2188, 304, 396, 0, 0, 0.54%, 1, 0, 5, 1318.62
1775274057, 2189, 44, 396, 0, 0, 0.54%, 1, 0, 5, 1392.74
1775274062, 2189, 88, 396, 0, 0, 0.54%, 1, 0, 5, 1467.99
1775274068, 2189, 145, 396, 0, 0, 0.54%, 1, 0, 5, 1452.70
1775274073, 2189, 294, 396, 0, 0, 0.54%, 1, 0, 5, 1483.20
1775274078, 2189, 376, 396, 0, 0, 0.54%, 1, 0, 5, 1331.43
1775274083, 2190, 51, 396, 0, 0, 0.54%, 1, 0, 5, 1462.75
1775274088, 2190, 83, 396, 0, 0, 0.54%, 1, 0, 5, 1487.03
1775274093, 2190, 145, 396, 0, 0, 0.54%, 1, 0, 5, 1513.52
1775274098, 2190, 239, 396, 0, 0, 0.54%, 1, 0, 5, 1610.41
1775274103, 2190, 283, 396, 0, 0, 0.54%, 1, 0, 5, 1516.76
1775274108, 2190, 383, 396, 0, 0, 0.54%, 1, 0, 5, 1320.33
1775274114, 2191, 34, 396, 0, 0, 0.54%, 1, 0, 5, 1440.97
1775274119, 2191, 83, 396, 0, 0, 0.54%, 1, 0, 5, 1504.24
1775274124, 2191, 102, 396, 0, 0, 0.54%, 1, 0, 5, 1547.68
1775274129, 2191, 130, 396, 0, 0, 0.54%, 1, 0, 5, 1463.21
1775274134, 2191, 233, 396, 0, 0, 0.54%, 1, 0, 5, 1537.59
1775274139, 2191, 289, 396, 0, 0, 0.54%, 1, 0, 5, 1512.97
1775274144, 2191, 337, 396, 0, 0, 0.54%, 1, 0, 5, 1443.40
1775274149, 2192, 59, 396, 0, 0, 0.54%, 1, 0, 5, 1462.26
1775274154, 2192, 93, 396, 0, 0, 0.54%, 1, 0, 5, 1562.38
1775274159, 2192, 207, 396, 0, 0, 0.54%, 1, 0, 5, 1518.00
1775274164, 2192, 315, 396, 0, 0, 0.54%, 1, 0, 5, 1481.82
1775274170, 2193, 34, 396, 0, 0, 0.54%, 1, 0, 5, 1579.15
1775274175, 2193, 86, 396, 0, 0, 0.54%, 1, 0, 5, 1563.44
1775274180, 2193, 147, 396, 0, 0, 0.54%, 1, 0, 5, 1503.02
1775274185, 2193, 243, 396, 0, 0, 0.54%, 1, 0, 5, 1611.31
1775274190, 2193, 317, 396, 0, 0, 0.54%, 1, 0, 5, 1425.55
1775274195, 2194, 46, 396, 0, 0, 0.54%, 1, 0, 5, 1411.11
1775274200, 2194, 93, 396, 0, 0, 0.54%, 1, 0, 5, 1554.60
1775274205, 2194, 120, 396, 0, 0, 0.54%, 1, 0, 5, 1305.08
1775274210, 2194, 197, 396, 0, 0, 0.54%, 1, 0, 5, 1467.84
1775274215, 2194, 297, 396, 0, 0, 0.54%, 1, 0, 5, 1337.57
1775274220, 2194, 393, 396, 0, 0, 0.54%, 1, 0, 5, 1306.19
1775274226, 2195, 65, 396, 0, 0, 0.54%, 1, 0, 5, 1458.64
1775274231, 2195, 93, 396, 0, 0, 0.54%, 1, 0, 5, 1476.91
1775274236, 2195, 257, 396, 0, 0, 0.54%, 1, 0, 5, 1518.29
1775274241, 2195, 296, 396, 0, 0, 0.54%, 1, 0, 5, 1338.51
1775274246, 2196, 5, 396, 0, 0, 0.54%, 1, 0, 5, 1646.77
1775274251, 2196, 51, 396, 0, 0, 0.54%, 1, 0, 5, 1503.78
1775274256, 2196, 86, 396, 0, 0, 0.54%, 1, 0, 5, 1512.30
1775274261, 2196, 145, 396, 0, 0, 0.54%, 1, 0, 5, 1518.38
1775274266, 2196, 181, 396, 0, 0, 0.54%, 1, 0, 5, 1423.73
1775274271, 2196, 347, 396, 0, 0, 0.54%, 1, 0, 5, 1362.35
1775274276, 2196, 389, 396, 0, 0, 0.54%, 1, 0, 5, 1242.94
1775274282, 2197, 42, 396, 0, 0, 0.54%, 1, 0, 5, 1326.64
1775274287, 2197, 73, 396, 0, 0, 0.54%, 1, 0, 5, 1520.56
1775274292, 2197, 100, 396, 0, 0, 0.54%, 1, 0, 5, 1511.42
1775274297, 2197, 249, 396, 0, 0, 0.54%, 1, 0, 5, 1595.77
1775274302, 2197, 337, 396, 0, 0, 0.54%, 1, 0, 5, 1422.57
1775274307, 2198, 83, 396, 0, 0, 0.54%, 1, 0, 5, 1460.55
1775274313, 2198, 106, 396, 0, 0, 0.54%, 1, 0, 5, 1542.02
1775274318, 2198, 175, 396, 0, 0, 0.54%, 1, 0, 5, 1505.79
1775274323, 2198, 311, 396, 0, 0, 0.54%, 1, 0, 5, 1365.23
1775274328, 2199, 57, 396, 0, 0, 0.54%, 1, 0, 5, 1422.89
1775274333, 2199, 101, 396, 0, 0, 0.54%, 1, 0, 5, 1527.67
1775274338, 2199, 122, 396, 0, 0, 0.54%, 1, 0, 5, 1470.05
1775274343, 2199, 212, 396, 0, 0, 0.54%, 1, 0, 5, 1451.13
1775274348, 2199, 362, 396, 0, 0, 0.54%, 1, 0, 5, 1418.98
1775274353, 2200, 83, 396, 0, 0, 0.54%, 1, 0, 5, 1503.26
1775274358, 2200, 121, 396, 0, 0, 0.54%, 1, 0, 5, 1442.40
1775274363, 2200, 193, 396, 0, 0, 0.54%, 1, 0, 5, 1393.53
1775274368, 2200, 312, 396, 0, 0, 0.54%, 1, 0, 5, 1414.07
1775274373, 2201, 5, 396, 0, 0, 0.54%, 1, 0, 5, 1298.38
1775274379, 2201, 83, 396, 0, 0, 0.54%, 1, 0, 5, 1479.02
1775274384, 2201, 106, 396, 0, 0, 0.54%, 1, 0, 5, 1463.93
1775274389, 2201, 200, 396, 0, 0, 0.54%, 1, 0, 5, 1455.40
1775274394, 2201, 337, 396, 0, 0, 0.54%, 1, 0, 5, 1424.70
1775274399, 2202, 66, 396, 0, 0, 0.54%, 1, 0, 5, 1484.55
1775274404, 2202, 88, 396, 0, 0, 0.54%, 1, 0, 5, 1532.83
1775274409, 2202, 124, 396, 0, 0, 0.54%, 1, 0, 5, 1516.29
1775274414, 2202, 204, 396, 0, 0, 0.54%, 1, 0, 5, 1515.21
1775274419, 2202, 293, 396, 0, 0, 0.54%, 1, 0, 5, 1473.75
1775274425, 2203, 27, 396, 0, 0, 0.54%, 1, 0, 5, 1465.44
1775274430, 2203, 73, 396, 0, 0, 0.54%, 1, 0, 5, 1352.86
1775274435, 2203, 88, 396, 0, 0, 0.54%, 1, 0, 5, 1458.04
1775274440, 2203, 206, 396, 0, 0, 0.54%, 1, 0, 5, 1549.34
1775274445, 2203, 307, 396, 0, 0, 0.54%, 1, 0, 5, 1286.39
1775274450, 2204, 4, 396, 0, 0, 0.54%, 1, 0, 5, 1286.91
1775274455, 2204, 75, 396, 0, 0, 0.54%, 1, 0, 5, 1448.36
1775274460, 2204, 98, 396, 0, 0, 0.54%, 1, 0, 5, 1451.38
1775274465, 2204, 138, 396, 0, 0, 0.54%, 1, 0, 5, 1470.75
1775274470, 2204, 260, 396, 0, 0, 0.54%, 1, 0, 5, 1596.97
1775274475, 2204, 279, 396, 0, 0, 0.54%, 1, 0, 5, 1512.00
1775274480, 2204, 313, 396, 0, 0, 0.54%, 1, 0, 5, 1435.52
1775274486, 2204, 391, 396, 0, 0, 0.54%, 1, 0, 5, 1248.09
1775274491, 2205, 86, 396, 0, 0, 0.54%, 1, 0, 5, 1353.11
1775274496, 2205, 155, 396, 0, 0, 0.54%, 1, 0, 5, 1388.70
1775274501, 2205, 306, 396, 0, 0, 0.54%, 1, 0, 5, 1391.54
1775274506, 2206, 27, 396, 0, 0, 0.54%, 1, 0, 5, 1476.39
1775274511, 2206, 86, 396, 0, 0, 0.54%, 1, 0, 5, 1450.08
1775274516, 2206, 106, 396, 0, 0, 0.54%, 1, 0, 5, 1297.27
1775274521, 2206, 143, 396, 0, 0, 0.54%, 1, 0, 5, 1455.49
1775274526, 2206, 217, 396, 0, 0, 0.54%, 1, 0, 5, 1392.86
1775274531, 2206, 312, 396, 0, 0, 0.54%, 1, 0, 5, 1321.67
1775274536, 2207, 43, 396, 0, 0, 0.54%, 1, 0, 5, 1363.77
1775274542, 2207, 88, 396, 0, 0, 0.54%, 1, 0, 5, 1552.12
1775274547, 2207, 121, 396, 0, 0, 0.54%, 1, 0, 5, 1492.27
1775274552, 2207, 264, 396, 0, 0, 0.54%, 1, 0, 5, 1650.03
1775274557, 2207, 337, 396, 0, 0, 0.54%, 1, 0, 5, 1481.57
1775274562, 2208, 57, 396, 0, 0, 0.54%, 1, 0, 5, 1512.38
1775274567, 2208, 88, 396, 0, 0, 0.54%, 1, 0, 5, 1410.42
1775274572, 2208, 213, 396, 0, 0, 0.54%, 1, 0, 5, 1371.79
1775274577, 2208, 310, 396, 0, 0, 0.54%, 1, 0, 5, 1323.78
1775274582, 2209, 32, 396, 0, 0, 0.54%, 1, 0, 5, 1425.64
1775274587, 2209, 78, 396, 0, 0, 0.54%, 1, 0, 5, 1540.79
1775274593, 2209, 119, 396, 0, 0, 0.54%, 1, 0, 5, 1487.32
1775274598, 2209, 172, 396, 0, 0, 0.54%, 1, 0, 5, 1409.54
1775274603, 2209, 283, 396, 0, 0, 0.54%, 1, 0, 5, 1529.39
1775274608, 2209, 333, 396, 0, 0, 0.54%, 1, 0, 5, 1324.52
1775274613, 2210, 73, 396, 0, 0, 0.54%, 1, 0, 5, 1373.85
1775274618, 2210, 93, 396, 0, 0, 0.54%, 1, 0, 5, 1435.23
1775274623, 2210, 175, 396, 0, 0, 0.54%, 1, 0, 5, 1525.27
1775274628, 2210, 264, 396, 0, 0, 0.54%, 1, 0, 5, 1372.60
1775274633, 2210, 314, 396, 0, 0, 0.54%, 1, 0, 5, 1359.10
1775274639, 2211, 51, 396, 0, 0, 0.54%, 1, 0, 5, 1435.29
1775274644, 2211, 93, 396, 0, 0, 0.54%, 1, 0, 5, 1508.49
1775274649, 2211, 214, 396, 0, 0, 0.54%, 1, 0, 5, 1399.72
1775274654, 2211, 333, 396, 0, 0, 0.54%, 1, 0, 5, 1439.67
1775274659, 2212, 73, 396, 0, 0, 0.54%, 1, 0, 5, 1371.10
1775274664, 2212, 106, 396, 0, 0, 0.54%, 1, 0, 5, 1540.83
1775274669, 2212, 158, 396, 0, 0, 0.54%, 1, 0, 5, 1380.11
1775274674, 2212, 244, 396, 0, 0, 0.54%, 1, 0, 5, 1315.76
1775274680, 2212, 326, 396, 0, 0, 0.54%, 1, 0, 5, 1330.27
1775274685, 2213, 31, 396, 0, 0, 0.54%, 1, 0, 5, 1291.51
1775274690, 2213, 86, 396, 0, 0, 0.54%, 1, 0, 5, 1545.43
1775274695, 2213, 158, 396, 0, 0, 0.54%, 1, 0, 5, 1495.78
1775274700, 2213, 318, 396, 0, 0, 0.54%, 1, 0, 5, 1457.78
1775274705, 2214, 9, 396, 0, 0, 0.54%, 1, 0, 5, 1419.95
1775274710, 2214, 56, 396, 0, 0, 0.54%, 1, 0, 5, 1471.73
1775274715, 2214, 90, 396, 0, 0, 0.54%, 1, 0, 5, 1550.03
1775274720, 2214, 139, 396, 0, 0, 0.54%, 1, 0, 5, 1496.24
1775274726, 2214, 273, 396, 0, 0, 0.54%, 1, 0, 5, 1468.44
1775274731, 2214, 333, 396, 0, 0, 0.54%, 1, 0, 5, 1363.92
1775274736, 2215, 57, 396, 0, 0, 0.54%, 1, 0, 5, 1362.36
1775274741, 2215, 93, 396, 0, 0, 0.54%, 1, 0, 5, 1586.72
1775274746, 2215, 203, 396, 0, 0, 0.54%, 1, 0, 5, 1458.67
1775274751, 2215, 287, 396, 0, 0, 0.54%, 1, 0, 5, 1371.54
1775274756, 2216, 20, 396, 0, 0, 0.54%, 1, 0, 5, 1425.38
1775274761, 2216, 61, 396, 0, 0, 0.54%, 1, 0, 5, 1478.51
1775274766, 2216, 87, 396, 0, 0, 0.54%, 1, 0, 5, 1497.52
1775274771, 2216, 139, 396, 0, 0, 0.54%, 1, 0, 5, 1311.12
1775274777, 2216, 244, 396, 0, 0, 0.54%, 1, 0, 5, 1459.78
1775274782, 2216, 287, 396, 0, 0, 0.54%, 1, 0, 5, 1506.29
1775274787, 2216, 389, 396, 0, 0, 0.54%, 1, 0, 5, 1437.91
1775274797, 2217, 60, 396, 0, 0, 0.54%, 1, 0, 5, 1410.07
1775274802, 2217, 88, 396, 0, 0, 0.54%, 1, 0, 5, 1422.38
1775274807, 2217, 156, 396, 0, 0, 0.54%, 1, 0, 5, 1351.88
1775274812, 2217, 260, 396, 0, 0, 0.54%, 1, 0, 5, 1501.77
1775274817, 2217, 321, 396, 0, 0, 0.54%, 1, 0, 5, 1451.19
1775274823, 2218, 32, 396, 0, 0, 0.54%, 1, 0, 5, 1404.70
1775274828, 2218, 81, 396, 0, 0, 0.54%, 1, 0, 5, 1428.71
1775274833, 2218, 106, 396, 0, 0, 0.54%, 1, 0, 5, 1417.51
1775274838, 2218, 202, 396, 0, 0, 0.54%, 1, 0, 5, 1536.50
1775274843, 2218, 287, 396, 0, 0, 0.54%, 1, 0, 5, 1459.42
1775274848, 2218, 393, 396, 0, 0, 0.54%, 1, 0, 5, 1359.36
1775274853, 2219, 51, 396, 0, 0, 0.54%, 1, 0, 5, 1345.25
1775274858, 2219, 88, 396, 0, 0, 0.54%, 1, 0, 5, 1532.79
1775274863, 2219, 254, 396, 0, 0, 0.54%, 1, 0, 5, 1570.45
1775274868, 2219, 312, 396, 0, 0, 0.54%, 1, 0, 5, 1425.91
1775274873, 2220, 28, 396, 0, 0, 0.54%, 1, 0, 5, 1361.36
1775274878, 2220, 86, 396, 0, 0, 0.54%, 1, 0, 5, 1480.64
1775274883, 2220, 160, 396, 0, 0, 0.54%, 1, 0, 5, 1495.63
1775274889, 2220, 251, 396, 0, 0, 0.54%, 1, 0, 5, 1464.07
1775274894, 2220, 304, 396, 0, 0, 0.54%, 1, 0, 5, 1451.35
1775274899, 2220, 341, 396, 0, 0, 0.54%, 1, 0, 5, 1359.96
1775274904, 2221, 57, 396, 0, 0, 0.54%, 1, 0, 5, 1377.74
1775274909, 2221, 86, 396, 0, 0, 0.54%, 1, 0, 5, 1472.81
1775274914, 2221, 139, 396, 0, 0, 0.54%, 1, 0, 5, 1487.88
1775274919, 2221, 333, 396, 0, 0, 0.54%, 1, 0, 5, 1507.95
1775274924, 2222, 55, 396, 0, 0, 0.54%, 1, 0, 5, 1421.97
1775274929, 2222, 86, 396, 0, 0, 0.54%, 1, 0, 5, 1487.13
1775274934, 2222, 188, 396, 0, 0, 0.54%, 1, 0, 5, 1542.97
1775274940, 2222, 304, 396, 0, 0, 0.54%, 1, 0, 5, 1418.38
1775274945, 2222, 378, 396, 0, 0, 0.54%, 1, 0, 5, 1249.76
1775274950, 2223, 57, 396, 0, 0, 0.54%, 1, 0, 5, 1429.92
1775274955, 2223, 88, 396, 0, 0, 0.54%, 1, 0, 5, 1388.26
1775274960, 2223, 190, 396, 0, 0, 0.54%, 1, 0, 5, 1517.54
1775274965, 2223, 304, 396, 0, 0, 0.54%, 1, 0, 5, 681.66
1775274970, 2224, 42, 396, 0, 0, 0.54%, 1, 0, 5, 1238.40
1775274975, 2224, 81, 396, 0, 0, 0.54%, 1, 0, 5, 1465.86
1775274980, 2224, 106, 396, 0, 0, 0.54%, 1, 0, 5, 1469.76
1775274986, 2224, 223, 396, 0, 0, 0.54%, 1, 0, 5, 1445.16
1775274991, 2224, 333, 396, 0, 0, 0.54%, 1, 0, 5, 1337.61
1775274996, 2225, 25, 396, 0, 0, 0.54%, 1, 0, 5, 1247.72
1775275001, 2225, 83, 396, 0, 0, 0.54%, 1, 0, 5, 1602.18
1775275006, 2225, 158, 396, 0, 0, 0.54%, 1, 0, 5, 1484.93
1775275011, 2225, 304, 396, 0, 0, 0.54%, 1, 0, 5, 1515.05
1775275016, 2226, 34, 396, 0, 0, 0.54%, 1, 0, 5, 1387.97
1775275021, 2226, 86, 396, 0, 0, 0.54%, 1, 0, 5, 1555.27
1775275026, 2226, 150, 396, 0, 0, 0.54%, 1, 0, 5, 1420.86
1775275032, 2226, 278, 396, 0, 0, 0.54%, 1, 0, 5, 1513.19
1775275037, 2227, 0, 396, 0, 0, 0.54%, 1, 0, 5, 1414.93
1775275042, 2227, 66, 396, 0, 0, 0.54%, 1, 0, 5, 1438.53
1775275047, 2227, 93, 396, 0, 0, 0.54%, 1, 0, 5, 1452.52
1775275052, 2227, 129, 396, 0, 0, 0.54%, 1, 0, 5, 1463.84
1775275057, 2227, 247, 396, 0, 0, 0.54%, 1, 0, 5, 1492.53
1775275062, 2227, 317, 396, 0, 0, 0.54%, 1, 0, 5, 1433.46
1775275067, 2228, 51, 396, 0, 0, 0.54%, 1, 0, 5, 1521.71
1775275072, 2228, 86, 396, 0, 0, 0.54%, 1, 0, 5, 1490.33
1775275077, 2228, 129, 396, 0, 0, 0.54%, 1, 0, 5, 1484.16
1775275083, 2228, 158, 396, 0, 0, 0.54%, 1, 0, 5, 1356.28
1775275088, 2228, 287, 396, 0, 0, 0.54%, 1, 0, 5, 1570.01
1775275093, 2228, 388, 396, 0, 0, 0.54%, 1, 0, 5, 1484.43
1775275098, 2229, 57, 396, 0, 0, 0.54%, 1, 0, 5, 1495.51
1775275103, 2229, 86, 396, 0, 0, 0.54%, 1, 0, 5, 1490.91
1775275108, 2229, 153, 396, 0, 0, 0.54%, 1, 0, 5, 1508.41
1775275113, 2229, 304, 396, 0, 0, 0.54%, 1, 0, 5, 1419.30
1775275118, 2230, 2, 396, 0, 0, 0.54%, 1, 0, 5, 1391.10
1775275123, 2230, 73, 396, 0, 0, 0.54%, 1, 0, 5, 1589.58
1775275128, 2230, 93, 396, 0, 0, 0.54%, 1, 0, 5, 1415.43
1775275133, 2230, 161, 396, 0, 0, 0.54%, 1, 0, 5, 1471.08
1775275138, 2230, 248, 396, 0, 0, 0.54%, 1, 0, 5, 1496.49
1775275144, 2230, 313, 396, 0, 0, 0.54%, 1, 0, 5, 1436.52
1775275149, 2231, 57, 396, 0, 0, 0.54%, 1, 0, 5, 1470.79
1775275154, 2231, 93, 396, 0, 0, 0.54%, 1, 0, 5, 1587.86
1775275159, 2231, 277, 396, 0, 0, 0.54%, 1, 0, 5, 1575.41
1775275164, 2231, 339, 396, 0, 0, 0.54%, 1, 0, 5, 1450.66
1775275169, 2232, 57, 396, 0, 0, 0.54%, 1, 0, 5, 1383.53
1775275174, 2232, 93, 396, 0, 0, 0.54%, 1, 0, 5, 1586.00
1775275179, 2232, 196, 396, 0, 0, 0.54%, 1, 0, 5, 1484.04
1775275184, 2232, 311, 396, 0, 0, 0.54%, 1, 0, 5, 1529.83
1775275189, 2232, 389, 396, 0, 0, 0.54%, 1, 0, 5, 1533.38
1775275199, 2233, 83, 396, 0, 0, 0.54%, 1, 0, 5, 1421.76
1775275204, 2233, 119, 396, 0, 0, 0.54%, 1, 0, 5, 1408.50
1775275209, 2233, 160, 396, 0, 0, 0.54%, 1, 0, 5, 1390.66
1775275214, 2233, 286, 396, 0, 0, 0.54%, 1, 0, 5, 1490.61
1775275219, 2233, 337, 396, 0, 0, 0.54%, 1, 0, 5, 1433.97
1775275224, 2234, 70, 396, 0, 0, 0.54%, 1, 0, 5, 1471.31
1775275230, 2234, 93, 396, 0, 0, 0.54%, 1, 0, 5, 1407.13
1775275235, 2234, 252, 396, 0, 0, 0.54%, 1, 0, 5, 1470.36
1775275240, 2234, 336, 396, 0, 0, 0.54%, 1, 0, 5, 1365.16
1775275245, 2235, 63, 396, 0, 0, 0.54%, 1, 0, 5, 1405.97
1775275250, 2235, 89, 396, 0, 0, 0.54%, 1, 0, 5, 1548.80
1775275255, 2235, 142, 396, 0, 0, 0.54%, 1, 0, 5, 811.26
1775275260, 2235, 273, 396, 0, 0, 0.54%, 1, 0, 5, 1229.32
1775275265, 2235, 337, 396, 0, 0, 0.54%, 1, 0, 5, 1255.94
1775275270, 2236, 57, 396, 0, 0, 0.54%, 1, 0, 5, 1374.30
1775275276, 2236, 83, 396, 0, 0, 0.54%, 1, 0, 5, 1369.37
1775275281, 2236, 106, 396, 0, 0, 0.54%, 1, 0, 5, 1345.68
1775275286, 2236, 167, 396, 0, 0, 0.54%, 1, 0, 5, 1504.52
1775275291, 2236, 308, 396, 0, 0, 0.54%, 1, 0, 5, 1381.54
1775275296, 2237, 8, 396, 0, 0, 0.54%, 1, 0, 5, 1370.77
1775275301, 2237, 88, 396, 0, 0, 0.54%, 1, 0, 5, 1589.70
1775275306, 2237, 106, 396, 0, 0, 0.54%, 1, 0, 5, 1460.41
1775275311, 2237, 304, 396, 0, 0, 0.54%, 1, 0, 5, 1473.85
1775275316, 2237, 366, 396, 0, 0, 0.54%, 1, 0, 5, 1298.89
1775275321, 2238, 86, 396, 0, 0, 0.54%, 1, 0, 5, 1355.08
1775275327, 2238, 126, 396, 0, 0, 0.54%, 1, 0, 5, 180.49
1775275332, 2238, 198, 396, 0, 0, 0.54%, 1, 0, 5, 1492.85
1775275337, 2238, 311, 396, 0, 0, 0.54%, 1, 0, 5, 1400.09
1775275342, 2239, 5, 396, 0, 0, 0.54%, 1, 0, 5, 1492.54
1775275347, 2239, 83, 396, 0, 0, 0.54%, 1, 0, 5, 1481.26
1775275352, 2239, 102, 396, 0, 0, 0.54%, 1, 0, 5, 1449.36
1775275357, 2239, 141, 396, 0, 0, 0.54%, 1, 0, 5, 1319.30
1775275362, 2239, 304, 396, 0, 0, 0.54%, 1, 0, 5, 1359.54
1775275368, 2239, 394, 396, 0, 0, 0.54%, 1, 0, 5, 1590.55
1775275373, 2240, 60, 396, 0, 0, 0.54%, 1, 0, 5, 1683.19
1775275378, 2240, 93, 396, 0, 0, 0.54%, 1, 0, 5, 1643.68
1775275383, 2240, 168, 396, 0, 0, 0.54%, 1, 0, 5, 1490.39
1775275388, 2240, 287, 396, 0, 0, 0.54%, 1, 0, 5, 1449.07
1775275393, 2240, 339, 396, 0, 0, 0.54%, 1, 0, 5, 1297.88
1775275398, 2241, 57, 396, 0, 0, 0.54%, 1, 0, 5, 1453.04
1775275403, 2241, 86, 396, 0, 0, 0.54%, 1, 0, 5, 1501.08
1775275408, 2241, 122, 396, 0, 0, 0.54%, 1, 0, 5, 1479.74
1775275413, 2241, 175, 396, 0, 0, 0.54%, 1, 0, 5, 1449.89
1775275419, 2241, 228, 396, 0, 0, 0.54%, 1, 0, 5, 1388.94
1775275424, 2241, 337, 396, 0, 0, 0.54%, 1, 0, 5, 1408.67
1775275429, 2242, 57, 396, 0, 0, 0.54%, 1, 0, 5, 1319.13
1775275434, 2242, 86, 396, 0, 0, 0.54%, 1, 0, 5, 1366.84
1775275439, 2242, 158, 396, 0, 0, 0.54%, 1, 0, 5, 1418.30
1775275444, 2242, 224, 396, 0, 0, 0.54%, 1, 0, 5, 1391.77
1775275449, 2242, 337, 396, 0, 0, 0.54%, 1, 0, 5, 1344.47
1775275454, 2243, 51, 396, 0, 0, 0.54%, 1, 0, 5, 1487.00
1775275459, 2243, 86, 396, 0, 0, 0.54%, 1, 0, 5, 1490.92
1775275464, 2243, 143, 396, 0, 0, 0.54%, 1, 0, 5, 1502.42
1775275469, 2243, 312, 396, 0, 0, 0.54%, 1, 0, 5, 1448.26
1775275474, 2244, 57, 396, 0, 0, 0.54%, 1, 0, 5, 1437.42
1775275479, 2244, 88, 396, 0, 0, 0.54%, 1, 0, 5, 1530.65
1775275484, 2244, 202, 396, 0, 0, 0.54%, 1, 0, 5, 1457.02
1775275490, 2244, 258, 396, 0, 0, 0.54%, 1, 0, 5, 1649.18
1775275495, 2245, 12, 396, 0, 0, 0.54%, 1, 0, 5, 1390.63
1775275500, 2245, 57, 396, 0, 0, 0.54%, 1, 0, 5, 1480.92
1775275505, 2245, 106, 396, 0, 0, 0.54%, 1, 0, 5, 1530.55
1775275510, 2245, 199, 396, 0, 0, 0.54%, 1, 0, 5, 1484.03
1775275515, 2245, 265, 396, 0, 0, 0.54%, 1, 0, 5, 1506.07
1775275520, 2245, 337, 396, 0, 0, 0.54%, 1, 0, 5, 1440.04
1775275525, 2246, 14, 396, 0, 0, 0.54%, 1, 0, 5, 1441.36
1775275531, 2246, 76, 396, 0, 0, 0.54%, 1, 0, 5, 1446.49
1775275536, 2246, 106, 396, 0, 0, 0.54%, 1, 0, 5, 1442.26
1775275541, 2246, 200, 396, 0, 0, 0.54%, 1, 0, 5, 1306.40
1775275546, 2246, 255, 396, 0, 0, 0.54%, 1, 0, 5, 1390.16
1775275551, 2246, 308, 396, 0, 0, 0.54%, 1, 0, 5, 1353.37
1775275556, 2247, 48, 396, 0, 0, 0.54%, 1, 0, 5, 1914.96
1775275561, 2247, 93, 396, 0, 0, 0.54%, 1, 0, 5, 1659.48
1775275566, 2247, 129, 396, 0, 0, 0.54%, 1, 0, 5, 1373.45
1775275571, 2247, 189, 396, 0, 0, 0.54%, 1, 0, 5, 1527.00
1775275576, 2247, 323, 396, 0, 0, 0.54%, 1, 0, 5, 1460.90
1775275581, 2248, 57, 396, 0, 0, 0.54%, 1, 0, 5, 1634.75
1775275586, 2248, 87, 396, 0, 0, 0.54%, 1, 0, 5, 1614.38
1775275591, 2248, 156, 396, 0, 0, 0.54%, 1, 0, 5, 1473.61
1775275596, 2248, 266, 396, 0, 0, 0.54%, 1, 0, 5, 226.09
1775275602, 2248, 311, 396, 0, 0, 0.54%, 1, 0, 5, 1252.33
1775275607, 2248, 395, 396, 0, 0, 0.54%, 1, 0, 5, 1321.29
1775275612, 2249, 64, 396, 0, 0, 0.54%, 1, 0, 5, 1497.88
1775275617, 2249, 90, 396, 0, 0, 0.54%, 1, 0, 5, 1452.05
1775275622, 2249, 160, 396, 0, 0, 0.54%, 1, 0, 5, 1542.48
1775275627, 2249, 204, 396, 0, 0, 0.54%, 1, 0, 5, 1468.09
1775275632, 2249, 287, 396, 0, 0, 0.54%, 1, 0, 5, 1556.04
1775275637, 2249, 333, 396, 0, 0, 0.54%, 1, 0, 5, 1397.75
1775275642, 2250, 5, 396, 0, 0, 0.54%, 1, 0, 5, 1471.51
1775275647, 2250, 83, 396, 0, 0, 0.54%, 1, 0, 5, 1512.21
1775275652, 2250, 106, 396, 0, 0, 0.54%, 1, 0, 5, 1504.69
1775275657, 2250, 166, 396, 0, 0, 0.54%, 1, 0, 5, 1550.06
1775275663, 2250, 287, 396, 0, 0, 0.54%, 1, 0, 5, 1521.65
1775275668, 2250, 337, 396, 0, 0, 0.54%, 1, 0, 5, 1478.11
1775275673, 2251, 40, 396, 0, 0, 0.54%, 1, 0, 5, 1386.08
1775275678, 2251, 88, 396, 0, 0, 0.54%, 1, 0, 5, 1440.16
1775275683, 2251, 119, 396, 0, 0, 0.54%, 1, 0, 5, 1528.66
1775275688, 2251, 263, 396, 0, 0, 0.54%, 1, 0, 5, 1345.95
1775275693, 2252, 43, 396, 0, 0, 0.54%, 1, 0, 5, 1319.87
1775275698, 2252, 86, 396, 0, 0, 0.54%, 1, 0, 5, 1546.61
1775275703, 2252, 178, 396, 0, 0, 0.54%, 1, 0, 5, 1490.66
1775275708, 2252, 202, 396, 0, 0, 0.54%, 1, 0, 5, 1468.09
1775275714, 2252, 298, 396, 0, 0, 0.54%, 1, 0, 5, 1385.14
1775275719, 2252, 342, 396, 0, 0, 0.54%, 1, 0, 5, 1339.01
1775275724, 2253, 43, 396, 0, 0, 0.54%, 1, 0, 5, 1433.19
1775275729, 2253, 83, 396, 0, 0, 0.54%, 1, 0, 5, 1455.13
1775275734, 2253, 143, 396, 0, 0, 0.54%, 1, 0, 5, 1483.56
1775275739, 2253, 263, 396, 0, 0, 0.54%, 1, 0, 5, 1401.35
1775275744, 2253, 312, 396, 0, 0, 0.54%, 1, 0, 5, 1369.55
1775275749, 2254, 13, 396, 0, 0, 0.54%, 1, 0, 5, 1279.12
1775275754, 2254, 88, 396, 0, 0, 0.54%, 1, 0, 5, 1509.15
1775275759, 2254, 116, 396, 0, 0, 0.54%, 1, 0, 5, 1437.06
1775275764, 2254, 217, 396, 0, 0, 0.54%, 1, 0, 5, 1620.95
1775275769, 2254, 333, 396, 0, 0, 0.54%, 1, 0, 5, 1439.54
1775275775, 2255, 73, 396, 0, 0, 0.54%, 1, 0, 5, 1506.70
1775275780, 2255, 96, 396, 0, 0, 0.54%, 1, 0, 5, 1520.32
1775275785, 2255, 196, 396, 0, 0, 0.54%, 1, 0, 5, 1379.67
1775275790, 2255, 245, 396, 0, 0, 0.54%, 1, 0, 5, 1405.01
1775275795, 2255, 287, 396, 0, 0, 0.54%, 1, 0, 5, 1404.64
1775275800, 2255, 395, 396, 0, 0, 0.54%, 1, 0, 5, 1404.51
1775275805, 2256, 55, 396, 0, 0, 0.54%, 1, 0, 5, 1392.72
1775275810, 2256, 89, 396, 0, 0, 0.54%, 1, 0, 5, 1493.77
1775275816, 2256, 110, 396, 0, 0, 0.54%, 1, 0, 5, 1417.52
1775275821, 2256, 215, 396, 0, 0, 0.54%, 1, 0, 5, 1382.97
1775275826, 2256, 303, 396, 0, 0, 0.54%, 1, 0, 5, 1394.85
1775275831, 2257, 5, 396, 0, 0, 0.54%, 1, 0, 5, 1347.16
1775275836, 2257, 83, 396, 0, 0, 0.54%, 1, 0, 5, 1494.55
1775275841, 2257, 110, 396, 0, 0, 0.54%, 1, 0, 5, 1425.62
1775275846, 2257, 202, 396, 0, 0, 0.54%, 1, 0, 5, 1465.87
1775275851, 2257, 329, 396, 0, 0, 0.54%, 1, 0, 5, 1456.80
1775275856, 2258, 57, 396, 0, 0, 0.54%, 1, 0, 5, 1346.97
1775275862, 2258, 76, 396, 0, 0, 0.54%, 1, 0, 5, 1470.42
1775275867, 2258, 106, 396, 0, 0, 0.54%, 1, 0, 5, 1472.03
1775275872, 2258, 287, 396, 0, 0, 0.54%, 1, 0, 5, 1445.44
1775275877, 2259, 54, 396, 0, 0, 0.54%, 1, 0, 5, 1442.64
1775275882, 2259, 86, 396, 0, 0, 0.54%, 1, 0, 5, 1404.68
1775275887, 2259, 156, 396, 0, 0, 0.54%, 1, 0, 5, 1550.84
1775275892, 2259, 210, 396, 0, 0, 0.54%, 1, 0, 5, 1478.15
1775275897, 2259, 333, 396, 0, 0, 0.54%, 1, 0, 5, 1459.31
1775275902, 2260, 31, 396, 0, 0, 0.54%, 1, 0, 5, 1350.07
1775275907, 2260, 86, 396, 0, 0, 0.54%, 1, 0, 5, 1537.32
1775275913, 2260, 106, 396, 0, 0, 0.54%, 1, 0, 5, 1433.55
1775275918, 2260, 263, 396, 0, 0, 0.54%, 1, 0, 5, 1440.51
1775275923, 2260, 337, 396, 0, 0, 0.54%, 1, 0, 5, 1389.47
1775275928, 2261, 5, 396, 0, 0, 0.54%, 1, 0, 5, 1450.62
1775275933, 2261, 75, 396, 0, 0, 0.54%, 1, 0, 5, 1446.21
1775275938, 2261, 93, 396, 0, 0, 0.54%, 1, 0, 5, 1502.21
1775275943, 2261, 159, 396, 0, 0, 0.54%, 1, 0, 5, 1392.42
1775275948, 2261, 204, 396, 0, 0, 0.54%, 1, 0, 5, 1448.91
1775275953, 2261, 304, 396, 0, 0, 0.54%, 1, 0, 5, 1507.92
1775275959, 2262, 26, 396, 0, 0, 0.54%, 1, 0, 5, 1477.64
1775275964, 2262, 88, 396, 0, 0, 0.54%, 1, 0, 5, 1498.39
1775275969, 2262, 141, 396, 0, 0, 0.54%, 1, 0, 5, 1526.51
1775275974, 2262, 175, 396, 0, 0, 0.54%, 1, 0, 5, 1373.11
1775275979, 2262, 287, 396, 0, 0, 0.54%, 1, 0, 5, 1456.28
1775275984, 2263, 47, 396, 0, 0, 0.54%, 1, 0, 5, 1375.10
1775275989, 2263, 86, 396, 0, 0, 0.54%, 1, 0, 5, 1569.93
1775275994, 2263, 129, 396, 0, 0, 0.54%, 1, 0, 5, 1433.13
1775275999, 2263, 287, 396, 0, 0, 0.54%, 1, 0, 5, 1493.47
1775276004, 2263, 384, 396, 0, 0, 0.54%, 1, 0, 5, 1384.86
1775276010, 2264, 64, 396, 0, 0, 0.54%, 1, 0, 5, 1528.57
1775276015, 2264, 88, 396, 0, 0, 0.54%, 1, 0, 5, 1545.40
1775276020, 2264, 123, 396, 0, 0, 0.54%, 1, 0, 5, 1548.68
1775276025, 2264, 194, 396, 0, 0, 0.54%, 1, 0, 5, 1500.07
1775276030, 2264, 295, 396, 0, 0, 0.54%, 1, 0, 5, 1486.11
1775276035, 2265, 5, 396, 0, 0, 0.54%, 1, 0, 5, 1232.61
1775276040, 2265, 68, 396, 0, 0, 0.54%, 1, 0, 5, 1373.76
1775276045, 2265, 94, 396, 0, 0, 0.54%, 1, 0, 5, 1576.02
1775276050, 2265, 185, 396, 0, 0, 0.54%, 1, 0, 5, 1536.25
1775276055, 2265, 304, 396, 0, 0, 0.54%, 1, 0, 5, 1436.76
1775276060, 2265, 345, 396, 0, 0, 0.54%, 1, 0, 5, 1399.12
1775276066, 2266, 57, 396, 0, 0, 0.54%, 1, 0, 5, 1474.64
1775276071, 2266, 88, 396, 0, 0, 0.54%, 1, 0, 5, 1581.23
1775276076, 2266, 127, 396, 0, 0, 0.54%, 1, 0, 5, 1506.65
1775276081, 2266, 277, 396, 0, 0, 0.54%, 1, 0, 5, 1454.26
1775276086, 2266, 337, 396, 0, 0, 0.54%, 1, 0, 5, 1411.57
1775276091, 2267, 83, 396, 0, 0, 0.54%, 1, 0, 5, 1542.30
1775276096, 2267, 158, 396, 0, 0, 0.54%, 1, 0, 5, 1571.89
1775276101, 2267, 337, 396, 0, 0, 0.54%, 1, 0, 5, 1467.43
1775276106, 2268, 51, 396, 0, 0, 0.54%, 1, 0, 5, 1431.08
1775276112, 2268, 86, 396, 0, 0, 0.54%, 1, 0, 5, 1593.56
1775276117, 2268, 106, 396, 0, 0, 0.54%, 1, 0, 5, 1480.72
1775276122, 2268, 145, 396, 0, 0, 0.54%, 1, 0, 5, 1378.20
1775276127, 2268, 222, 396, 0, 0, 0.54%, 1, 0, 5, 1386.87
1775276132, 2268, 312, 396, 0, 0, 0.54%, 1, 0, 5, 1409.58
1775276137, 2269, 27, 396, 0, 0, 0.54%, 1, 0, 5, 1265.72
1775276142, 2269, 86, 396, 0, 0, 0.54%, 1, 0, 5, 1422.49
1775276147, 2269, 128, 396, 0, 0, 0.54%, 1, 0, 5, 1457.71
1775276152, 2269, 166, 396, 0, 0, 0.54%, 1, 0, 5, 1485.22
1775276158, 2269, 247, 396, 0, 0, 0.54%, 1, 0, 5, 1430.70
1775276163, 2269, 333, 396, 0, 0, 0.54%, 1, 0, 5, 1470.33
1775276168, 2270, 61, 396, 0, 0, 0.54%, 1, 0, 5, 1425.39
1775276173, 2270, 106, 396, 0, 0, 0.54%, 1, 0, 5, 1500.89
1775276178, 2270, 160, 396, 0, 0, 0.54%, 1, 0, 5, 1485.84
1775276183, 2270, 290, 396, 0, 0, 0.54%, 1, 0, 5, 1381.39
1775276188, 2270, 333, 396, 0, 0, 0.54%, 1, 0, 5, 1397.75
1775276193, 2271, 57, 396, 0, 0, 0.54%, 1, 0, 5, 1497.64
1775276198, 2271, 88, 396, 0, 0, 0.54%, 1, 0, 5, 1498.60
1775276204, 2271, 118, 396, 0, 0, 0.54%, 1, 0, 5, 1429.83
1775276209, 2271, 231, 396, 0, 0, 0.54%, 1, 0, 5, 1395.46
1775276214, 2271, 312, 396, 0, 0, 0.54%, 1, 0, 5, 1311.87
1775276219, 2271, 393, 396, 0, 0, 0.54%, 1, 0, 5, 1122.37
1775276224, 2272, 83, 396, 0, 0, 0.54%, 1, 0, 5, 1502.59
1775276229, 2272, 104, 396, 0, 0, 0.54%, 1, 0, 5, 1456.55
1775276234, 2272, 162, 396, 0, 0, 0.54%, 1, 0, 5, 1434.33
1775276239, 2272, 237, 396, 0, 0, 0.54%, 1, 0, 5, 1583.62
1775276244, 2272, 304, 396, 0, 0, 0.54%, 1, 0, 5, 1492.29
1775276249, 2272, 393, 396, 0, 0, 0.54%, 1, 0, 5, 1395.94
1775276254, 2273, 24, 396, 0, 0, 0.54%, 1, 0, 5, 1469.75
1775276259, 2273, 73, 396, 0, 0, 0.54%, 1, 0, 5, 1348.00
1775276264, 2273, 88, 396, 0, 0, 0.54%, 1, 0, 5, 1496.20
1775276270, 2273, 149, 396, 0, 0, 0.54%, 1, 0, 5, 1515.02
1775276275, 2273, 254, 396, 0, 0, 0.54%, 1, 0, 5, 1441.79
1775276280, 2273, 313, 396, 0, 0, 0.54%, 1, 0, 5, 1493.03
1775276285, 2273, 395, 396, 0, 0, 0.54%, 1, 0, 5, 1049.70
1775276290, 2274, 65, 396, 0, 0, 0.54%, 1, 0, 5, 1421.76
1775276295, 2274, 91, 396, 0, 0, 0.54%, 1, 0, 5, 1445.27
1775276300, 2274, 162, 396, 0, 0, 0.54%, 1, 0, 5, 1499.10
1775276305, 2274, 311, 396, 0, 0, 0.54%, 1, 0, 5, 1417.80
1775276310, 2275, 20, 396, 0, 0, 0.54%, 1, 0, 5, 1456.18
1775276315, 2275, 72, 396, 0, 0, 0.54%, 1, 0, 5, 1398.86
1775276320, 2275, 93, 396, 0, 0, 0.54%, 1, 0, 5, 1476.25
1775276325, 2275, 146, 396, 0, 0, 0.54%, 1, 0, 5, 1414.07
1775276330, 2275, 244, 396, 0, 0, 0.54%, 1, 0, 5, 1496.24
1775276335, 2275, 320, 396, 0, 0, 0.54%, 1, 0, 5, 1319.43
1775276341, 2276, 50, 396, 0, 0, 0.54%, 1, 0, 5, 1460.55
1775276346, 2276, 86, 396, 0, 0, 0.54%, 1, 0, 5, 1475.44
1775276351, 2276, 158, 396, 0, 0, 0.54%, 1, 0, 5, 1507.10
1775276356, 2276, 266, 396, 0, 0, 0.54%, 1, 0, 5, 1343.84
1775276361, 2276, 389, 396, 0, 0, 0.54%, 1, 0, 5, 1284.47
1775276366, 2277, 51, 396, 0, 0, 0.54%, 1, 0, 5, 1474.63
1775276371, 2277, 93, 396, 0, 0, 0.54%, 1, 0, 5, 1579.61
1775276376, 2277, 158, 396, 0, 0, 0.54%, 1, 0, 5, 1423.70
1775276381, 2277, 275, 396, 0, 0, 0.54%, 1, 0, 5, 1474.34
1775276387, 2277, 288, 396, 0, 0, 0.54%, 1, 0, 5, 1508.07
1775276392, 2277, 352, 396, 0, 0, 0.54%, 1, 0, 5, 1384.87
1775276397, 2278, 86, 396, 0, 0, 0.54%, 1, 0, 5, 1496.30
1775276402, 2278, 172, 396, 0, 0, 0.54%, 1, 0, 5, 1505.43
1775276407, 2278, 328, 396, 0, 0, 0.54%, 1, 0, 5, 1449.83
1775276412, 2279, 57, 396, 0, 0, 0.54%, 1, 0, 5, 1461.48
1775276417, 2279, 93, 396, 0, 0, 0.54%, 1, 0, 5, 1513.35
1775276422, 2279, 181, 396, 0, 0, 0.54%, 1, 0, 5, 1541.58
1775276427, 2279, 312, 396, 0, 0, 0.54%, 1, 0, 5, 1431.48
1775276432, 2280, 49, 396, 0, 0, 0.54%, 1, 0, 5, 1506.27
1775276438, 2280, 83, 396, 0, 0, 0.54%, 1, 0, 5, 1570.21
1775276443, 2280, 106, 396, 0, 0, 0.54%, 1, 0, 5, 1455.81
1775276448, 2280, 219, 396, 0, 0, 0.54%, 1, 0, 5, 1353.18
1775276453, 2280, 333, 396, 0, 0, 0.54%, 1, 0, 5, 1419.35
1775276458, 2281, 6, 396, 0, 0, 0.54%, 1, 0, 5, 1509.71
1775276463, 2281, 73, 396, 0, 0, 0.54%, 1, 0, 5, 1501.86
1775276468, 2281, 106, 396, 0, 0, 0.54%, 1, 0, 5, 1545.05
1775276473, 2281, 158, 396, 0, 0, 0.54%, 1, 0, 5, 1570.53
1775276478, 2281, 211, 396, 0, 0, 0.54%, 1, 0, 5, 1448.86
1775276483, 2281, 283, 396, 0, 0, 0.54%, 1, 0, 5, 1361.63
1775276489, 2281, 354, 396, 0, 0, 0.54%, 1, 0, 5, 1271.17
1775276494, 2282, 21, 396, 0, 0, 0.54%, 1, 0, 5, 1412.93
1775276499, 2282, 57, 396, 0, 0, 0.54%, 1, 0, 5, 1430.49
1775276504, 2282, 88, 396, 0, 0, 0.54%, 1, 0, 5, 1423.07
1775276509, 2282, 158, 396, 0, 0, 0.54%, 1, 0, 5, 1547.74
1775276514, 2282, 221, 396, 0, 0, 0.54%, 1, 0, 5, 1531.01
1775276519, 2282, 298, 396, 0, 0, 0.54%, 1, 0, 5, 1410.53
1775276524, 2282, 373, 396, 0, 0, 0.54%, 1, 0, 5, 1372.70
1775276529, 2283, 57, 396, 0, 0, 0.54%, 1, 0, 5, 1464.57
1775276534, 2283, 88, 396, 0, 0, 0.54%, 1, 0, 5, 1480.05
1775276539, 2283, 150, 396, 0, 0, 0.54%, 1, 0, 5, 1488.33
1775276544, 2283, 208, 396, 0, 0, 0.54%, 1, 0, 5, 1419.32
1775276550, 2283, 298, 396, 0, 0, 0.54%, 1, 0, 5, 1450.54
1775276555, 2283, 354, 396, 0, 0, 0.54%, 1, 0, 5, 1414.46
1775276560, 2284, 73, 396, 0, 0, 0.54%, 1, 0, 5, 1427.74
1775276565, 2284, 110, 396, 0, 0, 0.54%, 1, 0, 5, 1468.46
1775276570, 2284, 292, 396, 0, 0, 0.54%, 1, 0, 5, 1518.74
1775276575, 2285, 57, 396, 0, 0, 0.54%, 1, 0, 5, 1451.57
1775276580, 2285, 93, 396, 0, 0, 0.54%, 1, 0, 5, 1414.90
1775276585, 2285, 170, 396, 0, 0, 0.54%, 1, 0, 5, 1426.33
1775276590, 2285, 218, 396, 0, 0, 0.54%, 1, 0, 5, 1370.52
1775276595, 2285, 317, 396, 0, 0, 0.54%, 1, 0, 5, 1380.88
1775276601, 2286, 14, 396, 0, 0, 0.54%, 1, 0, 5, 1366.64
1775276606, 2286, 83, 396, 0, 0, 0.54%, 1, 0, 5, 1432.92
1775276611, 2286, 106, 396, 0, 0, 0.54%, 1, 0, 5, 1394.57
1775276616, 2286, 223, 396, 0, 0, 0.54%, 1, 0, 5, 1486.25
1775276621, 2286, 278, 396, 0, 0, 0.54%, 1, 0, 5, 1395.08
1775276626, 2286, 337, 396, 0, 0, 0.54%, 1, 0, 5, 1385.62
1775276631, 2287, 63, 396, 0, 0, 0.54%, 1, 0, 5, 1465.79
1775276636, 2287, 88, 396, 0, 0, 0.54%, 1, 0, 5, 1431.11
1775276641, 2287, 158, 396, 0, 0, 0.54%, 1, 0, 5, 1456.30
1775276647, 2287, 304, 396, 0, 0, 0.54%, 1, 0, 5, 1401.28
1775276652, 2288, 57, 396, 0, 0, 0.54%, 1, 0, 5, 1398.40
1775276657, 2288, 86, 396, 0, 0, 0.54%, 1, 0, 5, 1470.02
1775276662, 2288, 144, 396, 0, 0, 0.54%, 1, 0, 5, 1697.42
1775276667, 2288, 255, 396, 0, 0, 0.54%, 1, 0, 5, 1570.20
1775276672, 2289, 5, 396, 0, 0, 0.54%, 1, 0, 5, 1427.81
1775276677, 2289, 57, 396, 0, 0, 0.54%, 1, 0, 5, 1542.83
1775276682, 2289, 92, 396, 0, 0, 0.54%, 1, 0, 5, 1597.21
1775276687, 2289, 118, 396, 0, 0, 0.54%, 1, 0, 5, 1584.44
1775276692, 2289, 287, 396, 0, 0, 0.54%, 1, 0, 5, 1563.48
1775276697, 2290, 15, 396, 0, 0, 0.54%, 1, 0, 5, 1367.42
1775276702, 2290, 73, 396, 0, 0, 0.54%, 1, 0, 5, 1426.47
1775276708, 2290, 95, 396, 0, 0, 0.54%, 1, 0, 5, 1541.89
1775276713, 2290, 144, 396, 0, 0, 0.54%, 1, 0, 5, 1585.77
1775276718, 2290, 210, 396, 0, 0, 0.54%, 1, 0, 5, 1472.66
1775276723, 2290, 265, 396, 0, 0, 0.54%, 1, 0, 5, 1339.28
1775276728, 2290, 313, 396, 0, 0, 0.54%, 1, 0, 5, 1377.83
1775276733, 2291, 10, 396, 0, 0, 0.54%, 1, 0, 5, 1283.86
1775276738, 2291, 83, 396, 0, 0, 0.54%, 1, 0, 5, 1407.71
1775276744, 2291, 106, 396, 0, 0, 0.54%, 1, 0, 5, 1587.07
1775276749, 2291, 158, 396, 0, 0, 0.54%, 1, 0, 5, 1432.84
1775276754, 2291, 276, 396, 0, 0, 0.54%, 1, 0, 5, 1494.60
1775276759, 2291, 322, 396, 0, 0, 0.54%, 1, 0, 5, 1396.26
1775276764, 2292, 15, 396, 0, 0, 0.54%, 1, 0, 5, 1470.46
1775276769, 2292, 51, 396, 0, 0, 0.54%, 1, 0, 5, 1473.99
1775276774, 2292, 83, 396, 0, 0, 0.54%, 1, 0, 5, 1455.78
1775276779, 2292, 106, 396, 0, 0, 0.54%, 1, 0, 5, 1548.51
1775276784, 2292, 179, 396, 0, 0, 0.54%, 1, 0, 5, 1116.56
1775276790, 2292, 233, 396, 0, 0, 0.54%, 1, 0, 5, 1486.43
1775276795, 2292, 312, 396, 0, 0, 0.54%, 1, 0, 5, 1440.20
1775276800, 2293, 57, 396, 0, 0, 0.54%, 1, 0, 5, 1321.82
1775276805, 2293, 93, 396, 0, 0, 0.54%, 1, 0, 5, 1492.83
1775276810, 2293, 140, 396, 0, 0, 0.54%, 1, 0, 5, 1421.40
1775276815, 2293, 246, 396, 0, 0, 0.54%, 1, 0, 5, 1515.36
1775276820, 2293, 337, 396, 0, 0, 0.54%, 1, 0, 5, 1374.84
1775276825, 2294, 73, 396, 0, 0, 0.54%, 1, 0, 5, 1531.85
1775276830, 2294, 93, 396, 0, 0, 0.54%, 1, 0, 5, 1489.84
1775276835, 2294, 138, 396, 0, 0, 0.54%, 1, 0, 5, 1459.51
1775276840, 2294, 219, 396, 0, 0, 0.54%, 1, 0, 5, 1477.68
1775276846, 2294, 306, 396, 0, 0, 0.54%, 1, 0, 5, 1431.18
1775276851, 2294, 376, 396, 0, 0, 0.54%, 1, 0, 5, 1272.52
1775276856, 2295, 73, 396, 0, 0, 0.54%, 1, 0, 5, 1532.53
1775276861, 2295, 94, 396, 0, 0, 0.54%, 1, 0, 5, 1581.10
1775276866, 2295, 158, 396, 0, 0, 0.54%, 1, 0, 5, 1419.84
1775276871, 2295, 245, 396, 0, 0, 0.54%, 1, 0, 5, 1465.34
1775276876, 2295, 327, 396, 0, 0, 0.54%, 1, 0, 5, 1435.42
1775276881, 2296, 14, 396, 0, 0, 0.54%, 1, 0, 5, 1281.93
1775276886, 2296, 73, 396, 0, 0, 0.54%, 1, 0, 5, 1374.64
1775276891, 2296, 106, 396, 0, 0, 0.54%, 1, 0, 5, 1420.20
1775276896, 2296, 200, 396, 0, 0, 0.54%, 1, 0, 5, 1503.05
1775276901, 2296, 311, 396, 0, 0, 0.54%, 1, 0, 5, 1499.34
1775276906, 2297, 51, 396, 0, 0, 0.54%, 1, 0, 5, 1395.66
1775276912, 2297, 77, 396, 0, 0, 0.54%, 1, 0, 5, 1420.02
1775276917, 2297, 91, 396, 0, 0, 0.54%, 1, 0, 5, 1408.27
1775276922, 2297, 149, 396, 0, 0, 0.54%, 1, 0, 5, 1462.84
1775276927, 2297, 287, 396, 0, 0, 0.54%, 1, 0, 5, 1413.10
1775276932, 2297, 330, 396, 0, 0, 0.54%, 1, 0, 5, 1381.82
1775276937, 2298, 57, 396, 0, 0, 0.54%, 1, 0, 5, 1381.42
1775276942, 2298, 88, 396, 0, 0, 0.54%, 1, 0, 5, 1514.90
1775276947, 2298, 119, 396, 0, 0, 0.54%, 1, 0, 5, 406.50
1775276952, 2298, 287, 396, 0, 0, 0.54%, 1, 0, 5, 1298.04
1775276957, 2298, 355, 396, 0, 0, 0.54%, 1, 0, 5, 1236.33
1775276962, 2299, 57, 396, 0, 0, 0.54%, 1, 0, 5, 1384.75
1775276967, 2299, 88, 396, 0, 0, 0.54%, 1, 0, 5, 1529.07
1775276972, 2299, 145, 396, 0, 0, 0.54%, 1, 0, 5, 692.74
1775276977, 2299, 261, 396, 0, 0, 0.54%, 1, 0, 5, 1268.74
1775276982, 2299, 333, 396, 0, 0, 0.54%, 1, 0, 5, 1351.92
1775276988, 2300, 57, 396, 0, 0, 0.54%, 1, 0, 5, 1309.88
1775276993, 2300, 93, 396, 0, 0, 0.54%, 1, 0, 5, 1525.81
1775276998, 2300, 140, 396, 0, 0, 0.54%, 1, 0, 5, 1407.59
1775277003, 2300, 266, 396, 0, 0, 0.54%, 1, 0, 5, 1444.84
1775277008, 2300, 388, 396, 0, 0, 0.54%, 1, 0, 5, 1328.68
1775277013, 2301, 86, 396, 0, 0, 0.54%, 1, 0, 5, 1468.66
1775277018, 2301, 118, 396, 0, 0, 0.54%, 1, 0, 5, 1582.33
1775277023, 2301, 192, 396, 0, 0, 0.54%, 1, 0, 5, 1514.00
1775277029, 2301, 312, 396, 0, 0, 0.54%, 1, 0, 5, 1424.50
1775277034, 2302, 47, 396, 0, 0, 0.54%, 1, 0, 5, 1374.38
1775277039, 2302, 86, 396, 0, 0, 0.54%, 1, 0, 5, 1509.80
1775277044, 2302, 133, 396, 0, 0, 0.54%, 1, 0, 5, 1450.10
1775277049, 2302, 202, 396, 0, 0, 0.54%, 1, 0, 5, 1483.37
1775277054, 2302, 303, 396, 0, 0, 0.54%, 1, 0, 5, 1360.77
1775277059, 2303, 7, 396, 0, 0, 0.54%, 1, 0, 5, 1369.87
1775277064, 2303, 83, 396, 0, 0, 0.54%, 1, 0, 5, 1470.54
1775277069, 2303, 94, 396, 0, 0, 0.54%, 1, 0, 5, 1400.80
1775277074, 2303, 180, 396, 0, 0, 0.54%, 1, 0, 5, 1533.66
1775277080, 2303, 278, 396, 0, 0, 0.54%, 1, 0, 5, 1420.18
1775277085, 2303, 333, 396, 0, 0, 0.54%, 1, 0, 5, 1422.33
1775277090, 2304, 55, 396, 0, 0, 0.54%, 1, 0, 5, 1408.11
1775277095, 2304, 83, 396, 0, 0, 0.54%, 1, 0, 5, 1533.59
1775277100, 2304, 106, 396, 0, 0, 0.54%, 1, 0, 5, 1479.33
1775277105, 2304, 192, 396, 0, 0, 0.54%, 1, 0, 5, 1529.49
1775277110, 2304, 281, 396, 0, 0, 0.54%, 1, 0, 5, 1446.03
1775277115, 2304, 343, 396, 0, 0, 0.54%, 1, 0, 5, 1325.56
1775277121, 2305, 51, 396, 0, 0, 0.54%, 1, 0, 5, 1398.56
1775277126, 2305, 93, 396, 0, 0, 0.54%, 1, 0, 5, 1495.98
1775277131, 2305, 160, 396, 0, 0, 0.54%, 1, 0, 5, 1473.90
1775277136, 2305, 287, 396, 0, 0, 0.54%, 1, 0, 5, 1470.67
1775277141, 2305, 337, 396, 0, 0, 0.54%, 1, 0, 5, 1315.36
1775277146, 2306, 60, 396, 0, 0, 0.54%, 1, 0, 5, 1521.35
1775277151, 2306, 88, 396, 0, 0, 0.54%, 1, 0, 5, 1457.91
1775277156, 2306, 140, 396, 0, 0, 0.54%, 1, 0, 5, 1499.71
1775277161, 2306, 189, 396, 0, 0, 0.54%, 1, 0, 5, 1402.83
1775277166, 2306, 312, 396, 0, 0, 0.54%, 1, 0, 5, 1466.73
1775277171, 2307, 7, 396, 0, 0, 0.54%, 1, 0, 5, 1413.31
1775277177, 2307, 55, 396, 0, 0, 0.54%, 1, 0, 5, 1582.16
1775277182, 2307, 86, 396, 0, 0, 0.54%, 1, 0, 5, 1571.11
1775277187, 2307, 179, 396, 0, 0, 0.54%, 1, 0, 5, 1469.10
1775277192, 2307, 312, 396, 0, 0, 0.54%, 1, 0, 5, 1465.76
1775277197, 2308, 51, 396, 0, 0, 0.54%, 1, 0, 5, 1451.51
1775277202, 2308, 86, 396, 0, 0, 0.54%, 1, 0, 5, 1534.56
1775277207, 2308, 162, 396, 0, 0, 0.54%, 1, 0, 5, 1733.08
1775277212, 2308, 304, 396, 0, 0, 0.54%, 1, 0, 5, 1501.25
1775277217, 2309, 2, 396, 0, 0, 0.54%, 1, 0, 5, 1418.25
1775277223, 2309, 59, 396, 0, 0, 0.54%, 1, 0, 5, 272.73
1775277228, 2309, 91, 396, 0, 0, 0.54%, 1, 0, 5, 1510.09
1775277233, 2309, 142, 396, 0, 0, 0.54%, 1, 0, 5, 1489.61
1775277238, 2309, 333, 396, 0, 0, 0.54%, 1, 0, 5, 1456.05
1775277243, 2310, 17, 396, 0, 0, 0.54%, 1, 0, 5, 1414.17
1775277248, 2310, 86, 396, 0, 0, 0.54%, 1, 0, 5, 1438.83
1775277253, 2310, 118, 396, 0, 0, 0.54%, 1, 0, 5, 1489.93
1775277258, 2310, 158, 396, 0, 0, 0.54%, 1, 0, 5, 1421.38
1775277263, 2310, 229, 396, 0, 0, 0.54%, 1, 0, 5, 1455.49
1775277269, 2310, 312, 396, 0, 0, 0.54%, 1, 0, 5, 1436.65
1775277274, 2311, 44, 396, 0, 0, 0.54%, 1, 0, 5, 1429.04
1775277279, 2311, 75, 396, 0, 0, 0.54%, 1, 0, 5, 1442.43
1775277284, 2311, 106, 396, 0, 0, 0.54%, 1, 0, 5, 1551.63
1775277289, 2311, 173, 396, 0, 0, 0.54%, 1, 0, 5, 1573.86
1775277294, 2311, 304, 396, 0, 0, 0.54%, 1, 0, 5, 1528.12
1775277299, 2312, 10, 396, 0, 0, 0.54%, 1, 0, 5, 1437.02
1775277304, 2312, 73, 396, 0, 0, 0.54%, 1, 0, 5, 1542.14
1775277309, 2312, 93, 396, 0, 0, 0.54%, 1, 0, 5, 1522.09
1775277314, 2312, 158, 396, 0, 0, 0.54%, 1, 0, 5, 1356.95
1775277319, 2312, 304, 396, 0, 0, 0.54%, 1, 0, 5, 1447.06
1775277324, 2313, 5, 396, 0, 0, 0.54%, 1, 0, 5, 1402.40
1775277329, 2313, 73, 396, 0, 0, 0.54%, 1, 0, 5, 1405.17
1775277334, 2313, 105, 396, 0, 0, 0.54%, 1, 0, 5, 1516.77
1775277339, 2313, 250, 396, 0, 0, 0.54%, 1, 0, 5, 1403.92
1775277345, 2313, 337, 396, 0, 0, 0.54%, 1, 0, 5, 1338.45
1775277350, 2314, 44, 396, 0, 0, 0.54%, 1, 0, 5, 1422.90
1775277355, 2314, 86, 396, 0, 0, 0.54%, 1, 0, 5, 1451.53
1775277360, 2314, 179, 396, 0, 0, 0.54%, 1, 0, 5, 1553.78
1775277365, 2314, 250, 396, 0, 0, 0.54%, 1, 0, 5, 1496.89
1775277370, 2314, 289, 396, 0, 0, 0.54%, 1, 0, 5, 1522.42
1775277375, 2314, 392, 396, 0, 0, 0.54%, 1, 0, 5, 256.85
1775277380, 2315, 57, 396, 0, 0, 0.54%, 1, 0, 5, 1624.31
1775277386, 2315, 86, 396, 0, 0, 0.54%, 1, 0, 5, 1558.17
1775277391, 2315, 158, 396, 0, 0, 0.54%, 1, 0, 5, 1508.99
1775277396, 2315, 287, 396, 0, 0, 0.54%, 1, 0, 5, 1459.60
1775277401, 2315, 337, 396, 0, 0, 0.54%, 1, 0, 5, 1410.98
1775277406, 2316, 64, 396, 0, 0, 0.54%, 1, 0, 5, 1447.22
1775277411, 2316, 106, 396, 0, 0, 0.54%, 1, 0, 5, 1449.91
1775277416, 2316, 179, 396, 0, 0, 0.54%, 1, 0, 5, 1304.80
1775277421, 2316, 311, 396, 0, 0, 0.54%, 1, 0, 5, 1369.30
1775277426, 2317, 53, 396, 0, 0, 0.54%, 1, 0, 5, 1518.09
1775277431, 2317, 73, 396, 0, 0, 0.54%, 1, 0, 5, 1489.08
1775277437, 2317, 93, 396, 0, 0, 0.54%, 1, 0, 5, 1304.31
1775277442, 2317, 158, 396, 0, 0, 0.54%, 1, 0, 5, 1508.31
1775277447, 2317, 265, 396, 0, 0, 0.54%, 1, 0, 5, 1344.27
1775277452, 2317, 339, 396, 0, 0, 0.54%, 1, 0, 5, 1358.81
1775277457, 2318, 73, 396, 0, 0, 0.54%, 1, 0, 5, 1438.49
1775277462, 2318, 119, 396, 0, 0, 0.54%, 1, 0, 5, 1427.57
1775277467, 2318, 199, 396, 0, 0, 0.54%, 1, 0, 5, 1477.61
1775277472, 2318, 304, 396, 0, 0, 0.54%, 1, 0, 5, 1462.22
1775277478, 2318, 392, 396, 0, 0, 0.54%, 1, 0, 5, 243.99
1775277483, 2319, 57, 396, 0, 0, 0.54%, 1, 0, 5, 1543.48
1775277488, 2319, 88, 396, 0, 0, 0.54%, 1, 0, 5, 1668.73
1775277493, 2319, 94, 396, 0, 0, 0.54%, 1, 0, 5, 1413.63
1775277498, 2319, 201, 396, 0, 0, 0.54%, 1, 0, 5, 1540.90
1775277503, 2319, 311, 396, 0, 0, 0.54%, 1, 0, 5, 1382.71
1775277508, 2320, 51, 396, 0, 0, 0.54%, 1, 0, 5, 1526.03
1775277513, 2320, 93, 396, 0, 0, 0.54%, 1, 0, 5, 1555.73
1775277518, 2320, 225, 396, 0, 0, 0.54%, 1, 0, 5, 1527.50
1775277523, 2320, 326, 396, 0, 0, 0.54%, 1, 0, 5, 1461.50
1775277528, 2321, 61, 396, 0, 0, 0.54%, 1, 0, 5, 1777.31
1775277533, 2321, 93, 396, 0, 0, 0.54%, 1, 0, 5, 1639.89
1775277538, 2321, 181, 396, 0, 0, 0.54%, 1, 0, 5, 1518.12
1775277544, 2321, 287, 396, 0, 0, 0.54%, 1, 0, 5, 1400.05
1775277549, 2322, 14, 396, 0, 0, 0.54%, 1, 0, 5, 1349.53
1775277554, 2322, 83, 396, 0, 0, 0.54%, 1, 0, 5, 1419.16
1775277559, 2322, 93, 396, 0, 0, 0.54%, 1, 0, 5, 1405.40
1775277564, 2322, 188, 396, 0, 0, 0.54%, 1, 0, 5, 1448.85
1775277569, 2322, 267, 396, 0, 0, 0.54%, 1, 0, 5, 1415.14
1775277575, 2322, 326, 396, 0, 0, 0.54%, 1, 0, 5, 1383.50
1775277580, 2322, 393, 396, 0, 0, 0.54%, 1, 0, 5, 1191.32
1775277585, 2323, 57, 396, 0, 0, 0.54%, 1, 0, 5, 1508.80
1775277590, 2323, 83, 396, 0, 0, 0.54%, 1, 0, 5, 1324.69
1775277595, 2323, 115, 396, 0, 0, 0.54%, 1, 0, 5, 1434.15
1775277600, 2323, 287, 396, 0, 0, 0.54%, 1, 0, 5, 1469.72
1775277605, 2323, 393, 396, 0, 0, 0.54%, 1, 0, 5, 1405.73
1775277610, 2324, 5, 397, 1, 0, 0.54%, 1, 0, 5, 1527.99
1775277615, 2324, 83, 397, 1, 0, 0.54%, 1, 0, 5, 1508.20
1775277620, 2324, 129, 397, 1, 0, 0.54%, 1, 0, 5, 1533.18
1775277625, 2324, 228, 397, 1, 0, 0.54%, 1, 0, 5, 1529.11
1775277630, 2324, 283, 397, 1, 0, 0.54%, 1, 0, 5, 1422.76
1775277636, 2324, 389, 397, 1, 0, 0.54%, 1, 0, 5, 1357.67
1775277641, 2325, 71, 397, 1, 0, 0.54%, 1, 0, 5, 1559.61
1775277646, 2325, 106, 397, 1, 0, 0.54%, 1, 0, 5, 1626.41
1775277651, 2325, 266, 397, 1, 0, 0.54%, 1, 0, 5, 1390.22
1775277656, 2325, 337, 397, 1, 0, 0.54%, 1, 0, 5, 1426.09
1775277661, 2326, 31, 397, 1, 0, 0.54%, 1, 0, 5, 1439.02
1775277666, 2326, 83, 397, 1, 0, 0.54%, 1, 0, 5, 1504.22
1775277671, 2326, 106, 397, 1, 0, 0.54%, 1, 0, 5, 1460.62
1775277676, 2326, 168, 397, 1, 0, 0.54%, 1, 0, 5, 1481.33
1775277681, 2326, 333, 397, 1, 0, 0.54%, 1, 0, 5, 1409.11
1775277686, 2327, 57, 397, 1, 0, 0.54%, 1, 0, 5, 1520.26
1775277691, 2327, 93, 397, 1, 0, 0.54%, 1, 0, 5, 1467.55
1775277697, 2327, 177, 397, 1, 0, 0.54%, 1, 0, 5, 1475.08
1775277702, 2327, 304, 397, 1, 0, 0.54%, 1, 0, 5, 1400.67
1775277707, 2328, 15, 397, 1, 0, 0.54%, 1, 0, 5, 1409.12
1775277712, 2328, 83, 397, 1, 0, 0.54%, 1, 0, 5, 1383.88
1775277717, 2328, 90, 397, 1, 0, 0.54%, 1, 0, 5, 1358.63
1775277722, 2328, 236, 397, 1, 0, 0.54%, 1, 0, 5, 1500.09
1775277727, 2328, 312, 397, 1, 0, 0.54%, 1, 0, 5, 1507.75
1775277732, 2329, 27, 397, 1, 0, 0.54%, 1, 0, 5, 1503.93
1775277738, 2329, 65, 397, 1, 0, 0.54%, 1, 0, 5, 1506.21
1775277743, 2329, 97, 397, 1, 0, 0.54%, 1, 0, 5, 1440.88
1775277748, 2329, 158, 397, 1, 0, 0.54%, 1, 0, 5, 1346.19
1775277753, 2329, 202, 397, 1, 0, 0.54%, 1, 0, 5, 1355.79
1775277758, 2329, 289, 397, 1, 0, 0.54%, 1, 0, 5, 1321.58
1775277763, 2329, 337, 397, 1, 0, 0.54%, 1, 0, 5, 1289.85
1775277769, 2330, 57, 397, 1, 0, 0.54%, 1, 0, 5, 1292.40
1775277774, 2330, 106, 397, 1, 0, 0.54%, 1, 0, 5, 1429.21
1775277779, 2330, 175, 397, 1, 0, 0.54%, 1, 0, 5, 1421.05
1775277784, 2330, 280, 397, 1, 0, 0.54%, 1, 0, 5, 1376.23
1775277789, 2330, 333, 397, 1, 0, 0.54%, 1, 0, 5, 1393.12
1775277794, 2331, 76, 397, 1, 0, 0.54%, 1, 0, 5, 1548.44
1775277799, 2331, 88, 397, 1, 0, 0.54%, 1, 0, 5, 1631.43
1775277804, 2331, 158, 397, 1, 0, 0.54%, 1, 0, 5, 1594.81
1775277809, 2331, 205, 397, 1, 0, 0.54%, 1, 0, 5, 1397.57
1775277814, 2331, 323, 397, 1, 0, 0.54%, 1, 0, 5, 1460.67
1775277820, 2332, 29, 397, 1, 0, 0.54%, 1, 0, 5, 1311.89
1775277825, 2332, 86, 397, 1, 0, 0.54%, 1, 0, 5, 1436.86
1775277830, 2332, 106, 397, 1, 0, 0.54%, 1, 0, 5, 1504.17
1775277835, 2332, 158, 397, 1, 0, 0.54%, 1, 0, 5, 1592.64
1775277840, 2332, 311, 397, 1, 0, 0.54%, 1, 0, 5, 1373.53
1775277845, 2333, 21, 397, 1, 0, 0.54%, 1, 0, 5, 1255.18
1775277850, 2333, 73, 397, 1, 0, 0.54%, 1, 0, 5, 1528.37
1775277855, 2333, 106, 397, 1, 0, 0.54%, 1, 0, 5, 1448.28
1775277860, 2333, 287, 397, 1, 0, 0.54%, 1, 0, 5, 1369.50
1775277865, 2333, 343, 397, 1, 0, 0.54%, 1, 0, 5, 1360.28
1775277870, 2334, 57, 397, 1, 0, 0.54%, 1, 0, 5, 1409.60
1775277875, 2334, 93, 397, 1, 0, 0.54%, 1, 0, 5, 1457.85
1775277881, 2334, 158, 397, 1, 0, 0.54%, 1, 0, 5, 1492.88
1775277886, 2334, 207, 397, 1, 0, 0.54%, 1, 0, 5, 1526.61
1775277891, 2334, 332, 397, 1, 0, 0.54%, 1, 0, 5, 1401.44
1775277896, 2335, 20, 397, 1, 0, 0.54%, 1, 0, 5, 1295.26
1775277901, 2335, 73, 397, 1, 0, 0.54%, 1, 0, 5, 1444.75
1775277906, 2335, 141, 397, 1, 0, 0.54%, 1, 0, 5, 1473.25
1775277911, 2335, 232, 397, 1, 0, 0.54%, 1, 0, 5, 1438.45
1775277916, 2335, 333, 397, 1, 0, 0.54%, 1, 0, 5, 1360.98
1775277921, 2336, 17, 397, 1, 0, 0.54%, 1, 0, 5, 1480.81
1775277926, 2336, 83, 397, 1, 0, 0.54%, 1, 0, 5, 1495.29
1775277931, 2336, 118, 397, 1, 0, 0.54%, 1, 0, 5, 1520.73
1775277936, 2336, 183, 397, 1, 0, 0.54%, 1, 0, 5, 1404.55
1775277942, 2336, 279, 397, 1, 0, 0.54%, 1, 0, 5, 1296.85
1775277947, 2336, 347, 397, 1, 0, 0.54%, 1, 0, 5, 1406.16
1775277952, 2337, 47, 397, 0, 0, 0.54%, 1, 0, 5, 1395.38
1775277957, 2337, 77, 397, 0, 0, 0.54%, 1, 0, 5, 1549.51
1775277962, 2337, 101, 397, 0, 0, 0.54%, 1, 0, 5, 1450.74
1775277967, 2337, 206, 397, 0, 0, 0.54%, 1, 0, 5, 1476.64
1775277972, 2337, 266, 397, 0, 0, 0.54%, 1, 0, 5, 1551.69
1775277977, 2337, 312, 397, 0, 0, 0.54%, 1, 0, 5, 1461.60
1775277982, 2338, 28, 397, 0, 0, 0.54%, 1, 0, 5, 1408.95
1775277987, 2338, 69, 397, 0, 0, 0.54%, 1, 0, 5, 1523.34
1775277992, 2338, 100, 397, 0, 0, 0.54%, 1, 0, 5, 1511.51
1775277998, 2338, 282, 397, 0, 0, 0.54%, 1, 0, 5, 1592.65
1775278003, 2338, 389, 397, 0, 0, 0.54%, 1, 0, 5, 1476.34
1775278008, 2339, 57, 397, 0, 0, 0.54%, 1, 0, 5, 1617.42
1775278013, 2339, 93, 397, 0, 0, 0.54%, 1, 0, 5, 1526.72
1775278018, 2339, 160, 397, 0, 0, 0.54%, 1, 0, 5, 1524.41
1775278023, 2339, 260, 397, 0, 0, 0.54%, 1, 0, 5, 1488.87
1775278028, 2339, 311, 397, 0, 0, 0.54%, 1, 0, 5, 1476.12
1775278033, 2339, 371, 397, 0, 0, 0.54%, 1, 0, 5, 1235.12
1775278038, 2340, 83, 397, 0, 0, 0.54%, 1, 0, 5, 1457.70
1775278043, 2340, 152, 397, 0, 0, 0.54%, 1, 0, 5, 1326.35
1775278049, 2340, 287, 397, 0, 0, 0.54%, 1, 0, 5, 1444.49
1775278054, 2341, 30, 397, 0, 0, 0.54%, 1, 0, 5, 1386.76
1775278059, 2341, 79, 397, 0, 0, 0.54%, 1, 0, 5, 1372.54
1775278064, 2341, 120, 397, 0, 0, 0.54%, 1, 0, 5, 1427.01
1775278069, 2341, 151, 397, 0, 0, 0.54%, 1, 0, 5, 1468.22
1775278074, 2341, 261, 397, 0, 0, 0.54%, 1, 0, 5, 1358.44
1775278079, 2341, 365, 397, 0, 0, 0.54%, 1, 0, 5, 1237.08
1775278084, 2342, 51, 397, 0, 0, 0.54%, 1, 0, 5, 1385.24
1775278089, 2342, 88, 397, 0, 0, 0.54%, 1, 0, 5, 1498.55
1775278095, 2342, 141, 397, 0, 0, 0.54%, 1, 0, 5, 1370.04
1775278100, 2342, 276, 397, 0, 0, 0.54%, 1, 0, 5, 1414.56
1775278105, 2343, 40, 397, 0, 0, 0.54%, 1, 0, 5, 1374.34
1775278110, 2343, 73, 397, 0, 0, 0.54%, 1, 0, 5, 1483.96
1775278115, 2343, 106, 397, 0, 0, 0.54%, 1, 0, 5, 1553.65
1775278120, 2343, 233, 397, 0, 0, 0.54%, 1, 0, 5, 1586.61
1775278125, 2343, 312, 397, 0, 0, 0.54%, 1, 0, 5, 1218.29
1775278130, 2344, 14, 397, 0, 0, 0.54%, 1, 0, 5, 1708.05
1775278135, 2344, 93, 397, 0, 0, 0.54%, 1, 0, 5, 1598.85
1775278140, 2344, 139, 397, 0, 0, 0.54%, 1, 0, 5, 1486.81
1775278146, 2344, 274, 397, 0, 0, 0.54%, 1, 0, 5, 1343.53
1775278151, 2344, 337, 397, 0, 0, 0.54%, 1, 0, 5, 1445.06
1775278156, 2345, 57, 397, 0, 0, 0.54%, 1, 0, 5, 1504.04
1775278161, 2345, 88, 397, 0, 0, 0.54%, 1, 0, 5, 1515.24
1775278166, 2345, 171, 397, 0, 0, 0.54%, 1, 0, 5, 1339.27
1775278171, 2345, 248, 397, 0, 0, 0.54%, 1, 0, 5, 1413.41
1775278176, 2345, 353, 397, 0, 0, 0.54%, 1, 0, 5, 1311.72
1775278181, 2346, 11, 397, 0, 0, 0.54%, 1, 0, 5, 1577.34
1775278186, 2346, 57, 397, 0, 0, 0.54%, 1, 0, 5, 1513.37
1775278191, 2346, 88, 397, 0, 0, 0.54%, 1, 0, 5, 1499.34
1775278197, 2346, 117, 397, 0, 0, 0.54%, 1, 0, 5, 1499.37
1775278202, 2346, 218, 397, 0, 0, 0.54%, 1, 0, 5, 1469.06
1775278207, 2346, 300, 397, 0, 0, 0.54%, 1, 0, 5, 1387.77
1775278212, 2346, 365, 397, 0, 0, 0.54%, 1, 0, 5, 1233.82
1775278217, 2347, 83, 397, 0, 0, 0.54%, 1, 0, 5, 1391.73
1775278222, 2347, 125, 397, 0, 0, 0.54%, 1, 0, 5, 1396.87
1775278227, 2347, 236, 397, 0, 0, 0.54%, 1, 0, 5, 1539.53
1775278232, 2347, 321, 397, 0, 0, 0.54%, 1, 0, 5, 1317.88
1775278237, 2348, 51, 397, 0, 0, 0.54%, 1, 0, 5, 1431.53
1775278242, 2348, 86, 397, 0, 0, 0.54%, 1, 0, 5, 1465.97
1775278248, 2348, 125, 397, 0, 0, 0.54%, 1, 0, 5, 1377.87
1775278253, 2348, 213, 397, 0, 0, 0.54%, 1, 0, 5, 1448.48
1775278258, 2348, 294, 397, 0, 0, 0.54%, 1, 0, 5, 1372.16
1775278263, 2348, 355, 397, 0, 0, 0.54%, 1, 0, 5, 1295.85
1775278268, 2349, 57, 397, 0, 0, 0.54%, 1, 0, 5, 1561.04
1775278273, 2349, 93, 397, 0, 0, 0.54%, 1, 0, 5, 1567.91
1775278278, 2349, 178, 397, 0, 0, 0.54%, 1, 0, 5, 1493.53
1775278284, 2349, 337, 397, 0, 0, 0.54%, 1, 0, 5, 1487.98
1775278289, 2350, 60, 397, 0, 0, 0.54%, 1, 0, 5, 1642.02
1775278294, 2350, 93, 397, 0, 0, 0.54%, 1, 0, 5, 1548.38
1775278299, 2350, 151, 397, 0, 0, 0.54%, 1, 0, 5, 1401.49
1775278304, 2350, 287, 397, 0, 0, 0.54%, 1, 0, 5, 1472.72
1775278309, 2350, 363, 397, 0, 0, 0.54%, 1, 0, 5, 1372.97
1775278314, 2351, 73, 397, 0, 0, 0.54%, 1, 0, 5, 1445.36
1775278319, 2351, 94, 397, 0, 0, 0.54%, 1, 0, 5, 1535.14
1775278324, 2351, 158, 397, 0, 0, 0.54%, 1, 0, 5, 1537.90
1775278329, 2351, 337, 397, 0, 0, 0.54%, 1, 0, 5, 1464.53
1775278335, 2352, 17, 397, 0, 0, 0.54%, 1, 0, 5, 1352.89
1775278340, 2352, 83, 397, 0, 0, 0.54%, 1, 0, 5, 1475.92
1775278345, 2352, 106, 397, 0, 0, 0.54%, 1, 0, 5, 1459.08
1775278350, 2352, 255, 397, 0, 0, 0.54%, 1, 0, 5, 1486.50
1775278355, 2352, 322, 397, 0, 0, 0.54%, 1, 0, 5, 1431.98
1775278360, 2353, 47, 397, 0, 0, 0.54%, 1, 0, 5, 1384.67
1775278365, 2353, 88, 397, 0, 0, 0.54%, 1, 0, 5, 1559.94
1775278370, 2353, 166, 397, 0, 0, 0.54%, 1, 0, 5, 1524.63
1775278375, 2353, 220, 397, 0, 0, 0.54%, 1, 0, 5, 1477.67
1775278380, 2353, 353, 397, 0, 0, 0.54%, 1, 0, 5, 1339.17
1775278385, 2354, 58, 397, 0, 0, 0.54%, 1, 0, 5, 802.57
1775278391, 2354, 88, 397, 0, 0, 0.54%, 1, 0, 5, 1462.64
1775278396, 2354, 158, 397, 0, 0, 0.54%, 1, 0, 5, 1478.48
1775278401, 2354, 237, 397, 0, 0, 0.54%, 1, 0, 5, 1452.83
1775278406, 2354, 311, 397, 0, 0, 0.54%, 1, 0, 5, 1482.96
1775278411, 2355, 15, 397, 0, 0, 0.54%, 1, 0, 5, 1449.35
1775278416, 2355, 86, 397, 0, 0, 0.54%, 1, 0, 5, 1513.97
1775278422, 2355, 144, 397, 0, 0, 0.54%, 1, 0, 5, 1543.13
1775278427, 2355, 217, 397, 0, 0, 0.54%, 1, 0, 5, 1650.23
1775278432, 2355, 304, 397, 0, 0, 0.54%, 1, 0, 5, 1517.19
1775278437, 2356, 41, 397, 0, 0, 0.54%, 1, 0, 5, 1413.82
1775278442, 2356, 74, 397, 0, 0, 0.54%, 1, 0, 5, 847.60
1775278447, 2356, 106, 397, 0, 0, 0.54%, 1, 0, 5, 1775.00
1775278452, 2356, 171, 397, 0, 0, 0.54%, 1, 0, 5, 1539.66
1775278457, 2356, 217, 397, 0, 0, 0.54%, 1, 0, 5, 1555.57
1775278462, 2356, 333, 397, 0, 0, 0.54%, 1, 0, 5, 1430.73
1775278467, 2357, 32, 397, 0, 0, 0.54%, 1, 0, 5, 1612.57
1775278472, 2357, 88, 397, 0, 0, 0.54%, 1, 0, 5, 1567.10
1775278477, 2357, 172, 397, 0, 0, 0.54%, 1, 0, 5, 1351.92
1775278482, 2357, 304, 397, 0, 0, 0.54%, 1, 0, 5, 1298.72
1775278488, 2357, 396, 397, 0, 0, 0.54%, 1, 0, 5, 1430.47
1775278493, 2358, 73, 397, 0, 0, 0.54%, 1, 0, 5, 1427.83
1775278498, 2358, 94, 397, 0, 0, 0.54%, 1, 0, 5, 1496.98
1775278503, 2358, 240, 397, 0, 0, 0.54%, 1, 0, 5, 1480.09
1775278508, 2358, 276, 397, 0, 0, 0.54%, 1, 0, 5, 1476.37
1775278513, 2358, 337, 397, 0, 0, 0.54%, 1, 0, 5, 1392.87
1775278518, 2359, 51, 397, 0, 0, 0.54%, 1, 0, 5, 1508.64
1775278523, 2359, 86, 397, 0, 0, 0.54%, 1, 0, 5, 1562.91
1775278528, 2359, 158, 397, 0, 0, 0.54%, 1, 0, 5, 1590.97
1775278533, 2359, 297, 397, 0, 0, 0.54%, 1, 0, 5, 1384.22
1775278538, 2359, 353, 397, 0, 0, 0.54%, 1, 0, 5, 1348.41
1775278543, 2360, 75, 397, 0, 0, 0.54%, 1, 0, 5, 1521.82
1775278548, 2360, 99, 397, 0, 0, 0.54%, 1, 0, 5, 1412.92
1775278554, 2360, 158, 397, 0, 0, 0.54%, 1, 0, 5, 1482.59
1775278559, 2360, 271, 397, 0, 0, 0.54%, 1, 0, 5, 1484.01
1775278564, 2360, 333, 397, 0, 0, 0.54%, 1, 0, 5, 1355.82
1775278569, 2361, 57, 397, 0, 0, 0.54%, 1, 0, 5, 1470.56
1775278574, 2361, 93, 397, 0, 0, 0.54%, 1, 0, 5, 1493.32
1775278579, 2361, 142, 397, 0, 0, 0.54%, 1, 0, 5, 1825.15
1775278584, 2361, 223, 397, 0, 0, 0.54%, 1, 0, 5, 1496.30
1775278589, 2361, 333, 397, 0, 0, 0.54%, 1, 0, 5, 1429.39
1775278594, 2361, 394, 397, 0, 0, 0.54%, 1, 0, 5, 1477.73
1775278599, 2362, 83, 397, 0, 0, 0.54%, 1, 0, 5, 1524.89
1775278604, 2362, 106, 397, 0, 0, 0.54%, 1, 0, 5, 1575.93
1775278609, 2362, 182, 397, 0, 0, 0.54%, 1, 0, 5, 1423.22
1775278615, 2362, 277, 397, 0, 0, 0.54%, 1, 0, 5, 1509.90
1775278620, 2362, 379, 397, 0, 0, 0.54%, 1, 0, 5, 1388.45
1775278625, 2363, 51, 397, 0, 0, 0.54%, 1, 0, 5, 1623.87
1775278630, 2363, 88, 397, 0, 0, 0.54%, 1, 0, 5, 1507.32
1775278635, 2363, 154, 397, 0, 0, 0.54%, 1, 0, 5, 1548.91
1775278640, 2363, 277, 397, 0, 0, 0.54%, 1, 0, 5, 1462.22
1775278645, 2363, 337, 397, 0, 0, 0.54%, 1, 0, 5, 1297.36
1775278650, 2364, 32, 397, 0, 0, 0.54%, 1, 0, 5, 1247.68
1775278655, 2364, 83, 397, 0, 0, 0.54%, 1, 0, 5, 1519.00
1775278660, 2364, 106, 397, 0, 0, 0.54%, 1, 0, 5, 1527.48
1775278666, 2364, 232, 397, 0, 0, 0.54%, 1, 0, 5, 1526.70
1775278671, 2364, 304, 397, 0, 0, 0.54%, 1, 0, 5, 1477.56
1775278676, 2365, 30, 397, 0, 0, 0.54%, 1, 0, 5, 1385.18
1775278681, 2365, 86, 397, 0, 0, 0.54%, 1, 0, 5, 1384.38
1775278686, 2365, 106, 397, 0, 0, 0.54%, 1, 0, 5, 1438.42
1775278691, 2365, 188, 397, 0, 0, 0.54%, 1, 0, 5, 1491.77
1775278696, 2365, 268, 397, 0, 0, 0.54%, 1, 0, 5, 1435.80
1775278701, 2365, 333, 397, 0, 0, 0.54%, 1, 0, 5, 1343.22
1775278706, 2366, 83, 397, 0, 0, 0.54%, 1, 0, 5, 1494.80
1775278711, 2366, 126, 397, 0, 0, 0.54%, 1, 0, 5, 1473.38
1775278717, 2366, 249, 397, 0, 0, 0.54%, 1, 0, 5, 1475.81
1775278722, 2366, 287, 397, 0, 0, 0.54%, 1, 0, 5, 1460.59
1775278727, 2366, 387, 397, 0, 0, 0.54%, 1, 0, 5, 1329.47
1775278732, 2367, 61, 397, 0, 0, 0.54%, 1, 0, 5, 1459.86
1775278737, 2367, 88, 397, 0, 0, 0.54%, 1, 0, 5, 1406.45
1775278742, 2367, 157, 397, 0, 0, 0.54%, 1, 0, 5, 1506.98
1775278747, 2367, 337, 397, 0, 0, 0.54%, 1, 0, 5, 1459.98
1775278752, 2368, 44, 397, 0, 0, 0.54%, 1, 0, 5, 1479.80
1775278757, 2368, 86, 397, 0, 0, 0.54%, 1, 0, 5, 1412.16
1775278762, 2368, 118, 397, 0, 0, 0.54%, 1, 0, 5, 1547.43
1775278767, 2368, 171, 397, 0, 0, 0.54%, 1, 0, 5, 1516.58
1775278773, 2368, 242, 397, 0, 0, 0.54%, 1, 0, 5, 1535.69
1775278778, 2368, 342, 397, 0, 0, 0.54%, 1, 0, 5, 1452.82
1775278783, 2369, 65, 397, 0, 0, 0.54%, 1, 0, 5, 1486.35
1775278788, 2369, 93, 397, 0, 0, 0.54%, 1, 0, 5, 1573.76
1775278793, 2369, 156, 397, 0, 0, 0.54%, 1, 0, 5, 1475.41
1775278798, 2369, 237, 397, 0, 0, 0.54%, 1, 0, 5, 1481.21
1775278803, 2369, 292, 397, 0, 0, 0.54%, 1, 0, 5, 1329.53
1775278808, 2369, 380, 397, 0, 0, 0.54%, 1, 0, 5, 1257.21
1775278813, 2370, 73, 397, 0, 0, 0.54%, 1, 0, 5, 1413.03
1775278819, 2370, 108, 397, 0, 0, 0.54%, 1, 0, 5, 1562.08
1775278824, 2370, 172, 397, 0, 0, 0.54%, 1, 0, 5, 1504.88
1775278829, 2370, 287, 397, 0, 0, 0.54%, 1, 0, 5, 1470.34
1775278834, 2370, 337, 397, 0, 0, 0.54%, 1, 0, 5, 1249.80
1775278839, 2371, 51, 397, 0, 0, 0.54%, 1, 0, 5, 1395.84
1775278844, 2371, 88, 397, 0, 0, 0.54%, 1, 0, 5, 1529.42
1775278849, 2371, 120, 397, 0, 0, 0.54%, 1, 0, 5, 1421.92
1775278854, 2371, 259, 397, 0, 0, 0.54%, 1, 0, 5, 1414.88
1775278859, 2371, 333, 397, 0, 0, 0.54%, 1, 0, 5, 1390.98
1775278864, 2372, 83, 397, 0, 0, 0.54%, 1, 0, 5, 1448.57
1775278869, 2372, 119, 397, 0, 0, 0.54%, 1, 0, 5, 1470.47
1775278874, 2372, 240, 397, 0, 0, 0.54%, 1, 0, 5, 1507.89
1775278880, 2372, 375, 398, 1, 0, 0.54%, 1, 0, 5, 1312.63
1775278885, 2373, 73, 398, 1, 0, 0.54%, 1, 0, 5, 1434.49
1775278890, 2373, 96, 398, 1, 0, 0.54%, 1, 0, 5, 1570.03
1775278895, 2373, 152, 398, 1, 0, 0.54%, 1, 0, 5, 1430.13
1775278900, 2373, 259, 398, 1, 0, 0.54%, 1, 0, 5, 1373.30
1775278905, 2373, 333, 398, 1, 0, 0.54%, 1, 0, 5, 1391.51
1775278910, 2374, 59, 398, 1, 0, 0.54%, 1, 0, 5, 1481.08
1775278915, 2374, 93, 398, 1, 0, 0.54%, 1, 0, 5, 1418.41
1775278920, 2374, 203, 398, 1, 0, 0.54%, 1, 0, 5, 1551.60
1775278925, 2374, 304, 398, 1, 0, 0.54%, 1, 0, 5, 1391.34
1775278931, 2375, 17, 398, 1, 0, 0.54%, 1, 0, 5, 1279.16
1775278936, 2375, 59, 398, 1, 0, 0.54%, 1, 0, 5, 1494.38
1775278941, 2375, 93, 398, 1, 0, 0.54%, 1, 0, 5, 1497.79
1775278946, 2375, 153, 398, 1, 0, 0.54%, 1, 0, 5, 1485.10
1775278951, 2375, 263, 398, 1, 0, 0.54%, 1, 0, 5, 1481.03
1775278956, 2375, 312, 398, 1, 0, 0.54%, 1, 0, 5, 1362.17
1775278961, 2375, 394, 398, 1, 0, 0.54%, 1, 0, 5, 1383.31
1775278966, 2376, 51, 398, 1, 0, 0.54%, 1, 0, 5, 1489.03
1775278971, 2376, 83, 398, 1, 0, 0.54%, 1, 0, 5, 1476.69
1775278976, 2376, 176, 398, 1, 0, 0.54%, 1, 0, 5, 1475.68
1775278982, 2376, 337, 398, 1, 0, 0.54%, 1, 0, 5, 1434.45
1775278987, 2376, 397, 398, 1, 0, 0.54%, 1, 0, 5, 112.09
1775278997, 2377, 53, 398, 0, 0, 0.54%, 1, 0, 5, 1442.60
1775279002, 2377, 88, 398, 0, 0, 0.54%, 1, 0, 5, 1558.45
1775279007, 2377, 127, 398, 0, 0, 0.54%, 1, 0, 5, 1504.39
1775279012, 2377, 190, 398, 0, 0, 0.54%, 1, 0, 5, 1487.37
1775279018, 2377, 287, 398, 0, 0, 0.54%, 1, 0, 5, 1433.14
1775279023, 2377, 337, 398, 0, 0, 0.54%, 1, 0, 5, 1394.95
1775279028, 2378, 73, 398, 0, 0, 0.54%, 1, 0, 5, 1357.13
1775279033, 2378, 105, 398, 0, 0, 0.54%, 1, 0, 5, 1505.26
1775279038, 2378, 287, 398, 0, 0, 0.54%, 1, 0, 5, 1430.11
1775279043, 2378, 333, 398, 0, 0, 0.54%, 1, 0, 5, 1284.42
1775279048, 2379, 57, 398, 0, 0, 0.54%, 1, 0, 5, 1390.29
1775279053, 2379, 83, 398, 0, 0, 0.54%, 1, 0, 5, 1349.44
1775279058, 2379, 146, 398, 0, 0, 0.54%, 1, 0, 5, 1482.77
1775279063, 2379, 310, 398, 0, 0, 0.54%, 1, 0, 5, 1425.27
1775279069, 2380, 57, 398, 0, 0, 0.54%, 1, 0, 5, 1485.72
1775279074, 2380, 86, 398, 0, 0, 0.54%, 1, 0, 5, 1519.79
1775279079, 2380, 135, 398, 0, 0, 0.54%, 1, 0, 5, 1448.15
1775279084, 2380, 287, 398, 0, 0, 0.54%, 1, 0, 5, 1485.95
1775279089, 2380, 365, 398, 0, 0, 0.54%, 1, 0, 5, 1325.27
1775279094, 2381, 83, 398, 0, 0, 0.54%, 1, 0, 5, 1397.67
1775279099, 2381, 106, 398, 0, 0, 0.54%, 1, 0, 5, 1489.91
1775279104, 2381, 135, 398, 0, 0, 0.54%, 1, 0, 5, 1509.42
1775279109, 2381, 195, 398, 0, 0, 0.54%, 1, 0, 5, 1403.17
1775279114, 2381, 263, 398, 0, 0, 0.54%, 1, 0, 5, 1469.82
1775279119, 2381, 312, 398, 0, 0, 0.54%, 1, 0, 5, 1444.22
1775279124, 2382, 31, 398, 0, 0, 0.54%, 1, 0, 5, 1374.70
1775279130, 2382, 83, 398, 0, 0, 0.54%, 1, 0, 5, 1426.19
1775279135, 2382, 101, 398, 0, 0, 0.54%, 1, 0, 5, 1473.36
1775279140, 2382, 134, 398, 0, 0, 0.54%, 1, 0, 5, 1435.36
1775279145, 2382, 185, 398, 0, 0, 0.54%, 1, 0, 5, 1432.33
1775279150, 2382, 312, 398, 0, 0, 0.54%, 1, 0, 5, 1376.97
1775279155, 2383, 73, 398, 0, 0, 0.54%, 1, 0, 5, 1458.93
1775279160, 2383, 93, 398, 0, 0, 0.54%, 1, 0, 5, 1398.03
1775279165, 2383, 163, 398, 0, 0, 0.54%, 1, 0, 5, 1286.42
1775279170, 2383, 221, 398, 0, 0, 0.54%, 1, 0, 5, 1313.48
1775279176, 2383, 300, 398, 0, 0, 0.54%, 1, 0, 5, 1379.28
1775279181, 2383, 336, 398, 0, 0, 0.54%, 1, 0, 5, 1448.56
1775279186, 2384, 9, 398, 0, 0, 0.54%, 1, 0, 5, 1230.73
1775279191, 2384, 57, 398, 0, 0, 0.54%, 1, 0, 5, 1405.36
1775279196, 2384, 88, 398, 0, 0, 0.54%, 1, 0, 5, 1553.27
1775279201, 2384, 233, 398, 0, 0, 0.54%, 1, 0, 5, 1552.13
1775279206, 2384, 312, 398, 0, 0, 0.54%, 1, 0, 5, 1362.64
1775279211, 2384, 387, 398, 0, 0, 0.54%, 1, 0, 5, 1196.36
1775279217, 2385, 66, 398, 0, 0, 0.54%, 1, 0, 5, 1441.72
1775279222, 2385, 93, 398, 0, 0, 0.54%, 1, 0, 5, 1486.99
1775279227, 2385, 227, 398, 0, 0, 0.54%, 1, 0, 5, 1470.57
1775279232, 2385, 333, 398, 0, 0, 0.54%, 1, 0, 5, 1033.06
1775279237, 2386, 73, 398, 0, 0, 0.54%, 1, 0, 5, 1349.26
1775279242, 2386, 93, 398, 0, 0, 0.54%, 1, 0, 5, 1419.50
1775279247, 2386, 158, 398, 0, 0, 0.54%, 1, 0, 5, 1556.34
1775279252, 2386, 239, 398, 0, 0, 0.54%, 1, 0, 5, 1449.00
1775279257, 2386, 277, 398, 0, 0, 0.54%, 1, 0, 5, 1489.48
1775279262, 2386, 353, 398, 0, 0, 0.54%, 1, 0, 5, 1390.58
1775279267, 2387, 51, 398, 0, 0, 0.54%, 1, 0, 5, 1356.76
1775279272, 2387, 83, 398, 0, 0, 0.54%, 1, 0, 5, 1350.56
1775279277, 2387, 158, 398, 0, 0, 0.54%, 1, 0, 5, 1346.16
1775279282, 2387, 287, 398, 0, 0, 0.54%, 1, 0, 5, 1542.78
1775279288, 2387, 382, 398, 0, 0, 0.54%, 1, 0, 5, 1269.26
1775279293, 2388, 68, 398, 0, 0, 0.54%, 1, 0, 5, 1476.90
1775279298, 2388, 88, 398, 0, 0, 0.54%, 1, 0, 5, 1022.26
1775279303, 2388, 124, 398, 0, 0, 0.54%, 1, 0, 5, 1342.43
1775279308, 2388, 170, 398, 0, 0, 0.54%, 1, 0, 5, 1346.48
1775279313, 2388, 287, 398, 0, 0, 0.54%, 1, 0, 5, 1448.61
1775279318, 2388, 386, 398, 0, 0, 0.54%, 1, 0, 5, 1357.42
1775279323, 2389, 7, 398, 0, 0, 0.54%, 1, 0, 5, 1485.89
1775279329, 2389, 73, 398, 0, 0, 0.54%, 1, 0, 5, 1396.14
1775279334, 2389, 106, 398, 0, 0, 0.54%, 1, 0, 5, 1423.56
1775279339, 2389, 203, 398, 0, 0, 0.54%, 1, 0, 5, 1556.23
1775279344, 2389, 266, 398, 0, 0, 0.54%, 1, 0, 5, 1459.24
1775279349, 2389, 333, 398, 0, 0, 0.54%, 1, 0, 5, 1382.01
1775279354, 2390, 73, 398, 0, 0, 0.54%, 1, 0, 5, 1401.95
1775279359, 2390, 98, 398, 0, 0, 0.54%, 1, 0, 5, 1355.25
1775279364, 2390, 158, 398, 0, 0, 0.54%, 1, 0, 5, 1451.79
1775279370, 2390, 274, 398, 0, 0, 0.54%, 1, 0, 5, 1460.93
1775279375, 2390, 311, 398, 0, 0, 0.54%, 1, 0, 5, 1397.95
1775279380, 2391, 5, 398, 0, 0, 0.54%, 1, 0, 5, 1335.15
1775279385, 2391, 73, 398, 0, 0, 0.54%, 1, 0, 5, 1439.81
1775279390, 2391, 93, 398, 0, 0, 0.54%, 1, 0, 5, 1356.91
1775279395, 2391, 214, 398, 0, 0, 0.54%, 1, 0, 5, 1489.90
1775279400, 2391, 287, 398, 0, 0, 0.54%, 1, 0, 5, 1568.29
1775279405, 2391, 397, 398, 0, 0, 0.54%, 1, 0, 5, 1279.72
1775279410, 2392, 62, 398, 0, 0, 0.54%, 1, 0, 5, 1477.23
1775279415, 2392, 91, 398, 0, 0, 0.54%, 1, 0, 5, 1565.55
1775279420, 2392, 275, 398, 0, 0, 0.54%, 1, 0, 5, 1517.79
1775279425, 2392, 289, 398, 0, 0, 0.54%, 1, 0, 5, 1548.70
1775279431, 2393, 22, 398, 0, 0, 0.54%, 1, 0, 5, 1479.30
1775279436, 2393, 83, 398, 0, 0, 0.54%, 1, 0, 5, 1400.63
1775279441, 2393, 94, 398, 0, 0, 0.54%, 1, 0, 5, 1393.44
1775279446, 2393, 177, 398, 0, 0, 0.54%, 1, 0, 5, 1459.46
1775279451, 2393, 271, 398, 0, 0, 0.54%, 1, 0, 5, 1470.93
1775279456, 2393, 333, 398, 0, 0, 0.54%, 1, 0, 5, 1392.84
1775279461, 2394, 23, 398, 0, 0, 0.54%, 1, 0, 5, 1185.61
1775279467, 2394, 57, 398, 0, 0, 0.54%, 1, 0, 5, 1325.94
1775279472, 2394, 93, 398, 0, 0, 0.54%, 1, 0, 5, 1493.38
1775279477, 2394, 140, 398, 0, 0, 0.54%, 1, 0, 5, 1458.37
1775279482, 2394, 233, 398, 0, 0, 0.54%, 1, 0, 5, 181.52
1775279487, 2394, 312, 398, 0, 0, 0.54%, 1, 0, 5, 1499.07
1775279492, 2395, 28, 398, 0, 0, 0.54%, 1, 0, 5, 1460.06
1775279497, 2395, 86, 398, 0, 0, 0.54%, 1, 0, 5, 1565.00
1775279502, 2395, 132, 398, 0, 0, 0.54%, 1, 0, 5, 1424.34
1775279507, 2395, 242, 398, 0, 0, 0.54%, 1, 0, 5, 1462.90
1775279513, 2395, 337, 398, 0, 0, 0.54%, 1, 0, 5, 1369.86
1775279518, 2396, 73, 398, 0, 0, 0.54%, 1, 0, 5, 1445.99
1775279523, 2396, 93, 398, 0, 0, 0.54%, 1, 0, 5, 1325.99
1775279528, 2396, 185, 398, 0, 0, 0.54%, 1, 0, 5, 1424.12
1775279533, 2396, 287, 398, 0, 0, 0.54%, 1, 0, 5, 1413.19
1775279538, 2396, 382, 398, 0, 0, 0.54%, 1, 0, 5, 1305.56
1775279543, 2397, 14, 398, 0, 0, 0.54%, 1, 0, 5, 1581.05
1775279548, 2397, 77, 398, 0, 0, 0.54%, 1, 0, 5, 1455.70
1775279554, 2397, 104, 398, 0, 0, 0.54%, 1, 0, 5, 1527.49
1775279559, 2397, 183, 398, 0, 0, 0.54%, 1, 0, 5, 1421.18
1775279564, 2397, 354, 398, 0, 0, 0.54%, 1, 0, 5, 1292.21
1775279569, 2398, 43, 398, 0, 0, 0.54%, 1, 0, 5, 1516.38
1775279574, 2398, 86, 398, 0, 0, 0.54%, 1, 0, 5, 1489.96
1775279579, 2398, 136, 398, 0, 0, 0.54%, 1, 0, 5, 1570.57
1775279584, 2398, 240, 398, 0, 0, 0.54%, 1, 0, 5, 1439.39
1775279589, 2398, 312, 398, 0, 0, 0.54%, 1, 0, 5, 1428.55
1775279594, 2399, 29, 398, 0, 0, 0.54%, 1, 0, 5, 1507.32
1775279599, 2399, 73, 398, 0, 0, 0.54%, 1, 0, 5, 1484.93
1775279604, 2399, 118, 398, 0, 0, 0.54%, 1, 0, 5, 1515.96
1775279609, 2399, 264, 398, 0, 0, 0.54%, 1, 0, 5, 1546.62
1775279615, 2399, 323, 398, 0, 0, 0.54%, 1, 0, 5, 1461.94
1775279620, 2400, 57, 398, 0, 0, 0.54%, 1, 0, 5, 1452.31
1775279625, 2400, 93, 398, 0, 0, 0.54%, 1, 0, 5, 1541.58
1775279630, 2400, 230, 398, 0, 0, 0.54%, 1, 0, 5, 1353.78
1775279635, 2400, 333, 398, 0, 0, 0.54%, 1, 0, 5, 1433.11
1775279640, 2401, 31, 398, 0, 0, 0.54%, 1, 0, 5, 1470.65
1775279645, 2401, 83, 398, 0, 0, 0.54%, 1, 0, 5, 1449.61
1775279650, 2401, 120, 398, 0, 0, 0.54%, 1, 0, 5, 1533.24
1775279655, 2401, 184, 398, 0, 0, 0.54%, 1, 0, 5, 1350.65
1775279660, 2401, 281, 398, 0, 0, 0.54%, 1, 0, 5, 1370.66
1775279666, 2401, 334, 398, 0, 0, 0.54%, 1, 0, 5, 1340.70
1775279671, 2402, 65, 398, 0, 0, 0.54%, 1, 0, 5, 1400.11
1775279676, 2402, 88, 398, 0, 0, 0.54%, 1, 0, 5, 1485.17
1775279681, 2402, 161, 398, 0, 0, 0.54%, 1, 0, 5, 751.95
1775279686, 2402, 293, 398, 0, 0, 0.54%, 1, 0, 5, 1176.11
1775279691, 2402, 352, 398, 0, 0, 0.54%, 1, 0, 5, 1361.94
1775279696, 2403, 57, 398, 0, 0, 0.54%, 1, 0, 5, 1489.30
1775279701, 2403, 78, 398, 0, 0, 0.54%, 1, 0, 5, 1415.77
1775279706, 2403, 93, 398, 0, 0, 0.54%, 1, 0, 5, 1480.26
1775279711, 2403, 139, 398, 0, 0, 0.54%, 1, 0, 5, 1484.99
1775279716, 2403, 189, 398, 0, 0, 0.54%, 1, 0, 5, 1535.54
1775279721, 2403, 315, 398, 0, 0, 0.54%, 1, 0, 5, 1424.13
1775279727, 2404, 51, 398, 0, 0, 0.54%, 1, 0, 5, 1310.55
1775279732, 2404, 83, 398, 0, 0, 0.54%, 1, 0, 5, 1351.56
1775279737, 2404, 125, 398, 0, 0, 0.54%, 1, 0, 5, 1511.41
1775279742, 2404, 201, 398, 0, 0, 0.54%, 1, 0, 5, 1468.29
1775279747, 2404, 276, 398, 0, 0, 0.54%, 1, 0, 5, 1451.15
1775279752, 2404, 328, 398, 0, 0, 0.54%, 1, 0, 5, 1287.77
1775279757, 2405, 29, 398, 0, 0, 0.54%, 1, 0, 5, 1307.13
1775279763, 2405, 73, 398, 0, 0, 0.54%, 1, 0, 5, 1318.95
1775279768, 2405, 93, 398, 0, 0, 0.54%, 1, 0, 5, 1327.79
1775279773, 2405, 278, 398, 0, 0, 0.54%, 1, 0, 5, 1455.37
1775279778, 2405, 333, 398, 0, 0, 0.54%, 1, 0, 5, 1387.73
1775279783, 2406, 57, 398, 0, 0, 0.54%, 1, 0, 5, 1323.19
1775279788, 2406, 93, 398, 0, 0, 0.54%, 1, 0, 5, 1437.00
1775279793, 2406, 119, 398, 0, 0, 0.54%, 1, 0, 5, 1379.82
1775279798, 2406, 158, 398, 0, 0, 0.54%, 1, 0, 5, 1353.01
1775279803, 2406, 248, 398, 0, 0, 0.54%, 1, 0, 5, 1275.67
1775279808, 2406, 323, 398, 0, 0, 0.54%, 1, 0, 5, 1433.14
1775279813, 2406, 396, 398, 0, 0, 0.54%, 1, 0, 5, 1270.68
1775279818, 2407, 57, 398, 0, 0, 0.54%, 1, 0, 5, 1177.38
1775279823, 2407, 87, 398, 0, 0, 0.54%, 1, 0, 5, 1535.38
1775279829, 2407, 119, 398, 0, 0, 0.54%, 1, 0, 5, 1386.10
1775279834, 2407, 204, 398, 0, 0, 0.54%, 1, 0, 5, 1476.94
1775279839, 2407, 295, 398, 0, 0, 0.54%, 1, 0, 5, 1340.64
1775279844, 2408, 3, 398, 0, 0, 0.54%, 1, 0, 5, 1337.83
1775279849, 2408, 83, 398, 0, 0, 0.54%, 1, 0, 5, 1495.75
1775279854, 2408, 94, 398, 0, 0, 0.54%, 1, 0, 5, 1391.14
1775279859, 2408, 194, 398, 0, 0, 0.54%, 1, 0, 5, 1437.15
1775279864, 2408, 304, 398, 0, 0, 0.54%, 1, 0, 5, 1367.02
1775279870, 2408, 358, 398, 0, 0, 0.54%, 1, 0, 5, 1257.59
1775279875, 2409, 16, 398, 0, 0, 0.54%, 1, 0, 5, 1184.49
1775279880, 2409, 73, 398, 0, 0, 0.54%, 1, 0, 5, 1368.60
1775279885, 2409, 102, 398, 0, 0, 0.54%, 1, 0, 5, 1465.88
1775279890, 2409, 171, 398, 0, 0, 0.54%, 1, 0, 5, 1570.23
1775279895, 2409, 244, 398, 0, 0, 0.54%, 1, 0, 5, 1374.10
1775279900, 2409, 333, 398, 0, 0, 0.54%, 1, 0, 5, 1444.93
1775279905, 2410, 57, 398, 0, 0, 0.54%, 1, 0, 5, 1378.30
1775279910, 2410, 93, 398, 0, 0, 0.54%, 1, 0, 5, 1429.99
1775279915, 2410, 142, 398, 0, 0, 0.54%, 1, 0, 5, 1453.34
1775279921, 2410, 287, 398, 0, 0, 0.54%, 1, 0, 5, 1522.87
1775279926, 2410, 370, 398, 0, 0, 0.54%, 1, 0, 5, 1226.20
1775279931, 2411, 63, 398, 0, 0, 0.54%, 1, 0, 5, 1317.00
1775279936, 2411, 88, 398, 0, 0, 0.54%, 1, 0, 5, 1464.87
1775279941, 2411, 132, 398, 0, 0, 0.54%, 1, 0, 5, 1471.13
1775279946, 2411, 311, 398, 0, 0, 0.54%, 1, 0, 5, 1411.86
1775279951, 2412, 41, 398, 0, 0, 0.54%, 1, 0, 5, 1451.49
1775279956, 2412, 83, 398, 0, 0, 0.54%, 1, 0, 5, 1479.14
1775279961, 2412, 112, 398, 0, 0, 0.54%, 1, 0, 5, 1476.59
1775279966, 2412, 223, 398, 0, 0, 0.54%, 1, 0, 5, 1452.04
1775279972, 2412, 328, 398, 0, 0, 0.54%, 1, 0, 5, 1352.99
1775279977, 2413, 23, 398, 0, 0, 0.54%, 1, 0, 5, 1421.63
1775279982, 2413, 88, 398, 0, 0, 0.54%, 1, 0, 5, 1617.18
1775279987, 2413, 122, 398, 0, 0, 0.54%, 1, 0, 5, 1736.32
1775279992, 2413, 197, 398, 0, 0, 0.54%, 1, 0, 5, 1557.20
1775279997, 2413, 286, 398, 0, 0, 0.54%, 1, 0, 5, 1387.65
1775280002, 2413, 387, 398, 0, 0, 0.54%, 1, 0, 5, 1363.92
1775280007, 2414, 57, 398, 0, 0, 0.54%, 1, 0, 5, 1710.61
1775280012, 2414, 88, 398, 0, 0, 0.54%, 1, 0, 5, 1593.65
1775280017, 2414, 233, 398, 0, 0, 0.54%, 1, 0, 5, 1694.25
1775280022, 2414, 302, 398, 0, 0, 0.54%, 1, 0, 5, 1517.13
1775280028, 2414, 392, 398, 0, 0, 0.54%, 1, 0, 5, 1216.16
1775280033, 2415, 73, 398, 0, 0, 0.54%, 1, 0, 5, 1363.78
1775280038, 2415, 93, 398, 0, 0, 0.54%, 1, 0, 5, 1454.93
1775280043, 2415, 165, 398, 0, 0, 0.54%, 1, 0, 5, 1436.10
1775280048, 2415, 210, 398, 0, 0, 0.54%, 1, 0, 5, 1424.99
1775280053, 2415, 304, 398, 0, 0, 0.54%, 1, 0, 5, 1397.17
1775280058, 2415, 386, 398, 0, 0, 0.54%, 1, 0, 5, 1195.32
1775280063, 2416, 30, 398, 0, 0, 0.54%, 1, 0, 5, 1510.87
1775280068, 2416, 58, 398, 0, 0, 0.54%, 1, 0, 5, 1301.54
1775280073, 2416, 86, 398, 0, 0, 0.54%, 1, 0, 5, 1507.59
1775280079, 2416, 225, 398, 0, 0, 0.54%, 1, 0, 5, 1552.31
1775280084, 2416, 333, 398, 0, 0, 0.54%, 1, 0, 5, 1424.66
1775280089, 2417, 42, 398, 0, 0, 0.54%, 1, 0, 5, 1457.61
1775280094, 2417, 83, 398, 0, 0, 0.54%, 1, 0, 5, 1533.86
1775280099, 2417, 106, 398, 0, 0, 0.54%, 1, 0, 5, 1485.18
1775280104, 2417, 152, 398, 0, 0, 0.54%, 1, 0, 5, 1376.23
1775280109, 2417, 259, 398, 0, 0, 0.54%, 1, 0, 5, 1392.76
1775280114, 2417, 311, 398, 0, 0, 0.54%, 1, 0, 5, 1349.65
1775280119, 2417, 389, 398, 0, 0, 0.54%, 1, 0, 5, 1217.96
1775280124, 2418, 73, 398, 0, 0, 0.54%, 1, 0, 5, 1483.02
1775280130, 2418, 103, 398, 0, 0, 0.54%, 1, 0, 5, 1505.13
1775280135, 2418, 171, 398, 0, 0, 0.54%, 1, 0, 5, 1536.90
1775280140, 2418, 312, 398, 0, 0, 0.54%, 1, 0, 5, 1541.05
1775280145, 2419, 21, 398, 0, 0, 0.54%, 1, 0, 5, 1608.97
1775280150, 2419, 80, 398, 0, 0, 0.54%, 1, 0, 5, 1578.50
1775280155, 2419, 93, 398, 0, 0, 0.54%, 1, 0, 5, 1536.14
1775280160, 2419, 221, 398, 0, 0, 0.54%, 1, 0, 5, 1498.43
1775280165, 2419, 287, 398, 0, 0, 0.54%, 1, 0, 5, 1371.33
1775280170, 2419, 333, 398, 0, 0, 0.54%, 1, 0, 5, 1342.05
1775280175, 2420, 56, 398, 0, 0, 0.54%, 1, 0, 5, 1508.09
1775280180, 2420, 83, 398, 0, 0, 0.54%, 1, 0, 5, 1399.17
1775280185, 2420, 130, 398, 0, 0, 0.54%, 1, 0, 5, 1530.49
1775280191, 2420, 220, 398, 0, 0, 0.54%, 1, 0, 5, 1551.84
1775280196, 2420, 322, 398, 0, 0, 0.54%, 1, 0, 5, 1658.62
1775280201, 2421, 7, 398, 0, 0, 0.54%, 1, 0, 5, 1457.59
1775280206, 2421, 57, 398, 0, 0, 0.54%, 1, 0, 5, 1544.98
1775280211, 2421, 86, 398, 0, 0, 0.54%, 1, 0, 5, 1474.06
1775280216, 2421, 166, 398, 0, 0, 0.54%, 1, 0, 5, 1491.74
1775280221, 2421, 203, 398, 0, 0, 0.54%, 1, 0, 5, 1442.82
1775280226, 2421, 311, 398, 0, 0, 0.54%, 1, 0, 5, 1419.68
1775280231, 2422, 16, 398, 0, 0, 0.54%, 1, 0, 5, 1334.06
1775280237, 2422, 73, 398, 0, 0, 0.54%, 1, 0, 5, 1442.95
1775280242, 2422, 88, 398, 0, 0, 0.54%, 1, 0, 5, 1396.00
1775280247, 2422, 154, 398, 0, 0, 0.54%, 1, 0, 5, 1418.13
1775280252, 2422, 257, 398, 0, 0, 0.54%, 1, 0, 5, 1463.54
1775280257, 2422, 337, 398, 0, 0, 0.54%, 1, 0, 5, 1435.73
1775280262, 2423, 73, 398, 0, 0, 0.54%, 1, 0, 5, 1485.98
1775280267, 2423, 106, 398, 0, 0, 0.54%, 1, 0, 5, 1560.80
1775280272, 2423, 187, 398, 0, 0, 0.54%, 1, 0, 5, 1561.70
1775280277, 2423, 276, 398, 0, 0, 0.54%, 1, 0, 5, 1513.94
1775280282, 2423, 338, 398, 0, 0, 0.54%, 1, 0, 5, 1358.51
1775280288, 2424, 40, 398, 0, 0, 0.54%, 1, 0, 5, 1429.75
1775280293, 2424, 73, 398, 0, 0, 0.54%, 1, 0, 5, 1456.44
1775280298, 2424, 106, 398, 0, 0, 0.54%, 1, 0, 5, 1413.41
1775280303, 2424, 180, 398, 0, 0, 0.54%, 1, 0, 5, 1430.80
1775280308, 2424, 312, 398, 0, 0, 0.54%, 1, 0, 5, 1439.99
1775280313, 2425, 28, 398, 0, 0, 0.54%, 1, 0, 5, 1312.01
1775280318, 2425, 83, 398, 0, 0, 0.54%, 1, 0, 5, 1477.96
1775280323, 2425, 116, 398, 0, 0, 0.54%, 1, 0, 5, 1449.96
1775280328, 2425, 215, 398, 0, 0, 0.54%, 1, 0, 5, 1463.94
1775280333, 2425, 304, 398, 0, 0, 0.54%, 1, 0, 5, 1467.36
1775280339, 2426, 21, 398, 0, 0, 0.54%, 1, 0, 5, 1460.10
1775280344, 2426, 73, 398, 0, 0, 0.54%, 1, 0, 5, 1496.28
1775280349, 2426, 116, 398, 0, 0, 0.54%, 1, 0, 5, 1577.73
1775280354, 2426, 220, 398, 0, 0, 0.54%, 1, 0, 5, 1512.30
1775280359, 2426, 337, 398, 0, 0, 0.54%, 1, 0, 5, 1405.98
1775280364, 2427, 54, 398, 0, 0, 0.54%, 1, 0, 5, 1410.52
1775280369, 2427, 83, 398, 0, 0, 0.54%, 1, 0, 5, 1441.73
1775280374, 2427, 136, 398, 0, 0, 0.54%, 1, 0, 5, 1337.58
1775280379, 2427, 190, 398, 0, 0, 0.54%, 1, 0, 5, 1358.89
1775280385, 2427, 338, 398, 0, 0, 0.54%, 1, 0, 5, 1322.79
1775280390, 2427, 394, 398, 0, 0, 0.54%, 1, 0, 5, 1438.01
1775280395, 2428, 78, 398, 0, 0, 0.54%, 1, 0, 5, 1509.42
1775280400, 2428, 95, 398, 0, 0, 0.54%, 1, 0, 5, 1420.26
1775280405, 2428, 202, 398, 0, 0, 0.54%, 1, 0, 5, 1513.83
1775280410, 2428, 277, 398, 0, 0, 0.54%, 1, 0, 5, 1531.27
1775280415, 2428, 334, 398, 0, 0, 0.54%, 1, 0, 5, 1404.02
1775280420, 2429, 57, 398, 0, 0, 0.54%, 1, 0, 5, 1480.31
1775280425, 2429, 88, 398, 0, 0, 0.54%, 1, 0, 5, 1506.05
1775280430, 2429, 162, 398, 0, 0, 0.54%, 1, 0, 5, 1607.34
1775280435, 2429, 273, 398, 0, 0, 0.54%, 1, 0, 5, 1564.68
1775280440, 2429, 383, 398, 0, 0, 0.54%, 1, 0, 5, 1298.69
1775280445, 2430, 69, 398, 0, 0, 0.54%, 1, 0, 5, 1336.40
1775280450, 2430, 93, 398, 0, 0, 0.54%, 1, 0, 5, 1492.06
1775280456, 2430, 216, 398, 0, 0, 0.54%, 1, 0, 5, 1526.20
1775280461, 2430, 312, 398, 0, 0, 0.54%, 1, 0, 5, 1395.27
1775280466, 2431, 73, 398, 0, 0, 0.54%, 1, 0, 5, 1492.37
1775280471, 2431, 94, 398, 0, 0, 0.54%, 1, 0, 5, 1451.06
1775280476, 2431, 143, 398, 0, 0, 0.54%, 1, 0, 5, 1387.20
1775280481, 2431, 220, 398, 0, 0, 0.54%, 1, 0, 5, 1474.58
1775280486, 2431, 333, 398, 0, 0, 0.54%, 1, 0, 5, 1409.91
1775280491, 2432, 73, 398, 0, 0, 0.54%, 1, 0, 5, 1386.05
1775280496, 2432, 106, 398, 0, 0, 0.54%, 1, 0, 5, 1389.38
1775280501, 2432, 174, 398, 0, 0, 0.54%, 1, 0, 5, 1511.91
1775280506, 2432, 243, 398, 0, 0, 0.54%, 1, 0, 5, 1519.12
1775280512, 2432, 333, 398, 0, 0, 0.54%, 1, 0, 5, 1497.59
1775280517, 2433, 52, 398, 0, 0, 0.54%, 1, 0, 5, 1443.46
1775280522, 2433, 85, 398, 0, 0, 0.54%, 1, 0, 5, 1478.99
1775280527, 2433, 107, 398, 0, 0, 0.54%, 1, 0, 5, 1538.91
1775280532, 2433, 266, 398, 0, 0, 0.54%, 1, 0, 5, 1534.41
1775280537, 2433, 304, 398, 0, 0, 0.54%, 1, 0, 5, 1330.22
1775280542, 2433, 394, 398, 0, 0, 0.54%, 1, 0, 5, 1334.71
1775280547, 2434, 61, 398, 0, 0, 0.54%, 1, 0, 5, 1677.65
1775280552, 2434, 88, 398, 0, 0, 0.54%, 1, 0, 5, 1413.14
1775280557, 2434, 158, 398, 0, 0, 0.54%, 1, 0, 5, 1418.50
1775280562, 2434, 275, 398, 0, 0, 0.54%, 1, 0, 5, 1466.53
1775280568, 2434, 333, 398, 0, 0, 0.54%, 1, 0, 5, 1380.83
1775280573, 2435, 57, 398, 0, 0, 0.54%, 1, 0, 5, 1266.44
1775280578, 2435, 86, 398, 0, 0, 0.54%, 1, 0, 5, 1448.13
1775280583, 2435, 119, 398, 0, 0, 0.54%, 1, 0, 5, 1549.63
1775280588, 2435, 287, 398, 0, 0, 0.54%, 1, 0, 5, 1527.33
1775280593, 2436, 45, 398, 0, 0, 0.54%, 1, 0, 5, 1394.09
1775280598, 2436, 86, 398, 0, 0, 0.54%, 1, 0, 5, 1461.28
1775280603, 2436, 122, 398, 0, 0, 0.54%, 1, 0, 5, 1480.91
1775280608, 2436, 303, 398, 0, 0, 0.54%, 1, 0, 5, 1469.53
1775280613, 2437, 20, 398, 0, 0, 0.54%, 1, 0, 5, 1376.42
1775280618, 2437, 73, 398, 0, 0, 0.54%, 1, 0, 5, 1493.55
1775280624, 2437, 95, 398, 0, 0, 0.54%, 1, 0, 5, 1577.02
1775280629, 2437, 180, 398, 0, 0, 0.54%, 1, 0, 5, 1552.48
1775280634, 2437, 287, 398, 0, 0, 0.54%, 1, 0, 5, 1483.82
1775280639, 2438, 6, 398, 0, 0, 0.54%, 1, 0, 5, 1387.78
1775280644, 2438, 48, 398, 0, 0, 0.54%, 1, 0, 5, 1633.24
1775280649, 2438, 88, 398, 0, 0, 0.54%, 1, 0, 5, 1498.29
1775280654, 2438, 159, 398, 0, 0, 0.54%, 1, 0, 5, 1371.45
1775280659, 2438, 216, 398, 0, 0, 0.54%, 1, 0, 5, 1422.77
1775280664, 2438, 291, 398, 0, 0, 0.54%, 1, 0, 5, 1471.10
1775280669, 2439, 5, 398, 0, 0, 0.54%, 1, 0, 5, 1407.69
1775280675, 2439, 73, 398, 0, 0, 0.54%, 1, 0, 5, 1437.16
1775280680, 2439, 91, 398, 0, 0, 0.54%, 1, 0, 5, 1532.77
1775280685, 2439, 158, 398, 0, 0, 0.54%, 1, 0, 5, 1422.94
1775280690, 2439, 304, 398, 0, 0, 0.54%, 1, 0, 5, 1470.85
1775280695, 2439, 337, 398, 0, 0, 0.54%, 1, 0, 5, 1335.74
1775280700, 2440, 61, 398, 0, 0, 0.54%, 1, 0, 5, 1508.19
1775280705, 2440, 83, 398, 0, 0, 0.54%, 1, 0, 5, 1517.75
1775280710, 2440, 91, 398, 0, 0, 0.54%, 1, 0, 5, 1561.98
1775280716, 2440, 203, 398, 0, 0, 0.54%, 1, 0, 5, 1456.43
1775280721, 2440, 287, 398, 0, 0, 0.54%, 1, 0, 5, 1485.64
1775280726, 2440, 337, 398, 0, 0, 0.54%, 1, 0, 5, 1467.11
1775280731, 2441, 83, 398, 0, 0, 0.54%, 1, 0, 5, 1501.77
1775280736, 2441, 106, 398, 0, 0, 0.54%, 1, 0, 5, 1484.88
1775280741, 2441, 177, 398, 0, 0, 0.54%, 1, 0, 5, 1467.21
1775280746, 2441, 235, 398, 0, 0, 0.54%, 1, 0, 5, 1538.97
1775280751, 2441, 319, 398, 0, 0, 0.54%, 1, 0, 5, 1484.34
1775280757, 2442, 51, 398, 0, 0, 0.54%, 1, 0, 5, 1392.30
1775280762, 2442, 93, 398, 0, 0, 0.54%, 1, 0, 5, 1463.35
1775280767, 2442, 198, 398, 0, 0, 0.54%, 1, 0, 5, 1550.99
1775280772, 2442, 304, 398, 0, 0, 0.54%, 1, 0, 5, 1503.27
1775280777, 2442, 396, 398, 0, 0, 0.54%, 1, 0, 5, 1461.37
1775280782, 2443, 32, 398, 0, 0, 0.54%, 1, 0, 5, 1457.53
1775280787, 2443, 83, 398, 0, 0, 0.54%, 1, 0, 5, 1440.62
1775280792, 2443, 106, 398, 0, 0, 0.54%, 1, 0, 5, 1576.61
1775280797, 2443, 180, 398, 0, 0, 0.54%, 1, 0, 5, 1536.43
1775280802, 2443, 279, 398, 0, 0, 0.54%, 1, 0, 5, 1537.53
1775280807, 2443, 337, 398, 0, 0, 0.54%, 1, 0, 5, 1293.74
1775280813, 2444, 13, 398, 0, 0, 0.54%, 1, 0, 5, 1294.56
1775280818, 2444, 63, 398, 0, 0, 0.54%, 1, 0, 5, 1458.88
1775280823, 2444, 88, 398, 0, 0, 0.54%, 1, 0, 5, 1505.10
1775280828, 2444, 108, 398, 0, 0, 0.54%, 1, 0, 5, 1513.13
1775280833, 2444, 270, 398, 0, 0, 0.54%, 1, 0, 5, 1545.09
1775280838, 2445, 51, 398, 0, 0, 0.54%, 1, 0, 5, 1499.90
1775280843, 2445, 88, 398, 0, 0, 0.54%, 1, 0, 5, 1520.97
1775280849, 2445, 141, 398, 0, 0, 0.54%, 1, 0, 5, 1434.82
1775280854, 2445, 229, 398, 0, 0, 0.54%, 1, 0, 5, 1338.76
1775280859, 2445, 304, 398, 0, 0, 0.54%, 1, 0, 5, 1396.37
1775280864, 2446, 5, 398, 0, 0, 0.54%, 1, 0, 5, 1387.58
1775280869, 2446, 58, 398, 0, 0, 0.54%, 1, 0, 5, 1414.99
1775280874, 2446, 93, 398, 0, 0, 0.54%, 1, 0, 5, 1376.27
1775280879, 2446, 158, 398, 0, 0, 0.54%, 1, 0, 5, 1327.26
1775280884, 2446, 202, 398, 0, 0, 0.54%, 1, 0, 5, 1438.16
1775280889, 2446, 315, 398, 0, 0, 0.54%, 1, 0, 5, 1442.10
1775280894, 2446, 394, 398, 0, 0, 0.54%, 1, 0, 5, 1417.59
1775280899, 2447, 51, 398, 0, 0, 0.54%, 1, 0, 5, 1426.84
1775280904, 2447, 88, 398, 0, 0, 0.54%, 1, 0, 5, 1521.74
1775280909, 2447, 127, 398, 0, 0, 0.54%, 1, 0, 5, 1505.25
1775280915, 2447, 211, 398, 0, 0, 0.54%, 1, 0, 5, 1423.24
1775280920, 2447, 287, 398, 0, 0, 0.54%, 1, 0, 5, 1434.06
1775280925, 2448, 51, 398, 0, 0, 0.54%, 1, 0, 5, 1372.83
1775280930, 2448, 73, 398, 0, 0, 0.54%, 1, 0, 5, 1492.88
1775280935, 2448, 106, 398, 0, 0, 0.54%, 1, 0, 5, 1539.71
1775280940, 2448, 271, 398, 0, 0, 0.54%, 1, 0, 5, 1504.19
1775280945, 2448, 312, 398, 0, 0, 0.54%, 1, 0, 5, 1400.60
1775280950, 2449, 62, 398, 0, 0, 0.54%, 1, 0, 5, 1385.05
1775280955, 2449, 88, 398, 0, 0, 0.54%, 1, 0, 5, 1517.41
1775280960, 2449, 159, 398, 0, 0, 0.54%, 1, 0, 5, 1469.28
1775280966, 2449, 288, 398, 0, 0, 0.54%, 1, 0, 5, 1542.35
1775280971, 2450, 3, 398, 0, 0, 0.54%, 1, 0, 5, 1448.64
1775280976, 2450, 83, 398, 0, 0, 0.54%, 1, 0, 5, 1545.84
1775280981, 2450, 118, 398, 0, 0, 0.54%, 1, 0, 5, 1489.24
1775280986, 2450, 166, 398, 0, 0, 0.54%, 1, 0, 5, 1483.72
1775280991, 2450, 266, 398, 0, 0, 0.54%, 1, 0, 5, 1388.88
1775280996, 2450, 322, 398, 0, 0, 0.54%, 1, 0, 5, 1386.30
1775281001, 2451, 47, 398, 0, 0, 0.54%, 1, 0, 5, 1420.93
1775281006, 2451, 88, 398, 0, 0, 0.54%, 1, 0, 5, 1512.11
1775281012, 2451, 135, 398, 0, 0, 0.54%, 1, 0, 5, 1574.38
1775281017, 2451, 194, 398, 0, 0, 0.54%, 1, 0, 5, 1419.24
1775281022, 2451, 304, 398, 0, 0, 0.54%, 1, 0, 5, 1372.31
1775281027, 2452, 18, 398, 0, 0, 0.54%, 1, 0, 5, 1335.62
1775281032, 2452, 83, 398, 0, 0, 0.54%, 1, 0, 5, 1522.02
1775281037, 2452, 106, 398, 0, 0, 0.54%, 1, 0, 5, 1398.96
1775281042, 2452, 229, 398, 0, 0, 0.54%, 1, 0, 5, 1425.80
1775281048, 2452, 311, 398, 0, 0, 0.54%, 1, 0, 5, 1428.20
1775281053, 2453, 26, 398, 0, 0, 0.54%, 1, 0, 5, 1398.89
1775281058, 2453, 83, 398, 0, 0, 0.54%, 1, 0, 5, 1494.81
1775281063, 2453, 95, 398, 0, 0, 0.54%, 1, 0, 5, 1477.73
1775281068, 2453, 202, 398, 0, 0, 0.54%, 1, 0, 5, 1463.90
1775281073, 2453, 263, 398, 0, 0, 0.54%, 1, 0, 5, 1477.91
1775281078, 2453, 304, 398, 0, 0, 0.54%, 1, 0, 5, 1399.02
1775281083, 2454, 20, 398, 0, 0, 0.54%, 1, 0, 5, 1287.63
1775281089, 2454, 83, 398, 0, 0, 0.54%, 1, 0, 5, 1523.44
1775281094, 2454, 106, 398, 0, 0, 0.54%, 1, 0, 5, 1565.30
1775281099, 2454, 149, 398, 0, 0, 0.54%, 1, 0, 5, 1529.81
1775281104, 2454, 304, 398, 0, 0, 0.54%, 1, 0, 5, 1416.28
1775281109, 2454, 333, 398, 0, 0, 0.54%, 1, 0, 5, 1286.24
1775281114, 2455, 57, 398, 0, 0, 0.54%, 1, 0, 5, 1436.01
1775281119, 2455, 86, 398, 0, 0, 0.54%, 1, 0, 5, 1461.14
1775281124, 2455, 158, 398, 0, 0, 0.54%, 1, 0, 5, 1534.30
1775281129, 2455, 284, 398, 0, 0, 0.54%, 1, 0, 5, 1528.20
1775281134, 2456, 20, 398, 0, 0, 0.54%, 1, 0, 5, 1869.36
1775281140, 2456, 73, 398, 0, 0, 0.54%, 1, 0, 5, 1498.50
1775281145, 2456, 93, 398, 0, 0, 0.54%, 1, 0, 5, 1468.79
1775281150, 2456, 118, 398, 0, 0, 0.54%, 1, 0, 5, 1448.32
1775281155, 2456, 221, 398, 0, 0, 0.54%, 1, 0, 5, 1354.38
1775281160, 2456, 313, 398, 0, 0, 0.54%, 1, 0, 5, 1443.06
1775281165, 2457, 31, 398, 0, 0, 0.54%, 1, 0, 5, 1486.73
1775281170, 2457, 83, 398, 0, 0, 0.54%, 1, 0, 5, 1527.23
1775281175, 2457, 96, 398, 0, 0, 0.54%, 1, 0, 5, 1387.65
1775281180, 2457, 230, 398, 0, 0, 0.54%, 1, 0, 5, 1407.26
1775281185, 2457, 312, 398, 0, 0, 0.54%, 1, 0, 5, 1366.36
1775281191, 2458, 14, 398, 0, 0, 0.54%, 1, 0, 5, 1652.21
1775281196, 2458, 70, 398, 0, 0, 0.54%, 1, 0, 5, 1450.39
1775281201, 2458, 93, 398, 0, 0, 0.54%, 1, 0, 5, 1420.33
1775281206, 2458, 158, 398, 0, 0, 0.54%, 1, 0, 5, 1387.92
1775281211, 2458, 304, 398, 0, 0, 0.54%, 1, 0, 5, 1385.74
1775281216, 2459, 22, 398, 0, 0, 0.54%, 1, 0, 5, 1491.86
1775281221, 2459, 73, 398, 0, 0, 0.54%, 1, 0, 5, 1539.49
1775281226, 2459, 104, 398, 0, 0, 0.54%, 1, 0, 5, 1453.24
1775281231, 2459, 158, 398, 0, 0, 0.54%, 1, 0, 5, 1461.54
1775281236, 2459, 256, 398, 0, 0, 0.54%, 1, 0, 5, 1479.34
1775281242, 2459, 323, 398, 0, 0, 0.54%, 1, 0, 5, 1319.70
1775281247, 2460, 73, 398, 0, 0, 0.54%, 1, 0, 5, 1446.72
1775281252, 2460, 93, 398, 0, 0, 0.54%, 1, 0, 5, 1530.58
1775281257, 2460, 175, 398, 0, 0, 0.54%, 1, 0, 5, 1479.70
1775281262, 2460, 259, 398, 0, 0, 0.54%, 1, 0, 5, 1405.25
1775281267, 2460, 331, 398, 0, 0, 0.54%, 1, 0, 5, 1427.36
1775281272, 2461, 73, 398, 0, 0, 0.54%, 1, 0, 5, 1417.56
1775281278, 2461, 93, 398, 0, 0, 0.54%, 1, 0, 5, 1501.92
1775281283, 2461, 169, 398, 0, 0, 0.54%, 1, 0, 5, 1437.80
1775281288, 2461, 248, 398, 0, 0, 0.54%, 1, 0, 5, 1530.51
1775281293, 2461, 383, 398, 0, 0, 0.54%, 1, 0, 5, 1322.16
1775281298, 2462, 57, 398, 0, 0, 0.54%, 1, 0, 5, 1523.38
1775281303, 2462, 93, 398, 0, 0, 0.54%, 1, 0, 5, 1528.34
1775281308, 2462, 171, 398, 0, 0, 0.54%, 1, 0, 5, 1539.73
1775281313, 2462, 304, 398, 0, 0, 0.54%, 1, 0, 5, 1462.21
1775281318, 2463, 5, 398, 0, 0, 0.54%, 1, 0, 5, 1294.20
1775281323, 2463, 86, 398, 0, 0, 0.54%, 1, 0, 5, 1585.04
1775281328, 2463, 117, 398, 0, 0, 0.54%, 1, 0, 5, 1473.13
1775281333, 2463, 189, 398, 0, 0, 0.54%, 1, 0, 5, 1470.94
1775281338, 2463, 311, 398, 0, 0, 0.54%, 1, 0, 5, 1435.66
1775281343, 2464, 57, 398, 0, 0, 0.54%, 1, 0, 5, 1387.95
1775281349, 2464, 88, 398, 0, 0, 0.54%, 1, 0, 5, 1459.60
1775281354, 2464, 130, 398, 0, 0, 0.54%, 1, 0, 5, 1345.82
1775281359, 2464, 312, 398, 0, 0, 0.54%, 1, 0, 5, 1347.19
1775281364, 2465, 57, 398, 0, 0, 0.54%, 1, 0, 5, 1457.50
1775281369, 2465, 88, 398, 0, 0, 0.54%, 1, 0, 5, 1549.99
1775281374, 2465, 158, 398, 0, 0, 0.54%, 1, 0, 5, 1467.88
1775281379, 2465, 287, 398, 0, 0, 0.54%, 1, 0, 5, 1576.16
1775281384, 2466, 7, 398, 0, 0, 0.54%, 1, 0, 5, 1434.50
1775281389, 2466, 73, 398, 0, 0, 0.54%, 1, 0, 5, 1497.18
1775281394, 2466, 106, 398, 0, 0, 0.54%, 1, 0, 5, 1513.96
1775281400, 2466, 188, 398, 0, 0, 0.54%, 1, 0, 5, 1428.48
1775281405, 2466, 311, 398, 0, 0, 0.54%, 1, 0, 5, 1328.33
1775281410, 2467, 11, 398, 0, 0, 0.54%, 1, 0, 5, 1254.73
1775281415, 2467, 65, 398, 0, 0, 0.54%, 1, 0, 5, 1366.01
1775281420, 2467, 88, 398, 0, 0, 0.54%, 1, 0, 5, 1378.55
1775281425, 2467, 118, 398, 0, 0, 0.54%, 1, 0, 5, 1565.43
1775281430, 2467, 234, 398, 0, 0, 0.54%, 1, 0, 5, 1414.47
1775281435, 2467, 337, 398, 0, 0, 0.54%, 1, 0, 5, 1323.61
1775281441, 2468, 69, 398, 0, 0, 0.54%, 1, 0, 5, 1331.64
1775281446, 2468, 106, 398, 0, 0, 0.54%, 1, 0, 5, 1454.64
1775281451, 2468, 170, 398, 0, 0, 0.54%, 1, 0, 5, 1427.86
1775281456, 2468, 304, 398, 0, 0, 0.54%, 1, 0, 5, 1401.52
1775281461, 2468, 345, 398, 0, 0, 0.54%, 1, 0, 5, 1353.87
1775281466, 2469, 61, 398, 0, 0, 0.54%, 1, 0, 5, 1415.58
1775281471, 2469, 84, 398, 0, 0, 0.54%, 1, 0, 5, 1495.83
1775281476, 2469, 106, 398, 0, 0, 0.54%, 1, 0, 5, 1425.35
1775281481, 2469, 207, 398, 0, 0, 0.54%, 1, 0, 5, 1409.96
1775281486, 2469, 312, 398, 0, 0, 0.54%, 1, 0, 5, 1451.54
1775281492, 2470, 46, 398, 0, 0, 0.54%, 1, 0, 5, 1324.90
1775281497, 2470, 86, 398, 0, 0, 0.54%, 1, 0, 5, 1497.39
1775281502, 2470, 126, 398, 0, 0, 0.54%, 1, 0, 5, 1372.98
1775281507, 2470, 158, 398, 0, 0, 0.54%, 1, 0, 5, 1360.68
1775281512, 2470, 279, 398, 0, 0, 0.54%, 1, 0, 5, 1506.34
1775281517, 2470, 337, 398, 0, 0, 0.54%, 1, 0, 5, 1390.43
1775281522, 2471, 33, 398, 0, 0, 0.54%, 1, 0, 5, 1453.93
1775281527, 2471, 83, 398, 0, 0, 0.54%, 1, 0, 5, 1487.10
1775281532, 2471, 106, 398, 0, 0, 0.54%, 1, 0, 5, 1552.60
1775281537, 2471, 295, 398, 0, 0, 0.54%, 1, 0, 5, 1416.18
1775281542, 2472, 5, 398, 0, 0, 0.54%, 1, 0, 5, 1631.84
1775281548, 2472, 57, 398, 0, 0, 0.54%, 1, 0, 5, 1529.20
1775281553, 2472, 88, 398, 0, 0, 0.54%, 1, 0, 5, 490.93
1775281558, 2472, 188, 398, 0, 0, 0.54%, 1, 0, 5, 1289.21
1775281563, 2472, 312, 398, 0, 0, 0.54%, 1, 0, 5, 1444.30
1775281568, 2473, 51, 398, 0, 0, 0.54%, 1, 0, 5, 1657.67
1775281573, 2473, 92, 398, 0, 0, 0.54%, 1, 0, 5, 1606.92
1775281578, 2473, 142, 398, 0, 0, 0.54%, 1, 0, 5, 1502.98
1775281583, 2473, 195, 398, 0, 0, 0.54%, 1, 0, 5, 1449.37
1775281588, 2473, 287, 398, 0, 0, 0.54%, 1, 0, 5, 1510.53
1775281594, 2473, 378, 398, 0, 0, 0.54%, 1, 0, 5, 1397.03
1775281599, 2474, 83, 398, 0, 0, 0.54%, 1, 0, 5, 1391.29
1775281604, 2474, 112, 398, 0, 0, 0.54%, 1, 0, 5, 1576.73
1775281609, 2474, 210, 398, 0, 0, 0.54%, 1, 0, 5, 1439.09
1775281614, 2474, 311, 398, 0, 0, 0.54%, 1, 0, 5, 1326.62
1775281619, 2474, 366, 398, 0, 0, 0.54%, 1, 0, 5, 1243.51
1775281624, 2475, 86, 398, 0, 0, 0.54%, 1, 0, 5, 1578.74
1775281629, 2475, 136, 398, 0, 0, 0.54%, 1, 0, 5, 1428.58
1775281634, 2475, 260, 398, 0, 0, 0.54%, 1, 0, 5, 1392.97
1775281640, 2475, 310, 398, 0, 0, 0.54%, 1, 0, 5, 1387.93
1775281645, 2476, 18, 398, 0, 0, 0.54%, 1, 0, 5, 1130.60
1775281650, 2476, 86, 398, 0, 0, 0.54%, 1, 0, 5, 1386.38
1775281655, 2476, 145, 398, 0, 0, 0.54%, 1, 0, 5, 1391.85
1775281660, 2476, 224, 398, 0, 0, 0.54%, 1, 0, 5, 1449.73
1775281665, 2476, 304, 398, 0, 0, 0.54%, 1, 0, 5, 1436.26
1775281670, 2477, 19, 398, 0, 0, 0.54%, 1, 0, 5, 1346.53
1775281676, 2477, 85, 398, 0, 0, 0.54%, 1, 0, 5, 1549.87
1775281681, 2477, 106, 398, 0, 0, 0.54%, 1, 0, 5, 1542.62
1775281686, 2477, 168, 398, 0, 0, 0.54%, 1, 0, 5, 1483.82
1775281691, 2477, 311, 398, 0, 0, 0.54%, 1, 0, 5, 1466.59
1775281696, 2478, 5, 398, 0, 0, 0.54%, 1, 0, 5, 1334.21
1775281701, 2478, 57, 398, 0, 0, 0.54%, 1, 0, 5, 1463.99
1775281706, 2478, 88, 398, 0, 0, 0.54%, 1, 0, 5, 1452.85
1775281711, 2478, 169, 398, 0, 0, 0.54%, 1, 0, 5, 1488.87
1775281716, 2478, 304, 398, 0, 0, 0.54%, 1, 0, 5, 1294.40
1775281721, 2478, 388, 398, 0, 0, 0.54%, 1, 0, 5, 1325.72
1775281726, 2479, 74, 398, 0, 0, 0.54%, 1, 0, 5, 1538.02
1775281731, 2479, 106, 398, 0, 0, 0.54%, 1, 0, 5, 1492.83
1775281737, 2479, 234, 398, 0, 0, 0.54%, 1, 0, 5, 1476.55
1775281742, 2479, 337, 398, 0, 0, 0.54%, 1, 0, 5, 1345.24
1775281747, 2480, 83, 398, 0, 0, 0.54%, 1, 0, 5, 1332.45
1775281752, 2480, 102, 398, 0, 0, 0.54%, 1, 0, 5, 1522.31
1775281757, 2480, 194, 398, 0, 0, 0.54%, 1, 0, 5, 1499.50
1775281762, 2480, 263, 398, 0, 0, 0.54%, 1, 0, 5, 1522.25
1775281767, 2480, 317, 398, 0, 0, 0.54%, 1, 0, 5, 1419.35
1775281772, 2481, 13, 398, 0, 0, 0.54%, 1, 0, 5, 1280.79
1775281778, 2481, 83, 398, 0, 0, 0.54%, 1, 0, 5, 1598.60
1775281783, 2481, 122, 398, 0, 0, 0.54%, 1, 0, 5, 1541.05
1775281788, 2481, 242, 398, 0, 0, 0.54%, 1, 0, 5, 1506.44
1775281793, 2481, 304, 398, 0, 0, 0.54%, 1, 0, 5, 1444.34
1775281798, 2482, 3, 398, 0, 0, 0.54%, 1, 0, 5, 1305.72
1775281803, 2482, 80, 398, 0, 0, 0.54%, 1, 0, 5, 1496.77
1775281808, 2482, 106, 398, 0, 0, 0.54%, 1, 0, 5, 1432.10
1775281813, 2482, 169, 398, 0, 0, 0.54%, 1, 0, 5, 1484.80
1775281818, 2482, 272, 398, 0, 0, 0.54%, 1, 0, 5, 1461.84
1775281823, 2482, 333, 398, 0, 0, 0.54%, 1, 0, 5, 1432.30
1775281828, 2483, 25, 398, 0, 0, 0.54%, 1, 0, 5, 1475.46
1775281833, 2483, 83, 398, 0, 0, 0.54%, 1, 0, 5, 1500.19
1775281838, 2483, 121, 398, 0, 0, 0.54%, 1, 0, 5, 1495.11
1775281844, 2483, 210, 398, 0, 0, 0.54%, 1, 0, 5, 1476.24
1775281849, 2483, 302, 398, 0, 0, 0.54%, 1, 0, 5, 1424.37
1775281854, 2483, 342, 398, 0, 0, 0.54%, 1, 0, 5, 1385.71
1775281859, 2484, 51, 398, 0, 0, 0.54%, 1, 0, 5, 1504.87
1775281864, 2484, 83, 398, 0, 0, 0.54%, 1, 0, 5, 1543.38
1775281869, 2484, 106, 398, 0, 0, 0.54%, 1, 0, 5, 1467.12
1775281874, 2484, 179, 398, 0, 0, 0.54%, 1, 0, 5, 1331.32
1775281879, 2484, 311, 398, 0, 0, 0.54%, 1, 0, 5, 1396.19
1775281884, 2485, 23, 398, 0, 0, 0.54%, 1, 0, 5, 1419.62
1775281889, 2485, 69, 398, 0, 0, 0.54%, 1, 0, 5, 1509.43
1775281895, 2485, 93, 398, 0, 0, 0.54%, 1, 0, 5, 1619.43
1775281900, 2485, 145, 398, 0, 0, 0.54%, 1, 0, 5, 1505.66
1775281905, 2485, 266, 398, 0, 0, 0.54%, 1, 0, 5, 1504.19
1775281910, 2485, 309, 398, 0, 0, 0.54%, 1, 0, 5, 1384.06
1775281915, 2485, 393, 398, 0, 0, 0.54%, 1, 0, 5, 1548.47
1775281920, 2486, 73, 398, 0, 0, 0.54%, 1, 0, 5, 1586.77
1775281925, 2486, 100, 398, 0, 0, 0.54%, 1, 0, 5, 1518.23
1775281930, 2486, 199, 398, 0, 0, 0.54%, 1, 0, 5, 1587.72
1775281935, 2486, 287, 398, 0, 0, 0.54%, 1, 0, 5, 1465.79
1775281940, 2486, 366, 398, 0, 0, 0.54%, 1, 0, 5, 1363.56
1775281945, 2487, 23, 398, 0, 0, 0.54%, 1, 0, 5, 836.47
1775281950, 2487, 88, 398, 0, 0, 0.54%, 1, 0, 5, 1416.34
1775281956, 2487, 141, 398, 0, 0, 0.54%, 1, 0, 5, 1434.73
1775281961, 2487, 249, 398, 0, 0, 0.54%, 1, 0, 5, 1458.49
1775281966, 2487, 307, 398, 0, 0, 0.54%, 1, 0, 5, 1453.47
1775281971, 2488, 51, 398, 0, 0, 0.54%, 1, 0, 5, 1340.08
1775281976, 2488, 93, 398, 0, 0, 0.54%, 1, 0, 5, 1507.49
1775281981, 2488, 150, 398, 0, 0, 0.54%, 1, 0, 5, 1531.79
1775281986, 2488, 302, 398, 0, 0, 0.54%, 1, 0, 5, 1308.56
1775281991, 2488, 339, 398, 0, 0, 0.54%, 1, 0, 5, 1394.87
1775281996, 2489, 69, 398, 0, 0, 0.54%, 1, 0, 5, 1484.69
1775282002, 2489, 88, 398, 0, 0, 0.54%, 1, 0, 5, 1515.63
1775282007, 2489, 160, 398, 0, 0, 0.54%, 1, 0, 5, 1574.46
1775282012, 2489, 232, 398, 0, 0, 0.54%, 1, 0, 5, 1482.64
1775282017, 2489, 288, 398, 0, 0, 0.54%, 1, 0, 5, 1453.11
1775282022, 2489, 394, 398, 0, 0, 0.54%, 1, 0, 5, 1395.88
1775282027, 2490, 3, 398, 0, 0, 0.54%, 1, 0, 5, 1388.62
1775282033, 2490, 73, 398, 0, 0, 0.54%, 1, 0, 5, 1598.94
1775282038, 2490, 106, 398, 0, 0, 0.54%, 1, 0, 5, 1618.24
1775282043, 2490, 302, 398, 0, 0, 0.54%, 1, 0, 5, 1572.85
1775282048, 2490, 366, 398, 0, 0, 0.54%, 1, 0, 5, 1325.99
1775282053, 2491, 27, 398, 0, 0, 0.54%, 1, 0, 5, 1427.29
1775282058, 2491, 68, 398, 0, 0, 0.54%, 1, 0, 5, 1453.94
1775282063, 2491, 93, 398, 0, 0, 0.54%, 1, 0, 5, 1366.98
1775282068, 2491, 190, 398, 0, 0, 0.54%, 1, 0, 5, 1427.08
1775282073, 2491, 311, 398, 0, 0, 0.54%, 1, 0, 5, 1434.13
1775282079, 2492, 15, 398, 0, 0, 0.54%, 1, 0, 5, 1278.48
1775282084, 2492, 57, 398, 0, 0, 0.54%, 1, 0, 5, 1309.93
1775282089, 2492, 86, 398, 0, 0, 0.54%, 1, 0, 5, 1368.00
1775282094, 2492, 116, 398, 0, 0, 0.54%, 1, 0, 5, 1448.82
1775282099, 2492, 287, 398, 0, 0, 0.54%, 1, 0, 5, 1578.82
1775282104, 2493, 28, 398, 0, 0, 0.54%, 1, 0, 5, 1464.34
1775282109, 2493, 73, 398, 0, 0, 0.54%, 1, 0, 5, 1567.39
1775282114, 2493, 97, 398, 0, 0, 0.54%, 1, 0, 5, 1493.08
1775282119, 2493, 158, 398, 0, 0, 0.54%, 1, 0, 5, 1444.03
1775282124, 2493, 333, 398, 0, 0, 0.54%, 1, 0, 5, 1425.18
1775282129, 2494, 51, 398, 0, 0, 0.54%, 1, 0, 5, 1413.51
1775282134, 2494, 83, 398, 0, 0, 0.54%, 1, 0, 5, 1382.53
1775282139, 2494, 128, 398, 0, 0, 0.54%, 1, 0, 5, 1482.68
1775282144, 2494, 267, 398, 0, 0, 0.54%, 1, 0, 5, 1466.35
1775282150, 2494, 310, 398, 0, 0, 0.54%, 1, 0, 5, 1509.56
1775282155, 2495, 45, 398, 0, 0, 0.54%, 1, 0, 5, 1422.00
1775282160, 2495, 86, 398, 0, 0, 0.54%, 1, 0, 5, 1527.00
1775282165, 2495, 106, 398, 0, 0, 0.54%, 1, 0, 5, 1420.58
1775282170, 2495, 187, 398, 0, 0, 0.54%, 1, 0, 5, 1470.64
1775282175, 2495, 295, 398, 0, 0, 0.54%, 1, 0, 5, 1475.81
1775282180, 2495, 391, 398, 0, 0, 0.54%, 1, 0, 5, 1315.97
1775282185, 2496, 73, 398, 0, 0, 0.54%, 1, 0, 5, 1513.13
1775282190, 2496, 117, 398, 0, 0, 0.54%, 1, 0, 5, 1544.24
1775282195, 2496, 210, 398, 0, 0, 0.54%, 1, 0, 5, 1521.85
1775282200, 2496, 332, 398, 0, 0, 0.54%, 1, 0, 5, 1418.58
1775282206, 2497, 73, 398, 0, 0, 0.54%, 1, 0, 5, 1487.37
1775282211, 2497, 87, 398, 0, 0, 0.54%, 1, 0, 5, 1442.31
1775282216, 2497, 151, 398, 0, 0, 0.54%, 1, 0, 5, 1480.89
1775282221, 2497, 209, 398, 0, 0, 0.54%, 1, 0, 5, 1387.87
1775282226, 2497, 310, 398, 0, 0, 0.54%, 1, 0, 5, 1353.30
1775282231, 2498, 21, 398, 0, 0, 0.54%, 1, 0, 5, 1404.79
1775282236, 2498, 57, 398, 0, 0, 0.54%, 1, 0, 5, 1465.78
1775282241, 2498, 86, 398, 0, 0, 0.54%, 1, 0, 5, 1421.01
1775282246, 2498, 158, 398, 0, 0, 0.54%, 1, 0, 5, 1464.35
1775282252, 2498, 273, 398, 0, 0, 0.54%, 1, 0, 5, 1352.97
1775282257, 2498, 333, 398, 0, 0, 0.54%, 1, 0, 5, 1401.17
1775282262, 2499, 73, 398, 0, 0, 0.54%, 1, 0, 5, 1504.17
1775282267, 2499, 137, 398, 0, 0, 0.54%, 1, 0, 5, 1505.12
1775282272, 2499, 274, 398, 0, 0, 0.54%, 1, 0, 5, 1426.20
1775282277, 2499, 375, 398, 0, 0, 0.54%, 1, 0, 5, 1290.50
1775282282, 2500, 72, 398, 0, 0, 0.54%, 1, 0, 5, 1499.49
1775282287, 2500, 88, 398, 0, 0, 0.54%, 1, 0, 5, 1567.34
1775282293, 2500, 232, 398, 0, 0, 0.54%, 1, 0, 5, 1551.14
1775282298, 2500, 342, 398, 0, 0, 0.54%, 1, 0, 5, 1422.06
1775282303, 2501, 2, 398, 0, 0, 0.54%, 1, 0, 5, 1383.55
1775282308, 2501, 83, 398, 0, 0, 0.54%, 1, 0, 5, 1517.01
1775282313, 2501, 149, 398, 0, 0, 0.54%, 1, 0, 5, 1503.87
1775282318, 2501, 216, 398, 0, 0, 0.54%, 1, 0, 5, 1503.56
1775282323, 2501, 312, 398, 0, 0, 0.54%, 1, 0, 5, 1497.87
1775282328, 2502, 57, 398, 0, 0, 0.54%, 1, 0, 5, 1445.85
1775282333, 2502, 88, 398, 0, 0, 0.54%, 1, 0, 5, 1535.72
1775282338, 2502, 158, 398, 0, 0, 0.54%, 1, 0, 5, 1451.33
1775282343, 2502, 208, 398, 0, 0, 0.54%, 1, 0, 5, 1427.72
1775282348, 2502, 312, 398, 0, 0, 0.54%, 1, 0, 5, 1336.24
1775282354, 2503, 29, 398, 0, 0, 0.54%, 1, 0, 5, 1238.73
1775282359, 2503, 57, 398, 0, 0, 0.54%, 1, 0, 5, 1260.45
1775282364, 2503, 93, 398, 0, 0, 0.54%, 1, 0, 5, 1462.46
1775282369, 2503, 147, 398, 0, 0, 0.54%, 1, 0, 5, 1470.51
1775282374, 2503, 267, 398, 0, 0, 0.54%, 1, 0, 5, 1549.28
1775282379, 2503, 333, 398, 0, 0, 0.54%, 1, 0, 5, 1470.00
1775282384, 2504, 21, 398, 0, 0, 0.54%, 1, 0, 5, 1465.33
1775282389, 2504, 83, 398, 0, 0, 0.54%, 1, 0, 5, 1497.46
1775282395, 2504, 106, 398, 0, 0, 0.54%, 1, 0, 5, 1451.50
1775282400, 2504, 172, 398, 0, 0, 0.54%, 1, 0, 5, 1402.18
1775282405, 2504, 304, 398, 0, 0, 0.54%, 1, 0, 5, 1434.69
1775282410, 2505, 57, 398, 0, 0, 0.54%, 1, 0, 5, 1415.83
1775282415, 2505, 93, 398, 0, 0, 0.54%, 1, 0, 5, 1500.61
1775282420, 2505, 192, 398, 0, 0, 0.54%, 1, 0, 5, 1528.64
1775282425, 2505, 304, 398, 0, 0, 0.54%, 1, 0, 5, 1514.12
1775282430, 2506, 54, 398, 0, 0, 0.54%, 1, 0, 5, 1450.31
1775282435, 2506, 86, 398, 0, 0, 0.54%, 1, 0, 5, 1397.39
1775282440, 2506, 110, 398, 0, 0, 0.54%, 1, 0, 5, 1459.07
1775282445, 2506, 204, 398, 0, 0, 0.54%, 1, 0, 5, 1428.12
1775282451, 2506, 287, 398, 0, 0, 0.54%, 1, 0, 5, 1331.62
1775282456, 2507, 0, 398, 0, 0, 0.54%, 1, 0, 5, 1290.21
1775282461, 2507, 83, 398, 0, 0, 0.54%, 1, 0, 5, 1438.70
1775282466, 2507, 175, 398, 0, 0, 0.54%, 1, 0, 5, 1477.85
1775282471, 2507, 312, 398, 0, 0, 0.54%, 1, 0, 5, 1380.83
1775282476, 2508, 57, 398, 0, 0, 0.54%, 1, 0, 5, 1374.59
1775282481, 2508, 86, 398, 0, 0, 0.54%, 1, 0, 5, 1467.62
1775282486, 2508, 119, 398, 0, 0, 0.54%, 1, 0, 5, 1590.25
1775282491, 2508, 287, 398, 0, 0, 0.54%, 1, 0, 5, 1445.14
1775282496, 2508, 386, 398, 0, 0, 0.54%, 1, 0, 5, 1304.11
1775282501, 2509, 77, 398, 0, 0, 0.54%, 1, 0, 5, 1657.77
1775282506, 2509, 93, 398, 0, 0, 0.54%, 1, 0, 5, 1475.43
1775282511, 2509, 158, 398, 0, 0, 0.54%, 1, 0, 5, 1546.50
1775282516, 2509, 235, 398, 0, 0, 0.54%, 1, 0, 5, 1582.79
1775282521, 2509, 333, 398, 0, 0, 0.54%, 1, 0, 5, 1457.04
1775282526, 2509, 389, 398, 0, 0, 0.54%, 1, 0, 5, 1125.38
1775282531, 2510, 83, 398, 0, 0, 0.54%, 1, 0, 5, 1489.68
1775282536, 2510, 112, 398, 0, 0, 0.54%, 1, 0, 5, 1426.89
1775282542, 2510, 261, 398, 0, 0, 0.54%, 1, 0, 5, 1408.79
1775282547, 2510, 319, 398, 0, 0, 0.54%, 1, 0, 5, 1403.72
1775282552, 2511, 70, 398, 0, 0, 0.54%, 1, 0, 5, 1531.35
1775282557, 2511, 93, 398, 0, 0, 0.54%, 1, 0, 5, 1372.58
1775282562, 2511, 208, 398, 0, 0, 0.54%, 1, 0, 5, 1361.14
1775282567, 2511, 283, 398, 0, 0, 0.54%, 1, 0, 5, 1394.61
1775282572, 2511, 333, 398, 0, 0, 0.54%, 1, 0, 5, 1418.86
1775282577, 2512, 5, 398, 0, 0, 0.54%, 1, 0, 5, 1368.25
1775282582, 2512, 83, 398, 0, 0, 0.54%, 1, 0, 5, 1471.57
1775282588, 2512, 106, 398, 0, 0, 0.54%, 1, 0, 5, 1376.10
1775282593, 2512, 233, 398, 0, 0, 0.54%, 1, 0, 5, 234.04
1775282598, 2512, 335, 398, 0, 0, 0.54%, 1, 0, 5, 1258.25
1775282603, 2512, 394, 398, 0, 0, 0.54%, 1, 0, 5, 1367.01
1775282608, 2513, 73, 398, 0, 0, 0.54%, 1, 0, 5, 1516.44
1775282613, 2513, 106, 398, 0, 0, 0.54%, 1, 0, 5, 1513.66
1775282618, 2513, 223, 398, 0, 0, 0.54%, 1, 0, 5, 1535.90
1775282623, 2513, 304, 398, 0, 0, 0.54%, 1, 0, 5, 1460.90
1775282628, 2513, 355, 398, 0, 0, 0.54%, 1, 0, 5, 1297.34
1775282633, 2514, 57, 398, 0, 0, 0.54%, 1, 0, 5, 1477.18
1775282638, 2514, 88, 398, 0, 0, 0.54%, 1, 0, 5, 1509.44
1775282644, 2514, 202, 398, 0, 0, 0.54%, 1, 0, 5, 1433.47
1775282649, 2514, 243, 398, 0, 0, 0.54%, 1, 0, 5, 1502.74
1775282654, 2514, 326, 398, 0, 0, 0.54%, 1, 0, 5, 1373.40
1775282659, 2515, 57, 398, 0, 0, 0.54%, 1, 0, 5, 1400.08
1775282664, 2515, 93, 398, 0, 0, 0.54%, 1, 0, 5, 1456.63
1775282669, 2515, 158, 398, 0, 0, 0.54%, 1, 0, 5, 1423.79
1775282674, 2515, 310, 398, 0, 0, 0.54%, 1, 0, 5, 1375.96
1775282679, 2516, 51, 398, 0, 0, 0.54%, 1, 0, 5, 1555.00
1775282685, 2516, 88, 398, 0, 0, 0.54%, 1, 0, 5, 1550.02
1775282690, 2516, 158, 398, 0, 0, 0.54%, 1, 0, 5, 1470.79
1775282695, 2516, 242, 398, 0, 0, 0.54%, 1, 0, 5, 1343.52
1775282700, 2516, 307, 398, 0, 0, 0.54%, 1, 0, 5, 1397.52
1775282705, 2517, 73, 398, 0, 0, 0.54%, 1, 0, 5, 1481.94
1775282710, 2517, 88, 398, 0, 0, 0.54%, 1, 0, 5, 1412.46
1775282715, 2517, 158, 398, 0, 0, 0.54%, 1, 0, 5, 1475.86
1775282720, 2517, 289, 398, 0, 0, 0.54%, 1, 0, 5, 1566.42
1775282725, 2517, 329, 398, 0, 0, 0.54%, 1, 0, 5, 1472.94
1775282730, 2518, 73, 398, 0, 0, 0.54%, 1, 0, 5, 1518.51
1775282735, 2518, 106, 398, 0, 0, 0.54%, 1, 0, 5, 1405.29
1775282741, 2518, 157, 398, 0, 0, 0.54%, 1, 0, 5, 1467.76
1775282746, 2518, 200, 398, 0, 0, 0.54%, 1, 0, 5, 1508.78
1775282751, 2518, 237, 398, 0, 0, 0.54%, 1, 0, 5, 1200.72
1775282756, 2518, 312, 398, 0, 0, 0.54%, 1, 0, 5, 1240.63
1775282761, 2518, 351, 398, 0, 0, 0.54%, 1, 0, 5, 1257.84
1775282766, 2519, 55, 398, 0, 0, 0.54%, 1, 0, 5, 1316.85
1775282771, 2519, 83, 398, 0, 0, 0.54%, 1, 0, 5, 1592.31
1775282776, 2519, 106, 398, 0, 0, 0.54%, 1, 0, 5, 1581.50
1775282781, 2519, 229, 398, 0, 0, 0.54%, 1, 0, 5, 1506.03
1775282787, 2519, 333, 398, 0, 0, 0.54%, 1, 0, 5, 1432.30
1775282792, 2520, 64, 398, 0, 0, 0.54%, 1, 0, 5, 1421.06
1775282797, 2520, 88, 398, 0, 0, 0.54%, 1, 0, 5, 1532.43
1775282802, 2520, 138, 398, 0, 0, 0.54%, 1, 0, 5, 1422.24
1775282807, 2520, 311, 398, 0, 0, 0.54%, 1, 0, 5, 1337.56
1775282812, 2520, 396, 398, 0, 0, 0.54%, 1, 0, 5, 1375.21
1775282817, 2521, 32, 398, 0, 0, 0.54%, 1, 0, 5, 1468.30
1775282822, 2521, 86, 398, 0, 0, 0.54%, 1, 0, 5, 1488.92
1775282827, 2521, 106, 398, 0, 0, 0.54%, 1, 0, 5, 1447.27
1775282832, 2521, 202, 398, 0, 0, 0.54%, 1, 0, 5, 1514.08
1775282837, 2521, 283, 398, 0, 0, 0.54%, 1, 0, 5, 1016.48
1775282842, 2521, 337, 398, 0, 0, 0.54%, 1, 0, 5, 1331.83
1775282848, 2522, 51, 398, 0, 0, 0.54%, 1, 0, 5, 1353.96
1775282853, 2522, 88, 398, 0, 0, 0.54%, 1, 0, 5, 1475.98
1775282858, 2522, 126, 398, 0, 0, 0.54%, 1, 0, 5, 1473.02
1775282863, 2522, 201, 398, 0, 0, 0.54%, 1, 0, 5, 1525.45
1775282868, 2522, 312, 398, 0, 0, 0.54%, 1, 0, 5, 1442.79
1775282873, 2522, 396, 398, 0, 0, 0.54%, 1, 0, 5, 1484.12
1775282878, 2523, 57, 398, 0, 0, 0.54%, 1, 0, 5, 1589.54
1775282883, 2523, 93, 398, 0, 0, 0.54%, 1, 0, 5, 1477.40
1775282888, 2523, 161, 398, 0, 0, 0.54%, 1, 0, 5, 1544.48
1775282893, 2523, 333, 398, 0, 0, 0.54%, 1, 0, 5, 1425.51
1775282898, 2524, 57, 398, 0, 0, 0.54%, 1, 0, 5, 1450.45
1775282903, 2524, 93, 398, 0, 0, 0.54%, 1, 0, 5, 1520.67
1775282909, 2524, 158, 398, 0, 0, 0.54%, 1, 0, 5, 1493.67
1775282914, 2524, 312, 398, 0, 0, 0.54%, 1, 0, 5, 1448.22
1775282919, 2525, 56, 398, 0, 0, 0.54%, 1, 0, 5, 1411.38
1775282924, 2525, 86, 398, 0, 0, 0.54%, 1, 0, 5, 1535.85
1775282929, 2525, 263, 398, 0, 0, 0.54%, 1, 0, 5, 1676.96
1775282934, 2525, 312, 398, 0, 0, 0.54%, 1, 0, 5, 1380.53
1775282939, 2526, 36, 398, 0, 0, 0.54%, 1, 0, 5, 1429.05
1775282944, 2526, 83, 398, 0, 0, 0.54%, 1, 0, 5, 1501.44
1775282949, 2526, 106, 398, 0, 0, 0.54%, 1, 0, 5, 1415.91
1775282954, 2526, 235, 398, 0, 0, 0.54%, 1, 0, 5, 1345.97
1775282959, 2526, 304, 398, 0, 0, 0.54%, 1, 0, 5, 1317.52
1775282964, 2527, 51, 398, 0, 0, 0.54%, 1, 0, 5, 1396.20
1775282969, 2527, 86, 398, 0, 0, 0.54%, 1, 0, 5, 1463.41
1775282975, 2527, 173, 398, 0, 0, 0.54%, 1, 0, 5, 1467.48
1775282980, 2527, 312, 398, 0, 0, 0.54%, 1, 0, 5, 1453.22
1775282985, 2528, 54, 398, 0, 0, 0.54%, 1, 0, 5, 1478.72
1775282990, 2528, 83, 398, 0, 0, 0.54%, 1, 0, 5, 1495.07
1775282995, 2528, 105, 398, 0, 0, 0.54%, 1, 0, 5, 1351.27
1775283000, 2528, 265, 398, 0, 0, 0.54%, 1, 0, 5, 1393.95
1775283005, 2528, 337, 398, 0, 0, 0.54%, 1, 0, 5, 1383.09
1775283011, 2529, 57, 398, 0, 0, 0.54%, 1, 0, 5, 1398.72
1775283016, 2529, 88, 398, 0, 0, 0.54%, 1, 0, 5, 1625.47
1775283021, 2529, 106, 398, 0, 0, 0.54%, 1, 0, 5, 1567.08
1775283026, 2529, 156, 398, 0, 0, 0.54%, 1, 0, 5, 1342.55
1775283031, 2529, 261, 398, 0, 0, 0.54%, 1, 0, 5, 1459.63
1775283036, 2529, 284, 398, 0, 0, 0.54%, 1, 0, 5, 1516.59
1775283041, 2529, 333, 398, 0, 0, 0.54%, 1, 0, 5, 1387.30
1775283047, 2530, 57, 398, 0, 0, 0.54%, 1, 0, 5, 1368.17
1775283052, 2530, 86, 398, 0, 0, 0.54%, 1, 0, 5, 1451.80
1775283057, 2530, 106, 398, 0, 0, 0.54%, 1, 0, 5, 1494.56
1775283062, 2530, 277, 398, 0, 0, 0.54%, 1, 0, 5, 1387.39
1775283067, 2530, 302, 398, 0, 0, 0.54%, 1, 0, 5, 1295.40
1775283072, 2531, 5, 398, 0, 0, 0.54%, 1, 0, 5, 1325.84
1775283077, 2531, 57, 398, 0, 0, 0.54%, 1, 0, 5, 1609.48
1775283082, 2531, 106, 398, 0, 0, 0.54%, 1, 0, 5, 1505.71
1775283087, 2531, 192, 398, 0, 0, 0.54%, 1, 0, 5, 1556.27
1775283092, 2531, 311, 398, 0, 0, 0.54%, 1, 0, 5, 1386.65
1775283098, 2532, 23, 398, 0, 0, 0.54%, 1, 0, 5, 1338.03
1775283103, 2532, 86, 398, 0, 0, 0.54%, 1, 0, 5, 1522.10
1775283108, 2532, 149, 398, 0, 0, 0.54%, 1, 0, 5, 1555.42
1775283113, 2532, 273, 398, 0, 0, 0.54%, 1, 0, 5, 1517.89
1775283118, 2532, 381, 398, 0, 0, 0.54%, 1, 0, 5, 1427.35
1775283123, 2533, 57, 398, 0, 0, 0.54%, 1, 0, 5, 1348.27
1775283128, 2533, 89, 398, 0, 0, 0.54%, 1, 0, 5, 1491.22
1775283133, 2533, 125, 398, 0, 0, 0.54%, 1, 0, 5, 1393.38
1775283138, 2533, 194, 398, 0, 0, 0.54%, 1, 0, 5, 1453.61
1775283143, 2533, 380, 398, 0, 0, 0.54%, 1, 0, 5, 1374.34
1775283149, 2534, 57, 398, 0, 0, 0.54%, 1, 0, 5, 1521.39
1775283154, 2534, 86, 398, 0, 0, 0.54%, 1, 0, 5, 1447.87
1775283159, 2534, 149, 398, 0, 0, 0.54%, 1, 0, 5, 1520.38
1775283164, 2534, 268, 398, 0, 0, 0.54%, 1, 0, 5, 1591.94
1775283169, 2535, 1, 398, 0, 0, 0.54%, 1, 0, 5, 1445.33
1775283174, 2535, 83, 398, 0, 0, 0.54%, 1, 0, 5, 1482.97
1775283179, 2535, 124, 398, 0, 0, 0.54%, 1, 0, 5, 1453.17
1775283184, 2535, 223, 398, 0, 0, 0.54%, 1, 0, 5, 1424.46
1775283189, 2535, 266, 398, 0, 0, 0.54%, 1, 0, 5, 1429.73
1775283195, 2535, 339, 398, 0, 0, 0.54%, 1, 0, 5, 1366.72
1775283200, 2536, 61, 398, 0, 0, 0.54%, 1, 0, 5, 1514.91
1775283205, 2536, 106, 398, 0, 0, 0.54%, 1, 0, 5, 1544.84
1775283210, 2536, 208, 398, 0, 0, 0.54%, 1, 0, 5, 1568.10
1775283215, 2536, 236, 398, 0, 0, 0.54%, 1, 0, 5, 1275.75
1775283220, 2536, 311, 398, 0, 0, 0.54%, 1, 0, 5, 1303.26
1775283225, 2537, 26, 398, 0, 0, 0.54%, 1, 0, 5, 1313.11
1775283230, 2537, 83, 398, 0, 0, 0.54%, 1, 0, 5, 1452.83
1775283235, 2537, 117, 398, 0, 0, 0.54%, 1, 0, 5, 1327.66
1775283240, 2537, 165, 398, 0, 0, 0.54%, 1, 0, 5, 1536.15
1775283245, 2537, 304, 398, 0, 0, 0.54%, 1, 0, 5, 1252.98
1775283250, 2538, 41, 398, 0, 0, 0.54%, 1, 0, 5, 1332.52
1775283256, 2538, 73, 398, 0, 0, 0.54%, 1, 0, 5, 1548.76
1775283261, 2538, 106, 398, 0, 0, 0.54%, 1, 0, 5, 1353.20
1775283266, 2538, 234, 398, 0, 0, 0.54%, 1, 0, 5, 1446.12
1775283271, 2538, 304, 398, 0, 0, 0.54%, 1, 0, 5, 1297.06
1775283276, 2539, 50, 398, 0, 0, 0.54%, 1, 0, 5, 1380.53
1775283281, 2539, 88, 398, 0, 0, 0.54%, 1, 0, 5, 1478.90
1775283286, 2539, 106, 398, 0, 0, 0.54%, 1, 0, 5, 1424.31
1775283291, 2539, 210, 398, 0, 0, 0.54%, 1, 0, 5, 1468.49
1775283296, 2539, 337, 398, 0, 0, 0.54%, 1, 0, 5, 1428.47
1775283301, 2540, 52, 398, 0, 0, 0.54%, 1, 0, 5, 1437.10
1775283307, 2540, 86, 398, 0, 0, 0.54%, 1, 0, 5, 1600.40
1775283312, 2540, 106, 398, 0, 0, 0.54%, 1, 0, 5, 1505.92
1775283317, 2540, 174, 398, 0, 0, 0.54%, 1, 0, 5, 1401.05
1775283322, 2540, 304, 398, 0, 0, 0.54%, 1, 0, 5, 1334.80
1775283327, 2541, 65, 398, 0, 0, 0.54%, 1, 0, 5, 1374.37
1775283332, 2541, 93, 398, 0, 0, 0.54%, 1, 0, 5, 1464.38
1775283337, 2541, 181, 398, 0, 0, 0.54%, 1, 0, 5, 1446.02
1775283342, 2541, 287, 398, 0, 0, 0.54%, 1, 0, 5, 1407.31
1775283348, 2541, 360, 398, 0, 0, 0.54%, 1, 0, 5, 1382.69
1775283353, 2542, 57, 398, 0, 0, 0.54%, 1, 0, 5, 1417.23
1775283358, 2542, 88, 398, 0, 0, 0.54%, 1, 0, 5, 1493.27
1775283363, 2542, 133, 398, 0, 0, 0.54%, 1, 0, 5, 604.23
1775283368, 2542, 274, 398, 0, 0, 0.54%, 1, 0, 5, 1367.79
1775283373, 2543, 5, 398, 0, 0, 0.54%, 1, 0, 5, 1362.47
1775283378, 2543, 73, 398, 0, 0, 0.54%, 1, 0, 5, 1488.67
1775283383, 2543, 106, 398, 0, 0, 0.54%, 1, 0, 5, 1536.25
1775283388, 2543, 224, 398, 0, 0, 0.54%, 1, 0, 5, 1386.78
1775283393, 2543, 291, 398, 0, 0, 0.54%, 1, 0, 5, 1384.21
1775283398, 2543, 364, 398, 0, 0, 0.54%, 1, 0, 5, 1299.49
1775283404, 2544, 57, 398, 0, 0, 0.54%, 1, 0, 5, 1423.15
1775283409, 2544, 86, 398, 0, 0, 0.54%, 1, 0, 5, 1450.91
1775283414, 2544, 98, 398, 0, 0, 0.54%, 1, 0, 5, 1415.65
1775283419, 2544, 211, 398, 0, 0, 0.54%, 1, 0, 5, 1038.77
1775283424, 2544, 331, 398, 0, 0, 0.54%, 1, 0, 5, 1226.16
1775283429, 2545, 73, 398, 0, 0, 0.54%, 1, 0, 5, 1314.74
1775283434, 2545, 106, 398, 0, 0, 0.54%, 1, 0, 5, 1424.44
1775283439, 2545, 160, 398, 0, 0, 0.54%, 1, 0, 5, 1484.96
1775283444, 2545, 225, 398, 0, 0, 0.54%, 1, 0, 5, 1500.53
1775283450, 2545, 304, 398, 0, 0, 0.54%, 1, 0, 5, 1407.89
1775283455, 2545, 347, 398, 0, 0, 0.54%, 1, 0, 5, 1345.54
1775283460, 2546, 62, 398, 0, 0, 0.54%, 1, 0, 5, 1411.92
1775283465, 2546, 86, 398, 0, 0, 0.54%, 1, 0, 5, 1450.08
1775283470, 2546, 107, 398, 0, 0, 0.54%, 1, 0, 5, 1433.33
1775283475, 2546, 192, 398, 0, 0, 0.54%, 1, 0, 5, 1307.80
1775283480, 2546, 334, 398, 0, 0, 0.54%, 1, 0, 5, 1313.21
1775283485, 2547, 51, 398, 0, 0, 0.54%, 1, 0, 5, 1385.54
1775283490, 2547, 88, 398, 0, 0, 0.54%, 1, 0, 5, 1529.08
1775283496, 2547, 153, 398, 0, 0, 0.54%, 1, 0, 5, 1449.76
1775283501, 2547, 311, 398, 0, 0, 0.54%, 1, 0, 5, 1343.82
1775283506, 2547, 394, 398, 0, 0, 0.54%, 1, 0, 5, 1393.83
1775283511, 2548, 83, 398, 0, 0, 0.54%, 1, 0, 5, 1477.36
1775283516, 2548, 127, 398, 0, 0, 0.54%, 1, 0, 5, 1466.25
1775283521, 2548, 221, 398, 0, 0, 0.54%, 1, 0, 5, 1525.90
1775283526, 2548, 312, 398, 0, 0, 0.54%, 1, 0, 5, 1468.23
1775283531, 2549, 21, 398, 0, 0, 0.54%, 1, 0, 5, 1310.91
1775283536, 2549, 57, 398, 0, 0, 0.54%, 1, 0, 5, 1608.07
1775283541, 2549, 73, 398, 0, 0, 0.54%, 1, 0, 5, 1509.18
1775283547, 2549, 93, 398, 0, 0, 0.54%, 1, 0, 5, 1541.91
1775283552, 2549, 169, 398, 0, 0, 0.54%, 1, 0, 5, 1508.84
1775283557, 2549, 327, 398, 0, 0, 0.54%, 1, 0, 5, 1499.62
1775283562, 2550, 51, 398, 0, 0, 0.54%, 1, 0, 5, 1373.66
1775283567, 2550, 88, 398, 0, 0, 0.54%, 1, 0, 5, 1545.83
1775283572, 2550, 106, 398, 0, 0, 0.54%, 1, 0, 5, 1438.73
1775283577, 2550, 192, 398, 0, 0, 0.54%, 1, 0, 5, 1515.34
1775283582, 2550, 312, 398, 0, 0, 0.54%, 1, 0, 5, 1418.93
1775283587, 2551, 57, 398, 0, 0, 0.54%, 1, 0, 5, 1502.33
1775283593, 2551, 83, 398, 0, 0, 0.54%, 1, 0, 5, 1557.55
1775283598, 2551, 127, 398, 0, 0, 0.54%, 1, 0, 5, 1575.97
1775283603, 2551, 200, 398, 0, 0, 0.54%, 1, 0, 5, 1402.40
1775283608, 2551, 280, 398, 0, 0, 0.54%, 1, 0, 5, 1468.27
1775283613, 2551, 387, 398, 0, 0, 0.54%, 1, 0, 5, 1369.78
1775283618, 2552, 50, 398, 0, 0, 0.54%, 1, 0, 5, 1375.64
1775283623, 2552, 86, 398, 0, 0, 0.54%, 1, 0, 5, 1430.97
1775283628, 2552, 137, 398, 0, 0, 0.54%, 1, 0, 5, 1455.44
1775283633, 2552, 202, 398, 0, 0, 0.54%, 1, 0, 5, 1474.50
1775283638, 2552, 304, 398, 0, 0, 0.54%, 1, 0, 5, 1382.40
1775283644, 2553, 19, 398, 0, 0, 0.54%, 1, 0, 5, 1329.19
1775283649, 2553, 86, 398, 0, 0, 0.54%, 1, 0, 5, 1502.65
1775283654, 2553, 116, 398, 0, 0, 0.54%, 1, 0, 5, 1460.67
1775283659, 2553, 159, 398, 0, 0, 0.54%, 1, 0, 5, 1535.92
1775283664, 2553, 251, 398, 0, 0, 0.54%, 1, 0, 5, 1497.22
1775283669, 2553, 331, 398, 0, 0, 0.54%, 1, 0, 5, 1423.64
1775283674, 2553, 394, 398, 0, 0, 0.54%, 1, 0, 5, 1636.82
1775283680, 2554, 80, 398, 0, 0, 0.54%, 1, 0, 5, 1521.65
1775283685, 2554, 90, 398, 0, 0, 0.54%, 1, 0, 5, 1429.60
1775283690, 2554, 131, 398, 0, 0, 0.54%, 1, 0, 5, 1293.36
1775283695, 2554, 230, 398, 0, 0, 0.54%, 1, 0, 5, 1583.20
1775283700, 2554, 335, 398, 0, 0, 0.54%, 1, 0, 5, 1435.05
1775283705, 2555, 51, 398, 0, 0, 0.54%, 1, 0, 5, 1440.73
1775283710, 2555, 92, 398, 0, 0, 0.54%, 1, 0, 5, 1511.79
1775283715, 2555, 158, 398, 0, 0, 0.54%, 1, 0, 5, 1407.45
1775283720, 2555, 263, 398, 0, 0, 0.54%, 1, 0, 5, 1449.22
1775283725, 2555, 333, 398, 0, 0, 0.54%, 1, 0, 5, 915.14
1775283730, 2556, 51, 398, 0, 0, 0.54%, 1, 0, 5, 1178.40
1775283736, 2556, 88, 398, 0, 0, 0.54%, 1, 0, 5, 1338.80
1775283741, 2556, 170, 398, 0, 0, 0.54%, 1, 0, 5, 1391.78
1775283746, 2556, 259, 398, 0, 0, 0.54%, 1, 0, 5, 1361.39
1775283751, 2556, 327, 398, 0, 0, 0.54%, 1, 0, 5, 1446.54
1775283756, 2557, 51, 398, 0, 0, 0.54%, 1, 0, 5, 1394.74
1775283761, 2557, 88, 398, 0, 0, 0.54%, 1, 0, 5, 1554.29
1775283766, 2557, 138, 398, 0, 0, 0.54%, 1, 0, 5, 1476.35
1775283772, 2557, 240, 398, 0, 0, 0.54%, 1, 0, 5, 1505.61
1775283777, 2557, 342, 398, 0, 0, 0.54%, 1, 0, 5, 1329.57
1775283782, 2558, 26, 398, 0, 0, 0.54%, 1, 0, 5, 1420.69
1775283787, 2558, 83, 398, 0, 0, 0.54%, 1, 0, 5, 1473.23
1775283792, 2558, 125, 398, 0, 0, 0.54%, 1, 0, 5, 1539.86
1775283797, 2558, 255, 398, 0, 0, 0.54%, 1, 0, 5, 1358.69
1775283802, 2558, 337, 398, 0, 0, 0.54%, 1, 0, 5, 1345.14
1775283807, 2559, 1, 398, 0, 0, 0.54%, 1, 0, 5, 1461.21
1775283812, 2559, 83, 398, 0, 0, 0.54%, 1, 0, 5, 1541.06
1775283817, 2559, 106, 398, 0, 0, 0.54%, 1, 0, 5, 1470.30
1775283823, 2559, 230, 398, 0, 0, 0.54%, 1, 0, 5, 1487.90
1775283828, 2559, 273, 398, 0, 0, 0.54%, 1, 0, 5, 1456.22
1775283833, 2560, 11, 398, 0, 0, 0.54%, 1, 0, 5, 1374.34
1775283838, 2560, 76, 398, 0, 0, 0.54%, 1, 0, 5, 1393.53
1775283843, 2560, 106, 398, 0, 0, 0.54%, 1, 0, 5, 1456.05
1775283848, 2560, 209, 398, 0, 0, 0.54%, 1, 0, 5, 1472.11
1775283853, 2560, 323, 398, 0, 0, 0.54%, 1, 0, 5, 1413.36
1775283858, 2561, 14, 398, 0, 0, 0.54%, 1, 0, 5, 1254.50
1775283863, 2561, 58, 398, 0, 0, 0.54%, 1, 0, 5, 1436.82
1775283868, 2561, 93, 398, 0, 0, 0.54%, 1, 0, 5, 1568.37
1775283873, 2561, 171, 398, 0, 0, 0.54%, 1, 0, 5, 1530.99
1775283879, 2561, 307, 398, 0, 0, 0.54%, 1, 0, 5, 1512.33
1775283884, 2562, 7, 398, 0, 0, 0.54%, 1, 0, 5, 1339.39
1775283889, 2562, 57, 398, 0, 0, 0.54%, 1, 0, 5, 1375.20
1775283894, 2562, 93, 398, 0, 0, 0.54%, 1, 0, 5, 1517.88
1775283899, 2562, 158, 398, 0, 0, 0.54%, 1, 0, 5, 1534.87
1775283904, 2562, 276, 398, 0, 0, 0.54%, 1, 0, 5, 1359.17
1775283909, 2562, 326, 398, 0, 0, 0.54%, 1, 0, 5, 1423.80
1775283914, 2563, 57, 398, 0, 0, 0.54%, 1, 0, 5, 1456.23
1775283919, 2563, 88, 398, 0, 0, 0.54%, 1, 0, 5, 1488.54
1775283925, 2563, 156, 398, 0, 0, 0.54%, 1, 0, 5, 1470.65
1775283930, 2563, 257, 398, 0, 0, 0.54%, 1, 0, 5, 1326.90
1775283935, 2563, 375, 398, 0, 0, 0.54%, 1, 0, 5, 1233.54
1775283940, 2564, 73, 398, 0, 0, 0.54%, 1, 0, 5, 1380.26
1775283945, 2564, 93, 398, 0, 0, 0.54%, 1, 0, 5, 1514.87
1775283950, 2564, 174, 398, 0, 0, 0.54%, 1, 0, 5, 1464.71
1775283955, 2564, 275, 398, 0, 0, 0.54%, 1, 0, 5, 1520.17
1775283960, 2564, 311, 398, 0, 0, 0.54%, 1, 0, 5, 1329.59
1775283966, 2565, 27, 398, 0, 0, 0.54%, 1, 0, 5, 1431.50
1775283971, 2565, 75, 398, 0, 0, 0.54%, 1, 0, 5, 1373.73
1775283976, 2565, 105, 398, 0, 0, 0.54%, 1, 0, 5, 1522.56
1775283981, 2565, 242, 398, 0, 0, 0.54%, 1, 0, 5, 1530.63
1775283986, 2565, 287, 398, 0, 0, 0.54%, 1, 0, 5, 1455.90
1775283991, 2566, 32, 398, 0, 0, 0.54%, 1, 0, 5, 1331.02
1775283996, 2566, 86, 398, 0, 0, 0.54%, 1, 0, 5, 1476.07
1775284001, 2566, 117, 398, 0, 0, 0.54%, 1, 0, 5, 1579.14
1775284006, 2566, 218, 398, 0, 0, 0.54%, 1, 0, 5, 1561.83
1775284011, 2566, 311, 398, 0, 0, 0.54%, 1, 0, 5, 1420.02
1775284016, 2567, 57, 398, 0, 0, 0.54%, 1, 0, 5, 1422.70
1775284022, 2567, 93, 398, 0, 0, 0.54%, 1, 0, 5, 1528.35
1775284027, 2567, 168, 398, 0, 0, 0.54%, 1, 0, 5, 1497.26
1775284032, 2567, 275, 398, 0, 0, 0.54%, 1, 0, 5, 1507.68
1775284037, 2568, 51, 398, 0, 0, 0.54%, 1, 0, 5, 1414.17
1775284042, 2568, 88, 398, 0, 0, 0.54%, 1, 0, 5, 1518.52
1775284047, 2568, 153, 398, 0, 0, 0.54%, 1, 0, 5, 951.15
1775284052, 2568, 244, 398, 0, 0, 0.54%, 1, 0, 5, 1294.42
1775284057, 2568, 339, 398, 0, 0, 0.54%, 1, 0, 5, 1409.96
1775284062, 2569, 73, 398, 0, 0, 0.54%, 1, 0, 5, 1498.73
1775284067, 2569, 106, 398, 0, 0, 0.54%, 1, 0, 5, 1526.14
1775284072, 2569, 156, 398, 0, 0, 0.54%, 1, 0, 5, 1520.41
1775284077, 2569, 221, 398, 0, 0, 0.54%, 1, 0, 5, 1432.89
1775284082, 2569, 287, 398, 0, 0, 0.54%, 1, 0, 5, 1327.19
1775284088, 2569, 387, 398, 0, 0, 0.54%, 1, 0, 5, 1331.55
1775284093, 2570, 86, 398, 0, 0, 0.54%, 1, 0, 5, 1467.13
1775284098, 2570, 116, 398, 0, 0, 0.54%, 1, 0, 5, 1404.17
1775284103, 2570, 287, 398, 0, 0, 0.54%, 1, 0, 5, 1443.39
1775284108, 2570, 338, 398, 0, 0, 0.54%, 1, 0, 5, 1386.98
1775284113, 2571, 83, 398, 0, 0, 0.54%, 1, 0, 5, 1482.95
1775284118, 2571, 129, 398, 0, 0, 0.54%, 1, 0, 5, 1457.68
1775284123, 2571, 255, 398, 0, 0, 0.54%, 1, 0, 5, 1470.18
1775284128, 2571, 337, 398, 0, 0, 0.54%, 1, 0, 5, 1408.58
1775284133, 2571, 396, 398, 0, 0, 0.54%, 1, 0, 5, 1220.00
1775284138, 2572, 74, 398, 0, 0, 0.54%, 1, 0, 5, 1400.38
1775284143, 2572, 88, 398, 0, 0, 0.54%, 1, 0, 5, 1423.15
1775284149, 2572, 188, 398, 0, 0, 0.54%, 1, 0, 5, 1536.81
1775284154, 2572, 288, 398, 0, 0, 0.54%, 1, 0, 5, 1519.07
1775284159, 2572, 393, 398, 0, 0, 0.54%, 1, 0, 5, 1489.02
1775284164, 2573, 86, 398, 0, 0, 0.54%, 1, 0, 5, 1540.56
1775284169, 2573, 145, 398, 0, 0, 0.54%, 1, 0, 5, 1549.98
1775284174, 2573, 214, 398, 0, 0, 0.54%, 1, 0, 5, 1499.90
1775284179, 2573, 316, 398, 0, 0, 0.54%, 1, 0, 5, 1502.53
1775284184, 2574, 13, 398, 0, 0, 0.54%, 1, 0, 5, 1268.21
1775284189, 2574, 73, 398, 0, 0, 0.54%, 1, 0, 5, 1474.53
1775284194, 2574, 106, 398, 0, 0, 0.54%, 1, 0, 5, 1543.54
1775284200, 2574, 179, 398, 0, 0, 0.54%, 1, 0, 5, 1375.70
1775284205, 2574, 202, 398, 0, 0, 0.54%, 1, 0, 5, 1394.49
1775284210, 2574, 311, 398, 0, 0, 0.54%, 1, 0, 5, 1391.53
1775284215, 2574, 389, 398, 0, 0, 0.54%, 1, 0, 5, 1498.61
1775284220, 2575, 53, 398, 0, 0, 0.54%, 1, 0, 5, 1503.99
1775284225, 2575, 88, 398, 0, 0, 0.54%, 1, 0, 5, 1575.54
1775284230, 2575, 160, 398, 0, 0, 0.54%, 1, 0, 5, 1531.62
1775284235, 2575, 267, 398, 0, 0, 0.54%, 1, 0, 5, 1493.07
1775284240, 2575, 312, 398, 0, 0, 0.54%, 1, 0, 5, 1395.67
1775284245, 2576, 57, 398, 0, 0, 0.54%, 1, 0, 5, 1540.51
1775284251, 2576, 86, 398, 0, 0, 0.54%, 1, 0, 5, 1573.43
1775284256, 2576, 109, 398, 0, 0, 0.54%, 1, 0, 5, 1534.80
1775284261, 2576, 239, 398, 0, 0, 0.54%, 1, 0, 5, 1459.49
1775284266, 2576, 304, 398, 0, 0, 0.54%, 1, 0, 5, 1350.73
1775284271, 2576, 380, 398, 0, 0, 0.54%, 1, 0, 5, 1236.28
1775284276, 2577, 57, 398, 0, 0, 0.54%, 1, 0, 5, 1389.67
1775284281, 2577, 83, 398, 0, 0, 0.54%, 1, 0, 5, 1387.94
1775284286, 2577, 114, 398, 0, 0, 0.54%, 1, 0, 5, 1479.80
1775284291, 2577, 203, 398, 0, 0, 0.54%, 1, 0, 5, 1539.31
1775284296, 2577, 275, 398, 0, 0, 0.54%, 1, 0, 5, 1379.03
1775284301, 2577, 333, 398, 0, 0, 0.54%, 1, 0, 5, 1423.74
1775284307, 2578, 51, 398, 0, 0, 0.54%, 1, 0, 5, 1344.64
1775284312, 2578, 83, 398, 0, 0, 0.54%, 1, 0, 5, 1444.87
1775284317, 2578, 105, 398, 0, 0, 0.54%, 1, 0, 5, 1502.87
1775284322, 2578, 168, 398, 0, 0, 0.54%, 1, 0, 5, 1521.73
1775284327, 2578, 227, 398, 0, 0, 0.54%, 1, 0, 5, 1478.35
1775284332, 2578, 333, 398, 0, 0, 0.54%, 1, 0, 5, 1508.93
1775284337, 2579, 27, 398, 0, 0, 0.54%, 1, 0, 5, 1425.42
1775284342, 2579, 75, 398, 0, 0, 0.54%, 1, 0, 5, 1529.68
1775284347, 2579, 106, 398, 0, 0, 0.54%, 1, 0, 5, 1534.91
1775284352, 2579, 203, 398, 0, 0, 0.54%, 1, 0, 5, 1658.32
1775284357, 2579, 304, 398, 0, 0, 0.54%, 1, 0, 5, 1538.51
1775284363, 2580, 10, 398, 0, 0, 0.54%, 1, 0, 5, 1425.62
1775284368, 2580, 68, 398, 0, 0, 0.54%, 1, 0, 5, 1422.83
1775284373, 2580, 88, 398, 0, 0, 0.54%, 1, 0, 5, 1573.77
1775284378, 2580, 123, 398, 0, 0, 0.54%, 1, 0, 5, 1460.68
1775284383, 2580, 234, 398, 0, 0, 0.54%, 1, 0, 5, 1171.24
1775284388, 2580, 331, 398, 0, 0, 0.54%, 1, 0, 5, 1333.42
1775284393, 2581, 57, 398, 0, 0, 0.54%, 1, 0, 5, 1390.96
1775284398, 2581, 88, 398, 0, 0, 0.54%, 1, 0, 5, 1431.35
1775284404, 2581, 158, 398, 0, 0, 0.54%, 1, 0, 5, 1392.74
1775284409, 2581, 289, 398, 0, 0, 0.54%, 1, 0, 5, 1443.27
1775284414, 2581, 362, 398, 0, 0, 0.54%, 1, 0, 5, 1417.05
1775284419, 2582, 5, 398, 0, 0, 0.54%, 1, 0, 5, 817.70
1775284424, 2582, 73, 398, 0, 0, 0.54%, 1, 0, 5, 1248.73
1775284429, 2582, 99, 398, 0, 0, 0.54%, 1, 0, 5, 1420.27
1775284434, 2582, 234, 398, 0, 0, 0.54%, 1, 0, 5, 1394.29
1775284439, 2582, 325, 398, 0, 0, 0.54%, 1, 0, 5, 1325.20
1775284444, 2583, 57, 398, 0, 0, 0.54%, 1, 0, 5, 1450.79
1775284450, 2583, 88, 398, 0, 0, 0.54%, 1, 0, 5, 1526.70
1775284455, 2583, 191, 398, 0, 0, 0.54%, 1, 0, 5, 1445.41
1775284460, 2583, 311, 398, 0, 0, 0.54%, 1, 0, 5, 1498.47
1775284465, 2584, 10, 398, 0, 0, 0.54%, 1, 0, 5, 1429.82
1775284470, 2584, 83, 398, 0, 0, 0.54%, 1, 0, 5, 1471.27
1775284475, 2584, 103, 398, 0, 0, 0.54%, 1, 0, 5, 1581.80
1775284480, 2584, 170, 398, 0, 0, 0.54%, 1, 0, 5, 1462.76
1775284485, 2584, 229, 398, 0, 0, 0.54%, 1, 0, 5, 1408.25
1775284490, 2584, 308, 398, 0, 0, 0.54%, 1, 0, 5, 1387.49
1775284495, 2584, 391, 398, 0, 0, 0.54%, 1, 0, 5, 1251.94
1775284500, 2585, 84, 398, 0, 0, 0.54%, 1, 0, 5, 1395.18
1775284505, 2585, 107, 398, 0, 0, 0.54%, 1, 0, 5, 1448.47
1775284511, 2585, 260, 398, 0, 0, 0.54%, 1, 0, 5, 1378.64
1775284516, 2585, 304, 398, 0, 0, 0.54%, 1, 0, 5, 1426.11
1775284521, 2585, 359, 398, 0, 0, 0.54%, 1, 0, 5, 1396.97
1775284526, 2586, 28, 398, 0, 0, 0.54%, 1, 0, 5, 1451.19
1775284531, 2586, 73, 398, 0, 0, 0.54%, 1, 0, 5, 1485.36
1775284536, 2586, 93, 398, 0, 0, 0.54%, 1, 0, 5, 1475.01
1775284541, 2586, 158, 398, 0, 0, 0.54%, 1, 0, 5, 1496.54
1775284546, 2586, 267, 398, 0, 0, 0.54%, 1, 0, 5, 1435.56
1775284551, 2586, 312, 398, 0, 0, 0.54%, 1, 0, 5, 1397.04
1775284556, 2587, 47, 398, 0, 0, 0.54%, 1, 0, 5, 1341.41
1775284561, 2587, 86, 398, 0, 0, 0.54%, 1, 0, 5, 1439.07
1775284566, 2587, 192, 398, 0, 0, 0.54%, 1, 0, 5, 1452.14
1775284572, 2587, 304, 398, 0, 0, 0.54%, 1, 0, 5, 1461.31
1775284577, 2587, 396, 398, 0, 0, 0.54%, 1, 0, 5, 1370.14
1775284582, 2588, 57, 398, 0, 0, 0.54%, 1, 0, 5, 1479.68
1775284587, 2588, 93, 398, 0, 0, 0.54%, 1, 0, 5, 1613.54
1775284592, 2588, 158, 398, 0, 0, 0.54%, 1, 0, 5, 1526.39
1775284597, 2588, 264, 398, 0, 0, 0.54%, 1, 0, 5, 1510.92
1775284602, 2588, 337, 398, 0, 0, 0.54%, 1, 0, 5, 1377.14
1775284607, 2589, 57, 398, 0, 0, 0.54%, 1, 0, 5, 1340.29
1775284612, 2589, 83, 398, 0, 0, 0.54%, 1, 0, 5, 1454.15
1775284617, 2589, 151, 398, 0, 0, 0.54%, 1, 0, 5, 1432.08
1775284622, 2589, 277, 398, 0, 0, 0.54%, 1, 0, 5, 824.70
1775284627, 2589, 337, 398, 0, 0, 0.54%, 1, 0, 5, 1220.93
1775284632, 2590, 57, 398, 0, 0, 0.54%, 1, 0, 5, 1272.58
1775284637, 2590, 88, 398, 0, 0, 0.54%, 1, 0, 5, 1448.83
1775284642, 2590, 157, 398, 0, 0, 0.54%, 1, 0, 5, 1371.59
1775284648, 2590, 233, 398, 0, 0, 0.54%, 1, 0, 5, 1497.33
1775284653, 2590, 313, 398, 0, 0, 0.54%, 1, 0, 5, 1450.31
1775284658, 2591, 51, 398, 0, 0, 0.54%, 1, 0, 5, 1557.44
1775284663, 2591, 73, 398, 0, 0, 0.54%, 1, 0, 5, 1580.96
1775284668, 2591, 94, 398, 0, 0, 0.54%, 1, 0, 5, 209.46
1775284673, 2591, 186, 398, 0, 0, 0.54%, 1, 0, 5, 1466.85
1775284678, 2591, 233, 398, 0, 0, 0.54%, 1, 0, 5, 1412.77
1775284683, 2591, 312, 398, 0, 0, 0.54%, 1, 0, 5, 1434.42
1775284688, 2592, 27, 398, 0, 0, 0.54%, 1, 0, 5, 1437.46
1775284694, 2592, 64, 398, 0, 0, 0.54%, 1, 0, 5, 1399.29
1775284699, 2592, 88, 398, 0, 0, 0.54%, 1, 0, 5, 1393.54
1775284704, 2592, 186, 398, 0, 0, 0.54%, 1, 0, 5, 1484.45
1775284709, 2592, 312, 398, 0, 0, 0.54%, 1, 0, 5, 1409.02
1775284714, 2593, 51, 398, 0, 0, 0.54%, 1, 0, 5, 1378.12
1775284719, 2593, 86, 398, 0, 0, 0.54%, 1, 0, 5, 1505.18
1775284724, 2593, 133, 398, 0, 0, 0.54%, 1, 0, 5, 1387.53
1775284729, 2593, 183, 398, 0, 0, 0.54%, 1, 0, 5, 1368.44
1775284734, 2593, 241, 398, 0, 0, 0.54%, 1, 0, 5, 1387.50
1775284739, 2593, 287, 398, 0, 0, 0.54%, 1, 0, 5, 1325.04
1775284745, 2593, 390, 398, 0, 0, 0.54%, 1, 0, 5, 1222.70
1775284750, 2594, 83, 398, 0, 0, 0.54%, 1, 0, 5, 1437.25
1775284755, 2594, 106, 398, 0, 0, 0.54%, 1, 0, 5, 1456.60
1775284760, 2594, 279, 398, 0, 0, 0.54%, 1, 0, 5, 1632.57
1775284765, 2594, 355, 398, 0, 0, 0.54%, 1, 0, 5, 1437.21
1775284770, 2595, 73, 398, 0, 0, 0.54%, 1, 0, 5, 1498.10
1775284775, 2595, 106, 398, 0, 0, 0.54%, 1, 0, 5, 1569.66
1775284780, 2595, 197, 398, 0, 0, 0.54%, 1, 0, 5, 1500.97
1775284785, 2595, 333, 398, 0, 0, 0.54%, 1, 0, 5, 1497.73
1775284790, 2596, 7, 398, 0, 0, 0.54%, 1, 0, 5, 1326.67
1775284795, 2596, 83, 398, 0, 0, 0.54%, 1, 0, 5, 1481.40
1775284800, 2596, 158, 398, 0, 0, 0.54%, 1, 0, 5, 1460.24
1775284806, 2596, 287, 398, 0, 0, 0.54%, 1, 0, 5, 1491.66
1775284811, 2596, 392, 398, 0, 0, 0.54%, 1, 0, 5, 1320.73
1775284816, 2597, 57, 398, 0, 0, 0.54%, 1, 0, 5, 1331.69
1775284821, 2597, 86, 398, 0, 0, 0.54%, 1, 0, 5, 1450.01
1775284826, 2597, 124, 398, 0, 0, 0.54%, 1, 0, 5, 1565.50
1775284831, 2597, 243, 398, 0, 0, 0.54%, 1, 0, 5, 1585.84
1775284836, 2597, 337, 398, 0, 0, 0.54%, 1, 0, 5, 1396.53
1775284841, 2598, 24, 398, 0, 0, 0.54%, 1, 0, 5, 1347.43
1775284847, 2598, 78, 398, 0, 0, 0.54%, 1, 0, 5, 1489.57
1775284852, 2598, 106, 398, 0, 0, 0.54%, 1, 0, 5, 1487.64
1775284857, 2598, 304, 398, 0, 0, 0.54%, 1, 0, 5, 1521.16
1775284862, 2598, 395, 398, 0, 0, 0.54%, 1, 0, 5, 1354.91
1775284867, 2599, 73, 398, 0, 0, 0.54%, 1, 0, 5, 1488.41
1775284872, 2599, 96, 398, 0, 0, 0.54%, 1, 0, 5, 1444.75
1775284877, 2599, 143, 398, 0, 0, 0.54%, 1, 0, 5, 1273.29
1775284882, 2599, 307, 398, 0, 0, 0.54%, 1, 0, 5, 1415.13
1775284887, 2599, 352, 398, 0, 0, 0.54%, 1, 0, 5, 1418.33
1775284892, 2600, 57, 398, 0, 0, 0.54%, 1, 0, 5, 1473.60
1775284897, 2600, 88, 398, 0, 0, 0.54%, 1, 0, 5, 1591.55
1775284902, 2600, 116, 398, 0, 0, 0.54%, 1, 0, 5, 1593.24
1775284907, 2600, 193, 398, 0, 0, 0.54%, 1, 0, 5, 1572.15
1775284913, 2600, 275, 398, 0, 0, 0.54%, 1, 0, 5, 1514.80
1775284918, 2600, 393, 398, 0, 0, 0.54%, 1, 0, 5, 1385.70
1775284923, 2601, 51, 398, 0, 0, 0.54%, 1, 0, 5, 1403.06
1775284928, 2601, 60, 398, 0, 0, 0.54%, 1, 0, 5, 1433.17
1775284933, 2601, 88, 398, 0, 0, 0.54%, 1, 0, 5, 1480.86
1775284938, 2601, 158, 398, 0, 0, 0.54%, 1, 0, 5, 1463.74
1775284943, 2601, 255, 398, 0, 0, 0.54%, 1, 0, 5, 1514.02
1775284948, 2601, 337, 398, 0, 0, 0.54%, 1, 0, 5, 1451.47
1775284953, 2602, 57, 398, 0, 0, 0.54%, 1, 0, 5, 1530.00
1775284958, 2602, 86, 398, 0, 0, 0.54%, 1, 0, 5, 1551.64
1775284963, 2602, 106, 398, 0, 0, 0.54%, 1, 0, 5, 1454.04
1775284968, 2602, 158, 398, 0, 0, 0.54%, 1, 0, 5, 1442.50
1775284973, 2602, 206, 398, 0, 0, 0.54%, 1, 0, 5, 1386.43
1775284979, 2602, 314, 398, 0, 0, 0.54%, 1, 0, 5, 1352.90
1775284984, 2603, 16, 398, 0, 0, 0.54%, 1, 0, 5, 1358.01
1775284989, 2603, 68, 398, 0, 0, 0.54%, 1, 0, 5, 1508.23
1775284994, 2603, 88, 398, 0, 0, 0.54%, 1, 0, 5, 1511.68
1775284999, 2603, 156, 398, 0, 0, 0.54%, 1, 0, 5, 1499.15
1775285004, 2603, 248, 398, 0, 0, 0.54%, 1, 0, 5, 1405.46
1775285009, 2603, 278, 398, 0, 0, 0.54%, 1, 0, 5, 1367.40
1775285014, 2603, 337, 398, 0, 0, 0.54%, 1, 0, 5, 1402.57
1775285019, 2604, 57, 398, 0, 0, 0.54%, 1, 0, 5, 1361.40
1775285025, 2604, 88, 398, 0, 0, 0.54%, 1, 0, 5, 1621.08
1775285030, 2604, 158, 398, 0, 0, 0.54%, 1, 0, 5, 1627.40
1775285035, 2604, 219, 398, 0, 0, 0.54%, 1, 0, 5, 1574.80
1775285040, 2604, 304, 398, 0, 0, 0.54%, 1, 0, 5, 1441.61
1775285045, 2605, 31, 398, 0, 0, 0.54%, 1, 0, 5, 1536.86
1775285050, 2605, 84, 398, 0, 0, 0.54%, 1, 0, 5, 1581.73
1775285055, 2605, 142, 398, 0, 0, 0.54%, 1, 0, 5, 1494.03
1775285060, 2605, 278, 398, 0, 0, 0.54%, 1, 0, 5, 1527.83
1775285065, 2605, 386, 398, 0, 0, 0.54%, 1, 0, 5, 1426.27
1775285070, 2606, 57, 398, 0, 0, 0.54%, 1, 0, 5, 1503.45
1775285076, 2606, 88, 398, 0, 0, 0.54%, 1, 0, 5, 1468.29
1775285081, 2606, 131, 398, 0, 0, 0.54%, 1, 0, 5, 1414.64
1775285086, 2606, 185, 398, 0, 0, 0.54%, 1, 0, 5, 1443.61
1775285091, 2606, 311, 398, 0, 0, 0.54%, 1, 0, 5, 1320.93
1775285096, 2607, 57, 398, 0, 0, 0.54%, 1, 0, 5, 1432.51
1775285101, 2607, 93, 398, 0, 0, 0.54%, 1, 0, 5, 1486.36
1775285106, 2607, 205, 398, 0, 0, 0.54%, 1, 0, 5, 1375.67
1775285111, 2607, 282, 398, 0, 0, 0.54%, 1, 0, 5, 1508.79
1775285116, 2607, 348, 398, 0, 0, 0.54%, 1, 0, 5, 1461.73
1775285121, 2608, 64, 398, 0, 0, 0.54%, 1, 0, 5, 1394.40
1775285127, 2608, 103, 398, 0, 0, 0.54%, 1, 0, 5, 1090.12
1775285132, 2608, 168, 398, 0, 0, 0.54%, 1, 0, 5, 1512.57
1775285137, 2608, 304, 398, 0, 0, 0.54%, 1, 0, 5, 1436.22
1775285142, 2609, 57, 398, 0, 0, 0.54%, 1, 0, 5, 1473.29
1775285147, 2609, 88, 398, 0, 0, 0.54%, 1, 0, 5, 1592.25
1775285152, 2609, 158, 398, 0, 0, 0.54%, 1, 0, 5, 1497.93
1775285157, 2609, 321, 398, 0, 0, 0.54%, 1, 0, 5, 1453.31
1775285162, 2609, 394, 398, 0, 0, 0.54%, 1, 0, 5, 262.14
1775285167, 2610, 65, 398, 0, 0, 0.54%, 1, 0, 5, 1360.94
1775285172, 2610, 90, 398, 0, 0, 0.54%, 1, 0, 5, 1442.60
1775285178, 2610, 126, 398, 0, 0, 0.54%, 1, 0, 5, 1323.77
1775285183, 2610, 177, 398, 0, 0, 0.54%, 1, 0, 5, 1367.53
1775285188, 2610, 280, 398, 0, 0, 0.54%, 1, 0, 5, 1435.58
1775285193, 2611, 13, 398, 0, 0, 0.54%, 1, 0, 5, 1423.06
1775285198, 2611, 66, 398, 0, 0, 0.54%, 1, 0, 5, 1506.25
1775285203, 2611, 88, 398, 0, 0, 0.54%, 1, 0, 5, 1540.53
1775285208, 2611, 165, 398, 0, 0, 0.54%, 1, 0, 5, 1471.45
1775285213, 2611, 256, 398, 0, 0, 0.54%, 1, 0, 5, 1454.78
1775285218, 2611, 327, 398, 0, 0, 0.54%, 1, 0, 5, 1433.26
1775285223, 2612, 21, 398, 0, 0, 0.54%, 1, 0, 5, 1449.92
1775285229, 2612, 73, 398, 0, 0, 0.54%, 1, 0, 5, 1508.31
1775285234, 2612, 111, 398, 0, 0, 0.54%, 1, 0, 5, 1439.13
1775285239, 2612, 205, 398, 0, 0, 0.54%, 1, 0, 5, 1395.11
1775285244, 2612, 280, 398, 0, 0, 0.54%, 1, 0, 5, 1351.54
1775285249, 2612, 322, 398, 0, 0, 0.54%, 1, 0, 5, 1412.37
1775285254, 2613, 32, 398, 0, 0, 0.54%, 1, 0, 5, 1449.48
1775285259, 2613, 83, 398, 0, 0, 0.54%, 1, 0, 5, 1479.90
1775285264, 2613, 139, 398, 0, 0, 0.54%, 1, 0, 5, 1592.23
1775285270, 2613, 287, 398, 0, 0, 0.54%, 1, 0, 5, 1447.47
1775285275, 2613, 351, 398, 0, 0, 0.54%, 1, 0, 5, 1404.26
1775285280, 2614, 57, 398, 0, 0, 0.54%, 1, 0, 5, 1658.75
1775285285, 2614, 93, 398, 0, 0, 0.54%, 1, 0, 5, 1453.35
1775285290, 2614, 131, 398, 0, 0, 0.54%, 1, 0, 5, 1390.34
1775285295, 2614, 220, 398, 0, 0, 0.54%, 1, 0, 5, 1463.02
1775285300, 2614, 285, 398, 0, 0, 0.54%, 1, 0, 5, 1332.10
1775285305, 2614, 388, 398, 0, 0, 0.54%, 1, 0, 5, 1433.13
1775285310, 2615, 60, 398, 0, 0, 0.54%, 1, 0, 5, 1425.42
1775285315, 2615, 86, 398, 0, 0, 0.54%, 1, 0, 5, 1486.93
1775285321, 2615, 141, 398, 0, 0, 0.54%, 1, 0, 5, 1477.57
1775285326, 2615, 213, 398, 0, 0, 0.54%, 1, 0, 5, 1511.21
1775285331, 2615, 281, 398, 0, 0, 0.54%, 1, 0, 5, 1372.80
1775285336, 2615, 351, 398, 0, 0, 0.54%, 1, 0, 5, 1424.16
1775285341, 2616, 73, 398, 0, 0, 0.54%, 1, 0, 5, 1375.02
1775285346, 2616, 89, 398, 0, 0, 0.54%, 1, 0, 5, 1416.31
1775285351, 2616, 154, 398, 0, 0, 0.54%, 1, 0, 5, 1458.13
1775285356, 2616, 202, 398, 0, 0, 0.54%, 1, 0, 5, 1285.96
1775285362, 2616, 280, 398, 0, 0, 0.54%, 1, 0, 5, 1366.26
1775285367, 2617, 22, 398, 0, 0, 0.54%, 1, 0, 5, 1357.87
1775285372, 2617, 73, 398, 0, 0, 0.54%, 1, 0, 5, 1494.21
1775285377, 2617, 99, 398, 0, 0, 0.54%, 1, 0, 5, 1357.86
1775285382, 2617, 153, 398, 0, 0, 0.54%, 1, 0, 5, 1540.11
1775285387, 2617, 312, 398, 0, 0, 0.54%, 1, 0, 5, 1458.44
1775285392, 2618, 36, 398, 0, 0, 0.54%, 1, 0, 5, 1362.20
1775285397, 2618, 86, 398, 0, 0, 0.54%, 1, 0, 5, 285.71
1775285402, 2618, 132, 398, 0, 0, 0.54%, 1, 0, 5, 1585.46
1775285408, 2618, 203, 398, 0, 0, 0.54%, 1, 0, 5, 1596.11
1775285413, 2618, 276, 398, 0, 0, 0.54%, 1, 0, 5, 1392.32
1775285418, 2618, 337, 398, 0, 0, 0.54%, 1, 0, 5, 1446.69
1775285423, 2619, 28, 398, 0, 0, 0.54%, 1, 0, 5, 1500.99
1775285428, 2619, 88, 398, 0, 0, 0.54%, 1, 0, 5, 1735.45
1775285433, 2619, 211, 398, 0, 0, 0.54%, 1, 0, 5, 1505.87
1775285438, 2619, 279, 398, 0, 0, 0.54%, 1, 0, 5, 1449.78
1775285443, 2619, 363, 398, 0, 0, 0.54%, 1, 0, 5, 1345.38
1775285448, 2620, 86, 398, 0, 0, 0.54%, 1, 0, 5, 1510.50
1775285453, 2620, 178, 398, 0, 0, 0.54%, 1, 0, 5, 1463.35
1775285458, 2620, 304, 398, 0, 0, 0.54%, 1, 0, 5, 1390.95
1775285464, 2620, 394, 398, 0, 0, 0.54%, 1, 0, 5, 1623.44
1775285469, 2621, 53, 398, 0, 0, 0.54%, 1, 0, 5, 1538.73
1775285474, 2621, 86, 398, 0, 0, 0.54%, 1, 0, 5, 1389.51
1775285479, 2621, 130, 398, 0, 0, 0.54%, 1, 0, 5, 1490.53
1775285484, 2621, 159, 398, 0, 0, 0.54%, 1, 0, 5, 1441.91
1775285489, 2621, 276, 398, 0, 0, 0.54%, 1, 0, 5, 1451.58
1775285495, 2621, 312, 398, 0, 0, 0.54%, 1, 0, 5, 1368.45
1775285500, 2622, 25, 398, 0, 0, 0.54%, 1, 0, 5, 1284.16
1775285505, 2622, 86, 398, 0, 0, 0.54%, 1, 0, 5, 1356.60
1775285510, 2622, 94, 398, 0, 0, 0.54%, 1, 0, 5, 1316.47
1775285515, 2622, 196, 398, 0, 0, 0.54%, 1, 0, 5, 1484.50
1775285520, 2622, 281, 398, 0, 0, 0.54%, 1, 0, 5, 1412.76
1775285525, 2622, 338, 398, 0, 0, 0.54%, 1, 0, 5, 1398.28
1775285530, 2623, 73, 398, 0, 0, 0.54%, 1, 0, 5, 1467.27
1775285535, 2623, 120, 398, 0, 0, 0.54%, 1, 0, 5, 1583.55
1775285540, 2623, 238, 398, 0, 0, 0.54%, 1, 0, 5, 1038.67
1775285545, 2623, 282, 398, 0, 0, 0.54%, 1, 0, 5, 1366.42
1775285551, 2623, 344, 398, 0, 0, 0.54%, 1, 0, 5, 1286.79
1775285556, 2624, 57, 398, 0, 0, 0.54%, 1, 0, 5, 1391.88
1775285561, 2624, 93, 398, 0, 0, 0.54%, 1, 0, 5, 1598.06
1775285566, 2624, 172, 398, 0, 0, 0.54%, 1, 0, 5, 1379.33
1775285571, 2624, 311, 398, 0, 0, 0.54%, 1, 0, 5, 1336.72
1775285576, 2625, 30, 398, 0, 0, 0.54%, 1, 0, 5, 1445.15
1775285581, 2625, 83, 398, 0, 0, 0.54%, 1, 0, 5, 1448.98
1775285586, 2625, 106, 398, 0, 0, 0.54%, 1, 0, 5, 1486.67
1775285591, 2625, 237, 398, 0, 0, 0.54%, 1, 0, 5, 1400.36
1775285597, 2625, 312, 398, 0, 0, 0.54%, 1, 0, 5, 1413.41
1775285602, 2626, 54, 398, 0, 0, 0.54%, 1, 0, 5, 1332.84
1775285607, 2626, 86, 398, 0, 0, 0.54%, 1, 0, 5, 1479.59
1775285612, 2626, 103, 398, 0, 0, 0.54%, 1, 0, 5, 1545.26
1775285617, 2626, 220, 398, 0, 0, 0.54%, 1, 0, 5, 1435.53
1775285622, 2626, 286, 398, 0, 0, 0.54%, 1, 0, 5, 1523.63
1775285627, 2626, 337, 398, 0, 0, 0.54%, 1, 0, 5, 1441.19
1775285632, 2627, 73, 398, 0, 0, 0.54%, 1, 0, 5, 1541.88
1775285637, 2627, 97, 398, 0, 0, 0.54%, 1, 0, 5, 1583.01
1775285642, 2627, 255, 398, 0, 0, 0.54%, 1, 0, 5, 1559.59
1775285648, 2627, 321, 398, 0, 0, 0.54%, 1, 0, 5, 1432.49
1775285653, 2628, 57, 398, 0, 0, 0.54%, 1, 0, 5, 1378.00
1775285658, 2628, 95, 398, 0, 0, 0.54%, 1, 0, 5, 1516.90
1775285663, 2628, 173, 398, 0, 0, 0.54%, 1, 0, 5, 1522.82
1775285668, 2628, 300, 398, 0, 0, 0.54%, 1, 0, 5, 1474.69
1775285673, 2629, 8, 398, 0, 0, 0.54%, 1, 0, 5, 1469.73
1775285678, 2629, 57, 398, 0, 0, 0.54%, 1, 0, 5, 1482.23
1775285683, 2629, 88, 398, 0, 0, 0.54%, 1, 0, 5, 1507.10
1775285688, 2629, 130, 398, 0, 0, 0.54%, 1, 0, 5, 1634.54
1775285693, 2629, 208, 398, 0, 0, 0.54%, 1, 0, 5, 1396.73
1775285698, 2629, 299, 398, 0, 0, 0.54%, 1, 0, 5, 1346.93
1775285703, 2629, 345, 398, 0, 0, 0.54%, 1, 0, 5, 1329.00
1775285708, 2630, 51, 398, 0, 0, 0.54%, 1, 0, 5, 1449.02
1775285714, 2630, 88, 398, 0, 0, 0.54%, 1, 0, 5, 1509.52
1775285719, 2630, 195, 398, 0, 0, 0.54%, 1, 0, 5, 1485.24
1775285724, 2630, 337, 398, 0, 0, 0.54%, 1, 0, 5, 1391.25
1775285729, 2631, 73, 398, 0, 0, 0.54%, 1, 0, 5, 1501.89
1775285734, 2631, 106, 398, 0, 0, 0.54%, 1, 0, 5, 1370.87
1775285739, 2631, 263, 398, 0, 0, 0.54%, 1, 0, 5, 1427.74
1775285744, 2631, 337, 398, 0, 0, 0.54%, 1, 0, 5, 1404.96
1775285750, 2632, 73, 398, 0, 0, 0.54%, 1, 0, 5, 1427.10
1775285755, 2632, 106, 398, 0, 0, 0.54%, 1, 0, 5, 1175.55
1775285760, 2632, 195, 398, 0, 0, 0.54%, 1, 0, 5, 1404.13
1775285765, 2632, 292, 398, 0, 0, 0.54%, 1, 0, 5, 1486.10
1775285770, 2632, 352, 398, 0, 0, 0.54%, 1, 0, 5, 1489.71
1775285775, 2633, 57, 398, 0, 0, 0.54%, 1, 0, 5, 1399.72
1775285780, 2633, 106, 398, 0, 0, 0.54%, 1, 0, 5, 1433.98
1775285785, 2633, 158, 398, 0, 0, 0.54%, 1, 0, 5, 1370.01
1775285790, 2633, 252, 398, 0, 0, 0.54%, 1, 0, 5, 1463.77
1775285795, 2633, 337, 398, 0, 0, 0.54%, 1, 0, 5, 1412.86
1775285800, 2634, 51, 398, 0, 0, 0.54%, 1, 0, 5, 1582.54
1775285806, 2634, 86, 398, 0, 0, 0.54%, 1, 0, 5, 1180.66
1775285811, 2634, 117, 398, 0, 0, 0.54%, 1, 0, 5, 1417.28
1775285816, 2634, 188, 398, 0, 0, 0.54%, 1, 0, 5, 1469.09
1775285821, 2634, 312, 398, 0, 0, 0.54%, 1, 0, 5, 1420.82
1775285826, 2635, 57, 398, 0, 0, 0.54%, 1, 0, 5, 1334.93
1775285831, 2635, 93, 398, 0, 0, 0.54%, 1, 0, 5, 1543.34
1775285836, 2635, 141, 398, 0, 0, 0.54%, 1, 0, 5, 1452.08
1775285841, 2635, 183, 398, 0, 0, 0.54%, 1, 0, 5, 1335.38
1775285846, 2635, 235, 398, 0, 0, 0.54%, 1, 0, 5, 1451.00
1775285851, 2635, 332, 398, 0, 0, 0.54%, 1, 0, 5, 1519.45
1775285856, 2636, 57, 398, 0, 0, 0.54%, 1, 0, 5, 1457.32
1775285861, 2636, 88, 398, 0, 0, 0.54%, 1, 0, 5, 1555.50
1775285866, 2636, 188, 398, 0, 0, 0.54%, 1, 0, 5, 1486.34
1775285871, 2636, 311, 398, 0, 0, 0.54%, 1, 0, 5, 1422.52
1775285877, 2637, 51, 398, 0, 0, 0.54%, 1, 0, 5, 1299.66
1775285882, 2637, 82, 398, 0, 0, 0.54%, 1, 0, 5, 1458.95
1775285887, 2637, 93, 398, 0, 0, 0.54%, 1, 0, 5, 1460.17
1775285892, 2637, 142, 398, 0, 0, 0.54%, 1, 0, 5, 1365.68
1775285897, 2637, 254, 398, 0, 0, 0.54%, 1, 0, 5, 1518.38
1775285902, 2637, 311, 398, 0, 0, 0.54%, 1, 0, 5, 1424.08
1775285907, 2637, 394, 398, 0, 0, 0.54%, 1, 0, 5, 1510.70
1775285912, 2638, 8, 398, 0, 0, 0.54%, 1, 0, 5, 1423.24
1775285917, 2638, 57, 398, 0, 0, 0.54%, 1, 0, 5, 1485.89
1775285923, 2638, 83, 398, 0, 0, 0.54%, 1, 0, 5, 1444.44
1775285928, 2638, 160, 398, 0, 0, 0.54%, 1, 0, 5, 1582.24
1775285933, 2638, 287, 398, 0, 0, 0.54%, 1, 0, 5, 1454.33
1775285938, 2638, 338, 398, 0, 0, 0.54%, 1, 0, 5, 1369.23
1775285943, 2639, 73, 398, 0, 0, 0.54%, 1, 0, 5, 1435.38
1775285948, 2639, 93, 398, 0, 0, 0.54%, 1, 0, 5, 1154.66
1775285953, 2639, 157, 398, 0, 0, 0.54%, 1, 0, 5, 1392.46
1775285958, 2639, 239, 398, 0, 0, 0.54%, 1, 0, 5, 1456.49
1775285963, 2639, 311, 398, 0, 0, 0.54%, 1, 0, 5, 1326.25
1775285968, 2639, 387, 398, 0, 0, 0.54%, 1, 0, 5, 1218.45
1775285973, 2640, 86, 398, 0, 0, 0.54%, 1, 0, 5, 1441.83
1775285979, 2640, 110, 398, 0, 0, 0.54%, 1, 0, 5, 1519.09
1775285984, 2640, 158, 398, 0, 0, 0.54%, 1, 0, 5, 1445.09
1775285989, 2640, 272, 398, 0, 0, 0.54%, 1, 0, 5, 1417.86
1775285994, 2640, 355, 398, 0, 0, 0.54%, 1, 0, 5, 1269.63
1775285999, 2641, 57, 398, 0, 0, 0.54%, 1, 0, 5, 1347.44
1775286004, 2641, 86, 398, 0, 0, 0.54%, 1, 0, 5, 1472.79
1775286009, 2641, 201, 398, 0, 0, 0.54%, 1, 0, 5, 1581.29
1775286014, 2641, 304, 398, 0, 0, 0.54%, 1, 0, 5, 1467.79
1775286019, 2641, 396, 398, 0, 0, 0.54%, 1, 0, 5, 1401.19
1775286024, 2642, 34, 398, 0, 0, 0.54%, 1, 0, 5, 1377.94
1775286029, 2642, 83, 398, 0, 0, 0.54%, 1, 0, 5, 1334.76
1775286035, 2642, 98, 398, 0, 0, 0.54%, 1, 0, 5, 1461.78
1775286040, 2642, 150, 398, 0, 0, 0.54%, 1, 0, 5, 1422.52
1775286045, 2642, 256, 398, 0, 0, 0.54%, 1, 0, 5, 1380.88
1775286050, 2643, 2, 398, 0, 0, 0.54%, 1, 0, 5, 1469.52
1775286055, 2643, 57, 398, 0, 0, 0.54%, 1, 0, 5, 1439.42
1775286060, 2643, 87, 398, 0, 0, 0.54%, 1, 0, 5, 1504.79
1775286065, 2643, 158, 398, 0, 0, 0.54%, 1, 0, 5, 1574.75
1775286070, 2643, 218, 398, 0, 0, 0.54%, 1, 0, 5, 1538.67
1775286075, 2643, 287, 398, 0, 0, 0.54%, 1, 0, 5, 1392.78
1775286081, 2643, 382, 398, 0, 0, 0.54%, 1, 0, 5, 1264.47
1775286086, 2644, 57, 398, 0, 0, 0.54%, 1, 0, 5, 1620.51
1775286091, 2644, 88, 398, 0, 0, 0.54%, 1, 0, 5, 1490.74
1775286096, 2644, 132, 398, 0, 0, 0.54%, 1, 0, 5, 1570.30
1775286101, 2644, 264, 398, 0, 0, 0.54%, 1, 0, 5, 1501.51
1775286106, 2644, 337, 398, 0, 0, 0.54%, 1, 0, 5, 1438.99
1775286111, 2645, 51, 398, 0, 0, 0.54%, 1, 0, 5, 1322.23
1775286116, 2645, 83, 398, 0, 0, 0.54%, 1, 0, 5, 1476.73
1775286121, 2645, 106, 398, 0, 0, 0.54%, 1, 0, 5, 1513.00
1775286126, 2645, 224, 398, 0, 0, 0.54%, 1, 0, 5, 1427.28
1775286132, 2645, 312, 398, 0, 0, 0.54%, 1, 0, 5, 1529.71
1775286137, 2646, 57, 398, 0, 0, 0.54%, 1, 0, 5, 1433.88
1775286142, 2646, 88, 398, 0, 0, 0.54%, 1, 0, 5, 1425.27
1775286147, 2646, 147, 398, 0, 0, 0.54%, 1, 0, 5, 1494.35
1775286152, 2646, 251, 398, 0, 0, 0.54%, 1, 0, 5, 1417.72
1775286157, 2646, 331, 398, 0, 0, 0.54%, 1, 0, 5, 1431.74
1775286162, 2647, 11, 398, 0, 0, 0.54%, 1, 0, 5, 1447.69
1775286167, 2647, 73, 398, 0, 0, 0.54%, 1, 0, 5, 1408.96
1775286172, 2647, 106, 398, 0, 0, 0.54%, 1, 0, 5, 1472.12
1775286177, 2647, 179, 398, 0, 0, 0.54%, 1, 0, 5, 1519.72
1775286182, 2647, 280, 398, 0, 0, 0.54%, 1, 0, 5, 1501.96
1775286187, 2647, 316, 398, 0, 0, 0.54%, 1, 0, 5, 1400.78
1775286193, 2648, 44, 398, 0, 0, 0.54%, 1, 0, 5, 1465.00
1775286198, 2648, 86, 398, 0, 0, 0.54%, 1, 0, 5, 1496.69
1775286203, 2648, 132, 398, 0, 0, 0.54%, 1, 0, 5, 1479.78
1775286208, 2648, 287, 398, 0, 0, 0.54%, 1, 0, 5, 1527.83
1775286213, 2648, 371, 398, 0, 0, 0.54%, 1, 0, 5, 1389.90
1775286218, 2649, 73, 398, 0, 0, 0.54%, 1, 0, 5, 1539.35
1775286223, 2649, 102, 398, 0, 0, 0.54%, 1, 0, 5, 1430.74
1775286228, 2649, 158, 398, 0, 0, 0.54%, 1, 0, 5, 1451.24
1775286233, 2649, 234, 398, 0, 0, 0.54%, 1, 0, 5, 1455.18
1775286238, 2649, 374, 398, 0, 0, 0.54%, 1, 0, 5, 1416.23
1775286244, 2650, 86, 398, 0, 0, 0.54%, 1, 0, 5, 1360.77
1775286249, 2650, 175, 398, 0, 0, 0.54%, 1, 0, 5, 1537.25
1775286254, 2650, 274, 398, 0, 0, 0.54%, 1, 0, 5, 1466.10
1775286259, 2650, 337, 398, 0, 0, 0.54%, 1, 0, 5, 1312.80
1775286264, 2651, 51, 398, 0, 0, 0.54%, 1, 0, 5, 1690.14
1775286269, 2651, 86, 398, 0, 0, 0.54%, 1, 0, 5, 1538.28
1775286274, 2651, 262, 398, 0, 0, 0.54%, 1, 0, 5, 1461.48
1775286279, 2651, 354, 398, 0, 0, 0.54%, 1, 0, 5, 1381.10
1775286284, 2652, 57, 398, 0, 0, 0.54%, 1, 0, 5, 1520.78
1775286290, 2652, 83, 398, 0, 0, 0.54%, 1, 0, 5, 254.98
1775286295, 2652, 131, 398, 0, 0, 0.54%, 1, 0, 5, 1456.71
1775286300, 2652, 270, 398, 0, 0, 0.54%, 1, 0, 5, 1425.41
1775286305, 2652, 369, 398, 0, 0, 0.54%, 1, 0, 5, 1243.24
1775286310, 2653, 31, 398, 0, 0, 0.54%, 1, 0, 5, 1373.76
1775286315, 2653, 57, 398, 0, 0, 0.54%, 1, 0, 5, 1363.70
1775286320, 2653, 106, 398, 0, 0, 0.54%, 1, 0, 5, 1508.42
1775286326, 2653, 196, 398, 0, 0, 0.54%, 1, 0, 5, 1490.21
1775286331, 2653, 304, 398, 0, 0, 0.54%, 1, 0, 5, 1376.31
1775286336, 2654, 5, 398, 0, 0, 0.54%, 1, 0, 5, 1438.34
1775286341, 2654, 88, 398, 0, 0, 0.54%, 1, 0, 5, 1558.98
1775286346, 2654, 106, 398, 0, 0, 0.54%, 1, 0, 5, 1442.03
1775286351, 2654, 235, 398, 0, 0, 0.54%, 1, 0, 5, 1513.24
1775286356, 2654, 344, 398, 0, 0, 0.54%, 1, 0, 5, 1346.58
1775286361, 2655, 73, 398, 0, 0, 0.54%, 1, 0, 5, 1453.69
1775286366, 2655, 105, 398, 0, 0, 0.54%, 1, 0, 5, 1530.64
1775286371, 2655, 158, 398, 0, 0, 0.54%, 1, 0, 5, 1566.44
1775286377, 2655, 245, 398, 0, 0, 0.54%, 1, 0, 5, 1459.04
1775286382, 2655, 312, 398, 0, 0, 0.54%, 1, 0, 5, 1446.69
1775286387, 2656, 57, 398, 0, 0, 0.54%, 1, 0, 5, 1415.08
1775286392, 2656, 86, 398, 0, 0, 0.54%, 1, 0, 5, 1531.38
1775286397, 2656, 103, 398, 0, 0, 0.54%, 1, 0, 5, 1537.50
1775286402, 2656, 206, 398, 0, 0, 0.54%, 1, 0, 5, 1445.84
1775286407, 2656, 312, 398, 0, 0, 0.54%, 1, 0, 5, 1485.45
1775286412, 2657, 16, 398, 0, 0, 0.54%, 1, 0, 5, 1478.67
1775286417, 2657, 59, 398, 0, 0, 0.54%, 1, 0, 5, 1315.00
1775286422, 2657, 93, 398, 0, 0, 0.54%, 1, 0, 5, 1485.61
1775286427, 2657, 287, 398, 0, 0, 0.54%, 1, 0, 5, 1467.97
1775286432, 2657, 355, 398, 0, 0, 0.54%, 1, 0, 5, 1335.40
1775286437, 2658, 73, 398, 0, 0, 0.54%, 1, 0, 5, 1435.93
1775286442, 2658, 133, 398, 0, 0, 0.54%, 1, 0, 5, 1454.53
1775286448, 2658, 180, 398, 0, 0, 0.54%, 1, 0, 5, 1560.10
1775286453, 2658, 311, 398, 0, 0, 0.54%, 1, 0, 5, 1442.68
1775286458, 2659, 49, 398, 0, 0, 0.54%, 1, 0, 5, 1413.35
1775286463, 2659, 86, 398, 0, 0, 0.54%, 1, 0, 5, 1539.73
1775286468, 2659, 130, 398, 0, 0, 0.54%, 1, 0, 5, 1599.13
1775286473, 2659, 206, 398, 0, 0, 0.54%, 1, 0, 5, 1461.56
1775286478, 2659, 304, 398, 0, 0, 0.54%, 1, 0, 5, 1395.84
1775286483, 2659, 397, 398, 0, 0, 0.54%, 1, 0, 5, 1182.71
1775286488, 2660, 81, 398, 0, 0, 0.54%, 1, 0, 5, 1377.57
1775286493, 2660, 106, 398, 0, 0, 0.54%, 1, 0, 5, 1390.92
1775286498, 2660, 143, 398, 0, 0, 0.54%, 1, 0, 5, 1264.28
1775286503, 2660, 274, 398, 0, 0, 0.54%, 1, 0, 5, 1466.50
1775286508, 2660, 308, 398, 0, 0, 0.54%, 1, 0, 5, 1262.45
1775286514, 2661, 12, 398, 0, 0, 0.54%, 1, 0, 5, 1438.48
1775286519, 2661, 73, 398, 0, 0, 0.54%, 1, 0, 5, 1516.16
1775286524, 2661, 93, 398, 0, 0, 0.54%, 1, 0, 5, 1399.17
1775286529, 2661, 248, 398, 0, 0, 0.54%, 1, 0, 5, 1526.24
1775286534, 2661, 333, 398, 0, 0, 0.54%, 1, 0, 5, 1397.12
1775286539, 2662, 31, 398, 0, 0, 0.54%, 1, 0, 5, 1332.34
1775286544, 2662, 81, 398, 0, 0, 0.54%, 1, 0, 5, 1472.34
1775286549, 2662, 107, 398, 0, 0, 0.54%, 1, 0, 5, 1440.96
1775286554, 2662, 177, 398, 0, 0, 0.54%, 1, 0, 5, 1463.42
1775286559, 2662, 243, 398, 0, 0, 0.54%, 1, 0, 5, 1378.12
1775286565, 2662, 333, 398, 0, 0, 0.54%, 1, 0, 5, 1390.89
1775286570, 2663, 57, 398, 0, 0, 0.54%, 1, 0, 5, 1358.81
1775286575, 2663, 88, 398, 0, 0, 0.54%, 1, 0, 5, 1455.13
1775286580, 2663, 208, 398, 0, 0, 0.54%, 1, 0, 5, 1495.34
1775286585, 2663, 232, 398, 0, 0, 0.54%, 1, 0, 5, 1503.06
1775286590, 2663, 278, 398, 0, 0, 0.54%, 1, 0, 5, 1533.67
1775286595, 2663, 333, 398, 0, 0, 0.54%, 1, 0, 5, 1490.92
1775286600, 2664, 51, 398, 0, 0, 0.54%, 1, 0, 5, 1384.45
1775286605, 2664, 73, 398, 0, 0, 0.54%, 1, 0, 5, 1518.26
1775286610, 2664, 158, 398, 0, 0, 0.54%, 1, 0, 5, 1523.91
1775286616, 2664, 312, 398, 0, 0, 0.54%, 1, 0, 5, 1411.60
1775286621, 2664, 393, 398, 0, 0, 0.54%, 1, 0, 5, 1238.29
1775286626, 2665, 43, 398, 0, 0, 0.54%, 1, 0, 5, 1301.56
1775286631, 2665, 71, 398, 0, 0, 0.54%, 1, 0, 5, 1307.74
1775286636, 2665, 93, 398, 0, 0, 0.54%, 1, 0, 5, 1445.77
1775286641, 2665, 158, 398, 0, 0, 0.54%, 1, 0, 5, 1514.59
1775286646, 2665, 234, 398, 0, 0, 0.54%, 1, 0, 5, 1258.50
1775286651, 2665, 250, 398, 0, 0, 0.54%, 1, 0, 5, 1296.41
1775286656, 2665, 313, 398, 0, 0, 0.54%, 1, 0, 5, 1484.52
1775286661, 2666, 32, 398, 0, 0, 0.54%, 1, 0, 5, 1443.19
1775286667, 2666, 83, 398, 0, 0, 0.54%, 1, 0, 5, 1498.41
1775286672, 2666, 106, 398, 0, 0, 0.54%, 1, 0, 5, 1437.85
1775286677, 2666, 205, 398, 0, 0, 0.54%, 1, 0, 5, 1388.18
1775286682, 2666, 333, 398, 0, 0, 0.54%, 1, 0, 5, 1403.59
1775286687, 2667, 83, 398, 0, 0, 0.54%, 1, 0, 5, 1563.62
1775286692, 2667, 199, 398, 0, 0, 0.54%, 1, 0, 5, 1538.38
1775286697, 2667, 304, 398, 0, 0, 0.54%, 1, 0, 5, 1458.11
1775286702, 2667, 394, 398, 0, 0, 0.54%, 1, 0, 5, 1342.97
1775286707, 2668, 73, 398, 0, 0, 0.54%, 1, 0, 5, 1513.19
1775286713, 2668, 93, 398, 0, 0, 0.54%, 1, 0, 5, 1466.54
1775286718, 2668, 194, 398, 0, 0, 0.54%, 1, 0, 5, 1405.75
1775286723, 2668, 317, 398, 0, 0, 0.54%, 1, 0, 5, 1425.32
1775286728, 2669, 51, 398, 0, 0, 0.54%, 1, 0, 5, 1664.81
1775286733, 2669, 86, 398, 0, 0, 0.54%, 1, 0, 5, 1416.42
1775286738, 2669, 175, 398, 0, 0, 0.54%, 1, 0, 5, 1456.78
1775286743, 2669, 304, 398, 0, 0, 0.54%, 1, 0, 5, 1499.25
1775286748, 2670, 15, 398, 0, 0, 0.54%, 1, 0, 5, 1330.94
1775286753, 2670, 73, 398, 0, 0, 0.54%, 1, 0, 5, 1452.77
1775286758, 2670, 99, 398, 0, 0, 0.54%, 1, 0, 5, 1519.92
1775286764, 2670, 154, 398, 0, 0, 0.54%, 1, 0, 5, 1491.09
1775286769, 2670, 230, 398, 0, 0, 0.54%, 1, 0, 5, 1474.57
1775286774, 2670, 314, 398, 0, 0, 0.54%, 1, 0, 5, 1416.39
1775286779, 2671, 51, 398, 0, 0, 0.54%, 1, 0, 5, 1604.24
1775286784, 2671, 88, 398, 0, 0, 0.54%, 1, 0, 5, 1485.41
1775286789, 2671, 106, 398, 0, 0, 0.54%, 1, 0, 5, 1436.14
1775286794, 2671, 234, 398, 0, 0, 0.54%, 1, 0, 5, 946.20
1775286799, 2671, 281, 398, 0, 0, 0.54%, 1, 0, 5, 1333.41
1775286804, 2672, 6, 398, 0, 0, 0.54%, 1, 0, 5, 1348.08
1775286809, 2672, 57, 398, 0, 0, 0.54%, 1, 0, 5, 1384.80
1775286814, 2672, 106, 398, 0, 0, 0.54%, 1, 0, 5, 1538.21
1775286820, 2672, 154, 398, 0, 0, 0.54%, 1, 0, 5, 1537.15
1775286825, 2672, 301, 398, 0, 0, 0.54%, 1, 0, 5, 1508.81
1775286830, 2673, 9, 398, 0, 0, 0.54%, 1, 0, 5, 1447.26
1775286835, 2673, 78, 398, 0, 0, 0.54%, 1, 0, 5, 1520.28
1775286840, 2673, 106, 398, 0, 0, 0.54%, 1, 0, 5, 1496.66
1775286845, 2673, 226, 398, 0, 0, 0.54%, 1, 0, 5, 1526.66
1775286850, 2673, 304, 398, 0, 0, 0.54%, 1, 0, 5, 1352.70
1775286855, 2674, 16, 398, 0, 0, 0.54%, 1, 0, 5, 1385.72
1775286860, 2674, 77, 398, 0, 0, 0.54%, 1, 0, 5, 1553.81
1775286865, 2674, 119, 398, 0, 0, 0.54%, 1, 0, 5, 1590.12
1775286870, 2674, 175, 398, 0, 0, 0.54%, 1, 0, 5, 1425.65
1775286875, 2674, 304, 398, 0, 0, 0.54%, 1, 0, 5, 1304.53
1775286880, 2675, 51, 398, 0, 0, 0.54%, 1, 0, 5, 1478.60
1775286885, 2675, 88, 398, 0, 0, 0.54%, 1, 0, 5, 1583.18
1775286891, 2675, 177, 398, 0, 0, 0.54%, 1, 0, 5, 1465.20
1775286896, 2675, 311, 398, 0, 0, 0.54%, 1, 0, 5, 1396.89
1775286901, 2676, 51, 398, 0, 0, 0.54%, 1, 0, 5, 1458.84
1775286906, 2676, 86, 398, 0, 0, 0.54%, 1, 0, 5, 1387.25
1775286911, 2676, 123, 398, 0, 0, 0.54%, 1, 0, 5, 1433.26
1775286916, 2676, 203, 398, 0, 0, 0.54%, 1, 0, 5, 1592.63
1775286921, 2676, 236, 398, 0, 0, 0.54%, 1, 0, 5, 1491.52
1775286926, 2676, 311, 398, 0, 0, 0.54%, 1, 0, 5, 1440.36
1775286931, 2677, 14, 398, 0, 0, 0.54%, 1, 0, 5, 1450.43
1775286936, 2677, 86, 398, 0, 0, 0.54%, 1, 0, 5, 1483.06
1775286942, 2677, 159, 398, 0, 0, 0.54%, 1, 0, 5, 1463.12
1775286947, 2677, 307, 398, 0, 0, 0.54%, 1, 0, 5, 1518.26
1775286952, 2677, 396, 398, 0, 0, 0.54%, 1, 0, 5, 1397.89
1775286957, 2678, 57, 398, 0, 0, 0.54%, 1, 0, 5, 1496.97
1775286962, 2678, 88, 398, 0, 0, 0.54%, 1, 0, 5, 1627.35
1775286967, 2678, 106, 398, 0, 0, 0.54%, 1, 0, 5, 1549.41
1775286972, 2678, 265, 398, 0, 0, 0.54%, 1, 0, 5, 1352.28
1775286977, 2678, 308, 398, 0, 0, 0.54%, 1, 0, 5, 1313.92
1775286982, 2679, 14, 398, 0, 0, 0.54%, 1, 0, 5, 1533.47
1775286987, 2679, 83, 398, 0, 0, 0.54%, 1, 0, 5, 1506.04
1775286992, 2679, 106, 398, 0, 0, 0.54%, 1, 0, 5, 1480.28
1775286998, 2679, 293, 398, 0, 0, 0.54%, 1, 0, 5, 1428.29
1775287003, 2680, 52, 398, 0, 0, 0.54%, 1, 0, 5, 253.06
1775287008, 2680, 88, 398, 0, 0, 0.54%, 1, 0, 5, 1578.95
1775287013, 2680, 123, 398, 0, 0, 0.54%, 1, 0, 5, 1462.01
1775287018, 2680, 153, 398, 0, 0, 0.54%, 1, 0, 5, 1373.64
1775287023, 2680, 303, 398, 0, 0, 0.54%, 1, 0, 5, 1436.60
1775287028, 2681, 2, 398, 0, 0, 0.54%, 1, 0, 5, 1358.51
1775287033, 2681, 83, 398, 0, 0, 0.54%, 1, 0, 5, 1462.92
1775287038, 2681, 111, 398, 0, 0, 0.54%, 1, 0, 5, 1429.01
1775287043, 2681, 194, 398, 0, 0, 0.54%, 1, 0, 5, 1352.73
1775287048, 2681, 268, 398, 0, 0, 0.54%, 1, 0, 5, 1410.55
1775287053, 2681, 339, 398, 0, 0, 0.54%, 1, 0, 5, 1372.64
1775287058, 2682, 15, 398, 0, 0, 0.54%, 1, 0, 5, 1313.81
1775287063, 2682, 73, 398, 0, 0, 0.54%, 1, 0, 5, 1467.14
1775287068, 2682, 93, 398, 0, 0, 0.54%, 1, 0, 5, 1485.59
1775287074, 2682, 156, 398, 0, 0, 0.54%, 1, 0, 5, 1505.08
1775287079, 2682, 311, 398, 0, 0, 0.54%, 1, 0, 5, 1411.15
1775287084, 2683, 47, 398, 0, 0, 0.54%, 1, 0, 5, 1326.00
1775287089, 2683, 86, 398, 0, 0, 0.54%, 1, 0, 5, 1406.90
1775287094, 2683, 138, 398, 0, 0, 0.54%, 1, 0, 5, 1516.87
1775287099, 2683, 239, 398, 0, 0, 0.54%, 1, 0, 5, 1473.66
1775287104, 2683, 321, 398, 0, 0, 0.54%, 1, 0, 5, 1376.33
1775287109, 2684, 57, 398, 0, 0, 0.54%, 1, 0, 5, 1489.82
1775287114, 2684, 93, 398, 0, 0, 0.54%, 1, 0, 5, 1356.43
1775287119, 2684, 148, 398, 0, 0, 0.54%, 1, 0, 5, 1385.35
1775287124, 2684, 287, 398, 0, 0, 0.54%, 1, 0, 5, 1403.11
1775287130, 2684, 362, 398, 0, 0, 0.54%, 1, 0, 5, 1434.86
1775287135, 2685, 58, 398, 0, 0, 0.54%, 1, 0, 5, 1452.39
1775287140, 2685, 88, 398, 0, 0, 0.54%, 1, 0, 5, 1594.43
1775287145, 2685, 175, 398, 0, 0, 0.54%, 1, 0, 5, 1413.31
1775287150, 2685, 311, 398, 0, 0, 0.54%, 1, 0, 5, 1477.74
1775287155, 2686, 51, 398, 0, 0, 0.54%, 1, 0, 5, 1484.53
1775287160, 2686, 88, 398, 0, 0, 0.54%, 1, 0, 5, 1609.61
1775287165, 2686, 217, 398, 0, 0, 0.54%, 1, 0, 5, 1529.54
1775287170, 2686, 280, 398, 0, 0, 0.54%, 1, 0, 5, 1527.56
1775287175, 2686, 333, 398, 0, 0, 0.54%, 1, 0, 5, 1461.83
1775287181, 2686, 394, 398, 0, 0, 0.54%, 1, 0, 5, 1328.95
1775287186, 2687, 83, 398, 0, 0, 0.54%, 1, 0, 5, 1485.18
1775287191, 2687, 109, 398, 0, 0, 0.54%, 1, 0, 5, 1434.40
1775287196, 2687, 233, 398, 0, 0, 0.54%, 1, 0, 5, 1441.11
1775287201, 2687, 258, 398, 0, 0, 0.54%, 1, 0, 5, 1384.08
1775287206, 2687, 309, 398, 0, 0, 0.54%, 1, 0, 5, 1537.59
1775287211, 2688, 57, 398, 0, 0, 0.54%, 1, 0, 5, 1311.14
1775287216, 2688, 88, 398, 0, 0, 0.54%, 1, 0, 5, 1467.47
1775287222, 2688, 125, 398, 0, 0, 0.54%, 1, 0, 5, 1566.76
1775287227, 2688, 238, 398, 0, 0, 0.54%, 1, 0, 5, 1420.22
1775287232, 2688, 287, 398, 0, 0, 0.54%, 1, 0, 5, 1381.35
1775287237, 2688, 381, 398, 0, 0, 0.54%, 1, 0, 5, 1314.50
1775287242, 2689, 57, 398, 0, 0, 0.54%, 1, 0, 5, 1536.69
1775287247, 2689, 88, 398, 0, 0, 0.54%, 1, 0, 5, 1490.36
1775287253, 2689, 158, 398, 0, 0, 0.54%, 1, 0, 5, 1392.32
1775287258, 2689, 250, 398, 0, 0, 0.54%, 1, 0, 5, 1353.53
1775287263, 2689, 332, 398, 0, 0, 0.54%, 1, 0, 5, 1448.45
1775287268, 2689, 389, 398, 0, 0, 0.54%, 1, 0, 5, 1352.13
1775287273, 2690, 82, 398, 0, 0, 0.54%, 1, 0, 5, 1392.58
1775287278, 2690, 106, 398, 0, 0, 0.54%, 1, 0, 5, 1303.93
1775287283, 2690, 197, 398, 0, 0, 0.54%, 1, 0, 5, 1328.73
1775287288, 2690, 337, 398, 0, 0, 0.54%, 1, 0, 5, 1417.96
1775287293, 2691, 57, 398, 0, 0, 0.54%, 1, 0, 5, 1443.62
1775287298, 2691, 92, 398, 0, 0, 0.54%, 1, 0, 5, 1511.96
1775287304, 2691, 120, 398, 0, 0, 0.54%, 1, 0, 5, 1508.15
1775287309, 2691, 247, 398, 0, 0, 0.54%, 1, 0, 5, 1399.61
1775287314, 2691, 333, 398, 0, 0, 0.54%, 1, 0, 5, 1354.03
1775287319, 2692, 57, 398, 0, 0, 0.54%, 1, 0, 5, 1495.84
1775287324, 2692, 106, 398, 0, 0, 0.54%, 1, 0, 5, 1611.63
1775287329, 2692, 178, 398, 0, 0, 0.54%, 1, 0, 5, 1568.08
1775287334, 2692, 302, 398, 0, 0, 0.54%, 1, 0, 5, 1377.83
1775287339, 2693, 1, 398, 0, 0, 0.54%, 1, 0, 5, 1446.46
1775287344, 2693, 83, 398, 0, 0, 0.54%, 1, 0, 5, 1512.27
1775287349, 2693, 97, 398, 0, 0, 0.54%, 1, 0, 5, 1500.28
1775287354, 2693, 148, 399, 1, 0, 0.54%, 1, 0, 5, 1375.83
1775287360, 2693, 290, 399, 1, 0, 0.54%, 1, 0, 5, 1323.31
1775287365, 2694, 11, 399, 1, 0, 0.54%, 1, 0, 5, 1315.80
1775287370, 2694, 73, 399, 1, 0, 0.54%, 1, 0, 5, 1444.52
1775287375, 2694, 88, 399, 1, 0, 0.54%, 1, 0, 5, 1522.89
1775287380, 2694, 138, 399, 1, 0, 0.54%, 1, 0, 5, 1555.42
1775287385, 2694, 269, 399, 1, 0, 0.54%, 1, 0, 5, 1504.36
1775287390, 2694, 311, 399, 1, 0, 0.54%, 1, 0, 5, 1517.69
1775287396, 2695, 51, 399, 1, 0, 0.54%, 1, 0, 5, 1509.96
1775287401, 2695, 88, 399, 1, 0, 0.54%, 1, 0, 5, 1553.72
1775287406, 2695, 267, 399, 1, 0, 0.54%, 1, 0, 5, 1509.56
1775287411, 2695, 337, 399, 1, 0, 0.54%, 1, 0, 5, 1438.92
1775287416, 2696, 86, 399, 1, 0, 0.54%, 1, 0, 5, 1509.65
1775287421, 2696, 120, 399, 1, 0, 0.54%, 1, 0, 5, 1436.44
1775287426, 2696, 227, 399, 1, 0, 0.54%, 1, 0, 5, 1383.92
1775287432, 2696, 312, 399, 1, 0, 0.54%, 1, 0, 5, 1446.88
1775287437, 2697, 20, 399, 1, 0, 0.54%, 1, 0, 5, 1354.43
1775287442, 2697, 59, 400, 2, 0, 0.54%, 1, 0, 5, 1684.34
1775287447, 2697, 83, 400, 2, 0, 0.54%, 1, 0, 5, 1470.36
1775287452, 2697, 98, 400, 2, 0, 0.54%, 1, 0, 5, 1438.80
1775287457, 2697, 202, 400, 2, 0, 0.54%, 1, 0, 5, 1398.74
1775287462, 2697, 221, 400, 2, 0, 0.54%, 1, 0, 5, 1569.14
1775287467, 2697, 276, 400, 2, 0, 0.54%, 1, 0, 5, 1478.71
1775287472, 2697, 333, 400, 2, 0, 0.54%, 1, 0, 5, 1332.50
1775287477, 2698, 29, 400, 2, 0, 0.54%, 1, 0, 5, 1461.18
1775287483, 2698, 83, 400, 2, 0, 0.54%, 1, 0, 5, 1418.76
1775287488, 2698, 107, 400, 2, 0, 0.54%, 1, 0, 5, 1469.47
1775287493, 2698, 251, 400, 2, 0, 0.54%, 1, 0, 5, 1443.41
1775287498, 2698, 333, 400, 2, 0, 0.54%, 1, 0, 5, 1481.28
1775287503, 2698, 396, 400, 2, 0, 0.54%, 1, 0, 5, 1460.85
1775287508, 2698, 399, 400, 2, 0, 0.54%, 1, 0, 5, 1403.42
1775287513, 2699, 25, 400, 1, 0, 0.54%, 1, 0, 5, 1440.58
1775287518, 2699, 73, 400, 1, 0, 0.54%, 1, 0, 5, 1430.30
1775287523, 2699, 93, 400, 1, 0, 0.54%, 1, 0, 5, 1446.59
1775287528, 2699, 159, 400, 1, 0, 0.54%, 1, 0, 5, 1544.40
1775287533, 2699, 301, 400, 1, 0, 0.54%, 1, 0, 5, 1515.96
1775287538, 2699, 389, 400, 1, 0, 0.54%, 1, 0, 5, 1358.51
1775287543, 2699, 398, 400, 1, 0, 0.54%, 1, 0, 5, 1477.80
1775287549, 2700, 83, 400, 0, 0, 0.54%, 1, 0, 5, 1403.11
1775287554, 2700, 93, 400, 0, 0, 0.54%, 1, 0, 5, 1416.45
1775287559, 2700, 241, 400, 0, 0, 0.54%, 1, 0, 5, 1436.91
1775287564, 2700, 279, 400, 0, 0, 0.54%, 1, 0, 5, 1365.32
1775287569, 2700, 334, 400, 0, 0, 0.54%, 1, 0, 5, 1411.02
1775287574, 2701, 57, 400, 0, 0, 0.54%, 1, 0, 5, 1353.37
1775287579, 2701, 92, 400, 0, 0, 0.54%, 1, 0, 5, 1475.18
1775287584, 2701, 141, 400, 0, 0, 0.54%, 1, 0, 5, 1524.22
1775287589, 2701, 203, 400, 0, 0, 0.54%, 1, 0, 5, 1263.65
1775287594, 2701, 264, 400, 0, 0, 0.54%, 1, 0, 5, 1399.89
1775287599, 2701, 328, 400, 0, 0, 0.54%, 1, 0, 5, 1408.00
1775287604, 2702, 12, 400, 0, 0, 0.54%, 1, 0, 5, 1397.10
1775287610, 2702, 57, 400, 0, 0, 0.54%, 1, 0, 5, 1325.24
1775287615, 2702, 88, 400, 0, 0, 0.54%, 1, 0, 5, 1492.21
1775287620, 2702, 158, 400, 0, 0, 0.54%, 1, 0, 5, 1483.83
1775287625, 2702, 265, 400, 0, 0, 0.54%, 1, 0, 5, 1470.94
1775287630, 2702, 333, 400, 0, 0, 0.54%, 1, 0, 5, 1431.37
1775287635, 2703, 57, 400, 0, 0, 0.54%, 1, 0, 5, 1531.23
1775287640, 2703, 93, 400, 0, 0, 0.54%, 1, 0, 5, 1534.38
1775287645, 2703, 287, 400, 0, 0, 0.54%, 1, 0, 5, 1526.04
1775287651, 2703, 382, 400, 0, 0, 0.54%, 1, 0, 5, 1331.04
1775287656, 2704, 76, 400, 0, 0, 0.54%, 1, 0, 5, 1505.75
1775287661, 2704, 98, 400, 0, 0, 0.54%, 1, 0, 5, 1505.30
1775287666, 2704, 304, 400, 0, 0, 0.54%, 1, 0, 5, 1497.76
1775287671, 2704, 387, 400, 0, 0, 0.54%, 1, 0, 5, 1288.59
1775287676, 2705, 73, 400, 0, 0, 0.54%, 1, 0, 5, 1492.85
1775287681, 2705, 94, 400, 0, 0, 0.54%, 1, 0, 5, 1492.04
1775287686, 2705, 287, 400, 0, 0, 0.54%, 1, 0, 5, 1533.65
1775287692, 2706, 32, 400, 0, 0, 0.54%, 1, 0, 5, 1408.72
1775287697, 2706, 73, 400, 0, 0, 0.54%, 1, 0, 5, 1513.89
1775287702, 2706, 106, 400, 0, 0, 0.54%, 1, 0, 5, 1584.10
1775287707, 2706, 171, 400, 0, 0, 0.54%, 1, 0, 5, 1419.39
1775287712, 2706, 224, 400, 0, 0, 0.54%, 1, 0, 5, 1483.12
1775287717, 2706, 307, 400, 0, 0, 0.54%, 1, 0, 5, 1421.64
1775287722, 2707, 13, 400, 0, 0, 0.54%, 1, 0, 5, 1300.06
1775287727, 2707, 83, 400, 0, 0, 0.54%, 1, 0, 5, 1451.34
1775287732, 2707, 116, 400, 0, 0, 0.54%, 1, 0, 5, 1469.27
1775287737, 2707, 210, 400, 0, 0, 0.54%, 1, 0, 5, 1462.26
1775287742, 2707, 287, 400, 0, 0, 0.54%, 1, 0, 5, 1448.15
1775287748, 2708, 12, 400, 0, 0, 0.54%, 1, 0, 5, 1335.19
1775287753, 2708, 83, 400, 0, 0, 0.54%, 1, 0, 5, 1531.41
1775287758, 2708, 106, 400, 0, 0, 0.54%, 1, 0, 5, 1445.61
1775287763, 2708, 167, 400, 0, 0, 0.54%, 1, 0, 5, 1376.59
1775287768, 2708, 205, 400, 0, 0, 0.54%, 1, 0, 5, 1521.73
1775287773, 2708, 304, 400, 0, 0, 0.54%, 1, 0, 5, 1360.69
1775287778, 2708, 389, 400, 0, 0, 0.54%, 1, 0, 5, 1322.80
1775287783, 2709, 88, 400, 0, 0, 0.54%, 1, 0, 5, 1531.39
1775287788, 2709, 162, 400, 0, 0, 0.54%, 1, 0, 5, 1544.07
1775287793, 2709, 258, 400, 0, 0, 0.54%, 1, 0, 5, 1489.74
1775287799, 2709, 319, 400, 0, 0, 0.54%, 1, 0, 5, 1424.68
1775287804, 2710, 57, 400, 0, 0, 0.54%, 1, 0, 5, 1521.09
1775287809, 2710, 88, 400, 0, 0, 0.54%, 1, 0, 5, 1593.66
1775287814, 2710, 158, 400, 0, 0, 0.54%, 1, 0, 5, 1528.02
1775287819, 2710, 333, 400, 0, 0, 0.54%, 1, 0, 5, 1581.48
1775287824, 2711, 57, 400, 0, 0, 0.54%, 1, 0, 5, 1506.67
1775287829, 2711, 93, 400, 0, 0, 0.54%, 1, 0, 5, 1524.02
1775287834, 2711, 177, 400, 0, 0, 0.54%, 1, 0, 5, 1551.13
1775287839, 2712, 57, 400, 0, 0, 0.54%, 1, 0, 5, 1518.69
1775287844, 2712, 93, 400, 0, 0, 0.54%, 1, 0, 5, 1785.00
1775287849, 2712, 149, 400, 0, 0, 0.54%, 1, 0, 5, 1708.63
1775287854, 2712, 215, 400, 0, 0, 0.54%, 1, 0, 5, 1573.52
1775287859, 2712, 312, 400, 0, 0, 0.54%, 1, 0, 5, 1418.25
1775287864, 2713, 14, 400, 0, 0, 0.54%, 1, 0, 5, 1428.05
1775287869, 2713, 83, 400, 0, 0, 0.54%, 1, 0, 5, 1422.54
1775287875, 2713, 106, 400, 0, 0, 0.54%, 1, 0, 5, 1458.49
1775287880, 2713, 193, 400, 0, 0, 0.54%, 1, 0, 5, 1453.23
1775287885, 2713, 266, 400, 0, 0, 0.54%, 1, 0, 5, 1537.18
1775287890, 2713, 313, 400, 0, 0, 0.54%, 1, 0, 5, 1492.26
1775287895, 2714, 5, 400, 0, 0, 0.54%, 1, 0, 5, 1420.83
1775287900, 2714, 73, 400, 0, 0, 0.54%, 1, 0, 5, 1454.11
1775287905, 2714, 98, 400, 0, 0, 0.54%, 1, 0, 5, 1570.08
1775287910, 2714, 158, 400, 0, 0, 0.54%, 1, 0, 5, 1483.99
1775287915, 2714, 259, 400, 0, 0, 0.54%, 1, 0, 5, 1397.44
1775287921, 2714, 328, 400, 0, 0, 0.54%, 1, 0, 5, 1472.33
1775287926, 2715, 0, 400, 0, 0, 0.54%, 1, 0, 5, 1597.55
1775287931, 2715, 51, 400, 0, 0, 0.54%, 1, 0, 5, 1427.31
1775287936, 2715, 83, 400, 0, 0, 0.54%, 1, 0, 5, 1505.95
1775287941, 2715, 122, 400, 0, 0, 0.54%, 1, 0, 5, 1418.73
1775287946, 2715, 254, 400, 0, 0, 0.54%, 1, 0, 5, 1289.47
1775287951, 2715, 330, 400, 0, 0, 0.54%, 1, 0, 5, 1364.22
1775287956, 2716, 57, 400, 0, 0, 0.54%, 1, 0, 5, 1364.42
1775287961, 2716, 83, 400, 0, 0, 0.54%, 1, 0, 5, 1495.00
1775287966, 2716, 117, 400, 0, 0, 0.54%, 1, 0, 5, 1470.77
1775287971, 2716, 202, 400, 0, 0, 0.54%, 1, 0, 5, 1468.42
1775287977, 2716, 287, 400, 0, 0, 0.54%, 1, 0, 5, 1466.88
1775287982, 2716, 343, 400, 0, 0, 0.54%, 1, 0, 5, 1398.91
1775287987, 2717, 30, 400, 0, 0, 0.54%, 1, 0, 5, 1395.71
1775287992, 2717, 86, 400, 0, 0, 0.54%, 1, 0, 5, 1491.88
1775287997, 2717, 145, 400, 0, 0, 0.54%, 1, 0, 5, 1442.39
1775288002, 2717, 252, 400, 0, 0, 0.54%, 1, 0, 5, 1400.18
1775288007, 2717, 342, 400, 0, 0, 0.54%, 1, 0, 5, 1338.65
1775288012, 2718, 51, 400, 0, 0, 0.54%, 1, 0, 5, 1435.97
1775288017, 2718, 88, 400, 0, 0, 0.54%, 1, 0, 5, 1543.92
1775288023, 2718, 139, 400, 0, 0, 0.54%, 1, 0, 5, 1509.43
1775288028, 2718, 304, 400, 0, 0, 0.54%, 1, 0, 5, 1407.67
1775288033, 2719, 8, 400, 0, 0, 0.54%, 1, 0, 5, 1516.16
1775288038, 2719, 71, 400, 0, 0, 0.54%, 1, 0, 5, 1477.30
1775288043, 2719, 88, 400, 0, 0, 0.54%, 1, 0, 5, 1417.92
1775288048, 2719, 158, 400, 0, 0, 0.54%, 1, 0, 5, 1368.66
1775288053, 2719, 309, 400, 0, 0, 0.54%, 1, 0, 5, 1463.76
1775288058, 2719, 399, 400, 0, 0, 0.54%, 1, 0, 5, 1530.88
1775288063, 2720, 57, 400, 0, 0, 0.54%, 1, 0, 5, 1567.08
1775288068, 2720, 106, 400, 0, 0, 0.54%, 1, 0, 5, 1582.09
1775288074, 2720, 173, 400, 0, 0, 0.54%, 1, 0, 5, 1469.59
1775288079, 2720, 264, 400, 0, 0, 0.54%, 1, 0, 5, 1383.00
1775288084, 2720, 311, 400, 0, 0, 0.54%, 1, 0, 5, 1520.49
1775288089, 2721, 57, 400, 0, 0, 0.54%, 1, 0, 5, 1449.83
1775288094, 2721, 77, 400, 0, 0, 0.54%, 1, 0, 5, 1535.94
1775288099, 2721, 100, 400, 0, 0, 0.54%, 1, 0, 5, 1505.68
1775288104, 2721, 207, 400, 0, 0, 0.54%, 1, 0, 5, 1469.02
1775288109, 2721, 304, 400, 0, 0, 0.54%, 1, 0, 5, 1449.30
1775288114, 2722, 5, 400, 0, 0, 0.54%, 1, 0, 5, 1340.45
1775288119, 2722, 73, 400, 0, 0, 0.54%, 1, 0, 5, 1497.28
1775288124, 2722, 99, 400, 0, 0, 0.54%, 1, 0, 5, 1511.07
1775288130, 2722, 152, 400, 0, 0, 0.54%, 1, 0, 5, 1474.78
1775288135, 2722, 294, 400, 0, 0, 0.54%, 1, 0, 5, 1489.61
1775288140, 2722, 387, 400, 0, 0, 0.54%, 1, 0, 5, 1410.14
1775288145, 2723, 73, 400, 0, 0, 0.54%, 1, 0, 5, 1604.57
1775288150, 2723, 93, 400, 0, 0, 0.54%, 1, 0, 5, 1567.04
1775288155, 2723, 125, 400, 0, 0, 0.54%, 1, 0, 5, 1509.45
1775288160, 2723, 177, 400, 0, 0, 0.54%, 1, 0, 5, 1524.33
1775288165, 2723, 248, 400, 0, 0, 0.54%, 1, 0, 5, 1426.24
1775288171, 2723, 358, 400, 0, 0, 0.54%, 1, 0, 5, 1433.57
1775288176, 2724, 72, 400, 0, 0, 0.54%, 1, 0, 5, 1463.92
1775288181, 2724, 93, 400, 0, 0, 0.54%, 1, 0, 5, 1495.53
1775288186, 2724, 188, 400, 0, 0, 0.54%, 1, 0, 5, 1464.69
1775288191, 2724, 333, 400, 0, 0, 0.54%, 1, 0, 5, 1478.46
1775288196, 2724, 393, 400, 0, 0, 0.54%, 1, 0, 5, 1207.10
1775288201, 2725, 24, 400, 0, 0, 0.54%, 1, 0, 5, 1312.31
1775288206, 2725, 88, 400, 0, 0, 0.54%, 1, 0, 5, 1481.75
1775288211, 2725, 198, 400, 0, 0, 0.54%, 1, 0, 5, 1546.91
1775288217, 2725, 274, 400, 0, 0, 0.54%, 1, 0, 5, 1426.52
1775288222, 2725, 316, 400, 0, 0, 0.54%, 1, 0, 5, 1415.22
1775288227, 2726, 51, 400, 0, 0, 0.54%, 1, 0, 5, 1339.99
1775288232, 2726, 85, 400, 0, 0, 0.54%, 1, 0, 5, 1534.87
1775288237, 2726, 158, 400, 0, 0, 0.54%, 1, 0, 5, 1528.23
1775288242, 2726, 299, 400, 0, 0, 0.54%, 1, 0, 5, 1499.15
1775288247, 2726, 395, 400, 0, 0, 0.54%, 1, 0, 5, 1295.38
1775288252, 2727, 73, 400, 0, 0, 0.54%, 1, 0, 5, 1419.20
1775288257, 2727, 93, 400, 0, 0, 0.54%, 1, 0, 5, 1523.09
1775288263, 2727, 201, 400, 0, 0, 0.54%, 1, 0, 5, 1472.24
1775288268, 2727, 240, 400, 0, 0, 0.54%, 1, 0, 5, 1530.42
1775288273, 2727, 311, 400, 0, 0, 0.54%, 1, 0, 5, 1344.94
1775288278, 2728, 43, 400, 0, 0, 0.54%, 1, 0, 5, 1455.89
1775288283, 2728, 88, 400, 0, 0, 0.54%, 1, 0, 5, 1529.36
1775288288, 2728, 126, 400, 0, 0, 0.54%, 1, 0, 5, 1541.85
1775288293, 2728, 188, 400, 0, 0, 0.54%, 1, 0, 5, 1392.71
1775288298, 2728, 287, 400, 0, 0, 0.54%, 1, 0, 5, 1467.85
1775288303, 2729, 52, 400, 0, 0, 0.54%, 1, 0, 5, 1532.86
1775288308, 2729, 73, 400, 0, 0, 0.54%, 1, 0, 5, 1390.07
1775288314, 2729, 106, 400, 0, 0, 0.54%, 1, 0, 5, 1535.19
1775288319, 2729, 203, 400, 0, 0, 0.54%, 1, 0, 5, 1433.53
1775288324, 2729, 304, 400, 0, 0, 0.54%, 1, 0, 5, 1315.16
1775288329, 2730, 17, 400, 0, 0, 0.54%, 1, 0, 5, 1396.18
1775288334, 2730, 73, 400, 0, 0, 0.54%, 1, 0, 5, 1523.90
1775288339, 2730, 133, 400, 0, 0, 0.54%, 1, 0, 5, 1574.18
1775288344, 2730, 240, 400, 0, 0, 0.54%, 1, 0, 5, 1401.85
1775288349, 2730, 337, 400, 0, 0, 0.54%, 1, 0, 5, 1422.57
1775288354, 2731, 57, 400, 0, 0, 0.54%, 1, 0, 5, 1413.90
1775288359, 2731, 93, 400, 0, 0, 0.54%, 1, 0, 5, 1536.14
1775288365, 2731, 165, 400, 0, 0, 0.54%, 1, 0, 5, 1478.98
1775288370, 2731, 304, 400, 0, 0, 0.54%, 1, 0, 5, 1414.84
1775288375, 2732, 26, 400, 0, 0, 0.54%, 1, 0, 5, 1343.21
1775288380, 2732, 86, 400, 0, 0, 0.54%, 1, 0, 5, 1493.21
1775288385, 2732, 154, 400, 0, 0, 0.54%, 1, 0, 5, 1438.02
1775288390, 2732, 263, 400, 0, 0, 0.54%, 1, 0, 5, 1541.49
1775288395, 2732, 337, 400, 0, 0, 0.54%, 1, 0, 5, 1443.19
1775288400, 2733, 55, 400, 0, 0, 0.54%, 1, 0, 5, 1410.87
1775288405, 2733, 86, 400, 0, 0, 0.54%, 1, 0, 5, 1543.92
1775288410, 2733, 146, 400, 0, 0, 0.54%, 1, 0, 5, 1695.72
1775288416, 2733, 268, 400, 0, 0, 0.54%, 1, 0, 5, 1571.86
1775288421, 2733, 319, 400, 0, 0, 0.54%, 1, 0, 5, 1415.94
1775288426, 2733, 393, 400, 0, 0, 0.54%, 1, 0, 5, 1363.77
1775288431, 2734, 83, 400, 0, 0, 0.54%, 1, 0, 5, 1455.84
1775288436, 2734, 158, 400, 0, 0, 0.54%, 1, 0, 5, 1465.70
1775288441, 2734, 304, 400, 0, 0, 0.54%, 1, 0, 5, 1475.42
1775288446, 2735, 51, 400, 0, 0, 0.54%, 1, 0, 5, 1355.62
1775288451, 2735, 86, 400, 0, 0, 0.54%, 1, 0, 5, 1439.58
1775288456, 2735, 112, 400, 0, 0, 0.54%, 1, 0, 5, 1586.94
1775288462, 2735, 203, 400, 0, 0, 0.54%, 1, 0, 5, 1411.42
1775288467, 2735, 287, 400, 0, 0, 0.54%, 1, 0, 5, 1456.25
1775288472, 2735, 338, 400, 0, 0, 0.54%, 1, 0, 5, 1374.59
1775288477, 2736, 73, 400, 0, 0, 0.54%, 1, 0, 5, 1485.47
1775288482, 2736, 93, 400, 0, 0, 0.54%, 1, 0, 5, 1588.21
1775288487, 2736, 192, 400, 0, 0, 0.54%, 1, 0, 5, 1618.51
1775288492, 2736, 261, 400, 0, 0, 0.54%, 1, 0, 5, 1492.40
1775288497, 2736, 337, 400, 0, 0, 0.54%, 1, 0, 5, 1456.38
1775288502, 2737, 51, 400, 0, 0, 0.54%, 1, 0, 5, 1491.00
1775288507, 2737, 93, 400, 0, 0, 0.54%, 1, 0, 5, 1573.82
1775288512, 2737, 171, 400, 0, 0, 0.54%, 1, 0, 5, 1622.20
1775288517, 2737, 233, 400, 0, 0, 0.54%, 1, 0, 5, 1574.15
1775288522, 2737, 317, 400, 0, 0, 0.54%, 1, 0, 5, 1390.70
1775288528, 2737, 398, 400, 0, 0, 0.54%, 1, 0, 5, 1377.51
1775288533, 2738, 57, 400, 0, 0, 0.54%, 1, 0, 5, 1555.19
1775288538, 2738, 93, 400, 0, 0, 0.54%, 1, 0, 5, 1562.25
1775288543, 2738, 247, 400, 0, 0, 0.54%, 1, 0, 5, 1020.25
1775288548, 2738, 337, 400, 0, 0, 0.54%, 1, 0, 5, 1307.57
1775288553, 2739, 54, 400, 0, 0, 0.54%, 1, 0, 5, 1462.44
1775288558, 2739, 86, 400, 0, 0, 0.54%, 1, 0, 5, 1516.03
1775288563, 2739, 106, 400, 0, 0, 0.54%, 1, 0, 5, 1487.94
1775288569, 2739, 234, 400, 0, 0, 0.54%, 1, 0, 5, 1618.45
1775288574, 2739, 304, 400, 0, 0, 0.54%, 1, 0, 5, 1526.83
1775288579, 2739, 396, 400, 0, 0, 0.54%, 1, 0, 5, 1305.70
1775288584, 2740, 23, 400, 0, 0, 0.54%, 1, 0, 5, 1429.27
1775288589, 2740, 88, 400, 0, 0, 0.54%, 1, 0, 5, 1500.90
1775288594, 2740, 184, 400, 0, 0, 0.54%, 1, 0, 5, 1509.32
1775288599, 2740, 278, 400, 0, 0, 0.54%, 1, 0, 5, 1597.87
1775288604, 2740, 337, 400, 0, 0, 0.54%, 1, 0, 5, 1409.95
1775288609, 2741, 70, 400, 0, 0, 0.54%, 1, 0, 5, 1509.66
1775288614, 2741, 93, 400, 0, 0, 0.54%, 1, 0, 5, 1465.17
1775288620, 2741, 137, 400, 0, 0, 0.54%, 1, 0, 5, 1583.74
1775288625, 2741, 270, 400, 0, 0, 0.54%, 1, 0, 5, 1453.23
1775288630, 2741, 311, 400, 0, 0, 0.54%, 1, 0, 5, 1368.54
1775288635, 2741, 398, 400, 0, 0, 0.54%, 1, 0, 5, 1354.16
1775288640, 2742, 57, 400, 0, 0, 0.54%, 1, 0, 5, 1529.34
1775288645, 2742, 88, 400, 0, 0, 0.54%, 1, 0, 5, 1508.55
1775288650, 2742, 158, 400, 0, 0, 0.54%, 1, 0, 5, 1619.05
1775288655, 2742, 269, 400, 0, 0, 0.54%, 1, 0, 5, 1449.78
1775288660, 2742, 337, 400, 0, 0, 0.54%, 1, 0, 5, 1426.09
1775288665, 2743, 75, 400, 0, 0, 0.54%, 1, 0, 5, 1483.34
1775288670, 2743, 112, 400, 0, 0, 0.54%, 1, 0, 5, 1459.82
1775288676, 2743, 188, 400, 0, 0, 0.54%, 1, 0, 5, 1487.50
1775288681, 2743, 275, 400, 0, 0, 0.54%, 1, 0, 5, 1452.09
1775288686, 2743, 312, 400, 0, 0, 0.54%, 1, 0, 5, 1474.95
1775288691, 2744, 26, 400, 0, 0, 0.54%, 1, 0, 5, 1315.20
1775288696, 2744, 58, 400, 0, 0, 0.54%, 1, 0, 5, 1445.90
1775288701, 2744, 86, 400, 0, 0, 0.54%, 1, 0, 5, 1442.94
1775288706, 2744, 122, 400, 0, 0, 0.54%, 1, 0, 5, 1411.63
1775288711, 2744, 256, 400, 0, 0, 0.54%, 1, 0, 5, 1477.46
1775288716, 2744, 370, 400, 0, 0, 0.54%, 1, 0, 5, 1346.09
1775288721, 2745, 86, 400, 0, 0, 0.54%, 1, 0, 5, 1483.39
1775288726, 2745, 121, 400, 0, 0, 0.54%, 1, 0, 5, 1477.10
1775288731, 2745, 259, 400, 0, 0, 0.54%, 1, 0, 5, 1393.74
1775288737, 2745, 337, 400, 0, 0, 0.54%, 1, 0, 5, 1374.35
1775288742, 2746, 60, 400, 0, 0, 0.54%, 1, 0, 5, 1428.80
1775288747, 2746, 93, 400, 0, 0, 0.54%, 1, 0, 5, 1358.93
1775288752, 2746, 221, 400, 0, 0, 0.54%, 1, 0, 5, 1565.26
1775288757, 2746, 304, 400, 0, 0, 0.54%, 1, 0, 5, 1478.81
1775288762, 2747, 51, 400, 0, 0, 0.54%, 1, 0, 5, 1433.44
1775288767, 2747, 88, 400, 0, 0, 0.54%, 1, 0, 5, 1547.61
1775288772, 2747, 199, 400, 0, 0, 0.54%, 1, 0, 5, 1526.38
1775288777, 2747, 337, 400, 0, 0, 0.54%, 1, 0, 5, 1395.95
1775288782, 2748, 73, 400, 0, 0, 0.54%, 1, 0, 5, 1265.72
1775288788, 2748, 88, 400, 0, 0, 0.54%, 1, 0, 5, 1481.82
1775288793, 2748, 108, 400, 0, 0, 0.54%, 1, 0, 5, 1317.33
1775288798, 2748, 188, 400, 0, 0, 0.54%, 1, 0, 5, 1388.69
1775288803, 2748, 287, 400, 0, 0, 0.54%, 1, 0, 5, 1513.98
1775288808, 2748, 367, 400, 0, 0, 0.54%, 1, 0, 5, 1410.28
1775288813, 2749, 51, 400, 0, 0, 0.54%, 1, 0, 5, 1700.74
1775288818, 2749, 88, 400, 0, 0, 0.54%, 1, 0, 5, 1658.12
1775288823, 2749, 150, 400, 0, 0, 0.54%, 1, 0, 5, 1512.86
1775288828, 2749, 262, 400, 0, 0, 0.54%, 1, 0, 5, 1462.38
1775288833, 2749, 347, 400, 0, 0, 0.54%, 1, 0, 5, 1373.21
1775288839, 2750, 57, 400, 0, 0, 0.54%, 1, 0, 5, 1427.37
1775288844, 2750, 88, 400, 0, 0, 0.54%, 1, 0, 5, 1460.00
1775288849, 2750, 178, 400, 0, 0, 0.54%, 1, 0, 5, 1450.12
1775288854, 2750, 288, 400, 0, 0, 0.54%, 1, 0, 5, 1454.20
1775288859, 2750, 366, 400, 0, 0, 0.54%, 1, 0, 5, 1265.27
1775288864, 2751, 62, 400, 0, 0, 0.54%, 1, 0, 5, 1488.49
1775288869, 2751, 88, 400, 0, 0, 0.54%, 1, 0, 5, 1493.09
1775288874, 2751, 132, 400, 0, 0, 0.54%, 1, 0, 5, 1371.24
1775288879, 2751, 304, 400, 0, 0, 0.54%, 1, 0, 5, 1361.29
1775288885, 2752, 7, 400, 0, 0, 0.54%, 1, 0, 5, 1330.91
1775288890, 2752, 83, 400, 0, 0, 0.54%, 1, 0, 5, 1468.16
1775288895, 2752, 106, 400, 0, 0, 0.54%, 1, 0, 5, 1481.23
1775288900, 2752, 253, 400, 0, 0, 0.54%, 1, 0, 5, 1467.43
1775288905, 2752, 337, 400, 0, 0, 0.54%, 1, 0, 5, 1444.74
1775288910, 2753, 73, 400, 0, 0, 0.54%, 1, 0, 5, 1413.33
1775288915, 2753, 91, 400, 0, 0, 0.54%, 1, 0, 5, 1542.96
1775288920, 2753, 158, 400, 0, 0, 0.54%, 1, 0, 5, 1436.53
1775288925, 2753, 333, 400, 0, 0, 0.54%, 1, 0, 5, 1443.08
1775288930, 2754, 56, 400, 0, 0, 0.54%, 1, 0, 5, 1477.86
1775288935, 2754, 88, 400, 0, 0, 0.54%, 1, 0, 5, 1540.63
1775288940, 2754, 171, 400, 0, 0, 0.54%, 1, 0, 5, 1416.01
1775288946, 2754, 275, 400, 0, 0, 0.54%, 1, 0, 5, 1295.47
1775288951, 2754, 394, 400, 0, 0, 0.54%, 1, 0, 5, 1416.26
1775288956, 2755, 57, 400, 0, 0, 0.54%, 1, 0, 5, 1450.90
1775288961, 2755, 93, 400, 0, 0, 0.54%, 1, 0, 5, 1488.14
1775288966, 2755, 229, 400, 0, 0, 0.54%, 1, 0, 5, 1468.39
1775288971, 2755, 327, 400, 0, 0, 0.54%, 1, 0, 5, 1468.64
1775288976, 2756, 74, 400, 0, 0, 0.54%, 1, 0, 5, 1500.46
1775288982, 2756, 92, 400, 0, 0, 0.54%, 1, 0, 5, 1474.00
1775288987, 2756, 135, 400, 0, 0, 0.54%, 1, 0, 5, 1484.48
1775288992, 2756, 230, 400, 0, 0, 0.54%, 1, 0, 5, 1573.81
1775288997, 2756, 316, 400, 0, 0, 0.54%, 1, 0, 5, 1569.21
1775289002, 2757, 13, 400, 0, 0, 0.54%, 1, 0, 5, 1316.16
1775289007, 2757, 74, 400, 0, 0, 0.54%, 1, 0, 5, 1782.78
1775289012, 2757, 118, 400, 0, 0, 0.54%, 1, 0, 5, 1563.39
1775289017, 2757, 189, 400, 0, 0, 0.54%, 1, 0, 5, 1467.93
1775289022, 2757, 275, 400, 0, 0, 0.54%, 1, 0, 5, 1335.44
1775289027, 2757, 360, 400, 0, 0, 0.54%, 1, 0, 5, 1285.81
1775289032, 2758, 73, 400, 0, 0, 0.54%, 1, 0, 5, 1285.30
1775289038, 2758, 106, 400, 0, 0, 0.54%, 1, 0, 5, 1386.67
1775289043, 2758, 247, 400, 0, 0, 0.54%, 1, 0, 5, 1448.17
1775289048, 2758, 312, 400, 0, 0, 0.54%, 1, 0, 5, 1444.77
1775289053, 2759, 6, 400, 0, 0, 0.54%, 1, 0, 5, 1418.88
1775289058, 2759, 73, 400, 0, 0, 0.54%, 1, 0, 5, 1505.51
1775289063, 2759, 122, 400, 0, 0, 0.54%, 1, 0, 5, 1513.78
1775289068, 2759, 287, 400, 0, 0, 0.54%, 1, 0, 5, 1514.54
1775289073, 2759, 337, 400, 0, 0, 0.54%, 1, 0, 5, 1474.93
1775289078, 2760, 62, 400, 0, 0, 0.54%, 1, 0, 5, 1510.14
1775289083, 2760, 88, 400, 0, 0, 0.54%, 1, 0, 5, 1471.74
1775289088, 2760, 167, 400, 0, 0, 0.54%, 1, 0, 5, 1564.23
1775289093, 2760, 282, 400, 0, 0, 0.54%, 1, 0, 5, 1541.00
1775289098, 2760, 355, 400, 0, 0, 0.54%, 1, 0, 5, 1378.16
1775289104, 2761, 75, 400, 0, 0, 0.54%, 1, 0, 5, 1381.61
1775289109, 2761, 106, 400, 0, 0, 0.54%, 1, 0, 5, 1357.80
1775289114, 2761, 255, 400, 0, 0, 0.54%, 1, 0, 5, 1410.66
1775289119, 2761, 337, 400, 0, 0, 0.54%, 1, 0, 5, 1353.97
1775289124, 2762, 24, 400, 0, 0, 0.54%, 1, 0, 5, 1265.71
1775289129, 2762, 73, 400, 0, 0, 0.54%, 1, 0, 5, 1497.77
1775289134, 2762, 120, 400, 0, 0, 0.54%, 1, 0, 5, 1604.12
1775289139, 2762, 258, 400, 0, 0, 0.54%, 1, 0, 5, 1404.75
1775289144, 2762, 323, 400, 0, 0, 0.54%, 1, 0, 5, 1377.62
1775289149, 2763, 57, 400, 0, 0, 0.54%, 1, 0, 5, 1351.73
1775289154, 2763, 88, 400, 0, 0, 0.54%, 1, 0, 5, 1528.37
1775289160, 2763, 161, 400, 0, 0, 0.54%, 1, 0, 5, 1491.90
1775289165, 2763, 307, 400, 0, 0, 0.54%, 1, 0, 5, 1420.17
1775289170, 2764, 21, 400, 0, 0, 0.54%, 1, 0, 5, 1303.82
1775289175, 2764, 83, 400, 0, 0, 0.54%, 1, 0, 5, 1506.28
1775289180, 2764, 158, 400, 0, 0, 0.54%, 1, 0, 5, 1471.55
1775289185, 2764, 245, 400, 0, 0, 0.54%, 1, 0, 5, 1403.52
1775289190, 2764, 337, 400, 0, 0, 0.54%, 1, 0, 5, 1419.22
1775289195, 2765, 16, 400, 0, 0, 0.54%, 1, 0, 5, 1400.37
1775289200, 2765, 73, 400, 0, 0, 0.54%, 1, 0, 5, 1380.43
1775289205, 2765, 118, 400, 0, 0, 0.54%, 1, 0, 5, 1515.83
1775289210, 2765, 300, 400, 0, 0, 0.54%, 1, 0, 5, 1441.73
1775289215, 2765, 355, 400, 0, 0, 0.54%, 1, 0, 5, 1430.52
1775289221, 2766, 23, 400, 0, 0, 0.54%, 1, 0, 5, 1387.76
1775289226, 2766, 83, 400, 0, 0, 0.54%, 1, 0, 5, 1605.33
1775289231, 2766, 158, 400, 0, 0, 0.54%, 1, 0, 5, 1551.77
1775289236, 2766, 267, 400, 0, 0, 0.54%, 1, 0, 5, 1417.78
1775289241, 2767, 23, 400, 0, 0, 0.54%, 1, 0, 5, 1464.25
1775289246, 2767, 86, 400, 0, 0, 0.54%, 1, 0, 5, 1425.93
1775289251, 2767, 116, 400, 0, 0, 0.54%, 1, 0, 5, 1389.32
1775289256, 2767, 248, 400, 0, 0, 0.54%, 1, 0, 5, 1414.61
1775289261, 2767, 383, 400, 0, 0, 0.54%, 1, 0, 5, 1271.07
1775289266, 2768, 64, 400, 0, 0, 0.54%, 1, 0, 5, 1511.07
1775289271, 2768, 106, 400, 0, 0, 0.54%, 1, 0, 5, 1542.12
1775289277, 2768, 188, 400, 0, 0, 0.54%, 1, 0, 5, 1523.78
1775289282, 2768, 215, 400, 0, 0, 0.54%, 1, 0, 5, 1439.39
1775289287, 2768, 304, 400, 0, 0, 0.54%, 1, 0, 5, 1374.92
1775289292, 2769, 33, 400, 0, 0, 0.54%, 1, 0, 5, 1300.07
1775289297, 2769, 82, 400, 0, 0, 0.54%, 1, 0, 5, 1434.00
1775289302, 2769, 97, 400, 0, 0, 0.54%, 1, 0, 5, 1458.61
1775289307, 2769, 183, 400, 0, 0, 0.54%, 1, 0, 5, 1545.71
1775289312, 2769, 304, 400, 0, 0, 0.54%, 1, 0, 5, 1466.42
1775289318, 2769, 352, 400, 0, 0, 0.54%, 1, 0, 5, 1392.90
1775289323, 2770, 51, 400, 0, 0, 0.54%, 1, 0, 5, 1399.60
1775289328, 2770, 82, 400, 0, 0, 0.54%, 1, 0, 5, 1478.41
1775289333, 2770, 107, 400, 0, 0, 0.54%, 1, 0, 5, 1422.56
1775289338, 2770, 179, 400, 0, 0, 0.54%, 1, 0, 5, 1386.06
1775289343, 2770, 287, 400, 0, 0, 0.54%, 1, 0, 5, 1410.42
1775289348, 2770, 343, 400, 0, 0, 0.54%, 1, 0, 5, 1425.02
1775289353, 2771, 51, 400, 0, 0, 0.54%, 1, 0, 5, 1532.22
1775289358, 2771, 86, 400, 0, 0, 0.54%, 1, 0, 5, 1454.07
1775289363, 2771, 139, 400, 0, 0, 0.54%, 1, 0, 5, 1544.84
1775289368, 2771, 248, 400, 0, 0, 0.54%, 1, 0, 5, 1419.67
1775289373, 2771, 312, 400, 0, 0, 0.54%, 1, 0, 5, 1303.97
1775289379, 2772, 4, 400, 0, 0, 0.54%, 1, 0, 5, 1475.77
1775289384, 2772, 73, 400, 0, 0, 0.54%, 1, 0, 5, 1553.72
1775289389, 2772, 88, 400, 0, 0, 0.54%, 1, 0, 5, 1513.85
1775289394, 2772, 128, 400, 0, 0, 0.54%, 1, 0, 5, 1405.78
1775289399, 2772, 175, 400, 0, 0, 0.54%, 1, 0, 5, 1472.27
1775289404, 2772, 201, 400, 0, 0, 0.54%, 1, 0, 5, 1387.28
1775289409, 2772, 286, 400, 0, 0, 0.54%, 1, 0, 5, 1405.64
1775289414, 2772, 337, 400, 0, 0, 0.54%, 1, 0, 5, 1398.54
1775289419, 2773, 30, 400, 0, 0, 0.54%, 1, 0, 5, 1292.52
1775289424, 2773, 86, 400, 0, 0, 0.54%, 1, 0, 5, 1440.40
1775289429, 2773, 158, 400, 0, 0, 0.54%, 1, 0, 5, 1451.57
1775289434, 2773, 233, 400, 0, 0, 0.54%, 1, 0, 5, 1450.84
1775289439, 2773, 303, 400, 0, 0, 0.54%, 1, 0, 5, 1405.97
1775289444, 2773, 393, 400, 0, 0, 0.54%, 1, 0, 5, 1336.03
1775289450, 2774, 73, 400, 0, 0, 0.54%, 1, 0, 5, 1486.94
1775289455, 2774, 106, 400, 0, 0, 0.54%, 1, 0, 5, 1566.44
1775289460, 2774, 217, 400, 0, 0, 0.54%, 1, 0, 5, 1489.04
1775289465, 2774, 312, 400, 0, 0, 0.54%, 1, 0, 5, 1468.23
1775289470, 2774, 394, 400, 0, 0, 0.54%, 1, 0, 5, 1702.96
1775289475, 2775, 6, 400, 0, 0, 0.54%, 1, 0, 5, 1511.54
1775289480, 2775, 59, 400, 0, 0, 0.54%, 1, 0, 5, 1505.84
1775289485, 2775, 86, 400, 0, 0, 0.54%, 1, 0, 5, 1469.42
1775289490, 2775, 147, 400, 0, 0, 0.54%, 1, 0, 5, 1479.43
1775289495, 2775, 205, 400, 0, 0, 0.54%, 1, 0, 5, 1508.38
1775289500, 2775, 304, 400, 0, 0, 0.54%, 1, 0, 5, 1395.20
1775289505, 2776, 17, 400, 0, 0, 0.54%, 1, 0, 5, 1371.63
1775289510, 2776, 68, 400, 0, 0, 0.54%, 1, 0, 5, 1299.45
1775289516, 2776, 88, 400, 0, 0, 0.54%, 1, 0, 5, 1396.30
1775289521, 2776, 165, 400, 0, 0, 0.54%, 1, 0, 5, 1470.81
1775289526, 2776, 287, 400, 0, 0, 0.54%, 1, 0, 5, 1430.48
1775289531, 2776, 375, 400, 0, 0, 0.54%, 1, 0, 5, 1294.41
1775289536, 2777, 57, 400, 0, 0, 0.54%, 1, 0, 5, 1416.79
1775289541, 2777, 106, 400, 0, 0, 0.54%, 1, 0, 5, 1511.90
1775289546, 2777, 227, 400, 0, 0, 0.54%, 1, 0, 5, 1401.42
1775289551, 2777, 281, 400, 0, 0, 0.54%, 1, 0, 5, 1507.80
1775289556, 2777, 332, 400, 0, 0, 0.54%, 1, 0, 5, 1072.81
1775289561, 2778, 57, 400, 0, 0, 0.54%, 1, 0, 5, 1325.10
1775289566, 2778, 93, 400, 0, 0, 0.54%, 1, 0, 5, 1551.23
1775289571, 2778, 196, 400, 0, 0, 0.54%, 1, 0, 5, 1394.74
1775289576, 2778, 275, 400, 0, 0, 0.54%, 1, 0, 5, 353.35
1775289582, 2778, 337, 400, 0, 0, 0.54%, 1, 0, 5, 1181.16
1775289587, 2779, 26, 400, 0, 0, 0.54%, 1, 0, 5, 1363.81
1775289592, 2779, 62, 400, 0, 0, 0.54%, 1, 0, 5, 1267.75
1775289597, 2779, 92, 400, 0, 0, 0.54%, 1, 0, 5, 1421.03
1775289602, 2779, 173, 400, 0, 0, 0.54%, 1, 0, 5, 1521.70
1775289607, 2779, 273, 400, 0, 0, 0.54%, 1, 0, 5, 1436.29
1775289612, 2779, 316, 400, 0, 0, 0.54%, 1, 0, 5, 1412.56
1775289617, 2780, 48, 400, 0, 0, 0.54%, 1, 0, 5, 1321.70
1775289622, 2780, 74, 400, 0, 0, 0.54%, 1, 0, 5, 1491.13
1775289627, 2780, 106, 400, 0, 0, 0.54%, 1, 0, 5, 1522.43
1775289632, 2780, 149, 400, 0, 0, 0.54%, 1, 0, 5, 1515.63
1775289637, 2780, 221, 400, 0, 0, 0.54%, 1, 0, 5, 1379.19
1775289643, 2780, 253, 400, 0, 0, 0.54%, 1, 0, 5, 1326.33
1775289648, 2780, 311, 400, 0, 0, 0.54%, 1, 0, 5, 1402.14
1775289653, 2781, 30, 400, 0, 0, 0.54%, 1, 0, 5, 1401.40
1775289658, 2781, 88, 400, 0, 0, 0.54%, 1, 0, 5, 1495.72
1775289663, 2781, 200, 400, 0, 0, 0.54%, 1, 0, 5, 1386.81
1775289668, 2781, 333, 400, 0, 0, 0.54%, 1, 0, 5, 1411.78
1775289673, 2782, 48, 400, 0, 0, 0.54%, 1, 0, 5, 1346.80
1775289679, 2782, 86, 400, 0, 0, 0.54%, 1, 0, 5, 1373.45
1775289684, 2782, 158, 400, 0, 0, 0.54%, 1, 0, 5, 1294.03
1775289689, 2782, 225, 400, 0, 0, 0.54%, 1, 0, 5, 1433.01
1775289694, 2783, 16, 400, 0, 0, 0.54%, 1, 0, 5, 1377.87
1775289699, 2783, 88, 400, 0, 0, 0.54%, 1, 0, 5, 1602.60
1775289704, 2783, 158, 400, 0, 0, 0.54%, 1, 0, 5, 1515.86
1775289709, 2783, 280, 400, 0, 0, 0.54%, 1, 0, 5, 1365.82
1775289714, 2783, 338, 400, 0, 0, 0.54%, 1, 0, 5, 1324.47
1775289720, 2784, 73, 400, 0, 0, 0.54%, 1, 0, 5, 1445.49
1775289725, 2784, 107, 400, 0, 0, 0.54%, 1, 0, 5, 1575.86
1775289730, 2784, 158, 400, 0, 0, 0.54%, 1, 0, 5, 1536.93
1775289735, 2784, 235, 400, 0, 0, 0.54%, 1, 0, 5, 1574.03
1775289740, 2784, 287, 400, 0, 0, 0.54%, 1, 0, 5, 1378.94
1775289745, 2785, 30, 400, 0, 0, 0.54%, 1, 0, 5, 1326.36
1775289750, 2785, 73, 400, 0, 0, 0.54%, 1, 0, 5, 1284.08
1775289755, 2785, 122, 400, 0, 0, 0.54%, 1, 0, 5, 1383.38
1775289760, 2785, 202, 400, 0, 0, 0.54%, 1, 0, 5, 1511.87
1775289766, 2785, 311, 400, 0, 0, 0.54%, 1, 0, 5, 1452.98
1775289771, 2786, 23, 400, 0, 0, 0.54%, 1, 0, 5, 1444.48
1775289776, 2786, 83, 400, 0, 0, 0.54%, 1, 0, 5, 1513.79
1775289781, 2786, 106, 400, 0, 0, 0.54%, 1, 0, 5, 1480.93
1775289786, 2786, 287, 400, 0, 0, 0.54%, 1, 0, 5, 1484.19
1775289791, 2786, 343, 400, 0, 0, 0.54%, 1, 0, 5, 1331.09
1775289796, 2787, 73, 400, 0, 0, 0.54%, 1, 0, 5, 330.30
1775289801, 2787, 126, 400, 0, 0, 0.54%, 1, 0, 5, 1557.94
1775289806, 2787, 158, 400, 0, 0, 0.54%, 1, 0, 5, 1539.19
1775289811, 2787, 287, 400, 0, 0, 0.54%, 1, 0, 5, 1456.41
1775289816, 2787, 388, 400, 0, 0, 0.54%, 1, 0, 5, 1332.91
1775289821, 2788, 29, 400, 0, 0, 0.54%, 1, 0, 5, 1488.55
1775289827, 2788, 84, 400, 0, 0, 0.54%, 1, 0, 5, 1480.15
1775289832, 2788, 106, 400, 0, 0, 0.54%, 1, 0, 5, 1403.01
1775289837, 2788, 187, 400, 0, 0, 0.54%, 1, 0, 5, 1458.17
1775289842, 2788, 304, 400, 0, 0, 0.54%, 1, 0, 5, 1451.35
1775289847, 2789, 31, 400, 0, 0, 0.54%, 1, 0, 5, 1831.68
1775289852, 2789, 66, 400, 0, 0, 0.54%, 1, 0, 5, 1573.36
1775289857, 2789, 86, 400, 0, 0, 0.54%, 1, 0, 5, 1566.64
1775289862, 2789, 158, 400, 0, 0, 0.54%, 1, 0, 5, 1409.70
1775289867, 2789, 243, 400, 0, 0, 0.54%, 1, 0, 5, 1440.47
1775289872, 2789, 346, 400, 0, 0, 0.54%, 1, 0, 5, 1366.06
1775289877, 2790, 57, 400, 0, 0, 0.54%, 1, 0, 5, 1397.90
1775289883, 2790, 88, 400, 0, 0, 0.54%, 1, 0, 5, 1515.73
1775289888, 2790, 187, 400, 0, 0, 0.54%, 1, 0, 5, 1613.93
1775289893, 2790, 304, 400, 0, 0, 0.54%, 1, 0, 5, 1450.68
1775289898, 2791, 39, 400, 0, 0, 0.54%, 1, 0, 5, 1384.29
1775289903, 2791, 86, 400, 0, 0, 0.54%, 1, 0, 5, 1415.14
1775289908, 2791, 132, 400, 0, 0, 0.54%, 1, 0, 5, 1442.21
1775289913, 2791, 187, 400, 0, 0, 0.54%, 1, 0, 5, 1648.02
1775289918, 2791, 273, 400, 0, 0, 0.54%, 1, 0, 5, 1465.70
1775289923, 2791, 399, 400, 0, 0, 0.54%, 1, 0, 5, 1365.94
1775289928, 2792, 21, 400, 0, 0, 0.54%, 1, 0, 5, 1520.58
1775289933, 2792, 86, 400, 0, 0, 0.54%, 1, 0, 5, 1621.13
1775289939, 2792, 154, 400, 0, 0, 0.54%, 1, 0, 5, 1549.58
1775289944, 2792, 273, 400, 0, 0, 0.54%, 1, 0, 5, 1517.98
1775289949, 2792, 320, 400, 0, 0, 0.54%, 1, 0, 5, 1407.85
1775289954, 2793, 0, 400, 0, 0, 0.54%, 1, 0, 5, 1469.77
1775289959, 2793, 51, 400, 0, 0, 0.54%, 1, 0, 5, 1516.18
1775289964, 2793, 88, 400, 0, 0, 0.54%, 1, 0, 5, 1475.88
1775289969, 2793, 187, 400, 0, 0, 0.54%, 1, 0, 5, 1494.70
1775289974, 2793, 287, 400, 0, 0, 0.54%, 1, 0, 5, 1456.85
1775289979, 2793, 389, 400, 0, 0, 0.54%, 1, 0, 5, 1300.04
1775289984, 2794, 57, 400, 0, 0, 0.54%, 1, 0, 5, 1404.50
1775289990, 2794, 93, 400, 0, 0, 0.54%, 1, 0, 5, 1496.39
1775289995, 2794, 158, 400, 0, 0, 0.54%, 1, 0, 5, 1577.71
1775290000, 2794, 243, 400, 0, 0, 0.54%, 1, 0, 5, 1533.51
1775290005, 2794, 304, 400, 0, 0, 0.54%, 1, 0, 5, 1531.16
1775290010, 2795, 15, 400, 0, 0, 0.54%, 1, 0, 5, 1349.04
1775290015, 2795, 76, 400, 0, 0, 0.54%, 1, 0, 5, 1508.80
1775290020, 2795, 106, 400, 0, 0, 0.54%, 1, 0, 5, 1485.36
1775290025, 2795, 154, 400, 0, 0, 0.54%, 1, 0, 5, 1399.30
1775290031, 2795, 230, 400, 0, 0, 0.54%, 1, 0, 5, 1473.37
1775290036, 2795, 333, 400, 0, 0, 0.54%, 1, 0, 5, 1386.40
1775290041, 2796, 57, 400, 0, 0, 0.54%, 1, 0, 5, 1441.74
1775290046, 2796, 106, 400, 0, 0, 0.54%, 1, 0, 5, 1582.84
1775290051, 2796, 205, 400, 0, 0, 0.54%, 1, 0, 5, 1411.46
1775290056, 2796, 271, 400, 0, 0, 0.54%, 1, 0, 5, 1436.74
1775290061, 2796, 312, 400, 0, 0, 0.54%, 1, 0, 5, 1420.42
1775290066, 2797, 12, 400, 0, 0, 0.54%, 1, 0, 5, 1288.76
1775290071, 2797, 64, 400, 0, 0, 0.54%, 1, 0, 5, 1493.01
1775290076, 2797, 93, 400, 0, 0, 0.54%, 1, 0, 5, 1322.08
1775290082, 2797, 183, 400, 0, 0, 0.54%, 1, 0, 5, 1334.30
1775290087, 2797, 265, 400, 0, 0, 0.54%, 1, 0, 5, 1466.11
1775290092, 2797, 346, 400, 0, 0, 0.54%, 1, 0, 5, 1410.97
1775290097, 2798, 57, 400, 0, 0, 0.54%, 1, 0, 5, 1525.02
1775290102, 2798, 88, 400, 0, 0, 0.54%, 1, 0, 5, 1506.14
1775290107, 2798, 161, 400, 0, 0, 0.54%, 1, 0, 5, 1447.22
1775290112, 2798, 211, 400, 0, 0, 0.54%, 1, 0, 5, 1409.86
1775290117, 2798, 287, 400, 0, 0, 0.54%, 1, 0, 5, 1317.09
1775290122, 2798, 363, 400, 0, 0, 0.54%, 1, 0, 5, 1305.55
1775290128, 2799, 14, 400, 0, 0, 0.54%, 1, 0, 5, 1582.15
1775290133, 2799, 80, 400, 0, 0, 0.54%, 1, 0, 5, 1580.14
1775290138, 2799, 94, 400, 0, 0, 0.54%, 1, 0, 5, 1726.89
1775290143, 2799, 147, 400, 0, 0, 0.54%, 1, 0, 5, 1469.58
1775290148, 2799, 239, 400, 0, 0, 0.54%, 1, 0, 5, 1592.25
1775290153, 2799, 389, 400, 0, 0, 0.54%, 1, 0, 5, 1460.39
1775290158, 2800, 73, 400, 0, 0, 0.54%, 1, 0, 5, 1591.80
1775290163, 2800, 88, 400, 0, 0, 0.54%, 1, 0, 5, 1542.57
1775290168, 2800, 171, 400, 0, 0, 0.54%, 1, 0, 5, 1490.61
1775290173, 2800, 262, 400, 0, 0, 0.54%, 1, 0, 5, 1504.88
1775290178, 2800, 330, 400, 0, 0, 0.54%, 1, 0, 5, 1437.83
1775290184, 2800, 398, 400, 0, 0, 0.54%, 1, 0, 5, 1403.34
1775290189, 2801, 52, 400, 0, 0, 0.54%, 1, 0, 5, 1406.34
1775290194, 2801, 88, 400, 0, 0, 0.54%, 1, 0, 5, 1451.52
1775290199, 2801, 177, 400, 0, 0, 0.54%, 1, 0, 5, 1498.89
1775290204, 2801, 304, 400, 0, 0, 0.54%, 1, 0, 5, 1374.79
1775290209, 2802, 26, 400, 0, 0, 0.54%, 1, 0, 5, 1543.76
1775290214, 2802, 73, 400, 0, 0, 0.54%, 1, 0, 5, 1481.85
1775290219, 2802, 93, 400, 0, 0, 0.54%, 1, 0, 5, 1616.98
1775290224, 2802, 287, 400, 0, 0, 0.54%, 1, 0, 5, 1545.25
1775290229, 2802, 394, 400, 0, 0, 0.54%, 1, 0, 5, 1503.59
1775290234, 2803, 71, 400, 0, 0, 0.54%, 1, 0, 5, 1414.03
1775290239, 2803, 93, 400, 0, 0, 0.54%, 1, 0, 5, 1462.96
1775290245, 2803, 208, 400, 0, 0, 0.54%, 1, 0, 5, 1437.46
1775290250, 2803, 317, 400, 0, 0, 0.54%, 1, 0, 5, 1402.50
1775290255, 2804, 51, 400, 0, 0, 0.54%, 1, 0, 5, 1289.08
1775290260, 2804, 86, 400, 0, 0, 0.54%, 1, 0, 5, 1463.66
1775290265, 2804, 156, 400, 0, 0, 0.54%, 1, 0, 5, 1363.19
1775290270, 2804, 266, 400, 0, 0, 0.54%, 1, 0, 5, 1511.52
1775290275, 2804, 311, 400, 0, 0, 0.54%, 1, 0, 5, 1338.01
1775290280, 2804, 393, 400, 0, 0, 0.54%, 1, 0, 5, 1145.04
1775290285, 2805, 57, 400, 0, 0, 0.54%, 1, 0, 5, 1191.22
1775290290, 2805, 80, 400, 0, 0, 0.54%, 1, 0, 5, 1315.63
1775290295, 2805, 103, 400, 0, 0, 0.54%, 1, 0, 5, 1431.47
1775290301, 2805, 158, 400, 0, 0, 0.54%, 1, 0, 5, 1453.42
1775290306, 2805, 287, 400, 0, 0, 0.54%, 1, 0, 5, 1468.53
1775290311, 2805, 371, 400, 0, 0, 0.54%, 1, 0, 5, 1350.96
1775290316, 2806, 86, 400, 0, 0, 0.54%, 1, 0, 5, 1450.82
1775290321, 2806, 135, 400, 0, 0, 0.54%, 1, 0, 5, 1405.66
1775290326, 2806, 258, 400, 0, 0, 0.54%, 1, 0, 5, 1481.54
1775290331, 2806, 312, 400, 0, 0, 0.54%, 1, 0, 5, 1471.11
1775290336, 2807, 57, 400, 0, 0, 0.54%, 1, 0, 5, 1471.15
1775290341, 2807, 86, 400, 0, 0, 0.54%, 1, 0, 5, 1388.33
1775290346, 2807, 123, 400, 0, 0, 0.54%, 1, 0, 5, 1478.69
1775290351, 2807, 229, 400, 0, 0, 0.54%, 1, 0, 5, 1471.24
1775290357, 2807, 366, 400, 0, 0, 0.54%, 1, 0, 5, 1259.59
1775290362, 2808, 70, 400, 0, 0, 0.54%, 1, 0, 5, 1439.53
1775290367, 2808, 93, 400, 0, 0, 0.54%, 1, 0, 5, 1581.92
1775290372, 2808, 156, 400, 0, 0, 0.54%, 1, 0, 5, 1476.44
1775290377, 2808, 191, 400, 0, 0, 0.54%, 1, 0, 5, 1493.96
1775290382, 2808, 304, 400, 0, 0, 0.54%, 1, 0, 5, 1386.12
1775290387, 2808, 397, 400, 0, 0, 0.54%, 1, 0, 5, 1325.83
1775290392, 2809, 21, 400, 0, 0, 0.54%, 1, 0, 5, 1425.24
1775290397, 2809, 71, 400, 0, 0, 0.54%, 1, 0, 5, 1356.15
1775290402, 2809, 106, 400, 0, 0, 0.54%, 1, 0, 5, 1467.79
1775290408, 2809, 244, 400, 0, 0, 0.54%, 1, 0, 5, 1315.17
1775290413, 2809, 337, 400, 0, 0, 0.54%, 1, 0, 5, 1467.61
1775290418, 2810, 51, 400, 0, 0, 0.54%, 1, 0, 5, 1408.82
1775290423, 2810, 86, 400, 0, 0, 0.54%, 1, 0, 5, 1517.42
1775290428, 2810, 155, 400, 0, 0, 0.54%, 1, 0, 5, 1501.89
1775290433, 2810, 264, 400, 0, 0, 0.54%, 1, 0, 5, 1461.58
1775290438, 2810, 333, 400, 0, 0, 0.54%, 1, 0, 5, 1443.65
1775290443, 2811, 57, 400, 0, 0, 0.54%, 1, 0, 5, 1466.77
1775290448, 2811, 88, 400, 0, 0, 0.54%, 1, 0, 5, 1489.35
1775290453, 2811, 156, 400, 0, 0, 0.54%, 1, 0, 5, 1449.14
1775290458, 2811, 236, 400, 0, 0, 0.54%, 1, 0, 5, 1569.14
1775290463, 2811, 347, 400, 0, 0, 0.54%, 1, 0, 5, 1409.35
1775290469, 2812, 73, 400, 0, 0, 0.54%, 1, 0, 5, 1526.85
1775290474, 2812, 125, 400, 0, 0, 0.54%, 1, 0, 5, 1491.59
1775290479, 2812, 311, 400, 0, 0, 0.54%, 1, 0, 5, 1378.81
1775290484, 2813, 15, 400, 0, 0, 0.54%, 1, 0, 5, 1396.38
1775290489, 2813, 65, 400, 0, 0, 0.54%, 1, 0, 5, 1425.02
1775290494, 2813, 86, 400, 0, 0, 0.54%, 1, 0, 5, 1687.08
1775290499, 2813, 128, 400, 0, 0, 0.54%, 1, 0, 5, 1517.79
1775290504, 2813, 197, 400, 0, 0, 0.54%, 1, 0, 5, 1485.14
1775290509, 2813, 287, 400, 0, 0, 0.54%, 1, 0, 5, 1510.53
1775290514, 2813, 387, 400, 0, 0, 0.54%, 1, 0, 5, 1483.47
1775290519, 2814, 72, 400, 0, 0, 0.54%, 1, 0, 5, 1495.50
1775290524, 2814, 90, 400, 0, 0, 0.54%, 1, 0, 5, 1596.06
1775290529, 2814, 153, 400, 0, 0, 0.54%, 1, 0, 5, 1437.43
1775290534, 2814, 199, 400, 0, 0, 0.54%, 1, 0, 5, 1448.43
1775290540, 2814, 280, 400, 0, 0, 0.54%, 1, 0, 5, 1483.27
1775290545, 2814, 397, 400, 0, 0, 0.54%, 1, 0, 5, 1300.26
1775290550, 2815, 73, 400, 0, 0, 0.54%, 1, 0, 5, 1500.73
1775290555, 2815, 131, 400, 0, 0, 0.54%, 1, 0, 5, 1537.91
1775290560, 2815, 207, 400, 0, 0, 0.54%, 1, 0, 5, 1462.16
1775290565, 2815, 314, 400, 0, 0, 0.54%, 1, 0, 5, 1370.80
1775290570, 2816, 57, 400, 0, 0, 0.54%, 1, 0, 5, 1350.19
1775290575, 2816, 93, 400, 0, 0, 0.54%, 1, 0, 5, 1490.05
1775290580, 2816, 175, 400, 0, 0, 0.54%, 1, 0, 5, 1455.30
1775290585, 2816, 214, 400, 0, 0, 0.54%, 1, 0, 5, 1455.44
1775290591, 2816, 337, 400, 0, 0, 0.54%, 1, 0, 5, 1348.47
1775290596, 2817, 57, 400, 0, 0, 0.54%, 1, 0, 5, 1332.59
1775290601, 2817, 83, 400, 0, 0, 0.54%, 1, 0, 5, 1331.98
1775290606, 2817, 106, 400, 0, 0, 0.54%, 1, 0, 5, 1342.36
1775290611, 2817, 195, 400, 0, 0, 0.54%, 1, 0, 5, 1479.89
1775290616, 2817, 233, 400, 0, 0, 0.54%, 1, 0, 5, 1357.33
1775290621, 2817, 353, 400, 0, 0, 0.54%, 1, 0, 5, 1361.34
1775290626, 2818, 60, 400, 0, 0, 0.54%, 1, 0, 5, 1466.23
1775290631, 2818, 86, 400, 0, 0, 0.54%, 1, 0, 5, 1480.92
1775290637, 2818, 106, 400, 0, 0, 0.54%, 1, 0, 5, 1477.66
1775290642, 2818, 186, 400, 0, 0, 0.54%, 1, 0, 5, 1460.69
1775290647, 2818, 276, 400, 0, 0, 0.54%, 1, 0, 5, 1480.76
1775290652, 2818, 312, 400, 0, 0, 0.54%, 1, 0, 5, 1350.81
1775290657, 2819, 20, 400, 0, 0, 0.54%, 1, 0, 5, 1442.43
1775290662, 2819, 86, 400, 0, 0, 0.54%, 1, 0, 5, 1430.77
1775290667, 2819, 133, 400, 0, 0, 0.54%, 1, 0, 5, 1407.90
1775290672, 2819, 304, 400, 0, 0, 0.54%, 1, 0, 5, 1388.71
1775290677, 2820, 51, 400, 0, 0, 0.54%, 1, 0, 5, 1441.62
1775290682, 2820, 83, 400, 0, 0, 0.54%, 1, 0, 5, 1319.65
1775290687, 2820, 106, 400, 0, 0, 0.54%, 1, 0, 5, 1693.01
1775290692, 2820, 161, 400, 0, 0, 0.54%, 1, 0, 5, 1457.44
1775290698, 2820, 279, 400, 0, 0, 0.54%, 1, 0, 5, 1461.33
1775290703, 2820, 347, 400, 0, 0, 0.54%, 1, 0, 5, 1396.98
1775290708, 2821, 8, 400, 0, 0, 0.54%, 1, 0, 5, 1470.82
1775290713, 2821, 57, 400, 0, 0, 0.54%, 1, 0, 5, 1438.10
1775290718, 2821, 86, 400, 0, 0, 0.54%, 1, 0, 5, 1543.24
1775290723, 2821, 116, 400, 0, 0, 0.54%, 1, 0, 5, 1438.47
1775290728, 2821, 273, 400, 0, 0, 0.54%, 1, 0, 5, 1382.62
1775290733, 2821, 333, 400, 0, 0, 0.54%, 1, 0, 5, 1497.77
1775290738, 2822, 57, 400, 0, 0, 0.54%, 1, 0, 5, 1485.32
1775290744, 2822, 93, 400, 0, 0, 0.54%, 1, 0, 5, 1575.62
1775290749, 2822, 187, 400, 0, 0, 0.54%, 1, 0, 5, 1552.66
1775290754, 2822, 312, 400, 0, 0, 0.54%, 1, 0, 5, 1456.95
1775290759, 2823, 51, 400, 0, 0, 0.54%, 1, 0, 5, 1486.47
1775290764, 2823, 86, 400, 0, 0, 0.54%, 1, 0, 5, 1632.80
1775290769, 2823, 156, 400, 0, 0, 0.54%, 1, 0, 5, 1428.78
1775290774, 2823, 277, 400, 0, 0, 0.54%, 1, 0, 5, 1233.18
1775290779, 2823, 372, 400, 0, 0, 0.54%, 1, 0, 5, 1232.05
1775290784, 2824, 57, 400, 0, 0, 0.54%, 1, 0, 5, 1418.85
1775290790, 2824, 86, 400, 0, 0, 0.54%, 1, 0, 5, 1486.08
1775290795, 2824, 146, 400, 0, 0, 0.54%, 1, 0, 5, 1621.03
1775290800, 2824, 285, 400, 0, 0, 0.54%, 1, 0, 5, 1491.94
1775290805, 2824, 342, 400, 0, 0, 0.54%, 1, 0, 5, 1406.54
1775290810, 2825, 57, 400, 0, 0, 0.54%, 1, 0, 5, 436.60
1775290815, 2825, 93, 400, 0, 0, 0.54%, 1, 0, 5, 1289.20
1775290820, 2825, 201, 400, 0, 0, 0.54%, 1, 0, 5, 1455.13
1775290825, 2825, 252, 400, 0, 0, 0.54%, 1, 0, 5, 1462.24
1775290830, 2825, 333, 400, 0, 0, 0.54%, 1, 0, 5, 1493.93
1775290835, 2826, 5, 400, 0, 0, 0.54%, 1, 0, 5, 1209.00
1775290840, 2826, 57, 400, 0, 0, 0.54%, 1, 0, 5, 1538.42
1775290846, 2826, 86, 400, 0, 0, 0.54%, 1, 0, 5, 1522.65
1775290851, 2826, 119, 400, 0, 0, 0.54%, 1, 0, 5, 1334.76
1775290856, 2826, 196, 400, 0, 0, 0.54%, 1, 0, 5, 1453.87
1775290861, 2826, 312, 400, 0, 0, 0.54%, 1, 0, 5, 1386.50
1775290866, 2826, 398, 400, 0, 0, 0.54%, 1, 0, 5, 1269.85
1775290871, 2827, 57, 400, 0, 0, 0.54%, 1, 0, 5, 1272.99
1775290876, 2827, 106, 400, 0, 0, 0.54%, 1, 0, 5, 1501.44
1775290882, 2827, 187, 400, 0, 0, 0.54%, 1, 0, 5, 1390.86
1775290887, 2827, 272, 400, 0, 0, 0.54%, 1, 0, 5, 1527.24
1775290892, 2827, 360, 400, 0, 0, 0.54%, 1, 0, 5, 1448.93
1775290897, 2828, 83, 400, 0, 0, 0.54%, 1, 0, 5, 1528.33
1775290902, 2828, 131, 400, 0, 0, 0.54%, 1, 0, 5, 1520.54
1775290907, 2828, 168, 400, 0, 0, 0.54%, 1, 0, 5, 1485.64
1775290912, 2828, 276, 400, 0, 0, 0.54%, 1, 0, 5, 1483.01
1775290917, 2828, 337, 400, 0, 0, 0.54%, 1, 0, 5, 1380.13
1775290922, 2829, 66, 400, 0, 0, 0.54%, 1, 0, 5, 1410.94
1775290927, 2829, 88, 400, 0, 0, 0.54%, 1, 0, 5, 1360.68
1775290933, 2829, 146, 400, 0, 0, 0.54%, 1, 0, 5, 1376.68
1775290938, 2829, 222, 400, 0, 0, 0.54%, 1, 0, 5, 1477.59
1775290943, 2829, 311, 400, 0, 0, 0.54%, 1, 0, 5, 1552.41
1775290948, 2830, 40, 400, 0, 0, 0.54%, 1, 0, 5, 1459.41
1775290953, 2830, 86, 400, 0, 0, 0.54%, 1, 0, 5, 1564.95
1775290958, 2830, 108, 400, 0, 0, 0.54%, 1, 0, 5, 1418.96
1775290963, 2830, 266, 400, 0, 0, 0.54%, 1, 0, 5, 1432.16
1775290968, 2830, 333, 400, 0, 0, 0.54%, 1, 0, 5, 1420.21
1775290973, 2831, 17, 400, 0, 0, 0.54%, 1, 0, 5, 1486.88
1775290978, 2831, 57, 400, 0, 0, 0.54%, 1, 0, 5, 1471.88
1775290984, 2831, 88, 400, 0, 0, 0.54%, 1, 0, 5, 1600.94
1775290989, 2831, 158, 400, 0, 0, 0.54%, 1, 0, 5, 1490.02
1775290994, 2831, 274, 400, 0, 0, 0.54%, 1, 0, 5, 1388.01
1775290999, 2831, 359, 400, 0, 0, 0.54%, 1, 0, 5, 1285.01
1775291004, 2832, 57, 400, 0, 0, 0.54%, 1, 0, 5, 1372.35
1775291009, 2832, 86, 400, 0, 0, 0.54%, 1, 0, 5, 1388.79
1775291014, 2832, 158, 400, 0, 0, 0.54%, 1, 0, 5, 1455.67
1775291019, 2832, 274, 400, 0, 0, 0.54%, 1, 0, 5, 1430.89
1775291024, 2832, 337, 400, 0, 0, 0.54%, 1, 0, 5, 1481.31
1775291029, 2833, 57, 400, 0, 0, 0.54%, 1, 0, 5, 1370.15
1775291034, 2833, 88, 400, 0, 0, 0.54%, 1, 0, 5, 1518.48
1775291039, 2833, 118, 400, 0, 0, 0.54%, 1, 0, 5, 1502.62
1775291045, 2833, 170, 400, 0, 0, 0.54%, 1, 0, 5, 1531.79
1775291050, 2833, 251, 400, 0, 0, 0.54%, 1, 0, 5, 1535.80
1775291055, 2833, 333, 400, 0, 0, 0.54%, 1, 0, 5, 1475.91
1775291060, 2834, 4, 400, 0, 0, 0.54%, 1, 0, 5, 1425.52
1775291065, 2834, 83, 400, 0, 0, 0.54%, 1, 0, 5, 1544.04
1775291070, 2834, 93, 400, 0, 0, 0.54%, 1, 0, 5, 1517.51
1775291075, 2834, 150, 400, 0, 0, 0.54%, 1, 0, 5, 1491.70
1775291080, 2834, 304, 400, 0, 0, 0.54%, 1, 0, 5, 1411.17
1775291085, 2835, 38, 400, 0, 0, 0.54%, 1, 0, 5, 1281.26
1775291090, 2835, 83, 400, 0, 0, 0.54%, 1, 0, 5, 1374.10
1775291095, 2835, 123, 400, 0, 0, 0.54%, 1, 0, 5, 1490.68
1775291100, 2835, 256, 400, 0, 0, 0.54%, 1, 0, 5, 1487.49
1775291106, 2835, 337, 400, 0, 0, 0.54%, 1, 0, 5, 1472.40
1775291111, 2836, 7, 400, 0, 0, 0.54%, 1, 0, 5, 1353.91
1775291116, 2836, 82, 400, 0, 0, 0.54%, 1, 0, 5, 1530.16
1775291121, 2836, 97, 400, 0, 0, 0.54%, 1, 0, 5, 1482.48
1775291126, 2836, 158, 400, 0, 0, 0.54%, 1, 0, 5, 1477.57
1775291131, 2836, 287, 400, 0, 0, 0.54%, 1, 0, 5, 1436.80
1775291136, 2836, 383, 400, 0, 0, 0.54%, 1, 0, 5, 1175.37
1775291141, 2837, 8, 400, 0, 0, 0.54%, 1, 0, 5, 1456.87
1775291146, 2837, 75, 400, 0, 0, 0.54%, 1, 0, 5, 1448.58
1775291151, 2837, 106, 400, 0, 0, 0.54%, 1, 0, 5, 1575.54
1775291156, 2837, 194, 400, 0, 0, 0.54%, 1, 0, 5, 1481.96
1775291162, 2837, 287, 400, 0, 0, 0.54%, 1, 0, 5, 1394.75
1775291167, 2837, 393, 400, 0, 0, 0.54%, 1, 0, 5, 1469.51
1775291172, 2838, 73, 400, 0, 0, 0.54%, 1, 0, 5, 1527.22
1775291177, 2838, 93, 400, 0, 0, 0.54%, 1, 0, 5, 1487.54
1775291182, 2838, 159, 400, 0, 0, 0.54%, 1, 0, 5, 1422.83
1775291187, 2838, 304, 400, 0, 0, 0.54%, 1, 0, 5, 1472.32
1775291192, 2839, 37, 400, 0, 0, 0.54%, 1, 0, 5, 1463.81
1775291197, 2839, 88, 400, 0, 0, 0.54%, 1, 0, 5, 1491.37
1775291202, 2839, 120, 400, 0, 0, 0.54%, 1, 0, 5, 172.13
1775291207, 2839, 221, 400, 0, 0, 0.54%, 1, 0, 5, 1496.02
1775291213, 2839, 281, 400, 0, 0, 0.54%, 1, 0, 5, 1381.93
1775291218, 2839, 317, 400, 0, 0, 0.54%, 1, 0, 5, 1351.94
1775291223, 2840, 73, 400, 0, 0, 0.54%, 1, 0, 5, 1436.45
1775291228, 2840, 93, 400, 0, 0, 0.54%, 1, 0, 5, 1394.59
1775291233, 2840, 158, 400, 0, 0, 0.54%, 1, 0, 5, 1429.79
1775291238, 2840, 227, 400, 0, 0, 0.54%, 1, 0, 5, 1489.56
1775291243, 2840, 304, 400, 0, 0, 0.54%, 1, 0, 5, 1418.36
1775291248, 2840, 394, 400, 0, 0, 0.54%, 1, 0, 5, 1315.28
1775291253, 2841, 51, 400, 0, 0, 0.54%, 1, 0, 5, 1459.13
1775291258, 2841, 86, 400, 0, 0, 0.54%, 1, 0, 5, 1458.81
1775291263, 2841, 107, 400, 0, 0, 0.54%, 1, 0, 5, 1601.59
1775291268, 2841, 198, 400, 0, 0, 0.54%, 1, 0, 5, 1447.66
1775291273, 2841, 287, 400, 0, 0, 0.54%, 1, 0, 5, 1446.98
1775291278, 2841, 337, 400, 0, 0, 0.54%, 1, 0, 5, 1393.37
1775291283, 2842, 65, 400, 0, 0, 0.54%, 1, 0, 5, 1429.82
1775291288, 2842, 102, 400, 0, 0, 0.54%, 1, 0, 5, 1500.07
1775291294, 2842, 197, 400, 0, 0, 0.54%, 1, 0, 5, 1416.76
1775291299, 2842, 333, 400, 0, 0, 0.54%, 1, 0, 5, 1428.82
1775291304, 2843, 58, 400, 0, 0, 0.54%, 1, 0, 5, 1433.43
1775291309, 2843, 86, 400, 0, 0, 0.54%, 1, 0, 5, 1009.96
1775291314, 2843, 126, 400, 0, 0, 0.54%, 1, 0, 5, 1367.77
1775291319, 2843, 288, 400, 0, 0, 0.54%, 1, 0, 5, 1326.76
1775291324, 2843, 349, 400, 0, 0, 0.54%, 1, 0, 5, 1259.89
1775291329, 2844, 47, 400, 0, 0, 0.54%, 1, 0, 5, 1528.18
1775291334, 2844, 85, 400, 0, 0, 0.54%, 1, 0, 5, 1563.96
1775291340, 2844, 101, 400, 0, 0, 0.54%, 1, 0, 5, 1489.12
1775291345, 2844, 179, 400, 0, 0, 0.54%, 1, 0, 5, 1442.38
1775291350, 2844, 275, 400, 0, 0, 0.54%, 1, 0, 5, 1407.58
1775291355, 2844, 305, 400, 0, 0, 0.54%, 1, 0, 5, 1476.02
1775291360, 2844, 396, 400, 0, 0, 0.54%, 1, 0, 5, 1480.50
1775291365, 2845, 33, 400, 0, 0, 0.54%, 1, 0, 5, 1416.38
1775291370, 2845, 83, 400, 0, 0, 0.54%, 1, 0, 5, 1500.30
1775291375, 2845, 108, 400, 0, 0, 0.54%, 1, 0, 5, 1465.39
1775291380, 2845, 184, 400, 0, 0, 0.54%, 1, 0, 5, 1566.76
1775291386, 2845, 288, 400, 0, 0, 0.54%, 1, 0, 5, 1449.26
1775291391, 2845, 327, 400, 0, 0, 0.54%, 1, 0, 5, 1390.87
1775291396, 2846, 13, 400, 0, 0, 0.54%, 1, 0, 5, 1356.73
1775291401, 2846, 73, 400, 0, 0, 0.54%, 1, 0, 5, 1406.10
1775291406, 2846, 88, 400, 0, 0, 0.54%, 1, 0, 5, 1444.27
1775291411, 2846, 146, 400, 0, 0, 0.54%, 1, 0, 5, 1508.96
1775291416, 2846, 228, 400, 0, 0, 0.54%, 1, 0, 5, 1471.24
1775291421, 2846, 287, 400, 0, 0, 0.54%, 1, 0, 5, 1433.76
1775291426, 2847, 2, 400, 0, 0, 0.54%, 1, 0, 5, 1394.09
1775291431, 2847, 41, 400, 0, 0, 0.54%, 1, 0, 5, 1471.61
1775291437, 2847, 76, 400, 0, 0, 0.54%, 1, 0, 5, 1350.86
1775291442, 2847, 101, 400, 0, 0, 0.54%, 1, 0, 5, 1433.71
1775291447, 2847, 172, 400, 0, 0, 0.54%, 1, 0, 5, 1542.30
1775291452, 2847, 312, 400, 0, 0, 0.54%, 1, 0, 5, 1474.47
1775291457, 2848, 44, 400, 0, 0, 0.54%, 1, 0, 5, 1461.42
1775291462, 2848, 66, 400, 0, 0, 0.54%, 1, 0, 5, 1463.94
1775291467, 2848, 93, 400, 0, 0, 0.54%, 1, 0, 5, 1559.17
1775291472, 2848, 156, 400, 0, 0, 0.54%, 1, 0, 5, 1502.89
1775291477, 2848, 248, 400, 0, 0, 0.54%, 1, 0, 5, 1378.11
1775291482, 2848, 293, 400, 0, 0, 0.54%, 1, 0, 5, 1268.95
1775291487, 2848, 397, 400, 0, 0, 0.54%, 1, 0, 5, 1280.83
1775291492, 2849, 73, 400, 0, 0, 0.54%, 1, 0, 5, 1442.72
1775291497, 2849, 93, 400, 0, 0, 0.54%, 1, 0, 5, 1484.82
1775291503, 2849, 144, 400, 0, 0, 0.54%, 1, 0, 5, 1396.54
1775291508, 2849, 275, 400, 0, 0, 0.54%, 1, 0, 5, 1453.12
1775291513, 2849, 385, 400, 0, 0, 0.54%, 1, 0, 5, 1251.28
1775291518, 2850, 61, 400, 0, 0, 0.54%, 1, 0, 5, 1354.04
1775291523, 2850, 106, 400, 0, 0, 0.54%, 1, 0, 5, 1491.01
1775291528, 2850, 170, 400, 0, 0, 0.54%, 1, 0, 5, 1510.74
1775291533, 2850, 277, 400, 0, 0, 0.54%, 1, 0, 5, 1433.71
1775291538, 2850, 322, 400, 0, 0, 0.54%, 1, 0, 5, 1393.29
1775291543, 2851, 31, 400, 0, 0, 0.54%, 1, 0, 5, 1514.42
1775291548, 2851, 73, 400, 0, 0, 0.54%, 1, 0, 5, 1491.86
1775291554, 2851, 124, 400, 0, 0, 0.54%, 1, 0, 5, 1481.35
1775291559, 2851, 256, 400, 0, 0, 0.54%, 1, 0, 5, 1463.43
1775291564, 2851, 337, 400, 0, 0, 0.54%, 1, 0, 5, 1407.96
1775291569, 2851, 399, 400, 0, 0, 0.54%, 1, 0, 5, 1335.95
1775291574, 2852, 77, 400, 0, 0, 0.54%, 1, 0, 5, 1490.00
1775291579, 2852, 91, 400, 0, 0, 0.54%, 1, 0, 5, 1544.83
1775291584, 2852, 191, 400, 0, 0, 0.54%, 1, 0, 5, 1549.98
1775291589, 2852, 337, 400, 0, 0, 0.54%, 1, 0, 5, 1469.91
1775291594, 2853, 31, 400, 0, 0, 0.54%, 1, 0, 5, 1396.50
1775291600, 2853, 83, 400, 0, 0, 0.54%, 1, 0, 5, 1520.85
1775291605, 2853, 106, 400, 0, 0, 0.54%, 1, 0, 5, 1458.73
1775291610, 2853, 180, 400, 0, 0, 0.54%, 1, 0, 5, 1422.68
1775291615, 2853, 235, 400, 0, 0, 0.54%, 1, 0, 5, 1561.46
1775291620, 2853, 319, 400, 0, 0, 0.54%, 1, 0, 5, 1490.74
1775291625, 2854, 28, 400, 0, 0, 0.54%, 1, 0, 5, 1341.43
1775291630, 2854, 88, 400, 0, 0, 0.54%, 1, 0, 5, 1509.89
1775291635, 2854, 222, 400, 0, 0, 0.54%, 1, 0, 5, 1480.38
1775291640, 2854, 287, 400, 0, 0, 0.54%, 1, 0, 5, 1450.37
1775291645, 2855, 25, 400, 0, 0, 0.54%, 1, 0, 5, 1447.11
1775291651, 2855, 83, 400, 0, 0, 0.54%, 1, 0, 5, 1433.20
1775291656, 2855, 106, 400, 0, 0, 0.54%, 1, 0, 5, 1536.36
1775291661, 2855, 308, 400, 0, 0, 0.54%, 1, 0, 5, 1516.13
1775291666, 2855, 348, 400, 0, 0, 0.54%, 1, 0, 5, 1439.69
1775291671, 2856, 83, 400, 0, 0, 0.54%, 1, 0, 5, 1469.53
1775291676, 2856, 125, 400, 0, 0, 0.54%, 1, 0, 5, 1471.27
1775291681, 2856, 179, 400, 0, 0, 0.54%, 1, 0, 5, 1486.64
1775291686, 2856, 215, 400, 0, 0, 0.54%, 1, 0, 5, 1388.82
1775291692, 2856, 252, 400, 0, 0, 0.54%, 1, 0, 5, 1371.62
1775291697, 2856, 337, 400, 0, 0, 0.54%, 1, 0, 5, 1375.58
1775291702, 2857, 73, 400, 0, 0, 0.54%, 1, 0, 5, 1457.15
1775291707, 2857, 106, 400, 0, 0, 0.54%, 1, 0, 5, 1520.35
1775291712, 2857, 227, 400, 0, 0, 0.54%, 1, 0, 5, 1516.58
1775291717, 2857, 312, 400, 0, 0, 0.54%, 1, 0, 5, 1404.96
1775291722, 2858, 47, 400, 0, 0, 0.54%, 1, 0, 5, 1377.27
1775291727, 2858, 86, 400, 0, 0, 0.54%, 1, 0, 5, 1541.04
1775291732, 2858, 158, 400, 0, 0, 0.54%, 1, 0, 5, 1579.20
1775291737, 2858, 244, 400, 0, 0, 0.54%, 1, 0, 5, 1556.96
1775291743, 2858, 314, 400, 0, 0, 0.54%, 1, 0, 5, 1424.79
1775291748, 2858, 396, 400, 0, 0, 0.54%, 1, 0, 5, 1437.14
1775291753, 2859, 48, 400, 0, 0, 0.54%, 1, 0, 5, 1501.79
1775291758, 2859, 83, 400, 0, 0, 0.54%, 1, 0, 5, 1571.12
1775291763, 2859, 106, 400, 0, 0, 0.54%, 1, 0, 5, 1523.55
1775291768, 2859, 153, 400, 0, 0, 0.54%, 1, 0, 5, 1335.38
1775291773, 2859, 204, 400, 0, 0, 0.54%, 1, 0, 5, 1522.03
1775291778, 2859, 287, 400, 0, 0, 0.54%, 1, 0, 5, 1474.17
1775291783, 2859, 375, 400, 0, 0, 0.54%, 1, 0, 5, 1438.66
1775291788, 2860, 47, 400, 0, 0, 0.54%, 1, 0, 5, 1470.92
1775291793, 2860, 86, 400, 0, 0, 0.54%, 1, 0, 5, 1400.29
1775291799, 2860, 138, 400, 0, 0, 0.54%, 1, 0, 5, 1448.00
1775291804, 2860, 189, 400, 0, 0, 0.54%, 1, 0, 5, 1475.52
1775291809, 2860, 287, 400, 0, 0, 0.54%, 1, 0, 5, 1518.71
1775291814, 2860, 352, 400, 0, 0, 0.54%, 1, 0, 5, 1473.43
1775291819, 2861, 57, 400, 0, 0, 0.54%, 1, 0, 5, 1421.69
1775291824, 2861, 86, 400, 0, 0, 0.54%, 1, 0, 5, 1567.54
1775291829, 2861, 158, 400, 0, 0, 0.54%, 1, 0, 5, 1509.44
1775291834, 2861, 287, 400, 0, 0, 0.54%, 1, 0, 5, 1511.35
1775291839, 2861, 380, 400, 0, 0, 0.54%, 1, 0, 5, 1342.11
1775291844, 2862, 57, 400, 0, 0, 0.54%, 1, 0, 5, 1665.90
1775291850, 2862, 86, 400, 0, 0, 0.54%, 1, 0, 5, 1429.00
1775291855, 2862, 137, 400, 0, 0, 0.54%, 1, 0, 5, 1544.92
1775291860, 2862, 221, 400, 0, 0, 0.54%, 1, 0, 5, 1545.04
1775291865, 2862, 304, 400, 0, 0, 0.54%, 1, 0, 5, 1334.56
1775291870, 2863, 5, 400, 0, 0, 0.54%, 1, 0, 5, 1377.63
1775291875, 2863, 70, 400, 0, 0, 0.54%, 1, 0, 5, 1452.87
1775291880, 2863, 88, 400, 0, 0, 0.54%, 1, 0, 5, 1551.31
1775291885, 2863, 180, 400, 0, 0, 0.54%, 1, 0, 5, 1465.35
1775291890, 2863, 286, 400, 0, 0, 0.54%, 1, 0, 5, 1538.75
1775291895, 2863, 314, 400, 0, 0, 0.54%, 1, 0, 5, 1353.05
1775291900, 2864, 56, 400, 0, 0, 0.54%, 1, 0, 5, 1472.90
1775291906, 2864, 88, 400, 0, 0, 0.54%, 1, 0, 5, 1614.20
1775291911, 2864, 122, 400, 0, 0, 0.54%, 1, 0, 5, 1510.36
1775291916, 2864, 262, 400, 0, 0, 0.54%, 1, 0, 5, 1420.84
1775291921, 2865, 13, 400, 0, 0, 0.54%, 1, 0, 5, 1524.53
1775291926, 2865, 66, 400, 0, 0, 0.54%, 1, 0, 5, 1501.00
1775291931, 2865, 93, 400, 0, 0, 0.54%, 1, 0, 5, 1618.77
1775291936, 2865, 158, 400, 0, 0, 0.54%, 1, 0, 5, 1452.85
1775291941, 2865, 204, 400, 0, 0, 0.54%, 1, 0, 5, 1385.51
1775291946, 2865, 311, 400, 0, 0, 0.54%, 1, 0, 5, 1449.63
1775291951, 2866, 43, 400, 0, 0, 0.54%, 1, 0, 5, 1360.94
1775291956, 2866, 70, 400, 0, 0, 0.54%, 1, 0, 5, 1326.00
1775291962, 2866, 88, 400, 0, 0, 0.54%, 1, 0, 5, 1482.59
1775291967, 2866, 158, 400, 0, 0, 0.54%, 1, 0, 5, 1473.36
1775291972, 2866, 312, 400, 0, 0, 0.54%, 1, 0, 5, 1442.67
1775291977, 2867, 7, 400, 0, 0, 0.54%, 1, 0, 5, 1292.16
1775291982, 2867, 86, 400, 0, 0, 0.54%, 1, 0, 5, 1559.11
1775291987, 2867, 152, 400, 0, 0, 0.54%, 1, 0, 5, 1491.12
1775291992, 2867, 277, 400, 0, 0, 0.54%, 1, 0, 5, 1535.57
1775291997, 2867, 333, 400, 0, 0, 0.54%, 1, 0, 5, 1435.19
1775292002, 2868, 57, 400, 0, 0, 0.54%, 1, 0, 5, 1497.02
1775292007, 2868, 86, 400, 0, 0, 0.54%, 1, 0, 5, 1495.03
1775292013, 2868, 157, 400, 0, 0, 0.54%, 1, 0, 5, 1572.20
1775292018, 2868, 255, 400, 0, 0, 0.54%, 1, 0, 5, 1573.91
1775292023, 2868, 311, 400, 0, 0, 0.54%, 1, 0, 5, 1449.97
1775292028, 2868, 395, 400, 0, 0, 0.54%, 1, 0, 5, 1354.12
1775292033, 2869, 57, 400, 0, 0, 0.54%, 1, 0, 5, 1459.68
1775292038, 2869, 93, 400, 0, 0, 0.54%, 1, 0, 5, 1463.15
1775292043, 2869, 156, 400, 0, 0, 0.54%, 1, 0, 5, 1464.18
1775292048, 2869, 311, 400, 0, 0, 0.54%, 1, 0, 5, 1479.81
1775292054, 2870, 16, 400, 0, 0, 0.54%, 1, 0, 5, 1385.00
1775292059, 2870, 73, 400, 0, 0, 0.54%, 1, 0, 5, 1418.33
1775292064, 2870, 93, 400, 0, 0, 0.54%, 1, 0, 5, 1405.96
1775292069, 2870, 224, 400, 0, 0, 0.54%, 1, 0, 5, 1491.32
1775292074, 2870, 304, 400, 0, 0, 0.54%, 1, 0, 5, 1496.39
1775292079, 2870, 373, 400, 0, 0, 0.54%, 1, 0, 5, 1307.24
1775292084, 2871, 37, 400, 0, 0, 0.54%, 1, 0, 5, 1404.31
1775292089, 2871, 76, 400, 0, 0, 0.54%, 1, 0, 5, 1491.44
1775292094, 2871, 93, 400, 0, 0, 0.54%, 1, 0, 5, 1428.86
1775292099, 2871, 156, 400, 0, 0, 0.54%, 1, 0, 5, 1485.70
1775292104, 2871, 231, 400, 0, 0, 0.54%, 1, 0, 5, 1463.94
1775292109, 2871, 304, 400, 0, 0, 0.54%, 1, 0, 5, 1258.29
1775292114, 2872, 5, 400, 0, 0, 0.54%, 1, 0, 5, 1182.64
1775292119, 2872, 87, 400, 0, 0, 0.54%, 1, 0, 5, 1432.05
1775292125, 2872, 136, 400, 0, 0, 0.54%, 1, 0, 5, 1450.93
1775292130, 2872, 268, 400, 0, 0, 0.54%, 1, 0, 5, 1521.00
1775292135, 2872, 312, 400, 0, 0, 0.54%, 1, 0, 5, 1506.82
1775292140, 2873, 42, 400, 0, 0, 0.54%, 1, 0, 5, 1424.53
1775292145, 2873, 86, 400, 0, 0, 0.54%, 1, 0, 5, 1506.69
1775292150, 2873, 106, 400, 0, 0, 0.54%, 1, 0, 5, 1425.06
1775292155, 2873, 195, 400, 0, 0, 0.54%, 1, 0, 5, 1378.80
1775292160, 2873, 252, 400, 0, 0, 0.54%, 1, 0, 5, 1344.48
1775292165, 2873, 333, 400, 0, 0, 0.54%, 1, 0, 5, 1339.46
1775292171, 2873, 393, 400, 0, 0, 0.54%, 1, 0, 5, 1295.28
1775292176, 2874, 51, 400, 0, 0, 0.54%, 1, 0, 5, 1278.02
1775292181, 2874, 89, 400, 0, 0, 0.54%, 1, 0, 5, 1445.36
1775292186, 2874, 148, 400, 0, 0, 0.54%, 1, 0, 5, 1399.16
1775292191, 2874, 276, 400, 0, 0, 0.54%, 1, 0, 5, 1446.42
1775292196, 2874, 333, 400, 0, 0, 0.54%, 1, 0, 5, 1429.13
1775292201, 2875, 51, 400, 0, 0, 0.54%, 1, 0, 5, 1345.30
1775292206, 2875, 83, 400, 0, 0, 0.54%, 1, 0, 5, 1553.22
1775292211, 2875, 158, 400, 0, 0, 0.54%, 1, 0, 5, 1509.19
1775292216, 2875, 228, 400, 0, 0, 0.54%, 1, 0, 5, 1412.38
1775292221, 2875, 337, 400, 0, 0, 0.54%, 1, 0, 5, 1346.94
1775292226, 2876, 73, 400, 0, 0, 0.54%, 1, 0, 5, 1485.97
1775292232, 2876, 106, 400, 0, 0, 0.54%, 1, 0, 5, 1596.92
1775292237, 2876, 298, 400, 0, 0, 0.54%, 1, 0, 5, 1495.15
1775292242, 2877, 5, 400, 0, 0, 0.54%, 1, 0, 5, 1285.88
1775292247, 2877, 69, 400, 0, 0, 0.54%, 1, 0, 5, 1367.95
1775292252, 2877, 97, 400, 0, 0, 0.54%, 1, 0, 5, 1464.89
1775292257, 2877, 211, 400, 0, 0, 0.54%, 1, 0, 5, 1518.65
1775292262, 2877, 279, 400, 0, 0, 0.54%, 1, 0, 5, 1498.03
1775292267, 2877, 348, 400, 0, 0, 0.54%, 1, 0, 5, 1376.66
1775292272, 2878, 83, 400, 0, 0, 0.54%, 1, 0, 5, 1517.95
1775292278, 2878, 106, 400, 0, 0, 0.54%, 1, 0, 5, 1537.12
1775292283, 2878, 232, 400, 0, 0, 0.54%, 1, 0, 5, 1429.42
1775292288, 2878, 330, 400, 0, 0, 0.54%, 1, 0, 5, 1378.30
1775292293, 2879, 39, 400, 0, 0, 0.54%, 1, 0, 5, 1469.58
1775292298, 2879, 83, 400, 0, 0, 0.54%, 1, 0, 5, 1383.92
1775292303, 2879, 106, 400, 0, 0, 0.54%, 1, 0, 5, 1511.38
1775292308, 2879, 170, 400, 0, 0, 0.54%, 1, 0, 5, 1560.92
1775292314, 2879, 235, 400, 0, 0, 0.54%, 1, 0, 5, 1389.36
1775292319, 2879, 299, 400, 0, 0, 0.54%, 1, 0, 5, 1441.46
1775292324, 2879, 337, 400, 0, 0, 0.54%, 1, 0, 5, 1358.85
1775292329, 2880, 51, 400, 0, 0, 0.54%, 1, 0, 5, 1445.10
1775292334, 2880, 86, 400, 0, 0, 0.54%, 1, 0, 5, 1479.09
1775292339, 2880, 168, 400, 0, 0, 0.54%, 1, 0, 5, 1440.36
1775292344, 2880, 257, 400, 0, 0, 0.54%, 1, 0, 5, 1414.17
1775292349, 2880, 312, 400, 0, 0, 0.54%, 1, 0, 5, 1409.79
1775292354, 2881, 34, 400, 0, 0, 0.54%, 1, 0, 5, 1221.71
1775292359, 2881, 86, 400, 0, 0, 0.54%, 1, 0, 5, 1475.64
1775292365, 2881, 106, 400, 0, 0, 0.54%, 1, 0, 5, 1472.29
1775292370, 2881, 158, 400, 0, 0, 0.54%, 1, 0, 5, 1506.06
1775292375, 2881, 333, 400, 0, 0, 0.54%, 1, 0, 5, 1470.62
1775292380, 2881, 398, 400, 0, 0, 0.54%, 1, 0, 5, 1477.25
1775292385, 2882, 55, 400, 0, 0, 0.54%, 1, 0, 5, 1377.87
1775292390, 2882, 86, 400, 0, 0, 0.54%, 1, 0, 5, 1504.09
1775292395, 2882, 175, 400, 0, 0, 0.54%, 1, 0, 5, 1477.15
1775292400, 2882, 217, 400, 0, 0, 0.54%, 1, 0, 5, 1606.63
1775292406, 2882, 342, 400, 0, 0, 0.54%, 1, 0, 5, 1442.33
1775292411, 2883, 34, 400, 0, 0, 0.54%, 1, 0, 5, 1262.02
1775292416, 2883, 86, 400, 0, 0, 0.54%, 1, 0, 5, 1437.75
1775292421, 2883, 131, 400, 0, 0, 0.54%, 1, 0, 5, 1412.08
1775292426, 2883, 291, 400, 0, 0, 0.54%, 1, 0, 5, 1420.79
1775292431, 2884, 30, 400, 0, 0, 0.54%, 1, 0, 5, 1547.26
1775292436, 2884, 86, 400, 0, 0, 0.54%, 1, 0, 5, 1485.98
1775292441, 2884, 158, 400, 0, 0, 0.54%, 1, 0, 5, 1497.85
1775292447, 2884, 283, 400, 0, 0, 0.54%, 1, 0, 5, 1492.43
1775292452, 2884, 336, 400, 0, 0, 0.54%, 1, 0, 5, 1487.25
1775292457, 2885, 2, 400, 0, 0, 0.54%, 1, 0, 5, 1306.71
1775292462, 2885, 81, 400, 0, 0, 0.54%, 1, 0, 5, 1689.71
1775292467, 2885, 116, 400, 0, 0, 0.54%, 1, 0, 5, 1516.23
1775292472, 2885, 179, 400, 0, 0, 0.54%, 1, 0, 5, 1455.03
1775292477, 2885, 238, 400, 0, 0, 0.54%, 1, 0, 5, 1512.71
1775292482, 2885, 308, 400, 0, 0, 0.54%, 1, 0, 5, 1365.25
1775292487, 2886, 6, 400, 0, 0, 0.54%, 1, 0, 5, 1360.62
1775292492, 2886, 72, 400, 0, 0, 0.54%, 1, 0, 5, 1366.11
1775292497, 2886, 93, 400, 0, 0, 0.54%, 1, 0, 5, 1505.48
1775292502, 2886, 210, 400, 0, 0, 0.54%, 1, 0, 5, 1564.82
1775292508, 2886, 304, 400, 0, 0, 0.54%, 1, 0, 5, 1311.10
1775292513, 2887, 7, 400, 0, 0, 0.54%, 1, 0, 5, 1382.84
1775292518, 2887, 73, 400, 0, 0, 0.54%, 1, 0, 5, 1449.57
1775292523, 2887, 93, 400, 0, 0, 0.54%, 1, 0, 5, 1127.19
1775292528, 2887, 193, 400, 0, 0, 0.54%, 1, 0, 5, 1550.04
1775292533, 2887, 319, 400, 0, 0, 0.54%, 1, 0, 5, 1397.22
1775292538, 2888, 16, 400, 0, 0, 0.54%, 1, 0, 5, 1392.55
1775292543, 2888, 86, 400, 0, 0, 0.54%, 1, 0, 5, 1465.28
1775292548, 2888, 130, 400, 0, 0, 0.54%, 1, 0, 5, 1409.66
1775292554, 2888, 249, 400, 0, 0, 0.54%, 1, 0, 5, 1460.81
1775292559, 2888, 312, 400, 0, 0, 0.54%, 1, 0, 5, 1404.98
1775292564, 2889, 8, 400, 0, 0, 0.54%, 1, 0, 5, 1501.47
1775292569, 2889, 83, 400, 0, 0, 0.54%, 1, 0, 5, 1492.46
1775292574, 2889, 134, 400, 0, 0, 0.54%, 1, 0, 5, 1600.28
1775292579, 2889, 174, 400, 0, 0, 0.54%, 1, 0, 5, 1618.59
1775292584, 2889, 287, 400, 0, 0, 0.54%, 1, 0, 5, 1538.17
1775292589, 2889, 396, 400, 0, 0, 0.54%, 1, 0, 5, 1381.14
1775292594, 2890, 51, 400, 0, 0, 0.54%, 1, 0, 5, 1557.15
1775292599, 2890, 83, 400, 0, 0, 0.54%, 1, 0, 5, 1501.24
1775292605, 2890, 116, 400, 0, 0, 0.54%, 1, 0, 5, 1444.67
1775292610, 2890, 205, 400, 0, 0, 0.54%, 1, 0, 5, 1415.94
1775292615, 2890, 287, 400, 0, 0, 0.54%, 1, 0, 5, 1826.65
1775292620, 2890, 399, 400, 0, 0, 0.54%, 1, 0, 5, 1459.11
1775292625, 2891, 57, 400, 0, 0, 0.54%, 1, 0, 5, 1376.96
1775292630, 2891, 88, 400, 0, 0, 0.54%, 1, 0, 5, 1414.48
1775292636, 2891, 158, 400, 0, 0, 0.54%, 1, 0, 5, 1459.06
1775292641, 2891, 232, 400, 0, 0, 0.54%, 1, 0, 5, 1336.76
1775292646, 2891, 312, 400, 0, 0, 0.54%, 1, 0, 5, 1408.54
1775292651, 2892, 48, 400, 0, 0, 0.54%, 1, 0, 5, 1346.95
1775292656, 2892, 83, 400, 0, 0, 0.54%, 1, 0, 5, 1556.19
1775292661, 2892, 106, 400, 0, 0, 0.54%, 1, 0, 5, 1686.38
1775292666, 2892, 158, 400, 0, 0, 0.54%, 1, 0, 5, 1514.21
1775292671, 2892, 305, 400, 0, 0, 0.54%, 1, 0, 5, 1465.62
1775292676, 2893, 21, 400, 0, 0, 0.54%, 1, 0, 5, 1562.67
1775292681, 2893, 83, 400, 0, 0, 0.54%, 1, 0, 5, 1516.21
1775292686, 2893, 106, 400, 0, 0, 0.54%, 1, 0, 5, 1475.63
1775292691, 2893, 198, 400, 0, 0, 0.54%, 1, 0, 5, 1495.26
1775292696, 2893, 304, 400, 0, 0, 0.54%, 1, 0, 5, 1407.91
1775292701, 2894, 51, 400, 0, 0, 0.54%, 1, 0, 5, 1519.90
1775292707, 2894, 88, 400, 0, 0, 0.54%, 1, 0, 5, 1645.95
1775292712, 2894, 172, 400, 0, 0, 0.54%, 1, 0, 5, 1515.13
1775292717, 2894, 291, 400, 0, 0, 0.54%, 1, 0, 5, 1453.19
1775292722, 2895, 32, 400, 0, 0, 0.54%, 1, 0, 5, 1366.48
1775292727, 2895, 83, 400, 0, 0, 0.54%, 1, 0, 5, 1403.24
1775292732, 2895, 115, 400, 0, 0, 0.54%, 1, 0, 5, 1484.50
1775292737, 2895, 287, 400, 0, 0, 0.54%, 1, 0, 5, 1452.35
1775292742, 2895, 392, 400, 0, 0, 0.54%, 1, 0, 5, 212.12
1775292747, 2896, 58, 400, 0, 0, 0.54%, 1, 0, 5, 1447.56
1775292752, 2896, 86, 400, 0, 0, 0.54%, 1, 0, 5, 1556.24
1775292757, 2896, 140, 400, 0, 0, 0.54%, 1, 0, 5, 1497.22
1775292762, 2896, 254, 400, 0, 0, 0.54%, 1, 0, 5, 1497.70
1775292767, 2896, 317, 400, 0, 0, 0.54%, 1, 0, 5, 1465.21
1775292773, 2897, 8, 400, 0, 0, 0.54%, 1, 0, 5, 1363.98
1775292778, 2897, 57, 400, 0, 0, 0.54%, 1, 0, 5, 1518.33
1775292783, 2897, 90, 400, 0, 0, 0.54%, 1, 0, 5, 1548.64
1775292788, 2897, 176, 400, 0, 0, 0.54%, 1, 0, 5, 1559.50
1775292793, 2897, 277, 400, 0, 0, 0.54%, 1, 0, 5, 1383.66
1775292798, 2897, 331, 400, 0, 0, 0.54%, 1, 0, 5, 1460.57
1775292803, 2898, 28, 400, 0, 0, 0.54%, 1, 0, 5, 1400.86
1775292809, 2898, 73, 400, 0, 0, 0.54%, 1, 0, 5, 1330.78
1775292814, 2898, 106, 400, 0, 0, 0.54%, 1, 0, 5, 1437.57
1775292819, 2898, 211, 400, 0, 0, 0.54%, 1, 0, 5, 1534.98
1775292824, 2898, 304, 400, 0, 0, 0.54%, 1, 0, 5, 1475.83
1775292829, 2898, 336, 400, 0, 0, 0.54%, 1, 0, 5, 1440.50
1775292834, 2898, 398, 400, 0, 0, 0.54%, 1, 0, 5, 1453.30
1775292839, 2899, 83, 400, 0, 0, 0.54%, 1, 0, 5, 1405.37
1775292844, 2899, 100, 400, 0, 0, 0.54%, 1, 0, 5, 1520.86
1775292849, 2899, 204, 400, 0, 0, 0.54%, 1, 0, 5, 1542.25
1775292854, 2899, 274, 400, 0, 0, 0.54%, 1, 0, 5, 1517.12
1775292859, 2899, 346, 400, 0, 0, 0.54%, 1, 0, 5, 1426.50
1775292864, 2900, 55, 400, 0, 0, 0.54%, 1, 0, 5, 1509.99
1775292870, 2900, 83, 400, 0, 0, 0.54%, 1, 0, 5, 1543.09
1775292875, 2900, 101, 400, 0, 0, 0.54%, 1, 0, 5, 1486.68
1775292880, 2900, 148, 400, 0, 0, 0.54%, 1, 0, 5, 1347.70
1775292885, 2900, 240, 400, 0, 0, 0.54%, 1, 0, 5, 1438.28
1775292890, 2900, 312, 400, 0, 0, 0.54%, 1, 0, 5, 1479.48
1775292895, 2901, 73, 400, 0, 0, 0.54%, 1, 0, 5, 1457.22
1775292900, 2901, 93, 400, 0, 0, 0.54%, 1, 0, 5, 1492.67
1775292905, 2901, 125, 400, 0, 0, 0.54%, 1, 0, 5, 1496.58
1775292910, 2901, 274, 400, 0, 0, 0.54%, 1, 0, 5, 1574.09
1775292915, 2901, 342, 400, 0, 0, 0.54%, 1, 0, 5, 1326.29
1775292920, 2902, 51, 400, 0, 0, 0.54%, 1, 0, 5, 1462.32
1775292925, 2902, 84, 400, 0, 0, 0.54%, 1, 0, 5, 1474.92
1775292930, 2902, 106, 400, 0, 0, 0.54%, 1, 0, 5, 1629.81
1775292936, 2902, 166, 400, 0, 0, 0.54%, 1, 0, 5, 1497.38
1775292941, 2902, 274, 400, 0, 0, 0.54%, 1, 0, 5, 1515.22
1775292946, 2902, 323, 400, 0, 0, 0.54%, 1, 0, 5, 1375.50
1775292951, 2902, 393, 400, 0, 0, 0.54%, 1, 0, 5, 1409.90
1775292956, 2903, 73, 400, 0, 0, 0.54%, 1, 0, 5, 1476.81
1775292961, 2903, 93, 400, 0, 0, 0.54%, 1, 0, 5, 1527.69
1775292966, 2903, 118, 400, 0, 0, 0.54%, 1, 0, 5, 1391.22
1775292971, 2903, 158, 400, 0, 0, 0.54%, 1, 0, 5, 1450.91
1775292976, 2903, 277, 400, 0, 0, 0.54%, 1, 0, 5, 1573.60
1775292981, 2903, 318, 400, 0, 0, 0.54%, 1, 0, 5, 1347.68
1775292987, 2904, 57, 400, 0, 0, 0.54%, 1, 0, 5, 1536.64
1775292992, 2904, 93, 400, 0, 0, 0.54%, 1, 0, 5, 1430.43
1775292997, 2904, 166, 400, 0, 0, 0.54%, 1, 0, 5, 1408.08
1775293002, 2904, 244, 400, 0, 0, 0.54%, 1, 0, 5, 1451.68
1775293007, 2904, 337, 400, 0, 0, 0.54%, 1, 0, 5, 1318.69
1775293012, 2905, 57, 400, 0, 0, 0.54%, 1, 0, 5, 1392.37
1775293017, 2905, 86, 400, 0, 0, 0.54%, 1, 0, 5, 1394.62
1775293022, 2905, 158, 400, 0, 0, 0.54%, 1, 0, 5, 1457.73
1775293027, 2905, 304, 400, 0, 0, 0.54%, 1, 0, 5, 1408.60
1775293032, 2906, 57, 400, 0, 0, 0.54%, 1, 0, 5, 1557.52
1775293037, 2906, 90, 400, 0, 0, 0.54%, 1, 0, 5, 1539.11
1775293043, 2906, 143, 400, 0, 0, 0.54%, 1, 0, 5, 1476.00
1775293048, 2906, 201, 400, 0, 0, 0.54%, 1, 0, 5, 1476.48
1775293053, 2906, 311, 400, 0, 0, 0.54%, 1, 0, 5, 1334.22
1775293058, 2906, 392, 400, 0, 0, 0.54%, 1, 0, 5, 1253.34
1775293063, 2907, 51, 400, 0, 0, 0.54%, 1, 0, 5, 1421.58
1775293068, 2907, 88, 400, 0, 0, 0.54%, 1, 0, 5, 1574.77
1775293073, 2907, 158, 400, 0, 0, 0.54%, 1, 0, 5, 1478.80
1775293078, 2907, 312, 400, 0, 0, 0.54%, 1, 0, 5, 1477.36
1775293083, 2908, 73, 400, 0, 0, 0.54%, 1, 0, 5, 1526.69
1775293088, 2908, 106, 400, 0, 0, 0.54%, 1, 0, 5, 1604.46
1775293093, 2908, 166, 400, 0, 0, 0.54%, 1, 0, 5, 1478.55
1775293099, 2908, 311, 400, 0, 0, 0.54%, 1, 0, 5, 1429.67
1775293104, 2909, 31, 400, 0, 0, 0.54%, 1, 0, 5, 1438.70
1775293109, 2909, 86, 400, 0, 0, 0.54%, 1, 0, 5, 1525.09
1775293114, 2909, 158, 400, 0, 0, 0.54%, 1, 0, 5, 1525.09
1775293119, 2909, 211, 400, 0, 0, 0.54%, 1, 0, 5, 1412.43
1775293124, 2909, 304, 400, 0, 0, 0.54%, 1, 0, 5, 1502.95
1775293129, 2909, 385, 400, 0, 0, 0.54%, 1, 0, 5, 1384.24
1775293135, 2910, 57, 400, 0, 0, 0.54%, 1, 0, 5, 1464.14
1775293140, 2910, 93, 400, 0, 0, 0.54%, 1, 0, 5, 1465.89
1775293145, 2910, 180, 400, 0, 0, 0.54%, 1, 0, 5, 1357.60
1775293150, 2910, 307, 400, 0, 0, 0.54%, 1, 0, 5, 1494.25
1775293155, 2911, 51, 400, 0, 0, 0.54%, 1, 0, 5, 1452.59
1775293160, 2911, 81, 400, 0, 0, 0.54%, 1, 0, 5, 1322.78
1775293165, 2911, 106, 400, 0, 0, 0.54%, 1, 0, 5, 1464.71
1775293170, 2911, 244, 400, 0, 0, 0.54%, 1, 0, 5, 1325.52
1775293175, 2911, 287, 400, 0, 0, 0.54%, 1, 0, 5, 1359.59
1775293180, 2912, 11, 400, 0, 0, 0.54%, 1, 0, 5, 1250.45
1775293185, 2912, 83, 400, 0, 0, 0.54%, 1, 0, 5, 1454.35
1775293191, 2912, 91, 400, 0, 0, 0.54%, 1, 0, 5, 1359.48
1775293196, 2912, 158, 400, 0, 0, 0.54%, 1, 0, 5, 1354.01
1775293201, 2912, 287, 400, 0, 0, 0.54%, 1, 0, 5, 1285.25
1775293206, 2912, 393, 400, 0, 0, 0.54%, 1, 0, 5, 1323.69
1775293211, 2913, 50, 400, 0, 0, 0.54%, 1, 0, 5, 1491.95
1775293216, 2913, 83, 400, 0, 0, 0.54%, 1, 0, 5, 1450.84
1775293221, 2913, 129, 400, 0, 0, 0.54%, 1, 0, 5, 1544.01
1775293226, 2913, 159, 400, 0, 0, 0.54%, 1, 0, 5, 1453.73
1775293232, 2913, 316, 400, 0, 0, 0.54%, 1, 0, 5, 1413.05
1775293237, 2914, 10, 400, 0, 0, 0.54%, 1, 0, 5, 1236.19
1775293242, 2914, 83, 400, 0, 0, 0.54%, 1, 0, 5, 1343.26
1775293247, 2914, 100, 400, 0, 0, 0.54%, 1, 0, 5, 1456.28
1775293252, 2914, 158, 400, 0, 0, 0.54%, 1, 0, 5, 1505.34
1775293257, 2914, 273, 400, 0, 0, 0.54%, 1, 0, 5, 256.49
1775293262, 2914, 307, 400, 0, 0, 0.54%, 1, 0, 5, 1395.03
1775293267, 2914, 376, 400, 0, 0, 0.54%, 1, 0, 5, 1186.61
1775293273, 2915, 57, 400, 0, 0, 0.54%, 1, 0, 5, 1344.24
1775293278, 2915, 88, 400, 0, 0, 0.54%, 1, 0, 5, 1437.88
1775293283, 2915, 218, 400, 0, 0, 0.54%, 1, 0, 5, 1339.58
1775293288, 2915, 312, 400, 0, 0, 0.54%, 1, 0, 5, 1232.58
1775293293, 2916, 51, 400, 0, 0, 0.54%, 1, 0, 5, 1198.02
1775293298, 2916, 88, 400, 0, 0, 0.54%, 1, 0, 5, 1451.08
1775293303, 2916, 152, 400, 0, 0, 0.54%, 1, 0, 5, 1338.16
1775293308, 2916, 204, 400, 0, 0, 0.54%, 1, 0, 5, 1451.40
1775293313, 2916, 311, 400, 0, 0, 0.54%, 1, 0, 5, 1389.57
1775293318, 2916, 388, 400, 0, 0, 0.54%, 1, 0, 5, 1242.54
1775293324, 2917, 73, 400, 0, 0, 0.54%, 1, 0, 5, 1366.00
1775293329, 2917, 105, 400, 0, 0, 0.54%, 1, 0, 5, 1350.64
1775293334, 2917, 168, 400, 0, 0, 0.54%, 1, 0, 5, 1330.76
1775293339, 2917, 262, 400, 0, 0, 0.54%, 1, 0, 5, 1500.85
1775293344, 2917, 315, 400, 0, 0, 0.54%, 1, 0, 5, 1425.75
1775293349, 2918, 57, 400, 0, 0, 0.54%, 1, 0, 5, 1487.21
1775293354, 2918, 106, 400, 0, 0, 0.54%, 1, 0, 5, 1501.30
1775293359, 2918, 242, 400, 0, 0, 0.54%, 1, 0, 5, 1500.55
1775293364, 2918, 304, 400, 0, 0, 0.54%, 1, 0, 5, 1056.34
1775293369, 2919, 16, 400, 0, 0, 0.54%, 1, 0, 5, 1242.22
1775293374, 2919, 74, 400, 0, 0, 0.54%, 1, 0, 5, 1407.56
1775293380, 2919, 93, 400, 0, 0, 0.54%, 1, 0, 5, 1421.76
1775293385, 2919, 158, 400, 0, 0, 0.54%, 1, 0, 5, 1474.26
1775293390, 2919, 287, 400, 0, 0, 0.54%, 1, 0, 5, 1528.91
1775293395, 2919, 399, 400, 0, 0, 0.54%, 1, 0, 5, 1352.90
1775293400, 2920, 59, 400, 0, 0, 0.54%, 1, 0, 5, 1490.43
1775293405, 2920, 86, 400, 0, 0, 0.54%, 1, 0, 5, 1575.68
1775293410, 2920, 154, 400, 0, 0, 0.54%, 1, 0, 5, 1529.15
1775293415, 2920, 281, 400, 0, 0, 0.54%, 1, 0, 5, 1551.43
1775293420, 2920, 323, 400, 0, 0, 0.54%, 1, 0, 5, 1444.25
1775293425, 2920, 384, 400, 0, 0, 0.54%, 1, 0, 5, 1154.36
1775293430, 2921, 73, 400, 0, 0, 0.54%, 1, 0, 5, 1418.97
1775293436, 2921, 106, 400, 0, 0, 0.54%, 1, 0, 5, 273.14
1775293441, 2921, 158, 400, 0, 0, 0.54%, 1, 0, 5, 1585.96
1775293446, 2921, 287, 400, 0, 0, 0.54%, 1, 0, 5, 1429.25
1775293451, 2921, 388, 400, 0, 0, 0.54%, 1, 0, 5, 1369.97
1775293456, 2922, 56, 400, 0, 0, 0.54%, 1, 0, 5, 1371.45
1775293461, 2922, 86, 400, 0, 0, 0.54%, 1, 0, 5, 1483.12
1775293466, 2922, 138, 400, 0, 0, 0.54%, 1, 0, 5, 1522.81
1775293471, 2922, 273, 400, 0, 0, 0.54%, 1, 0, 5, 1505.70
1775293476, 2922, 392, 400, 0, 0, 0.54%, 1, 0, 5, 1318.64
1775293481, 2923, 83, 400, 0, 0, 0.54%, 1, 0, 5, 1530.57
1775293487, 2923, 106, 400, 0, 0, 0.54%, 1, 0, 5, 1505.19
1775293492, 2923, 163, 400, 0, 0, 0.54%, 1, 0, 5, 1447.87
1775293497, 2923, 235, 400, 0, 0, 0.54%, 1, 0, 5, 1347.27
1775293502, 2923, 337, 400, 0, 0, 0.54%, 1, 0, 5, 1422.54
1775293507, 2924, 41, 400, 0, 0, 0.54%, 1, 0, 5, 1481.42
1775293512, 2924, 83, 400, 0, 0, 0.54%, 1, 0, 5, 1497.61
1775293517, 2924, 101, 400, 0, 0, 0.54%, 1, 0, 5, 1508.09
1775293523, 2924, 164, 400, 0, 0, 0.54%, 1, 0, 5, 1414.34
1775293528, 2924, 295, 400, 0, 0, 0.54%, 1, 0, 5, 1389.84
1775293533, 2924, 389, 400, 0, 0, 0.54%, 1, 0, 5, 1351.95
1775293538, 2925, 52, 400, 0, 0, 0.54%, 1, 0, 5, 1465.24
1775293543, 2925, 79, 400, 0, 0, 0.54%, 1, 0, 5, 1378.50
1775293548, 2925, 97, 400, 0, 0, 0.54%, 1, 0, 5, 1257.32
1775293553, 2925, 190, 400, 0, 0, 0.54%, 1, 0, 5, 1383.37
1775293558, 2925, 312, 400, 0, 0, 0.54%, 1, 0, 5, 1433.27
1775293563, 2926, 67, 400, 0, 0, 0.54%, 1, 0, 5, 1413.69
1775293568, 2926, 93, 400, 0, 0, 0.54%, 1, 0, 5, 1476.51
1775293573, 2926, 244, 400, 0, 0, 0.54%, 1, 0, 5, 1538.49
1775293579, 2926, 311, 400, 0, 0, 0.54%, 1, 0, 5, 1329.90
1775293584, 2927, 51, 400, 0, 0, 0.54%, 1, 0, 5, 1386.65
1775293589, 2927, 85, 400, 0, 0, 0.54%, 1, 0, 5, 1437.25
1775293594, 2927, 106, 400, 0, 0, 0.54%, 1, 0, 5, 1538.10
1775293599, 2927, 169, 400, 0, 0, 0.54%, 1, 0, 5, 1378.92
1775293604, 2927, 268, 400, 0, 0, 0.54%, 1, 0, 5, 1399.01
1775293609, 2927, 314, 400, 0, 0, 0.54%, 1, 0, 5, 1382.62
1775293614, 2928, 73, 400, 0, 0, 0.54%, 1, 0, 5, 1366.95
1775293619, 2928, 103, 400, 0, 0, 0.54%, 1, 0, 5, 1482.00
1775293624, 2928, 155, 400, 0, 0, 0.54%, 1, 0, 5, 670.77
1775293629, 2928, 286, 400, 0, 0, 0.54%, 1, 0, 5, 1393.70
1775293635, 2929, 22, 400, 0, 0, 0.54%, 1, 0, 5, 1351.27
1775293640, 2929, 83, 400, 0, 0, 0.54%, 1, 0, 5, 1490.50
1775293645, 2929, 117, 400, 0, 0, 0.54%, 1, 0, 5, 1438.23
1775293650, 2929, 224, 400, 0, 0, 0.54%, 1, 0, 5, 1475.62
1775293655, 2929, 312, 400, 0, 0, 0.54%, 1, 0, 5, 1414.00
1775293660, 2930, 31, 400, 0, 0, 0.54%, 1, 0, 5, 1388.80
1775293665, 2930, 73, 400, 0, 0, 0.54%, 1, 0, 5, 1408.74
1775293671, 2930, 88, 400, 0, 0, 0.54%, 1, 0, 5, 1507.33
1775293676, 2930, 183, 400, 0, 0, 0.54%, 1, 0, 5, 1460.32
1775293681, 2930, 304, 400, 0, 0, 0.54%, 1, 0, 5, 1424.41
1775293686, 2931, 36, 400, 0, 0, 0.54%, 1, 0, 5, 1313.19
1775293691, 2931, 86, 400, 0, 0, 0.54%, 1, 0, 5, 1585.21
1775293696, 2931, 103, 400, 0, 0, 0.54%, 1, 0, 5, 1376.02
1775293701, 2931, 221, 400, 0, 0, 0.54%, 1, 0, 5, 1333.73
1775293706, 2931, 311, 400, 0, 0, 0.54%, 1, 0, 5, 1409.67
1775293712, 2932, 57, 400, 0, 0, 0.54%, 1, 0, 5, 1330.06
1775293717, 2932, 88, 400, 0, 0, 0.54%, 1, 0, 5, 1533.43
1775293722, 2932, 149, 400, 0, 0, 0.54%, 1, 0, 5, 1564.56
1775293727, 2932, 274, 400, 0, 0, 0.54%, 1, 0, 5, 1467.89
1775293732, 2932, 311, 400, 0, 0, 0.54%, 1, 0, 5, 1323.91
1775293737, 2933, 32, 400, 0, 0, 0.54%, 1, 0, 5, 1442.72
1775293742, 2933, 66, 400, 0, 0, 0.54%, 1, 0, 5, 1367.66
1775293747, 2933, 88, 400, 0, 0, 0.54%, 1, 0, 5, 1523.24
1775293752, 2933, 203, 400, 0, 0, 0.54%, 1, 0, 5, 1596.99
1775293758, 2933, 265, 400, 0, 0, 0.54%, 1, 0, 5, 1486.03
1775293763, 2933, 343, 400, 0, 0, 0.54%, 1, 0, 5, 1488.86
1775293768, 2934, 20, 400, 0, 0, 0.54%, 1, 0, 5, 1382.26
1775293773, 2934, 73, 400, 0, 0, 0.54%, 1, 0, 5, 1515.36
1775293778, 2934, 93, 400, 0, 0, 0.54%, 1, 0, 5, 1441.71
1775293783, 2934, 158, 400, 0, 0, 0.54%, 1, 0, 5, 1404.19
1775293788, 2934, 312, 400, 0, 0, 0.54%, 1, 0, 5, 1293.36
1775293793, 2934, 389, 400, 0, 0, 0.54%, 1, 0, 5, 1290.14
1775293798, 2935, 83, 400, 0, 0, 0.54%, 1, 0, 5, 1384.78
1775293804, 2935, 146, 400, 0, 0, 0.54%, 1, 0, 5, 1350.51
1775293809, 2935, 304, 400, 0, 0, 0.54%, 1, 0, 5, 1418.31
1775293814, 2936, 27, 400, 0, 0, 0.54%, 1, 0, 5, 1318.91
1775293819, 2936, 86, 400, 0, 0, 0.54%, 1, 0, 5, 1492.81
1775293824, 2936, 106, 400, 0, 0, 0.54%, 1, 0, 5, 1489.37
1775293829, 2936, 260, 400, 0, 0, 0.54%, 1, 0, 5, 1283.81
1775293834, 2936, 337, 400, 0, 0, 0.54%, 1, 0, 5, 1311.83
1775293839, 2937, 61, 400, 0, 0, 0.54%, 1, 0, 5, 1295.99
1775293844, 2937, 88, 400, 0, 0, 0.54%, 1, 0, 5, 1394.92
1775293850, 2937, 180, 400, 0, 0, 0.54%, 1, 0, 5, 1418.14
1775293855, 2937, 287, 400, 0, 0, 0.54%, 1, 0, 5, 1399.81
1775293860, 2938, 25, 400, 0, 0, 0.54%, 1, 0, 5, 1310.64
1775293865, 2938, 65, 400, 0, 0, 0.54%, 1, 0, 5, 1337.62
1775293870, 2938, 88, 400, 0, 0, 0.54%, 1, 0, 5, 1425.03
1775293875, 2938, 171, 400, 0, 0, 0.54%, 1, 0, 5, 1404.93
1775293880, 2938, 217, 400, 0, 0, 0.54%, 1, 0, 5, 1476.30
1775293885, 2938, 311, 400, 0, 0, 0.54%, 1, 0, 5, 1480.84
1775293890, 2939, 57, 400, 0, 0, 0.54%, 1, 0, 5, 1425.72
1775293895, 2939, 86, 400, 0, 0, 0.54%, 1, 0, 5, 1573.51
1775293900, 2939, 116, 400, 0, 0, 0.54%, 1, 0, 5, 1349.27
1775293905, 2939, 195, 400, 0, 0, 0.54%, 1, 0, 5, 1426.03
1775293911, 2939, 254, 400, 0, 0, 0.54%, 1, 0, 5, 1508.81
1775293916, 2939, 390, 400, 0, 0, 0.54%, 1, 0, 5, 1448.72
1775293921, 2940, 83, 400, 0, 0, 0.54%, 1, 0, 5, 1530.86
1775293926, 2940, 93, 400, 0, 0, 0.54%, 1, 0, 5, 1012.85
1775293931, 2940, 124, 400, 0, 0, 0.54%, 1, 0, 5, 1286.62
1775293936, 2940, 258, 400, 0, 0, 0.54%, 1, 0, 5, 1414.34
1775293941, 2940, 335, 400, 0, 0, 0.54%, 1, 0, 5, 1398.88
1775293946, 2941, 31, 400, 0, 0, 0.54%, 1, 0, 5, 1471.07
1775293951, 2941, 77, 400, 0, 0, 0.54%, 1, 0, 5, 1558.24
1775293956, 2941, 106, 400, 0, 0, 0.54%, 1, 0, 5, 1509.00
1775293961, 2941, 222, 400, 0, 0, 0.54%, 1, 0, 5, 1468.61
1775293967, 2941, 337, 400, 0, 0, 0.54%, 1, 0, 5, 1403.86
1775293972, 2941, 398, 400, 0, 0, 0.54%, 1, 0, 5, 1379.81
1775293977, 2942, 34, 400, 0, 0, 0.54%, 1, 0, 5, 1275.84
1775293982, 2942, 82, 400, 0, 0, 0.54%, 1, 0, 5, 1457.35
1775293987, 2942, 94, 400, 0, 0, 0.54%, 1, 0, 5, 1455.13
1775293992, 2942, 229, 400, 0, 0, 0.54%, 1, 0, 5, 1517.25
1775293997, 2942, 333, 400, 0, 0, 0.54%, 1, 0, 5, 1450.49
1775294002, 2942, 397, 400, 0, 0, 0.54%, 1, 0, 5, 1401.09
1775294007, 2943, 57, 400, 0, 0, 0.54%, 1, 0, 5, 1856.44
1775294013, 2943, 88, 400, 0, 0, 0.54%, 1, 0, 5, 1632.03
1775294018, 2943, 156, 400, 0, 0, 0.54%, 1, 0, 5, 1542.64
1775294023, 2943, 266, 400, 0, 0, 0.54%, 1, 0, 5, 1440.60
1775294028, 2943, 333, 400, 0, 0, 0.54%, 1, 0, 5, 1341.61
1775294033, 2944, 28, 400, 0, 0, 0.54%, 1, 0, 5, 1331.34
1775294038, 2944, 81, 400, 0, 0, 0.54%, 1, 0, 5, 1416.97
1775294043, 2944, 106, 400, 0, 0, 0.54%, 1, 0, 5, 1479.42
1775294048, 2944, 250, 400, 0, 0, 0.54%, 1, 0, 5, 1403.06
1775294053, 2944, 287, 400, 0, 0, 0.54%, 1, 0, 5, 1513.09
1775294058, 2944, 337, 400, 0, 0, 0.54%, 1, 0, 5, 1338.59
1775294063, 2944, 398, 400, 0, 0, 0.54%, 1, 0, 5, 1507.50
1775294068, 2945, 47, 400, 0, 0, 0.54%, 1, 0, 5, 1443.94
1775294073, 2945, 82, 400, 0, 0, 0.54%, 1, 0, 5, 1467.41
1775294079, 2945, 106, 400, 0, 0, 0.54%, 1, 0, 5, 1504.98
1775294084, 2945, 234, 400, 0, 0, 0.54%, 1, 0, 5, 1417.31
1775294089, 2945, 293, 400, 0, 0, 0.54%, 1, 0, 5, 1328.57
1775294094, 2946, 38, 400, 0, 0, 0.54%, 1, 0, 5, 1228.06
1775294099, 2946, 86, 400, 0, 0, 0.54%, 1, 0, 5, 1482.39
1775294104, 2946, 129, 400, 0, 0, 0.54%, 1, 0, 5, 1478.47
1775294109, 2946, 186, 400, 0, 0, 0.54%, 1, 0, 5, 1360.99
1775294114, 2946, 279, 400, 0, 0, 0.54%, 1, 0, 5, 1490.88
1775294119, 2946, 337, 400, 0, 0, 0.54%, 1, 0, 5, 1400.65
1775294124, 2947, 10, 400, 0, 0, 0.54%, 1, 0, 5, 1500.97
1775294129, 2947, 86, 400, 0, 0, 0.54%, 1, 0, 5, 1515.63
1775294134, 2947, 106, 400, 0, 0, 0.54%, 1, 0, 5, 1445.63
1775294140, 2947, 186, 400, 0, 0, 0.54%, 1, 0, 5, 1498.20
1775294145, 2947, 331, 400, 0, 0, 0.54%, 1, 0, 5, 1464.88
1775294150, 2948, 53, 400, 0, 0, 0.54%, 1, 0, 5, 1297.99
1775294155, 2948, 88, 400, 0, 0, 0.54%, 1, 0, 5, 1415.37
1775294160, 2948, 128, 400, 0, 0, 0.54%, 1, 0, 5, 1370.04
1775294165, 2948, 217, 400, 0, 0, 0.54%, 1, 0, 5, 1448.21
1775294170, 2948, 333, 400, 0, 0, 0.54%, 1, 0, 5, 1377.08
1775294175, 2949, 57, 400, 0, 0, 0.54%, 1, 0, 5, 1435.21
1775294180, 2949, 86, 400, 0, 0, 0.54%, 1, 0, 5, 1447.01
1775294185, 2949, 158, 400, 0, 0, 0.54%, 1, 0, 5, 1501.50
1775294190, 2949, 304, 400, 0, 0, 0.54%, 1, 0, 5, 1434.51
1775294195, 2950, 31, 400, 0, 0, 0.54%, 1, 0, 5, 1342.28
1775294200, 2950, 83, 400, 0, 0, 0.54%, 1, 0, 5, 1556.20
1775294205, 2950, 123, 400, 0, 0, 0.54%, 1, 0, 5, 1696.17
1775294211, 2950, 208, 400, 0, 0, 0.54%, 1, 0, 5, 1516.64
1775294216, 2950, 313, 400, 0, 0, 0.54%, 1, 0, 5, 1399.44
1775294221, 2951, 1, 400, 0, 0, 0.54%, 1, 0, 5, 1288.90
1775294226, 2951, 57, 400, 0, 0, 0.54%, 1, 0, 5, 1436.28
1775294231, 2951, 88, 400, 0, 0, 0.54%, 1, 0, 5, 1574.77
1775294236, 2951, 140, 400, 0, 0, 0.54%, 1, 0, 5, 1558.52
1775294241, 2951, 330, 400, 0, 0, 0.54%, 1, 0, 5, 1372.47
1775294246, 2952, 50, 400, 0, 0, 0.54%, 1, 0, 5, 1411.29
1775294251, 2952, 88, 400, 0, 0, 0.54%, 1, 0, 5, 1499.83
1775294257, 2952, 193, 400, 0, 0, 0.54%, 1, 0, 5, 1546.15
1775294262, 2952, 287, 400, 0, 0, 0.54%, 1, 0, 5, 1400.52
1775294267, 2952, 333, 400, 0, 0, 0.54%, 1, 0, 5, 1411.59
1775294272, 2953, 57, 400, 0, 0, 0.54%, 1, 0, 5, 1510.20
1775294277, 2953, 88, 400, 0, 0, 0.54%, 1, 0, 5, 1429.36
1775294282, 2953, 158, 400, 0, 0, 0.54%, 1, 0, 5, 1452.18
1775294287, 2953, 275, 400, 0, 0, 0.54%, 1, 0, 5, 1493.76
1775294292, 2953, 342, 400, 0, 0, 0.54%, 1, 0, 5, 1403.63
1775294298, 2954, 49, 400, 0, 0, 0.54%, 1, 0, 5, 1527.90
1775294303, 2954, 86, 400, 0, 0, 0.54%, 1, 0, 5, 1569.80
1775294308, 2954, 120, 400, 0, 0, 0.54%, 1, 0, 5, 1512.88
1775294313, 2954, 164, 400, 0, 0, 0.54%, 1, 0, 5, 1494.47
1775294318, 2954, 307, 400, 0, 0, 0.54%, 1, 0, 5, 1491.81
1775294323, 2955, 17, 400, 0, 0, 0.54%, 1, 0, 5, 1479.49
1775294328, 2955, 60, 400, 0, 0, 0.54%, 1, 0, 5, 1398.81
1775294333, 2955, 88, 400, 0, 0, 0.54%, 1, 0, 5, 1494.38
1775294338, 2955, 158, 400, 0, 0, 0.54%, 1, 0, 5, 1482.11
1775294343, 2955, 308, 400, 0, 0, 0.54%, 1, 0, 5, 1399.74
1775294348, 2956, 20, 400, 0, 0, 0.54%, 1, 0, 5, 1350.49
1775294353, 2956, 72, 400, 0, 0, 0.54%, 1, 0, 5, 1468.38
1775294359, 2956, 88, 400, 0, 0, 0.54%, 1, 0, 5, 1543.39
1775294364, 2956, 148, 400, 0, 0, 0.54%, 1, 0, 5, 1360.82
1775294369, 2956, 293, 400, 0, 0, 0.54%, 1, 0, 5, 1408.23
1775294374, 2956, 361, 400, 0, 0, 0.54%, 1, 0, 5, 1428.44
1775294379, 2957, 51, 400, 0, 0, 0.54%, 1, 0, 5, 1512.01
1775294384, 2957, 88, 400, 0, 0, 0.54%, 1, 0, 5, 1632.05
1775294389, 2957, 180, 400, 0, 0, 0.54%, 1, 0, 5, 1532.74
1775294394, 2957, 234, 400, 0, 0, 0.54%, 1, 0, 5, 1551.80
1775294399, 2957, 312, 400, 0, 0, 0.54%, 1, 0, 5, 1442.98
1775294404, 2958, 51, 400, 0, 0, 0.54%, 1, 0, 5, 1638.93
1775294409, 2958, 88, 400, 0, 0, 0.54%, 1, 0, 5, 1475.37
1775294414, 2958, 158, 400, 0, 0, 0.54%, 1, 0, 5, 1541.61
1775294420, 2958, 267, 400, 0, 0, 0.54%, 1, 0, 5, 1492.88
1775294425, 2958, 346, 400, 0, 0, 0.54%, 1, 0, 5, 1370.31
1775294430, 2959, 62, 400, 0, 0, 0.54%, 1, 0, 5, 1564.47
1775294435, 2959, 86, 400, 0, 0, 0.54%, 1, 0, 5, 1533.85
1775294440, 2959, 130, 400, 0, 0, 0.54%, 1, 0, 5, 1496.90
1775294445, 2959, 176, 400, 0, 0, 0.54%, 1, 0, 5, 1436.45
1775294450, 2959, 314, 400, 0, 0, 0.54%, 1, 0, 5, 1378.31
1775294455, 2960, 48, 400, 0, 0, 0.54%, 1, 0, 5, 1399.78
1775294461, 2960, 80, 400, 0, 0, 0.54%, 1, 0, 5, 1613.37
1775294466, 2960, 106, 400, 0, 0, 0.54%, 1, 0, 5, 1463.20
1775294471, 2960, 260, 400, 0, 0, 0.54%, 1, 0, 5, 1481.35
1775294476, 2960, 283, 400, 0, 0, 0.54%, 1, 0, 5, 1347.25
1775294481, 2960, 318, 400, 0, 0, 0.54%, 1, 0, 5, 1480.48
1775294486, 2961, 41, 400, 0, 0, 0.54%, 1, 0, 5, 1499.85
1775294491, 2961, 86, 400, 0, 0, 0.54%, 1, 0, 5, 1551.89
1775294496, 2961, 106, 400, 0, 0, 0.54%, 1, 0, 5, 1440.05
1775294501, 2961, 176, 400, 0, 0, 0.54%, 1, 0, 5, 1383.49
1775294506, 2961, 287, 400, 0, 0, 0.54%, 1, 0, 5, 1361.25
1775294511, 2961, 398, 400, 0, 0, 0.54%, 1, 0, 5, 1343.37
1775294516, 2962, 57, 400, 0, 0, 0.54%, 1, 0, 5, 1437.80
1775294522, 2962, 86, 400, 0, 0, 0.54%, 1, 0, 5, 1382.11
1775294527, 2962, 108, 400, 0, 0, 0.54%, 1, 0, 5, 1317.30
1775294532, 2962, 194, 400, 0, 0, 0.54%, 1, 0, 5, 1457.71
1775294537, 2962, 334, 400, 0, 0, 0.54%, 1, 0, 5, 1449.78
1775294542, 2963, 73, 400, 0, 0, 0.54%, 1, 0, 5, 1511.97
1775294547, 2963, 106, 400, 0, 0, 0.54%, 1, 0, 5, 1542.64
1775294552, 2963, 158, 400, 0, 0, 0.54%, 1, 0, 5, 1745.09
1775294558, 2963, 275, 400, 0, 0, 0.54%, 1, 0, 5, 1560.20
1775294563, 2963, 377, 400, 0, 0, 0.54%, 1, 0, 5, 1509.37
1775294568, 2964, 64, 400, 0, 0, 0.54%, 1, 0, 5, 1469.37
1775294573, 2964, 86, 400, 0, 0, 0.54%, 1, 0, 5, 1535.44
1775294578, 2964, 106, 400, 0, 0, 0.54%, 1, 0, 5, 1408.75
1775294583, 2964, 214, 400, 0, 0, 0.54%, 1, 0, 5, 1497.86
1775294588, 2964, 304, 400, 0, 0, 0.54%, 1, 0, 5, 1533.57
1775294593, 2965, 51, 400, 0, 0, 0.54%, 1, 0, 5, 1524.18
1775294598, 2965, 83, 400, 0, 0, 0.54%, 1, 0, 5, 1491.04
1775294603, 2965, 112, 400, 0, 0, 0.54%, 1, 0, 5, 1475.99
1775294609, 2965, 171, 400, 0, 0, 0.54%, 1, 0, 5, 1407.30
1775294614, 2965, 273, 400, 0, 0, 0.54%, 1, 0, 5, 1455.55
1775294619, 2965, 337, 400, 0, 0, 0.54%, 1, 0, 5, 1393.44
1775294624, 2966, 12, 400, 0, 0, 0.54%, 1, 0, 5, 1362.65
1775294629, 2966, 73, 400, 0, 0, 0.54%, 1, 0, 5, 1454.40
1775294634, 2966, 94, 400, 0, 0, 0.54%, 1, 0, 5, 1413.46
1775294639, 2966, 158, 400, 0, 0, 0.54%, 1, 0, 5, 1415.16
1775294644, 2966, 304, 400, 0, 0, 0.54%, 1, 0, 5, 1400.61
1775294649, 2966, 356, 400, 0, 0, 0.54%, 1, 0, 5, 1319.80
1775294654, 2967, 57, 400, 0, 0, 0.54%, 1, 0, 5, 1469.79
1775294660, 2967, 86, 400, 0, 0, 0.54%, 1, 0, 5, 1497.34
1775294665, 2967, 158, 400, 0, 0, 0.54%, 1, 0, 5, 1566.23
1775294670, 2967, 268, 400, 0, 0, 0.54%, 1, 0, 5, 1576.53
1775294675, 2967, 337, 400, 0, 0, 0.54%, 1, 0, 5, 1297.42
1775294680, 2968, 68, 400, 0, 0, 0.54%, 1, 0, 5, 1501.35
1775294685, 2968, 88, 400, 0, 0, 0.54%, 1, 0, 5, 1486.66
1775294690, 2968, 158, 400, 0, 0, 0.54%, 1, 0, 5, 1520.88
1775294695, 2968, 333, 400, 0, 0, 0.54%, 1, 0, 5, 1433.63
1775294700, 2969, 10, 400, 0, 0, 0.54%, 1, 0, 5, 1339.82
1775294706, 2969, 83, 400, 0, 0, 0.54%, 1, 0, 5, 1410.41
1775294711, 2969, 122, 400, 0, 0, 0.54%, 1, 0, 5, 1497.90
1775294716, 2969, 256, 400, 0, 0, 0.54%, 1, 0, 5, 1522.52
1775294721, 2969, 333, 400, 0, 0, 0.54%, 1, 0, 5, 1455.67
1775294726, 2970, 86, 400, 0, 0, 0.54%, 1, 0, 5, 1565.81
1775294731, 2970, 137, 400, 0, 0, 0.54%, 1, 0, 5, 1553.52
1775294736, 2970, 274, 400, 0, 0, 0.54%, 1, 0, 5, 1497.60
1775294741, 2970, 337, 400, 0, 0, 0.54%, 1, 0, 5, 1361.44
1775294746, 2971, 57, 400, 0, 0, 0.54%, 1, 0, 5, 1404.51
1775294752, 2971, 93, 400, 0, 0, 0.54%, 1, 0, 5, 1491.24
1775294757, 2971, 176, 400, 0, 0, 0.54%, 1, 0, 5, 1416.63
1775294762, 2971, 341, 400, 0, 0, 0.54%, 1, 0, 5, 1340.17
1775294767, 2972, 69, 400, 0, 0, 0.54%, 1, 0, 5, 1407.15
1775294772, 2972, 93, 400, 0, 0, 0.54%, 1, 0, 5, 1540.06
1775294777, 2972, 223, 400, 0, 0, 0.54%, 1, 0, 5, 1420.28
1775294782, 2972, 304, 400, 0, 0, 0.54%, 1, 0, 5, 1444.05
1775294787, 2972, 366, 400, 0, 0, 0.54%, 1, 0, 5, 1335.51
1775294793, 2973, 60, 400, 0, 0, 0.54%, 1, 0, 5, 1395.06
1775294798, 2973, 88, 400, 0, 0, 0.54%, 1, 0, 5, 1434.28
1775294803, 2973, 157, 400, 0, 0, 0.54%, 1, 0, 5, 1512.26
1775294808, 2973, 202, 400, 0, 0, 0.54%, 1, 0, 5, 1460.13
1775294813, 2973, 312, 400, 0, 0, 0.54%, 1, 0, 5, 1468.89
1775294818, 2974, 30, 400, 0, 0, 0.54%, 1, 0, 5, 1443.63
1775294823, 2974, 83, 400, 0, 0, 0.54%, 1, 0, 5, 1450.96
1775294828, 2974, 106, 400, 0, 0, 0.54%, 1, 0, 5, 1513.93
1775294833, 2974, 311, 400, 0, 0, 0.54%, 1, 0, 5, 1477.66
1775294838, 2975, 40, 400, 0, 0, 0.54%, 1, 0, 5, 1359.46
1775294844, 2975, 86, 400, 0, 0, 0.54%, 1, 0, 5, 1396.31
1775294849, 2975, 121, 400, 0, 0, 0.54%, 1, 0, 5, 1461.04
1775294854, 2975, 220, 400, 0, 0, 0.54%, 1, 0, 5, 1484.59
1775294859, 2975, 333, 400, 0, 0, 0.54%, 1, 0, 5, 1351.53
1775294864, 2976, 53, 400, 0, 0, 0.54%, 1, 0, 5, 1382.91
1775294869, 2976, 73, 400, 0, 0, 0.54%, 1, 0, 5, 1324.79
1775294874, 2976, 106, 400, 0, 0, 0.54%, 1, 0, 5, 1436.35
1775294879, 2976, 172, 400, 0, 0, 0.54%, 1, 0, 5, 1399.45
1775294884, 2976, 330, 400, 0, 0, 0.54%, 1, 0, 5, 1369.79
1775294889, 2977, 3, 400, 0, 0, 0.54%, 1, 0, 5, 1414.36
1775294895, 2977, 78, 400, 0, 0, 0.54%, 1, 0, 5, 1381.97
1775294900, 2977, 101, 400, 0, 0, 0.54%, 1, 0, 5, 1503.48
1775294905, 2977, 158, 400, 0, 0, 0.54%, 1, 0, 5, 1539.72
1775294910, 2977, 221, 400, 0, 0, 0.54%, 1, 0, 5, 1416.97
1775294915, 2977, 304, 400, 0, 0, 0.54%, 1, 0, 5, 1489.44
1775294920, 2977, 357, 400, 0, 0, 0.54%, 1, 0, 5, 1365.69
1775294925, 2978, 29, 400, 0, 0, 0.54%, 1, 0, 5, 1430.13
1775294930, 2978, 88, 400, 0, 0, 0.54%, 1, 0, 5, 1607.31
1775294935, 2978, 223, 400, 0, 0, 0.54%, 1, 0, 5, 1468.14
1775294940, 2978, 312, 400, 0, 0, 0.54%, 1, 0, 5, 1435.71
1775294946, 2979, 51, 400, 0, 0, 0.54%, 1, 0, 5, 1514.85
1775294951, 2979, 83, 400, 0, 0, 0.54%, 1, 0, 5, 1499.59
1775294956, 2979, 104, 400, 0, 0, 0.54%, 1, 0, 5, 1493.45
1775294961, 2979, 229, 400, 0, 0, 0.54%, 1, 0, 5, 1543.01
1775294966, 2979, 333, 400, 0, 0, 0.54%, 1, 0, 5, 1457.42
1775294971, 2980, 51, 400, 0, 0, 0.54%, 1, 0, 5, 1397.87
1775294976, 2980, 88, 400, 0, 0, 0.54%, 1, 0, 5, 1477.00
1775294981, 2980, 151, 400, 0, 0, 0.54%, 1, 0, 5, 1475.84
1775294986, 2980, 277, 400, 0, 0, 0.54%, 1, 0, 5, 1434.71
1775294991, 2981, 9, 400, 0, 0, 0.54%, 1, 0, 5, 1378.46
1775294996, 2981, 73, 400, 0, 0, 0.54%, 1, 0, 5, 1524.18
1775295001, 2981, 93, 400, 0, 0, 0.54%, 1, 0, 5, 1550.49
1775295006, 2981, 235, 400, 0, 0, 0.54%, 1, 0, 5, 1430.19
1775295011, 2981, 312, 400, 0, 0, 0.54%, 1, 0, 5, 1424.24
1775295017, 2982, 14, 400, 0, 0, 0.54%, 1, 0, 5, 1356.17
1775295022, 2982, 83, 400, 0, 0, 0.54%, 1, 0, 5, 1521.69
1775295027, 2982, 106, 400, 0, 0, 0.54%, 1, 0, 5, 1516.49
1775295032, 2982, 139, 400, 0, 0, 0.54%, 1, 0, 5, 1381.12
1775295037, 2982, 304, 400, 0, 0, 0.54%, 1, 0, 5, 1380.90
1775295042, 2983, 17, 400, 0, 0, 0.54%, 1, 0, 5, 1453.58
1775295047, 2983, 83, 400, 0, 0, 0.54%, 1, 0, 5, 1604.46
1775295052, 2983, 158, 400, 0, 0, 0.54%, 1, 0, 5, 1444.32
1775295057, 2983, 289, 400, 0, 0, 0.54%, 1, 0, 5, 1506.93
1775295062, 2984, 19, 400, 0, 0, 0.54%, 1, 0, 5, 1438.21
1775295068, 2984, 73, 400, 0, 0, 0.54%, 1, 0, 5, 1523.70
1775295073, 2984, 158, 400, 0, 0, 0.54%, 1, 0, 5, 1498.99
1775295078, 2984, 231, 400, 0, 0, 0.54%, 1, 0, 5, 1491.90
1775295083, 2984, 273, 400, 0, 0, 0.54%, 1, 0, 5, 1417.52
1775295088, 2984, 348, 400, 0, 0, 0.54%, 1, 0, 5, 1300.37
1775295093, 2985, 12, 400, 0, 0, 0.54%, 1, 0, 5, 1430.45
1775295098, 2985, 78, 400, 0, 0, 0.54%, 1, 0, 5, 1476.66
1775295103, 2985, 95, 400, 0, 0, 0.54%, 1, 0, 5, 1456.88
1775295108, 2985, 178, 400, 0, 0, 0.54%, 1, 0, 5, 1485.86
1775295113, 2985, 231, 400, 0, 0, 0.54%, 1, 0, 5, 1451.57
1775295118, 2985, 320, 400, 0, 0, 0.54%, 1, 0, 5, 1466.89
1775295123, 2986, 28, 400, 0, 0, 0.54%, 1, 0, 5, 1262.30
1775295128, 2986, 75, 400, 0, 0, 0.54%, 1, 0, 5, 1410.53
1775295134, 2986, 88, 400, 0, 0, 0.54%, 1, 0, 5, 1317.70
1775295139, 2986, 151, 400, 0, 0, 0.54%, 1, 0, 5, 1496.37
1775295144, 2986, 287, 400, 0, 0, 0.54%, 1, 0, 5, 1464.64
1775295149, 2986, 395, 400, 0, 0, 0.54%, 1, 0, 5, 1338.77
1775295154, 2987, 57, 400, 0, 0, 0.54%, 1, 0, 5, 1426.81
1775295159, 2987, 86, 400, 0, 0, 0.54%, 1, 0, 5, 1497.42
1775295164, 2987, 150, 400, 0, 0, 0.54%, 1, 0, 5, 1456.31
1775295169, 2987, 279, 400, 0, 0, 0.54%, 1, 0, 5, 1545.68
1775295174, 2987, 337, 400, 0, 0, 0.54%, 1, 0, 5, 1421.14
1775295179, 2988, 55, 400, 0, 0, 0.54%, 1, 0, 5, 1385.65
1775295184, 2988, 83, 400, 0, 0, 0.54%, 1, 0, 5, 1432.59
1775295190, 2988, 107, 400, 0, 0, 0.54%, 1, 0, 5, 1408.16
1775295195, 2988, 253, 400, 0, 0, 0.54%, 1, 0, 5, 1426.81
1775295200, 2988, 333, 400, 0, 0, 0.54%, 1, 0, 5, 1337.54
1775295205, 2989, 22, 400, 0, 0, 0.54%, 1, 0, 5, 1401.14
1775295210, 2989, 73, 400, 0, 0, 0.54%, 1, 0, 5, 1634.86
1775295215, 2989, 106, 400, 0, 0, 0.54%, 1, 0, 5, 1672.39
1775295220, 2989, 231, 400, 0, 0, 0.54%, 1, 0, 5, 1569.10
1775295225, 2989, 312, 400, 0, 0, 0.54%, 1, 0, 5, 1482.11
1775295230, 2990, 40, 400, 0, 0, 0.54%, 1, 0, 5, 1491.50
1775295235, 2990, 86, 400, 0, 0, 0.54%, 1, 0, 5, 1575.68
1775295240, 2990, 158, 400, 0, 0, 0.54%, 1, 0, 5, 1469.08
1775295245, 2990, 208, 400, 0, 0, 0.54%, 1, 0, 5, 1391.82
1775295250, 2990, 282, 400, 0, 0, 0.54%, 1, 0, 5, 1480.82
1775295256, 2990, 327, 400, 0, 0, 0.54%, 1, 0, 5, 1443.85
1775295261, 2991, 2, 400, 0, 0, 0.54%, 1, 0, 5, 1391.49
1775295266, 2991, 83, 400, 0, 0, 0.54%, 1, 0, 5, 1213.77
1775295271, 2991, 125, 400, 0, 0, 0.54%, 1, 0, 5, 1436.59
1775295276, 2991, 202, 400, 0, 0, 0.54%, 1, 0, 5, 1481.72
1775295281, 2991, 302, 400, 0, 0, 0.54%, 1, 0, 5, 1423.13
1775295286, 2992, 24, 400, 0, 0, 0.54%, 1, 0, 5, 1343.29
1775295291, 2992, 68, 400, 0, 0, 0.54%, 1, 0, 5, 1574.82
1775295297, 2992, 99, 400, 0, 0, 0.54%, 1, 0, 5, 1552.51
1775295302, 2992, 173, 400, 0, 0, 0.54%, 1, 0, 5, 273.50
1775295307, 2992, 288, 400, 0, 0, 0.54%, 1, 0, 5, 1137.23
1775295312, 2992, 326, 400, 0, 0, 0.54%, 1, 0, 5, 1317.00
1775295317, 2993, 57, 400, 0, 0, 0.54%, 1, 0, 5, 1330.24
1775295322, 2993, 86, 400, 0, 0, 0.54%, 1, 0, 5, 1306.17
1775295327, 2993, 120, 400, 0, 0, 0.54%, 1, 0, 5, 1447.46
1775295332, 2993, 255, 400, 0, 0, 0.54%, 1, 0, 5, 1506.40
1775295337, 2994, 50, 400, 0, 0, 0.54%, 1, 0, 5, 1450.39
1775295343, 2994, 86, 400, 0, 0, 0.54%, 1, 0, 5, 1565.65
1775295348, 2994, 152, 400, 0, 0, 0.54%, 1, 0, 5, 1471.63
1775295353, 2994, 240, 400, 0, 0, 0.54%, 1, 0, 5, 1372.67
1775295358, 2994, 312, 400, 0, 0, 0.54%, 1, 0, 5, 1351.52
1775295363, 2995, 51, 400, 0, 0, 0.54%, 1, 0, 5, 1463.03
1775295368, 2995, 93, 400, 0, 0, 0.54%, 1, 0, 5, 1478.63
1775295373, 2995, 148, 400, 0, 0, 0.54%, 1, 0, 5, 1511.72
1775295378, 2995, 312, 400, 0, 0, 0.54%, 1, 0, 5, 1417.86
1775295383, 2996, 51, 400, 0, 0, 0.54%, 1, 0, 5, 1364.62
1775295388, 2996, 88, 400, 0, 0, 0.54%, 1, 0, 5, 1538.71
1775295393, 2996, 172, 400, 0, 0, 0.54%, 1, 0, 5, 1501.82
1775295399, 2996, 312, 400, 0, 0, 0.54%, 1, 0, 5, 1482.61
1775295404, 2997, 51, 400, 0, 0, 0.54%, 1, 0, 5, 1566.57
1775295409, 2997, 87, 400, 0, 0, 0.54%, 1, 0, 5, 1462.47
1775295414, 2997, 154, 400, 0, 0, 0.54%, 1, 0, 5, 1453.44
1775295419, 2997, 304, 400, 0, 0, 0.54%, 1, 0, 5, 1545.61
1775295424, 2997, 360, 400, 0, 0, 0.54%, 1, 0, 5, 1419.68
1775295429, 2998, 44, 400, 0, 0, 0.54%, 1, 0, 5, 1498.20
1775295434, 2998, 83, 400, 0, 0, 0.54%, 1, 0, 5, 1487.46
1775295440, 2998, 147, 400, 0, 0, 0.54%, 1, 0, 5, 1494.98
1775295445, 2998, 242, 400, 0, 0, 0.54%, 1, 0, 5, 1424.52
1775295450, 2998, 337, 400, 0, 0, 0.54%, 1, 0, 5, 1288.69
1775295455, 2999, 46, 400, 0, 0, 0.54%, 1, 0, 5, 1512.20
1775295460, 2999, 86, 400, 0, 0, 0.54%, 1, 0, 5, 1336.41
1775295465, 2999, 166, 400, 0, 0, 0.54%, 1, 0, 5, 1506.97
1775295470, 2999, 243, 400, 0, 0, 0.54%, 1, 0, 5, 764.64
1775295475, 2999, 337, 400, 0, 0, 0.54%, 1, 0, 5, 1238.42
1775295480, 3000, 83, 400, 0, 0, 0.54%, 1, 0, 5, 1486.52
1775295485, 3000, 106, 400, 0, 0, 0.54%, 1, 0, 5, 1699.83
1775295490, 3000, 188, 400, 0, 0, 0.54%, 1, 0, 5, 1512.41
1775295496, 3000, 282, 400, 0, 0, 0.54%, 1, 0, 5, 1397.70
1775295501, 3000, 318, 400, 0, 0, 0.54%, 1, 0, 5, 1399.53
1775295506, 3001, 60, 400, 0, 0, 0.54%, 1, 0, 5, 1439.63
1775295511, 3001, 88, 400, 0, 0, 0.54%, 1, 0, 5, 1468.22
1775295516, 3001, 146, 400, 0, 0, 0.54%, 1, 0, 5, 1368.74
1775295521, 3001, 191, 400, 0, 0, 0.54%, 1, 0, 5, 213.77
1775295526, 3001, 318, 400, 0, 0, 0.54%, 1, 0, 5, 1454.15
1775295532, 3002, 51, 400, 0, 0, 0.54%, 1, 0, 5, 1419.98
1775295537, 3002, 83, 400, 0, 0, 0.54%, 1, 0, 5, 1424.01
1775295542, 3002, 112, 400, 0, 0, 0.54%, 1, 0, 5, 1426.51
1775295547, 3002, 203, 400, 0, 0, 0.54%, 1, 0, 5, 1423.82
1775295552, 3002, 277, 400, 0, 0, 0.54%, 1, 0, 5, 1410.65
1775295557, 3002, 313, 400, 0, 0, 0.54%, 1, 0, 5, 1468.24
1775295562, 3003, 1, 400, 0, 0, 0.54%, 1, 0, 5, 1257.29
1775295567, 3003, 83, 400, 0, 0, 0.54%, 1, 0, 5, 1536.68
1775295572, 3003, 106, 400, 0, 0, 0.54%, 1, 0, 5, 1723.41
1775295577, 3003, 165, 400, 0, 0, 0.54%, 1, 0, 5, 1540.09
1775295582, 3003, 245, 400, 0, 0, 0.54%, 1, 0, 5, 1415.85
1775295587, 3003, 323, 400, 0, 0, 0.54%, 1, 0, 5, 1349.98
1775295592, 3004, 55, 400, 0, 0, 0.54%, 1, 0, 5, 1368.53
1775295598, 3004, 88, 400, 0, 0, 0.54%, 1, 0, 5, 1442.70
1775295603, 3004, 185, 400, 0, 0, 0.54%, 1, 0, 5, 1492.31
1775295608, 3004, 295, 400, 0, 0, 0.54%, 1, 0, 5, 1418.39
1775295613, 3004, 349, 400, 0, 0, 0.54%, 1, 0, 5, 1403.39
1775295618, 3005, 48, 400, 0, 0, 0.54%, 1, 0, 5, 964.79
1775295623, 3005, 77, 400, 0, 0, 0.54%, 1, 0, 5, 1431.43
1775295628, 3005, 106, 400, 0, 0, 0.54%, 1, 0, 5, 1560.54
1775295633, 3005, 156, 400, 0, 0, 0.54%, 1, 0, 5, 1427.35
1775295638, 3005, 203, 400, 0, 0, 0.54%, 1, 0, 5, 1533.42
1775295644, 3005, 236, 400, 0, 0, 0.54%, 1, 0, 5, 1667.33
1775295649, 3005, 358, 400, 0, 0, 0.54%, 1, 0, 5, 1406.23
1775295654, 3006, 18, 400, 0, 0, 0.54%, 1, 0, 5, 1447.62
1775295659, 3006, 86, 400, 0, 0, 0.54%, 1, 0, 5, 1495.35
1775295664, 3006, 158, 400, 0, 0, 0.54%, 1, 0, 5, 1547.38
1775295669, 3006, 261, 400, 0, 0, 0.54%, 1, 0, 5, 1415.05
1775295674, 3006, 312, 400, 0, 0, 0.54%, 1, 0, 5, 850.43
1775295679, 3007, 73, 400, 0, 0, 0.54%, 1, 0, 5, 1337.78
1775295684, 3007, 106, 400, 0, 0, 0.54%, 1, 0, 5, 1444.84
1775295689, 3007, 209, 400, 0, 0, 0.54%, 1, 0, 5, 1482.12
1775295695, 3007, 281, 400, 0, 0, 0.54%, 1, 0, 5, 1388.94
1775295700, 3007, 349, 400, 0, 0, 0.54%, 1, 0, 5, 1364.16
1775295705, 3008, 58, 400, 0, 0, 0.54%, 1, 0, 5, 1448.95
1775295710, 3008, 88, 400, 0, 0, 0.54%, 1, 0, 5, 1639.97
1775295715, 3008, 150, 400, 0, 0, 0.54%, 1, 0, 5, 1478.78
1775295720, 3008, 210, 400, 0, 0, 0.54%, 1, 0, 5, 1323.85
1775295725, 3008, 266, 400, 0, 0, 0.54%, 1, 0, 5, 1435.31
1775295730, 3008, 333, 400, 0, 0, 0.54%, 1, 0, 5, 1510.97
1775295735, 3009, 32, 400, 0, 0, 0.54%, 1, 0, 5, 1504.73
1775295741, 3009, 83, 400, 0, 0, 0.54%, 1, 0, 5, 1479.62
1775295746, 3009, 115, 400, 0, 0, 0.54%, 1, 0, 5, 1497.57
1775295751, 3009, 292, 400, 0, 0, 0.54%, 1, 0, 5, 1424.70
1775295756, 3009, 393, 400, 0, 0, 0.54%, 1, 0, 5, 1526.66
1775295761, 3010, 58, 400, 0, 0, 0.54%, 1, 0, 5, 1547.24
1775295766, 3010, 93, 400, 0, 0, 0.54%, 1, 0, 5, 1563.70
1775295771, 3010, 178, 400, 0, 0, 0.54%, 1, 0, 5, 1520.42
1775295776, 3010, 278, 400, 0, 0, 0.54%, 1, 0, 5, 1516.25
1775295781, 3010, 330, 400, 0, 0, 0.54%, 1, 0, 5, 1464.41
1775295786, 3011, 18, 400, 0, 0, 0.54%, 1, 0, 5, 1415.71
1775295791, 3011, 82, 400, 0, 0, 0.54%, 1, 0, 5, 1528.73
1775295797, 3011, 114, 400, 0, 0, 0.54%, 1, 0, 5, 1484.10
1775295802, 3011, 260, 400, 0, 0, 0.54%, 1, 0, 5, 1496.43
1775295807, 3011, 337, 400, 0, 0, 0.54%, 1, 0, 5, 1467.38
1775295812, 3012, 59, 400, 0, 0, 0.54%, 1, 0, 5, 1371.62
1775295817, 3012, 90, 400, 0, 0, 0.54%, 1, 0, 5, 1488.01
1775295822, 3012, 206, 400, 0, 0, 0.54%, 1, 0, 5, 1491.98
1775295827, 3012, 332, 400, 0, 0, 0.54%, 1, 0, 5, 1272.85
1775295833, 3012, 396, 400, 0, 0, 0.54%, 1, 0, 5, 1428.51
1775295838, 3013, 47, 400, 0, 0, 0.54%, 1, 0, 5, 1577.69
1775295843, 3013, 83, 400, 0, 0, 0.54%, 1, 0, 5, 1522.66
1775295848, 3013, 158, 400, 0, 0, 0.54%, 1, 0, 5, 1494.64
1775295853, 3013, 260, 400, 0, 0, 0.54%, 1, 0, 5, 1555.58
1775295858, 3013, 311, 400, 0, 0, 0.54%, 1, 0, 5, 1425.70
1775295863, 3013, 398, 400, 0, 0, 0.54%, 1, 0, 5, 1426.76
1775295868, 3014, 72, 400, 0, 0, 0.54%, 1, 0, 5, 1413.42
1775295874, 3014, 86, 400, 0, 0, 0.54%, 1, 0, 5, 1496.42
1775295879, 3014, 110, 400, 0, 0, 0.54%, 1, 0, 5, 1504.85
1775295884, 3014, 158, 400, 0, 0, 0.54%, 1, 0, 5, 1458.29
1775295889, 3014, 196, 400, 0, 0, 0.54%, 1, 0, 5, 1572.09
1775295894, 3014, 291, 400, 0, 0, 0.54%, 1, 0, 5, 1406.24
1775295899, 3014, 337, 400, 0, 0, 0.54%, 1, 0, 5, 1440.64
1775295904, 3015, 17, 400, 0, 0, 0.54%, 1, 0, 5, 1467.64
1775295909, 3015, 57, 400, 0, 0, 0.54%, 1, 0, 5, 1377.60
1775295914, 3015, 88, 400, 0, 0, 0.54%, 1, 0, 5, 1472.80
1775295919, 3015, 123, 400, 0, 0, 0.54%, 1, 0, 5, 1441.55
1775295924, 3015, 216, 400, 0, 0, 0.54%, 1, 0, 5, 1418.02
1775295929, 3015, 312, 400, 0, 0, 0.54%, 1, 0, 5, 1454.34
1775295935, 3016, 51, 400, 0, 0, 0.54%, 1, 0, 5, 1399.88
1775295940, 3016, 88, 400, 0, 0, 0.54%, 1, 0, 5, 1443.74
1775295945, 3016, 171, 400, 0, 0, 0.54%, 1, 0, 5, 1395.84
1775295950, 3016, 276, 400, 0, 0, 0.54%, 1, 0, 5, 1365.50
1775295955, 3016, 332, 400, 0, 0, 0.54%, 1, 0, 5, 1334.41
1775295960, 3017, 51, 400, 0, 0, 0.54%, 1, 0, 5, 1342.12
1775295965, 3017, 86, 400, 0, 0, 0.54%, 1, 0, 5, 1482.53
1775295970, 3017, 106, 400, 0, 0, 0.54%, 1, 0, 5, 1254.88
1775295975, 3017, 202, 400, 0, 0, 0.54%, 1, 0, 5, 1544.12
1775295981, 3017, 267, 400, 0, 0, 0.54%, 1, 0, 5, 1411.93
1775295986, 3018, 5, 400, 0, 0, 0.54%, 1, 0, 5, 1289.97
1775295991, 3018, 83, 400, 0, 0, 0.54%, 1, 0, 5, 1427.15
1775295996, 3018, 137, 400, 0, 0, 0.54%, 1, 0, 5, 1540.87
1775296001, 3018, 176, 400, 0, 0, 0.54%, 1, 0, 5, 1435.49
1775296006, 3018, 282, 400, 0, 0, 0.54%, 1, 0, 5, 1539.82
1775296011, 3018, 341, 400, 0, 0, 0.54%, 1, 0, 5, 1375.27
1775296017, 3019, 57, 400, 0, 0, 0.54%, 1, 0, 5, 1457.50
1775296022, 3019, 83, 400, 0, 0, 0.54%, 1, 0, 5, 1567.64
1775296027, 3019, 158, 400, 0, 0, 0.54%, 1, 0, 5, 1300.92
1775296032, 3019, 235, 400, 0, 0, 0.54%, 1, 0, 5, 1402.78
1775296037, 3019, 307, 400, 0, 0, 0.54%, 1, 0, 5, 1393.75
1775296042, 3019, 352, 400, 0, 0, 0.54%, 1, 0, 5, 1348.19
1775296047, 3020, 51, 400, 0, 0, 0.54%, 1, 0, 5, 1519.64
1775296052, 3020, 73, 400, 0, 0, 0.54%, 1, 0, 5, 1553.98
1775296057, 3020, 106, 400, 0, 0, 0.54%, 1, 0, 5, 1501.46
1775296063, 3020, 162, 400, 0, 0, 0.54%, 1, 0, 5, 1461.56
1775296068, 3020, 333, 400, 0, 0, 0.54%, 1, 0, 5, 1421.08
1775296073, 3021, 73, 400, 0, 0, 0.54%, 1, 0, 5, 1369.63
1775296078, 3021, 93, 400, 0, 0, 0.54%, 1, 0, 5, 1467.56
1775296083, 3021, 168, 400, 0, 0, 0.54%, 1, 0, 5, 1448.21
1775296088, 3021, 233, 400, 0, 0, 0.54%, 1, 0, 5, 1488.80
1775296093, 3021, 307, 400, 0, 0, 0.54%, 1, 0, 5, 1442.90
1775296098, 3022, 13, 400, 0, 0, 0.54%, 1, 0, 5, 1470.40
1775296103, 3022, 84, 400, 0, 0, 0.54%, 1, 0, 5, 1585.55
1775296109, 3022, 106, 400, 0, 0, 0.54%, 1, 0, 5, 1458.94
1775296114, 3022, 251, 400, 0, 0, 0.54%, 1, 0, 5, 1545.89
1775296119, 3022, 304, 400, 0, 0, 0.54%, 1, 0, 5, 1466.60
1775296124, 3023, 32, 400, 0, 0, 0.54%, 1, 0, 5, 1487.83
1775296129, 3023, 83, 400, 0, 0, 0.54%, 1, 0, 5, 1553.16
1775296134, 3023, 131, 400, 0, 0, 0.54%, 1, 0, 5, 1496.50
1775296139, 3023, 273, 400, 0, 0, 0.54%, 1, 0, 5, 1528.74
1775296144, 3023, 321, 400, 0, 0, 0.54%, 1, 0, 5, 1432.45
1775296149, 3024, 50, 400, 0, 0, 0.54%, 1, 0, 5, 1426.00
1775296154, 3024, 86, 400, 0, 0, 0.54%, 1, 0, 5, 1496.27
1775296159, 3024, 158, 400, 0, 0, 0.54%, 1, 0, 5, 1480.42
1775296164, 3024, 279, 400, 0, 0, 0.54%, 1, 0, 5, 1521.03
1775296169, 3024, 318, 400, 0, 0, 0.54%, 1, 0, 5, 1416.48
1775296175, 3025, 7, 400, 0, 0, 0.54%, 1, 0, 5, 1309.10
1775296180, 3025, 82, 400, 0, 0, 0.54%, 1, 0, 5, 1482.20
1775296185, 3025, 95, 400, 0, 0, 0.54%, 1, 0, 5, 1513.88
1775296190, 3025, 175, 400, 0, 0, 0.54%, 1, 0, 5, 1467.18
1775296195, 3025, 242, 400, 0, 0, 0.54%, 1, 0, 5, 1448.21
1775296200, 3025, 337, 400, 0, 0, 0.54%, 1, 0, 5, 1410.00
1775296205, 3026, 66, 400, 0, 0, 0.54%, 1, 0, 5, 1497.08
1775296210, 3026, 88, 400, 0, 0, 0.54%, 1, 0, 5, 1453.50
1775296215, 3026, 197, 400, 0, 0, 0.54%, 1, 0, 5, 1476.36
1775296220, 3026, 293, 400, 0, 0, 0.54%, 1, 0, 5, 1426.43
1775296226, 3027, 46, 400, 0, 0, 0.54%, 1, 0, 5, 1368.02
1775296231, 3027, 86, 400, 0, 0, 0.54%, 1, 0, 5, 1448.97
1775296236, 3027, 107, 400, 0, 0, 0.54%, 1, 0, 5, 1393.53
1775296241, 3027, 177, 400, 0, 0, 0.54%, 1, 0, 5, 1406.60
1775296246, 3027, 323, 400, 0, 0, 0.54%, 1, 0, 5, 1484.27
1775296251, 3028, 28, 400, 0, 0, 0.54%, 1, 0, 5, 1442.42
1775296256, 3028, 61, 400, 0, 0, 0.54%, 1, 0, 5, 1444.88
1775296261, 3028, 88, 400, 0, 0, 0.54%, 1, 0, 5, 1490.03
1775296266, 3028, 106, 400, 0, 0, 0.54%, 1, 0, 5, 1349.08
1775296271, 3028, 211, 400, 0, 0, 0.54%, 1, 0, 5, 1449.17
1775296277, 3028, 284, 400, 0, 0, 0.54%, 1, 0, 5, 1348.00
1775296282, 3028, 333, 400, 0, 0, 0.54%, 1, 0, 5, 1376.23
1775296287, 3029, 60, 400, 0, 0, 0.54%, 1, 0, 5, 1270.25
1775296292, 3029, 86, 400, 0, 0, 0.54%, 1, 0, 5, 1564.95
1775296297, 3029, 119, 400, 0, 0, 0.54%, 1, 0, 5, 1522.15
1775296302, 3029, 275, 400, 0, 0, 0.54%, 1, 0, 5, 1629.19
1775296307, 3029, 333, 400, 0, 0, 0.54%, 1, 0, 5, 1316.36
1775296312, 3029, 396, 400, 0, 0, 0.54%, 1, 0, 5, 1244.96
1775296317, 3030, 18, 400, 0, 0, 0.54%, 1, 0, 5, 1421.98
1775296322, 3030, 60, 400, 0, 0, 0.54%, 1, 0, 5, 1457.13
1775296328, 3030, 87, 400, 0, 0, 0.54%, 1, 0, 5, 1476.82
1775296333, 3030, 154, 400, 0, 0, 0.54%, 1, 0, 5, 1484.49
1775296338, 3030, 247, 400, 0, 0, 0.54%, 1, 0, 5, 1576.09
1775296343, 3030, 311, 400, 0, 0, 0.54%, 1, 0, 5, 1524.13
1775296348, 3031, 10, 400, 0, 0, 0.54%, 1, 0, 5, 1462.58
1775296353, 3031, 73, 400, 0, 0, 0.54%, 1, 0, 5, 1517.79
1775296358, 3031, 119, 400, 0, 0, 0.54%, 1, 0, 5, 1634.20
1775296363, 3031, 283, 400, 0, 0, 0.54%, 1, 0, 5, 1418.98
1775296368, 3031, 373, 400, 0, 0, 0.54%, 1, 0, 5, 1332.81
1775296373, 3032, 57, 400, 0, 0, 0.54%, 1, 0, 5, 1427.41
1775296378, 3032, 91, 400, 0, 0, 0.54%, 1, 0, 5, 1600.57
1775296383, 3032, 151, 400, 0, 0, 0.54%, 1, 0, 5, 1529.51
1775296389, 3032, 210, 400, 0, 0, 0.54%, 1, 0, 5, 1469.11
1775296394, 3032, 311, 400, 0, 0, 0.54%, 1, 0, 5, 1403.31
1775296399, 3033, 41, 400, 0, 0, 0.54%, 1, 0, 5, 1467.16
1775296404, 3033, 86, 400, 0, 0, 0.54%, 1, 0, 5, 1603.31
1775296409, 3033, 158, 400, 0, 0, 0.54%, 1, 0, 5, 1487.96
1775296414, 3033, 287, 400, 0, 0, 0.54%, 1, 0, 5, 1378.01
1775296419, 3034, 50, 400, 0, 0, 0.54%, 1, 0, 5, 1337.82
1775296424, 3034, 83, 400, 0, 0, 0.54%, 1, 0, 5, 1450.64
1775296429, 3034, 102, 400, 0, 0, 0.54%, 1, 0, 5, 1547.42
1775296435, 3034, 126, 400, 0, 0, 0.54%, 1, 0, 5, 1509.08
1775296440, 3034, 173, 400, 0, 0, 0.54%, 1, 0, 5, 1449.10
1775296445, 3034, 287, 400, 0, 0, 0.54%, 1, 0, 5, 1511.47
1775296450, 3035, 25, 400, 0, 0, 0.54%, 1, 0, 5, 1515.15
1775296455, 3035, 88, 400, 0, 0, 0.54%, 1, 0, 5, 1537.02
1775296460, 3035, 116, 400, 0, 0, 0.54%, 1, 0, 5, 1500.27
1775296465, 3035, 255, 400, 0, 0, 0.54%, 1, 0, 5, 1530.88
1775296470, 3035, 337, 400, 0, 0, 0.54%, 1, 0, 5, 1431.72
1775296476, 3036, 59, 400, 0, 0, 0.54%, 1, 0, 5, 1425.32
1775296481, 3036, 93, 400, 0, 0, 0.54%, 1, 0, 5, 1384.65
1775296486, 3036, 199, 400, 0, 0, 0.54%, 1, 0, 5, 1425.27
1775296491, 3036, 304, 400, 0, 0, 0.54%, 1, 0, 5, 1385.73
1775296496, 3036, 398, 400, 0, 0, 0.54%, 1, 0, 5, 1412.65
1775296501, 3037, 59, 400, 0, 0, 0.54%, 1, 0, 5, 1451.82
1775296506, 3037, 93, 400, 0, 0, 0.54%, 1, 0, 5, 1566.79
1775296511, 3037, 198, 400, 0, 0, 0.54%, 1, 0, 5, 1535.27
1775296516, 3037, 273, 400, 0, 0, 0.54%, 1, 0, 5, 1437.84
1775296521, 3037, 326, 400, 0, 0, 0.54%, 1, 0, 5, 1491.32
1775296526, 3037, 399, 400, 0, 0, 0.54%, 1, 0, 5, 1565.91
1775296531, 3038, 83, 400, 0, 0, 0.54%, 1, 0, 5, 1563.91
1775296537, 3038, 106, 400, 0, 0, 0.54%, 1, 0, 5, 1344.32
1775296542, 3038, 235, 400, 0, 0, 0.54%, 1, 0, 5, 1493.49
1775296547, 3038, 337, 400, 0, 0, 0.54%, 1, 0, 5, 1399.90
1775296552, 3039, 23, 400, 0, 0, 0.54%, 1, 0, 5, 1358.87
1775296557, 3039, 88, 400, 0, 0, 0.54%, 1, 0, 5, 1424.08
1775296562, 3039, 158, 400, 0, 0, 0.54%, 1, 0, 5, 1483.12
1775296567, 3039, 247, 400, 0, 0, 0.54%, 1, 0, 5, 1459.37
1775296572, 3039, 384, 400, 0, 0, 0.54%, 1, 0, 5, 1281.41
1775296577, 3040, 73, 400, 0, 0, 0.54%, 1, 0, 5, 1287.81
1775296582, 3040, 93, 400, 0, 0, 0.54%, 1, 0, 5, 1469.99
1775296587, 3040, 158, 400, 0, 0, 0.54%, 1, 0, 5, 1428.34
1775296592, 3040, 201, 400, 0, 0, 0.54%, 1, 0, 5, 1416.52
1775296597, 3040, 279, 400, 0, 0, 0.54%, 1, 0, 5, 1538.73
1775296603, 3041, 7, 400, 0, 0, 0.54%, 1, 0, 5, 1503.68
1775296608, 3041, 83, 400, 0, 0, 0.54%, 1, 0, 5, 1479.39
1775296613, 3041, 106, 400, 0, 0, 0.54%, 1, 0, 5, 1509.93
1775296618, 3041, 201, 400, 0, 0, 0.54%, 1, 0, 5, 1661.01
1775296623, 3041, 287, 400, 0, 0, 0.54%, 1, 0, 5, 1550.70
1775296628, 3041, 366, 400, 0, 0, 0.54%, 1, 0, 5, 1319.61
1775296633, 3042, 57, 400, 0, 0, 0.54%, 1, 0, 5, 1436.47
1775296638, 3042, 86, 400, 0, 0, 0.54%, 1, 0, 5, 1427.18
1775296643, 3042, 142, 400, 0, 0, 0.54%, 1, 0, 5, 1461.51
1775296648, 3042, 304, 400, 0, 0, 0.54%, 1, 0, 5, 1395.77
1775296653, 3043, 51, 400, 0, 0, 0.54%, 1, 0, 5, 1437.89
1775296658, 3043, 84, 400, 0, 0, 0.54%, 1, 0, 5, 1439.98
1775296664, 3043, 116, 400, 0, 0, 0.54%, 1, 0, 5, 1438.69
1775296669, 3043, 161, 400, 0, 0, 0.54%, 1, 0, 5, 1537.59
1775296674, 3043, 304, 400, 0, 0, 0.54%, 1, 0, 5, 1364.30
1775296679, 3043, 386, 400, 0, 0, 0.54%, 1, 0, 5, 1247.07
1775296684, 3044, 15, 400, 0, 0, 0.54%, 1, 0, 5, 1255.73
1775296689, 3044, 73, 400, 0, 0, 0.54%, 1, 0, 5, 1414.02
1775296694, 3044, 107, 400, 0, 0, 0.54%, 1, 0, 5, 1410.77
1775296699, 3044, 203, 400, 0, 0, 0.54%, 1, 0, 5, 1545.96
1775296704, 3044, 304, 400, 0, 0, 0.54%, 1, 0, 5, 1366.13
1775296710, 3044, 382, 400, 0, 0, 0.54%, 1, 0, 5, 1322.60
1775296715, 3045, 49, 400, 0, 0, 0.54%, 1, 0, 5, 1450.40
1775296720, 3045, 83, 400, 0, 0, 0.54%, 1, 0, 5, 1525.14
1775296725, 3045, 119, 400, 0, 0, 0.54%, 1, 0, 5, 1436.86
1775296730, 3045, 198, 400, 0, 0, 0.54%, 1, 0, 5, 1394.78
1775296735, 3045, 258, 400, 0, 0, 0.54%, 1, 0, 5, 1423.90
1775296740, 3045, 311, 400, 0, 0, 0.54%, 1, 0, 5, 1359.22
1775296746, 3046, 34, 400, 0, 0, 0.54%, 1, 0, 5, 1325.27
1775296751, 3046, 72, 400, 0, 0, 0.54%, 1, 0, 5, 1499.43
1775296756, 3046, 93, 400, 0, 0, 0.54%, 1, 0, 5, 1474.13
1775296761, 3046, 197, 400, 0, 0, 0.54%, 1, 0, 5, 1547.33
1775296766, 3046, 304, 400, 0, 0, 0.54%, 1, 0, 5, 1480.88
1775296771, 3047, 23, 400, 0, 0, 0.54%, 1, 0, 5, 1475.63
1775296776, 3047, 64, 400, 0, 0, 0.54%, 1, 0, 5, 1544.16
1775296781, 3047, 88, 400, 0, 0, 0.54%, 1, 0, 5, 1506.06
1775296786, 3047, 235, 400, 0, 0, 0.54%, 1, 0, 5, 1500.61
1775296791, 3047, 322, 400, 0, 0, 0.54%, 1, 0, 5, 1454.13
1775296796, 3048, 1, 400, 0, 0, 0.54%, 1, 0, 5, 1351.79
1775296801, 3048, 65, 400, 0, 0, 0.54%, 1, 0, 5, 1340.96
1775296806, 3048, 86, 400, 0, 0, 0.54%, 1, 0, 5, 1505.14
1775296811, 3048, 135, 400, 0, 0, 0.54%, 1, 0, 5, 1432.72
1775296816, 3048, 225, 400, 0, 0, 0.54%, 1, 0, 5, 1574.22
1775296821, 3048, 311, 400, 0, 0, 0.54%, 1, 0, 5, 1446.10
1775296827, 3049, 51, 400, 0, 0, 0.54%, 1, 0, 5, 1315.55
1775296832, 3049, 86, 400, 0, 0, 0.54%, 1, 0, 5, 1340.29
1775296837, 3049, 106, 400, 0, 0, 0.54%, 1, 0, 5, 1422.23
1775296842, 3049, 195, 400, 0, 0, 0.54%, 1, 0, 5, 1421.55
1775296847, 3049, 287, 400, 0, 0, 0.54%, 1, 0, 5, 1465.46
1775296852, 3049, 390, 400, 0, 0, 0.54%, 1, 0, 5, 1316.40
1775296857, 3050, 73, 400, 0, 0, 0.54%, 1, 0, 5, 1249.71
1775296862, 3050, 99, 400, 0, 0, 0.54%, 1, 0, 5, 1366.17
1775296867, 3050, 158, 400, 0, 0, 0.54%, 1, 0, 5, 1386.04
1775296873, 3050, 223, 400, 0, 0, 0.54%, 1, 0, 5, 1466.88
1775296878, 3050, 348, 400, 0, 0, 0.54%, 1, 0, 5, 1399.63
1775296883, 3051, 50, 400, 0, 0, 0.54%, 1, 0, 5, 1450.73
1775296888, 3051, 83, 400, 0, 0, 0.54%, 1, 0, 5, 1440.20
1775296893, 3051, 103, 400, 0, 0, 0.54%, 1, 0, 5, 1411.36
1775296898, 3051, 158, 400, 0, 0, 0.54%, 1, 0, 5, 1494.20
1775296903, 3051, 312, 400, 0, 0, 0.54%, 1, 0, 5, 1469.34
1775296908, 3052, 19, 400, 0, 0, 0.54%, 1, 0, 5, 1368.62
1775296914, 3052, 86, 400, 0, 0, 0.54%, 1, 0, 5, 1516.66
1775296919, 3052, 136, 400, 0, 0, 0.54%, 1, 0, 5, 1503.72
1775296924, 3052, 188, 400, 0, 0, 0.54%, 1, 0, 5, 1536.94
1775296929, 3052, 228, 400, 0, 0, 0.54%, 1, 0, 5, 1148.35
1775296934, 3052, 333, 400, 0, 0, 0.54%, 1, 0, 5, 1337.20
1775296939, 3053, 51, 400, 0, 0, 0.54%, 1, 0, 5, 1280.61
1775296944, 3053, 83, 400, 0, 0, 0.54%, 1, 0, 5, 1318.23
1775296949, 3053, 121, 400, 0, 0, 0.54%, 1, 0, 5, 1401.34
1775296954, 3053, 304, 400, 0, 0, 0.54%, 1, 0, 5, 1468.93
1775296959, 3054, 16, 400, 0, 0, 0.54%, 1, 0, 5, 1505.85
1775296964, 3054, 83, 400, 0, 0, 0.54%, 1, 0, 5, 1509.82
1775296970, 3054, 106, 400, 0, 0, 0.54%, 1, 0, 5, 1456.14
1775296975, 3054, 251, 400, 0, 0, 0.54%, 1, 0, 5, 1537.80
1775296980, 3054, 332, 400, 0, 0, 0.54%, 1, 0, 5, 1483.56
1775296985, 3055, 14, 400, 0, 0, 0.54%, 1, 0, 5, 1414.79
1775296990, 3055, 83, 400, 0, 0, 0.54%, 1, 0, 5, 1514.72
1775296995, 3055, 106, 400, 0, 0, 0.54%, 1, 0, 5, 1552.15
1775297000, 3055, 158, 400, 0, 0, 0.54%, 1, 0, 5, 1390.25
1775297005, 3055, 311, 400, 0, 0, 0.54%, 1, 0, 5, 1424.09
1775297010, 3055, 395, 400, 0, 0, 0.54%, 1, 0, 5, 1277.05
1775297015, 3056, 57, 400, 0, 0, 0.54%, 1, 0, 5, 1517.90
1775297020, 3056, 86, 400, 0, 0, 0.54%, 1, 0, 5, 1493.20
1775297026, 3056, 158, 400, 0, 0, 0.54%, 1, 0, 5, 1484.07
1775297031, 3056, 244, 400, 0, 0, 0.54%, 1, 0, 5, 1339.84
1775297036, 3056, 291, 400, 0, 0, 0.54%, 1, 0, 5, 1484.10
1775297041, 3056, 378, 400, 0, 0, 0.54%, 1, 0, 5, 1345.50
1775297046, 3057, 57, 400, 0, 0, 0.54%, 1, 0, 5, 1374.02
1775297051, 3057, 88, 400, 0, 0, 0.54%, 1, 0, 5, 1539.42
1775297056, 3057, 119, 400, 0, 0, 0.54%, 1, 0, 5, 1428.32
1775297061, 3057, 173, 400, 0, 0, 0.54%, 1, 0, 5, 1403.56
1775297066, 3057, 311, 400, 0, 0, 0.54%, 1, 0, 5, 1375.48
1775297071, 3058, 10, 400, 0, 0, 0.54%, 1, 0, 5, 1325.18
1775297076, 3058, 73, 400, 0, 0, 0.54%, 1, 0, 5, 1375.29
1775297081, 3058, 92, 400, 0, 0, 0.54%, 1, 0, 5, 1540.28
1775297086, 3058, 168, 400, 0, 0, 0.54%, 1, 0, 5, 1408.17
1775297092, 3058, 234, 400, 0, 0, 0.54%, 1, 0, 5, 1427.56
1775297097, 3058, 311, 400, 0, 0, 0.54%, 1, 0, 5, 1362.18
1775297102, 3058, 396, 400, 0, 0, 0.54%, 1, 0, 5, 1247.28
1775297107, 3059, 83, 400, 0, 0, 0.54%, 1, 0, 5, 1419.10
1775297112, 3059, 106, 400, 0, 0, 0.54%, 1, 0, 5, 1455.55
1775297117, 3059, 207, 400, 0, 0, 0.54%, 1, 0, 5, 1325.48
1775297122, 3059, 332, 400, 0, 0, 0.54%, 1, 0, 5, 1342.28
1775297127, 3060, 57, 400, 0, 0, 0.54%, 1, 0, 5, 1198.11
1775297132, 3060, 88, 400, 0, 0, 0.54%, 1, 0, 5, 1303.41
1775297137, 3060, 120, 400, 0, 0, 0.54%, 1, 0, 5, 1315.82
1775297143, 3060, 246, 400, 0, 0, 0.54%, 1, 0, 5, 1482.03
1775297148, 3060, 332, 400, 0, 0, 0.54%, 1, 0, 5, 1441.11
1775297153, 3061, 57, 400, 0, 0, 0.54%, 1, 0, 5, 1435.11
1775297158, 3061, 88, 400, 0, 0, 0.54%, 1, 0, 5, 1599.80
1775297163, 3061, 108, 400, 0, 0, 0.54%, 1, 0, 5, 1456.88
1775297168, 3061, 172, 400, 0, 0, 0.54%, 1, 0, 5, 1436.55
1775297173, 3061, 237, 400, 0, 0, 0.54%, 1, 0, 5, 1371.49
1775297178, 3061, 304, 400, 0, 0, 0.54%, 1, 0, 5, 1314.21
1775297183, 3061, 393, 400, 0, 0, 0.54%, 1, 0, 5, 1346.54
1775297188, 3062, 57, 400, 0, 0, 0.54%, 1, 0, 5, 1564.84
1775297193, 3062, 88, 400, 0, 0, 0.54%, 1, 0, 5, 1578.87
1775297198, 3062, 236, 400, 0, 0, 0.54%, 1, 0, 5, 1467.85
1775297204, 3062, 325, 400, 0, 0, 0.54%, 1, 0, 5, 1444.07
1775297209, 3063, 30, 400, 0, 0, 0.54%, 1, 0, 5, 1292.25
1775297214, 3063, 83, 400, 0, 0, 0.54%, 1, 0, 5, 1429.59
1775297219, 3063, 94, 400, 0, 0, 0.54%, 1, 0, 5, 1328.52
1775297224, 3063, 185, 400, 0, 0, 0.54%, 1, 0, 5, 1448.24
1775297229, 3063, 248, 400, 0, 0, 0.54%, 1, 0, 5, 1450.14
1775297234, 3063, 316, 400, 0, 0, 0.54%, 1, 0, 5, 1309.78
1775297240, 3064, 57, 400, 0, 0, 0.54%, 1, 0, 5, 1424.60
1775297245, 3064, 86, 400, 0, 0, 0.54%, 1, 0, 5, 1467.05
1775297250, 3064, 106, 400, 0, 0, 0.54%, 1, 0, 5, 1382.75
1775297255, 3064, 158, 400, 0, 0, 0.54%, 1, 0, 5, 1361.02
1775297260, 3064, 340, 400, 0, 0, 0.54%, 1, 0, 5, 1288.89
1775297265, 3065, 5, 400, 0, 0, 0.54%, 1, 0, 5, 1413.84
1775297270, 3065, 88, 400, 0, 0, 0.54%, 1, 0, 5, 1431.59
1775297275, 3065, 117, 400, 0, 0, 0.54%, 1, 0, 5, 1401.96
1775297280, 3065, 252, 400, 0, 0, 0.54%, 1, 0, 5, 1500.35
1775297285, 3065, 304, 400, 0, 0, 0.54%, 1, 0, 5, 1398.88
1775297291, 3066, 27, 400, 0, 0, 0.54%, 1, 0, 5, 1335.52
1775297296, 3066, 73, 400, 0, 0, 0.54%, 1, 0, 5, 1476.22
1775297301, 3066, 106, 400, 0, 0, 0.54%, 1, 0, 5, 1397.90
1775297306, 3066, 204, 400, 0, 0, 0.54%, 1, 0, 5, 1372.61
1775297311, 3066, 277, 400, 0, 0, 0.54%, 1, 0, 5, 1339.82
1775297316, 3066, 388, 400, 0, 0, 0.54%, 1, 0, 5, 1318.63
1775297321, 3067, 73, 400, 0, 0, 0.54%, 1, 0, 5, 1484.66
1775297326, 3067, 93, 400, 0, 0, 0.54%, 1, 0, 5, 1517.66
1775297331, 3067, 142, 400, 0, 0, 0.54%, 1, 0, 5, 1450.89
1775297336, 3067, 254, 400, 0, 0, 0.54%, 1, 0, 5, 1378.19
1775297342, 3067, 337, 400, 0, 0, 0.54%, 1, 0, 5, 1405.67
1775297347, 3068, 57, 400, 0, 0, 0.54%, 1, 0, 5, 1442.24
1775297352, 3068, 86, 400, 0, 0, 0.54%, 1, 0, 5, 1416.15
1775297357, 3068, 137, 400, 0, 0, 0.54%, 1, 0, 5, 1307.74
1775297362, 3068, 217, 400, 0, 0, 0.54%, 1, 0, 5, 1542.95
1775297367, 3068, 311, 400, 0, 0, 0.54%, 1, 0, 5, 1348.86
1775297372, 3069, 30, 400, 0, 0, 0.54%, 1, 0, 5, 1407.15
1775297378, 3069, 83, 400, 0, 0, 0.54%, 1, 0, 5, 1488.16
1775297383, 3069, 142, 400, 0, 0, 0.54%, 1, 0, 5, 1449.75
1775297388, 3069, 231, 400, 0, 0, 0.54%, 1, 0, 5, 1414.13
1775297393, 3069, 356, 400, 0, 0, 0.54%, 1, 0, 5, 1407.69
1775297398, 3070, 48, 400, 0, 0, 0.54%, 1, 0, 5, 1503.27
1775297403, 3070, 86, 400, 0, 0, 0.54%, 1, 0, 5, 1579.16
1775297408, 3070, 128, 400, 0, 0, 0.54%, 1, 0, 5, 1500.44
1775297413, 3070, 176, 400, 0, 0, 0.54%, 1, 0, 5, 1500.75
1775297418, 3070, 258, 400, 0, 0, 0.54%, 1, 0, 5, 1497.72
1775297423, 3070, 311, 400, 0, 0, 0.54%, 1, 0, 5, 1364.83
1775297428, 3070, 394, 400, 0, 0, 0.54%, 1, 0, 5, 1414.76
1775297433, 3071, 57, 400, 0, 0, 0.54%, 1, 0, 5, 1404.17
1775297438, 3071, 93, 400, 0, 0, 0.54%, 1, 0, 5, 1466.73
1775297443, 3071, 180, 400, 0, 0, 0.54%, 1, 0, 5, 1387.34
1775297448, 3071, 237, 400, 0, 0, 0.54%, 1, 0, 5, 1473.49
1775297453, 3071, 333, 400, 0, 0, 0.54%, 1, 0, 5, 1374.27
1775297459, 3072, 57, 400, 0, 0, 0.54%, 1, 0, 5, 1408.03
1775297464, 3072, 83, 400, 0, 0, 0.54%, 1, 0, 5, 1521.79
1775297469, 3072, 158, 400, 0, 0, 0.54%, 1, 0, 5, 1455.32
1775297474, 3072, 275, 400, 0, 0, 0.54%, 1, 0, 5, 1520.40
1775297479, 3072, 312, 400, 0, 0, 0.54%, 1, 0, 5, 1434.79
1775297484, 3073, 27, 400, 0, 0, 0.54%, 1, 0, 5, 1295.86
1775297489, 3073, 86, 400, 0, 0, 0.54%, 1, 0, 5, 1482.91
1775297494, 3073, 118, 400, 0, 0, 0.54%, 1, 0, 5, 1377.40
1775297499, 3073, 284, 400, 0, 0, 0.54%, 1, 0, 5, 1628.73
1775297505, 3073, 337, 400, 0, 0, 0.54%, 1, 0, 5, 1448.11
1775297510, 3074, 83, 400, 0, 0, 0.54%, 1, 0, 5, 1394.23
1775297515, 3074, 116, 400, 0, 0, 0.54%, 1, 0, 5, 1447.52
1775297520, 3074, 245, 400, 0, 0, 0.54%, 1, 0, 5, 1474.18
1775297525, 3074, 278, 400, 0, 0, 0.54%, 1, 0, 5, 1363.99
1775297530, 3074, 337, 400, 0, 0, 0.54%, 1, 0, 5, 1407.93
1775297535, 3075, 57, 400, 0, 0, 0.54%, 1, 0, 5, 1264.56
1775297540, 3075, 86, 400, 0, 0, 0.54%, 1, 0, 5, 1520.86
1775297545, 3075, 201, 400, 0, 0, 0.54%, 1, 0, 5, 1464.87
1775297550, 3075, 276, 400, 0, 0, 0.54%, 1, 0, 5, 1453.78
1775297555, 3075, 337, 400, 0, 0, 0.54%, 1, 0, 5, 1345.25
1775297561, 3076, 46, 400, 0, 0, 0.54%, 1, 0, 5, 1435.15
1775297566, 3076, 83, 400, 0, 0, 0.54%, 1, 0, 5, 1466.26
1775297571, 3076, 158, 400, 0, 0, 0.54%, 1, 0, 5, 1397.07
1775297576, 3076, 287, 400, 0, 0, 0.54%, 1, 0, 5, 1360.63
1775297581, 3076, 337, 400, 0, 0, 0.54%, 1, 0, 5, 1309.23
1775297586, 3077, 83, 400, 0, 0, 0.54%, 1, 0, 5, 1432.97
1775297591, 3077, 106, 400, 0, 0, 0.54%, 1, 0, 5, 1342.08
1775297596, 3077, 179, 400, 0, 0, 0.54%, 1, 0, 5, 1352.43
1775297601, 3077, 191, 400, 0, 0, 0.54%, 1, 0, 5, 367.43
1775297606, 3077, 195, 400, 0, 0, 0.54%, 1, 0, 5, 577.04
1775297611, 3077, 312, 400, 0, 0, 0.54%, 1, 0, 5, 861.52
1775297616, 3078, 21, 400, 0, 0, 0.54%, 1, 0, 5, 1146.39
1775297622, 3078, 73, 400, 0, 0, 0.54%, 1, 0, 5, 1307.21
1775297627, 3078, 93, 400, 0, 0, 0.54%, 1, 0, 5, 1397.44
1775297632, 3078, 128, 400, 0, 0, 0.54%, 1, 0, 5, 1416.96
1775297637, 3078, 220, 400, 0, 0, 0.54%, 1, 0, 5, 1332.44
1775297642, 3078, 312, 400, 0, 0, 0.54%, 1, 0, 5, 1344.89
1775297647, 3079, 45, 400, 0, 0, 0.54%, 1, 0, 5, 1307.97
1775297652, 3079, 88, 400, 0, 0, 0.54%, 1, 0, 5, 1387.36
1775297657, 3079, 225, 400, 0, 0, 0.54%, 1, 0, 5, 1368.90
1775297662, 3079, 287, 400, 0, 0, 0.54%, 1, 0, 5, 227.37
1775297667, 3079, 304, 400, 0, 0, 0.54%, 1, 0, 5, 296.36
1775297672, 3079, 310, 400, 0, 0, 0.54%, 1, 0, 5, 323.66
1775297677, 3079, 311, 400, 0, 0, 0.54%, 1, 0, 5, 493.26
1775297683, 3079, 319, 400, 0, 0, 0.54%, 1, 0, 5, 375.43
1775297688, 3080, 57, 400, 0, 0, 0.54%, 1, 0, 5, 1041.79
1775297693, 3080, 85, 400, 0, 0, 0.54%, 1, 0, 5, 1434.64
1775297698, 3080, 116, 400, 0, 0, 0.54%, 1, 0, 5, 1508.96
1775297703, 3080, 209, 400, 0, 0, 0.54%, 1, 0, 5, 1423.79
1775297708, 3080, 268, 400, 0, 0, 0.54%, 1, 0, 5, 1334.17
1775297713, 3080, 337, 400, 0, 0, 0.54%, 1, 0, 5, 1313.17
1775297719, 3081, 57, 400, 0, 0, 0.54%, 1, 0, 5, 1393.33
1775297724, 3081, 88, 400, 0, 0, 0.54%, 1, 0, 5, 1493.28
1775297729, 3081, 197, 400, 0, 0, 0.54%, 1, 0, 5, 1475.76
1775297734, 3081, 287, 400, 0, 0, 0.54%, 1, 0, 5, 1314.23
1775297739, 3081, 357, 400, 0, 0, 0.54%, 1, 0, 5, 1309.49
1775297744, 3082, 51, 400, 0, 0, 0.54%, 1, 0, 5, 1381.09
1775297749, 3082, 88, 400, 0, 0, 0.54%, 1, 0, 5, 1546.57
1775297754, 3082, 168, 400, 0, 0, 0.54%, 1, 0, 5, 1373.76
1775297759, 3082, 286, 400, 0, 0, 0.54%, 1, 0, 5, 1437.54
1775297764, 3082, 337, 400, 0, 0, 0.54%, 1, 0, 5, 1378.29
1775297769, 3083, 20, 400, 0, 0, 0.54%, 1, 0, 5, 1235.01
1775297774, 3083, 86, 400, 0, 0, 0.54%, 1, 0, 5, 1296.01
1775297780, 3083, 127, 400, 0, 0, 0.54%, 1, 0, 5, 1513.39
1775297785, 3083, 200, 400, 0, 0, 0.54%, 1, 0, 5, 1408.97
1775297790, 3083, 333, 400, 0, 0, 0.54%, 1, 0, 5, 1341.00
1775297795, 3084, 51, 400, 0, 0, 0.54%, 1, 0, 5, 1328.14
1775297800, 3084, 88, 400, 0, 0, 0.54%, 1, 0, 5, 1515.83
1775297805, 3084, 111, 400, 0, 0, 0.54%, 1, 0, 5, 1469.17
1775297810, 3084, 292, 400, 0, 0, 0.54%, 1, 0, 5, 1418.43
1775297815, 3084, 363, 400, 0, 0, 0.54%, 1, 0, 5, 1300.54
1775297820, 3085, 52, 400, 0, 0, 0.54%, 1, 0, 5, 1408.37
1775297825, 3085, 76, 400, 0, 0, 0.54%, 1, 0, 5, 1427.48
1775297830, 3085, 106, 400, 0, 0, 0.54%, 1, 0, 5, 1600.30
1775297836, 3085, 240, 400, 0, 0, 0.54%, 1, 0, 5, 1137.41
1775297841, 3085, 321, 400, 0, 0, 0.54%, 1, 0, 5, 1431.08
1775297846, 3086, 57, 400, 0, 0, 0.54%, 1, 0, 5, 1399.57
1775297851, 3086, 88, 400, 0, 0, 0.54%, 1, 0, 5, 1536.26
1775297856, 3086, 158, 400, 0, 0, 0.54%, 1, 0, 5, 1334.60
1775297861, 3086, 248, 400, 0, 0, 0.54%, 1, 0, 5, 1539.88
1775297866, 3086, 300, 400, 0, 0, 0.54%, 1, 0, 5, 1427.46
1775297871, 3086, 357, 400, 0, 0, 0.54%, 1, 0, 5, 1361.75
1775297877, 3087, 81, 400, 0, 0, 0.54%, 1, 0, 5, 1366.80
1775297882, 3087, 99, 400, 0, 0, 0.54%, 1, 0, 5, 1496.37
1775297887, 3087, 253, 400, 0, 0, 0.54%, 1, 0, 5, 1373.60
1775297892, 3087, 331, 400, 0, 0, 0.54%, 1, 0, 5, 1317.93
1775297897, 3088, 44, 400, 0, 0, 0.54%, 1, 0, 5, 1220.19
1775297902, 3088, 88, 400, 0, 0, 0.54%, 1, 0, 5, 1482.53
1775297907, 3088, 142, 400, 0, 0, 0.54%, 1, 0, 5, 1483.82
1775297912, 3088, 304, 400, 0, 0, 0.54%, 1, 0, 5, 1371.61
1775297917, 3089, 27, 400, 0, 0, 0.54%, 1, 0, 5, 1425.40
1775297922, 3089, 88, 400, 0, 0, 0.54%, 1, 0, 5, 1483.57
1775297927, 3089, 163, 400, 0, 0, 0.54%, 1, 0, 5, 1454.44
1775297932, 3089, 221, 400, 0, 0, 0.54%, 1, 0, 5, 1428.60
1775297938, 3089, 287, 400, 0, 0, 0.54%, 1, 0, 5, 1515.62
1775297943, 3089, 349, 400, 0, 0, 0.54%, 1, 0, 5, 1412.59
1775297948, 3090, 46, 400, 0, 0, 0.54%, 1, 0, 5, 1399.13
1775297953, 3090, 88, 400, 0, 0, 0.54%, 1, 0, 5, 1496.78
1775297958, 3090, 158, 400, 0, 0, 0.54%, 1, 0, 5, 1436.51
1775297963, 3090, 304, 400, 0, 0, 0.54%, 1, 0, 5, 1362.96
1775297968, 3090, 396, 400, 0, 0, 0.54%, 1, 0, 5, 1401.50
1775297973, 3091, 26, 400, 0, 0, 0.54%, 1, 0, 5, 1436.08
1775297979, 3091, 77, 400, 0, 0, 0.54%, 1, 0, 5, 1526.47
1775297984, 3091, 95, 400, 0, 0, 0.54%, 1, 0, 5, 1506.04
1775297989, 3091, 176, 400, 0, 0, 0.54%, 1, 0, 5, 1485.11
1775297994, 3091, 278, 400, 0, 0, 0.54%, 1, 0, 5, 1477.37
1775297999, 3091, 374, 400, 0, 0, 0.54%, 1, 0, 5, 1271.11
1775298004, 3092, 57, 400, 0, 0, 0.54%, 1, 0, 5, 1426.50
1775298009, 3092, 93, 400, 0, 0, 0.54%, 1, 0, 5, 1410.75
1775298014, 3092, 132, 400, 0, 0, 0.54%, 1, 0, 5, 1480.53
1775298019, 3092, 203, 400, 0, 0, 0.54%, 1, 0, 5, 1391.19
1775298025, 3092, 297, 400, 0, 0, 0.54%, 1, 0, 5, 1433.22
1775298030, 3092, 355, 400, 0, 0, 0.54%, 1, 0, 5, 1343.95
1775298035, 3093, 73, 400, 0, 0, 0.54%, 1, 0, 5, 1486.61
1775298040, 3093, 93, 400, 0, 0, 0.54%, 1, 0, 5, 1790.30
1775298045, 3093, 112, 400, 0, 0, 0.54%, 1, 0, 5, 1540.95
1775298050, 3093, 203, 400, 0, 0, 0.54%, 1, 0, 5, 1502.72
1775298055, 3093, 311, 400, 0, 0, 0.54%, 1, 0, 5, 1443.43
1775298060, 3094, 5, 400, 0, 0, 0.54%, 1, 0, 5, 1400.55
1775298065, 3094, 73, 400, 0, 0, 0.54%, 1, 0, 5, 1439.45
1775298070, 3094, 99, 400, 0, 0, 0.54%, 1, 0, 5, 1591.74
1775298075, 3094, 172, 400, 0, 0, 0.54%, 1, 0, 5, 1551.07
1775298081, 3094, 355, 400, 0, 0, 0.54%, 1, 0, 5, 1465.47
1775298086, 3095, 42, 400, 0, 0, 0.54%, 1, 0, 5, 1431.87
1775298091, 3095, 91, 400, 0, 0, 0.54%, 1, 0, 5, 1720.48
1775298096, 3095, 183, 400, 0, 0, 0.54%, 1, 0, 5, 1793.72
1775298101, 3095, 312, 400, 0, 0, 0.54%, 1, 0, 5, 1661.35
1775298106, 3096, 29, 400, 0, 0, 0.54%, 1, 0, 5, 1547.76
1775298111, 3096, 73, 400, 0, 0, 0.54%, 1, 0, 5, 1501.88
1775298116, 3096, 107, 400, 0, 0, 0.54%, 1, 0, 5, 1657.14
1775298121, 3096, 304, 400, 0, 0, 0.54%, 1, 0, 5, 1636.55
1775298126, 3097, 5, 400, 0, 0, 0.54%, 1, 0, 5, 1445.89
1775298131, 3097, 86, 400, 0, 0, 0.54%, 1, 0, 5, 1599.06
1775298136, 3097, 149, 400, 0, 0, 0.54%, 1, 0, 5, 1677.11
1775298141, 3097, 277, 400, 0, 0, 0.54%, 1, 0, 5, 1785.12
1775298147, 3097, 339, 400, 0, 0, 0.54%, 1, 0, 5, 1551.42
1775298152, 3098, 57, 400, 0, 0, 0.54%, 1, 0, 5, 1674.31
1775298157, 3098, 88, 400, 0, 0, 0.54%, 1, 0, 5, 1808.76
1775298162, 3098, 187, 400, 0, 0, 0.54%, 1, 0, 5, 1743.42
1775298167, 3098, 280, 400, 0, 0, 0.54%, 1, 0, 5, 1611.48
1775298172, 3098, 372, 400, 0, 0, 0.54%, 1, 0, 5, 1572.39
1775298177, 3099, 57, 400, 0, 0, 0.54%, 1, 0, 5, 1600.04
1775298182, 3099, 88, 400, 0, 0, 0.54%, 1, 0, 5, 1618.20
1775298187, 3099, 182, 400, 0, 0, 0.54%, 1, 0, 5, 1556.35
1775298192, 3099, 309, 400, 0, 0, 0.54%, 1, 0, 5, 1121.26
1775298197, 3099, 398, 400, 0, 0, 0.54%, 1, 0, 5, 1433.86
1775298203, 3100, 73, 400, 0, 0, 0.54%, 1, 0, 5, 1643.27
1775298208, 3100, 106, 400, 0, 0, 0.54%, 1, 0, 5, 1662.30
1775298213, 3100, 169, 400, 0, 0, 0.54%, 1, 0, 5, 1608.27
1775298218, 3100, 283, 400, 0, 0, 0.54%, 1, 0, 5, 1586.29
1775298223, 3100, 334, 400, 0, 0, 0.54%, 1, 0, 5, 1643.81
1775298228, 3101, 57, 400, 0, 0, 0.54%, 1, 0, 5, 1712.35
1775298233, 3101, 106, 400, 0, 0, 0.54%, 1, 0, 5, 1688.25
1775298238, 3101, 235, 400, 0, 0, 0.54%, 1, 0, 5, 1674.91
1775298244, 3101, 333, 400, 0, 0, 0.54%, 1, 0, 5, 1580.62
1775298249, 3102, 73, 400, 0, 0, 0.54%, 1, 0, 5, 1650.32
1775298254, 3102, 91, 400, 0, 0, 0.54%, 1, 0, 5, 1711.69
1775298259, 3102, 167, 400, 0, 0, 0.54%, 1, 0, 5, 1786.58
1775298264, 3102, 327, 400, 0, 0, 0.54%, 1, 0, 5, 1683.80
1775298269, 3103, 42, 400, 0, 0, 0.54%, 1, 0, 5, 1662.74
1775298274, 3103, 83, 400, 0, 0, 0.54%, 1, 0, 5, 1730.15
1775298279, 3103, 151, 400, 0, 0, 0.54%, 1, 0, 5, 1807.23
1775298284, 3103, 256, 400, 0, 0, 0.54%, 1, 0, 5, 1655.03
1775298289, 3103, 393, 400, 0, 0, 0.54%, 1, 0, 5, 1550.17
1775298294, 3104, 57, 400, 0, 0, 0.54%, 1, 0, 5, 1599.60
1775298299, 3104, 106, 400, 0, 0, 0.54%, 1, 0, 5, 1663.85
1775298305, 3104, 247, 400, 0, 0, 0.54%, 1, 0, 5, 1706.74
1775298310, 3104, 378, 400, 0, 0, 0.54%, 1, 0, 5, 1524.61
1775298315, 3105, 57, 400, 0, 0, 0.54%, 1, 0, 5, 1644.99
1775298320, 3105, 106, 400, 0, 0, 0.54%, 1, 0, 5, 1740.48
1775298325, 3105, 275, 400, 0, 0, 0.54%, 1, 0, 5, 1712.40
1775298330, 3105, 353, 400, 0, 0, 0.54%, 1, 0, 5, 1580.77
1775298335, 3106, 83, 400, 0, 0, 0.54%, 1, 0, 5, 1674.90
1775298340, 3106, 127, 400, 0, 0, 0.54%, 1, 0, 5, 1579.87
1775298345, 3106, 312, 400, 0, 0, 0.54%, 1, 0, 5, 1596.37
1775298350, 3107, 57, 400, 0, 0, 0.54%, 1, 0, 5, 1706.46
1775298355, 3107, 93, 400, 0, 0, 0.54%, 1, 0, 5, 1678.39
1775298361, 3107, 211, 400, 0, 0, 0.54%, 1, 0, 5, 1667.87
1775298366, 3107, 287, 400, 0, 0, 0.54%, 1, 0, 5, 1639.56
1775298371, 3107, 393, 400, 0, 0, 0.54%, 1, 0, 5, 1625.87
1775298376, 3108, 83, 400, 0, 0, 0.54%, 1, 0, 5, 1829.22
1775298381, 3108, 158, 400, 0, 0, 0.54%, 1, 0, 5, 1767.01
1775298386, 3108, 261, 400, 0, 0, 0.54%, 1, 0, 5, 1656.69
1775298391, 3108, 335, 400, 0, 0, 0.54%, 1, 0, 5, 1629.78
1775298396, 3109, 57, 400, 0, 0, 0.54%, 1, 0, 5, 1704.60
1775298401, 3109, 102, 400, 0, 0, 0.54%, 1, 0, 5, 1682.04
1775298406, 3109, 287, 400, 0, 0, 0.54%, 1, 0, 5, 1690.90
1775298412, 3110, 7, 400, 0, 0, 0.54%, 1, 0, 5, 1509.42
1775298417, 3110, 73, 400, 0, 0, 0.54%, 1, 0, 5, 1668.09
1775298422, 3110, 106, 400, 0, 0, 0.54%, 1, 0, 5, 1695.54
1775298427, 3110, 138, 400, 0, 0, 0.54%, 1, 0, 5, 1611.24
1775298432, 3110, 211, 400, 0, 0, 0.54%, 1, 0, 5, 1631.99
1775298437, 3110, 351, 400, 0, 0, 0.54%, 1, 0, 5, 1507.63
1775298442, 3111, 73, 400, 0, 0, 0.54%, 1, 0, 5, 1649.17
1775298447, 3111, 104, 400, 0, 0, 0.54%, 1, 0, 5, 1713.67
1775298452, 3111, 152, 400, 0, 0, 0.54%, 1, 0, 5, 1635.44
1775298457, 3111, 204, 400, 0, 0, 0.54%, 1, 0, 5, 1716.86
1775298463, 3111, 328, 400, 0, 0, 0.54%, 1, 0, 5, 1632.85
1775298468, 3112, 51, 400, 0, 0, 0.54%, 1, 0, 5, 1700.65
1775298473, 3112, 88, 400, 0, 0, 0.54%, 1, 0, 5, 1719.90
1775298478, 3112, 180, 400, 0, 0, 0.54%, 1, 0, 5, 1672.11
1775298483, 3112, 249, 400, 0, 0, 0.54%, 1, 0, 5, 1685.53
1775298488, 3112, 334, 400, 0, 0, 0.54%, 1, 0, 5, 1582.98
1775298493, 3113, 77, 400, 0, 0, 0.54%, 1, 0, 5, 1752.68
1775298498, 3113, 146, 400, 0, 0, 0.54%, 1, 0, 5, 1694.74
1775298503, 3113, 311, 400, 0, 0, 0.54%, 1, 0, 5, 1640.52
1775298508, 3114, 18, 400, 0, 0, 0.54%, 1, 0, 5, 1548.11
1775298513, 3114, 88, 400, 0, 0, 0.54%, 1, 0, 5, 1567.08
1775298519, 3114, 197, 400, 0, 0, 0.54%, 1, 0, 5, 1592.18
1775298524, 3114, 337, 400, 0, 0, 0.54%, 1, 0, 5, 1491.71
1775298529, 3115, 86, 400, 0, 0, 0.54%, 1, 0, 5, 1654.95
1775298534, 3115, 133, 400, 0, 0, 0.54%, 1, 0, 5, 1705.34
1775298539, 3115, 286, 400, 0, 0, 0.54%, 1, 0, 5, 1717.50
1775298545, 3115, 356, 400, 0, 0, 0.54%, 1, 0, 5, 1520.01
1775298550, 3116, 73, 400, 0, 0, 0.54%, 1, 0, 5, 1592.79
1775298555, 3116, 106, 400, 0, 0, 0.54%, 1, 0, 5, 1459.62
1775298560, 3116, 182, 400, 0, 0, 0.54%, 1, 0, 5, 1627.82
1775298565, 3116, 299, 400, 0, 0, 0.54%, 1, 0, 5, 1639.86
1775298570, 3116, 388, 400, 0, 0, 0.54%, 1, 0, 5, 1559.26
1775298575, 3117, 88, 400, 0, 0, 0.54%, 1, 0, 5, 1704.55
1775298580, 3117, 284, 400, 0, 0, 0.54%, 1, 0, 5, 1611.79
1775298585, 3117, 332, 400, 0, 0, 0.54%, 1, 0, 5, 1465.47
1775298590, 3118, 10, 400, 0, 0, 0.54%, 1, 0, 5, 1681.58
1775298595, 3118, 88, 400, 0, 0, 0.54%, 1, 0, 5, 1866.97
1775298601, 3118, 158, 400, 0, 0, 0.54%, 1, 0, 5, 1808.90
1775298606, 3118, 333, 400, 0, 0, 0.54%, 1, 0, 5, 1655.02
1775298611, 3119, 51, 400, 0, 0, 0.54%, 1, 0, 5, 1631.51
1775298616, 3119, 86, 400, 0, 0, 0.54%, 1, 0, 5, 1683.23
1775298621, 3119, 106, 400, 0, 0, 0.54%, 1, 0, 5, 1589.39
1775298626, 3119, 251, 400, 0, 0, 0.54%, 1, 0, 5, 1556.59
1775298631, 3119, 333, 400, 0, 0, 0.54%, 1, 0, 5, 1663.31
1775298637, 3120, 57, 400, 0, 0, 0.54%, 1, 0, 5, 1779.48
1775298642, 3120, 86, 400, 0, 0, 0.54%, 1, 0, 5, 1630.96
1775298647, 3120, 218, 400, 0, 0, 0.54%, 1, 0, 5, 1736.47
1775298652, 3120, 302, 400, 0, 0, 0.54%, 1, 0, 5, 1739.05
1775298657, 3120, 347, 400, 0, 0, 0.54%, 1, 0, 5, 1564.68
1775298662, 3121, 78, 400, 0, 0, 0.54%, 1, 0, 5, 1629.24
1775298667, 3121, 106, 400, 0, 0, 0.54%, 1, 0, 5, 1732.45
1775298672, 3121, 198, 400, 0, 0, 0.54%, 1, 0, 5, 1621.00
1775298677, 3121, 264, 400, 0, 0, 0.54%, 1, 0, 5, 1706.45
1775298682, 3121, 337, 400, 0, 0, 0.54%, 1, 0, 5, 1591.21
1775298687, 3122, 68, 400, 0, 0, 0.54%, 1, 0, 5, 1641.17
1775298692, 3122, 121, 400, 0, 0, 0.54%, 1, 0, 5, 1753.70
1775298698, 3122, 218, 400, 0, 0, 0.54%, 1, 0, 5, 1548.76
1775298703, 3122, 317, 400, 0, 0, 0.54%, 1, 0, 5, 1651.75
1775298708, 3123, 57, 400, 0, 0, 0.54%, 1, 0, 5, 1877.55
1775298713, 3123, 86, 400, 0, 0, 0.54%, 1, 0, 5, 1710.63
1775298718, 3123, 158, 400, 0, 0, 0.54%, 1, 0, 5, 1553.97
1775298723, 3123, 289, 400, 0, 0, 0.54%, 1, 0, 5, 1560.16
1775298728, 3123, 395, 400, 0, 0, 0.54%, 1, 0, 5, 1562.16
1775298733, 3124, 57, 400, 0, 0, 0.54%, 1, 0, 5, 1917.92
1775298738, 3124, 102, 400, 0, 0, 0.54%, 1, 0, 5, 1729.88
1775298744, 3124, 191, 400, 0, 0, 0.54%, 1, 0, 5, 1693.39
1775298749, 3124, 287, 400, 0, 0, 0.54%, 1, 0, 5, 1730.12
1775298754, 3125, 51, 400, 0, 0, 0.54%, 1, 0, 5, 1506.22
1775298759, 3125, 90, 400, 0, 0, 0.54%, 1, 0, 5, 1648.86
1775298764, 3125, 186, 400, 0, 0, 0.54%, 1, 0, 5, 1719.69
1775298769, 3125, 323, 400, 0, 0, 0.54%, 1, 0, 5, 1638.13
1775298774, 3126, 83, 400, 0, 0, 0.54%, 1, 0, 5, 1676.37
1775298779, 3126, 155, 400, 0, 0, 0.54%, 1, 0, 5, 1786.13
1775298784, 3126, 228, 400, 0, 0, 0.54%, 1, 0, 5, 1774.56
1775298789, 3126, 280, 400, 0, 0, 0.54%, 1, 0, 5, 1565.90
1775298794, 3126, 382, 400, 0, 0, 0.54%, 1, 0, 5, 1511.51
1775298799, 3127, 57, 400, 0, 0, 0.54%, 1, 0, 5, 1656.24
1775298804, 3127, 93, 400, 0, 0, 0.54%, 1, 0, 5, 1602.97
1775298809, 3127, 206, 400, 0, 0, 0.54%, 1, 0, 5, 1688.34
1775298814, 3127, 312, 400, 0, 0, 0.54%, 1, 0, 5, 1581.05
1775298819, 3128, 57, 400, 0, 0, 0.54%, 1, 0, 5, 1688.70
1775298824, 3128, 93, 400, 0, 0, 0.54%, 1, 0, 5, 1587.50
1775298830, 3128, 203, 400, 0, 0, 0.54%, 1, 0, 5, 1735.01
1775298835, 3128, 311, 400, 0, 0, 0.54%, 1, 0, 5, 1512.17
1775298840, 3129, 19, 400, 0, 0, 0.54%, 1, 0, 5, 1505.35
1775298845, 3129, 73, 400, 0, 0, 0.54%, 1, 0, 5, 1687.70
1775298850, 3129, 106, 400, 0, 0, 0.54%, 1, 0, 5, 1766.89
1775298855, 3129, 216, 400, 0, 0, 0.54%, 1, 0, 5, 1477.16
1775298860, 3129, 311, 400, 0, 0, 0.54%, 1, 0, 5, 1450.93
1775298865, 3130, 51, 400, 0, 0, 0.54%, 1, 0, 5, 1640.86
1775298870, 3130, 87, 400, 0, 0, 0.54%, 1, 0, 5, 1715.82
1775298876, 3130, 196, 400, 0, 0, 0.54%, 1, 0, 5, 1592.46
1775298881, 3130, 311, 400, 0, 0, 0.54%, 1, 0, 5, 1511.80
1775298886, 3131, 47, 400, 0, 0, 0.54%, 1, 0, 5, 1536.08
1775298891, 3131, 86, 400, 0, 0, 0.54%, 1, 0, 5, 1625.40
1775298896, 3131, 138, 400, 0, 0, 0.54%, 1, 0, 5, 1620.96
1775298901, 3131, 274, 400, 0, 0, 0.54%, 1, 0, 5, 1657.07
1775298906, 3131, 311, 400, 0, 0, 0.54%, 1, 0, 5, 1624.86
1775298911, 3132, 31, 400, 0, 0, 0.54%, 1, 0, 5, 1569.12
1775298916, 3132, 73, 400, 0, 0, 0.54%, 1, 0, 5, 1717.15
1775298921, 3132, 93, 400, 0, 0, 0.54%, 1, 0, 5, 1661.78
1775298926, 3132, 171, 400, 0, 0, 0.54%, 1, 0, 5, 1655.80
1775298931, 3132, 304, 400, 0, 0, 0.54%, 1, 0, 5, 1617.60
1775298937, 3133, 23, 400, 0, 0, 0.54%, 1, 0, 5, 1672.38
1775298942, 3133, 83, 400, 0, 0, 0.54%, 1, 0, 5, 1628.34
1775298947, 3133, 106, 400, 0, 0, 0.54%, 1, 0, 5, 1678.66
1775298952, 3133, 185, 400, 0, 0, 0.54%, 1, 0, 5, 1675.65
1775298957, 3133, 264, 400, 0, 0, 0.54%, 1, 0, 5, 1528.29
1775298962, 3133, 339, 400, 0, 0, 0.54%, 1, 0, 5, 1458.24
1775298967, 3134, 73, 400, 0, 0, 0.54%, 1, 0, 5, 1668.85
1775298972, 3134, 111, 400, 0, 0, 0.54%, 1, 0, 5, 1783.08
1775298977, 3134, 213, 400, 0, 0, 0.54%, 1, 0, 5, 1611.61
1775298982, 3134, 333, 400, 0, 0, 0.54%, 1, 0, 5, 1564.94
1775298987, 3135, 51, 400, 0, 0, 0.54%, 1, 0, 5, 1591.24
1775298992, 3135, 88, 400, 0, 0, 0.54%, 1, 0, 5, 1767.93
1775298998, 3135, 152, 400, 0, 0, 0.54%, 1, 0, 5, 1777.15
1775299003, 3135, 267, 400, 0, 0, 0.54%, 1, 0, 5, 1736.76
1775299008, 3135, 294, 400, 0, 0, 0.54%, 1, 0, 5, 1583.09
1775299013, 3135, 399, 400, 0, 0, 0.54%, 1, 0, 5, 1411.73
1775299018, 3136, 57, 400, 0, 0, 0.54%, 1, 0, 5, 1505.56
1775299023, 3136, 89, 400, 0, 0, 0.54%, 1, 0, 5, 1731.01
1775299028, 3136, 150, 400, 0, 0, 0.54%, 1, 0, 5, 1710.78
1775299033, 3136, 262, 400, 0, 0, 0.54%, 1, 0, 5, 1621.97
1775299038, 3136, 311, 400, 0, 0, 0.54%, 1, 0, 5, 1581.09
1775299044, 3137, 57, 400, 0, 0, 0.54%, 1, 0, 5, 1468.79
1775299049, 3137, 88, 400, 0, 0, 0.54%, 1, 0, 5, 1669.45
1775299054, 3137, 180, 400, 0, 0, 0.54%, 1, 0, 5, 1560.76
1775299059, 3137, 263, 400, 0, 0, 0.54%, 1, 0, 5, 1612.85
1775299064, 3137, 337, 400, 0, 0, 0.54%, 1, 0, 5, 1484.39
1775299069, 3138, 57, 400, 0, 0, 0.54%, 1, 0, 5, 1531.10
1775299074, 3138, 83, 400, 0, 0, 0.54%, 1, 0, 5, 2025.48
1775299079, 3138, 112, 400, 0, 0, 0.54%, 1, 0, 5, 1732.77
1775299085, 3138, 304, 400, 0, 0, 0.54%, 1, 0, 5, 1679.79
1775299090, 3138, 395, 400, 0, 0, 0.54%, 1, 0, 5, 1609.74
1775299095, 3139, 80, 400, 0, 0, 0.54%, 1, 0, 5, 1666.47
1775299100, 3139, 98, 400, 0, 0, 0.54%, 1, 0, 5, 1614.46
1775299105, 3139, 165, 400, 0, 0, 0.54%, 1, 0, 5, 1647.48
1775299110, 3139, 299, 400, 0, 0, 0.54%, 1, 0, 5, 1548.29
1775299115, 3139, 393, 400, 0, 0, 0.54%, 1, 0, 5, 1410.88
1775299120, 3140, 57, 400, 0, 0, 0.54%, 1, 0, 5, 1524.98
1775299125, 3140, 93, 400, 0, 0, 0.54%, 1, 0, 5, 1687.94
1775299131, 3140, 220, 400, 0, 0, 0.54%, 1, 0, 5, 1780.21
1775299136, 3140, 311, 400, 0, 0, 0.54%, 1, 0, 5, 1685.02
1775299141, 3141, 57, 400, 0, 0, 0.54%, 1, 0, 5, 1617.16
1775299146, 3141, 91, 400, 0, 0, 0.54%, 1, 0, 5, 1632.63
1775299151, 3141, 217, 400, 0, 0, 0.54%, 1, 0, 5, 1686.56
1775299156, 3141, 304, 400, 0, 0, 0.54%, 1, 0, 5, 1606.41
1775299161, 3142, 34, 400, 0, 0, 0.54%, 1, 0, 5, 1546.01
1775299166, 3142, 74, 400, 0, 0, 0.54%, 1, 0, 5, 1703.89
1775299171, 3142, 136, 400, 0, 0, 0.54%, 1, 0, 5, 1719.85
1775299176, 3142, 262, 400, 0, 0, 0.54%, 1, 0, 5, 1657.40
1775299181, 3143, 19, 400, 0, 0, 0.54%, 1, 0, 5, 1537.72
1775299187, 3143, 78, 400, 0, 0, 0.54%, 1, 0, 5, 1667.64
1775299192, 3143, 158, 400, 0, 0, 0.54%, 1, 0, 5, 1700.10
1775299197, 3143, 287, 400, 0, 0, 0.54%, 1, 0, 5, 1752.76
1775299202, 3143, 343, 400, 0, 0, 0.54%, 1, 0, 5, 1661.87
1775299207, 3144, 57, 400, 0, 0, 0.54%, 1, 0, 5, 1713.66
1775299212, 3144, 131, 400, 0, 0, 0.54%, 1, 0, 5, 1676.47
1775299217, 3144, 168, 400, 0, 0, 0.54%, 1, 0, 5, 1708.45
1775299222, 3144, 304, 400, 0, 0, 0.54%, 1, 0, 5, 1580.67
1775299227, 3145, 51, 400, 0, 0, 0.54%, 1, 0, 5, 1638.94
1775299232, 3145, 86, 400, 0, 0, 0.54%, 1, 0, 5, 1741.10
1775299237, 3145, 108, 400, 0, 0, 0.54%, 1, 0, 5, 1720.91
1775299242, 3145, 223, 400, 0, 0, 0.54%, 1, 0, 5, 1737.58
1775299247, 3145, 323, 400, 0, 0, 0.54%, 1, 0, 5, 1585.16
1775299252, 3146, 57, 400, 0, 0, 0.54%, 1, 0, 5, 1587.88
1775299258, 3146, 88, 400, 0, 0, 0.54%, 1, 0, 5, 1654.54
1775299263, 3146, 183, 400, 0, 0, 0.54%, 1, 0, 5, 1719.58
1775299268, 3146, 311, 400, 0, 0, 0.54%, 1, 0, 5, 1592.57
1775299273, 3147, 21, 400, 0, 0, 0.54%, 1, 0, 5, 1458.49
1775299278, 3147, 80, 400, 0, 0, 0.54%, 1, 0, 5, 1678.27
1775299283, 3147, 133, 400, 0, 0, 0.54%, 1, 0, 5, 1805.12
1775299288, 3147, 211, 400, 0, 0, 0.54%, 1, 0, 5, 1547.48
1775299293, 3147, 250, 400, 0, 0, 0.54%, 1, 0, 5, 1620.55
1775299298, 3147, 333, 400, 0, 0, 0.54%, 1, 0, 5, 1646.12
1775299304, 3148, 73, 400, 0, 0, 0.54%, 1, 0, 5, 1648.26
1775299309, 3148, 89, 400, 0, 0, 0.54%, 1, 0, 5, 1594.13
1775299314, 3148, 118, 400, 0, 0, 0.54%, 1, 0, 5, 1642.25
1775299319, 3148, 209, 400, 0, 0, 0.54%, 1, 0, 5, 1706.85
1775299324, 3148, 368, 400, 0, 0, 0.54%, 1, 0, 5, 1438.06
1775299329, 3149, 57, 400, 0, 0, 0.54%, 1, 0, 5, 1626.22
1775299334, 3149, 106, 400, 0, 0, 0.54%, 1, 0, 5, 1736.04
1775299339, 3149, 232, 400, 0, 0, 0.54%, 1, 0, 5, 1743.32
1775299344, 3149, 371, 400, 0, 0, 0.54%, 1, 0, 5, 1534.68
1775299350, 3150, 83, 400, 0, 0, 0.54%, 1, 0, 5, 1600.42
1775299355, 3150, 128, 400, 0, 0, 0.54%, 1, 0, 5, 1691.66
1775299360, 3150, 287, 400, 0, 0, 0.54%, 1, 0, 5, 1582.33
1775299365, 3150, 381, 400, 0, 0, 0.54%, 1, 0, 5, 1562.13
1775299370, 3151, 73, 400, 0, 0, 0.54%, 1, 0, 5, 1749.74
1775299375, 3151, 150, 400, 0, 0, 0.54%, 1, 0, 5, 1692.93
1775299380, 3151, 311, 400, 0, 0, 0.54%, 1, 0, 5, 1612.05
1775299385, 3152, 52, 400, 0, 0, 0.54%, 1, 0, 5, 1620.21
1775299390, 3152, 86, 400, 0, 0, 0.54%, 1, 0, 5, 1643.69
1775299395, 3152, 160, 400, 0, 0, 0.54%, 1, 0, 5, 1686.34
1775299401, 3152, 287, 400, 0, 0, 0.54%, 1, 0, 5, 1504.59
1775299406, 3153, 10, 400, 0, 0, 0.54%, 1, 0, 5, 1566.06
1775299411, 3153, 59, 400, 0, 0, 0.54%, 1, 0, 5, 1635.94
1775299416, 3153, 93, 400, 0, 0, 0.54%, 1, 0, 5, 1688.01
1775299421, 3153, 248, 400, 0, 0, 0.54%, 1, 0, 5, 1632.11
1775299426, 3153, 337, 400, 0, 0, 0.54%, 1, 0, 5, 1646.39
1775299431, 3154, 73, 400, 0, 0, 0.54%, 1, 0, 5, 1765.32
1775299436, 3154, 151, 400, 0, 0, 0.54%, 1, 0, 5, 1841.71
1775299441, 3154, 202, 400, 0, 0, 0.54%, 1, 0, 5, 1833.78
1775299446, 3154, 363, 400, 0, 0, 0.54%, 1, 0, 5, 1578.82
1775299451, 3155, 83, 400, 0, 0, 0.54%, 1, 0, 5, 1716.86
1775299457, 3155, 170, 400, 0, 0, 0.54%, 1, 0, 5, 1772.61
1775299462, 3155, 287, 400, 0, 0, 0.54%, 1, 0, 5, 1732.88
1775299467, 3155, 393, 400, 0, 0, 0.54%, 1, 0, 5, 1610.07
1775299472, 3156, 83, 400, 0, 0, 0.54%, 1, 0, 5, 1593.06
1775299477, 3156, 124, 400, 0, 0, 0.54%, 1, 0, 5, 1629.05
1775299482, 3156, 304, 400, 0, 0, 0.54%, 1, 0, 5, 1650.59
1775299487, 3157, 22, 400, 0, 0, 0.54%, 1, 0, 5, 1654.50
1775299492, 3157, 88, 400, 0, 0, 0.54%, 1, 0, 5, 1698.51
1775299497, 3157, 138, 400, 0, 0, 0.54%, 1, 0, 5, 1765.85
1775299502, 3157, 257, 400, 0, 0, 0.54%, 1, 0, 5, 1587.89
1775299507, 3157, 399, 400, 0, 0, 0.54%, 1, 0, 5, 1397.07
1775299513, 3158, 83, 400, 0, 0, 0.54%, 1, 0, 5, 1626.65
1775299518, 3158, 118, 400, 0, 0, 0.54%, 1, 0, 5, 1652.77
1775299523, 3158, 314, 400, 0, 0, 0.54%, 1, 0, 5, 1563.16
1775299528, 3158, 394, 400, 0, 0, 0.54%, 1, 0, 5, 1473.45
1775299533, 3159, 83, 400, 0, 0, 0.54%, 1, 0, 5, 1596.93
1775299538, 3159, 119, 400, 0, 0, 0.54%, 1, 0, 5, 2107.68
1775299543, 3159, 311, 400, 0, 0, 0.54%, 1, 0, 5, 1645.39
1775299548, 3160, 33, 400, 0, 0, 0.54%, 1, 0, 5, 1476.81
1775299553, 3160, 83, 400, 0, 0, 0.54%, 1, 0, 5, 1516.99
1775299558, 3160, 152, 400, 0, 0, 0.54%, 1, 0, 5, 1619.69
1775299564, 3160, 278, 400, 0, 0, 0.54%, 1, 0, 5, 1762.27
1775299569, 3160, 388, 400, 0, 0, 0.54%, 1, 0, 5, 1543.59
1775299574, 3161, 83, 400, 0, 0, 0.54%, 1, 0, 5, 1714.25
1775299579, 3161, 158, 400, 0, 0, 0.54%, 1, 0, 5, 1704.03
1775299584, 3161, 312, 400, 0, 0, 0.54%, 1, 0, 5, 1743.00
1775299589, 3161, 396, 400, 0, 0, 0.54%, 1, 0, 5, 1397.38
1775299594, 3162, 57, 400, 0, 0, 0.54%, 1, 0, 5, 1620.91
1775299599, 3162, 106, 400, 0, 0, 0.54%, 1, 0, 5, 1715.65
1775299605, 3162, 247, 400, 0, 0, 0.54%, 1, 0, 5, 1693.20
1775299610, 3162, 387, 400, 0, 0, 0.54%, 1, 0, 5, 1584.10
1775299615, 3163, 57, 400, 0, 0, 0.54%, 1, 0, 5, 1552.87
1775299620, 3163, 86, 400, 0, 0, 0.54%, 1, 0, 5, 1496.14
1775299625, 3163, 126, 400, 0, 0, 0.54%, 1, 0, 5, 1541.17
1775299630, 3163, 255, 400, 0, 0, 0.54%, 1, 0, 5, 1591.85
1775299635, 3163, 349, 400, 0, 0, 0.54%, 1, 0, 5, 1446.36
1775299640, 3164, 74, 400, 0, 0, 0.54%, 1, 0, 5, 1590.69
1775299646, 3164, 106, 400, 0, 0, 0.54%, 1, 0, 5, 1585.26
1775299651, 3164, 230, 400, 0, 0, 0.54%, 1, 0, 5, 1735.30
1775299656, 3164, 337, 400, 0, 0, 0.54%, 1, 0, 5, 1656.05
1775299661, 3165, 51, 400, 0, 0, 0.54%, 1, 0, 5, 1738.01
1775299666, 3165, 88, 400, 0, 0, 0.54%, 1, 0, 5, 1760.23
1775299671, 3165, 211, 400, 0, 0, 0.54%, 1, 0, 5, 1608.32
1775299676, 3165, 280, 400, 0, 0, 0.54%, 1, 0, 5, 1597.30
1775299681, 3165, 338, 400, 0, 0, 0.54%, 1, 0, 5, 1639.40
1775299686, 3166, 78, 400, 0, 0, 0.54%, 1, 0, 5, 1759.31
1775299691, 3166, 106, 400, 0, 0, 0.54%, 1, 0, 5, 1733.73
1775299696, 3166, 206, 400, 0, 0, 0.54%, 1, 0, 5, 1609.21
1775299701, 3166, 311, 400, 0, 0, 0.54%, 1, 0, 5, 1657.46
1775299707, 3167, 47, 400, 0, 0, 0.54%, 1, 0, 5, 1649.11
1775299712, 3167, 83, 400, 0, 0, 0.54%, 1, 0, 5, 1698.97
1775299717, 3167, 106, 400, 0, 0, 0.54%, 1, 0, 5, 1564.85
1775299722, 3167, 158, 400, 0, 0, 0.54%, 1, 0, 5, 1611.60
1775299727, 3167, 288, 400, 0, 0, 0.54%, 1, 0, 5, 1603.72
1775299732, 3168, 21, 400, 0, 0, 0.54%, 1, 0, 5, 1534.04
1775299737, 3168, 73, 400, 0, 0, 0.54%, 1, 0, 5, 1712.64
1775299742, 3168, 123, 400, 0, 0, 0.54%, 1, 0, 5, 1715.57
1775299747, 3168, 241, 400, 0, 0, 0.54%, 1, 0, 5, 562.48
1775299752, 3168, 373, 400, 0, 0, 0.54%, 1, 0, 5, 1320.72
1775299758, 3169, 58, 400, 0, 0, 0.54%, 1, 0, 5, 1492.78
1775299763, 3169, 106, 400, 0, 0, 0.54%, 1, 0, 5, 1708.95
1775299768, 3169, 254, 400, 0, 0, 0.54%, 1, 0, 5, 1739.44
1775299773, 3169, 344, 400, 0, 0, 0.54%, 1, 0, 5, 1544.66
1775299778, 3170, 57, 400, 0, 0, 0.54%, 1, 0, 5, 1509.30
1775299783, 3170, 98, 400, 0, 0, 0.54%, 1, 0, 5, 1819.85
1775299788, 3170, 145, 400, 0, 0, 0.54%, 1, 0, 5, 1584.02
1775299793, 3170, 260, 400, 0, 0, 0.54%, 1, 0, 5, 1713.81
1775299798, 3170, 333, 400, 0, 0, 0.54%, 1, 0, 5, 1596.57
1775299803, 3171, 32, 400, 0, 0, 0.54%, 1, 0, 5, 1661.41
1775299808, 3171, 83, 400, 0, 0, 0.54%, 1, 0, 5, 1600.99
1775299813, 3171, 119, 400, 0, 0, 0.54%, 1, 0, 5, 1640.70
1775299819, 3171, 254, 400, 0, 0, 0.54%, 1, 0, 5, 1757.34
1775299824, 3171, 398, 400, 0, 0, 0.54%, 1, 0, 5, 1651.85
1775299829, 3172, 57, 400, 0, 0, 0.54%, 1, 0, 5, 1963.93
1775299834, 3172, 86, 400, 0, 0, 0.54%, 1, 0, 5, 1717.61
1775299839, 3172, 132, 400, 0, 0, 0.54%, 1, 0, 5, 1760.77
1775299844, 3172, 248, 400, 0, 0, 0.54%, 1, 0, 5, 1585.99
1775299849, 3172, 298, 400, 0, 0, 0.54%, 1, 0, 5, 1528.36
1775299855, 3172, 373, 400, 0, 0, 0.54%, 1, 0, 5, 1519.32
1775299860, 3173, 83, 400, 0, 0, 0.54%, 1, 0, 5, 1711.87
1775299865, 3173, 128, 400, 0, 0, 0.54%, 1, 0, 5, 1669.30
1775299870, 3173, 265, 400, 0, 0, 0.54%, 1, 0, 5, 1580.25
1775299875, 3173, 343, 400, 0, 0, 0.54%, 1, 0, 5, 1582.32
1775299880, 3174, 15, 400, 0, 0, 0.54%, 1, 0, 5, 1473.71
1775299885, 3174, 73, 400, 0, 0, 0.54%, 1, 0, 5, 1540.52
1775299890, 3174, 121, 400, 0, 0, 0.54%, 1, 0, 5, 1543.31
1775299896, 3174, 191, 400, 0, 0, 0.54%, 1, 0, 5, 1552.95
1775299901, 3174, 333, 400, 0, 0, 0.54%, 1, 0, 5, 1594.19
1775299906, 3175, 73, 400, 0, 0, 0.54%, 1, 0, 5, 1613.24
1775299911, 3175, 108, 400, 0, 0, 0.54%, 1, 0, 5, 1663.85
1775299916, 3175, 233, 400, 0, 0, 0.54%, 1, 0, 5, 1699.37
1775299921, 3175, 304, 400, 0, 0, 0.54%, 1, 0, 5, 1475.39
1775299926, 3175, 399, 400, 0, 0, 0.54%, 1, 0, 5, 1510.66
1775299931, 3176, 51, 400, 0, 0, 0.54%, 1, 0, 5, 1519.96
1775299937, 3176, 86, 400, 0, 0, 0.54%, 1, 0, 5, 1665.80
1775299942, 3176, 169, 400, 0, 0, 0.54%, 1, 0, 5, 1680.35
1775299947, 3176, 333, 400, 0, 0, 0.54%, 1, 0, 5, 1626.29
1775299952, 3177, 65, 400, 0, 0, 0.54%, 1, 0, 5, 1562.58
1775299957, 3177, 88, 400, 0, 0, 0.54%, 1, 0, 5, 1664.21
1775299962, 3177, 158, 400, 0, 0, 0.54%, 1, 0, 5, 1715.98
1775299967, 3177, 312, 400, 0, 0, 0.54%, 1, 0, 5, 1586.19
1775299972, 3178, 51, 400, 0, 0, 0.54%, 1, 0, 5, 1656.26
1775299977, 3178, 93, 400, 0, 0, 0.54%, 1, 0, 5, 1692.56
1775299983, 3178, 180, 400, 0, 0, 0.54%, 1, 0, 5, 1749.23
1775299988, 3178, 312, 400, 0, 0, 0.54%, 1, 0, 5, 1614.43
1775299993, 3179, 33, 400, 0, 0, 0.54%, 1, 0, 5, 1517.25
1775299998, 3179, 84, 400, 0, 0, 0.54%, 1, 0, 5, 1637.17
1775300003, 3179, 106, 400, 0, 0, 0.54%, 1, 0, 5, 1654.88
1775300008, 3179, 202, 400, 0, 0, 0.54%, 1, 0, 5, 1760.99
1775300013, 3179, 333, 400, 0, 0, 0.54%, 1, 0, 5, 1599.61
1775300018, 3180, 51, 400, 0, 0, 0.54%, 1, 0, 5, 1547.72
1775300023, 3180, 88, 400, 0, 0, 0.54%, 1, 0, 5, 1755.42
1775300028, 3180, 213, 400, 0, 0, 0.54%, 1, 0, 5, 1590.79
1775300033, 3180, 333, 400, 0, 0, 0.54%, 1, 0, 5, 1639.61
1775300039, 3181, 37, 400, 0, 0, 0.54%, 1, 0, 5, 1630.99
1775300044, 3181, 83, 400, 0, 0, 0.54%, 1, 0, 5, 1729.35
1775300049, 3181, 137, 400, 0, 0, 0.54%, 1, 0, 5, 1639.40
1775300054, 3181, 233, 400, 0, 0, 0.54%, 1, 0, 5, 1687.94
1775300059, 3181, 338, 400, 0, 0, 0.54%, 1, 0, 5, 1304.74
1775300064, 3182, 51, 400, 0, 0, 0.54%, 1, 0, 5, 1785.63
1775300069, 3182, 86, 400, 0, 0, 0.54%, 1, 0, 5, 1774.48
1775300075, 3182, 147, 400, 0, 0, 0.54%, 1, 0, 5, 1483.29
1775300080, 3182, 212, 400, 0, 0, 0.54%, 1, 0, 5, 1654.70
1775300085, 3182, 333, 400, 0, 0, 0.54%, 1, 0, 5, 1572.56
1775300090, 3183, 57, 400, 0, 0, 0.54%, 1, 0, 5, 1641.79
1775300095, 3183, 106, 400, 0, 0, 0.54%, 1, 0, 5, 1730.13
1775300100, 3183, 228, 400, 0, 0, 0.54%, 1, 0, 5, 1770.15
1775300105, 3183, 330, 400, 0, 0, 0.54%, 1, 0, 5, 1707.46
1775300110, 3184, 61, 400, 0, 0, 0.54%, 1, 0, 5, 1621.29
1775300115, 3184, 90, 400, 0, 0, 0.54%, 1, 0, 5, 1741.02
1775300120, 3184, 220, 400, 0, 0, 0.54%, 1, 0, 5, 1637.34
1775300125, 3184, 333, 400, 0, 0, 0.54%, 1, 0, 5, 1636.77
1775300130, 3185, 65, 400, 0, 0, 0.54%, 1, 0, 5, 1484.59
1775300136, 3185, 93, 400, 0, 0, 0.54%, 1, 0, 5, 1585.99
1775300141, 3185, 203, 400, 0, 0, 0.54%, 1, 0, 5, 1687.72
1775300146, 3185, 273, 400, 0, 0, 0.54%, 1, 0, 5, 1542.74
1775300151, 3185, 390, 400, 0, 0, 0.54%, 1, 0, 5, 1510.76
1775300156, 3186, 83, 400, 0, 0, 0.54%, 1, 0, 5, 1663.66
1775300161, 3186, 138, 400, 0, 0, 0.54%, 1, 0, 5, 1707.90
1775300166, 3186, 308, 400, 0, 0, 0.54%, 1, 0, 5, 1616.89
1775300171, 3186, 393, 400, 0, 0, 0.54%, 1, 0, 5, 1586.73
1775300176, 3187, 84, 400, 0, 0, 0.54%, 1, 0, 5, 1678.18
1775300182, 3187, 106, 400, 0, 0, 0.54%, 1, 0, 5, 1684.54
1775300187, 3187, 182, 400, 0, 0, 0.54%, 1, 0, 5, 1626.81
1775300192, 3187, 311, 400, 0, 0, 0.54%, 1, 0, 5, 1580.12
1775300197, 3187, 396, 400, 0, 0, 0.54%, 1, 0, 5, 1638.19
1775300202, 3188, 57, 400, 0, 0, 0.54%, 1, 0, 5, 1569.93
1775300207, 3188, 88, 400, 0, 0, 0.54%, 1, 0, 5, 1658.91
1775300212, 3188, 159, 400, 0, 0, 0.54%, 1, 0, 5, 1488.62
1775300217, 3188, 337, 400, 0, 0, 0.54%, 1, 0, 5, 1613.35
1775300223, 3189, 51, 400, 0, 0, 0.54%, 1, 0, 5, 1694.09
1775300228, 3189, 88, 400, 0, 0, 0.54%, 1, 0, 5, 1663.37
1775300233, 3189, 188, 400, 0, 0, 0.54%, 1, 0, 5, 1554.52
1775300238, 3189, 304, 400, 0, 0, 0.54%, 1, 0, 5, 1555.87
1775300243, 3190, 51, 400, 0, 0, 0.54%, 1, 0, 5, 1595.58
1775300248, 3190, 86, 400, 0, 0, 0.54%, 1, 0, 5, 1647.41
1775300254, 3190, 160, 400, 0, 0, 0.54%, 1, 0, 5, 1620.19
1775300259, 3190, 252, 400, 0, 0, 0.54%, 1, 0, 5, 1535.78
1775300264, 3190, 335, 400, 0, 0, 0.54%, 1, 0, 5, 1504.17
1775300269, 3191, 57, 400, 0, 0, 0.54%, 1, 0, 5, 1397.92
1775300274, 3191, 88, 400, 0, 0, 0.54%, 1, 0, 5, 1538.48
1775300279, 3191, 123, 400, 0, 0, 0.54%, 1, 0, 5, 1517.02
1775300284, 3191, 165, 400, 0, 0, 0.54%, 1, 0, 5, 1678.12
1775300289, 3191, 312, 400, 0, 0, 0.54%, 1, 0, 5, 1556.24
1775300295, 3192, 11, 400, 0, 0, 0.54%, 1, 0, 5, 1522.67
1775300300, 3192, 86, 400, 0, 0, 0.54%, 1, 0, 5, 1598.82
1775300305, 3192, 115, 400, 0, 0, 0.54%, 1, 0, 5, 1597.30
1775300310, 3192, 304, 400, 0, 0, 0.54%, 1, 0, 5, 1567.43
1775300315, 3192, 337, 400, 0, 0, 0.54%, 1, 0, 5, 1537.32
1775300320, 3193, 48, 400, 0, 0, 0.54%, 1, 0, 5, 1522.74
1775300325, 3193, 86, 400, 0, 0, 0.54%, 1, 0, 5, 1796.18
1775300330, 3193, 143, 400, 0, 0, 0.54%, 1, 0, 5, 1623.29
1775300335, 3193, 212, 400, 0, 0, 0.54%, 1, 0, 5, 1501.11
1775300341, 3193, 337, 400, 0, 0, 0.54%, 1, 0, 5, 1443.93
1775300346, 3194, 57, 400, 0, 0, 0.54%, 1, 0, 5, 1776.88
1775300351, 3194, 90, 400, 0, 0, 0.54%, 1, 0, 5, 1764.54
1775300356, 3194, 162, 400, 0, 0, 0.54%, 1, 0, 5, 1665.87
1775300361, 3194, 222, 400, 0, 0, 0.54%, 1, 0, 5, 1602.07
1775300366, 3194, 333, 400, 0, 0, 0.54%, 1, 0, 5, 1598.97
1775300371, 3195, 41, 400, 0, 0, 0.54%, 1, 0, 5, 1544.03
1775300376, 3195, 76, 400, 0, 0, 0.54%, 1, 0, 5, 1605.08
1775300381, 3195, 109, 400, 0, 0, 0.54%, 1, 0, 5, 1644.50
1775300386, 3195, 203, 400, 0, 0, 0.54%, 1, 0, 5, 1746.25
1775300392, 3195, 390, 400, 0, 0, 0.54%, 1, 0, 5, 1464.62
1775300397, 3196, 57, 400, 0, 0, 0.54%, 1, 0, 5, 1675.97
1775300402, 3196, 88, 400, 0, 0, 0.54%, 1, 0, 5, 1636.74
1775300407, 3196, 158, 400, 0, 0, 0.54%, 1, 0, 5, 1591.63
1775300412, 3196, 263, 400, 0, 0, 0.54%, 1, 0, 5, 1657.22
1775300417, 3196, 337, 400, 0, 0, 0.54%, 1, 0, 5, 1579.18
1775300422, 3197, 73, 400, 0, 0, 0.54%, 1, 0, 5, 1661.63
1775300427, 3197, 121, 400, 0, 0, 0.54%, 1, 0, 5, 1753.77
1775300432, 3197, 160, 400, 0, 0, 0.54%, 1, 0, 5, 1601.71
1775300437, 3197, 288, 400, 0, 0, 0.54%, 1, 0, 5, 1613.96
1775300442, 3197, 367, 400, 0, 0, 0.54%, 1, 0, 5, 1440.10
1775300447, 3198, 83, 400, 0, 0, 0.54%, 1, 0, 5, 1549.00
1775300452, 3198, 127, 400, 0, 0, 0.54%, 1, 0, 5, 1678.85
1775300457, 3198, 209, 400, 0, 0, 0.54%, 1, 0, 5, 1702.45
1775300463, 3198, 312, 400, 0, 0, 0.54%, 1, 0, 5, 1687.72
1775300468, 3199, 72, 400, 0, 0, 0.54%, 1, 0, 5, 1592.36
1775300473, 3199, 103, 400, 0, 0, 0.54%, 1, 0, 5, 1688.90
1775300478, 3199, 158, 400, 0, 0, 0.54%, 1, 0, 5, 1464.84
1775300483, 3199, 304, 400, 0, 0, 0.54%, 1, 0, 5, 1712.38
1775300488, 3200, 9, 400, 0, 0, 0.54%, 1, 0, 5, 1501.31
1775300493, 3200, 88, 400, 0, 0, 0.54%, 1, 0, 5, 1753.44
1775300498, 3200, 158, 400, 0, 0, 0.54%, 1, 0, 5, 1657.81
1775300503, 3200, 267, 400, 0, 0, 0.54%, 1, 0, 5, 1607.41
1775300508, 3200, 318, 400, 0, 0, 0.54%, 1, 0, 5, 1472.40
1775300513, 3200, 396, 400, 0, 0, 0.54%, 1, 0, 5, 1469.34
1775300518, 3201, 60, 400, 0, 0, 0.54%, 1, 0, 5, 1510.28
1775300523, 3201, 95, 400, 0, 0, 0.54%, 1, 0, 5, 1702.57
1775300528, 3201, 304, 400, 0, 0, 0.54%, 1, 0, 5, 1592.45
1775300533, 3202, 22, 400, 0, 0, 0.54%, 1, 0, 5, 1682.78
1775300538, 3202, 73, 400, 0, 0, 0.54%, 1, 0, 5, 1758.22
1775300544, 3202, 106, 400, 0, 0, 0.54%, 1, 0, 5, 1681.50
1775300549, 3202, 274, 400, 0, 0, 0.54%, 1, 0, 5, 1612.36
1775300554, 3202, 394, 400, 0, 0, 0.54%, 1, 0, 5, 1708.91
1775300559, 3203, 48, 400, 0, 0, 0.54%, 1, 0, 5, 1556.53
1775300564, 3203, 88, 400, 0, 0, 0.54%, 1, 0, 5, 1740.60
1775300569, 3203, 171, 400, 0, 0, 0.54%, 1, 0, 5, 1727.95
1775300574, 3203, 277, 400, 0, 0, 0.54%, 1, 0, 5, 1659.72
1775300579, 3203, 349, 400, 0, 0, 0.54%, 1, 0, 5, 1483.47
1775300584, 3204, 51, 400, 0, 0, 0.54%, 1, 0, 5, 1566.10
1775300589, 3204, 92, 400, 0, 0, 0.54%, 1, 0, 5, 1652.55
1775300594, 3204, 140, 400, 0, 0, 0.54%, 1, 0, 5, 1545.18
1775300600, 3204, 222, 400, 0, 0, 0.54%, 1, 0, 5, 1605.78
1775300605, 3204, 287, 400, 0, 0, 0.54%, 1, 0, 5, 1546.14
1775300610, 3204, 393, 400, 0, 0, 0.54%, 1, 0, 5, 1476.63
1775300615, 3205, 73, 400, 0, 0, 0.54%, 1, 0, 5, 1574.73
1775300620, 3205, 92, 400, 0, 0, 0.54%, 1, 0, 5, 1621.57
1775300625, 3205, 158, 400, 0, 0, 0.54%, 1, 0, 5, 1408.93
1775300630, 3205, 287, 400, 0, 0, 0.54%, 1, 0, 5, 1540.14
1775300635, 3206, 51, 400, 0, 0, 0.54%, 1, 0, 5, 1498.67
1775300640, 3206, 93, 400, 0, 0, 0.54%, 1, 0, 5, 1669.19
1775300646, 3206, 150, 400, 0, 0, 0.54%, 1, 0, 5, 1712.22
1775300651, 3206, 280, 400, 0, 0, 0.54%, 1, 0, 5, 1635.76
1775300656, 3207, 30, 400, 0, 0, 0.54%, 1, 0, 5, 1633.45
1775300661, 3207, 83, 400, 0, 0, 0.54%, 1, 0, 5, 1729.97
1775300666, 3207, 123, 400, 0, 0, 0.54%, 1, 0, 5, 1689.30
1775300671, 3207, 240, 400, 0, 0, 0.54%, 1, 0, 5, 1687.65
1775300676, 3207, 304, 400, 0, 0, 0.54%, 1, 0, 5, 1605.49
1775300681, 3208, 31, 400, 0, 0, 0.54%, 1, 0, 5, 1700.51
1775300686, 3208, 83, 400, 0, 0, 0.54%, 1, 0, 5, 1747.64
1775300691, 3208, 128, 400, 0, 0, 0.54%, 1, 0, 5, 1686.13
1775300696, 3208, 304, 400, 0, 0, 0.54%, 1, 0, 5, 1564.26
1775300702, 3208, 376, 400, 0, 0, 0.54%, 1, 0, 5, 1486.46
1775300707, 3209, 72, 400, 0, 0, 0.54%, 1, 0, 5, 1792.01
1775300712, 3209, 92, 400, 0, 0, 0.54%, 1, 0, 5, 1775.80
1775300717, 3209, 208, 400, 0, 0, 0.54%, 1, 0, 5, 1668.00
1775300722, 3209, 312, 400, 0, 0, 0.54%, 1, 0, 5, 1624.98
1775300727, 3210, 48, 400, 0, 0, 0.54%, 1, 0, 5, 1553.03
1775300732, 3210, 86, 400, 0, 0, 0.54%, 1, 0, 5, 1611.27
1775300737, 3210, 158, 400, 0, 0, 0.54%, 1, 0, 5, 1626.43
1775300742, 3210, 244, 400, 0, 0, 0.54%, 1, 0, 5, 1548.95
1775300747, 3210, 351, 400, 0, 0, 0.54%, 1, 0, 5, 1512.45
1775300752, 3210, 399, 400, 0, 0, 0.54%, 1, 0, 5, 1677.99
1775300757, 3211, 70, 400, 0, 0, 0.54%, 1, 0, 5, 1633.49
1775300762, 3211, 96, 400, 0, 0, 0.54%, 1, 0, 5, 1299.18
1775300768, 3211, 166, 400, 0, 0, 0.54%, 1, 0, 5, 1518.91
1775300773, 3211, 311, 400, 0, 0, 0.54%, 1, 0, 5, 1595.07
1775300778, 3212, 63, 400, 0, 0, 0.54%, 1, 0, 5, 1560.96
1775300783, 3212, 106, 400, 0, 0, 0.54%, 1, 0, 5, 1498.12
1775300788, 3212, 211, 400, 0, 0, 0.54%, 1, 0, 5, 1566.50
1775300793, 3212, 312, 400, 0, 0, 0.54%, 1, 0, 5, 1625.91
1775300798, 3213, 83, 400, 0, 0, 0.54%, 1, 0, 5, 1557.18
1775300803, 3213, 210, 400, 0, 0, 0.54%, 1, 0, 5, 1684.58
1775300808, 3213, 312, 400, 0, 0, 0.54%, 1, 0, 5, 1691.38
1775300813, 3214, 52, 400, 0, 0, 0.54%, 1, 0, 5, 1638.53
1775300818, 3214, 86, 400, 0, 0, 0.54%, 1, 0, 5, 1848.06
1775300824, 3214, 158, 400, 0, 0, 0.54%, 1, 0, 5, 1773.20
1775300829, 3214, 277, 400, 0, 0, 0.54%, 1, 0, 5, 1640.93
1775300834, 3214, 331, 400, 0, 0, 0.54%, 1, 0, 5, 1676.43
1775300839, 3214, 395, 400, 0, 0, 0.54%, 1, 0, 5, 1367.81
1775300844, 3215, 69, 400, 0, 0, 0.54%, 1, 0, 5, 1507.21
1775300849, 3215, 106, 400, 0, 0, 0.54%, 1, 0, 5, 1606.66
1775300854, 3215, 304, 400, 0, 0, 0.54%, 1, 0, 5, 1446.55
1775300859, 3216, 55, 400, 0, 0, 0.54%, 1, 0, 5, 1589.66
1775300864, 3216, 88, 400, 0, 0, 0.54%, 1, 0, 5, 1719.49
1775300870, 3216, 161, 400, 0, 0, 0.54%, 1, 0, 5, 1630.02
1775300875, 3216, 237, 400, 0, 0, 0.54%, 1, 0, 5, 1581.39
1775300880, 3216, 352, 400, 0, 0, 0.54%, 1, 0, 5, 1647.41
1775300885, 3217, 57, 400, 0, 0, 0.54%, 1, 0, 5, 1716.42
1775300890, 3217, 88, 400, 0, 0, 0.54%, 1, 0, 5, 1722.31
1775300895, 3217, 175, 400, 0, 0, 0.54%, 1, 0, 5, 1771.86
1775300900, 3217, 333, 400, 0, 0, 0.54%, 1, 0, 5, 1644.62
1775300905, 3218, 18, 400, 0, 0, 0.54%, 1, 0, 5, 1580.22
1775300910, 3218, 93, 400, 0, 0, 0.54%, 1, 0, 5, 1846.40
1775300915, 3218, 158, 400, 0, 0, 0.54%, 1, 0, 5, 1769.47
1775300921, 3218, 312, 400, 0, 0, 0.54%, 1, 0, 5, 1663.79
1775300926, 3219, 57, 400, 0, 0, 0.54%, 1, 0, 5, 1538.68
1775300931, 3219, 93, 400, 0, 0, 0.54%, 1, 0, 5, 1657.28
1775300936, 3219, 193, 400, 0, 0, 0.54%, 1, 0, 5, 1600.76
1775300941, 3219, 346, 400, 0, 0, 0.54%, 1, 0, 5, 1594.45
1775300946, 3220, 73, 400, 0, 0, 0.54%, 1, 0, 5, 1737.29
1775300951, 3220, 106, 400, 0, 0, 0.54%, 1, 0, 5, 1733.09
1775300956, 3220, 202, 400, 0, 0, 0.54%, 1, 0, 5, 1722.93
1775300961, 3220, 333, 400, 0, 0, 0.54%, 1, 0, 5, 1669.81
1775300966, 3221, 51, 400, 0, 0, 0.54%, 1, 0, 5, 1644.77
1775300971, 3221, 93, 400, 0, 0, 0.54%, 1, 0, 5, 1747.53
1775300976, 3221, 159, 400, 0, 0, 0.54%, 1, 0, 5, 1596.71
1775300982, 3221, 258, 400, 0, 0, 0.54%, 1, 0, 5, 1712.11
1775300987, 3221, 311, 400, 0, 0, 0.54%, 1, 0, 5, 1589.93
1775300992, 3222, 23, 400, 0, 0, 0.54%, 1, 0, 5, 1541.54
1775300997, 3222, 73, 400, 0, 0, 0.54%, 1, 0, 5, 1661.46
1775301002, 3222, 106, 400, 0, 0, 0.54%, 1, 0, 5, 1623.28
1775301007, 3222, 176, 400, 0, 0, 0.54%, 1, 0, 5, 1576.51
1775301012, 3222, 314, 400, 0, 0, 0.54%, 1, 0, 5, 1609.50
1775301017, 3223, 44, 400, 0, 0, 0.54%, 1, 0, 5, 1681.14
1775301022, 3223, 86, 400, 0, 0, 0.54%, 1, 0, 5, 1770.35
1775301027, 3223, 202, 400, 0, 0, 0.54%, 1, 0, 5, 1811.90
1775301032, 3223, 274, 400, 0, 0, 0.54%, 1, 0, 5, 1635.50
1775301037, 3223, 339, 400, 0, 0, 0.54%, 1, 0, 5, 1607.76
1775301042, 3224, 83, 400, 0, 0, 0.54%, 1, 0, 5, 1570.75
1775301048, 3224, 115, 400, 0, 0, 0.54%, 1, 0, 5, 1629.85
1775301053, 3224, 238, 400, 0, 0, 0.54%, 1, 0, 5, 1616.63
1775301058, 3224, 304, 400, 0, 0, 0.54%, 1, 0, 5, 1624.07
1775301063, 3225, 36, 400, 0, 0, 0.54%, 1, 0, 5, 1565.84
1775301068, 3225, 81, 400, 0, 0, 0.54%, 1, 0, 5, 1659.55
1775301073, 3225, 158, 400, 0, 0, 0.54%, 1, 0, 5, 1686.94
1775301078, 3225, 287, 400, 0, 0, 0.54%, 1, 0, 5, 1709.76
1775301083, 3226, 28, 400, 0, 0, 0.54%, 1, 0, 5, 1646.65
1775301088, 3226, 83, 400, 0, 0, 0.54%, 1, 0, 5, 1596.79
1775301093, 3226, 132, 400, 0, 0, 0.54%, 1, 0, 5, 1600.40
1775301099, 3226, 278, 400, 0, 0, 0.54%, 1, 0, 5, 1636.99
1775301104, 3226, 357, 400, 0, 0, 0.54%, 1, 0, 5, 1503.79
1775301109, 3227, 73, 400, 0, 0, 0.54%, 1, 0, 5, 1577.89
1775301114, 3227, 106, 400, 0, 0, 0.54%, 1, 0, 5, 1702.18
1775301119, 3227, 203, 400, 0, 0, 0.54%, 1, 0, 5, 1746.22
1775301124, 3227, 277, 400, 0, 0, 0.54%, 1, 0, 5, 1646.04
1775301129, 3227, 342, 400, 0, 0, 0.54%, 1, 0, 5, 1561.90
1775301134, 3228, 57, 400, 0, 0, 0.54%, 1, 0, 5, 1659.13
1775301139, 3228, 88, 400, 0, 0, 0.54%, 1, 0, 5, 1743.35
1775301145, 3228, 122, 400, 0, 0, 0.54%, 1, 0, 5, 1516.45
1775301150, 3228, 254, 400, 0, 0, 0.54%, 1, 0, 5, 1731.35
1775301155, 3228, 342, 400, 0, 0, 0.54%, 1, 0, 5, 1643.07
1775301160, 3229, 57, 400, 0, 0, 0.54%, 1, 0, 5, 1749.94
1775301165, 3229, 123, 400, 0, 0, 0.54%, 1, 0, 5, 1701.11
1775301170, 3229, 175, 400, 0, 0, 0.54%, 1, 0, 5, 1678.50
1775301175, 3229, 311, 400, 0, 0, 0.54%, 1, 0, 5, 1616.25
1775301180, 3230, 41, 400, 0, 0, 0.54%, 1, 0, 5, 1619.30
1775301185, 3230, 88, 400, 0, 0, 0.54%, 1, 0, 5, 1766.68
1775301191, 3230, 166, 400, 0, 0, 0.54%, 1, 0, 5, 1717.49
1775301196, 3230, 298, 400, 0, 0, 0.54%, 1, 0, 5, 1740.57
1775301201, 3230, 370, 400, 0, 0, 0.54%, 1, 0, 5, 1452.30
1775301206, 3231, 61, 400, 0, 0, 0.54%, 1, 0, 5, 1621.25
1775301211, 3231, 93, 400, 0, 0, 0.54%, 1, 0, 5, 1662.03
1775301216, 3231, 236, 400, 0, 0, 0.54%, 1, 0, 5, 1736.82
1775301221, 3231, 333, 400, 0, 0, 0.54%, 1, 0, 5, 1669.65
1775301226, 3232, 73, 400, 0, 0, 0.54%, 1, 0, 5, 1697.38
1775301231, 3232, 101, 400, 0, 0, 0.54%, 1, 0, 5, 1673.98
1775301236, 3232, 201, 400, 0, 0, 0.54%, 1, 0, 5, 1643.80
1775301241, 3232, 304, 400, 0, 0, 0.54%, 1, 0, 5, 1713.18
1775301247, 3233, 57, 400, 0, 0, 0.54%, 1, 0, 5, 1720.14
1775301252, 3233, 90, 400, 0, 0, 0.54%, 1, 0, 5, 1602.01
1775301257, 3233, 126, 400, 0, 0, 0.54%, 1, 0, 5, 1650.57
1775301262, 3233, 233, 400, 0, 0, 0.54%, 1, 0, 5, 1592.09
1775301267, 3233, 337, 400, 0, 0, 0.54%, 1, 0, 5, 1456.70
1775301272, 3234, 83, 400, 0, 0, 0.54%, 1, 0, 5, 1693.13
1775301277, 3234, 106, 400, 0, 0, 0.54%, 1, 0, 5, 1755.11
1775301282, 3234, 241, 400, 0, 0, 0.54%, 1, 0, 5, 1769.50
1775301287, 3234, 317, 400, 0, 0, 0.54%, 1, 0, 5, 1665.03
1775301292, 3235, 27, 400, 0, 0, 0.54%, 1, 0, 5, 1551.67
1775301297, 3235, 88, 400, 0, 0, 0.54%, 1, 0, 5, 1677.28
1775301302, 3235, 176, 400, 0, 0, 0.54%, 1, 0, 5, 1617.68
1775301307, 3235, 306, 400, 0, 0, 0.54%, 1, 0, 5, 1483.45
1775301313, 3236, 51, 400, 0, 0, 0.54%, 1, 0, 5, 1586.95
1775301318, 3236, 86, 400, 0, 0, 0.54%, 1, 0, 5, 1745.61
1775301323, 3236, 116, 400, 0, 0, 0.54%, 1, 0, 5, 888.59
1775301328, 3236, 272, 400, 0, 0, 0.54%, 1, 0, 5, 1403.61
1775301333, 3236, 344, 400, 0, 0, 0.54%, 1, 0, 5, 1456.49
1775301338, 3236, 394, 400, 0, 0, 0.54%, 1, 0, 5, 1593.51
1775301343, 3237, 10, 400, 0, 0, 0.54%, 1, 0, 5, 1463.33
1775301348, 3237, 84, 400, 0, 0, 0.54%, 1, 0, 5, 1557.75
1775301353, 3237, 126, 400, 0, 0, 0.54%, 1, 0, 5, 1672.66
1775301359, 3237, 174, 400, 0, 0, 0.54%, 1, 0, 5, 1622.05
1775301364, 3237, 287, 400, 0, 0, 0.54%, 1, 0, 5, 1607.88
1775301369, 3237, 388, 400, 0, 0, 0.54%, 1, 0, 5, 1567.69
1775301374, 3238, 51, 400, 0, 0, 0.54%, 1, 0, 5, 1512.63
1775301379, 3238, 88, 400, 0, 0, 0.54%, 1, 0, 5, 1617.05
1775301384, 3238, 140, 400, 0, 0, 0.54%, 1, 0, 5, 1493.80
1775301389, 3238, 230, 400, 0, 0, 0.54%, 1, 0, 5, 1510.32
1775301394, 3238, 335, 400, 0, 0, 0.54%, 1, 0, 5, 1634.13
1775301399, 3239, 27, 400, 0, 0, 0.54%, 1, 0, 5, 1523.02
1775301404, 3239, 73, 400, 0, 0, 0.54%, 1, 0, 5, 1579.39
1775301409, 3239, 88, 400, 0, 0, 0.54%, 1, 0, 5, 1602.63
1775301414, 3239, 125, 400, 0, 0, 0.54%, 1, 0, 5, 1518.92
1775301420, 3239, 202, 400, 0, 0, 0.54%, 1, 0, 5, 1455.08
1775301425, 3239, 333, 400, 0, 0, 0.54%, 1, 0, 5, 1473.26
1775301430, 3240, 57, 400, 0, 0, 0.54%, 1, 0, 5, 1689.43
1775301435, 3240, 84, 400, 0, 0, 0.54%, 1, 0, 5, 1646.94
1775301440, 3240, 140, 400, 0, 0, 0.54%, 1, 0, 5, 1631.32
1775301445, 3240, 267, 400, 0, 0, 0.54%, 1, 0, 5, 1567.07
1775301450, 3240, 333, 400, 0, 0, 0.54%, 1, 0, 5, 1519.68
1775301455, 3241, 27, 400, 0, 0, 0.54%, 1, 0, 5, 1533.27
1775301460, 3241, 83, 400, 0, 0, 0.54%, 1, 0, 5, 1277.75
1775301465, 3241, 122, 400, 0, 0, 0.54%, 1, 0, 5, 1546.49
1775301470, 3241, 287, 400, 0, 0, 0.54%, 1, 0, 5, 1645.97
1775301475, 3242, 6, 400, 0, 0, 0.54%, 1, 0, 5, 1507.98
1775301481, 3242, 83, 400, 0, 0, 0.54%, 1, 0, 5, 1824.26
1775301486, 3242, 106, 400, 0, 0, 0.54%, 1, 0, 5, 1682.21
1775301491, 3242, 165, 400, 0, 0, 0.54%, 1, 0, 5, 1506.68
1775301496, 3242, 228, 400, 0, 0, 0.54%, 1, 0, 5, 1587.39
1775301501, 3242, 312, 400, 0, 0, 0.54%, 1, 0, 5, 1604.52
1775301506, 3243, 57, 400, 0, 0, 0.54%, 1, 0, 5, 1541.87
1775301511, 3243, 88, 400, 0, 0, 0.54%, 1, 0, 5, 1639.29
1775301516, 3243, 158, 400, 0, 0, 0.54%, 1, 0, 5, 1661.54
1775301522, 3243, 232, 400, 0, 0, 0.54%, 1, 0, 5, 1688.09
1775301527, 3243, 312, 400, 0, 0, 0.54%, 1, 0, 5, 1624.04
1775301532, 3243, 393, 400, 0, 0, 0.54%, 1, 0, 5, 1403.11
1775301537, 3244, 73, 400, 0, 0, 0.54%, 1, 0, 5, 1620.56
1775301542, 3244, 118, 400, 0, 0, 0.54%, 1, 0, 5, 1639.54
1775301547, 3244, 197, 400, 0, 0, 0.54%, 1, 0, 5, 1643.93
1775301552, 3244, 268, 400, 0, 0, 0.54%, 1, 0, 5, 1662.32
1775301557, 3244, 337, 400, 0, 0, 0.54%, 1, 0, 5, 1570.41
1775301562, 3245, 73, 400, 0, 0, 0.54%, 1, 0, 5, 1615.62
1775301567, 3245, 93, 400, 0, 0, 0.54%, 1, 0, 5, 1519.62
1775301572, 3245, 188, 400, 0, 0, 0.54%, 1, 0, 5, 1685.45
1775301577, 3245, 311, 400, 0, 0, 0.54%, 1, 0, 5, 1575.58
1775301582, 3246, 30, 400, 0, 0, 0.54%, 1, 0, 5, 1450.18
1775301588, 3246, 88, 400, 0, 0, 0.54%, 1, 0, 5, 1614.80
1775301593, 3246, 158, 400, 0, 0, 0.54%, 1, 0, 5, 1677.91
1775301598, 3246, 304, 400, 0, 0, 0.54%, 1, 0, 5, 1585.64
1775301603, 3247, 6, 400, 0, 0, 0.54%, 1, 0, 5, 1435.09
1775301608, 3247, 88, 400, 0, 0, 0.54%, 1, 0, 5, 1510.03
1775301613, 3247, 158, 400, 0, 0, 0.54%, 1, 0, 5, 1631.00
1775301618, 3247, 311, 400, 0, 0, 0.54%, 1, 0, 5, 1510.33
1775301623, 3248, 51, 400, 0, 0, 0.54%, 1, 0, 5, 1579.61
1775301628, 3248, 86, 400, 0, 0, 0.54%, 1, 0, 5, 271.19
1775301633, 3248, 158, 400, 0, 0, 0.54%, 1, 0, 5, 1546.69
1775301638, 3248, 304, 400, 0, 0, 0.54%, 1, 0, 5, 1682.99
1775301644, 3249, 57, 400, 0, 0, 0.54%, 1, 0, 5, 1699.18
1775301649, 3249, 86, 400, 0, 0, 0.54%, 1, 0, 5, 1745.95
1775301654, 3249, 168, 400, 0, 0, 0.54%, 1, 0, 5, 1681.38
1775301659, 3249, 253, 400, 0, 0, 0.54%, 1, 0, 5, 1638.78
1775301664, 3249, 333, 400, 0, 0, 0.54%, 1, 0, 5, 1560.97
1775301669, 3250, 12, 400, 0, 0, 0.54%, 1, 0, 5, 1641.65
1775301674, 3250, 56, 400, 0, 0, 0.54%, 1, 0, 5, 1687.30
1775301679, 3250, 99, 400, 0, 0, 0.54%, 1, 0, 5, 1717.15
1775301684, 3250, 206, 400, 0, 0, 0.54%, 1, 0, 5, 1665.29
1775301689, 3250, 280, 400, 0, 0, 0.54%, 1, 0, 5, 1680.15
1775301695, 3250, 362, 400, 0, 0, 0.54%, 1, 0, 5, 1598.03
1775301700, 3251, 70, 400, 0, 0, 0.54%, 1, 0, 5, 1531.89
1775301705, 3251, 106, 400, 0, 0, 0.54%, 1, 0, 5, 1530.73
1775301710, 3251, 194, 400, 0, 0, 0.54%, 1, 0, 5, 1466.25
1775301715, 3251, 312, 400, 0, 0, 0.54%, 1, 0, 5, 1558.29
1775301720, 3252, 31, 400, 0, 0, 0.54%, 1, 0, 5, 1634.49
1775301725, 3252, 83, 400, 0, 0, 0.54%, 1, 0, 5, 1627.04
1775301730, 3252, 116, 400, 0, 0, 0.54%, 1, 0, 5, 1617.35
1775301735, 3252, 287, 400, 0, 0, 0.54%, 1, 0, 5, 1623.76
1775301740, 3253, 29, 400, 0, 0, 0.54%, 1, 0, 5, 1568.59
1775301746, 3253, 73, 400, 0, 0, 0.54%, 1, 0, 5, 1697.69
1775301751, 3253, 105, 400, 0, 0, 0.54%, 1, 0, 5, 1702.54
1775301756, 3253, 226, 400, 0, 0, 0.54%, 1, 0, 5, 1694.16
1775301761, 3253, 319, 400, 0, 0, 0.54%, 1, 0, 5, 1636.31
1775301766, 3254, 83, 400, 0, 0, 0.54%, 1, 0, 5, 1606.04
1775301771, 3254, 119, 400, 0, 0, 0.54%, 1, 0, 5, 1460.89
1775301776, 3254, 234, 400, 0, 0, 0.54%, 1, 0, 5, 1518.40
1775301781, 3254, 332, 400, 0, 0, 0.54%, 1, 0, 5, 1512.85
1775301786, 3254, 398, 400, 0, 0, 0.54%, 1, 0, 5, 1558.26
1775301791, 3255, 73, 400, 0, 0, 0.54%, 1, 0, 5, 1730.40
1775301796, 3255, 141, 400, 0, 0, 0.54%, 1, 0, 5, 1629.21
1775301802, 3255, 233, 400, 0, 0, 0.54%, 1, 0, 5, 1601.91
1775301807, 3255, 311, 400, 0, 0, 0.54%, 1, 0, 5, 1579.13
1775301812, 3256, 34, 400, 0, 0, 0.54%, 1, 0, 5, 1592.38
1775301817, 3256, 88, 400, 0, 0, 0.54%, 1, 0, 5, 1734.67
1775301822, 3256, 178, 400, 0, 0, 0.54%, 1, 0, 5, 1576.03
1775301827, 3256, 304, 400, 0, 0, 0.54%, 1, 0, 5, 1578.43
1775301832, 3257, 2, 400, 0, 0, 0.54%, 1, 0, 5, 1508.85
1775301837, 3257, 73, 400, 0, 0, 0.54%, 1, 0, 5, 1520.63
1775301843, 3257, 106, 400, 0, 0, 0.54%, 1, 0, 5, 1681.54
1775301848, 3257, 234, 400, 0, 0, 0.54%, 1, 0, 5, 1547.21
1775301853, 3257, 349, 400, 0, 0, 0.54%, 1, 0, 5, 1502.48
1775301858, 3258, 73, 400, 0, 0, 0.54%, 1, 0, 5, 1598.42
1775301863, 3258, 102, 400, 0, 0, 0.54%, 1, 0, 5, 1566.29
1775301868, 3258, 304, 400, 0, 0, 0.54%, 1, 0, 5, 1630.10
1775301873, 3258, 371, 400, 0, 0, 0.54%, 1, 0, 5, 1406.70
1775301878, 3259, 57, 400, 0, 0, 0.54%, 1, 0, 5, 1641.00
1775301883, 3259, 88, 400, 0, 0, 0.54%, 1, 0, 5, 1813.64
1775301889, 3259, 158, 400, 0, 0, 0.54%, 1, 0, 5, 1763.90
1775301894, 3259, 304, 400, 0, 0, 0.54%, 1, 0, 5, 1534.48
1775301899, 3259, 393, 400, 0, 0, 0.54%, 1, 0, 5, 398.04
1775301904, 3260, 82, 400, 0, 0, 0.54%, 1, 0, 5, 1453.90
1775301909, 3260, 100, 400, 0, 0, 0.54%, 1, 0, 5, 1597.26
1775301914, 3260, 247, 400, 0, 0, 0.54%, 1, 0, 5, 1824.15
1775301919, 3260, 333, 400, 0, 0, 0.54%, 1, 0, 5, 1641.24
1775301924, 3261, 57, 400, 0, 0, 0.54%, 1, 0, 5, 310.68
1775301929, 3261, 93, 400, 0, 0, 0.54%, 1, 0, 5, 1709.37
1775301935, 3261, 158, 400, 0, 0, 0.54%, 1, 0, 5, 1718.13
1775301940, 3261, 278, 400, 0, 0, 0.54%, 1, 0, 5, 1661.17
1775301945, 3261, 333, 400, 0, 0, 0.54%, 1, 0, 5, 1565.58
1775301950, 3262, 57, 400, 0, 0, 0.54%, 1, 0, 5, 1467.02
1775301955, 3262, 86, 400, 0, 0, 0.54%, 1, 0, 5, 1604.99
1775301960, 3262, 239, 400, 0, 0, 0.54%, 1, 0, 5, 1684.42
1775301965, 3262, 312, 400, 0, 0, 0.54%, 1, 0, 5, 1689.08
1775301971, 3262, 389, 400, 0, 0, 0.54%, 1, 0, 5, 1390.78
1775301976, 3263, 57, 400, 0, 0, 0.54%, 1, 0, 5, 1926.64
1775301981, 3263, 93, 400, 0, 0, 0.54%, 1, 0, 5, 1711.47
1775301986, 3263, 146, 400, 0, 0, 0.54%, 1, 0, 5, 1675.34
1775301991, 3263, 312, 400, 0, 0, 0.54%, 1, 0, 5, 1707.93
1775301996, 3264, 42, 400, 0, 0, 0.54%, 1, 0, 5, 1635.17
1775302001, 3264, 86, 400, 0, 0, 0.54%, 1, 0, 5, 1710.50
1775302006, 3264, 158, 400, 0, 0, 0.54%, 1, 0, 5, 1730.77
1775302012, 3264, 326, 400, 0, 0, 0.54%, 1, 0, 5, 1654.49
1775302017, 3265, 73, 400, 0, 0, 0.54%, 1, 0, 5, 1650.80
1775302022, 3265, 95, 400, 0, 0, 0.54%, 1, 0, 5, 1617.83
1775302027, 3265, 222, 400, 0, 0, 0.54%, 1, 0, 5, 1728.25
1775302032, 3265, 373, 400, 0, 0, 0.54%, 1, 0, 5, 1574.60
1775302037, 3266, 88, 400, 0, 0, 0.54%, 1, 0, 5, 1675.94
1775302042, 3266, 129, 400, 0, 0, 0.54%, 1, 0, 5, 1648.57
1775302047, 3266, 275, 400, 0, 0, 0.54%, 1, 0, 5, 1429.81
1775302053, 3266, 365, 400, 0, 0, 0.54%, 1, 0, 5, 1399.34
1775302058, 3267, 70, 400, 0, 0, 0.54%, 1, 0, 5, 1623.53
1775302063, 3267, 93, 400, 0, 0, 0.54%, 1, 0, 5, 1713.32
1775302068, 3267, 117, 400, 0, 0, 0.54%, 1, 0, 5, 1690.73
1775302073, 3267, 235, 400, 0, 0, 0.54%, 1, 0, 5, 1703.98
1775302078, 3268, 22, 400, 0, 0, 0.54%, 1, 0, 5, 1693.26
1775302083, 3268, 82, 400, 0, 0, 0.54%, 1, 0, 5, 1604.69
1775302088, 3268, 158, 400, 0, 0, 0.54%, 1, 0, 5, 1594.00
1775302093, 3268, 311, 400, 0, 0, 0.54%, 1, 0, 5, 1617.29
1775302098, 3269, 73, 400, 0, 0, 0.54%, 1, 0, 5, 1602.50
1775302103, 3269, 131, 400, 0, 0, 0.54%, 1, 0, 5, 1900.27
1775302108, 3269, 210, 400, 0, 0, 0.54%, 1, 0, 5, 1738.42
1775302114, 3269, 345, 400, 0, 0, 0.54%, 1, 0, 5, 1500.37
1775302119, 3270, 57, 400, 0, 0, 0.54%, 1, 0, 5, 1534.47
1775302124, 3270, 91, 400, 0, 0, 0.54%, 1, 0, 5, 1706.36
1775302129, 3270, 171, 400, 0, 0, 0.54%, 1, 0, 5, 1611.81
1775302134, 3270, 237, 400, 0, 0, 0.54%, 1, 0, 5, 1526.66
1775302139, 3270, 323, 400, 0, 0, 0.54%, 1, 0, 5, 1602.93
1775302144, 3271, 48, 400, 0, 0, 0.54%, 1, 0, 5, 1549.26
1775302149, 3271, 88, 400, 0, 0, 0.54%, 1, 0, 5, 1657.37
1775302154, 3271, 237, 400, 0, 0, 0.54%, 1, 0, 5, 1618.09
1775302159, 3271, 352, 400, 0, 0, 0.54%, 1, 0, 5, 1518.03
1775302164, 3272, 57, 400, 0, 0, 0.54%, 1, 0, 5, 1572.60
1775302169, 3272, 84, 400, 0, 0, 0.54%, 1, 0, 5, 1610.87
1775302175, 3272, 106, 400, 0, 0, 0.54%, 1, 0, 5, 1571.38
1775302180, 3272, 248, 400, 0, 0, 0.54%, 1, 0, 5, 1568.21
1775302185, 3272, 333, 400, 0, 0, 0.54%, 1, 0, 5, 1512.97
1775302190, 3272, 398, 400, 0, 0, 0.54%, 1, 0, 5, 1443.94
1775302195, 3273, 40, 400, 0, 0, 0.54%, 1, 0, 5, 1581.20
1775302200, 3273, 86, 400, 0, 0, 0.54%, 1, 0, 5, 1641.65
1775302205, 3273, 159, 400, 0, 0, 0.54%, 1, 0, 5, 1649.08
1775302210, 3273, 277, 400, 0, 0, 0.54%, 1, 0, 5, 1696.08
1775302215, 3273, 386, 400, 0, 0, 0.54%, 1, 0, 5, 1567.29
1775302221, 3274, 86, 400, 0, 0, 0.54%, 1, 0, 5, 1646.24
1775302226, 3274, 176, 400, 0, 0, 0.54%, 1, 0, 5, 1647.11
1775302231, 3274, 282, 400, 0, 0, 0.54%, 1, 0, 5, 1650.96
1775302236, 3274, 333, 400, 0, 0, 0.54%, 1, 0, 5, 1512.81
1775302241, 3275, 86, 400, 0, 0, 0.54%, 1, 0, 5, 1491.99
1775302246, 3275, 158, 400, 0, 0, 0.54%, 1, 0, 5, 1592.13
1775302251, 3275, 271, 400, 0, 0, 0.54%, 1, 0, 5, 1618.20
1775302256, 3275, 333, 400, 0, 0, 0.54%, 1, 0, 5, 1574.12
1775302261, 3276, 51, 400, 0, 0, 0.54%, 1, 0, 5, 1501.22
1775302266, 3276, 93, 400, 0, 0, 0.54%, 1, 0, 5, 1672.10
1775302271, 3276, 166, 400, 0, 0, 0.54%, 1, 0, 5, 1669.25
1775302277, 3276, 220, 400, 0, 0, 0.54%, 1, 0, 5, 1535.19
1775302282, 3276, 312, 400, 0, 0, 0.54%, 1, 0, 5, 1566.33
1775302287, 3277, 5, 400, 0, 0, 0.54%, 1, 0, 5, 1583.48
1775302292, 3277, 73, 400, 0, 0, 0.54%, 1, 0, 5, 1664.80
1775302297, 3277, 106, 400, 0, 0, 0.54%, 1, 0, 5, 1698.90
1775302302, 3277, 231, 400, 0, 0, 0.54%, 1, 0, 5, 1625.88
1775302307, 3277, 317, 400, 0, 0, 0.54%, 1, 0, 5, 1617.04
1775302312, 3278, 57, 400, 0, 0, 0.54%, 1, 0, 5, 1490.30
1775302317, 3278, 96, 400, 0, 0, 0.54%, 1, 0, 5, 1434.31
1775302322, 3278, 265, 400, 0, 0, 0.54%, 1, 0, 5, 1646.34
1775302327, 3278, 388, 400, 0, 0, 0.54%, 1, 0, 5, 1498.06
1775302332, 3279, 60, 400, 0, 0, 0.54%, 1, 0, 5, 1658.65
1775302338, 3279, 93, 400, 0, 0, 0.54%, 1, 0, 5, 1638.51
1775302343, 3279, 160, 400, 0, 0, 0.54%, 1, 0, 5, 1653.03
1775302348, 3279, 272, 400, 0, 0, 0.54%, 1, 0, 5, 1546.67
1775302353, 3279, 341, 400, 0, 0, 0.54%, 1, 0, 5, 1578.21
1775302358, 3280, 57, 400, 0, 0, 0.54%, 1, 0, 5, 1574.38
1775302363, 3280, 106, 400, 0, 0, 0.54%, 1, 0, 5, 1653.23
1775302368, 3280, 208, 400, 0, 0, 0.54%, 1, 0, 5, 984.86
1775302374, 3280, 333, 400, 0, 0, 0.54%, 1, 0, 5, 1497.07
1775302379, 3281, 57, 400, 0, 0, 0.54%, 1, 0, 5, 1542.53
1775302384, 3281, 93, 400, 0, 0, 0.54%, 1, 0, 5, 1757.16
1775302389, 3281, 177, 400, 0, 0, 0.54%, 1, 0, 5, 1631.38
1775302394, 3281, 254, 400, 0, 0, 0.54%, 1, 0, 5, 1622.60
1775302399, 3281, 371, 400, 0, 0, 0.54%, 1, 0, 5, 1412.78
1775302404, 3282, 83, 400, 0, 0, 0.54%, 1, 0, 5, 1604.30
1775302409, 3282, 95, 400, 0, 0, 0.54%, 1, 0, 5, 1559.86
1775302415, 3282, 176, 400, 0, 0, 0.54%, 1, 0, 5, 1675.72
1775302420, 3282, 319, 400, 0, 0, 0.54%, 1, 0, 5, 1613.62
1775302425, 3283, 57, 400, 0, 0, 0.54%, 1, 0, 5, 1638.41
1775302430, 3283, 93, 400, 0, 0, 0.54%, 1, 0, 5, 1672.17
1775302435, 3283, 182, 400, 0, 0, 0.54%, 1, 0, 5, 1433.84
1775302440, 3283, 274, 400, 0, 0, 0.54%, 1, 0, 5, 1506.47
1775302445, 3283, 311, 400, 0, 0, 0.54%, 1, 0, 5, 1512.52
1775302450, 3283, 346, 400, 0, 0, 0.54%, 1, 0, 5, 1469.44
1775302455, 3284, 67, 400, 0, 0, 0.54%, 1, 0, 5, 1472.58
1775302460, 3284, 106, 400, 0, 0, 0.54%, 1, 0, 5, 1820.90
1775302465, 3284, 236, 400, 0, 0, 0.54%, 1, 0, 5, 1478.06
1775302470, 3284, 312, 400, 0, 0, 0.54%, 1, 0, 5, 1549.90
1775302476, 3285, 53, 400, 0, 0, 0.54%, 1, 0, 5, 1564.11
1775302481, 3285, 86, 400, 0, 0, 0.54%, 1, 0, 5, 1735.68
1775302486, 3285, 174, 400, 0, 0, 0.54%, 1, 0, 5, 1726.48
1775302491, 3285, 333, 400, 0, 0, 0.54%, 1, 0, 5, 1685.53
1775302496, 3286, 57, 400, 0, 0, 0.54%, 1, 0, 5, 1607.01
1775302501, 3286, 106, 400, 0, 0, 0.54%, 1, 0, 5, 1691.18
1775302506, 3286, 173, 400, 0, 0, 0.54%, 1, 0, 5, 1645.18
1775302511, 3286, 230, 400, 0, 0, 0.54%, 1, 0, 5, 1692.32
1775302516, 3286, 316, 400, 0, 0, 0.54%, 1, 0, 5, 1523.52
1775302521, 3287, 57, 400, 0, 0, 0.54%, 1, 0, 5, 1512.64
1775302526, 3287, 85, 400, 0, 0, 0.54%, 1, 0, 5, 1590.00
1775302531, 3287, 116, 400, 0, 0, 0.54%, 1, 0, 5, 1767.24
1775302537, 3287, 234, 400, 0, 0, 0.54%, 1, 0, 5, 1734.88
1775302542, 3287, 291, 400, 0, 0, 0.54%, 1, 0, 5, 1672.32
1775302547, 3288, 51, 400, 0, 0, 0.54%, 1, 0, 5, 1489.38
1775302552, 3288, 88, 400, 0, 0, 0.54%, 1, 0, 5, 1685.04
1775302557, 3288, 158, 400, 0, 0, 0.54%, 1, 0, 5, 1639.45
1775302562, 3288, 333, 400, 0, 0, 0.54%, 1, 0, 5, 1599.62
1775302567, 3289, 55, 400, 0, 0, 0.54%, 1, 0, 5, 1506.92
1775302572, 3289, 82, 400, 0, 0, 0.54%, 1, 0, 5, 1579.08
1775302577, 3289, 106, 400, 0, 0, 0.54%, 1, 0, 5, 1653.46
1775302583, 3289, 236, 400, 0, 0, 0.54%, 1, 0, 5, 1581.41
1775302588, 3289, 352, 400, 0, 0, 0.54%, 1, 0, 5, 1518.46
1775302593, 3290, 57, 400, 0, 0, 0.54%, 1, 0, 5, 1660.14
1775302598, 3290, 93, 400, 0, 0, 0.54%, 1, 0, 5, 1452.02
1775302603, 3290, 158, 400, 0, 0, 0.54%, 1, 0, 5, 1544.65
1775302608, 3290, 325, 400, 0, 0, 0.54%, 1, 0, 5, 1588.19
1775302613, 3291, 23, 400, 0, 0, 0.54%, 1, 0, 5, 1856.65
1775302618, 3291, 73, 400, 0, 0, 0.54%, 1, 0, 5, 1579.08
1775302624, 3291, 106, 400, 0, 0, 0.54%, 1, 0, 5, 1445.26
1775302629, 3291, 287, 400, 0, 0, 0.54%, 1, 0, 5, 1660.10
1775302634, 3291, 394, 400, 0, 0, 0.54%, 1, 0, 5, 1365.03
1775302639, 3291, 396, 400, 0, 0, 0.54%, 1, 0, 5, 1547.20
1775302644, 3292, 75, 400, 0, 0, 0.54%, 1, 0, 5, 1671.33
1775302649, 3292, 106, 400, 0, 0, 0.54%, 1, 0, 5, 1633.01
1775302654, 3292, 205, 400, 0, 0, 0.54%, 1, 0, 5, 1581.21
1775302659, 3292, 311, 400, 0, 0, 0.54%, 1, 0, 5, 1586.46
1775302664, 3293, 51, 400, 0, 0, 0.54%, 1, 0, 5, 1596.20
1775302669, 3293, 93, 400, 0, 0, 0.54%, 1, 0, 5, 1663.98
1775302674, 3293, 150, 400, 0, 0, 0.54%, 1, 0, 5, 1894.03
1775302679, 3293, 227, 400, 0, 0, 0.54%, 1, 0, 5, 1677.71
1775302684, 3293, 314, 400, 0, 0, 0.54%, 1, 0, 5, 1565.44
1775302690, 3294, 28, 400, 0, 0, 0.54%, 1, 0, 5, 1774.11
1775302695, 3294, 80, 400, 0, 0, 0.54%, 1, 0, 5, 1664.07
1775302700, 3294, 102, 400, 0, 0, 0.54%, 1, 0, 5, 1736.75
1775302705, 3294, 189, 400, 0, 0, 0.54%, 1, 0, 5, 1612.65
1775302710, 3294, 352, 400, 0, 0, 0.54%, 1, 0, 5, 1561.24
1775302715, 3295, 73, 400, 0, 0, 0.54%, 1, 0, 5, 1607.65
1775302720, 3295, 106, 400, 0, 0, 0.54%, 1, 0, 5, 1546.77
1775302725, 3295, 202, 400, 0, 0, 0.54%, 1, 0, 5, 1712.00
1775302730, 3295, 274, 400, 0, 0, 0.54%, 1, 0, 5, 1402.24
1775302735, 3295, 337, 400, 0, 0, 0.54%, 1, 0, 5, 1541.65
1775302740, 3296, 66, 400, 0, 0, 0.54%, 1, 0, 5, 1525.91
1775302746, 3296, 89, 400, 0, 0, 0.54%, 1, 0, 5, 1705.49
1775302751, 3296, 172, 400, 0, 0, 0.54%, 1, 0, 5, 1690.43
1775302756, 3296, 312, 400, 0, 0, 0.54%, 1, 0, 5, 1550.14
1775302761, 3297, 10, 400, 0, 0, 0.54%, 1, 0, 5, 1614.39
1775302766, 3297, 83, 400, 0, 0, 0.54%, 1, 0, 5, 1596.51
1775302771, 3297, 172, 400, 0, 0, 0.54%, 1, 0, 5, 1565.09
1775302776, 3297, 304, 400, 0, 0, 0.54%, 1, 0, 5, 1561.66
1775302781, 3298, 43, 400, 0, 0, 0.54%, 1, 0, 5, 1685.60
1775302786, 3298, 86, 400, 0, 0, 0.54%, 1, 0, 5, 1690.99
1775302791, 3298, 145, 400, 0, 0, 0.54%, 1, 0, 5, 1104.78
1775302797, 3298, 252, 400, 0, 0, 0.54%, 1, 0, 5, 1587.66
1775302802, 3298, 278, 400, 0, 0, 0.54%, 1, 0, 5, 1446.49
1775302807, 3298, 337, 400, 0, 0, 0.54%, 1, 0, 5, 1592.54
1775302812, 3299, 55, 400, 0, 0, 0.54%, 1, 0, 5, 1677.73
1775302817, 3299, 93, 400, 0, 0, 0.54%, 1, 0, 5, 1676.52
1775302822, 3299, 158, 400, 0, 0, 0.54%, 1, 0, 5, 1590.82
1775302827, 3299, 311, 400, 0, 0, 0.54%, 1, 0, 5, 1692.09
1775302832, 3300, 5, 400, 0, 0, 0.54%, 1, 0, 5, 1452.83
1775302837, 3300, 83, 400, 0, 0, 0.54%, 1, 0, 5, 1630.39
1775302842, 3300, 143, 400, 0, 0, 0.54%, 1, 0, 5, 1542.72
1775302847, 3300, 250, 400, 0, 0, 0.54%, 1, 0, 5, 1592.69
1775302852, 3301, 5, 400, 0, 0, 0.54%, 1, 0, 5, 1620.59
1775302858, 3301, 86, 400, 0, 0, 0.54%, 1, 0, 5, 1748.59
1775302863, 3301, 144, 400, 0, 0, 0.54%, 1, 0, 5, 1803.17
1775302868, 3301, 235, 400, 0, 0, 0.54%, 1, 0, 5, 1568.92
1775302873, 3301, 312, 400, 0, 0, 0.54%, 1, 0, 5, 1655.04
1775302878, 3302, 29, 400, 0, 0, 0.54%, 1, 0, 5, 1629.17
1775302883, 3302, 86, 400, 0, 0, 0.54%, 1, 0, 5, 1868.04
1775302888, 3302, 156, 400, 0, 0, 0.54%, 1, 0, 5, 1755.21
1775302893, 3302, 217, 400, 0, 0, 0.54%, 1, 0, 5, 1714.47
1775302898, 3302, 312, 400, 0, 0, 0.54%, 1, 0, 5, 1571.43
1775302903, 3302, 395, 400, 0, 0, 0.54%, 1, 0, 5, 1725.19
1775302909, 3303, 57, 400, 0, 0, 0.54%, 1, 0, 5, 1546.78
1775302914, 3303, 86, 400, 0, 0, 0.54%, 1, 0, 5, 1661.42
1775302919, 3303, 128, 400, 0, 0, 0.54%, 1, 0, 5, 1680.85
1775302924, 3303, 287, 400, 0, 0, 0.54%, 1, 0, 5, 1665.62
1775302929, 3303, 361, 400, 0, 0, 0.54%, 1, 0, 5, 1541.80
1775302934, 3304, 73, 400, 0, 0, 0.54%, 1, 0, 5, 1693.50
1775302939, 3304, 108, 400, 0, 0, 0.54%, 1, 0, 5, 1743.41
1775302944, 3304, 158, 400, 0, 0, 0.54%, 1, 0, 5, 1631.35
1775302949, 3304, 271, 400, 0, 0, 0.54%, 1, 0, 5, 1767.55
1775302954, 3305, 13, 400, 0, 0, 0.54%, 1, 0, 5, 1644.75
1775302959, 3305, 61, 400, 0, 0, 0.54%, 1, 0, 5, 1629.84
1775302964, 3305, 97, 400, 0, 0, 0.54%, 1, 0, 5, 1679.38
1775302969, 3305, 250, 400, 0, 0, 0.54%, 1, 0, 5, 1603.42
1775302975, 3305, 311, 400, 0, 0, 0.54%, 1, 0, 5, 1510.94
1775302980, 3305, 393, 400, 0, 0, 0.54%, 1, 0, 5, 1456.13
1775302985, 3306, 51, 400, 0, 0, 0.54%, 1, 0, 5, 1522.16
1775302990, 3306, 92, 400, 0, 0, 0.54%, 1, 0, 5, 1654.81
1775302995, 3306, 158, 400, 0, 0, 0.54%, 1, 0, 5, 1713.16
1775303000, 3306, 287, 400, 0, 0, 0.54%, 1, 0, 5, 1761.19
1775303005, 3306, 396, 400, 0, 0, 0.54%, 1, 0, 5, 1600.00
1775303010, 3307, 51, 400, 0, 0, 0.54%, 1, 0, 5, 1724.61
1775303016, 3307, 88, 400, 0, 0, 0.54%, 1, 0, 5, 1654.50
1775303021, 3307, 158, 400, 0, 0, 0.54%, 1, 0, 5, 1625.62
1775303026, 3307, 243, 400, 0, 0, 0.54%, 1, 0, 5, 1579.38
1775303031, 3307, 380, 400, 0, 0, 0.54%, 1, 0, 5, 1439.46
1775303036, 3308, 78, 400, 0, 0, 0.54%, 1, 0, 5, 1562.74
1775303041, 3308, 117, 400, 0, 0, 0.54%, 1, 0, 5, 1584.69
1775303047, 3308, 217, 400, 0, 0, 0.54%, 1, 0, 5, 1687.38
1775303052, 3308, 304, 400, 0, 0, 0.54%, 1, 0, 5, 1657.37
1775303057, 3309, 51, 400, 0, 0, 0.54%, 1, 0, 5, 1627.10
1775303062, 3309, 88, 400, 0, 0, 0.54%, 1, 0, 5, 1639.42
1775303067, 3309, 231, 400, 0, 0, 0.54%, 1, 0, 5, 1643.66
1775303072, 3309, 304, 400, 0, 0, 0.54%, 1, 0, 5, 1697.73
1775303077, 3310, 28, 400, 0, 0, 0.54%, 1, 0, 5, 1674.75
1775303082, 3310, 86, 400, 0, 0, 0.54%, 1, 0, 5, 1660.47
1775303087, 3310, 106, 400, 0, 0, 0.54%, 1, 0, 5, 1630.59
1775303092, 3310, 287, 400, 0, 0, 0.54%, 1, 0, 5, 1580.77
1775303097, 3311, 18, 400, 0, 0, 0.54%, 1, 0, 5, 1604.32
1775303103, 3311, 88, 400, 0, 0, 0.54%, 1, 0, 5, 1700.29
1775303108, 3311, 139, 400, 0, 0, 0.54%, 1, 0, 5, 1608.01
1775303113, 3311, 304, 400, 0, 0, 0.54%, 1, 0, 5, 1649.69
1775303118, 3311, 399, 400, 0, 0, 0.54%, 1, 0, 5, 1455.75
1775303123, 3312, 57, 400, 0, 0, 0.54%, 1, 0, 5, 1701.85
1775303128, 3312, 93, 400, 0, 0, 0.54%, 1, 0, 5, 1617.81
1775303133, 3312, 237, 400, 0, 0, 0.54%, 1, 0, 5, 1687.13
1775303138, 3312, 333, 400, 0, 0, 0.54%, 1, 0, 5, 1499.45
1775303144, 3313, 55, 400, 0, 0, 0.54%, 1, 0, 5, 1410.51
1775303149, 3313, 68, 400, 0, 0, 0.54%, 1, 0, 5, 1530.71
1775303154, 3313, 93, 400, 0, 0, 0.54%, 1, 0, 5, 1714.47
1775303159, 3313, 152, 400, 0, 0, 0.54%, 1, 0, 5, 1656.78
1775303164, 3313, 283, 400, 0, 0, 0.54%, 1, 0, 5, 1733.21
1775303169, 3313, 337, 400, 0, 0, 0.54%, 1, 0, 5, 1500.26
1775303174, 3314, 57, 400, 0, 0, 0.54%, 1, 0, 5, 1557.69
1775303180, 3314, 93, 400, 0, 0, 0.54%, 1, 0, 5, 1750.70
1775303185, 3314, 225, 400, 0, 0, 0.54%, 1, 0, 5, 1732.28
1775303190, 3314, 317, 400, 0, 0, 0.54%, 1, 0, 5, 1554.52
1775303195, 3314, 393, 400, 0, 0, 0.54%, 1, 0, 5, 1564.99
1775303200, 3315, 61, 400, 0, 0, 0.54%, 1, 0, 5, 1616.97
1775303205, 3315, 88, 400, 0, 0, 0.54%, 1, 0, 5, 1678.88
1775303210, 3315, 158, 400, 0, 0, 0.54%, 1, 0, 5, 1551.95
1775303215, 3315, 311, 400, 0, 0, 0.54%, 1, 0, 5, 1629.20
1775303221, 3316, 65, 400, 0, 0, 0.54%, 1, 0, 5, 1696.22
1775303226, 3316, 89, 400, 0, 0, 0.54%, 1, 0, 5, 1666.39
1775303231, 3316, 158, 400, 0, 0, 0.54%, 1, 0, 5, 1719.77
1775303236, 3316, 304, 400, 0, 0, 0.54%, 1, 0, 5, 1694.68
1775303241, 3317, 73, 400, 0, 0, 0.54%, 1, 0, 5, 1663.62
1775303246, 3317, 140, 400, 0, 0, 0.54%, 1, 0, 5, 1730.36
1775303251, 3317, 274, 400, 0, 0, 0.54%, 1, 0, 5, 1585.26
1775303256, 3317, 312, 400, 0, 0, 0.54%, 1, 0, 5, 1104.00
1775303261, 3318, 73, 400, 0, 0, 0.54%, 1, 0, 5, 1536.58
1775303266, 3318, 158, 400, 0, 0, 0.54%, 1, 0, 5, 1715.79
1775303272, 3318, 234, 400, 0, 0, 0.54%, 1, 0, 5, 1644.96
1775303277, 3318, 343, 400, 0, 0, 0.54%, 1, 0, 5, 1661.20
1775303282, 3319, 51, 400, 0, 0, 0.54%, 1, 0, 5, 1642.76
1775303287, 3319, 88, 400, 0, 0, 0.54%, 1, 0, 5, 1759.24
1775303292, 3319, 158, 400, 0, 0, 0.54%, 1, 0, 5, 1563.71
1775303297, 3319, 311, 400, 0, 0, 0.54%, 1, 0, 5, 1548.60
1775303302, 3319, 399, 400, 0, 0, 0.54%, 1, 0, 5, 1466.12
1775303307, 3320, 76, 400, 0, 0, 0.54%, 1, 0, 5, 1692.63
1775303312, 3320, 106, 400, 0, 0, 0.54%, 1, 0, 5, 1672.82
1775303317, 3320, 291, 400, 0, 0, 0.54%, 1, 0, 5, 1644.27
1775303323, 3321, 51, 400, 0, 0, 0.54%, 1, 0, 5, 1524.18
1775303328, 3321, 95, 400, 0, 0, 0.54%, 1, 0, 5, 1786.99
1775303333, 3321, 146, 400, 0, 0, 0.54%, 1, 0, 5, 1714.72
1775303338, 3321, 276, 400, 0, 0, 0.54%, 1, 0, 5, 1786.36
1775303343, 3321, 375, 400, 0, 0, 0.54%, 1, 0, 5, 1658.49
1775303348, 3322, 86, 400, 0, 0, 0.54%, 1, 0, 5, 1610.52
1775303353, 3322, 106, 400, 0, 0, 0.54%, 1, 0, 5, 1704.56
1775303358, 3322, 179, 400, 0, 0, 0.54%, 1, 0, 5, 1823.85
1775303363, 3322, 274, 400, 0, 0, 0.54%, 1, 0, 5, 1782.87
1775303368, 3322, 337, 400, 0, 0, 0.54%, 1, 0, 5, 1741.72
1775303374, 3323, 83, 400, 0, 0, 0.54%, 1, 0, 5, 1781.28
1775303379, 3323, 147, 400, 0, 0, 0.54%, 1, 0, 5, 1833.51
1775303384, 3323, 333, 400, 0, 0, 0.54%, 1, 0, 5, 1712.00
1775303389, 3324, 74, 400, 0, 0, 0.54%, 1, 0, 5, 1676.12
1775303394, 3324, 128, 400, 0, 0, 0.54%, 1, 0, 5, 1714.59
1775303399, 3324, 190, 400, 0, 0, 0.54%, 1, 0, 5, 1768.42
1775303404, 3324, 287, 400, 0, 0, 0.54%, 1, 0, 5, 1710.65
1775303409, 3325, 57, 400, 0, 0, 0.54%, 1, 0, 5, 1636.81
1775303414, 3325, 88, 400, 0, 0, 0.54%, 1, 0, 5, 1793.60
1775303419, 3325, 158, 400, 0, 0, 0.54%, 1, 0, 5, 1703.77
1775303425, 3325, 220, 400, 0, 0, 0.54%, 1, 0, 5, 1454.54
1775303430, 3325, 302, 400, 0, 0, 0.54%, 1, 0, 5, 1558.70
1775303435, 3326, 21, 400, 0, 0, 0.54%, 1, 0, 5, 1509.75
1775303440, 3326, 86, 400, 0, 0, 0.54%, 1, 0, 5, 1677.50
1775303445, 3326, 158, 400, 0, 0, 0.54%, 1, 0, 5, 1759.40
1775303450, 3326, 271, 400, 0, 0, 0.54%, 1, 0, 5, 1743.66
1775303455, 3326, 333, 400, 0, 0, 0.54%, 1, 0, 5, 1608.88
1775303460, 3327, 83, 400, 0, 0, 0.54%, 1, 0, 5, 1784.74
1775303465, 3327, 106, 400, 0, 0, 0.54%, 1, 0, 5, 1796.08
1775303471, 3327, 166, 400, 0, 0, 0.54%, 1, 0, 5, 1590.93
1775303476, 3327, 316, 400, 0, 0, 0.54%, 1, 0, 5, 1690.85
1775303481, 3328, 67, 400, 0, 0, 0.54%, 1, 0, 5, 1678.92
1775303486, 3328, 93, 400, 0, 0, 0.54%, 1, 0, 5, 1558.25
1775303491, 3328, 274, 400, 0, 0, 0.54%, 1, 0, 5, 1778.02
1775303496, 3329, 5, 400, 0, 0, 0.54%, 1, 0, 5, 1784.83
1775303501, 3329, 88, 400, 0, 0, 0.54%, 1, 0, 5, 1914.52
1775303506, 3329, 158, 400, 0, 0, 0.54%, 1, 0, 5, 2038.82
1775303511, 3329, 333, 400, 0, 0, 0.54%, 1, 0, 5, 1698.38
1775303516, 3330, 53, 400, 0, 0, 0.54%, 1, 0, 5, 1800.77
1775303522, 3330, 93, 400, 0, 0, 0.54%, 1, 0, 5, 2006.95
1775303527, 3330, 287, 400, 0, 0, 0.54%, 1, 0, 5, 1807.74
1775303532, 3330, 388, 400, 0, 0, 0.54%, 1, 0, 5, 1701.99
1775303537, 3331, 83, 400, 0, 0, 0.54%, 1, 0, 5, 1912.06
1775303542, 3331, 149, 400, 0, 0, 0.54%, 1, 0, 5, 1974.21
1775303547, 3331, 310, 400, 0, 0, 0.54%, 1, 0, 5, 1861.84
1775303552, 3332, 73, 400, 0, 0, 0.54%, 1, 0, 5, 1876.26
1775303557, 3332, 114, 400, 0, 0, 0.54%, 1, 0, 5, 2108.81
